Dataset: F-dataset
fold: 0
Epoch		Time		AUC		AUPR		Accuracy		Precision		Recall		F1-score		Mcc
1		4.01		0.79568		0.79459		0.56848		0.96552		0.14433		0.25112		0.26425
AUC improved at epoch  1 ;	best_auc: 0.7956839912397842
2		5.58		0.78965		0.78435		0.69767		0.78519		0.54639		0.64438		0.41558
3		7.08		0.78895		0.77901		0.70543		0.72472		0.66495		0.69355		0.41239
4		8.55		0.7858		0.78259		0.70543		0.71053		0.69588		0.70312		0.41097
5		9.93		0.78524		0.79099		0.70026		0.71196		0.67526		0.69312		0.40113
6		11.38		0.78423		0.79387		0.70026		0.71196		0.67526		0.69312		0.40113
7		13.2		0.78505		0.79933		0.69251		0.69036		0.70103		0.69565		0.38503
8		14.52		0.78767		0.80226		0.70026		0.6875		0.73711		0.71144		0.40145
9		15.8		0.79114		0.80581		0.69767		0.6878		0.7268		0.70677		0.3959
10		17.27		0.79777		0.81114		0.70284		0.69268		0.73196		0.71178		0.40625
AUC improved at epoch  10 ;	best_auc: 0.7977672132898885
11		18.77		0.80249		0.8166		0.71835		0.69406		0.78351		0.73608		0.44019
AUC improved at epoch  11 ;	best_auc: 0.8024945248651247
12		20.47		0.81371		0.82337		0.7261		0.70755		0.7732		0.73892		0.45403
AUC improved at epoch  12 ;	best_auc: 0.8137118743656857
13		22.03		0.82744		0.82867		0.73643		0.73469		0.74227		0.73846		0.47288
AUC improved at epoch  13 ;	best_auc: 0.827439773516372
14		23.48		0.84699		0.84346		0.76486		0.73953		0.81959		0.77751		0.53273
AUC improved at epoch  14 ;	best_auc: 0.8469900112173495
15		25.28		0.86269		0.85423		0.79587		0.76256		0.86082		0.80872		0.5966
AUC improved at epoch  15 ;	best_auc: 0.8626943005181348
16		27.14		0.86483		0.85737		0.79587		0.75556		0.87629		0.81146		0.59931
AUC improved at epoch  16 ;	best_auc: 0.8648309385182416
17		28.85		0.86651		0.85669		0.79587		0.76744		0.85052		0.80685		0.59513
AUC improved at epoch  17 ;	best_auc: 0.8665135409433258
18		30.33		0.86958		0.85932		0.78295		0.74336		0.86598		0.8		0.57361
AUC improved at epoch  18 ;	best_auc: 0.8695849580684792
19		31.72		0.86635		0.85672		0.80103		0.77725		0.84536		0.80988		0.60431
20		33.0		0.86777		0.85851		0.78553		0.73418		0.89691		0.80742		0.58547
21		34.21		0.86347		0.85651		0.7907		0.75336		0.86598		0.80576		0.58788
22		35.33		0.86366		0.85601		0.7907		0.77033		0.8299		0.79901		0.58306
23		37.3		0.86641		0.85689		0.78811		0.73729		0.89691		0.8093		0.59007
24		39.27		0.86932		0.8582		0.78811		0.73932		0.89175		0.80841		0.58873
25		40.59		0.87033		0.85734		0.79587		0.78607		0.81443		0.8		0.59208
AUC improved at epoch  25 ;	best_auc: 0.8703327813685167
26		41.81		0.87279		0.85897		0.8062		0.77934		0.85567		0.81572		0.61528
AUC improved at epoch  26 ;	best_auc: 0.8727899150686395
27		43.02		0.87551		0.86106		0.79328		0.7375		0.91237		0.81567		0.60363
AUC improved at epoch  27 ;	best_auc: 0.8755141285187756
28		44.37		0.87485		0.86241		0.78553		0.7382		0.8866		0.80562		0.58281
29		45.68		0.87364		0.8617		0.79845		0.79		0.81443		0.80203		0.59715
30		47.05		0.87511		0.86359		0.79328		0.75		0.88144		0.81043		0.59565
31		49.19		0.87557		0.8652		0.7907		0.73251		0.91753		0.81465		0.60072
AUC improved at epoch  31 ;	best_auc: 0.8755675444687784
32		51.03		0.87736		0.86647		0.79587		0.7533		0.88144		0.81235		0.60035
AUC improved at epoch  32 ;	best_auc: 0.8773569787938679
33		53.3		0.87904		0.86706		0.79845		0.77885		0.83505		0.80597		0.59839
AUC improved at epoch  33 ;	best_auc: 0.879039581218952
34		54.48		0.8823		0.86915		0.80103		0.76233		0.87629		0.81535		0.60879
AUC improved at epoch  34 ;	best_auc: 0.8822979541691149
35		55.66		0.8839		0.86985		0.80362		0.75652		0.89691		0.82075		0.61784
AUC improved at epoch  35 ;	best_auc: 0.8839004326691949
36		56.9		0.88569		0.87206		0.79587		0.75556		0.87629		0.81146		0.59931
AUC improved at epoch  36 ;	best_auc: 0.8856898669942845
37		58.24		0.88534		0.8722		0.80362		0.78095		0.84536		0.81188		0.60924
38		59.41		0.88596		0.87572		0.80103		0.76471		0.87113		0.81446		0.60787
AUC improved at epoch  38 ;	best_auc: 0.8859569467442978
39		60.61		0.88521		0.87773		0.79845		0.75439		0.8866		0.81517		0.60615
40		61.78		0.8858		0.87969		0.79845		0.75664		0.88144		0.81429		0.60506
41		63.92		0.88703		0.88047		0.8062		0.77169		0.87113		0.8184		0.61745
AUC improved at epoch  41 ;	best_auc: 0.8870252657443514
42		65.72		0.89076		0.88339		0.80103		0.76471		0.87113		0.81446		0.60787
AUC improved at epoch  42 ;	best_auc: 0.8907643822445382
43		67.28		0.89319		0.88413		0.80362		0.76577		0.87629		0.81731		0.61355
AUC improved at epoch  43 ;	best_auc: 0.8931948079696598
44		68.56		0.89536		0.88465		0.8062		0.77419		0.86598		0.81752		0.61666
AUC improved at epoch  44 ;	best_auc: 0.8953581539447679
45		69.74		0.89629		0.88563		0.81654		0.8		0.84536		0.82206		0.63404
AUC improved at epoch  45 ;	best_auc: 0.8962929330698146
46		71.15		0.89608		0.88801		0.8062		0.77169		0.87113		0.8184		0.61745
47		72.45		0.89517		0.8887		0.80879		0.77027		0.88144		0.82212		0.624
48		73.68		0.89587		0.88875		0.81395		0.79327		0.85052		0.8209		0.62949
49		74.87		0.89958		0.89061		0.81395		0.77232		0.89175		0.82775		0.63545
AUC improved at epoch  49 ;	best_auc: 0.8995780139949789
50		76.29		0.90102		0.89072		0.82171		0.81407		0.83505		0.82443		0.6436
AUC improved at epoch  50 ;	best_auc: 0.901020244645051
51		77.94		0.90204		0.89136		0.82687		0.79535		0.88144		0.83619		0.65753
AUC improved at epoch  51 ;	best_auc: 0.9020351476951017
52		79.55		0.90059		0.89022		0.81654		0.77828		0.8866		0.82892		0.6392
53		80.83		0.9015		0.89178		0.82429		0.79717		0.87113		0.83251		0.65132
54		82.2		0.90313		0.88994		0.82687		0.80383		0.86598		0.83375		0.65565
AUC improved at epoch  54 ;	best_auc: 0.9031301746701565
55		84.06		0.90575		0.89235		0.83204		0.8		0.8866		0.84108		0.66793
AUC improved at epoch  55 ;	best_auc: 0.9057475562202874
56		85.48		0.90262		0.89226		0.82171		0.79621		0.86598		0.82963		0.64583
57		86.77		0.90417		0.89374		0.81912		0.79524		0.86082		0.82673		0.64036
58		88.25		0.90834		0.89474		0.82429		0.79717		0.87113		0.83251		0.65132
AUC improved at epoch  58 ;	best_auc: 0.9083382297954169
59		89.68		0.90842		0.89809		0.83463		0.83854		0.8299		0.8342		0.66929
AUC improved at epoch  59 ;	best_auc: 0.9084183537204209
60		91.08		0.90802		0.89496		0.79328		0.72441		0.94845		0.82143		0.61667
61		92.41		0.90941		0.90131		0.81654		0.86391		0.75258		0.80441		0.63854
AUC improved at epoch  61 ;	best_auc: 0.9094065487954703
62		93.89		0.91002		0.89945		0.84496		0.82524		0.87629		0.85		0.6912
AUC improved at epoch  62 ;	best_auc: 0.910020832220501
63		95.4		0.90759		0.89377		0.82946		0.76891		0.9433		0.84722		0.67645
64		96.91		0.90901		0.89882		0.83204		0.8342		0.8299		0.83204		0.66409
65		98.24		0.91205		0.9043		0.83463		0.86932		0.78866		0.82703		0.67224
AUC improved at epoch  65 ;	best_auc: 0.9120506383206025
66		99.72		0.91643		0.90602		0.84755		0.80822		0.91237		0.85714		0.70086
AUC improved at epoch  66 ;	best_auc: 0.9164307462208215
67		101.16		0.91883		0.90792		0.84238		0.79556		0.92268		0.85442		0.69359
AUC improved at epoch  67 ;	best_auc: 0.9188344639709417
68		102.56		0.92014		0.91091		0.84755		0.84615		0.85052		0.84833		0.69509
AUC improved at epoch  68 ;	best_auc: 0.9201431547460073
69		104.4		0.91883		0.91033		0.84496		0.85638		0.8299		0.84293		0.69028
70		106.17		0.91921		0.90976		0.85271		0.80995		0.92268		0.86265		0.71229
71		107.93		0.92321		0.915		0.86047		0.84314		0.8866		0.86432		0.72186
AUC improved at epoch  71 ;	best_auc: 0.9232145718711607
72		109.25		0.92527		0.91703		0.86047		0.85354		0.87113		0.86224		0.72107
AUC improved at epoch  72 ;	best_auc: 0.9252710859462636
73		110.69		0.92682		0.91778		0.86822		0.84211		0.90722		0.87345		0.7386
AUC improved at epoch  73 ;	best_auc: 0.926820148496341
74		112.05		0.92682		0.91868		0.86563		0.855		0.88144		0.86802		0.73159
AUC improved at epoch  74 ;	best_auc: 0.9268201484963411
75		113.4		0.92535		0.91947		0.8553		0.82243		0.90722		0.86275		0.71434
76		114.78		0.93144		0.92449		0.86563		0.88587		0.84021		0.86243		0.73228
AUC improved at epoch  76 ;	best_auc: 0.931440628171572
77		116.41		0.93368		0.92532		0.86563		0.8287		0.92268		0.87317		0.73596
AUC improved at epoch  77 ;	best_auc: 0.9336840980716842
78		118.12		0.93542		0.92906		0.86305		0.8439		0.89175		0.86717		0.72723
AUC improved at epoch  78 ;	best_auc: 0.935420116446771
79		120.36		0.93579		0.92991		0.8708		0.86		0.8866		0.8731		0.74194
AUC improved at epoch  79 ;	best_auc: 0.9357940280967897
80		121.58		0.93635		0.93034		0.85788		0.83254		0.89691		0.86352		0.71786
AUC improved at epoch  80 ;	best_auc: 0.9363548955718177
81		122.84		0.93812		0.93293		0.87339		0.8877		0.85567		0.87139		0.74728
AUC improved at epoch  81 ;	best_auc: 0.938117621921906
82		124.13		0.94092		0.93571		0.8708		0.85294		0.89691		0.87437		0.74256
AUC improved at epoch  82 ;	best_auc: 0.9409219592970461
83		125.28		0.94309		0.93694		0.87597		0.88421		0.86598		0.875		0.75211
AUC improved at epoch  83 ;	best_auc: 0.9430853052721543
84		126.48		0.94418		0.93851		0.88114		0.87		0.89691		0.88325		0.76262
AUC improved at epoch  84 ;	best_auc: 0.9441803322472091
85		127.63		0.94263		0.93869		0.87597		0.88421		0.86598		0.875		0.75211
86		128.93		0.94394		0.93909		0.88372		0.8599		0.91753		0.88778		0.76914
87		130.22		0.94685		0.94219		0.87855		0.8973		0.85567		0.87599		0.75795
AUC improved at epoch  87 ;	best_auc: 0.9468511297473425
88		132.09		0.94744		0.94152		0.86563		0.8087		0.95876		0.87736		0.74414
AUC improved at epoch  88 ;	best_auc: 0.9474387051973719
89		133.4		0.94474		0.94097		0.86047		0.92169		0.78866		0.85		0.7287
90		134.92		0.94389		0.94003		0.86563		0.83491		0.91237		0.87192		0.73439
91		136.44		0.94231		0.93696		0.8863		0.84091		0.95361		0.89372		0.7796
92		138.55		0.94437		0.93752		0.86822		0.89503		0.83505		0.864		0.73815
93		140.48		0.94835		0.9439		0.88889		0.89119		0.8866		0.88889		0.77779
AUC improved at epoch  93 ;	best_auc: 0.9483467763474174
94		141.85		0.94658		0.94238		0.87597		0.865		0.89175		0.87817		0.75228
95		143.35		0.94739		0.94246		0.87855		0.87692		0.88144		0.87918		0.75711
96		144.6		0.94795		0.94325		0.88372		0.8984		0.86598		0.88189		0.76796
97		145.76		0.9484		0.94445		0.88372		0.89005		0.87629		0.88312		0.76754
AUC improved at epoch  97 ;	best_auc: 0.94840019229742
98		147.01		0.94816		0.94361		0.87855		0.86207		0.90206		0.88161		0.7579
99		148.33		0.95128		0.94642		0.88372		0.84651		0.93814		0.88998		0.77194
AUC improved at epoch  99 ;	best_auc: 0.9512846535975643
100		150.11		0.95345		0.94832		0.89922		0.88557		0.91753		0.90127		0.79895
AUC improved at epoch  100 ;	best_auc: 0.9534479995726725
101		151.77		0.95195		0.94738		0.87855		0.87692		0.88144		0.87918		0.75711
102		153.84		0.94968		0.94527		0.87597		0.87629		0.87629		0.87629		0.75194
103		155.3		0.95339		0.94923		0.88889		0.87192		0.91237		0.89169		0.77859
104		156.6		0.95534		0.95047		0.89406		0.88442		0.90722		0.89567		0.78836
AUC improved at epoch  104 ;	best_auc: 0.9553442657977673
105		157.99		0.95409		0.94899		0.90439		0.89055		0.92268		0.90633		0.8093
106		159.28		0.95281		0.94907		0.88372		0.87817		0.89175		0.88491		0.76752
107		160.64		0.9527		0.94917		0.89406		0.88442		0.90722		0.89567		0.78836
108		161.9		0.95481		0.95066		0.89922		0.87805		0.92784		0.90226		0.79971
109		163.37		0.95558		0.95143		0.89406		0.88442		0.90722		0.89567		0.78836
AUC improved at epoch  109 ;	best_auc: 0.9555846375727792
110		164.86		0.9531		0.94927		0.89922		0.86385		0.94845		0.90418		0.80228
111		166.53		0.95299		0.94963		0.8863		0.89474		0.87629		0.88542		0.77279
112		167.93		0.95307		0.94908		0.88889		0.84163		0.95876		0.89639		0.78539
113		169.34		0.95347		0.94951		0.89147		0.88384		0.90206		0.89286		0.7831
114		170.73		0.95532		0.95128		0.89664		0.87379		0.92784		0.9		0.79478
115		172.11		0.95599		0.95207		0.89664		0.86667		0.93814		0.90099		0.79596
AUC improved at epoch  115 ;	best_auc: 0.9559852571977993
116		173.79		0.95743		0.95355		0.89922		0.88945		0.91237		0.90076		0.7987
AUC improved at epoch  116 ;	best_auc: 0.9574274878478714
117		175.1		0.95767		0.95392		0.89406		0.86957		0.92784		0.89776		0.78986
AUC improved at epoch  117 ;	best_auc: 0.9576678596228834
118		176.51		0.95569		0.95284		0.89664		0.88119		0.91753		0.89899		0.79394
119		177.78		0.957		0.95471		0.90439		0.89055		0.92268		0.90633		0.8093
120		179.39		0.9586		0.95605		0.89922		0.86385		0.94845		0.90418		0.80228
AUC improved at epoch  120 ;	best_auc: 0.9586026387479302
121		180.93		0.95719		0.95494		0.89922		0.87805		0.92784		0.90226		0.79971
122		182.22		0.95719		0.95413		0.89406		0.86957		0.92784		0.89776		0.78986
123		183.7		0.95617		0.95251		0.89664		0.86667		0.93814		0.90099		0.79596
124		185.06		0.95687		0.95301		0.89406		0.90052		0.8866		0.89351		0.78822
125		186.63		0.95932		0.95532		0.89147		0.84545		0.95876		0.89855		0.79004
AUC improved at epoch  125 ;	best_auc: 0.9593237540729662
126		188.11		0.9593		0.95599		0.89664		0.86667		0.93814		0.90099		0.79596
127		189.61		0.95799		0.95543		0.90181		0.90206		0.90206		0.90206		0.80362
128		190.94		0.95721		0.95428		0.8863		0.85714		0.92784		0.89109		0.77522
129		192.53		0.96018		0.9572		0.89406		0.86603		0.93299		0.89826		0.79045
AUC improved at epoch  129 ;	best_auc: 0.9601784092730089
130		194.03		0.95959		0.95688		0.8863		0.85377		0.93299		0.89163		0.77592
131		195.61		0.95919		0.95651		0.89922		0.87081		0.93814		0.90323		0.80082
132		197.02		0.95898		0.95665		0.89922		0.88557		0.91753		0.90127		0.79895
133		198.32		0.95932		0.95701		0.90181		0.87864		0.93299		0.905		0.80514
134		199.86		0.9594		0.95718		0.8863		0.85377		0.93299		0.89163		0.77592
135		201.43		0.9581		0.95606		0.88889		0.86473		0.92268		0.89277		0.7795
136		202.78		0.95732		0.95568		0.88372		0.87065		0.90206		0.88608		0.76792
137		204.14		0.96002		0.95797		0.89922		0.87081		0.93814		0.90323		0.80082
138		205.69		0.9601		0.95846		0.90181		0.89		0.91753		0.90355		0.80399
139		207.16		0.96159		0.95969		0.89147		0.85514		0.9433		0.89706		0.7871
AUC improved at epoch  139 ;	best_auc: 0.9615939319480797
140		208.71		0.95898		0.95674		0.89664		0.86321		0.9433		0.90148		0.79669
141		210.13		0.95882		0.95638		0.90181		0.88614		0.92268		0.90404		0.80428
142		211.53		0.96033		0.95718		0.89664		0.85981		0.94845		0.90196		0.7975
143		213.05		0.96157		0.95903		0.89406		0.86256		0.93814		0.89877		0.79112
144		214.47		0.96165		0.96054		0.89922		0.87805		0.92784		0.90226		0.79971
AUC improved at epoch  144 ;	best_auc: 0.9616473478980824
145		215.78		0.95864		0.95774		0.88372		0.84651		0.93814		0.88998		0.77194
146		217.67		0.96069		0.95961		0.89147		0.86538		0.92784		0.89552		0.78496
147		219.35		0.96126		0.95946		0.90439		0.88293		0.93299		0.90727		0.81007
148		220.58		0.96129		0.95903		0.89147		0.84862		0.95361		0.89806		0.78897
149		221.8		0.95915		0.95629		0.89406		0.85581		0.94845		0.89976		0.79274
150		223.04		0.95592		0.95335		0.90698		0.90306		0.91237		0.90769		0.81399
151		224.46		0.95756		0.95466		0.89406		0.86603		0.93299		0.89826		0.79045
152		226.24		0.95465		0.95201		0.86822		0.82949		0.92784		0.87591		0.74161
153		227.84		0.95404		0.95238		0.89147		0.87624		0.91237		0.89394		0.78359
154		229.21		0.95298		0.95191		0.89147		0.87255		0.91753		0.89447		0.78396
155		230.57		0.95211		0.9509		0.8708		0.83333		0.92784		0.87805		0.74637
156		232.28		0.95717		0.95588		0.88889		0.85446		0.93814		0.89435		0.7815
157		233.83		0.96022		0.95841		0.89406		0.87317		0.92268		0.89724		0.78936
158		235.47		0.96149		0.96031		0.89147		0.87255		0.91753		0.89447		0.78396
159		236.76		0.9578		0.95739		0.8863		0.87129		0.90722		0.88889		0.77325
160		238.12		0.95753		0.95727		0.88889		0.87192		0.91237		0.89169		0.77859
161		239.49		0.96049		0.95909		0.90181		0.88235		0.92784		0.90452		0.80467
162		241.49		0.96213		0.95999		0.89922		0.87805		0.92784		0.90226		0.79971
AUC improved at epoch  162 ;	best_auc: 0.9621280914481063
163		242.92		0.96269		0.96035		0.89922		0.8673		0.9433		0.9037		0.8015
AUC improved at epoch  163 ;	best_auc: 0.9626889589231344
164		244.38		0.96229		0.96057		0.89664		0.87019		0.93299		0.9005		0.79533
165		245.71		0.959		0.95835		0.89922		0.88945		0.91237		0.90076		0.7987
166		246.91		0.9599		0.9597		0.89664		0.88889		0.90722		0.89796		0.79344
167		248.51		0.96272		0.96158		0.89664		0.86667		0.93814		0.90099		0.79596
AUC improved at epoch  167 ;	best_auc: 0.9627156668981358
168		250.28		0.96227		0.96061		0.89922		0.87081		0.93814		0.90323		0.80082
169		252.05		0.96126		0.95954		0.89664		0.87379		0.92784		0.9		0.79478
170		253.75		0.95948		0.95756		0.88889		0.86829		0.91753		0.89223		0.779
171		255.79		0.95855		0.9569		0.89147		0.87255		0.91753		0.89447		0.78396
172		257.2		0.95943		0.95852		0.89922		0.8934		0.90722		0.90026		0.79854
173		258.72		0.9615		0.96088		0.90698		0.89109		0.92784		0.90909		0.81463
174		259.95		0.96254		0.96118		0.90439		0.87923		0.93814		0.90773		0.81058
175		261.2		0.96171		0.9595		0.90698		0.86916		0.95876		0.91176		0.81829
176		262.44		0.96141		0.95899		0.90698		0.87619		0.94845		0.91089		0.81671
177		263.8		0.96087		0.95883		0.90956		0.8878		0.93814		0.91228		0.82042
178		265.77		0.96014		0.95895		0.90956		0.89163		0.93299		0.91184		0.81999
179		266.96		0.96093		0.95961		0.90439		0.88293		0.93299		0.90727		0.81007
180		268.96		0.96186		0.96062		0.90181		0.88235		0.92784		0.90452		0.80467
181		270.32		0.96227		0.96119		0.89664		0.87379		0.92784		0.9		0.79478
182		271.75		0.96274		0.96164		0.89406		0.86603		0.93299		0.89826		0.79045
AUC improved at epoch  182 ;	best_auc: 0.9627423748731372
183		273.01		0.96313		0.96193		0.89664		0.87019		0.93299		0.9005		0.79533
AUC improved at epoch  183 ;	best_auc: 0.9631296405106565
184		274.6		0.96341		0.96236		0.90956		0.8878		0.93814		0.91228		0.82042
AUC improved at epoch  184 ;	best_auc: 0.9634100742481706
185		276.18		0.96282		0.96204		0.90698		0.88725		0.93299		0.90955		0.81502
186		278.02		0.96249		0.96209		0.90181		0.88235		0.92784		0.90452		0.80467
187		280.05		0.96344		0.96319		0.90181		0.87864		0.93299		0.905		0.80514
AUC improved at epoch  187 ;	best_auc: 0.9634367822231718
188		281.26		0.96353		0.96353		0.90439		0.87923		0.93814		0.90773		0.81058
AUC improved at epoch  188 ;	best_auc: 0.9635302601356766
189		282.92		0.96336		0.96311		0.90439		0.87204		0.94845		0.90864		0.81188
190		284.95		0.96325		0.963		0.90439		0.8756		0.9433		0.90819		0.81119
191		286.81		0.96298		0.96229		0.90181		0.87143		0.9433		0.90594		0.80634
192		288.14		0.96195		0.96083		0.89147		0.86538		0.92784		0.89552		0.78496
193		289.3		0.96086		0.95975		0.89922		0.88557		0.91753		0.90127		0.79895
194		290.45		0.96006		0.95885		0.90439		0.88293		0.93299		0.90727		0.81007
195		291.74		0.96021		0.95888		0.90181		0.87864		0.93299		0.905		0.80514
196		293.53		0.95979		0.95836		0.90181		0.87864		0.93299		0.905		0.80514
197		295.06		0.95984		0.95814		0.90439		0.87923		0.93814		0.90773		0.81058
198		296.83		0.96046		0.9582		0.90439		0.8756		0.9433		0.90819		0.81119
199		298.48		0.96082		0.95813		0.89922		0.8744		0.93299		0.90274		0.80022
200		299.76		0.96114		0.95862		0.89664		0.87379		0.92784		0.9		0.79478
201		301.12		0.96131		0.95887		0.89664		0.87745		0.92268		0.8995		0.79431
202		302.38		0.96137		0.95909		0.89406		0.87685		0.91753		0.89673		0.78894
203		303.5		0.96186		0.96011		0.89406		0.87317		0.92268		0.89724		0.78936
204		304.86		0.96103		0.95927		0.88889		0.87192		0.91237		0.89169		0.77859
205		306.42		0.96035		0.95854		0.89147		0.87624		0.91237		0.89394		0.78359
206		308.18		0.95994		0.95801		0.89147		0.87624		0.91237		0.89394		0.78359
207		309.64		0.96043		0.95845		0.89664		0.87745		0.92268		0.8995		0.79431
208		311.7		0.96127		0.95884		0.89664		0.87379		0.92784		0.9		0.79478
209		313.05		0.96193		0.95955		0.89147		0.86538		0.92784		0.89552		0.78496
210		314.41		0.96182		0.9594		0.8863		0.85714		0.92784		0.89109		0.77522
211		315.92		0.96134		0.95914		0.89147		0.86538		0.92784		0.89552		0.78496
212		317.64		0.96165		0.96018		0.89922		0.87805		0.92784		0.90226		0.79971
213		319.22		0.96217		0.96113		0.90181		0.88235		0.92784		0.90452		0.80467
214		320.56		0.96227		0.96171		0.89922		0.88177		0.92268		0.90176		0.79929
215		322.23		0.96256		0.96239		0.89922		0.88177		0.92268		0.90176		0.79929
216		324.53		0.963		0.96278		0.90439		0.8867		0.92784		0.9068		0.80964
217		326.3		0.96352		0.9634		0.90439		0.88293		0.93299		0.90727		0.81007
218		327.44		0.96376		0.96327		0.90956		0.88406		0.9433		0.91272		0.82094
AUC improved at epoch  218 ;	best_auc: 0.9637572779231879
219		328.69		0.96414		0.96336		0.90956		0.88406		0.9433		0.91272		0.82094
AUC improved at epoch  219 ;	best_auc: 0.9641445435607072
220		329.98		0.96429		0.96353		0.90956		0.8878		0.93814		0.91228		0.82042
AUC improved at epoch  220 ;	best_auc: 0.9642914374232145
221		331.61		0.96372		0.96275		0.90956		0.8878		0.93814		0.91228		0.82042
222		333.17		0.96334		0.96254		0.90439		0.87923		0.93814		0.90773		0.81058
223		334.76		0.96179		0.96129		0.89406		0.86957		0.92784		0.89776		0.78986
224		336.32		0.95979		0.95893		0.89406		0.86603		0.93299		0.89826		0.79045
225		337.51		0.95852		0.95783		0.88889		0.86829		0.91753		0.89223		0.779
226		339.28		0.9588		0.95775		0.89147		0.87255		0.91753		0.89447		0.78396
227		341.28		0.9607		0.95925		0.89406		0.87685		0.91753		0.89673		0.78894
228		343.45		0.96199		0.95999		0.89922		0.88177		0.92268		0.90176		0.79929
229		344.73		0.96248		0.95995		0.89922		0.87805		0.92784		0.90226		0.79971
230		346.27		0.96356		0.96071		0.90439		0.8756		0.9433		0.90819		0.81119
231		347.51		0.96353		0.961		0.89922		0.87081		0.93814		0.90323		0.80082
232		349.08		0.96205		0.95954		0.90181		0.875		0.93814		0.90547		0.80569
233		350.78		0.96107		0.95878		0.90181		0.87864		0.93299		0.905		0.80514
234		352.05		0.96021		0.95845		0.90181		0.87864		0.93299		0.905		0.80514
235		353.37		0.95979		0.95806		0.89922		0.8744		0.93299		0.90274		0.80022
236		354.87		0.96117		0.96034		0.89664		0.87019		0.93299		0.9005		0.79533
237		356.46		0.96205		0.96101		0.90181		0.87143		0.9433		0.90594		0.80634
238		358.42		0.96232		0.96128		0.89922		0.8673		0.9433		0.9037		0.8015
239		360.07		0.96182		0.96017		0.90439		0.8756		0.9433		0.90819		0.81119
240		361.47		0.96155		0.95994		0.89406		0.87685		0.91753		0.89673		0.78894
241		362.66		0.96163		0.96011		0.89664		0.88119		0.91753		0.89899		0.79394
242		363.88		0.96166		0.96024		0.89664		0.88119		0.91753		0.89899		0.79394
243		365.33		0.96182		0.96081		0.90439		0.8867		0.92784		0.9068		0.80964
244		366.54		0.96173		0.96081		0.90181		0.88614		0.92268		0.90404		0.80428
245		367.74		0.96193		0.96081		0.90181		0.88614		0.92268		0.90404		0.80428
246		368.94		0.96202		0.96109		0.90439		0.8867		0.92784		0.9068		0.80964
247		370.46		0.96234		0.96095		0.90698		0.88725		0.93299		0.90955		0.81502
248		372.16		0.9621		0.96038		0.90439		0.88293		0.93299		0.90727		0.81007
249		373.7		0.96155		0.95976		0.90439		0.88293		0.93299		0.90727		0.81007
250		375.16		0.96111		0.95911		0.90698		0.89109		0.92784		0.90909		0.81463
251		376.94		0.96081		0.9589		0.90439		0.89055		0.92268		0.90633		0.8093
252		378.57		0.96035		0.95841		0.90181		0.89		0.91753		0.90355		0.80399
253		379.97		0.96011		0.95846		0.89922		0.88177		0.92268		0.90176		0.79929
254		381.22		0.96008		0.95844		0.89922		0.88177		0.92268		0.90176		0.79929
255		382.49		0.96043		0.95875		0.90181		0.875		0.93814		0.90547		0.80569
256		384.53		0.96033		0.95799		0.90439		0.8756		0.9433		0.90819		0.81119
257		386.07		0.9609		0.95944		0.90439		0.8756		0.9433		0.90819		0.81119
258		387.38		0.96111		0.96018		0.90698		0.87981		0.9433		0.91045		0.81606
259		388.67		0.96102		0.96044		0.90956		0.88406		0.9433		0.91272		0.82094
260		390.22		0.96134		0.96012		0.90698		0.88725		0.93299		0.90955		0.81502
261		391.92		0.96149		0.96016		0.90698		0.87981		0.9433		0.91045		0.81606
262		393.2		0.96183		0.95992		0.90439		0.87923		0.93814		0.90773		0.81058
263		394.49		0.96127		0.9589		0.89922		0.87805		0.92784		0.90226		0.79971
264		396.16		0.9615		0.9591		0.89922		0.8744		0.93299		0.90274		0.80022
265		397.65		0.96087		0.9583		0.89664		0.87019		0.93299		0.9005		0.79533
266		399.34		0.96008		0.95744		0.89922		0.8673		0.9433		0.9037		0.8015
267		401.07		0.95943		0.95744		0.90698		0.88725		0.93299		0.90955		0.81502
268		402.69		0.95911		0.95754		0.90698		0.88725		0.93299		0.90955		0.81502
269		404.1		0.95886		0.95751		0.89664		0.87745		0.92268		0.8995		0.79431
270		405.28		0.95922		0.95828		0.88889		0.86473		0.92268		0.89277		0.7795
271		406.54		0.95959		0.95888		0.8863		0.86408		0.91753		0.89		0.77406
272		407.78		0.95972		0.95887		0.89664		0.87745		0.92268		0.8995		0.79431
273		409.8		0.95967		0.95897		0.90181		0.88614		0.92268		0.90404		0.80428
274		411.21		0.9592		0.95877		0.89922		0.88557		0.91753		0.90127		0.79895
275		412.64		0.95826		0.95799		0.89664		0.88119		0.91753		0.89899		0.79394
276		413.93		0.9584		0.95828		0.89147		0.87255		0.91753		0.89447		0.78396
277		415.59		0.95855		0.95822		0.89664		0.86667		0.93814		0.90099		0.79596
278		417.27		0.9593		0.95838		0.89406		0.86603		0.93299		0.89826		0.79045
279		419.16		0.96031		0.95895		0.89406		0.86957		0.92784		0.89776		0.78986
280		420.74		0.96071		0.95949		0.89664		0.88119		0.91753		0.89899		0.79394
281		422.04		0.96057		0.95958		0.89664		0.885		0.91237		0.89848		0.79365
282		423.98		0.96166		0.96028		0.89664		0.87745		0.92268		0.8995		0.79431
283		425.41		0.96178		0.9606		0.89147		0.8619		0.93299		0.89604		0.78559
284		426.7		0.96058		0.95881		0.89147		0.8619		0.93299		0.89604		0.78559
285		427.91		0.9598		0.95857		0.89147		0.86893		0.92268		0.895		0.78442
286		429.29		0.95931		0.95828		0.89922		0.88177		0.92268		0.90176		0.79929
287		430.72		0.95991		0.95886		0.89922		0.88177		0.92268		0.90176		0.79929
288		432.06		0.96219		0.96071		0.90181		0.88614		0.92268		0.90404		0.80428
289		434.0		0.96272		0.96025		0.89406		0.87317		0.92268		0.89724		0.78936
290		435.28		0.96227		0.95923		0.89147		0.86538		0.92784		0.89552		0.78496
291		436.66		0.96241		0.96003		0.8863		0.86058		0.92268		0.89055		0.7746
292		438.73		0.96129		0.95859		0.89147		0.86893		0.92268		0.895		0.78442
293		439.94		0.96073		0.958		0.89664		0.885		0.91237		0.89848		0.79365
294		441.21		0.95955		0.95778		0.90698		0.89109		0.92784		0.90909		0.81463
295		442.46		0.95823		0.95638		0.91214		0.89604		0.93299		0.91414		0.82497
296		443.94		0.95795		0.95588		0.90956		0.89163		0.93299		0.91184		0.81999
297		445.16		0.95843		0.95569		0.90439		0.87923		0.93814		0.90773		0.81058
298		446.71		0.95934		0.95616		0.89922		0.8673		0.9433		0.9037		0.8015
299		448.41		0.95934		0.95576		0.89406		0.86256		0.93814		0.89877		0.79112
300		449.83		0.95962		0.95664		0.90181		0.87864		0.93299		0.905		0.80514
301		451.37		0.95922		0.9563		0.89922		0.88177		0.92268		0.90176		0.79929
302		452.9		0.95924		0.95595		0.89664		0.87745		0.92268		0.8995		0.79431
303		454.69		0.95959		0.95679		0.89147		0.86893		0.92268		0.895		0.78442
304		456.3		0.95987		0.95717		0.88889		0.86124		0.92784		0.8933		0.78008
305		457.9		0.95908		0.95353		0.8863		0.85714		0.92784		0.89109		0.77522
306		459.48		0.95964		0.9572		0.89406		0.86957		0.92784		0.89776		0.78986
307		461.38		0.95916		0.95656		0.89147		0.86538		0.92784		0.89552		0.78496
308		463.29		0.95883		0.95619		0.8863		0.86058		0.92268		0.89055		0.7746
309		464.88		0.95872		0.95564		0.88889		0.86473		0.92268		0.89277		0.7795
310		466.24		0.9597		0.95643		0.89664		0.86321		0.9433		0.90148		0.79669
311		468.07		0.96089		0.95764		0.89922		0.8673		0.9433		0.9037		0.8015
312		469.59		0.96109		0.95767		0.90181		0.875		0.93814		0.90547		0.80569
313		470.89		0.96097		0.95787		0.90181		0.87864		0.93299		0.905		0.80514
314		472.14		0.96086		0.95789		0.89664		0.87019		0.93299		0.9005		0.79533
315		473.35		0.96035		0.95738		0.89922		0.8744		0.93299		0.90274		0.80022
316		474.66		0.95982		0.95739		0.89664		0.87019		0.93299		0.9005		0.79533
317		476.61		0.95983		0.95789		0.89406		0.86957		0.92784		0.89776		0.78986
318		478.05		0.95983		0.9582		0.89406		0.86957		0.92784		0.89776		0.78986
319		479.25		0.95967		0.95818		0.89406		0.86957		0.92784		0.89776		0.78986
320		480.5		0.95994		0.95812		0.89147		0.87255		0.91753		0.89447		0.78396
321		482.23		0.95986		0.95779		0.89147		0.87255		0.91753		0.89447		0.78396
322		484.08		0.95996		0.95757		0.8863		0.86765		0.91237		0.88945		0.77361
323		485.45		0.95974		0.95715		0.8863		0.86765		0.91237		0.88945		0.77361
324		486.81		0.95978		0.95655		0.88889		0.87192		0.91237		0.89169		0.77859
325		488.5		0.96057		0.95782		0.88889		0.87192		0.91237		0.89169		0.77859
326		490.59		0.96102		0.95867		0.89406		0.86957		0.92784		0.89776		0.78986
327		492.27		0.96183		0.95992		0.89664		0.86667		0.93814		0.90099		0.79596
328		493.6		0.9627		0.96104		0.89147		0.85514		0.9433		0.89706		0.7871
329		494.95		0.9628		0.961		0.89664		0.85981		0.94845		0.90196		0.7975
330		496.68		0.96234		0.96013		0.90439		0.8756		0.9433		0.90819		0.81119
331		498.22		0.96171		0.95935		0.90439		0.87923		0.93814		0.90773		0.81058
332		499.44		0.96147		0.95928		0.90956		0.89163		0.93299		0.91184		0.81999
333		500.7		0.96089		0.95828		0.91214		0.89604		0.93299		0.91414		0.82497
334		502.02		0.96083		0.95811		0.91214		0.89216		0.93814		0.91457		0.82537
335		503.46		0.96169		0.95922		0.90181		0.87143		0.9433		0.90594		0.80634
336		505.34		0.96171		0.95933		0.89922		0.86385		0.94845		0.90418		0.80228
337		506.87		0.96098		0.95876		0.90181		0.87143		0.9433		0.90594		0.80634
338		508.05		0.96033		0.95874		0.90698		0.8835		0.93814		0.91		0.81549
339		510.11		0.96019		0.95812		0.90698		0.87981		0.9433		0.91045		0.81606
340		511.44		0.96026		0.95794		0.89922		0.87081		0.93814		0.90323		0.80082
341		512.71		0.96014		0.95817		0.89922		0.8744		0.93299		0.90274		0.80022
342		514.35		0.96066		0.95915		0.89922		0.87805		0.92784		0.90226		0.79971
343		516.24		0.96134		0.96015		0.90439		0.8867		0.92784		0.9068		0.80964
344		517.93		0.96229		0.96102		0.89406		0.86603		0.93299		0.89826		0.79045
345		519.64		0.96301		0.96142		0.89147		0.8619		0.93299		0.89604		0.78559
346		521.57		0.96302		0.96085		0.8863		0.85377		0.93299		0.89163		0.77592
347		523.38		0.96282		0.96081		0.89147		0.8619		0.93299		0.89604		0.78559
348		525.22		0.96334		0.96187		0.90181		0.875		0.93814		0.90547		0.80569
349		526.39		0.96321		0.96214		0.89922		0.87805		0.92784		0.90226		0.79971
350		527.53		0.96332		0.96254		0.90181		0.87864		0.93299		0.905		0.80514
351		528.77		0.9625		0.95921		0.90439		0.8756		0.9433		0.90819		0.81119
352		530.09		0.96312		0.9614		0.90439		0.8756		0.9433		0.90819		0.81119
353		531.33		0.96289		0.96064		0.90181		0.87143		0.9433		0.90594		0.80634
354		532.64		0.96257		0.95931		0.89922		0.8673		0.9433		0.9037		0.8015
355		534.31		0.96266		0.95958		0.90181		0.875		0.93814		0.90547		0.80569
356		535.98		0.96297		0.95965		0.89922		0.87081		0.93814		0.90323		0.80082
357		537.67		0.96312		0.96063		0.89922		0.87081		0.93814		0.90323		0.80082
358		538.89		0.96246		0.9596		0.89664		0.86667		0.93814		0.90099		0.79596
359		540.15		0.96167		0.95955		0.89147		0.8619		0.93299		0.89604		0.78559
360		541.35		0.96078		0.95908		0.89406		0.87317		0.92268		0.89724		0.78936
361		542.67		0.95988		0.95855		0.8863		0.86408		0.91753		0.89		0.77406
362		544.12		0.95914		0.9577		0.8863		0.86408		0.91753		0.89		0.77406
363		545.46		0.95899		0.95738		0.88372		0.867		0.90722		0.88665		0.76824
364		546.64		0.95942		0.95704		0.88372		0.867		0.90722		0.88665		0.76824
365		548.41		0.95976		0.95695		0.8863		0.87129		0.90722		0.88889		0.77325
366		549.98		0.95982		0.9566		0.89406		0.87685		0.91753		0.89673		0.78894
367		551.27		0.9605		0.95766		0.89406		0.86957		0.92784		0.89776		0.78986
368		552.99		0.96031		0.95462		0.89406		0.86603		0.93299		0.89826		0.79045
369		554.6		0.96094		0.95586		0.89406		0.86603		0.93299		0.89826		0.79045
370		556.14		0.96125		0.95688		0.89664		0.86321		0.9433		0.90148		0.79669
371		557.34		0.96031		0.95616		0.90181		0.86792		0.94845		0.9064		0.80707
372		558.58		0.96063		0.95843		0.90439		0.87204		0.94845		0.90864		0.81188
373		559.89		0.96026		0.95667		0.89664		0.87019		0.93299		0.9005		0.79533
374		561.24		0.96002		0.9567		0.89406		0.86957		0.92784		0.89776		0.78986
375		562.6		0.9599		0.95637		0.89922		0.87805		0.92784		0.90226		0.79971
376		564.88		0.96011		0.95624		0.90181		0.88614		0.92268		0.90404		0.80428
377		566.66		0.96046		0.95746		0.90181		0.87864		0.93299		0.905		0.80514
378		568.01		0.96081		0.95819		0.90698		0.87981		0.9433		0.91045		0.81606
379		569.28		0.96155		0.95918		0.90439		0.8756		0.9433		0.90819		0.81119
380		570.45		0.9615		0.95921		0.89922		0.87081		0.93814		0.90323		0.80082
381		571.64		0.96145		0.9592		0.90439		0.87923		0.93814		0.90773		0.81058
382		572.83		0.96149		0.95982		0.90181		0.875		0.93814		0.90547		0.80569
383		574.14		0.96122		0.95936		0.89922		0.87081		0.93814		0.90323		0.80082
384		575.25		0.96038		0.95834		0.90181		0.875		0.93814		0.90547		0.80569
385		576.56		0.96019		0.95753		0.90439		0.87923		0.93814		0.90773		0.81058
386		578.18		0.95991		0.9564		0.90698		0.8835		0.93814		0.91		0.81549
387		579.7		0.96053		0.95703		0.90698		0.88725		0.93299		0.90955		0.81502
388		581.27		0.96107		0.9574		0.90439		0.88293		0.93299		0.90727		0.81007
389		582.97		0.96137		0.95793		0.90181		0.87864		0.93299		0.905		0.80514
390		584.73		0.96189		0.95883		0.90181		0.875		0.93814		0.90547		0.80569
391		586.02		0.96141		0.9589		0.88889		0.85782		0.93299		0.89383		0.78075
392		587.2		0.96066		0.95572		0.89664		0.86667		0.93814		0.90099		0.79596
393		588.38		0.96035		0.95551		0.89147		0.8619		0.93299		0.89604		0.78559
394		589.56		0.96007		0.9551		0.89406		0.87317		0.92268		0.89724		0.78936
395		590.67		0.95986		0.95459		0.90181		0.88614		0.92268		0.90404		0.80428
396		591.97		0.96011		0.95494		0.89922		0.88177		0.92268		0.90176		0.79929
397		593.1		0.96071		0.95564		0.90181		0.87864		0.93299		0.905		0.80514
398		594.44		0.96141		0.95654		0.90181		0.87143		0.9433		0.90594		0.80634
399		596.06		0.96197		0.95708		0.90698		0.87981		0.9433		0.91045		0.81606
400		597.76		0.96225		0.95721		0.90439		0.87923		0.93814		0.90773		0.81058
401		599.02		0.96301		0.95994		0.90439		0.87923		0.93814		0.90773		0.81058
402		600.18		0.96281		0.95991		0.90181		0.875		0.93814		0.90547		0.80569
403		601.34		0.9627		0.95993		0.89664		0.86321		0.9433		0.90148		0.79669
404		602.62		0.96007		0.95427		0.90181		0.87143		0.9433		0.90594		0.80634
405		603.94		0.95908		0.9533		0.89922		0.87081		0.93814		0.90323		0.80082
406		605.41		0.95888		0.95425		0.89922		0.87081		0.93814		0.90323		0.80082
407		606.64		0.96022		0.9556		0.90439		0.87204		0.94845		0.90864		0.81188
408		607.87		0.96109		0.95678		0.90956		0.88038		0.94845		0.91315		0.82156
409		609.2		0.96227		0.9573		0.90698		0.87619		0.94845		0.91089		0.81671
410		611.09		0.96155		0.95582		0.89664		0.87019		0.93299		0.9005		0.79533
411		613.27		0.96154		0.95585		0.89664		0.87745		0.92268		0.8995		0.79431
412		614.41		0.96137		0.95541		0.88889		0.87562		0.90722		0.89114		0.77827
413		615.58		0.96073		0.95507		0.88889		0.87192		0.91237		0.89169		0.77859
414		616.86		0.9607		0.95586		0.89406		0.86256		0.93814		0.89877		0.79112
415		618.1		0.96113		0.95655		0.88889		0.85446		0.93814		0.89435		0.7815
416		619.78		0.96161		0.95584		0.88889		0.85446		0.93814		0.89435		0.7815
417		621.49		0.96178		0.95551		0.90181		0.875		0.93814		0.90547		0.80569
418		622.86		0.96163		0.95556		0.91214		0.89604		0.93299		0.91414		0.82497
419		624.45		0.96107		0.95485		0.9199		0.90955		0.93299		0.92112		0.84006
420		626.02		0.96119		0.95502		0.91731		0.90099		0.93814		0.91919		0.83532
421		627.53		0.9613		0.95502		0.90698		0.8835		0.93814		0.91		0.81549
422		628.72		0.96149		0.95549		0.89922		0.87081		0.93814		0.90323		0.80082
423		630.09		0.96111		0.95455		0.89406		0.86256		0.93814		0.89877		0.79112
424		631.27		0.96099		0.9541		0.90181		0.875		0.93814		0.90547		0.80569
425		632.49		0.96105		0.95402		0.90439		0.88293		0.93299		0.90727		0.81007
426		633.7		0.96151		0.95735		0.90698		0.88725		0.93299		0.90955		0.81502
427		635.06		0.96129		0.95684		0.91214		0.9		0.92784		0.91371		0.82467
428		636.31		0.96143		0.95677		0.89922		0.88177		0.92268		0.90176		0.79929
429		637.59		0.9611		0.95648		0.88889		0.86124		0.92784		0.8933		0.78008
430		639.42		0.96177		0.95817		0.89147		0.8619		0.93299		0.89604		0.78559
431		641.1		0.96189		0.95882		0.89664		0.87019		0.93299		0.9005		0.79533
432		642.92		0.96046		0.95583		0.90181		0.87864		0.93299		0.905		0.80514
433		644.49		0.96007		0.95491		0.90181		0.88614		0.92268		0.90404		0.80428
434		645.79		0.9601		0.9545		0.90181		0.88235		0.92784		0.90452		0.80467
435		647.14		0.95987		0.95297		0.90439		0.8867		0.92784		0.9068		0.80964
436		648.58		0.95983		0.95215		0.89147		0.86893		0.92268		0.895		0.78442
437		649.8		0.95927		0.95107		0.89406		0.86957		0.92784		0.89776		0.78986
438		651.12		0.95971		0.95267		0.90181		0.88235		0.92784		0.90452		0.80467
439		652.46		0.96031		0.95653		0.90181		0.88235		0.92784		0.90452		0.80467
440		654.46		0.96059		0.95735		0.89922		0.88177		0.92268		0.90176		0.79929
441		655.72		0.96051		0.95734		0.89664		0.87019		0.93299		0.9005		0.79533
442		656.93		0.96069		0.95693		0.89406		0.86256		0.93814		0.89877		0.79112
443		658.07		0.96074		0.95727		0.89147		0.85849		0.93814		0.89655		0.7863
444		659.26		0.96054		0.95647		0.90181		0.875		0.93814		0.90547		0.80569
445		660.56		0.96018		0.95589		0.90181		0.87864		0.93299		0.905		0.80514
446		661.77		0.96039		0.9563		0.90181		0.87864		0.93299		0.905		0.80514
447		662.89		0.96025		0.95625		0.89664		0.87379		0.92784		0.9		0.79478
448		664.05		0.95943		0.95257		0.89664		0.86321		0.9433		0.90148		0.79669
449		665.54		0.9611		0.95707		0.89147		0.85849		0.93814		0.89655		0.7863
450		667.13		0.96098		0.95701		0.88889		0.85446		0.93814		0.89435		0.7815
451		668.77		0.96186		0.95835		0.89147		0.85849		0.93814		0.89655		0.7863
452		670.18		0.96154		0.958		0.89147		0.86538		0.92784		0.89552		0.78496
453		671.6		0.96139		0.95782		0.89147		0.87255		0.91753		0.89447		0.78396
454		672.88		0.96133		0.95769		0.89406		0.86957		0.92784		0.89776		0.78986
455		674.35		0.96139		0.95769		0.89406		0.86603		0.93299		0.89826		0.79045
456		676.32		0.9609		0.95764		0.89922		0.87805		0.92784		0.90226		0.79971
457		678.28		0.96085		0.9552		0.89922		0.87805		0.92784		0.90226		0.79971
458		679.65		0.96117		0.95518		0.89664		0.87379		0.92784		0.9		0.79478
459		680.8		0.96137		0.95567		0.90439		0.87923		0.93814		0.90773		0.81058
460		681.94		0.96129		0.9548		0.90698		0.87981		0.9433		0.91045		0.81606
461		683.25		0.96225		0.95761		0.90181		0.875		0.93814		0.90547		0.80569
462		684.42		0.96198		0.95632		0.89664		0.86667		0.93814		0.90099		0.79596
463		685.58		0.96127		0.95571		0.88889		0.85446		0.93814		0.89435		0.7815
464		687.22		0.9613		0.95732		0.89664		0.87019		0.93299		0.9005		0.79533
465		688.91		0.96133		0.95796		0.89406		0.86957		0.92784		0.89776		0.78986
466		690.43		0.96238		0.95919		0.89922		0.87805		0.92784		0.90226		0.79971
467		691.78		0.96229		0.95824		0.90181		0.88235		0.92784		0.90452		0.80467
468		692.93		0.96264		0.95802		0.90439		0.88293		0.93299		0.90727		0.81007
469		694.08		0.96218		0.95774		0.89406		0.86256		0.93814		0.89877		0.79112
470		695.47		0.96146		0.95634		0.89406		0.86256		0.93814		0.89877		0.79112
471		696.73		0.96186		0.95738		0.89406		0.86603		0.93299		0.89826		0.79045
472		697.86		0.96175		0.95785		0.90439		0.87923		0.93814		0.90773		0.81058
473		699.04		0.96189		0.95902		0.91473		0.89268		0.9433		0.91729		0.83078
474		700.32		0.96219		0.95907		0.90956		0.88406		0.9433		0.91272		0.82094
475		701.87		0.96219		0.95646		0.90181		0.87143		0.9433		0.90594		0.80634
476		703.36		0.96219		0.95585		0.89664		0.86321		0.9433		0.90148		0.79669
477		705.11		0.96214		0.95547		0.89406		0.86256		0.93814		0.89877		0.79112
478		706.62		0.96236		0.95571		0.90181		0.87864		0.93299		0.905		0.80514
479		708.1		0.96225		0.9556		0.90439		0.88293		0.93299		0.90727		0.81007
480		709.3		0.96237		0.95616		0.90956		0.89163		0.93299		0.91184		0.81999
481		710.56		0.96248		0.95663		0.90698		0.8835		0.93814		0.91		0.81549
482		711.88		0.96223		0.95626		0.90181		0.875		0.93814		0.90547		0.80569
483		713.06		0.96181		0.95641		0.89664		0.86667		0.93814		0.90099		0.79596
484		714.31		0.96107		0.95571		0.89406		0.86256		0.93814		0.89877		0.79112
485		715.62		0.96174		0.95824		0.89406		0.86256		0.93814		0.89877		0.79112
486		717.25		0.96118		0.95787		0.90698		0.8835		0.93814		0.91		0.81549
487		718.76		0.96113		0.95717		0.91473		0.9005		0.93299		0.91646		0.82998
488		720.04		0.96034		0.95314		0.91731		0.905		0.93299		0.91878		0.83501
489		721.19		0.96011		0.95271		0.90698		0.88725		0.93299		0.90955		0.81502
490		722.29		0.96054		0.95375		0.89922		0.8744		0.93299		0.90274		0.80022
491		723.48		0.96102		0.95447		0.89406		0.86256		0.93814		0.89877		0.79112
492		724.63		0.96063		0.95432		0.89664		0.86667		0.93814		0.90099		0.79596
493		725.93		0.96045		0.95398		0.89922		0.87081		0.93814		0.90323		0.80082
494		727.11		0.96022		0.95361		0.89922		0.8744		0.93299		0.90274		0.80022
495		728.39		0.9611		0.95684		0.88889		0.87192		0.91237		0.89169		0.77859
496		730.09		0.96085		0.95693		0.89664		0.88889		0.90722		0.89796		0.79344
497		731.85		0.96186		0.95843		0.89922		0.88557		0.91753		0.90127		0.79895
498		733.5		0.96165		0.95679		0.90181		0.87864		0.93299		0.905		0.80514
499		734.8		0.96195		0.95726		0.90439		0.8756		0.9433		0.90819		0.81119
500		736.5		0.96219		0.95754		0.90181		0.87143		0.9433		0.90594		0.80634
501		738.32		0.96167		0.95611		0.90698		0.87981		0.9433		0.91045		0.81606
502		740.28		0.96201		0.95827		0.90439		0.8867		0.92784		0.9068		0.80964
503		741.41		0.96201		0.95776		0.91214		0.89216		0.93814		0.91457		0.82537
504		742.57		0.9623		0.95762		0.90956		0.89163		0.93299		0.91184		0.81999
505		743.76		0.96173		0.9571		0.90698		0.89109		0.92784		0.90909		0.81463
506		745.21		0.96133		0.95626		0.89664		0.87019		0.93299		0.9005		0.79533
507		746.4		0.9611		0.95438		0.89406		0.86256		0.93814		0.89877		0.79112
508		747.52		0.96081		0.95491		0.89406		0.86256		0.93814		0.89877		0.79112
509		748.83		0.96109		0.95628		0.90181		0.875		0.93814		0.90547		0.80569
510		750.75		0.9615		0.95625		0.89406		0.87317		0.92268		0.89724		0.78936
511		752.06		0.9613		0.95547		0.89922		0.87805		0.92784		0.90226		0.79971
512		753.31		0.96107		0.95486		0.89922		0.8744		0.93299		0.90274		0.80022
513		754.47		0.96133		0.95805		0.88889		0.86473		0.92268		0.89277		0.7795
514		755.62		0.96115		0.95761		0.88889		0.86473		0.92268		0.89277		0.7795
515		756.96		0.96098		0.9549		0.89664		0.87019		0.93299		0.9005		0.79533
516		758.13		0.96053		0.9549		0.89406		0.86603		0.93299		0.89826		0.79045
517		759.26		0.95986		0.95371		0.89406		0.86957		0.92784		0.89776		0.78986
518		760.44		0.95947		0.95355		0.89664		0.87379		0.92784		0.9		0.79478
519		761.88		0.95988		0.95326		0.89922		0.88177		0.92268		0.90176		0.79929
520		763.22		0.96131		0.95698		0.89406		0.87317		0.92268		0.89724		0.78936
521		765.43		0.9623		0.95801		0.90181		0.88235		0.92784		0.90452		0.80467
522		767.37		0.96151		0.95427		0.89664		0.87379		0.92784		0.9		0.79478
523		768.7		0.96061		0.95346		0.89406		0.86603		0.93299		0.89826		0.79045
524		769.88		0.96081		0.95466		0.89147		0.86538		0.92784		0.89552		0.78496
525		771.06		0.96018		0.95508		0.89406		0.87317		0.92268		0.89724		0.78936
526		772.51		0.95982		0.95513		0.89664		0.87379		0.92784		0.9		0.79478
527		774.58		0.96041		0.95491		0.89664		0.87019		0.93299		0.9005		0.79533
528		775.75		0.96038		0.95315		0.89147		0.85849		0.93814		0.89655		0.7863
529		777.08		0.9597		0.95065		0.88889		0.85782		0.93299		0.89383		0.78075
530		778.48		0.95938		0.95033		0.89147		0.8619		0.93299		0.89604		0.78559
531		780.39		0.95926		0.95123		0.90439		0.88293		0.93299		0.90727		0.81007
532		781.92		0.95842		0.95255		0.90439		0.8867		0.92784		0.9068		0.80964
533		783.16		0.95777		0.95259		0.90181		0.87864		0.93299		0.905		0.80514
534		784.26		0.95882		0.95624		0.89922		0.87805		0.92784		0.90226		0.79971
535		785.49		0.95894		0.95528		0.89147		0.86538		0.92784		0.89552		0.78496
536		786.83		0.95908		0.95496		0.88114		0.85577		0.91753		0.88557		0.76423
537		788.08		0.95919		0.95481		0.8863		0.86408		0.91753		0.89		0.77406
538		789.61		0.95967		0.95537		0.8863		0.86765		0.91237		0.88945		0.77361
539		791.36		0.96029		0.95605		0.88889		0.87192		0.91237		0.89169		0.77859
540		793.62		0.96078		0.9565		0.8863		0.86765		0.91237		0.88945		0.77361
541		795.0		0.96063		0.95572		0.8863		0.86408		0.91753		0.89		0.77406
542		796.59		0.96057		0.95526		0.89147		0.86893		0.92268		0.895		0.78442
543		798.29		0.96057		0.95538		0.89922		0.88177		0.92268		0.90176		0.79929
544		799.82		0.95988		0.9551		0.90439		0.88293		0.93299		0.90727		0.81007
545		801.37		0.95959		0.95483		0.89664		0.87019		0.93299		0.9005		0.79533
546		802.65		0.95887		0.95421		0.88889		0.86473		0.92268		0.89277		0.7795
547		804.04		0.95894		0.9547		0.89406		0.86603		0.93299		0.89826		0.79045
548		805.29		0.9586		0.95426		0.88889		0.86124		0.92784		0.8933		0.78008
549		806.85		0.95919		0.95549		0.89664		0.87745		0.92268		0.8995		0.79431
550		808.52		0.96		0.95698		0.90439		0.88293		0.93299		0.90727		0.81007
551		810.1		0.96065		0.95855		0.90698		0.89109		0.92784		0.90909		0.81463
552		811.32		0.96121		0.95822		0.90439		0.88293		0.93299		0.90727		0.81007
553		812.47		0.96111		0.9573		0.89406		0.86603		0.93299		0.89826		0.79045
554		813.71		0.96113		0.95629		0.89406		0.86603		0.93299		0.89826		0.79045
555		814.89		0.96093		0.95544		0.90698		0.89109		0.92784		0.90909		0.81463
556		816.09		0.96091		0.95478		0.90439		0.89447		0.91753		0.90585		0.80904
557		817.27		0.96004		0.9538		0.89664		0.885		0.91237		0.89848		0.79365
558		818.62		0.95938		0.95336		0.88889		0.87192		0.91237		0.89169		0.77859
559		819.94		0.95838		0.95271		0.89664		0.87019		0.93299		0.9005		0.79533
560		821.31		0.95701		0.95165		0.89406		0.86603		0.93299		0.89826		0.79045
561		823.1		0.95619		0.95149		0.89664		0.87019		0.93299		0.9005		0.79533
562		824.26		0.95635		0.95278		0.89406		0.86957		0.92784		0.89776		0.78986
563		825.58		0.95717		0.95386		0.89147		0.86538		0.92784		0.89552		0.78496
564		827.56		0.95799		0.9545		0.88372		0.86341		0.91237		0.88722		0.76865
565		828.76		0.95832		0.9549		0.88889		0.86473		0.92268		0.89277		0.7795
566		829.99		0.95931		0.95662		0.90181		0.88614		0.92268		0.90404		0.80428
567		831.25		0.95948		0.95768		0.91214		0.89216		0.93814		0.91457		0.82537
568		832.37		0.9596		0.95852		0.90956		0.88406		0.9433		0.91272		0.82094
569		833.6		0.95931		0.95829		0.90698		0.87981		0.9433		0.91045		0.81606
570		835.49		0.95884		0.95717		0.89922		0.8673		0.9433		0.9037		0.8015
571		836.79		0.95843		0.9557		0.89922		0.8744		0.93299		0.90274		0.80022
572		838.23		0.95835		0.95514		0.89406		0.87685		0.91753		0.89673		0.78894
573		840.06		0.95836		0.95561		0.89406		0.88442		0.90722		0.89567		0.78836
574		841.83		0.95876		0.95468		0.89147		0.88		0.90722		0.8934		0.7833
575		843.58		0.95928		0.95479		0.89922		0.88177		0.92268		0.90176		0.79929
576		845.13		0.96077		0.95723		0.90181		0.87864		0.93299		0.905		0.80514
577		846.4		0.96043		0.95827		0.90698		0.88725		0.93299		0.90955		0.81502
578		847.58		0.95988		0.95857		0.90698		0.89109		0.92784		0.90909		0.81463
579		848.8		0.95994		0.95822		0.89664		0.87379		0.92784		0.9		0.79478
580		850.87		0.95952		0.95744		0.89147		0.86893		0.92268		0.895		0.78442
581		852.2		0.95931		0.9561		0.89664		0.87745		0.92268		0.8995		0.79431
582		853.5		0.95888		0.95531		0.89664		0.88119		0.91753		0.89899		0.79394
583		854.85		0.95919		0.95512		0.89922		0.88557		0.91753		0.90127		0.79895
584		856.58		0.95978		0.95548		0.90181		0.87864		0.93299		0.905		0.80514
585		858.26		0.96004		0.95677		0.90698		0.8835		0.93814		0.91		0.81549
586		859.82		0.95899		0.9535		0.91214		0.88835		0.9433		0.915		0.82585
587		861.03		0.9597		0.95414		0.90956		0.88406		0.9433		0.91272		0.82094
588		862.31		0.96062		0.95421		0.90181		0.86792		0.94845		0.9064		0.80707
589		863.67		0.96134		0.95451		0.90439		0.8756		0.9433		0.90819		0.81119
590		865.49		0.96125		0.95393		0.90956		0.8878		0.93814		0.91228		0.82042
591		866.85		0.96191		0.95784		0.90956		0.90355		0.91753		0.91049		0.81921
592		868.12		0.96182		0.95844		0.90698		0.89899		0.91753		0.90816		0.81412
593		869.46		0.96191		0.95901		0.89922		0.87805		0.92784		0.90226		0.79971
594		870.58		0.96232		0.95959		0.89406		0.86603		0.93299		0.89826		0.79045
595		871.72		0.96265		0.96096		0.89147		0.86538		0.92784		0.89552		0.78496
596		872.9		0.96236		0.96009		0.89147		0.86538		0.92784		0.89552		0.78496
597		874.15		0.96292		0.96113		0.89664		0.87019		0.93299		0.9005		0.79533
598		875.33		0.9625		0.96031		0.89664		0.88119		0.91753		0.89899		0.79394
599		876.51		0.96175		0.95894		0.88889		0.87562		0.90722		0.89114		0.77827
600		878.25		0.96045		0.95678		0.8863		0.86765		0.91237		0.88945		0.77361
601		879.8		0.95932		0.95578		0.88372		0.8599		0.91753		0.88778		0.76914
602		881.05		0.95968		0.95673		0.89406		0.86957		0.92784		0.89776		0.78986
603		882.26		0.95939		0.9569		0.90698		0.895		0.92268		0.90863		0.81433
604		883.53		0.9597		0.95696		0.90439		0.88293		0.93299		0.90727		0.81007
605		884.88		0.95914		0.9558		0.89664		0.87019		0.93299		0.9005		0.79533
606		886.82		0.95919		0.95522		0.88114		0.85577		0.91753		0.88557		0.76423
607		888.8		0.95891		0.95503		0.88889		0.87192		0.91237		0.89169		0.77859
608		890.43		0.95872		0.95479		0.89147		0.87624		0.91237		0.89394		0.78359
609		891.6		0.9595		0.95592		0.89147		0.87624		0.91237		0.89394		0.78359
610		893.3		0.96125		0.95836		0.88372		0.85308		0.92784		0.88889		0.77037
611		895.18		0.96301		0.95946		0.8863		0.84404		0.94845		0.8932		0.77855
612		896.98		0.9634		0.95995		0.90439		0.87204		0.94845		0.90864		0.81188
613		898.52		0.96292		0.96061		0.90698		0.87981		0.9433		0.91045		0.81606
614		899.75		0.96286		0.96031		0.90698		0.8835		0.93814		0.91		0.81549
615		901.07		0.96202		0.95898		0.89922		0.88177		0.92268		0.90176		0.79929
616		902.5		0.96229		0.95862		0.89406		0.87685		0.91753		0.89673		0.78894
617		903.8		0.96203		0.95793		0.89664		0.87379		0.92784		0.9		0.79478
618		905.15		0.9613		0.95737		0.8863		0.86058		0.92268		0.89055		0.7746
619		906.49		0.96078		0.95736		0.89406		0.87685		0.91753		0.89673		0.78894
620		908.34		0.96069		0.95783		0.89664		0.88119		0.91753		0.89899		0.79394
621		909.84		0.96033		0.95805		0.89664		0.87745		0.92268		0.8995		0.79431
622		911.08		0.95995		0.95698		0.89147		0.87255		0.91753		0.89447		0.78396
623		912.29		0.95991		0.95633		0.89147		0.86538		0.92784		0.89552		0.78496
624		913.57		0.9587		0.95436		0.89664		0.86321		0.9433		0.90148		0.79669
625		914.71		0.9584		0.95378		0.89664		0.86321		0.9433		0.90148		0.79669
626		915.93		0.95847		0.95311		0.89664		0.86321		0.9433		0.90148		0.79669
627		917.37		0.95855		0.95311		0.8863		0.86408		0.91753		0.89		0.77406
628		919.32		0.95855		0.95292		0.89406		0.87685		0.91753		0.89673		0.78894
629		920.97		0.95847		0.95304		0.89406		0.8806		0.91237		0.8962		0.78861
630		922.2		0.95851		0.95312		0.89664		0.88119		0.91753		0.89899		0.79394
631		923.88		0.95847		0.95334		0.89147		0.86893		0.92268		0.895		0.78442
632		925.41		0.95884		0.95414		0.90181		0.87864		0.93299		0.905		0.80514
633		927.52		0.95928		0.95496		0.90439		0.87923		0.93814		0.90773		0.81058
634		929.31		0.95952		0.95539		0.89922		0.8744		0.93299		0.90274		0.80022
635		930.54		0.96026		0.95638		0.89664		0.87379		0.92784		0.9		0.79478
636		931.78		0.96106		0.95851		0.90439		0.89055		0.92268		0.90633		0.8093
637		933.11		0.96159		0.95884		0.89922		0.87805		0.92784		0.90226		0.79971
638		934.28		0.96179		0.95888		0.89147		0.86538		0.92784		0.89552		0.78496
639		935.46		0.96107		0.95685		0.89147		0.8619		0.93299		0.89604		0.78559
640		936.59		0.96089		0.95691		0.89406		0.86957		0.92784		0.89776		0.78986
641		937.81		0.96031		0.95652		0.89406		0.87317		0.92268		0.89724		0.78936
642		939.38		0.95983		0.95633		0.90698		0.89109		0.92784		0.90909		0.81463
643		940.92		0.95958		0.95506		0.89922		0.87805		0.92784		0.90226		0.79971
644		942.48		0.95882		0.95363		0.89664		0.87019		0.93299		0.9005		0.79533
645		943.68		0.95859		0.95309		0.89406		0.86256		0.93814		0.89877		0.79112
646		945.07		0.95998		0.95625		0.90698		0.895		0.92268		0.90863		0.81433
647		946.41		0.95992		0.95695		0.90439		0.89055		0.92268		0.90633		0.8093
648		948.05		0.95987		0.95711		0.90698		0.88725		0.93299		0.90955		0.81502
649		949.7		0.95983		0.95574		0.89147		0.8619		0.93299		0.89604		0.78559
650		951.95		0.95903		0.95436		0.8863		0.85377		0.93299		0.89163		0.77592
651		953.5		0.95902		0.95389		0.89406		0.86957		0.92784		0.89776		0.78986
652		954.77		0.9598		0.95572		0.89664		0.885		0.91237		0.89848		0.79365
653		956.48		0.95958		0.95689		0.90181		0.89		0.91753		0.90355		0.80399
654		958.04		0.9611		0.95919		0.89922		0.87081		0.93814		0.90323		0.80082
655		960.16		0.96244		0.96053		0.88372		0.84332		0.9433		0.89051		0.77285
656		961.49		0.96207		0.95914		0.87855		0.84507		0.92784		0.88452		0.76072
657		962.66		0.96154		0.95758		0.89147		0.87624		0.91237		0.89394		0.78359
658		964.07		0.96043		0.95619		0.89406		0.88442		0.90722		0.89567		0.78836
659		965.34		0.95868		0.95331		0.89406		0.89637		0.89175		0.89406		0.78813
660		966.67		0.95943		0.95417		0.89922		0.88557		0.91753		0.90127		0.79895
661		967.99		0.96027		0.95394		0.89922		0.8744		0.93299		0.90274		0.80022
662		969.26		0.96033		0.9541		0.89664		0.86321		0.9433		0.90148		0.79669
663		970.86		0.96034		0.9553		0.89922		0.87081		0.93814		0.90323		0.80082
664		972.29		0.95964		0.95485		0.90439		0.88293		0.93299		0.90727		0.81007
665		974.22		0.95979		0.95593		0.90181		0.88614		0.92268		0.90404		0.80428
666		975.6		0.95927		0.95474		0.89406		0.8806		0.91237		0.8962		0.78861
667		977.11		0.95802		0.95264		0.88889		0.87562		0.90722		0.89114		0.77827
668		978.26		0.95798		0.95323		0.8863		0.87129		0.90722		0.88889		0.77325
669		979.53		0.95828		0.95496		0.89664		0.88119		0.91753		0.89899		0.79394
670		980.86		0.95828		0.95576		0.89664		0.88119		0.91753		0.89899		0.79394
671		982.76		0.95823		0.95562		0.89406		0.8806		0.91237		0.8962		0.78861
672		984.64		0.95872		0.95593		0.89922		0.88557		0.91753		0.90127		0.79895
673		986.52		0.959		0.95501		0.89406		0.87317		0.92268		0.89724		0.78936
674		988.35		0.95926		0.95497		0.88889		0.86473		0.92268		0.89277		0.7795
675		989.64		0.95843		0.95325		0.88114		0.85922		0.91237		0.885		0.7637
676		991.09		0.95789		0.95184		0.89406		0.8806		0.91237		0.8962		0.78861
677		992.45		0.95852		0.95339		0.89922		0.88945		0.91237		0.90076		0.7987
678		993.63		0.95875		0.95451		0.89922		0.8934		0.90722		0.90026		0.79854
679		994.92		0.95891		0.9558		0.89664		0.88889		0.90722		0.89796		0.79344
680		996.2		0.95844		0.95445		0.8863		0.86765		0.91237		0.88945		0.77361
681		997.57		0.95886		0.95543		0.87855		0.85167		0.91753		0.88337		0.75934
682		999.0		0.95904		0.95441		0.87597		0.85096		0.91237		0.8806		0.75387
683		1000.98		0.95962		0.95576		0.89406		0.88442		0.90722		0.89567		0.78836
684		1002.3		0.95983		0.95444		0.89664		0.90104		0.89175		0.89637		0.79333
685		1004.23		0.95995		0.95317		0.89664		0.88119		0.91753		0.89899		0.79394
686		1005.73		0.96047		0.95447		0.89406		0.86957		0.92784		0.89776		0.78986
687		1006.92		0.96081		0.95531		0.89922		0.8673		0.9433		0.9037		0.8015
688		1008.14		0.96123		0.95657		0.89922		0.8744		0.93299		0.90274		0.80022
689		1010.0		0.96118		0.95691		0.90698		0.89109		0.92784		0.90909		0.81463
690		1011.66		0.96049		0.95562		0.90181		0.88614		0.92268		0.90404		0.80428
691		1013.16		0.96057		0.95527		0.90439		0.8867		0.92784		0.9068		0.80964
692		1014.68		0.96021		0.95466		0.90698		0.88725		0.93299		0.90955		0.81502
693		1016.26		0.96011		0.95429		0.90181		0.88614		0.92268		0.90404		0.80428
694		1017.89		0.96047		0.95529		0.89664		0.885		0.91237		0.89848		0.79365
695		1019.54		0.96065		0.95619		0.90181		0.88614		0.92268		0.90404		0.80428
696		1021.03		0.96097		0.95675		0.89922		0.87805		0.92784		0.90226		0.79971
697		1022.27		0.96121		0.95738		0.89664		0.87745		0.92268		0.8995		0.79431
698		1023.65		0.96073		0.95733		0.89922		0.88177		0.92268		0.90176		0.79929
699		1024.78		0.96067		0.95732		0.89922		0.88945		0.91237		0.90076		0.7987
700		1025.92		0.96034		0.95667		0.89922		0.88557		0.91753		0.90127		0.79895
701		1027.18		0.96029		0.95704		0.89406		0.88442		0.90722		0.89567		0.78836
702		1028.55		0.95999		0.95562		0.89664		0.88119		0.91753		0.89899		0.79394
703		1030.02		0.95946		0.95606		0.89664		0.88119		0.91753		0.89899		0.79394
704		1031.48		0.9595		0.9563		0.90181		0.88235		0.92784		0.90452		0.80467
705		1033.2		0.95931		0.95599		0.90439		0.88293		0.93299		0.90727		0.81007
706		1034.68		0.95898		0.95536		0.89922		0.88177		0.92268		0.90176		0.79929
707		1036.36		0.95852		0.95536		0.90439		0.89447		0.91753		0.90585		0.80904
708		1037.92		0.95847		0.95492		0.89664		0.885		0.91237		0.89848		0.79365
709		1039.37		0.95808		0.9534		0.89406		0.87685		0.91753		0.89673		0.78894
710		1040.96		0.95785		0.95303		0.8863		0.86058		0.92268		0.89055		0.7746
711		1042.69		0.95781		0.95323		0.88889		0.85782		0.93299		0.89383		0.78075
712		1043.97		0.95824		0.95444		0.89406		0.86603		0.93299		0.89826		0.79045
713		1045.14		0.95811		0.95486		0.89664		0.87379		0.92784		0.9		0.79478
714		1046.38		0.95828		0.95436		0.90181		0.89		0.91753		0.90355		0.80399
715		1048.05		0.95855		0.9529		0.89922		0.88557		0.91753		0.90127		0.79895
716		1049.86		0.95804		0.95043		0.8863		0.86408		0.91753		0.89		0.77406
717		1051.05		0.95777		0.95078		0.88114		0.85577		0.91753		0.88557		0.76423
718		1052.69		0.95936		0.95402		0.89147		0.87624		0.91237		0.89394		0.78359
719		1054.4		0.96039		0.95613		0.89664		0.88119		0.91753		0.89899		0.79394
720		1056.12		0.96126		0.95831		0.90181		0.89		0.91753		0.90355		0.80399
721		1058.04		0.96087		0.95622		0.90181		0.87864		0.93299		0.905		0.80514
722		1059.34		0.9596		0.95415		0.8863		0.85047		0.93814		0.89216		0.77671
723		1061.04		0.95891		0.95332		0.88372		0.84651		0.93814		0.88998		0.77194
724		1062.66		0.96041		0.95515		0.89922		0.88177		0.92268		0.90176		0.79929
725		1064.08		0.95983		0.95474		0.90181		0.90206		0.90206		0.90206		0.80362
726		1065.46		0.96114		0.95609		0.88889		0.85782		0.93299		0.89383		0.78075
727		1066.67		0.96008		0.95565		0.86822		0.82648		0.93299		0.87651		0.74257
728		1067.93		0.95683		0.95689		0.90439		0.91099		0.89691		0.9039		0.80889
729		1069.38		0.95123		0.94173		0.86563		0.8087		0.95876		0.87736		0.74414
730		1070.86		0.94636		0.94503		0.85788		0.91124		0.79381		0.84848		0.7219
731		1072.52		0.94576		0.94874		0.80103		0.72243		0.97938		0.83151		0.64412
732		1073.98		0.90778		0.91324		0.66925		0.98529		0.34536		0.51145		0.44693
733		1075.31		0.89364		0.89746		0.69509		0.6338		0.92784		0.75314		0.44007
734		1076.52		0.92006		0.92549		0.83721		0.92258		0.73711		0.81948		0.6887
735		1077.7		0.9366		0.93833		0.79587		0.92593		0.64433		0.75988		0.6216
736		1079.29		0.94565		0.94078		0.86563		0.8114		0.95361		0.87678		0.74271
737		1080.93		0.93809		0.92741		0.70543		0.63158		0.98969		0.77108		0.49869
738		1082.43		0.94407		0.93588		0.87855		0.84507		0.92784		0.88452		0.76072
739		1084.27		0.94039		0.93795		0.79845		0.93939		0.63918		0.76074		0.63041
740		1085.98		0.93462		0.9355		0.78036		0.95041		0.59278		0.73016		0.60582
741		1087.36		0.93165		0.93411		0.8062		0.94737		0.64948		0.77064		0.64558
742		1089.04		0.92709		0.93075		0.83979		0.86667		0.80412		0.83422		0.68143
743		1090.62		0.92241		0.92697		0.82946		0.7963		0.8866		0.83902		0.66311
744		1091.72		0.91926		0.9246		0.82171		0.76824		0.92268		0.83841		0.65671
745		1092.85		0.9198		0.92534		0.80879		0.75		0.92784		0.82949		0.63558
746		1094.12		0.92265		0.92777		0.82946		0.78319		0.91237		0.84286		0.66797
747		1095.27		0.9261		0.93053		0.84496		0.82212		0.88144		0.85075		0.69168
748		1096.48		0.9293		0.93244		0.86047		0.88043		0.83505		0.85714		0.72193
749		1097.68		0.9324		0.93482		0.85788		0.91124		0.79381		0.84848		0.7219
750		1098.95		0.93638		0.93751		0.85013		0.91463		0.7732		0.83799		0.70894
751		1100.35		0.94004		0.9387		0.85788		0.92638		0.77835		0.84594		0.72524
752		1101.66		0.94381		0.93966		0.87855		0.90608		0.84536		0.87467		0.75886
753		1103.27		0.946		0.93977		0.88114		0.89785		0.86082		0.87895		0.76295
754		1104.71		0.94768		0.93893		0.89922		0.88177		0.92268		0.90176		0.79929
755		1106.77		0.94891		0.94015		0.89922		0.87081		0.93814		0.90323		0.80082
756		1108.24		0.95062		0.94201		0.89406		0.86256		0.93814		0.89877		0.79112
757		1110.05		0.95136		0.9433		0.89147		0.8619		0.93299		0.89604		0.78559
758		1111.35		0.95128		0.94472		0.89147		0.88		0.90722		0.8934		0.7833
759		1113.06		0.95169		0.94643		0.89664		0.90104		0.89175		0.89637		0.79333
760		1114.37		0.95283		0.94819		0.89147		0.90426		0.87629		0.89005		0.78334
761		1115.76		0.95489		0.94988		0.90698		0.91146		0.90206		0.90674		0.814
762		1117.25		0.95641		0.95097		0.91473		0.9171		0.91237		0.91473		0.82947
763		1118.59		0.95497		0.94969		0.89922		0.8934		0.90722		0.90026		0.79854
764		1120.4		0.95318		0.94855		0.89664		0.89691		0.89691		0.89691		0.79328
765		1121.75		0.95323		0.94862		0.89922		0.91444		0.88144		0.89764		0.79899
766		1123.19		0.9543		0.95013		0.90439		0.93855		0.86598		0.9008		0.81126
767		1124.93		0.95524		0.95044		0.91214		0.93011		0.89175		0.91053		0.82501
768		1126.42		0.95647		0.95117		0.90181		0.90206		0.90206		0.90206		0.80362
769		1127.88		0.95663		0.95097		0.89406		0.88442		0.90722		0.89567		0.78836
770		1129.31		0.95772		0.95164		0.89922		0.8934		0.90722		0.90026		0.79854
771		1130.78		0.95776		0.95295		0.91214		0.91667		0.90722		0.91192		0.82434
772		1132.41		0.95823		0.95346		0.90181		0.89796		0.90722		0.90256		0.80365
773		1134.14		0.95767		0.95314		0.89664		0.88119		0.91753		0.89899		0.79394
774		1135.37		0.95747		0.95355		0.89406		0.8806		0.91237		0.8962		0.78861
775		1136.55		0.95724		0.95413		0.90439		0.91099		0.89691		0.9039		0.80889
776		1137.76		0.95761		0.95491		0.90439		0.91099		0.89691		0.9039		0.80889
777		1139.79		0.95724		0.95455		0.88889		0.88325		0.89691		0.89003		0.77786
778		1141.5		0.95767		0.95471		0.88372		0.87437		0.89691		0.8855		0.76768
779		1147.14		0.95855		0.95543		0.90181		0.89796		0.90722		0.90256		0.80365
780		1153.13		0.95876		0.95578		0.89664		0.88889		0.90722		0.89796		0.79344
781		1155.44		0.95987		0.95692		0.88889		0.86473		0.92268		0.89277		0.7795
782		1157.35		0.96008		0.95759		0.8863		0.86408		0.91753		0.89		0.77406
783		1158.85		0.95986		0.95761		0.90181		0.89		0.91753		0.90355		0.80399
784		1160.07		0.95958		0.95753		0.89406		0.88442		0.90722		0.89567		0.78836
785		1161.37		0.95916		0.95749		0.8863		0.87129		0.90722		0.88889		0.77325
786		1162.85		0.95882		0.95735		0.89147		0.87624		0.91237		0.89394		0.78359
787		1164.54		0.95904		0.95796		0.89922		0.88557		0.91753		0.90127		0.79895
788		1166.18		0.95935		0.95826		0.89664		0.88119		0.91753		0.89899		0.79394
789		1168.17		0.95887		0.95755		0.89406		0.87685		0.91753		0.89673		0.78894
790		1169.87		0.95886		0.9574		0.88889		0.86829		0.91753		0.89223		0.779
791		1171.42		0.9586		0.9571		0.88889		0.86829		0.91753		0.89223		0.779
792		1172.69		0.9585		0.95698		0.88372		0.867		0.90722		0.88665		0.76824
793		1173.89		0.95844		0.95737		0.88889		0.88325		0.89691		0.89003		0.77786
794		1175.06		0.95838		0.95741		0.89147		0.88384		0.90206		0.89286		0.7831
795		1176.85		0.95784		0.95667		0.89147		0.88		0.90722		0.8934		0.7833
796		1178.61		0.95796		0.95686		0.89147		0.87624		0.91237		0.89394		0.78359
797		1180.0		0.9585		0.95774		0.89147		0.87255		0.91753		0.89447		0.78396
798		1181.27		0.95856		0.95794		0.88889		0.87562		0.90722		0.89114		0.77827
799		1183.17		0.95866		0.95819		0.89664		0.88889		0.90722		0.89796		0.79344
800		1184.49		0.9588		0.95821		0.89406		0.88442		0.90722		0.89567		0.78836
801		1185.95		0.95908		0.95819		0.8863		0.87129		0.90722		0.88889		0.77325
802		1187.41		0.95915		0.95796		0.88372		0.867		0.90722		0.88665		0.76824
803		1189.05		0.95912		0.95791		0.8863		0.875		0.90206		0.88832		0.77296
804		1190.36		0.95931		0.95804		0.89406		0.88832		0.90206		0.89514		0.7882
805		1191.88		0.95931		0.95814		0.89922		0.8934		0.90722		0.90026		0.79854
806		1193.22		0.95946		0.95791		0.89147		0.88		0.90722		0.8934		0.7833
807		1194.69		0.9594		0.95797		0.89147		0.87624		0.91237		0.89394		0.78359
808		1196.52		0.95938		0.95739		0.88372		0.86341		0.91237		0.88722		0.76865
809		1197.97		0.95982		0.95791		0.8863		0.86408		0.91753		0.89		0.77406
810		1199.47		0.96097		0.95894		0.89147		0.86893		0.92268		0.895		0.78442
811		1201.65		0.96118		0.95944		0.89664		0.88119		0.91753		0.89899		0.79394
812		1203.35		0.96123		0.95951		0.90439		0.89055		0.92268		0.90633		0.8093
813		1205.05		0.96126		0.9596		0.90698		0.895		0.92268		0.90863		0.81433
814		1206.39		0.96149		0.95961		0.89664		0.87745		0.92268		0.8995		0.79431
815		1207.58		0.96171		0.95976		0.89406		0.87317		0.92268		0.89724		0.78936
816		1209.12		0.96158		0.95949		0.89922		0.87805		0.92784		0.90226		0.79971
817		1210.92		0.96121		0.95907		0.89664		0.87745		0.92268		0.8995		0.79431
818		1212.18		0.96138		0.95923		0.89147		0.87624		0.91237		0.89394		0.78359
819		1213.35		0.96141		0.95941		0.89406		0.87685		0.91753		0.89673		0.78894
820		1214.71		0.96149		0.95957		0.89664		0.87745		0.92268		0.8995		0.79431
821		1216.03		0.96139		0.95967		0.89664		0.87745		0.92268		0.8995		0.79431
822		1217.83		0.96163		0.96009		0.89664		0.87745		0.92268		0.8995		0.79431
823		1219.2		0.96081		0.95674		0.89664		0.87745		0.92268		0.8995		0.79431
824		1220.47		0.96083		0.957		0.89406		0.87317		0.92268		0.89724		0.78936
825		1221.98		0.96093		0.95721		0.89406		0.87317		0.92268		0.89724		0.78936
826		1223.69		0.96109		0.95732		0.89406		0.87317		0.92268		0.89724		0.78936
827		1225.23		0.96109		0.95736		0.89664		0.87379		0.92784		0.9		0.79478
828		1226.41		0.96103		0.95748		0.89406		0.86957		0.92784		0.89776		0.78986
829		1227.71		0.96119		0.95741		0.89406		0.86957		0.92784		0.89776		0.78986
830		1228.85		0.96111		0.95732		0.89147		0.87255		0.91753		0.89447		0.78396
831		1230.06		0.96082		0.95711		0.89147		0.87255		0.91753		0.89447		0.78396
832		1231.21		0.96078		0.95703		0.89147		0.87255		0.91753		0.89447		0.78396
833		1232.44		0.96109		0.95723		0.89147		0.87255		0.91753		0.89447		0.78396
834		1234.17		0.96137		0.95745		0.89147		0.87255		0.91753		0.89447		0.78396
835		1235.53		0.96141		0.95739		0.89147		0.87255		0.91753		0.89447		0.78396
836		1237.21		0.96133		0.9573		0.89147		0.87255		0.91753		0.89447		0.78396
837		1238.62		0.9613		0.95718		0.89406		0.87685		0.91753		0.89673		0.78894
838		1240.04		0.96134		0.9572		0.89406		0.87685		0.91753		0.89673		0.78894
839		1241.33		0.96117		0.95709		0.89406		0.87685		0.91753		0.89673		0.78894
840		1242.82		0.96125		0.95738		0.89406		0.87685		0.91753		0.89673		0.78894
841		1244.22		0.96101		0.95765		0.89147		0.87255		0.91753		0.89447		0.78396
842		1245.5		0.96091		0.95778		0.89406		0.87685		0.91753		0.89673		0.78894
843		1247.12		0.96105		0.95827		0.89406		0.87685		0.91753		0.89673		0.78894
844		1248.4		0.96109		0.95853		0.89664		0.88119		0.91753		0.89899		0.79394
845		1249.7		0.96113		0.95868		0.89147		0.86893		0.92268		0.895		0.78442
846		1251.1		0.96087		0.95844		0.89147		0.86893		0.92268		0.895		0.78442
847		1252.69		0.96101		0.95852		0.89147		0.86893		0.92268		0.895		0.78442
848		1254.17		0.96103		0.9585		0.89147		0.86893		0.92268		0.895		0.78442
849		1255.47		0.96089		0.95831		0.89664		0.87745		0.92268		0.8995		0.79431
850		1256.74		0.96102		0.95836		0.89922		0.88177		0.92268		0.90176		0.79929
851		1258.16		0.96094		0.95829		0.89664		0.87745		0.92268		0.8995		0.79431
852		1259.89		0.9609		0.95819		0.89406		0.87317		0.92268		0.89724		0.78936
853		1262.08		0.96103		0.95829		0.89406		0.87317		0.92268		0.89724		0.78936
854		1263.78		0.96102		0.95832		0.89664		0.87745		0.92268		0.8995		0.79431
855		1265.11		0.96098		0.95831		0.89664		0.87745		0.92268		0.8995		0.79431
856		1266.58		0.96114		0.95844		0.89664		0.87745		0.92268		0.8995		0.79431
857		1268.51		0.96122		0.9585		0.89406		0.87317		0.92268		0.89724		0.78936
858		1270.01		0.96125		0.95848		0.89406		0.87317		0.92268		0.89724		0.78936
859		1271.21		0.96125		0.95847		0.89664		0.87745		0.92268		0.8995		0.79431
860		1272.43		0.96121		0.95846		0.89664		0.87745		0.92268		0.8995		0.79431
861		1273.7		0.9613		0.95871		0.89406		0.87317		0.92268		0.89724		0.78936
862		1274.9		0.96118		0.95864		0.89406		0.87317		0.92268		0.89724		0.78936
863		1276.19		0.96114		0.95861		0.89406		0.87317		0.92268		0.89724		0.78936
864		1277.39		0.96117		0.95874		0.89664		0.87745		0.92268		0.8995		0.79431
865		1278.82		0.96097		0.95857		0.89664		0.87745		0.92268		0.8995		0.79431
866		1280.19		0.96078		0.9585		0.89664		0.87745		0.92268		0.8995		0.79431
867		1281.74		0.96059		0.9583		0.89664		0.87745		0.92268		0.8995		0.79431
868		1283.1		0.96033		0.95817		0.89664		0.87379		0.92784		0.9		0.79478
869		1284.9		0.96041		0.95822		0.89664		0.87379		0.92784		0.9		0.79478
870		1286.31		0.96045		0.95837		0.89664		0.87379		0.92784		0.9		0.79478
871		1287.88		0.96055		0.95839		0.89664		0.87745		0.92268		0.8995		0.79431
872		1289.29		0.96066		0.95853		0.89922		0.88177		0.92268		0.90176		0.79929
873		1290.72		0.96074		0.95851		0.89922		0.88177		0.92268		0.90176		0.79929
874		1292.22		0.96061		0.95835		0.89922		0.88177		0.92268		0.90176		0.79929
875		1293.96		0.96086		0.95847		0.89922		0.88177		0.92268		0.90176		0.79929
876		1295.46		0.96102		0.9586		0.89664		0.87745		0.92268		0.8995		0.79431
877		1296.91		0.96106		0.95855		0.89406		0.87317		0.92268		0.89724		0.78936
878		1299.04		0.96095		0.95833		0.89406		0.87317		0.92268		0.89724		0.78936
879		1300.22		0.96099		0.95828		0.89406		0.87317		0.92268		0.89724		0.78936
880		1301.57		0.96098		0.95823		0.89406		0.87317		0.92268		0.89724		0.78936
881		1302.99		0.9613		0.95834		0.89664		0.87379		0.92784		0.9		0.79478
882		1304.3		0.96169		0.9589		0.89664		0.87379		0.92784		0.9		0.79478
883		1305.59		0.96187		0.95921		0.89664		0.87379		0.92784		0.9		0.79478
884		1306.84		0.96227		0.95954		0.89664		0.87745		0.92268		0.8995		0.79431
885		1308.32		0.96219		0.95951		0.89664		0.87745		0.92268		0.8995		0.79431
886		1310.19		0.96222		0.95953		0.89922		0.88177		0.92268		0.90176		0.79929
887		1312.03		0.96222		0.95957		0.89922		0.88177		0.92268		0.90176		0.79929
888		1313.46		0.96223		0.95958		0.89664		0.87745		0.92268		0.8995		0.79431
889		1315.24		0.96182		0.95924		0.89664		0.87379		0.92784		0.9		0.79478
890		1316.71		0.96161		0.95881		0.89406		0.87317		0.92268		0.89724		0.78936
891		1318.13		0.96125		0.9584		0.89406		0.87317		0.92268		0.89724		0.78936
892		1319.49		0.96085		0.95819		0.89406		0.87317		0.92268		0.89724		0.78936
893		1321.36		0.96055		0.95791		0.89406		0.87317		0.92268		0.89724		0.78936
894		1322.85		0.96049		0.95783		0.89664		0.87745		0.92268		0.8995		0.79431
895		1324.15		0.96077		0.95828		0.89922		0.88177		0.92268		0.90176		0.79929
896		1325.91		0.96089		0.95851		0.90181		0.88614		0.92268		0.90404		0.80428
897		1327.46		0.96111		0.95868		0.90439		0.89055		0.92268		0.90633		0.8093
898		1329.25		0.96118		0.95889		0.89664		0.88119		0.91753		0.89899		0.79394
899		1331.38		0.96113		0.95866		0.89922		0.88557		0.91753		0.90127		0.79895
900		1333.19		0.96115		0.95859		0.89664		0.87745		0.92268		0.8995		0.79431
901		1334.44		0.96121		0.95861		0.89664		0.87745		0.92268		0.8995		0.79431
902		1335.71		0.96129		0.9588		0.88889		0.86473		0.92268		0.89277		0.7795
903		1336.85		0.96122		0.95882		0.88889		0.86124		0.92784		0.8933		0.78008
904		1338.15		0.96126		0.95881		0.89147		0.86538		0.92784		0.89552		0.78496
905		1339.32		0.9611		0.95883		0.89147		0.86538		0.92784		0.89552		0.78496
906		1340.95		0.9609		0.95867		0.89147		0.86538		0.92784		0.89552		0.78496
907		1342.58		0.9609		0.95874		0.89664		0.87379		0.92784		0.9		0.79478
908		1343.97		0.96055		0.95853		0.89664		0.87379		0.92784		0.9		0.79478
909		1345.35		0.96065		0.95866		0.89664		0.87379		0.92784		0.9		0.79478
910		1346.62		0.96071		0.95873		0.89664		0.87745		0.92268		0.8995		0.79431
911		1348.07		0.96055		0.95859		0.89664		0.87379		0.92784		0.9		0.79478
912		1349.64		0.96102		0.9591		0.89406		0.86957		0.92784		0.89776		0.78986
913		1351.5		0.9613		0.95923		0.89147		0.86538		0.92784		0.89552		0.78496
914		1353.04		0.96149		0.95938		0.89147		0.86538		0.92784		0.89552		0.78496
915		1354.23		0.96165		0.95958		0.89147		0.86538		0.92784		0.89552		0.78496
916		1355.8		0.96167		0.9597		0.89147		0.86893		0.92268		0.895		0.78442
917		1357.78		0.96178		0.95984		0.89147		0.86893		0.92268		0.895		0.78442
918		1359.29		0.96202		0.95999		0.89406		0.87317		0.92268		0.89724		0.78936
919		1360.92		0.96185		0.95981		0.89664		0.87745		0.92268		0.8995		0.79431
920		1362.62		0.9617		0.95972		0.89922		0.88177		0.92268		0.90176		0.79929
921		1363.86		0.96126		0.95926		0.89664		0.87745		0.92268		0.8995		0.79431
922		1365.19		0.96097		0.95902		0.89406		0.87685		0.91753		0.89673		0.78894
923		1366.73		0.96069		0.95867		0.89406		0.87685		0.91753		0.89673		0.78894
924		1368.25		0.96055		0.95856		0.89406		0.87685		0.91753		0.89673		0.78894
925		1369.85		0.96051		0.95838		0.89147		0.87255		0.91753		0.89447		0.78396
926		1371.46		0.96053		0.95838		0.89147		0.87255		0.91753		0.89447		0.78396
927		1372.87		0.96054		0.95825		0.89147		0.87255		0.91753		0.89447		0.78396
928		1374.17		0.96045		0.95814		0.89147		0.87255		0.91753		0.89447		0.78396
929		1375.67		0.96066		0.95831		0.89147		0.87255		0.91753		0.89447		0.78396
930		1377.12		0.96105		0.95874		0.89147		0.87255		0.91753		0.89447		0.78396
931		1378.44		0.96085		0.95863		0.89406		0.87685		0.91753		0.89673		0.78894
932		1379.89		0.96098		0.95879		0.89664		0.88119		0.91753		0.89899		0.79394
933		1381.27		0.96123		0.95896		0.89406		0.87685		0.91753		0.89673		0.78894
934		1382.57		0.96101		0.95874		0.89147		0.87255		0.91753		0.89447		0.78396
935		1383.97		0.96103		0.95864		0.89147		0.87255		0.91753		0.89447		0.78396
936		1385.39		0.96101		0.9587		0.89406		0.87317		0.92268		0.89724		0.78936
937		1386.76		0.96109		0.95874		0.89664		0.87745		0.92268		0.8995		0.79431
938		1388.16		0.96105		0.95878		0.89406		0.87317		0.92268		0.89724		0.78936
939		1389.74		0.96085		0.95852		0.89664		0.87745		0.92268		0.8995		0.79431
940		1391.79		0.96086		0.95857		0.89664		0.87745		0.92268		0.8995		0.79431
941		1393.17		0.96069		0.95845		0.89664		0.87745		0.92268		0.8995		0.79431
942		1394.54		0.9605		0.95823		0.89664		0.87745		0.92268		0.8995		0.79431
943		1395.93		0.96031		0.95813		0.89664		0.87745		0.92268		0.8995		0.79431
944		1397.28		0.96025		0.95813		0.89406		0.87317		0.92268		0.89724		0.78936
945		1398.6		0.96		0.95796		0.89406		0.87317		0.92268		0.89724		0.78936
946		1400.5		0.95986		0.95786		0.89922		0.88177		0.92268		0.90176		0.79929
947		1401.99		0.95964		0.95757		0.89922		0.88177		0.92268		0.90176		0.79929
948		1403.19		0.95975		0.9577		0.89922		0.88177		0.92268		0.90176		0.79929
949		1404.45		0.95991		0.95782		0.89922		0.88177		0.92268		0.90176		0.79929
950		1406.02		0.95984		0.95778		0.89922		0.88177		0.92268		0.90176		0.79929
951		1408.18		0.95991		0.95782		0.89664		0.87745		0.92268		0.8995		0.79431
952		1409.76		0.96015		0.95812		0.89664		0.87745		0.92268		0.8995		0.79431
953		1411.01		0.96057		0.95843		0.89664		0.87745		0.92268		0.8995		0.79431
954		1412.24		0.96075		0.95868		0.89664		0.87745		0.92268		0.8995		0.79431
955		1413.49		0.96095		0.95882		0.89664		0.87745		0.92268		0.8995		0.79431
956		1414.88		0.96075		0.95858		0.89664		0.87745		0.92268		0.8995		0.79431
957		1416.22		0.96089		0.9586		0.89664		0.87745		0.92268		0.8995		0.79431
958		1417.59		0.9609		0.95864		0.89664		0.87745		0.92268		0.8995		0.79431
959		1418.87		0.96063		0.95847		0.89664		0.87745		0.92268		0.8995		0.79431
960		1420.62		0.96071		0.95851		0.89664		0.87745		0.92268		0.8995		0.79431
961		1422.26		0.96077		0.95859		0.89664		0.87745		0.92268		0.8995		0.79431
962		1423.39		0.96081		0.95868		0.89664		0.87745		0.92268		0.8995		0.79431
963		1425.31		0.96095		0.95892		0.89664		0.87745		0.92268		0.8995		0.79431
964		1426.48		0.96093		0.95887		0.89664		0.87745		0.92268		0.8995		0.79431
965		1427.92		0.96101		0.95893		0.89406		0.87317		0.92268		0.89724		0.78936
966		1429.36		0.96106		0.95911		0.89406		0.87317		0.92268		0.89724		0.78936
967		1430.76		0.96102		0.95894		0.89664		0.87379		0.92784		0.9		0.79478
968		1432.26		0.96097		0.95888		0.89664		0.87379		0.92784		0.9		0.79478
969		1434.01		0.96093		0.95884		0.89664		0.87379		0.92784		0.9		0.79478
970		1435.47		0.96074		0.95867		0.89664		0.87379		0.92784		0.9		0.79478
971		1436.82		0.96073		0.95866		0.89406		0.87317		0.92268		0.89724		0.78936
972		1438.37		0.9607		0.95874		0.89664		0.87745		0.92268		0.8995		0.79431
973		1439.73		0.96057		0.95867		0.89664		0.87745		0.92268		0.8995		0.79431
974		1441.51		0.96063		0.95871		0.89922		0.88177		0.92268		0.90176		0.79929
975		1442.87		0.96075		0.95877		0.89922		0.88177		0.92268		0.90176		0.79929
976		1444.23		0.96057		0.95858		0.89664		0.87745		0.92268		0.8995		0.79431
977		1445.51		0.96069		0.95857		0.89406		0.87317		0.92268		0.89724		0.78936
978		1446.9		0.96062		0.95831		0.89406		0.87317		0.92268		0.89724		0.78936
979		1448.46		0.96071		0.95847		0.89406		0.87317		0.92268		0.89724		0.78936
980		1449.79		0.96071		0.95853		0.89406		0.87317		0.92268		0.89724		0.78936
981		1451.2		0.96078		0.9586		0.89406		0.87317		0.92268		0.89724		0.78936
982		1452.84		0.9611		0.95886		0.89406		0.87317		0.92268		0.89724		0.78936
983		1454.33		0.96113		0.95903		0.89664		0.87745		0.92268		0.8995		0.79431
984		1455.82		0.96106		0.95906		0.89664		0.87745		0.92268		0.8995		0.79431
985		1457.35		0.96106		0.95908		0.89406		0.87317		0.92268		0.89724		0.78936
986		1459.06		0.96106		0.95907		0.89922		0.87805		0.92784		0.90226		0.79971
987		1460.38		0.96101		0.95906		0.89406		0.86957		0.92784		0.89776		0.78986
988		1461.63		0.96113		0.95909		0.89406		0.86957		0.92784		0.89776		0.78986
989		1463.07		0.96094		0.95882		0.89147		0.86538		0.92784		0.89552		0.78496
990		1464.44		0.96106		0.95898		0.88889		0.86124		0.92784		0.8933		0.78008
991		1465.82		0.96113		0.95918		0.88889		0.86124		0.92784		0.8933		0.78008
992		1467.19		0.96094		0.9589		0.89147		0.86538		0.92784		0.89552		0.78496
993		1468.48		0.96078		0.95873		0.89147		0.86538		0.92784		0.89552		0.78496
994		1470.18		0.96054		0.95852		0.88889		0.86473		0.92268		0.89277		0.7795
995		1471.48		0.96054		0.95843		0.89664		0.87745		0.92268		0.8995		0.79431
996		1473.18		0.96031		0.95829		0.89664		0.87745		0.92268		0.8995		0.79431
997		1474.48		0.96053		0.95843		0.89406		0.87317		0.92268		0.89724		0.78936
998		1476.2		0.96041		0.95827		0.89406		0.87317		0.92268		0.89724		0.78936
999		1477.47		0.96039		0.95826		0.89406		0.87317		0.92268		0.89724		0.78936
1000		1478.94		0.96022		0.95804		0.89406		0.87317		0.92268		0.89724		0.78936
fold: 1
Epoch		Time		AUC		AUPR		Accuracy		Precision		Recall		F1-score		Mcc
1		1481.56		0.7475		0.74362		0.55814		0.79487		0.15979		0.26609		0.19656
AUC improved at epoch  1 ;	best_auc: 0.7475028043373753
2		1483.04		0.76719		0.74439		0.67183		0.75188		0.51546		0.61162		0.36266
AUC improved at epoch  2 ;	best_auc: 0.7671865819133594
3		1484.47		0.77213		0.74446		0.71318		0.73714		0.66495		0.69919		0.42857
AUC improved at epoch  3 ;	best_auc: 0.7721275572886064
4		1486.07		0.77304		0.73791		0.72351		0.74857		0.67526		0.71003		0.44934
AUC improved at epoch  4 ;	best_auc: 0.7730356284386517
5		1487.81		0.77531		0.74168		0.70801		0.75155		0.62371		0.68169		0.42246
AUC improved at epoch  5 ;	best_auc: 0.7753058063137653
6		1489.42		0.77643		0.74546		0.71576		0.7561		0.63918		0.69274		0.43703
AUC improved at epoch  6 ;	best_auc: 0.7764275412638214
7		1490.71		0.77445		0.74231		0.72868		0.7486		0.69072		0.7185		0.45885
8		1491.85		0.77557		0.74287		0.73127		0.75		0.69588		0.72193		0.46384
9		1493.0		0.77846		0.74923		0.71576		0.75		0.64948		0.69613		0.43567
AUC improved at epoch  9 ;	best_auc: 0.7784573473639229
10		1494.45		0.78217		0.75349		0.7261		0.74719		0.68557		0.71505		0.45386
AUC improved at epoch  10 ;	best_auc: 0.7821697558891085
11		1495.75		0.78767		0.75809		0.76227		0.75		0.78866		0.76884		0.52518
AUC improved at epoch  11 ;	best_auc: 0.7876715987393835
12		1496.94		0.79539		0.76231		0.74935		0.75393		0.74227		0.74805		0.49878
AUC improved at epoch  12 ;	best_auc: 0.7953902035147695
13		1498.45		0.80135		0.77161		0.73127		0.75568		0.68557		0.71892		0.46467
AUC improved at epoch  13 ;	best_auc: 0.8013460819400673
14		1500.24		0.80062		0.77076		0.75194		0.71681		0.83505		0.77143		0.5107
15		1501.78		0.79918		0.76887		0.74935		0.72146		0.81443		0.76513		0.50275
16		1503.22		0.80351		0.7758		0.75711		0.74272		0.78866		0.765		0.51512
AUC improved at epoch  16 ;	best_auc: 0.8035094279151755
17		1504.83		0.80562		0.77815		0.75969		0.74634		0.78866		0.76692		0.52015
AUC improved at epoch  17 ;	best_auc: 0.8056193579402811
18		1506.48		0.80637		0.77705		0.76227		0.74757		0.79381		0.77		0.52548
AUC improved at epoch  18 ;	best_auc: 0.8063671812403185
19		1508.35		0.80736		0.77711		0.76227		0.74757		0.79381		0.77		0.52548
AUC improved at epoch  19 ;	best_auc: 0.8073553763153677
20		1509.94		0.80789		0.77603		0.75969		0.74396		0.79381		0.76808		0.52047
AUC improved at epoch  20 ;	best_auc: 0.8078895358153945
21		1511.82		0.80786		0.7777		0.75711		0.7451		0.78351		0.76382		0.51483
22		1512.95		0.80979		0.77632		0.76227		0.76289		0.76289		0.76289		0.52454
AUC improved at epoch  22 ;	best_auc: 0.8097858020404893
23		1514.43		0.81051		0.77709		0.76744		0.75243		0.79897		0.775		0.53584
AUC improved at epoch  23 ;	best_auc: 0.8105069173655254
24		1516.13		0.81096		0.77651		0.76486		0.74178		0.81443		0.77641		0.53217
AUC improved at epoch  24 ;	best_auc: 0.8109609529405482
25		1518.03		0.8104		0.77644		0.75969		0.75897		0.76289		0.76093		0.51938
26		1519.38		0.81117		0.77841		0.77003		0.7561		0.79897		0.77694		0.54086
AUC improved at epoch  26 ;	best_auc: 0.8111746167405587
27		1520.92		0.81158		0.77605		0.76486		0.73953		0.81959		0.77751		0.53273
AUC improved at epoch  27 ;	best_auc: 0.8115752363655787
28		1522.48		0.81128		0.77586		0.77261		0.75728		0.80412		0.78		0.5462
29		1524.19		0.8123		0.77697		0.77003		0.75362		0.80412		0.77805		0.54119
AUC improved at epoch  29 ;	best_auc: 0.8122963516906148
30		1525.41		0.81286		0.77512		0.76744		0.75		0.80412		0.77612		0.5362
AUC improved at epoch  30 ;	best_auc: 0.8128572191656428
31		1526.75		0.81283		0.77323		0.76227		0.74057		0.80928		0.7734		0.52672
32		1528.36		0.81401		0.77568		0.77003		0.75362		0.80412		0.77805		0.54119
AUC improved at epoch  32 ;	best_auc: 0.8140056620907002
33		1529.94		0.8151		0.77669		0.76486		0.74641		0.80412		0.77419		0.53122
AUC improved at epoch  33 ;	best_auc: 0.8151006890657551
34		1531.39		0.81585		0.77822		0.75969		0.73934		0.80412		0.77037		0.52128
AUC improved at epoch  34 ;	best_auc: 0.8158485123657925
35		1532.59		0.81716		0.77963		0.77778		0.76471		0.80412		0.78392		0.55624
AUC improved at epoch  35 ;	best_auc: 0.8171572031408579
36		1533.84		0.81908		0.78232		0.77261		0.75481		0.80928		0.78109		0.54656
AUC improved at epoch  36 ;	best_auc: 0.819080177340954
37		1535.2		0.82071		0.78405		0.78295		0.76961		0.80928		0.78894		0.56659
AUC improved at epoch  37 ;	best_auc: 0.8207093638160354
38		1536.44		0.82191		0.78648		0.77519		0.75117		0.82474		0.78624		0.55294
AUC improved at epoch  38 ;	best_auc: 0.8219112226910955
39		1537.71		0.82357		0.78895		0.77778		0.76733		0.79897		0.78283		0.55598
AUC improved at epoch  39 ;	best_auc: 0.8235671171411783
40		1539.78		0.82739		0.79393		0.77261		0.74537		0.8299		0.78537		0.54864
AUC improved at epoch  40 ;	best_auc: 0.8273863575663694
41		1541.06		0.82864		0.79565		0.78036		0.76329		0.81443		0.78803		0.56191
AUC improved at epoch  41 ;	best_auc: 0.8286416323914321
42		1542.43		0.83262		0.79846		0.77519		0.76355		0.79897		0.78086		0.55093
AUC improved at epoch  42 ;	best_auc: 0.8326211206666311
43		1544.0		0.83695		0.80274		0.77261		0.74091		0.84021		0.78744		0.55005
AUC improved at epoch  43 ;	best_auc: 0.8369478126168475
44		1545.74		0.83895		0.80468		0.77519		0.76617		0.79381		0.77975		0.5507
AUC improved at epoch  44 ;	best_auc: 0.8389509107419476
45		1547.46		0.84039		0.80647		0.77778		0.74324		0.85052		0.79327		0.5613
AUC improved at epoch  45 ;	best_auc: 0.8403931413920197
46		1549.29		0.83999		0.80574		0.77519		0.76884		0.78866		0.77863		0.55054
47		1550.66		0.84624		0.81364		0.77778		0.74771		0.84021		0.79126		0.55974
AUC improved at epoch  47 ;	best_auc: 0.846242187917312
48		1552.25		0.84827		0.81554		0.78036		0.76077		0.81959		0.78908		0.56233
AUC improved at epoch  48 ;	best_auc: 0.8482719940174136
49		1553.97		0.85028		0.81422		0.77778		0.75		0.83505		0.79024		0.55905
AUC improved at epoch  49 ;	best_auc: 0.8502750921425137
50		1555.53		0.84918		0.81493		0.78036		0.76847		0.80412		0.78589		0.56128
51		1557.06		0.85332		0.81554		0.78553		0.76555		0.82474		0.79404		0.57269
AUC improved at epoch  51 ;	best_auc: 0.853319801292666
52		1558.9		0.85685		0.82158		0.78295		0.75463		0.84021		0.79512		0.56946
AUC improved at epoch  52 ;	best_auc: 0.8568452539928423
53		1560.49		0.85682		0.82073		0.79845		0.80208		0.79381		0.79793		0.59694
54		1562.37		0.8604		0.82563		0.78553		0.74449		0.87113		0.80285		0.57936
AUC improved at epoch  54 ;	best_auc: 0.8603974146680199
55		1563.96		0.86115		0.82591		0.80879		0.80612		0.81443		0.81026		0.61759
AUC improved at epoch  55 ;	best_auc: 0.8611452379680572
56		1565.22		0.86157		0.82613		0.80362		0.795		0.81959		0.80711		0.60749
AUC improved at epoch  56 ;	best_auc: 0.8615725655680787
57		1566.39		0.86416		0.83318		0.80103		0.77725		0.84536		0.80988		0.60431
AUC improved at epoch  57 ;	best_auc: 0.8641632391432081
58		1567.73		0.86605		0.83837		0.80362		0.78641		0.83505		0.81		0.60834
AUC improved at epoch  58 ;	best_auc: 0.8660461513808023
59		1568.94		0.86817		0.84179		0.8062		0.80829		0.80412		0.8062		0.61241
AUC improved at epoch  59 ;	best_auc: 0.8681694353934085
60		1570.12		0.87007		0.84623		0.7907		0.74672		0.88144		0.80851		0.59095
AUC improved at epoch  60 ;	best_auc: 0.8700657016185033
61		1571.38		0.86657		0.8407		0.8062		0.82873		0.7732		0.8		0.61385
62		1572.67		0.87268		0.85315		0.79328		0.76636		0.84536		0.80392		0.58961
AUC improved at epoch  62 ;	best_auc: 0.8726830831686342
63		1574.22		0.87471		0.85823		0.79845		0.77358		0.84536		0.80788		0.5994
AUC improved at epoch  63 ;	best_auc: 0.8747128892687356
64		1575.78		0.87359		0.85948		0.81137		0.8306		0.78351		0.80637		0.6238
65		1577.57		0.87421		0.86087		0.7907		0.75111		0.87113		0.80668		0.58883
66		1578.91		0.87987		0.87207		0.8062		0.79899		0.81959		0.80916		0.61258
AUC improved at epoch  66 ;	best_auc: 0.8798675284439933
67		1580.34		0.88075		0.87613		0.81654		0.81538		0.81959		0.81748		0.63308
AUC improved at epoch  67 ;	best_auc: 0.8807488916190375
68		1581.65		0.8816		0.87712		0.8062		0.76682		0.88144		0.82014		0.61925
AUC improved at epoch  68 ;	best_auc: 0.8816035468190802
69		1583.22		0.88259		0.87877		0.8062		0.79899		0.81959		0.80916		0.61258
AUC improved at epoch  69 ;	best_auc: 0.8825917418941296
70		1584.52		0.88956		0.88739		0.82429		0.83158		0.81443		0.82292		0.64873
AUC improved at epoch  70 ;	best_auc: 0.8895625233694782
71		1586.46		0.89058		0.88895		0.80362		0.76577		0.87629		0.81731		0.61355
AUC improved at epoch  71 ;	best_auc: 0.8905774264195288
72		1588.12		0.89119		0.89067		0.80362		0.78641		0.83505		0.81		0.60834
AUC improved at epoch  72 ;	best_auc: 0.8911917098445596
73		1589.57		0.89146		0.89274		0.8062		0.80829		0.80412		0.8062		0.61241
AUC improved at epoch  73 ;	best_auc: 0.8914587895945729
74		1590.78		0.89536		0.89579		0.81654		0.77333		0.89691		0.83055		0.64121
AUC improved at epoch  74 ;	best_auc: 0.8953581539447679
75		1592.24		0.90057		0.90059		0.81395		0.80198		0.83505		0.81818		0.6284
AUC improved at epoch  75 ;	best_auc: 0.9005662090700284
76		1593.5		0.90286		0.90445		0.81654		0.82888		0.79897		0.81365		0.63352
AUC improved at epoch  76 ;	best_auc: 0.9028630949201433
77		1594.8		0.9042		0.90676		0.81395		0.77982		0.87629		0.82524		0.63267
AUC improved at epoch  77 ;	best_auc: 0.9041984936702099
78		1596.24		0.90898		0.91217		0.83204		0.81159		0.86598		0.83791		0.66553
AUC improved at epoch  78 ;	best_auc: 0.9089792211954489
79		1597.57		0.91149		0.91501		0.82429		0.79717		0.87113		0.83251		0.65132
AUC improved at epoch  79 ;	best_auc: 0.9114897708455746
80		1598.98		0.91077		0.91348		0.82429		0.79439		0.87629		0.83333		0.65198
81		1600.35		0.91034		0.91297		0.83463		0.83505		0.83505		0.83505		0.66925
82		1601.84		0.9097		0.91135		0.82687		0.78222		0.90722		0.8401		0.66216
83		1603.12		0.9155		0.91805		0.84496		0.83168		0.86598		0.84848		0.69048
AUC improved at epoch  83 ;	best_auc: 0.915495967095775
84		1604.54		0.91809		0.9206		0.84755		0.82927		0.87629		0.85213		0.69617
AUC improved at epoch  84 ;	best_auc: 0.9180866406709043
85		1606.35		0.9179		0.92119		0.82171		0.77056		0.91753		0.83765		0.65534
86		1607.73		0.9159		0.9223		0.83979		0.86264		0.80928		0.83511		0.68095
87		1609.02		0.91915		0.92286		0.82429		0.77632		0.91237		0.83886		0.65867
AUC improved at epoch  87 ;	best_auc: 0.9191549596709577
88		1610.5		0.92092		0.92422		0.85271		0.84422		0.86598		0.85496		0.70564
AUC improved at epoch  88 ;	best_auc: 0.9209176860210458
89		1612.65		0.92126		0.92567		0.84238		0.84103		0.84536		0.84319		0.68476
AUC improved at epoch  89 ;	best_auc: 0.9212648896960633
90		1614.38		0.92268		0.92798		0.83204		0.79186		0.90206		0.84337		0.67052
AUC improved at epoch  90 ;	best_auc: 0.922680412371134
91		1616.39		0.92532		0.93185		0.85013		0.82381		0.89175		0.85644		0.7026
AUC improved at epoch  91 ;	best_auc: 0.9253245018962662
92		1618.02		0.92626		0.93221		0.84238		0.82126		0.87629		0.84788		0.68625
AUC improved at epoch  92 ;	best_auc: 0.926259281021313
93		1619.51		0.92383		0.92847		0.83979		0.80841		0.89175		0.84804		0.68316
94		1620.92		0.92872		0.93248		0.83721		0.80751		0.8866		0.84521		0.67761
AUC improved at epoch  94 ;	best_auc: 0.9287164147214358
95		1622.35		0.92848		0.93343		0.85788		0.84577		0.87629		0.86076		0.7162
96		1623.78		0.92698		0.93258		0.83979		0.80556		0.89691		0.84878		0.68393
97		1625.26		0.92775		0.93279		0.85271		0.83092		0.8866		0.85786		0.70697
98		1626.56		0.92976		0.93533		0.83979		0.82353		0.86598		0.84422		0.68045
AUC improved at epoch  98 ;	best_auc: 0.9297580257464879
99		1628.04		0.92933		0.93459		0.83721		0.81951		0.86598		0.84211		0.67546
100		1629.34		0.93155		0.93638		0.85788		0.84925		0.87113		0.86005		0.71598
AUC improved at epoch  100 ;	best_auc: 0.9315474600715774
101		1630.84		0.93347		0.93853		0.83204		0.79452		0.89691		0.84262		0.66958
AUC improved at epoch  101 ;	best_auc: 0.9334704342716735
102		1632.39		0.93326		0.939		0.85271		0.83415		0.88144		0.85714		0.70652
103		1634.0		0.93379		0.93908		0.82946		0.79907		0.88144		0.83824		0.66237
AUC improved at epoch  103 ;	best_auc: 0.9337909299716896
104		1635.33		0.93035		0.93552		0.83463		0.81863		0.86082		0.8392		0.6701
105		1636.68		0.93299		0.93788		0.83463		0.8066		0.88144		0.84236		0.67208
106		1638.46		0.93531		0.94082		0.86305		0.85075		0.88144		0.86582		0.72655
AUC improved at epoch  106 ;	best_auc: 0.9353132845467657
107		1640.42		0.93697		0.94211		0.85013		0.81481		0.90722		0.85854		0.70474
AUC improved at epoch  107 ;	best_auc: 0.9369691789968485
108		1641.88		0.93494		0.94009		0.86563		0.855		0.88144		0.86802		0.73159
109		1643.22		0.93854		0.94448		0.83463		0.79018		0.91237		0.84689		0.67731
AUC improved at epoch  109 ;	best_auc: 0.9385449495219272
110		1644.69		0.93555		0.94212		0.84755		0.8534		0.84021		0.84675		0.69518
111		1645.96		0.93523		0.94134		0.83463		0.79279		0.90722		0.84615		0.67625
112		1647.25		0.9367		0.94229		0.86047		0.83981		0.89175		0.865		0.72227
113		1649.23		0.93734		0.94288		0.86563		0.855		0.88144		0.86802		0.73159
114		1650.38		0.93689		0.94367		0.83204		0.79186		0.90206		0.84337		0.67052
115		1651.68		0.93384		0.94065		0.84755		0.82609		0.88144		0.85287		0.69661
116		1653.55		0.93344		0.94124		0.85271		0.84772		0.86082		0.85422		0.7055
117		1655.11		0.93558		0.94345		0.84496		0.81308		0.89691		0.85294		0.69355
118		1656.42		0.93943		0.94611		0.85271		0.8216		0.90206		0.85995		0.70878
AUC improved at epoch  118 ;	best_auc: 0.9394263126969713
119		1657.74		0.93641		0.9425		0.86563		0.86979		0.86082		0.86528		0.73131
120		1659.17		0.93844		0.9465		0.84755		0.80543		0.91753		0.85783		0.70185
121		1660.59		0.93531		0.9452		0.84238		0.8009		0.91237		0.85301		0.69141
122		1661.8		0.93352		0.94346		0.83979		0.83		0.85567		0.84264		0.67989
123		1663.14		0.93734		0.94521		0.86822		0.84878		0.89691		0.87218		0.73759
124		1664.93		0.94047		0.94714		0.86047		0.8211		0.92268		0.86893		0.72645
AUC improved at epoch  124 ;	best_auc: 0.9404679237220234
125		1666.69		0.941		0.94816		0.86305		0.85427		0.87629		0.86514		0.72632
AUC improved at epoch  125 ;	best_auc: 0.9410020832220501
126		1667.98		0.93951		0.94719		0.86563		0.85149		0.8866		0.86869		0.73186
127		1669.71		0.93718		0.94535		0.85271		0.81567		0.91237		0.86131		0.71037
128		1671.94		0.93379		0.94297		0.85271		0.82775		0.89175		0.85856		0.7075
129		1673.65		0.93959		0.94765		0.85788		0.82326		0.91237		0.86553		0.71994
130		1674.94		0.94354		0.95101		0.86047		0.8271		0.91237		0.86765		0.72474
AUC improved at epoch  130 ;	best_auc: 0.9435393408471769
131		1676.18		0.94525		0.9525		0.8708		0.85644		0.89175		0.87374		0.74221
AUC improved at epoch  131 ;	best_auc: 0.9452486512472624
132		1677.44		0.9449		0.95189		0.87339		0.85714		0.89691		0.87657		0.74755
133		1679.0		0.94178		0.94924		0.86822		0.84541		0.90206		0.87282		0.73805
134		1680.62		0.94103		0.94877		0.86822		0.85222		0.89175		0.87154		0.7372
135		1682.9		0.94095		0.9501		0.86563		0.84466		0.89691		0.87		0.73263
136		1684.11		0.94252		0.9517		0.86047		0.84653		0.88144		0.86364		0.72152
137		1685.55		0.94503		0.95249		0.87339		0.84038		0.92268		0.87961		0.75033
138		1687.35		0.94546		0.95279		0.8708		0.85294		0.89691		0.87437		0.74256
AUC improved at epoch  138 ;	best_auc: 0.9454623150472731
139		1688.88		0.9465		0.95385		0.88372		0.867		0.90722		0.88665		0.76824
AUC improved at epoch  139 ;	best_auc: 0.9465039260723251
140		1690.29		0.94632		0.95492		0.86822		0.83568		0.91753		0.87469		0.73994
141		1691.72		0.94528		0.95449		0.8708		0.86364		0.88144		0.87245		0.74175
142		1693.2		0.94477		0.95451		0.87339		0.85366		0.90206		0.87719		0.74794
143		1694.54		0.94471		0.95472		0.86305		0.83732		0.90206		0.86849		0.72823
144		1695.87		0.94426		0.95409		0.86822		0.85222		0.89175		0.87154		0.7372
145		1697.27		0.94546		0.95495		0.88114		0.87		0.89691		0.88325		0.76262
146		1698.7		0.94704		0.95618		0.87855		0.86207		0.90206		0.88161		0.7579
AUC improved at epoch  146 ;	best_auc: 0.9470380855723519
147		1700.69		0.94682		0.95572		0.8708		0.84286		0.91237		0.87624		0.74409
148		1702.53		0.94351		0.95254		0.86822		0.84541		0.90206		0.87282		0.73805
149		1703.85		0.94397		0.9524		0.86047		0.8271		0.91237		0.86765		0.72474
150		1705.73		0.94455		0.95331		0.85788		0.82938		0.90206		0.8642		0.71848
151		1707.35		0.94458		0.95351		0.87339		0.87565		0.87113		0.87339		0.74678
152		1708.95		0.9466		0.95509		0.87855		0.85507		0.91237		0.88279		0.75878
153		1710.77		0.94744		0.95546		0.86563		0.8287		0.92268		0.87317		0.73596
AUC improved at epoch  153 ;	best_auc: 0.9474387051973719
154		1712.0		0.94544		0.95414		0.87855		0.8731		0.8866		0.8798		0.75719
155		1713.33		0.94749		0.95574		0.86822		0.86294		0.87629		0.86957		0.73651
AUC improved at epoch  155 ;	best_auc: 0.9474921211473746
156		1714.58		0.94605		0.95556		0.86305		0.83732		0.90206		0.86849		0.72823
157		1715.76		0.94467		0.95444		0.8553		0.82857		0.89691		0.86139		0.71297
158		1716.95		0.94339		0.95352		0.86822		0.8593		0.88144		0.87023		0.73666
159		1718.94		0.94266		0.95218		0.8553		0.82243		0.90722		0.86275		0.71434
160		1720.57		0.94706		0.95617		0.86822		0.83256		0.92268		0.87531		0.74074
161		1722.36		0.94792		0.95707		0.87339		0.86432		0.8866		0.87532		0.747
AUC improved at epoch  161 ;	best_auc: 0.947919448747396
162		1724.32		0.94787		0.95676		0.87855		0.8731		0.8866		0.8798		0.75719
163		1726.07		0.94843		0.95684		0.8708		0.83645		0.92268		0.87745		0.74553
AUC improved at epoch  163 ;	best_auc: 0.9484269002724214
164		1727.25		0.94446		0.95393		0.8553		0.82547		0.90206		0.86207		0.71362
165		1728.44		0.94151		0.9524		0.87597		0.865		0.89175		0.87817		0.75228
166		1729.74		0.94276		0.95379		0.86305		0.83732		0.90206		0.86849		0.72823
167		1731.22		0.94616		0.95593		0.86563		0.83178		0.91753		0.87255		0.73513
168		1732.61		0.94725		0.95603		0.87597		0.84434		0.92268		0.88177		0.75515
169		1733.8		0.94562		0.95407		0.87339		0.85366		0.90206		0.87719		0.74794
170		1735.06		0.94417		0.95191		0.87855		0.87692		0.88144		0.87918		0.75711
171		1737.14		0.94389		0.95275		0.88114		0.87755		0.8866		0.88205		0.76231
172		1738.89		0.94466		0.95425		0.87339		0.8436		0.91753		0.87901		0.74961
173		1740.54		0.94469		0.95565		0.87339		0.8436		0.91753		0.87901		0.74961
174		1742.1		0.94389		0.95581		0.87339		0.85366		0.90206		0.87719		0.74794
175		1743.72		0.94418		0.95593		0.87597		0.85437		0.90722		0.88		0.75335
176		1745.3		0.94685		0.95765		0.8708		0.84286		0.91237		0.87624		0.74409
177		1746.49		0.94731		0.95769		0.87339		0.84038		0.92268		0.87961		0.75033
178		1747.69		0.94677		0.95709		0.87597		0.85784		0.90206		0.8794		0.75291
179		1748.88		0.94653		0.95671		0.88372		0.87437		0.89691		0.8855		0.76768
180		1750.34		0.94733		0.95716		0.87855		0.86935		0.89175		0.88041		0.75734
181		1751.72		0.9486		0.95841		0.87597		0.85784		0.90206		0.8794		0.75291
AUC improved at epoch  181 ;	best_auc: 0.94860050210993
182		1753.48		0.94962		0.9597		0.87855		0.85854		0.90722		0.88221		0.7583
AUC improved at epoch  182 ;	best_auc: 0.9496154051599807
183		1755.09		0.94944		0.95989		0.87339		0.85366		0.90206		0.87719		0.74794
184		1756.25		0.94911		0.96001		0.87597		0.85784		0.90206		0.8794		0.75291
185		1758.24		0.94765		0.95886		0.8708		0.85294		0.89691		0.87437		0.74256
186		1759.47		0.94672		0.95808		0.86563		0.84466		0.89691		0.87		0.73263
187		1761.36		0.94589		0.95739		0.86047		0.83654		0.89691		0.86567		0.72277
188		1762.75		0.9451		0.9565		0.86047		0.83333		0.90206		0.86634		0.72335
189		1764.17		0.94677		0.95803		0.86047		0.83981		0.89175		0.865		0.72227
190		1765.39		0.94789		0.95878		0.86822		0.85222		0.89175		0.87154		0.7372
191		1766.6		0.94869		0.95929		0.87855		0.86207		0.90206		0.88161		0.7579
192		1768.07		0.95059		0.96076		0.88114		0.86275		0.90722		0.88442		0.76326
AUC improved at epoch  192 ;	best_auc: 0.9505902462475295
193		1770.12		0.95096		0.96079		0.88114		0.85238		0.92268		0.88614		0.76484
AUC improved at epoch  193 ;	best_auc: 0.9509641578975483
194		1772.09		0.95066		0.96053		0.87855		0.85167		0.91753		0.88337		0.75934
195		1773.88		0.94956		0.95968		0.87597		0.85096		0.91237		0.8806		0.75387
196		1775.57		0.94827		0.95849		0.87855		0.86207		0.90206		0.88161		0.7579
197		1777.05		0.9471		0.9574		0.88114		0.86634		0.90206		0.88384		0.7629
198		1778.47		0.94781		0.95821		0.87339		0.85714		0.89691		0.87657		0.74755
199		1779.79		0.94795		0.95857		0.86563		0.84466		0.89691		0.87		0.73263
200		1781.03		0.9484		0.95916		0.8708		0.84951		0.90206		0.875		0.74299
201		1782.29		0.94828		0.95933		0.87339		0.85714		0.89691		0.87657		0.74755
202		1783.54		0.94899		0.96004		0.8708		0.85294		0.89691		0.87437		0.74256
203		1785.65		0.94899		0.96026		0.86822		0.85222		0.89175		0.87154		0.7372
204		1787.36		0.94772		0.9594		0.86047		0.83981		0.89175		0.865		0.72227
205		1789.01		0.94776		0.95942		0.85788		0.83575		0.89175		0.86284		0.71733
206		1790.56		0.94827		0.95944		0.85271		0.82464		0.89691		0.85926		0.7081
207		1792.06		0.94835		0.95922		0.84755		0.8169		0.89691		0.85504		0.69839
208		1793.25		0.94783		0.95817		0.85013		0.82075		0.89691		0.85714		0.70324
209		1794.53		0.94781		0.95793		0.85788		0.83254		0.89691		0.86352		0.71786
210		1795.92		0.94819		0.95818		0.86047		0.83981		0.89175		0.865		0.72227
211		1797.35		0.9495		0.95957		0.87339		0.85714		0.89691		0.87657		0.74755
212		1799.22		0.94956		0.95994		0.87855		0.86207		0.90206		0.88161		0.7579
213		1800.53		0.95003		0.96029		0.87597		0.85784		0.90206		0.8794		0.75291
214		1802.75		0.94908		0.95948		0.8708		0.84951		0.90206		0.875		0.74299
215		1804.29		0.94823		0.95866		0.86822		0.84541		0.90206		0.87282		0.73805
216		1806.44		0.94956		0.95951		0.87597		0.85437		0.90722		0.88		0.75335
217		1808.04		0.94998		0.95956		0.87339		0.85024		0.90722		0.87781		0.74842
218		1809.45		0.94994		0.95948		0.86822		0.83886		0.91237		0.87407		0.73923
219		1811.01		0.94938		0.95893		0.86305		0.83732		0.90206		0.86849		0.72823
220		1812.3		0.94796		0.95773		0.86563		0.84466		0.89691		0.87		0.73263
221		1813.73		0.94728		0.95763		0.86822		0.85222		0.89175		0.87154		0.7372
222		1815.09		0.94747		0.95809		0.86047		0.83981		0.89175		0.865		0.72227
223		1817.0		0.94793		0.95859		0.85788		0.82629		0.90722		0.86486		0.71917
224		1818.46		0.94783		0.95856		0.8553		0.81944		0.91237		0.86341		0.71515
225		1820.05		0.94821		0.95903		0.85788		0.82326		0.91237		0.86553		0.71994
226		1821.88		0.9482		0.95906		0.8553		0.82547		0.90206		0.86207		0.71362
227		1823.38		0.94764		0.9583		0.86305		0.84058		0.89691		0.86783		0.72769
228		1824.6		0.94811		0.95839		0.86563		0.84804		0.89175		0.86935		0.73221
229		1826.13		0.94856		0.95866		0.86047		0.84653		0.88144		0.86364		0.72152
230		1827.51		0.94925		0.95904		0.85788		0.84925		0.87113		0.86005		0.71598
231		1828.91		0.94877		0.95874		0.86305		0.84729		0.8866		0.8665		0.72685
232		1830.13		0.94904		0.95904		0.86047		0.84314		0.8866		0.86432		0.72186
233		1832.35		0.94877		0.95849		0.86047		0.84314		0.8866		0.86432		0.72186
234		1833.62		0.94694		0.95675		0.86047		0.83981		0.89175		0.865		0.72227
235		1834.94		0.94597		0.95582		0.86047		0.83981		0.89175		0.865		0.72227
236		1836.75		0.9453		0.9556		0.86047		0.84314		0.8866		0.86432		0.72186
237		1838.66		0.94469		0.95532		0.86563		0.855		0.88144		0.86802		0.73159
238		1841.13		0.94495		0.95585		0.86822		0.85222		0.89175		0.87154		0.7372
239		1843.34		0.94501		0.95603		0.86822		0.85222		0.89175		0.87154		0.7372
240		1844.73		0.94628		0.95738		0.86047		0.83981		0.89175		0.865		0.72227
241		1846.65		0.94725		0.95841		0.86822		0.84211		0.90722		0.87345		0.7386
242		1847.96		0.94773		0.95888		0.86047		0.83019		0.90722		0.867		0.724
243		1849.22		0.94759		0.95859		0.8708		0.84286		0.91237		0.87624		0.74409
244		1850.44		0.94788		0.95893		0.86822		0.84878		0.89691		0.87218		0.73759
245		1851.75		0.94752		0.95868		0.87339		0.85714		0.89691		0.87657		0.74755
246		1853.44		0.94727		0.9583		0.87339		0.8607		0.89175		0.87595		0.74723
247		1854.91		0.94727		0.95815		0.86822		0.85572		0.8866		0.87089		0.73689
248		1856.43		0.94832		0.95895		0.86822		0.84878		0.89691		0.87218		0.73759
249		1857.71		0.94917		0.95954		0.86305		0.84729		0.8866		0.8665		0.72685
250		1859.86		0.94927		0.9597		0.86822		0.83886		0.91237		0.87407		0.73923
251		1861.16		0.94853		0.95908		0.8708		0.84286		0.91237		0.87624		0.74409
252		1862.41		0.9484		0.95907		0.86305		0.84058		0.89691		0.86783		0.72769
253		1863.74		0.94777		0.95855		0.86563		0.85149		0.8866		0.86869		0.73186
254		1865.07		0.94741		0.95828		0.86305		0.84058		0.89691		0.86783		0.72769
255		1866.56		0.94692		0.9578		0.86305		0.8439		0.89175		0.86717		0.72723
256		1867.88		0.9471		0.95762		0.85788		0.83575		0.89175		0.86284		0.71733
257		1869.65		0.94839		0.95821		0.8553		0.83173		0.89175		0.8607		0.71241
258		1871.38		0.94833		0.95775		0.86563		0.84135		0.90206		0.87065		0.73314
259		1873.15		0.94887		0.9581		0.86822		0.84878		0.89691		0.87218		0.73759
260		1874.49		0.95003		0.9592		0.8708		0.86364		0.88144		0.87245		0.74175
261		1876.09		0.95104		0.96011		0.86563		0.855		0.88144		0.86802		0.73159
AUC improved at epoch  261 ;	best_auc: 0.9510442818225522
262		1878.24		0.95193		0.96103		0.8708		0.85644		0.89175		0.87374		0.74221
AUC improved at epoch  262 ;	best_auc: 0.9519256449975962
263		1879.79		0.95189		0.96127		0.87597		0.85784		0.90206		0.8794		0.75291
264		1881.13		0.95123		0.96077		0.87339		0.85366		0.90206		0.87719		0.74794
265		1882.38		0.95		0.96014		0.88114		0.85922		0.91237		0.885		0.7637
266		1884.3		0.94784		0.95859		0.86822		0.84878		0.89691		0.87218		0.73759
267		1886.3		0.94708		0.95792		0.86563		0.84466		0.89691		0.87		0.73263
268		1887.96		0.94606		0.95727		0.86305		0.84058		0.89691		0.86783		0.72769
269		1889.2		0.94585		0.95725		0.85788		0.83254		0.89691		0.86352		0.71786
270		1890.59		0.94586		0.95746		0.85788		0.82938		0.90206		0.8642		0.71848
271		1891.97		0.94669		0.95827		0.86047		0.83654		0.89691		0.86567		0.72277
272		1893.22		0.94744		0.95916		0.8553		0.83173		0.89175		0.8607		0.71241
273		1894.71		0.94765		0.95932		0.85788		0.83575		0.89175		0.86284		0.71733
274		1895.87		0.94749		0.95916		0.86563		0.85149		0.8866		0.86869		0.73186
275		1897.28		0.94773		0.95915		0.86822		0.85572		0.8866		0.87089		0.73689
276		1899.6		0.94706		0.95828		0.86563		0.84466		0.89691		0.87		0.73263
277		1901.39		0.94728		0.95824		0.85788		0.83575		0.89175		0.86284		0.71733
278		1902.73		0.94688		0.95803		0.85788		0.83902		0.8866		0.86216		0.71688
279		1903.93		0.94632		0.95751		0.86305		0.85075		0.88144		0.86582		0.72655
280		1905.23		0.94471		0.9557		0.8708		0.86364		0.88144		0.87245		0.74175
281		1906.63		0.94433		0.95551		0.86305		0.85075		0.88144		0.86582		0.72655
282		1908.03		0.94533		0.9562		0.85271		0.83092		0.8866		0.85786		0.70697
283		1909.21		0.94621		0.95695		0.85788		0.83254		0.89691		0.86352		0.71786
284		1911.02		0.94717		0.95793		0.86047		0.83019		0.90722		0.867		0.724
285		1912.55		0.94784		0.95857		0.86305		0.84058		0.89691		0.86783		0.72769
286		1914.04		0.94835		0.95904		0.86822		0.85222		0.89175		0.87154		0.7372
287		1915.64		0.94792		0.95869		0.86822		0.86294		0.87629		0.86957		0.73651
288		1917.07		0.94852		0.95919		0.87339		0.87179		0.87629		0.87404		0.74677
289		1918.43		0.94909		0.95963		0.8708		0.86		0.8866		0.8731		0.74194
290		1920.4		0.94971		0.96004		0.87597		0.86869		0.8866		0.87755		0.75208
291		1922.06		0.95051		0.96061		0.86822		0.84211		0.90722		0.87345		0.7386
292		1923.49		0.95072		0.96052		0.85788		0.82629		0.90722		0.86486		0.71917
293		1924.88		0.95071		0.96044		0.86305		0.83732		0.90206		0.86849		0.72823
294		1926.21		0.95051		0.96015		0.86305		0.84058		0.89691		0.86783		0.72769
295		1927.89		0.94923		0.95923		0.8708		0.85644		0.89175		0.87374		0.74221
296		1929.29		0.94883		0.9591		0.87597		0.86869		0.8866		0.87755		0.75208
297		1930.87		0.94896		0.95952		0.87597		0.86869		0.8866		0.87755		0.75208
298		1932.27		0.94915		0.95954		0.86305		0.84058		0.89691		0.86783		0.72769
299		1934.31		0.94931		0.95968		0.86047		0.83333		0.90206		0.86634		0.72335
300		1935.61		0.9496		0.95991		0.8553		0.82547		0.90206		0.86207		0.71362
301		1936.96		0.94983		0.96017		0.8553		0.82857		0.89691		0.86139		0.71297
302		1938.28		0.94936		0.95999		0.86305		0.84058		0.89691		0.86783		0.72769
303		1939.68		0.94871		0.95951		0.8708		0.86		0.8866		0.8731		0.74194
304		1940.81		0.94877		0.95918		0.87597		0.865		0.89175		0.87817		0.75228
305		1942.05		0.94717		0.95763		0.8708		0.86		0.8866		0.8731		0.74194
306		1944.18		0.94609		0.95647		0.8708		0.86		0.8866		0.8731		0.74194
307		1946.19		0.94561		0.95582		0.8708		0.85644		0.89175		0.87374		0.74221
308		1947.44		0.94616		0.95643		0.8708		0.85294		0.89691		0.87437		0.74256
309		1948.65		0.94688		0.95717		0.87597		0.85784		0.90206		0.8794		0.75291
310		1950.03		0.94737		0.95769		0.87339		0.85714		0.89691		0.87657		0.74755
311		1951.58		0.94775		0.95811		0.87855		0.86935		0.89175		0.88041		0.75734
312		1953.19		0.94864		0.95856		0.88114		0.87755		0.8866		0.88205		0.76231
313		1954.78		0.94896		0.95852		0.88372		0.88205		0.8866		0.88432		0.76745
314		1956.47		0.94933		0.95878		0.88372		0.88601		0.88144		0.88372		0.76745
315		1958.61		0.94929		0.95882		0.87597		0.865		0.89175		0.87817		0.75228
316		1960.45		0.94895		0.95889		0.87855		0.85507		0.91237		0.88279		0.75878
317		1961.61		0.94763		0.95803		0.8708		0.84286		0.91237		0.87624		0.74409
318		1962.75		0.94642		0.95789		0.8708		0.85294		0.89691		0.87437		0.74256
319		1963.97		0.94445		0.95669		0.86822		0.8593		0.88144		0.87023		0.73666
320		1965.19		0.94347		0.9558		0.87339		0.86432		0.8866		0.87532		0.747
321		1966.38		0.94367		0.95558		0.86822		0.85572		0.8866		0.87089		0.73689
322		1967.94		0.94439		0.95529		0.85788		0.83902		0.8866		0.86216		0.71688
323		1969.65		0.94544		0.95542		0.8553		0.82857		0.89691		0.86139		0.71297
324		1971.25		0.94569		0.95541		0.86563		0.84135		0.90206		0.87065		0.73314
325		1973.54		0.94542		0.95516		0.86047		0.83981		0.89175		0.865		0.72227
326		1975.41		0.94553		0.95566		0.86563		0.84804		0.89175		0.86935		0.73221
327		1976.87		0.94641		0.95677		0.86047		0.83981		0.89175		0.865		0.72227
328		1978.02		0.94613		0.9567		0.8553		0.82857		0.89691		0.86139		0.71297
329		1979.27		0.94598		0.95669		0.85271		0.8216		0.90206		0.85995		0.70878
330		1980.42		0.94625		0.95719		0.86047		0.8271		0.91237		0.86765		0.72474
331		1981.64		0.94588		0.95705		0.85271		0.82464		0.89691		0.85926		0.7081
332		1982.83		0.94672		0.95776		0.86047		0.83019		0.90722		0.867		0.724
333		1983.98		0.94592		0.95702		0.8553		0.82857		0.89691		0.86139		0.71297
334		1985.61		0.94493		0.95588		0.8553		0.83495		0.8866		0.86		0.71192
335		1987.66		0.94439		0.95514		0.86047		0.84314		0.8866		0.86432		0.72186
336		1989.38		0.94361		0.95448		0.86563		0.85149		0.8866		0.86869		0.73186
337		1991.52		0.9437		0.95421		0.86822		0.85222		0.89175		0.87154		0.7372
338		1993.01		0.94618		0.95647		0.86305		0.83732		0.90206		0.86849		0.72823
339		1994.23		0.9474		0.95752		0.85271		0.8216		0.90206		0.85995		0.70878
340		1995.38		0.94821		0.95876		0.86822		0.84211		0.90722		0.87345		0.7386
341		1996.63		0.94736		0.95831		0.86822		0.85222		0.89175		0.87154		0.7372
342		1997.75		0.94584		0.95708		0.88372		0.88601		0.88144		0.88372		0.76745
343		1999.0		0.94685		0.95736		0.87597		0.86869		0.8866		0.87755		0.75208
344		2000.15		0.94767		0.95776		0.87855		0.86207		0.90206		0.88161		0.7579
345		2001.3		0.94723		0.9574		0.8708		0.84615		0.90722		0.87562		0.7435
346		2002.55		0.94529		0.9564		0.86047		0.83654		0.89691		0.86567		0.72277
347		2004.62		0.94441		0.95602		0.86305		0.84058		0.89691		0.86783		0.72769
348		2006.48		0.94351		0.95577		0.86563		0.84466		0.89691		0.87		0.73263
349		2008.32		0.94574		0.95764		0.86563		0.84135		0.90206		0.87065		0.73314
350		2010.08		0.94753		0.95901		0.86563		0.84135		0.90206		0.87065		0.73314
351		2011.83		0.94915		0.96021		0.8863		0.86408		0.91753		0.89		0.77406
352		2013.65		0.94891		0.95974		0.87855		0.85854		0.90722		0.88221		0.7583
353		2015.46		0.94865		0.95928		0.87339		0.86432		0.8866		0.87532		0.747
354		2017.17		0.9486		0.95941		0.87855		0.86567		0.89691		0.88101		0.75758
355		2018.57		0.94852		0.95947		0.8708		0.85294		0.89691		0.87437		0.74256
356		2019.88		0.94915		0.95918		0.86563		0.84135		0.90206		0.87065		0.73314
357		2021.06		0.94923		0.95911		0.8708		0.84286		0.91237		0.87624		0.74409
358		2022.97		0.94955		0.95964		0.87339		0.85024		0.90722		0.87781		0.74842
359		2025.0		0.95		0.96018		0.8863		0.875		0.90206		0.88832		0.77296
360		2026.26		0.95022		0.96051		0.87855		0.86935		0.89175		0.88041		0.75734
361		2027.4		0.94952		0.95996		0.86822		0.8593		0.88144		0.87023		0.73666
362		2028.6		0.94869		0.95907		0.86047		0.83981		0.89175		0.865		0.72227
363		2030.45		0.94853		0.95902		0.86047		0.83981		0.89175		0.865		0.72227
364		2031.62		0.948		0.95869		0.86047		0.84314		0.8866		0.86432		0.72186
365		2033.2		0.94677		0.95754		0.86822		0.84878		0.89691		0.87218		0.73759
366		2034.57		0.9457		0.95635		0.86563		0.85149		0.8866		0.86869		0.73186
367		2035.97		0.94482		0.95604		0.87339		0.86432		0.8866		0.87532		0.747
368		2037.74		0.94466		0.95604		0.85271		0.82775		0.89175		0.85856		0.7075
369		2039.27		0.94495		0.95655		0.8553		0.82547		0.90206		0.86207		0.71362
370		2040.39		0.9447		0.95666		0.85788		0.83254		0.89691		0.86352		0.71786
371		2041.6		0.94419		0.9565		0.86563		0.85149		0.8866		0.86869		0.73186
372		2042.86		0.94445		0.95678		0.87339		0.8607		0.89175		0.87595		0.74723
373		2044.8		0.94501		0.95703		0.86822		0.84878		0.89691		0.87218		0.73759
374		2045.99		0.94568		0.95744		0.86563		0.84135		0.90206		0.87065		0.73314
375		2047.17		0.94542		0.9569		0.86047		0.83019		0.90722		0.867		0.724
376		2048.62		0.9463		0.95731		0.85788		0.82629		0.90722		0.86486		0.71917
377		2050.15		0.94684		0.9575		0.86305		0.83412		0.90722		0.86914		0.72885
378		2051.9		0.94735		0.95798		0.86822		0.84878		0.89691		0.87218		0.73759
379		2053.73		0.94792		0.95854		0.86563		0.855		0.88144		0.86802		0.73159
380		2055.06		0.94765		0.95833		0.86563		0.855		0.88144		0.86802		0.73159
381		2057.03		0.9472		0.95799		0.86305		0.84729		0.8866		0.8665		0.72685
382		2059.31		0.94756		0.95817		0.86047		0.83333		0.90206		0.86634		0.72335
383		2060.74		0.94731		0.95802		0.85788		0.82629		0.90722		0.86486		0.71917
384		2061.84		0.94685		0.95777		0.85788		0.82629		0.90722		0.86486		0.71917
385		2063.02		0.94698		0.95783		0.8553		0.82547		0.90206		0.86207		0.71362
386		2064.31		0.94751		0.95833		0.86047		0.83333		0.90206		0.86634		0.72335
387		2065.46		0.94698		0.958		0.86822		0.84878		0.89691		0.87218		0.73759
388		2066.62		0.94701		0.95805		0.87855		0.86935		0.89175		0.88041		0.75734
389		2068.64		0.94637		0.95762		0.86305		0.84729		0.8866		0.8665		0.72685
390		2069.91		0.94564		0.95677		0.86047		0.84314		0.8866		0.86432		0.72186
391		2071.12		0.94537		0.95659		0.85271		0.83092		0.8866		0.85786		0.70697
392		2072.74		0.94518		0.95606		0.85271		0.83092		0.8866		0.85786		0.70697
393		2074.41		0.94642		0.95705		0.8553		0.83495		0.8866		0.86		0.71192
394		2075.84		0.94733		0.95804		0.86047		0.84314		0.8866		0.86432		0.72186
395		2077.2		0.94815		0.95889		0.87339		0.85714		0.89691		0.87657		0.74755
396		2078.4		0.94859		0.95918		0.8708		0.85294		0.89691		0.87437		0.74256
397		2079.87		0.94896		0.95947		0.8708		0.84951		0.90206		0.875		0.74299
398		2081.52		0.94883		0.95912		0.87339		0.85024		0.90722		0.87781		0.74842
399		2083.09		0.94803		0.95821		0.86305		0.83732		0.90206		0.86849		0.72823
400		2084.19		0.94749		0.95745		0.86047		0.83654		0.89691		0.86567		0.72277
401		2085.6		0.94689		0.9569		0.86305		0.8439		0.89175		0.86717		0.72723
402		2087.35		0.94621		0.95636		0.86822		0.85222		0.89175		0.87154		0.7372
403		2089.03		0.94609		0.95621		0.88114		0.86634		0.90206		0.88384		0.7629
404		2090.54		0.94694		0.95697		0.88372		0.87437		0.89691		0.8855		0.76768
405		2091.9		0.94709		0.95731		0.88114		0.87		0.89691		0.88325		0.76262
406		2094.12		0.9469		0.95713		0.88114		0.87		0.89691		0.88325		0.76262
407		2096.34		0.94731		0.95755		0.87597		0.85437		0.90722		0.88		0.75335
408		2097.6		0.9469		0.95708		0.8708		0.84951		0.90206		0.875		0.74299
409		2098.73		0.94686		0.95726		0.86563		0.84466		0.89691		0.87		0.73263
410		2099.84		0.94662		0.95706		0.87339		0.85024		0.90722		0.87781		0.74842
411		2101.02		0.9466		0.95712		0.87597		0.85784		0.90206		0.8794		0.75291
412		2102.25		0.94646		0.95703		0.8708		0.85294		0.89691		0.87437		0.74256
413		2103.61		0.94702		0.95732		0.86822		0.84211		0.90722		0.87345		0.7386
414		2104.77		0.94678		0.95696		0.86822		0.84211		0.90722		0.87345		0.7386
415		2105.97		0.94625		0.9564		0.86822		0.84211		0.90722		0.87345		0.7386
416		2107.67		0.9453		0.95549		0.86305		0.8439		0.89175		0.86717		0.72723
417		2109.88		0.94466		0.95491		0.86563		0.855		0.88144		0.86802		0.73159
418		2111.38		0.94417		0.95445		0.8553		0.84158		0.87629		0.85859		0.71117
419		2112.52		0.94414		0.95453		0.85013		0.83333		0.87629		0.85427		0.70115
420		2113.68		0.94508		0.9555		0.85271		0.83092		0.8866		0.85786		0.70697
421		2114.94		0.94549		0.95603		0.84755		0.82297		0.8866		0.8536		0.69713
422		2116.28		0.94661		0.95729		0.85271		0.82775		0.89175		0.85856		0.7075
423		2117.48		0.94741		0.95787		0.85788		0.83254		0.89691		0.86352		0.71786
424		2118.65		0.94896		0.95919		0.86305		0.83732		0.90206		0.86849		0.72823
425		2119.82		0.9488		0.95886		0.86563		0.84466		0.89691		0.87		0.73263
426		2121.13		0.94808		0.95803		0.87855		0.86935		0.89175		0.88041		0.75734
427		2122.81		0.9474		0.95705		0.87597		0.86869		0.8866		0.87755		0.75208
428		2124.26		0.94775		0.95733		0.8708		0.85644		0.89175		0.87374		0.74221
429		2125.62		0.94819		0.95796		0.8708		0.85644		0.89175		0.87374		0.74221
430		2127.13		0.94801		0.95825		0.86563		0.84804		0.89175		0.86935		0.73221
431		2128.63		0.94801		0.95877		0.86305		0.8439		0.89175		0.86717		0.72723
432		2130.02		0.94771		0.95871		0.87339		0.8607		0.89175		0.87595		0.74723
433		2131.41		0.94804		0.95888		0.87339		0.8607		0.89175		0.87595		0.74723
434		2132.74		0.94845		0.95924		0.87597		0.86139		0.89691		0.87879		0.75255
435		2134.38		0.9484		0.95922		0.87855		0.85854		0.90722		0.88221		0.7583
436		2135.94		0.94824		0.95902		0.86822		0.83886		0.91237		0.87407		0.73923
437		2137.33		0.94777		0.9584		0.86822		0.84541		0.90206		0.87282		0.73805
438		2138.63		0.94685		0.95753		0.86047		0.84314		0.8866		0.86432		0.72186
439		2140.02		0.94641		0.95693		0.86822		0.85572		0.8866		0.87089		0.73689
440		2141.5		0.94637		0.95664		0.86822		0.85572		0.8866		0.87089		0.73689
441		2142.92		0.94674		0.95693		0.86822		0.84878		0.89691		0.87218		0.73759
442		2144.3		0.94696		0.95692		0.86822		0.84878		0.89691		0.87218		0.73759
443		2145.86		0.94745		0.95729		0.86822		0.84541		0.90206		0.87282		0.73805
444		2147.33		0.9476		0.95768		0.86563		0.8381		0.90722		0.87129		0.73372
445		2148.69		0.94759		0.95764		0.86563		0.84135		0.90206		0.87065		0.73314
446		2150.09		0.94697		0.95752		0.8708		0.85644		0.89175		0.87374		0.74221
447		2151.52		0.94669		0.95751		0.87855		0.86935		0.89175		0.88041		0.75734
448		2152.92		0.94596		0.95698		0.87339		0.86432		0.8866		0.87532		0.747
449		2154.4		0.94554		0.95691		0.86305		0.84729		0.8866		0.8665		0.72685
450		2155.93		0.94584		0.9572		0.86563		0.84804		0.89175		0.86935		0.73221
451		2157.48		0.94698		0.95818		0.86822		0.84541		0.90206		0.87282		0.73805
452		2158.79		0.94795		0.95885		0.86822		0.84541		0.90206		0.87282		0.73805
453		2160.07		0.948		0.95898		0.86822		0.84541		0.90206		0.87282		0.73805
454		2161.45		0.94773		0.95867		0.87339		0.85366		0.90206		0.87719		0.74794
455		2163.27		0.94733		0.95832		0.87597		0.86139		0.89691		0.87879		0.75255
456		2164.86		0.94771		0.95849		0.87339		0.8607		0.89175		0.87595		0.74723
457		2166.05		0.94841		0.95861		0.86563		0.84466		0.89691		0.87		0.73263
458		2167.2		0.94873		0.95827		0.86563		0.8381		0.90722		0.87129		0.73372
459		2168.34		0.94812		0.95761		0.86047		0.83019		0.90722		0.867		0.724
460		2169.71		0.94737		0.95751		0.87597		0.865		0.89175		0.87817		0.75228
461		2171.0		0.9461		0.95664		0.87597		0.87245		0.88144		0.87692		0.75197
462		2172.27		0.94509		0.95603		0.87597		0.87245		0.88144		0.87692		0.75197
463		2173.45		0.94536		0.95632		0.86305		0.85075		0.88144		0.86582		0.72655
464		2175.46		0.94471		0.95581		0.85271		0.82775		0.89175		0.85856		0.7075
465		2177.54		0.94382		0.9552		0.8553		0.82547		0.90206		0.86207		0.71362
466		2178.74		0.94305		0.95465		0.86563		0.8381		0.90722		0.87129		0.73372
467		2179.88		0.94301		0.95433		0.8708		0.84615		0.90722		0.87562		0.7435
468		2181.03		0.94321		0.95451		0.8708		0.85294		0.89691		0.87437		0.74256
469		2182.29		0.94338		0.95458		0.8708		0.85644		0.89175		0.87374		0.74221
470		2183.45		0.94369		0.95496		0.87597		0.865		0.89175		0.87817		0.75228
471		2184.7		0.94367		0.95483		0.86822		0.85572		0.8866		0.87089		0.73689
472		2186.18		0.9435		0.95445		0.8708		0.85644		0.89175		0.87374		0.74221
473		2187.79		0.94284		0.95359		0.86563		0.84804		0.89175		0.86935		0.73221
474		2189.29		0.94238		0.95277		0.87339		0.8607		0.89175		0.87595		0.74723
475		2191.14		0.94186		0.95205		0.86563		0.85149		0.8866		0.86869		0.73186
476		2192.36		0.94283		0.95283		0.86305		0.84729		0.8866		0.8665		0.72685
477		2193.9		0.94418		0.95401		0.86047		0.83654		0.89691		0.86567		0.72277
478		2195.95		0.94624		0.95601		0.86047		0.83333		0.90206		0.86634		0.72335
479		2197.87		0.94704		0.95688		0.85788		0.82938		0.90206		0.8642		0.71848
480		2199.27		0.94768		0.95775		0.88114		0.86634		0.90206		0.88384		0.7629
481		2201.17		0.94696		0.95726		0.87339		0.86432		0.8866		0.87532		0.747
482		2202.31		0.947		0.95741		0.86305		0.84729		0.8866		0.8665		0.72685
483		2203.68		0.94594		0.95678		0.85271		0.82464		0.89691		0.85926		0.7081
484		2205.5		0.94528		0.956		0.85013		0.82075		0.89691		0.85714		0.70324
485		2206.83		0.9457		0.95632		0.8553		0.83173		0.89175		0.8607		0.71241
486		2208.02		0.94614		0.95666		0.87855		0.86935		0.89175		0.88041		0.75734
487		2209.27		0.94649		0.9571		0.87855		0.86935		0.89175		0.88041		0.75734
488		2210.39		0.94674		0.95727		0.86305		0.84729		0.8866		0.8665		0.72685
489		2212.1		0.94592		0.9564		0.86563		0.85149		0.8866		0.86869		0.73186
490		2213.54		0.94481		0.95538		0.85788		0.83902		0.8866		0.86216		0.71688
491		2214.82		0.94426		0.95486		0.8553		0.83495		0.8866		0.86		0.71192
492		2216.31		0.94437		0.95482		0.86047		0.83654		0.89691		0.86567		0.72277
493		2217.7		0.94414		0.95467		0.8708		0.84951		0.90206		0.875		0.74299
494		2219.29		0.94363		0.95459		0.8708		0.84951		0.90206		0.875		0.74299
495		2220.77		0.94469		0.956		0.8708		0.85294		0.89691		0.87437		0.74256
496		2222.29		0.94455		0.95602		0.85788		0.83902		0.8866		0.86216		0.71688
497		2223.47		0.9443		0.95564		0.86047		0.84653		0.88144		0.86364		0.72152
498		2225.48		0.94413		0.95555		0.85788		0.84925		0.87113		0.86005		0.71598
499		2226.62		0.94537		0.95666		0.86305		0.85787		0.87113		0.86445		0.72617
500		2228.1		0.94779		0.9585		0.86563		0.855		0.88144		0.86802		0.73159
501		2230.12		0.94813		0.95891		0.86563		0.85149		0.8866		0.86869		0.73186
502		2232.1		0.94823		0.9589		0.8708		0.85644		0.89175		0.87374		0.74221
503		2233.89		0.94755		0.95806		0.8708		0.84951		0.90206		0.875		0.74299
504		2235.62		0.94797		0.95868		0.85788		0.83254		0.89691		0.86352		0.71786
505		2237.66		0.94825		0.95903		0.86047		0.83333		0.90206		0.86634		0.72335
506		2239.28		0.94805		0.95857		0.86563		0.84135		0.90206		0.87065		0.73314
507		2240.91		0.94828		0.95838		0.87597		0.85096		0.91237		0.8806		0.75387
508		2242.04		0.94924		0.95932		0.87855		0.86935		0.89175		0.88041		0.75734
509		2243.3		0.94781		0.95823		0.88372		0.87817		0.89175		0.88491		0.76752
510		2244.42		0.94777		0.9577		0.87597		0.86869		0.8866		0.87755		0.75208
511		2245.6		0.9469		0.95645		0.86305		0.84058		0.89691		0.86783		0.72769
512		2246.75		0.94642		0.9559		0.86305		0.83732		0.90206		0.86849		0.72823
513		2248.48		0.94731		0.9569		0.86305		0.84058		0.89691		0.86783		0.72769
514		2250.22		0.94784		0.95768		0.86563		0.84804		0.89175		0.86935		0.73221
515		2252.18		0.94781		0.9581		0.88114		0.87374		0.89175		0.88265		0.76242
516		2253.36		0.9484		0.959		0.88889		0.88718		0.89175		0.88946		0.77778
517		2254.6		0.94829		0.95906		0.89147		0.88776		0.89691		0.89231		0.78298
518		2255.74		0.94821		0.9591		0.87855		0.86207		0.90206		0.88161		0.7579
519		2256.93		0.94785		0.95887		0.86563		0.84135		0.90206		0.87065		0.73314
520		2258.14		0.94681		0.95795		0.86822		0.84211		0.90722		0.87345		0.7386
521		2259.49		0.94534		0.95715		0.86822		0.84541		0.90206		0.87282		0.73805
522		2260.62		0.94602		0.9575		0.86563		0.84135		0.90206		0.87065		0.73314
523		2261.74		0.94602		0.95728		0.86305		0.83732		0.90206		0.86849		0.72823
524		2263.41		0.94537		0.95649		0.86305		0.84058		0.89691		0.86783		0.72769
525		2264.75		0.9445		0.95565		0.87339		0.86432		0.8866		0.87532		0.747
526		2266.2		0.94509		0.95583		0.87855		0.8731		0.8866		0.8798		0.75719
527		2267.52		0.94597		0.95616		0.87597		0.865		0.89175		0.87817		0.75228
528		2268.98		0.9464		0.95632		0.86822		0.84541		0.90206		0.87282		0.73805
529		2270.42		0.94724		0.95709		0.86563		0.84135		0.90206		0.87065		0.73314
530		2271.81		0.94717		0.95695		0.8708		0.85294		0.89691		0.87437		0.74256
531		2273.59		0.94661		0.95659		0.8708		0.85644		0.89175		0.87374		0.74221
532		2274.88		0.94609		0.95623		0.8708		0.86		0.8866		0.8731		0.74194
533		2276.24		0.94578		0.95625		0.87339		0.86802		0.88144		0.87468		0.74685
534		2277.69		0.94581		0.95644		0.8708		0.86364		0.88144		0.87245		0.74175
535		2279.29		0.9453		0.95642		0.8708		0.86364		0.88144		0.87245		0.74175
536		2280.67		0.94532		0.9566		0.86822		0.8593		0.88144		0.87023		0.73666
537		2282.18		0.94592		0.95728		0.85788		0.84236		0.88144		0.86146		0.7165
538		2283.57		0.94664		0.95773		0.85013		0.8301		0.88144		0.855		0.70156
539		2285.45		0.94725		0.95803		0.8553		0.83173		0.89175		0.8607		0.71241
540		2286.8		0.94678		0.95724		0.8708		0.85294		0.89691		0.87437		0.74256
541		2288.49		0.94793		0.95786		0.8708		0.85294		0.89691		0.87437		0.74256
542		2290.17		0.95011		0.95964		0.86822		0.84211		0.90722		0.87345		0.7386
543		2291.63		0.95206		0.96124		0.87855		0.84507		0.92784		0.88452		0.76072
AUC improved at epoch  543 ;	best_auc: 0.952059184872603
544		2293.62		0.95075		0.96084		0.87597		0.86869		0.8866		0.87755		0.75208
545		2295.85		0.94938		0.95987		0.88372		0.88601		0.88144		0.88372		0.76745
546		2297.22		0.94828		0.95918		0.88889		0.89529		0.88144		0.88831		0.77788
547		2299.16		0.94864		0.95921		0.86822		0.85572		0.8866		0.87089		0.73689
548		2300.39		0.94853		0.95891		0.87339		0.85714		0.89691		0.87657		0.74755
549		2301.58		0.94812		0.95823		0.8708		0.85294		0.89691		0.87437		0.74256
550		2302.72		0.94803		0.95811		0.87339		0.85714		0.89691		0.87657		0.74755
551		2303.9		0.94784		0.95795		0.88114		0.87374		0.89175		0.88265		0.76242
552		2305.04		0.94692		0.95707		0.87597		0.86869		0.8866		0.87755		0.75208
553		2306.32		0.9469		0.95711		0.87597		0.86139		0.89691		0.87879		0.75255
554		2308.07		0.94705		0.95732		0.87597		0.86139		0.89691		0.87879		0.75255
555		2309.66		0.94704		0.95756		0.86047		0.83981		0.89175		0.865		0.72227
556		2311.53		0.94772		0.95799		0.86563		0.84804		0.89175		0.86935		0.73221
557		2312.89		0.94815		0.95863		0.87339		0.8607		0.89175		0.87595		0.74723
558		2314.02		0.94893		0.95919		0.8708		0.86		0.8866		0.8731		0.74194
559		2315.14		0.94884		0.95925		0.87597		0.87245		0.88144		0.87692		0.75197
560		2316.24		0.94909		0.95934		0.88114		0.88144		0.88144		0.88144		0.76227
561		2317.42		0.94905		0.95907		0.87855		0.86935		0.89175		0.88041		0.75734
562		2318.69		0.94875		0.95882		0.87597		0.86139		0.89691		0.87879		0.75255
563		2320.6		0.94769		0.95806		0.8708		0.85294		0.89691		0.87437		0.74256
564		2322.06		0.94664		0.95747		0.85788		0.84236		0.88144		0.86146		0.7165
565		2323.74		0.94582		0.95705		0.85788		0.84236		0.88144		0.86146		0.7165
566		2325.94		0.94493		0.9566		0.86822		0.8593		0.88144		0.87023		0.73666
567		2327.11		0.94497		0.95656		0.85788		0.84236		0.88144		0.86146		0.7165
568		2328.25		0.94589		0.95742		0.85788		0.84577		0.87629		0.86076		0.7162
569		2329.4		0.94658		0.95814		0.86563		0.85149		0.8866		0.86869		0.73186
570		2331.24		0.94805		0.95926		0.8708		0.85644		0.89175		0.87374		0.74221
571		2333.03		0.94879		0.95966		0.8708		0.85644		0.89175		0.87374		0.74221
572		2334.59		0.94963		0.96017		0.8708		0.85644		0.89175		0.87374		0.74221
573		2336.36		0.94939		0.96005		0.87597		0.865		0.89175		0.87817		0.75228
574		2337.84		0.94885		0.95974		0.87855		0.86567		0.89691		0.88101		0.75758
575		2339.66		0.94706		0.95829		0.87597		0.865		0.89175		0.87817		0.75228
576		2341.1		0.94598		0.95754		0.86822		0.85572		0.8866		0.87089		0.73689
577		2342.25		0.94534		0.95705		0.86305		0.84729		0.8866		0.8665		0.72685
578		2343.37		0.94506		0.95666		0.86305		0.8439		0.89175		0.86717		0.72723
579		2344.69		0.94451		0.95623		0.86047		0.83333		0.90206		0.86634		0.72335
580		2345.83		0.94453		0.95622		0.86047		0.83333		0.90206		0.86634		0.72335
581		2347.08		0.9445		0.95611		0.85788		0.84236		0.88144		0.86146		0.7165
582		2348.21		0.94458		0.95614		0.86563		0.855		0.88144		0.86802		0.73159
583		2349.44		0.94478		0.95629		0.86305		0.8439		0.89175		0.86717		0.72723
584		2350.65		0.94485		0.95622		0.86305		0.8439		0.89175		0.86717		0.72723
585		2352.1		0.94538		0.9565		0.86563		0.84804		0.89175		0.86935		0.73221
586		2353.55		0.94613		0.95682		0.86822		0.85222		0.89175		0.87154		0.7372
587		2355.39		0.94645		0.95697		0.87855		0.86567		0.89691		0.88101		0.75758
588		2356.96		0.94644		0.95695		0.8863		0.88265		0.89175		0.88718		0.77264
589		2358.56		0.94624		0.95691		0.88372		0.88205		0.8866		0.88432		0.76745
590		2360.49		0.9458		0.95667		0.88114		0.88144		0.88144		0.88144		0.76227
591		2366.76		0.94669		0.95767		0.87855		0.86935		0.89175		0.88041		0.75734
592		2371.34		0.94725		0.95839		0.86822		0.85222		0.89175		0.87154		0.7372
593		2374.87		0.94731		0.95865		0.86047		0.83981		0.89175		0.865		0.72227
594		2378.68		0.94609		0.95787		0.86563		0.84804		0.89175		0.86935		0.73221
595		2380.85		0.94554		0.95726		0.8708		0.86		0.8866		0.8731		0.74194
596		2383.73		0.94533		0.95678		0.87339		0.86802		0.88144		0.87468		0.74685
597		2385.45		0.94541		0.95652		0.87339		0.86802		0.88144		0.87468		0.74685
598		2386.99		0.9455		0.95648		0.86822		0.85572		0.8866		0.87089		0.73689
599		2388.18		0.94626		0.9571		0.8708		0.86		0.8866		0.8731		0.74194
600		2389.47		0.94696		0.95769		0.87855		0.8731		0.8866		0.8798		0.75719
601		2390.62		0.94701		0.95786		0.87855		0.8731		0.8866		0.8798		0.75719
602		2391.73		0.94743		0.95847		0.88114		0.87755		0.8866		0.88205		0.76231
603		2392.88		0.94723		0.95849		0.87339		0.85714		0.89691		0.87657		0.74755
604		2394.19		0.9472		0.95862		0.86305		0.84058		0.89691		0.86783		0.72769
605		2396.3		0.94657		0.9582		0.86305		0.8439		0.89175		0.86717		0.72723
606		2397.47		0.94621		0.95791		0.87339		0.8607		0.89175		0.87595		0.74723
607		2399.1		0.94614		0.95767		0.8708		0.85644		0.89175		0.87374		0.74221
608		2400.99		0.94629		0.95763		0.87855		0.86567		0.89691		0.88101		0.75758
609		2402.64		0.94626		0.95747		0.87855		0.86567		0.89691		0.88101		0.75758
610		2403.77		0.94608		0.95697		0.8708		0.85294		0.89691		0.87437		0.74256
611		2404.96		0.94565		0.95647		0.87339		0.85714		0.89691		0.87657		0.74755
612		2406.37		0.94389		0.95478		0.8708		0.86		0.8866		0.8731		0.74194
613		2407.98		0.94311		0.954		0.87339		0.86802		0.88144		0.87468		0.74685
614		2409.27		0.94442		0.95481		0.86822		0.85572		0.8866		0.87089		0.73689
615		2410.58		0.94669		0.95688		0.8708		0.85644		0.89175		0.87374		0.74221
616		2411.71		0.94795		0.95804		0.86563		0.855		0.88144		0.86802		0.73159
617		2412.85		0.94824		0.9584		0.86563		0.855		0.88144		0.86802		0.73159
618		2414.47		0.94833		0.95857		0.8708		0.86		0.8866		0.8731		0.74194
619		2416.04		0.94749		0.95804		0.86563		0.85149		0.8866		0.86869		0.73186
620		2417.31		0.94664		0.9574		0.86822		0.85222		0.89175		0.87154		0.7372
621		2419.25		0.9459		0.95696		0.8708		0.85294		0.89691		0.87437		0.74256
622		2421.27		0.94474		0.95641		0.87597		0.86869		0.8866		0.87755		0.75208
623		2422.56		0.94437		0.9563		0.88114		0.87374		0.89175		0.88265		0.76242
624		2423.77		0.94461		0.95598		0.87597		0.86139		0.89691		0.87879		0.75255
625		2424.92		0.94487		0.95591		0.86047		0.83654		0.89691		0.86567		0.72277
626		2426.11		0.94427		0.95597		0.87339		0.8607		0.89175		0.87595		0.74723
627		2427.42		0.94383		0.95599		0.87597		0.86869		0.8866		0.87755		0.75208
628		2429.33		0.94385		0.95575		0.87597		0.87245		0.88144		0.87692		0.75197
629		2431.23		0.94413		0.95558		0.85788		0.83902		0.8866		0.86216		0.71688
630		2433.03		0.94574		0.9566		0.85271		0.82464		0.89691		0.85926		0.7081
631		2434.78		0.9462		0.95657		0.86047		0.84314		0.8866		0.86432		0.72186
632		2436.22		0.9461		0.95655		0.88114		0.87755		0.8866		0.88205		0.76231
633		2437.37		0.94645		0.95676		0.8863		0.87879		0.89691		0.88776		0.77276
634		2438.52		0.94676		0.95706		0.87339		0.85366		0.90206		0.87719		0.74794
635		2439.63		0.94658		0.95721		0.8708		0.86364		0.88144		0.87245		0.74175
636		2440.93		0.9452		0.95666		0.86563		0.85859		0.87629		0.86735		0.73141
637		2442.09		0.94389		0.95589		0.86822		0.86294		0.87629		0.86957		0.73651
638		2443.23		0.94375		0.95582		0.86563		0.855		0.88144		0.86802		0.73159
639		2445.48		0.94389		0.95581		0.8553		0.83173		0.89175		0.8607		0.71241
640		2447.33		0.94421		0.95589		0.86563		0.85149		0.8866		0.86869		0.73186
641		2448.53		0.94435		0.95569		0.86305		0.85075		0.88144		0.86582		0.72655
642		2449.67		0.94391		0.95512		0.85788		0.84925		0.87113		0.86005		0.71598
643		2450.85		0.94407		0.95522		0.86305		0.85427		0.87629		0.86514		0.72632
644		2452.0		0.94434		0.9551		0.86822		0.84878		0.89691		0.87218		0.73759
645		2453.49		0.94454		0.95548		0.86305		0.84729		0.8866		0.8665		0.72685
646		2455.06		0.94463		0.95579		0.87339		0.87179		0.87629		0.87404		0.74677
647		2456.64		0.94491		0.95623		0.87597		0.88421		0.86598		0.875		0.75211
648		2458.03		0.94664		0.95724		0.88114		0.88144		0.88144		0.88144		0.76227
649		2459.42		0.94795		0.95798		0.87339		0.85366		0.90206		0.87719		0.74794
650		2461.05		0.9469		0.9572		0.86047		0.83333		0.90206		0.86634		0.72335
651		2462.47		0.94621		0.9568		0.86563		0.84135		0.90206		0.87065		0.73314
652		2463.93		0.94463		0.95621		0.86563		0.84804		0.89175		0.86935		0.73221
653		2465.92		0.94343		0.95567		0.85788		0.83575		0.89175		0.86284		0.71733
654		2467.95		0.9428		0.95519		0.86047		0.83654		0.89691		0.86567		0.72277
655		2469.67		0.94357		0.9556		0.85788		0.82938		0.90206		0.8642		0.71848
656		2470.87		0.94354		0.95584		0.85788		0.83575		0.89175		0.86284		0.71733
657		2472.21		0.94354		0.95566		0.86305		0.84058		0.89691		0.86783		0.72769
658		2473.47		0.94433		0.95599		0.86822		0.85222		0.89175		0.87154		0.7372
659		2474.64		0.9441		0.95541		0.86563		0.85149		0.8866		0.86869		0.73186
660		2475.76		0.94546		0.95626		0.86822		0.85572		0.8866		0.87089		0.73689
661		2477.13		0.94624		0.95677		0.86822		0.85572		0.8866		0.87089		0.73689
662		2478.63		0.94712		0.95794		0.8708		0.85644		0.89175		0.87374		0.74221
663		2480.14		0.9469		0.95799		0.8708		0.84951		0.90206		0.875		0.74299
664		2482.01		0.94626		0.95778		0.87597		0.85784		0.90206		0.8794		0.75291
665		2483.39		0.94554		0.95743		0.8708		0.85644		0.89175		0.87374		0.74221
666		2485.16		0.94465		0.95688		0.86563		0.84804		0.89175		0.86935		0.73221
667		2486.33		0.94385		0.95598		0.86822		0.85222		0.89175		0.87154		0.7372
668		2487.48		0.94431		0.95607		0.85788		0.84236		0.88144		0.86146		0.7165
669		2488.6		0.94475		0.95622		0.86047		0.83981		0.89175		0.865		0.72227
670		2489.84		0.9451		0.9564		0.86822		0.85222		0.89175		0.87154		0.7372
671		2491.04		0.94548		0.95668		0.8708		0.86364		0.88144		0.87245		0.74175
672		2492.35		0.94638		0.95742		0.87597		0.86869		0.8866		0.87755		0.75208
673		2494.03		0.94736		0.95769		0.86822		0.85222		0.89175		0.87154		0.7372
674		2495.63		0.94733		0.95762		0.86563		0.84804		0.89175		0.86935		0.73221
675		2497.36		0.94747		0.95762		0.87339		0.8607		0.89175		0.87595		0.74723
676		2498.67		0.94718		0.95772		0.87339		0.85714		0.89691		0.87657		0.74755
677		2500.07		0.94706		0.95759		0.86822		0.85222		0.89175		0.87154		0.7372
678		2501.44		0.9469		0.95783		0.8708		0.85294		0.89691		0.87437		0.74256
679		2502.93		0.94629		0.95775		0.87597		0.865		0.89175		0.87817		0.75228
680		2504.22		0.94536		0.95715		0.87597		0.865		0.89175		0.87817		0.75228
681		2505.63		0.94522		0.95704		0.87597		0.87245		0.88144		0.87692		0.75197
682		2507.01		0.94728		0.95812		0.86563		0.84804		0.89175		0.86935		0.73221
683		2508.4		0.94836		0.95872		0.8553		0.82243		0.90722		0.86275		0.71434
684		2509.99		0.94808		0.95938		0.87597		0.865		0.89175		0.87817		0.75228
685		2511.27		0.94585		0.9579		0.8708		0.87113		0.87113		0.87113		0.7416
686		2512.71		0.94717		0.9574		0.8553		0.81364		0.92268		0.86473		0.717
687		2514.31		0.9439		0.95313		0.85271		0.82464		0.89691		0.85926		0.7081
688		2515.76		0.94214		0.95196		0.87597		0.89674		0.85052		0.87302		0.75298
689		2517.1		0.94557		0.9566		0.86305		0.83099		0.91237		0.86978		0.72955
690		2518.44		0.94477		0.95679		0.8553		0.81651		0.91753		0.86408		0.71603
691		2521.01		0.93563		0.95126		0.8708		0.91379		0.81959		0.86413		0.74566
692		2522.46		0.92126		0.922		0.77003		0.69811		0.95361		0.8061		0.58016
693		2523.67		0.9332		0.9444		0.7907		0.97479		0.59794		0.74121		0.63104
694		2524.81		0.89966		0.9146		0.53747		0.52011		1.0		0.6843		0.19424
695		2525.92		0.86681		0.88281		0.73127		0.92453		0.50515		0.65333		0.51989
696		2527.13		0.85973		0.87686		0.75194		0.91525		0.5567		0.69231		0.54835
697		2528.44		0.86793		0.88867		0.75452		0.73684		0.79381		0.76427		0.51048
698		2529.88		0.87661		0.89755		0.69251		0.62976		0.93814		0.75362		0.44122
699		2531.65		0.87832		0.89923		0.68734		0.62543		0.93814		0.75052		0.43226
700		2532.77		0.87546		0.89864		0.78036		0.74222		0.86082		0.79714		0.56788
701		2533.95		0.87314		0.89757		0.78295		0.94355		0.60309		0.73585		0.60735
702		2535.43		0.86996		0.89513		0.64599		1.0		0.29381		0.45418		0.41453
703		2537.32		0.86967		0.8951		0.61757		1.0		0.23711		0.38333		0.36634
704		2538.48		0.87124		0.89699		0.68992		1.0		0.38144		0.55224		0.48498
705		2539.69		0.87292		0.89812		0.77519		0.97345		0.56701		0.71661		0.60643
706		2541.05		0.87463		0.89898		0.78295		0.8481		0.69072		0.76136		0.57615
707		2542.19		0.8729		0.89642		0.78811		0.80769		0.75773		0.78191		0.5774
708		2544.17		0.87129		0.89416		0.78811		0.77451		0.81443		0.79397		0.57694
709		2545.28		0.86892		0.89074		0.77519		0.74884		0.8299		0.78729		0.55353
710		2546.93		0.8655		0.88584		0.76744		0.73636		0.83505		0.78261		0.53962
711		2548.66		0.86237		0.88077		0.77003		0.73973		0.83505		0.7845		0.54446
712		2549.78		0.85981		0.87749		0.77778		0.75234		0.8299		0.78922		0.55843
713		2551.2		0.85807		0.87571		0.77003		0.75862		0.79381		0.77582		0.54058
714		2553.39		0.85714		0.87515		0.76227		0.76289		0.76289		0.76289		0.52454
715		2555.12		0.85738		0.87613		0.77003		0.77778		0.75773		0.76762		0.54026
716		2557.13		0.85994		0.87981		0.77261		0.78191		0.75773		0.76963		0.54552
717		2558.27		0.86331		0.88484		0.77261		0.78804		0.74742		0.7672		0.54601
718		2559.53		0.86643		0.88871		0.77003		0.77778		0.75773		0.76762		0.54026
719		2560.92		0.87065		0.89287		0.77778		0.77551		0.78351		0.77949		0.55557
720		2562.16		0.87581		0.89718		0.78553		0.77612		0.80412		0.78987		0.57139
721		2563.33		0.87931		0.89988		0.78553		0.76812		0.81959		0.79302		0.57228
722		2564.46		0.8831		0.9018		0.78811		0.76168		0.84021		0.79902		0.57922
723		2565.71		0.88668		0.90321		0.79328		0.76389		0.85052		0.80488		0.59027
724		2566.96		0.88841		0.90291		0.80362		0.7783		0.85052		0.81281		0.60978
725		2569.27		0.88978		0.90293		0.8062		0.78199		0.85052		0.81481		0.61469
726		2570.99		0.89103		0.90427		0.81654		0.8		0.84536		0.82206		0.63404
727		2572.2		0.89309		0.90611		0.81654		0.80296		0.84021		0.82116		0.63371
728		2573.33		0.89579		0.90846		0.82687		0.82564		0.8299		0.82776		0.65375
729		2574.46		0.89747		0.91038		0.83204		0.8377		0.82474		0.83117		0.66417
730		2575.64		0.89966		0.91327		0.83204		0.84492		0.81443		0.8294		0.66455
731		2577.73		0.9011		0.91456		0.84238		0.85946		0.81959		0.83905		0.68553
732		2579.73		0.90198		0.9152		0.84496		0.85638		0.8299		0.84293		0.69028
733		2581.13		0.90535		0.91764		0.84238		0.85185		0.8299		0.84073		0.685
734		2582.3		0.90807		0.91944		0.83721		0.84293		0.8299		0.83636		0.67451
735		2583.44		0.91066		0.92054		0.84238		0.84817		0.83505		0.84156		0.68485
736		2584.75		0.91309		0.92192		0.84238		0.85185		0.8299		0.84073		0.685
737		2586.15		0.91477		0.92263		0.84755		0.86486		0.82474		0.84433		0.69588
738		2588.34		0.91654		0.92356		0.84755		0.86885		0.81959		0.8435		0.69626
739		2589.87		0.91827		0.92496		0.85788		0.88398		0.82474		0.85333		0.71743
740		2591.47		0.92036		0.9262		0.85271		0.87432		0.82474		0.84881		0.70661
741		2593.05		0.92137		0.92649		0.84496		0.85263		0.83505		0.84375		0.69008
742		2594.18		0.923		0.92791		0.84496		0.85263		0.83505		0.84375		0.69008
743		2595.34		0.92508		0.93016		0.84496		0.85638		0.8299		0.84293		0.69028
744		2596.46		0.9285		0.93415		0.85788		0.87978		0.8299		0.85411		0.71696
745		2597.72		0.93173		0.9383		0.86822		0.89071		0.84021		0.86472		0.73766
746		2598.89		0.93355		0.94075		0.86047		0.86842		0.85052		0.85938		0.7211
747		2600.23		0.93478		0.94238		0.85271		0.85128		0.85567		0.85347		0.70543
748		2602.19		0.9355		0.94359		0.8553		0.85204		0.86082		0.85641		0.71062
749		2603.88		0.93566		0.94404		0.86822		0.87831		0.85567		0.86684		0.7367
750		2605.59		0.93649		0.94502		0.86822		0.87435		0.86082		0.86753		0.73653
751		2606.75		0.93812		0.94632		0.85788		0.85641		0.86082		0.85861		0.71577
752		2607.93		0.93895		0.94726		0.84755		0.84264		0.85567		0.8491		0.69516
753		2609.45		0.94111		0.94919		0.86563		0.87766		0.85052		0.86387		0.73164
754		2611.35		0.9425		0.95031		0.86563		0.87766		0.85052		0.86387		0.73164
755		2612.52		0.94407		0.95159		0.85013		0.82692		0.8866		0.85572		0.70204
756		2613.74		0.94576		0.95293		0.85788		0.84236		0.88144		0.86146		0.7165
757		2615.03		0.94682		0.95376		0.86822		0.88649		0.84536		0.86544		0.73726
758		2616.84		0.94755		0.95427		0.86305		0.87302		0.85052		0.86162		0.72636
759		2618.23		0.94816		0.9549		0.83721		0.80751		0.8866		0.84521		0.67761
760		2619.86		0.94864		0.95541		0.85788		0.85279		0.86598		0.85934		0.71584
761		2621.28		0.94829		0.95534		0.87339		0.87958		0.86598		0.87273		0.74687
762		2622.68		0.94966		0.95655		0.86822		0.8593		0.88144		0.87023		0.73666
763		2624.22		0.94995		0.95707		0.86047		0.84314		0.8866		0.86432		0.72186
764		2625.64		0.94974		0.957		0.86822		0.86294		0.87629		0.86957		0.73651
765		2627.01		0.94944		0.95696		0.86822		0.86294		0.87629		0.86957		0.73651
766		2628.37		0.94901		0.95658		0.86047		0.84653		0.88144		0.86364		0.72152
767		2630.19		0.94821		0.9558		0.86305		0.85427		0.87629		0.86514		0.72632
768		2631.48		0.94808		0.95594		0.86305		0.85427		0.87629		0.86514		0.72632
769		2632.85		0.94936		0.95717		0.86305		0.84729		0.8866		0.8665		0.72685
770		2634.26		0.94947		0.95753		0.85788		0.83575		0.89175		0.86284		0.71733
771		2635.86		0.94968		0.95786		0.86822		0.85572		0.8866		0.87089		0.73689
772		2638.02		0.94923		0.9575		0.86822		0.85572		0.8866		0.87089		0.73689
773		2639.4		0.94861		0.95713		0.86563		0.855		0.88144		0.86802		0.73159
774		2640.58		0.94851		0.9571		0.86822		0.84541		0.90206		0.87282		0.73805
775		2641.71		0.94851		0.95703		0.86305		0.84729		0.8866		0.8665		0.72685
776		2643.09		0.94861		0.9571		0.8708		0.875		0.86598		0.87047		0.74165
777		2644.26		0.94885		0.9572		0.86822		0.85222		0.89175		0.87154		0.7372
778		2645.47		0.94879		0.95719		0.86563		0.83491		0.91237		0.87192		0.73439
779		2646.87		0.94883		0.95725		0.8708		0.86		0.8866		0.8731		0.74194
780		2648.38		0.9484		0.95688		0.8708		0.86		0.8866		0.8731		0.74194
781		2649.88		0.94821		0.95677		0.85788		0.83902		0.8866		0.86216		0.71688
782		2651.49		0.94755		0.95628		0.86047		0.84314		0.8866		0.86432		0.72186
783		2652.89		0.94698		0.95605		0.86822		0.87047		0.86598		0.86822		0.73645
784		2654.28		0.94739		0.95659		0.8708		0.875		0.86598		0.87047		0.74165
785		2655.83		0.94856		0.95782		0.86305		0.85075		0.88144		0.86582		0.72655
786		2657.28		0.9492		0.95844		0.86563		0.84466		0.89691		0.87		0.73263
787		2658.75		0.94901		0.95835		0.86563		0.855		0.88144		0.86802		0.73159
788		2660.03		0.94909		0.95856		0.87339		0.87179		0.87629		0.87404		0.74677
789		2661.87		0.9496		0.959		0.87339		0.86432		0.8866		0.87532		0.747
790		2663.16		0.9495		0.95891		0.8708		0.84615		0.90722		0.87562		0.7435
791		2664.7		0.94923		0.95879		0.8708		0.84615		0.90722		0.87562		0.7435
792		2666.28		0.94856		0.95843		0.87855		0.8731		0.8866		0.8798		0.75719
793		2668.37		0.94824		0.95807		0.86563		0.87368		0.85567		0.86458		0.73143
794		2670.15		0.94891		0.95864		0.87339		0.86802		0.88144		0.87468		0.74685
795		2671.54		0.94979		0.9592		0.8708		0.84951		0.90206		0.875		0.74299
796		2672.75		0.95006		0.95944		0.8708		0.85294		0.89691		0.87437		0.74256
797		2674.04		0.95022		0.95939		0.87339		0.8607		0.89175		0.87595		0.74723
798		2675.16		0.94992		0.95926		0.8708		0.86364		0.88144		0.87245		0.74175
799		2677.41		0.94952		0.95906		0.8708		0.87113		0.87113		0.87113		0.7416
800		2679.23		0.94942		0.95908		0.87597		0.87245		0.88144		0.87692		0.75197
801		2680.71		0.94901		0.95886		0.86563		0.85149		0.8866		0.86869		0.73186
802		2681.89		0.94843		0.95848		0.86305		0.85075		0.88144		0.86582		0.72655
803		2683.66		0.94771		0.95787		0.86563		0.85859		0.87629		0.86735		0.73141
804		2685.16		0.9468		0.95731		0.86822		0.86667		0.87113		0.86889		0.73644
805		2686.29		0.94682		0.9574		0.86563		0.86598		0.86598		0.86598		0.73126
806		2687.64		0.94723		0.95763		0.86563		0.86224		0.87113		0.86667		0.7313
807		2689.06		0.94773		0.95786		0.86563		0.85859		0.87629		0.86735		0.73141
808		2690.89		0.94824		0.95837		0.86047		0.84314		0.8866		0.86432		0.72186
809		2692.13		0.94891		0.95887		0.86305		0.8439		0.89175		0.86717		0.72723
810		2693.55		0.94899		0.95885		0.87339		0.86432		0.8866		0.87532		0.747
811		2694.73		0.94828		0.95849		0.86563		0.86224		0.87113		0.86667		0.7313
812		2695.86		0.94816		0.95827		0.86563		0.86224		0.87113		0.86667		0.7313
813		2697.0		0.94819		0.95818		0.86563		0.855		0.88144		0.86802		0.73159
814		2698.57		0.94883		0.95854		0.86305		0.8439		0.89175		0.86717		0.72723
815		2700.01		0.94885		0.95861		0.86822		0.84211		0.90722		0.87345		0.7386
816		2701.56		0.94856		0.9584		0.86822		0.84541		0.90206		0.87282		0.73805
817		2702.86		0.94835		0.95824		0.86305		0.85075		0.88144		0.86582		0.72655
818		2704.14		0.94831		0.95819		0.86305		0.85787		0.87113		0.86445		0.72617
819		2705.81		0.94797		0.95802		0.86047		0.86082		0.86082		0.86082		0.72093
820		2707.09		0.94813		0.95809		0.86563		0.85859		0.87629		0.86735		0.73141
821		2708.41		0.94819		0.95818		0.8708		0.86364		0.88144		0.87245		0.74175
822		2709.92		0.94828		0.95815		0.87339		0.8607		0.89175		0.87595		0.74723
823		2711.52		0.94805		0.95787		0.87339		0.8607		0.89175		0.87595		0.74723
824		2713.0		0.94789		0.95768		0.8708		0.86		0.8866		0.8731		0.74194
825		2714.35		0.94768		0.95754		0.86822		0.86294		0.87629		0.86957		0.73651
826		2715.71		0.94723		0.95712		0.8708		0.87113		0.87113		0.87113		0.7416
827		2717.14		0.94741		0.95738		0.8708		0.87113		0.87113		0.87113		0.7416
828		2718.7		0.94736		0.95734		0.8708		0.87113		0.87113		0.87113		0.7416
829		2719.98		0.94744		0.95743		0.8708		0.87113		0.87113		0.87113		0.7416
830		2721.42		0.94773		0.95765		0.8708		0.86735		0.87629		0.87179		0.74163
831		2723.13		0.94795		0.95779		0.86822		0.8593		0.88144		0.87023		0.73666
832		2724.54		0.94819		0.95795		0.86563		0.85149		0.8866		0.86869		0.73186
833		2725.99		0.94845		0.95818		0.86563		0.85149		0.8866		0.86869		0.73186
834		2727.28		0.9488		0.95847		0.86563		0.85149		0.8866		0.86869		0.73186
835		2728.96		0.94883		0.95847		0.86305		0.85075		0.88144		0.86582		0.72655
836		2730.4		0.94869		0.95853		0.86563		0.855		0.88144		0.86802		0.73159
837		2731.86		0.94912		0.95896		0.86822		0.86294		0.87629		0.86957		0.73651
838		2733.6		0.94909		0.95893		0.86563		0.85859		0.87629		0.86735		0.73141
839		2735.05		0.94899		0.95885		0.86305		0.85075		0.88144		0.86582		0.72655
840		2736.37		0.94853		0.9585		0.86047		0.84653		0.88144		0.86364		0.72152
841		2738.3		0.94805		0.95826		0.8553		0.83824		0.88144		0.8593		0.7115
842		2739.54		0.94797		0.95807		0.85013		0.83333		0.87629		0.85427		0.70115
843		2740.63		0.94763		0.95781		0.86047		0.84653		0.88144		0.86364		0.72152
844		2741.74		0.94727		0.95743		0.8708		0.86735		0.87629		0.87179		0.74163
845		2742.86		0.94725		0.95751		0.87339		0.87179		0.87629		0.87404		0.74677
846		2744.93		0.94755		0.95769		0.87339		0.87179		0.87629		0.87404		0.74677
847		2746.02		0.94765		0.95763		0.8708		0.86735		0.87629		0.87179		0.74163
848		2747.11		0.94765		0.95759		0.87339		0.86802		0.88144		0.87468		0.74685
849		2748.25		0.94747		0.95731		0.8708		0.86364		0.88144		0.87245		0.74175
850		2749.49		0.94757		0.95736		0.86822		0.8593		0.88144		0.87023		0.73666
851		2750.93		0.948		0.95774		0.8708		0.86364		0.88144		0.87245		0.74175
852		2752.53		0.94795		0.95767		0.8708		0.86364		0.88144		0.87245		0.74175
853		2753.97		0.94811		0.95786		0.86822		0.8593		0.88144		0.87023		0.73666
854		2755.14		0.94821		0.95809		0.86047		0.85354		0.87113		0.86224		0.72107
855		2757.16		0.94843		0.95844		0.86563		0.85859		0.87629		0.86735		0.73141
856		2758.64		0.94819		0.95829		0.86822		0.86667		0.87113		0.86889		0.73644
857		2759.83		0.94813		0.95825		0.8708		0.87113		0.87113		0.87113		0.7416
858		2761.42		0.94821		0.95825		0.8708		0.87113		0.87113		0.87113		0.7416
859		2763.12		0.94831		0.95837		0.8708		0.86735		0.87629		0.87179		0.74163
860		2764.43		0.94861		0.95866		0.86822		0.86294		0.87629		0.86957		0.73651
861		2765.84		0.9488		0.95889		0.86305		0.85427		0.87629		0.86514		0.72632
862		2767.46		0.94907		0.9591		0.86047		0.85		0.87629		0.86294		0.72125
863		2769.51		0.94923		0.95919		0.85788		0.84577		0.87629		0.86076		0.7162
864		2770.81		0.94888		0.95891		0.8553		0.845		0.87113		0.85787		0.71091
865		2772.11		0.94904		0.95915		0.8553		0.845		0.87113		0.85787		0.71091
866		2773.72		0.94891		0.95896		0.85788		0.84925		0.87113		0.86005		0.71598
867		2775.13		0.94905		0.95906		0.86047		0.85354		0.87113		0.86224		0.72107
868		2776.64		0.9488		0.95885		0.86305		0.85787		0.87113		0.86445		0.72617
869		2778.02		0.94867		0.95871		0.85788		0.85279		0.86598		0.85934		0.71584
870		2779.76		0.94859		0.95862		0.86047		0.85354		0.87113		0.86224		0.72107
871		2781.35		0.94863		0.9586		0.86047		0.85354		0.87113		0.86224		0.72107
872		2783.0		0.94893		0.95881		0.85788		0.84925		0.87113		0.86005		0.71598
873		2784.57		0.94883		0.95862		0.85788		0.84925		0.87113		0.86005		0.71598
874		2785.76		0.94859		0.95839		0.85788		0.84925		0.87113		0.86005		0.71598
875		2787.19		0.94856		0.95841		0.85788		0.84577		0.87629		0.86076		0.7162
876		2788.56		0.94829		0.95824		0.86047		0.85354		0.87113		0.86224		0.72107
877		2789.84		0.94811		0.95808		0.86563		0.86224		0.87113		0.86667		0.7313
878		2791.15		0.94795		0.95797		0.86305		0.86154		0.86598		0.86375		0.7261
879		2792.45		0.94771		0.95777		0.8708		0.875		0.86598		0.87047		0.74165
880		2793.92		0.94769		0.95768		0.87339		0.87958		0.86598		0.87273		0.74687
881		2795.86		0.94781		0.95772		0.86822		0.87047		0.86598		0.86822		0.73645
882		2797.33		0.94795		0.95767		0.86822		0.86294		0.87629		0.86957		0.73651
883		2798.68		0.94795		0.95764		0.86305		0.85427		0.87629		0.86514		0.72632
884		2800.11		0.94768		0.9574		0.85788		0.84577		0.87629		0.86076		0.7162
885		2801.73		0.94764		0.95739		0.86305		0.85427		0.87629		0.86514		0.72632
886		2803.45		0.94735		0.95716		0.86305		0.85427		0.87629		0.86514		0.72632
887		2804.81		0.9472		0.95702		0.86563		0.85149		0.8866		0.86869		0.73186
888		2806.16		0.94658		0.95645		0.8553		0.845		0.87113		0.85787		0.71091
889		2807.68		0.9465		0.95642		0.86047		0.85354		0.87113		0.86224		0.72107
890		2809.36		0.94648		0.95646		0.86305		0.85787		0.87113		0.86445		0.72617
891		2810.82		0.94594		0.95598		0.86305		0.85787		0.87113		0.86445		0.72617
892		2812.23		0.94629		0.95627		0.86047		0.85354		0.87113		0.86224		0.72107
893		2813.53		0.94618		0.95616		0.85271		0.8408		0.87113		0.8557		0.70586
894		2815.05		0.94646		0.95639		0.85271		0.8408		0.87113		0.8557		0.70586
895		2816.7		0.94664		0.95658		0.8553		0.845		0.87113		0.85787		0.71091
896		2818.69		0.94686		0.95671		0.8553		0.84158		0.87629		0.85859		0.71117
897		2820.35		0.94725		0.95718		0.86047		0.84653		0.88144		0.86364		0.72152
898		2821.84		0.94736		0.95728		0.86047		0.85		0.87629		0.86294		0.72125
899		2823.54		0.94709		0.95702		0.86047		0.85354		0.87113		0.86224		0.72107
900		2825.07		0.94725		0.95726		0.86305		0.86154		0.86598		0.86375		0.7261
901		2826.57		0.94733		0.95728		0.86563		0.86598		0.86598		0.86598		0.73126
902		2827.88		0.94752		0.95758		0.86563		0.86598		0.86598		0.86598		0.73126
903		2829.47		0.94769		0.95771		0.86563		0.86224		0.87113		0.86667		0.7313
904		2831.16		0.94816		0.95809		0.86305		0.85427		0.87629		0.86514		0.72632
905		2832.63		0.94808		0.95804		0.86563		0.85149		0.8866		0.86869		0.73186
906		2833.87		0.94864		0.95847		0.86822		0.85222		0.89175		0.87154		0.7372
907		2835.15		0.94867		0.95855		0.86822		0.85222		0.89175		0.87154		0.7372
908		2836.35		0.94864		0.9585		0.86563		0.85149		0.8866		0.86869		0.73186
909		2838.13		0.94848		0.95838		0.86305		0.85075		0.88144		0.86582		0.72655
910		2839.6		0.94829		0.95823		0.86305		0.85075		0.88144		0.86582		0.72655
911		2840.9		0.94787		0.95789		0.86305		0.86154		0.86598		0.86375		0.7261
912		2842.25		0.9476		0.9578		0.86305		0.86154		0.86598		0.86375		0.7261
913		2843.44		0.94739		0.95751		0.86822		0.86667		0.87113		0.86889		0.73644
914		2845.0		0.94717		0.95735		0.86563		0.86224		0.87113		0.86667		0.7313
915		2846.68		0.94709		0.95711		0.8708		0.86364		0.88144		0.87245		0.74175
916		2848.31		0.94688		0.95695		0.86563		0.85859		0.87629		0.86735		0.73141
917		2850.1		0.94661		0.95666		0.86305		0.85427		0.87629		0.86514		0.72632
918		2851.51		0.94664		0.95666		0.85788		0.84577		0.87629		0.86076		0.7162
919		2852.9		0.94654		0.95657		0.8553		0.84158		0.87629		0.85859		0.71117
920		2854.37		0.94653		0.95655		0.85271		0.83744		0.87629		0.85642		0.70615
921		2855.79		0.94645		0.95643		0.8553		0.84158		0.87629		0.85859		0.71117
922		2857.46		0.94618		0.95629		0.86305		0.85427		0.87629		0.86514		0.72632
923		2858.75		0.94674		0.95675		0.86305		0.85787		0.87113		0.86445		0.72617
924		2860.07		0.94666		0.95661		0.86305		0.85787		0.87113		0.86445		0.72617
925		2862.14		0.94666		0.95665		0.86305		0.85787		0.87113		0.86445		0.72617
926		2863.48		0.94664		0.95663		0.86822		0.86294		0.87629		0.86957		0.73651
927		2864.94		0.94666		0.95665		0.8708		0.86735		0.87629		0.87179		0.74163
928		2866.57		0.94666		0.95663		0.8708		0.86735		0.87629		0.87179		0.74163
929		2868.44		0.94662		0.95668		0.8708		0.86735		0.87629		0.87179		0.74163
930		2869.9		0.94682		0.95679		0.8708		0.86735		0.87629		0.87179		0.74163
931		2871.48		0.94693		0.95699		0.8708		0.86735		0.87629		0.87179		0.74163
932		2872.82		0.94714		0.95717		0.8708		0.86735		0.87629		0.87179		0.74163
933		2874.24		0.94728		0.95723		0.86822		0.86667		0.87113		0.86889		0.73644
934		2875.41		0.9472		0.95715		0.86822		0.86667		0.87113		0.86889		0.73644
935		2876.54		0.94723		0.95712		0.86305		0.86528		0.86082		0.86305		0.72611
936		2877.71		0.94718		0.95712		0.86305		0.86528		0.86082		0.86305		0.72611
937		2879.15		0.94712		0.9571		0.8708		0.86735		0.87629		0.87179		0.74163
938		2880.51		0.94736		0.95734		0.86822		0.86294		0.87629		0.86957		0.73651
939		2882.11		0.94736		0.95738		0.85788		0.84577		0.87629		0.86076		0.7162
940		2884.16		0.94765		0.95758		0.86047		0.85		0.87629		0.86294		0.72125
941		2885.96		0.94763		0.95755		0.86047		0.85		0.87629		0.86294		0.72125
942		2887.09		0.94741		0.95736		0.86563		0.85859		0.87629		0.86735		0.73141
943		2888.22		0.94723		0.95725		0.86822		0.86667		0.87113		0.86889		0.73644
944		2889.41		0.94728		0.95729		0.8708		0.87113		0.87113		0.87113		0.7416
945		2890.84		0.94704		0.9571		0.87339		0.87565		0.87113		0.87339		0.74678
946		2893.07		0.94701		0.95711		0.86822		0.86667		0.87113		0.86889		0.73644
947		2894.97		0.94677		0.95689		0.86563		0.86224		0.87113		0.86667		0.7313
948		2896.6		0.9469		0.95695		0.86305		0.85787		0.87113		0.86445		0.72617
949		2898.59		0.94705		0.95716		0.85788		0.84925		0.87113		0.86005		0.71598
950		2900.09		0.94723		0.95725		0.85788		0.84925		0.87113		0.86005		0.71598
951		2901.98		0.94744		0.95735		0.86305		0.85075		0.88144		0.86582		0.72655
952		2903.84		0.94741		0.95731		0.86563		0.855		0.88144		0.86802		0.73159
953		2905.0		0.94737		0.95722		0.86822		0.85572		0.8866		0.87089		0.73689
954		2906.17		0.94764		0.95741		0.86305		0.85787		0.87113		0.86445		0.72617
955		2907.4		0.94755		0.95727		0.86047		0.85714		0.86598		0.86154		0.72096
956		2908.57		0.94765		0.95739		0.86047		0.85714		0.86598		0.86154		0.72096
957		2909.73		0.94757		0.9574		0.86047		0.85714		0.86598		0.86154		0.72096
958		2911.64		0.94768		0.95744		0.86047		0.85714		0.86598		0.86154		0.72096
959		2913.11		0.94789		0.95761		0.86563		0.855		0.88144		0.86802		0.73159
960		2914.4		0.948		0.95771		0.86305		0.85075		0.88144		0.86582		0.72655
961		2915.78		0.94827		0.95795		0.86563		0.855		0.88144		0.86802		0.73159
962		2917.55		0.94832		0.95802		0.86822		0.8593		0.88144		0.87023		0.73666
963		2919.24		0.94811		0.95788		0.86563		0.85859		0.87629		0.86735		0.73141
964		2920.6		0.948		0.95788		0.86305		0.86154		0.86598		0.86375		0.7261
965		2921.78		0.94777		0.95771		0.86822		0.87047		0.86598		0.86822		0.73645
966		2923.11		0.94781		0.95774		0.86563		0.86979		0.86082		0.86528		0.73131
967		2925.01		0.94795		0.95784		0.86822		0.87047		0.86598		0.86822		0.73645
968		2927.14		0.94827		0.9581		0.87339		0.87179		0.87629		0.87404		0.74677
969		2928.39		0.94813		0.95792		0.86305		0.85427		0.87629		0.86514		0.72632
970		2929.9		0.94811		0.95805		0.86047		0.85		0.87629		0.86294		0.72125
971		2931.47		0.94835		0.95818		0.86563		0.85859		0.87629		0.86735		0.73141
972		2933.38		0.94827		0.95812		0.86822		0.86294		0.87629		0.86957		0.73651
973		2935.13		0.9484		0.95822		0.86822		0.86294		0.87629		0.86957		0.73651
974		2936.84		0.94851		0.95824		0.86305		0.85427		0.87629		0.86514		0.72632
975		2938.36		0.94832		0.95804		0.85788		0.84925		0.87113		0.86005		0.71598
976		2939.93		0.94835		0.95812		0.86047		0.85354		0.87113		0.86224		0.72107
977		2941.44		0.94784		0.95778		0.86047		0.85354		0.87113		0.86224		0.72107
978		2942.95		0.94765		0.95767		0.86047		0.85354		0.87113		0.86224		0.72107
979		2944.87		0.94752		0.95755		0.86047		0.85354		0.87113		0.86224		0.72107
980		2946.01		0.94709		0.95722		0.86047		0.85354		0.87113		0.86224		0.72107
981		2947.22		0.94714		0.9573		0.86047		0.85354		0.87113		0.86224		0.72107
982		2948.61		0.94709		0.95726		0.86305		0.85787		0.87113		0.86445		0.72617
983		2949.76		0.94714		0.95737		0.86047		0.85714		0.86598		0.86154		0.72096
984		2950.93		0.94733		0.95756		0.86305		0.86154		0.86598		0.86375		0.7261
985		2952.12		0.94744		0.95764		0.86563		0.86224		0.87113		0.86667		0.7313
986		2953.47		0.94768		0.95781		0.86305		0.86154		0.86598		0.86375		0.7261
987		2954.71		0.94749		0.9577		0.86563		0.86598		0.86598		0.86598		0.73126
988		2956.55		0.94747		0.95771		0.86822		0.86667		0.87113		0.86889		0.73644
989		2958.38		0.94773		0.95793		0.86822		0.86667		0.87113		0.86889		0.73644
990		2959.92		0.94781		0.95812		0.86822		0.86667		0.87113		0.86889		0.73644
991		2961.42		0.94789		0.95812		0.86822		0.8593		0.88144		0.87023		0.73666
992		2962.87		0.94768		0.95785		0.86563		0.85859		0.87629		0.86735		0.73141
993		2964.8		0.94776		0.95791		0.86563		0.85859		0.87629		0.86735		0.73141
994		2966.38		0.94767		0.95778		0.86822		0.86294		0.87629		0.86957		0.73651
995		2967.66		0.94747		0.95767		0.86563		0.85859		0.87629		0.86735		0.73141
996		2968.89		0.9474		0.95758		0.86305		0.85787		0.87113		0.86445		0.72617
997		2970.41		0.94698		0.95723		0.86563		0.86224		0.87113		0.86667		0.7313
998		2972.26		0.9468		0.95709		0.86563		0.86224		0.87113		0.86667		0.7313
999		2973.9		0.94672		0.957		0.86563		0.86224		0.87113		0.86667		0.7313
1000		2975.48		0.94634		0.95669		0.86563		0.86224		0.87113		0.86667		0.7313
fold: 2
Epoch		Time		AUC		AUPR		Accuracy		Precision		Recall		F1-score		Mcc
1		2978.38		0.84416		0.81936		0.57106		0.86842		0.1701		0.28448		0.24229
AUC improved at epoch  1 ;	best_auc: 0.844158965867208
2		2979.71		0.84288		0.81943		0.66408		0.84043		0.40722		0.54861		0.38418
3		2980.86		0.8417		0.81838		0.73902		0.76571		0.69072		0.72629		0.48049
4		2982.01		0.83903		0.81629		0.73127		0.76163		0.67526		0.71585		0.4657
5		2983.35		0.83748		0.81579		0.72868		0.75429		0.68041		0.71545		0.45972
6		2984.69		0.8338		0.80612		0.72351		0.75145		0.6701		0.70845		0.44984
7		2986.54		0.83337		0.80559		0.73902		0.75691		0.70619		0.73067		0.47921
8		2987.84		0.83409		0.806		0.7416		0.75		0.7268		0.73822		0.48347
9		2989.15		0.8366		0.81149		0.7416		0.74479		0.73711		0.74093		0.48324
10		2990.46		0.84021		0.81479		0.75452		0.75127		0.76289		0.75703		0.50908
11		2991.93		0.84568		0.81906		0.7907		0.76037		0.85052		0.80292		0.58542
AUC improved at epoch  11 ;	best_auc: 0.8456813204422842
12		2993.73		0.85335		0.82538		0.76744		0.78261		0.74227		0.7619		0.53566
AUC improved at epoch  12 ;	best_auc: 0.8533465092676673
13		2995.09		0.86424		0.83524		0.79587		0.76995		0.84536		0.8059		0.5945
AUC improved at epoch  13 ;	best_auc: 0.8642433630682121
14		2996.42		0.86929		0.84392		0.79845		0.75217		0.89175		0.81604		0.60732
AUC improved at epoch  14 ;	best_auc: 0.8692911703434646
15		2997.63		0.86598		0.84204		0.79845		0.78713		0.81959		0.80303		0.59736
16		2999.6		0.87031		0.84335		0.79587		0.76744		0.85052		0.80685		0.59513
AUC improved at epoch  16 ;	best_auc: 0.8703060733935153
17		3000.92		0.87426		0.84952		0.80879		0.76549		0.89175		0.82381		0.62603
AUC improved at epoch  17 ;	best_auc: 0.874258853693713
18		3002.37		0.87212		0.84563		0.79845		0.77619		0.84021		0.80693		0.59886
19		3003.88		0.87172		0.84446		0.79587		0.77251		0.84021		0.80494		0.59393
20		3005.44		0.87127		0.84456		0.81654		0.76395		0.91753		0.83372		0.64616
21		3007.09		0.87266		0.85006		0.81137		0.76419		0.90206		0.82742		0.63301
22		3008.82		0.87426		0.8502		0.80879		0.79412		0.83505		0.81407		0.61834
23		3010.17		0.8769		0.85372		0.80879		0.78302		0.85567		0.81773		0.62017
AUC improved at epoch  23 ;	best_auc: 0.8769029432188452
24		3011.57		0.87877		0.85574		0.81395		0.77232		0.89175		0.82775		0.63545
AUC improved at epoch  24 ;	best_auc: 0.8787725014689386
25		3013.06		0.87979		0.85735		0.81654		0.78605		0.87113		0.82641		0.63673
AUC improved at epoch  25 ;	best_auc: 0.8797874045189894
26		3014.57		0.88005		0.85753		0.81137		0.7814		0.86598		0.82152		0.62633
AUC improved at epoch  26 ;	best_auc: 0.8800544842690028
27		3015.96		0.88027		0.85886		0.81912		0.78182		0.8866		0.83092		0.64396
AUC improved at epoch  27 ;	best_auc: 0.8802681480690134
28		3017.28		0.88152		0.86155		0.81137		0.7619		0.90722		0.82824		0.63427
AUC improved at epoch  28 ;	best_auc: 0.8815234228940763
29		3018.68		0.88248		0.86138		0.82171		0.7907		0.87629		0.8313		0.64713
AUC improved at epoch  29 ;	best_auc: 0.8824849099941243
30		3020.07		0.88347		0.86335		0.81654		0.8254		0.80412		0.81462		0.63331
AUC improved at epoch  30 ;	best_auc: 0.8834731050691738
31		3021.65		0.88451		0.86786		0.8062		0.75319		0.91237		0.82517		0.62643
AUC improved at epoch  31 ;	best_auc: 0.8845147160942257
32		3022.96		0.88262		0.86566		0.81137		0.7713		0.8866		0.82494		0.62971
33		3024.34		0.88027		0.86322		0.80362		0.79798		0.81443		0.80612		0.60734
34		3025.76		0.87829		0.86142		0.80362		0.76818		0.87113		0.81643		0.61266
35		3027.39		0.87845		0.86258		0.80879		0.76087		0.90206		0.82547		0.62837
36		3028.86		0.88158		0.86636		0.80879		0.78571		0.85052		0.81683		0.61961
37		3030.28		0.88406		0.87064		0.8062		0.78469		0.84536		0.8139		0.61417
38		3031.6		0.88489		0.87263		0.80362		0.75431		0.90206		0.8216		0.6191
AUC improved at epoch  38 ;	best_auc: 0.8848886277442445
39		3033.06		0.88516		0.87288		0.80362		0.76818		0.87113		0.81643		0.61266
AUC improved at epoch  39 ;	best_auc: 0.8851557074942578
40		3034.52		0.88307		0.86969		0.8062		0.7931		0.8299		0.81108		0.61302
41		3035.95		0.88155		0.86698		0.8062		0.76444		0.8866		0.821		0.62026
42		3037.7		0.88259		0.86897		0.79328		0.74783		0.8866		0.81132		0.59679
43		3039.03		0.88286		0.87132		0.8062		0.79024		0.83505		0.81203		0.61334
44		3040.46		0.88158		0.86908		0.81654		0.78873		0.86598		0.82555		0.63605
45		3041.8		0.88064		0.86799		0.79845		0.75664		0.88144		0.81429		0.60506
46		3043.14		0.88155		0.87027		0.8062		0.77419		0.86598		0.81752		0.61666
47		3044.3		0.88326		0.87415		0.8062		0.77934		0.85567		0.81572		0.61528
48		3045.52		0.88353		0.87535		0.8062		0.77419		0.86598		0.81752		0.61666
49		3046.86		0.88353		0.87565		0.8062		0.77674		0.86082		0.81663		0.61593
50		3048.11		0.88443		0.87831		0.80103		0.76233		0.87629		0.81535		0.60879
51		3049.41		0.88508		0.87844		0.8062		0.77169		0.87113		0.8184		0.61745
52		3050.89		0.88566		0.88116		0.79845		0.76364		0.86598		0.81159		0.60222
AUC improved at epoch  52 ;	best_auc: 0.8856631590192832
53		3052.36		0.88847		0.88649		0.78811		0.74779		0.87113		0.80476		0.58409
AUC improved at epoch  53 ;	best_auc: 0.8884674963944234
54		3054.05		0.8854		0.8807		0.80879		0.78037		0.86082		0.81863		0.62079
55		3055.41		0.88887		0.8857		0.77003		0.70751		0.92268		0.80089		0.56672
AUC improved at epoch  55 ;	best_auc: 0.8888681160194435
56		3057.43		0.89076		0.89184		0.80879		0.80928		0.80928		0.80928		0.61757
AUC improved at epoch  56 ;	best_auc: 0.8907643822445382
57		3059.02		0.89098		0.89229		0.80362		0.77064		0.86598		0.81553		0.61183
AUC improved at epoch  57 ;	best_auc: 0.8909780460445489
58		3060.47		0.8882		0.88417		0.7907		0.73251		0.91753		0.81465		0.60072
59		3061.87		0.88719		0.88399		0.82171		0.79343		0.87113		0.83047		0.64644
60		3063.01		0.89373		0.897		0.81395		0.79327		0.85052		0.8209		0.62949
AUC improved at epoch  60 ;	best_auc: 0.8937289674696864
61		3064.73		0.89717		0.90316		0.78036		0.72803		0.89691		0.8037		0.57628
AUC improved at epoch  61 ;	best_auc: 0.8971742962448587
62		3066.58		0.89643		0.89847		0.8062		0.76923		0.87629		0.81928		0.61831
63		3068.14		0.89496		0.89629		0.81137		0.7788		0.87113		0.82238		0.62707
64		3069.94		0.90131		0.90592		0.7907		0.7364		0.90722		0.81293		0.59754
AUC improved at epoch  64 ;	best_auc: 0.9013140323700657
65		3071.53		0.9007		0.90755		0.82171		0.79343		0.87113		0.83047		0.64644
66		3072.96		0.90043		0.90444		0.82429		0.79439		0.87629		0.83333		0.65198
67		3074.62		0.90062		0.90374		0.79845		0.75		0.89691		0.8169		0.60855
68		3076.14		0.90521		0.90983		0.80879		0.77273		0.87629		0.82126		0.62309
AUC improved at epoch  68 ;	best_auc: 0.9052133967202607
69		3077.7		0.90449		0.91155		0.82171		0.79904		0.86082		0.82878		0.64528
70		3079.16		0.89621		0.90244		0.78295		0.73504		0.8866		0.80374		0.57816
71		3081.05		0.90321		0.90768		0.81395		0.805		0.8299		0.81726		0.62818
72		3082.57		0.91133		0.91633		0.81137		0.7788		0.87113		0.82238		0.62707
AUC improved at epoch  72 ;	best_auc: 0.9113295229955665
73		3083.89		0.91245		0.92037		0.78553		0.74026		0.88144		0.80471		0.58159
AUC improved at epoch  73 ;	best_auc: 0.9124512579456227
74		3085.21		0.91371		0.92084		0.83204		0.81773		0.85567		0.83627		0.66476
AUC improved at epoch  74 ;	best_auc: 0.9137065327706854
75		3086.72		0.90521		0.91136		0.81654		0.78605		0.87113		0.82641		0.63673
76		3088.12		0.90869		0.9147		0.82687		0.79535		0.88144		0.83619		0.65753
77		3089.45		0.91948		0.92565		0.86305		0.86911		0.85567		0.86234		0.72619
AUC improved at epoch  77 ;	best_auc: 0.9194754553709737
78		3090.81		0.92068		0.92485		0.82429		0.78125		0.90206		0.83732		0.65638
AUC improved at epoch  78 ;	best_auc: 0.9206773142460338
79		3092.14		0.91977		0.92273		0.81912		0.76957		0.91237		0.83491		0.64942
80		3093.64		0.92028		0.9242		0.85271		0.83415		0.88144		0.85714		0.70652
81		3095.64		0.91846		0.92515		0.82946		0.7963		0.8866		0.83902		0.66311
82		3097.06		0.91934		0.92521		0.83721		0.80465		0.89175		0.84597		0.67833
83		3098.91		0.92428		0.92777		0.86563		0.85149		0.8866		0.86869		0.73186
AUC improved at epoch  83 ;	best_auc: 0.9242828908712142
84		3100.44		0.92674		0.93099		0.81137		0.7619		0.90722		0.82824		0.63427
AUC improved at epoch  84 ;	best_auc: 0.926740024571337
85		3102.23		0.92813		0.93209		0.84755		0.81991		0.89175		0.85432		0.69772
AUC improved at epoch  85 ;	best_auc: 0.9281288392714064
86		3104.2		0.92452		0.9276		0.83979		0.80841		0.89175		0.84804		0.68316
87		3105.99		0.9226		0.92546		0.83204		0.8		0.8866		0.84108		0.66793
88		3107.43		0.92877		0.93016		0.84755		0.82297		0.8866		0.8536		0.69713
AUC improved at epoch  88 ;	best_auc: 0.9287698306714385
89		3109.08		0.93141		0.93473		0.79587		0.73859		0.91753		0.81839		0.60976
AUC improved at epoch  89 ;	best_auc: 0.9314139201965707
90		3110.55		0.93296		0.93421		0.87339		0.87565		0.87113		0.87339		0.74678
AUC improved at epoch  90 ;	best_auc: 0.9329629827466482
91		3111.89		0.928		0.93031		0.84755		0.79736		0.93299		0.85986		0.7053
92		3113.95		0.92637		0.92965		0.83204		0.78667		0.91237		0.84487		0.67264
93		3115.09		0.93035		0.93238		0.85271		0.85128		0.85567		0.85347		0.70543
94		3116.25		0.92968		0.93174		0.82687		0.77253		0.92784		0.84309		0.66727
95		3117.43		0.93059		0.93304		0.84755		0.80822		0.91237		0.85714		0.70086
96		3118.8		0.93085		0.93508		0.85013		0.82692		0.8866		0.85572		0.70204
97		3120.2		0.92848		0.93349		0.81912		0.76496		0.92268		0.83645		0.65215
98		3122.3		0.93328		0.93588		0.86047		0.85354		0.87113		0.86224		0.72107
AUC improved at epoch  98 ;	best_auc: 0.9332834784466641
99		3123.8		0.93515		0.93826		0.84755		0.8		0.92784		0.85919		0.70406
AUC improved at epoch  99 ;	best_auc: 0.9351530366967576
100		3125.07		0.93585		0.94006		0.82687		0.77489		0.92268		0.84235		0.66587
AUC improved at epoch  100 ;	best_auc: 0.9358474440467923
101		3126.9		0.9359		0.9395		0.8553		0.83495		0.8866		0.86		0.71192
AUC improved at epoch  101 ;	best_auc: 0.9359008599967951
102		3128.42		0.93606		0.93949		0.8553		0.81651		0.91753		0.86408		0.71603
AUC improved at epoch  102 ;	best_auc: 0.936061107846803
103		3129.58		0.93371		0.93732		0.82687		0.77253		0.92784		0.84309		0.66727
104		3130.73		0.93833		0.94165		0.86563		0.84466		0.89691		0.87		0.73263
AUC improved at epoch  104 ;	best_auc: 0.9383312857219166
105		3132.04		0.93857		0.94189		0.86047		0.81818		0.92784		0.86957		0.72743
AUC improved at epoch  105 ;	best_auc: 0.9385716574969286
106		3134.04		0.9386		0.94103		0.84755		0.79476		0.93814		0.86052		0.70661
AUC improved at epoch  106 ;	best_auc: 0.93859836547193
107		3135.53		0.93654		0.93897		0.86305		0.83732		0.90206		0.86849		0.72823
108		3136.9		0.9355		0.93913		0.86047		0.83019		0.90722		0.867		0.724
109		3138.54		0.93633		0.9407		0.83463		0.78509		0.92268		0.84834		0.67968
110		3140.0		0.94084		0.94427		0.86047		0.83981		0.89175		0.865		0.72227
AUC improved at epoch  110 ;	best_auc: 0.9408418353720421
111		3141.42		0.94306		0.94723		0.8553		0.81081		0.92784		0.86538		0.71805
AUC improved at epoch  111 ;	best_auc: 0.9430585972971529
112		3142.98		0.94036		0.94467		0.86822		0.82949		0.92784		0.87591		0.74161
113		3144.43		0.93822		0.94227		0.86822		0.84878		0.89691		0.87218		0.73759
114		3145.96		0.93644		0.94081		0.83204		0.78924		0.90722		0.84412		0.67154
115		3147.29		0.94207		0.94565		0.86563		0.83178		0.91753		0.87255		0.73513
116		3148.74		0.94084		0.94547		0.86822		0.83568		0.91753		0.87469		0.73994
117		3150.06		0.93732		0.94328		0.84496		0.80734		0.90722		0.85437		0.69519
118		3151.44		0.93828		0.94351		0.86047		0.83981		0.89175		0.865		0.72227
119		3152.83		0.94164		0.94527		0.86563		0.84466		0.89691		0.87		0.73263
120		3154.41		0.94255		0.94763		0.83721		0.78603		0.92784		0.85106		0.68558
121		3155.87		0.9456		0.95068		0.86563		0.86598		0.86598		0.86598		0.73126
AUC improved at epoch  121 ;	best_auc: 0.9455958549222797
122		3157.28		0.94255		0.94691		0.86822		0.84878		0.89691		0.87218		0.73759
123		3158.79		0.93649		0.94022		0.82429		0.76471		0.93814		0.84259		0.66583
124		3161.04		0.9409		0.94326		0.8708		0.86		0.8866		0.8731		0.74194
125		3162.25		0.94244		0.94746		0.87855		0.85854		0.90722		0.88221		0.7583
126		3163.71		0.94103		0.94708		0.85013		0.80909		0.91753		0.8599		0.70656
127		3165.16		0.94303		0.94663		0.86822		0.84541		0.90206		0.87282		0.73805
128		3166.69		0.94055		0.94414		0.86563		0.84135		0.90206		0.87065		0.73314
129		3168.04		0.94215		0.94698		0.86563		0.83178		0.91753		0.87255		0.73513
130		3169.41		0.94437		0.95007		0.86822		0.83568		0.91753		0.87469		0.73994
131		3171.29		0.94576		0.95023		0.86047		0.84314		0.8866		0.86432		0.72186
AUC improved at epoch  131 ;	best_auc: 0.9457561027722878
132		3172.58		0.9461		0.94944		0.86822		0.83568		0.91753		0.87469		0.73994
AUC improved at epoch  132 ;	best_auc: 0.9461033064473051
133		3173.86		0.94402		0.94707		0.86047		0.82407		0.91753		0.86829		0.72555
134		3175.32		0.94301		0.94732		0.86822		0.84541		0.90206		0.87282		0.73805
135		3177.15		0.94319		0.94894		0.86305		0.85075		0.88144		0.86582		0.72655
136		3178.36		0.94359		0.95022		0.87339		0.85024		0.90722		0.87781		0.74842
137		3179.65		0.94776		0.95223		0.8708		0.83645		0.92268		0.87745		0.74553
AUC improved at epoch  137 ;	best_auc: 0.947759200897388
138		3180.93		0.94869		0.95099		0.87339		0.83721		0.92784		0.8802		0.75114
AUC improved at epoch  138 ;	best_auc: 0.9486939800224347
139		3182.2		0.94482		0.94648		0.8708		0.85644		0.89175		0.87374		0.74221
140		3183.88		0.94013		0.94323		0.8708		0.85294		0.89691		0.87437		0.74256
141		3185.69		0.94148		0.94645		0.86822		0.84878		0.89691		0.87218		0.73759
142		3187.31		0.9453		0.95123		0.8708		0.84615		0.90722		0.87562		0.7435
143		3188.94		0.94685		0.9531		0.86047		0.83019		0.90722		0.867		0.724
144		3190.5		0.94605		0.95166		0.86305		0.83412		0.90722		0.86914		0.72885
145		3192.05		0.94231		0.94789		0.86563		0.84135		0.90206		0.87065		0.73314
146		3193.4		0.94339		0.94817		0.87597		0.86139		0.89691		0.87879		0.75255
147		3194.69		0.94701		0.95129		0.87597		0.865		0.89175		0.87817		0.75228
148		3196.52		0.94776		0.95149		0.86822		0.83568		0.91753		0.87469		0.73994
149		3197.97		0.94855		0.95173		0.85788		0.81735		0.92268		0.86683		0.72172
150		3199.47		0.94781		0.95102		0.88114		0.85577		0.91753		0.88557		0.76423
151		3200.78		0.94771		0.95153		0.88114		0.85577		0.91753		0.88557		0.76423
152		3202.42		0.94546		0.95002		0.8553		0.81651		0.91753		0.86408		0.71603
153		3203.74		0.94723		0.95208		0.8708		0.84615		0.90722		0.87562		0.7435
154		3205.28		0.94908		0.954		0.8863		0.87129		0.90722		0.88889		0.77325
AUC improved at epoch  154 ;	best_auc: 0.949081245659954
155		3206.85		0.94928		0.95354		0.8708		0.83645		0.92268		0.87745		0.74553
AUC improved at epoch  155 ;	best_auc: 0.9492815554724642
156		3208.2		0.94988		0.95329		0.86305		0.81614		0.93814		0.8729		0.73429
AUC improved at epoch  156 ;	best_auc: 0.9498824849099942
157		3209.6		0.95052		0.95385		0.87855		0.84834		0.92268		0.88395		0.75999
AUC improved at epoch  157 ;	best_auc: 0.9505234763100262
158		3211.1		0.95064		0.95427		0.88889		0.86473		0.92268		0.89277		0.7795
AUC improved at epoch  158 ;	best_auc: 0.9506436621975323
159		3212.74		0.94951		0.95326		0.8863		0.86058		0.92268		0.89055		0.7746
160		3214.06		0.94594		0.95055		0.86563		0.8287		0.92268		0.87317		0.73596
161		3215.48		0.95008		0.9547		0.87597		0.85096		0.91237		0.8806		0.75387
162		3217.13		0.9506		0.95505		0.8863		0.86765		0.91237		0.88945		0.77361
163		3218.46		0.94972		0.95305		0.88372		0.85646		0.92268		0.88834		0.76971
164		3219.64		0.94823		0.95079		0.88114		0.84579		0.93299		0.88725		0.76632
165		3220.98		0.94848		0.95119		0.88372		0.85646		0.92268		0.88834		0.76971
166		3222.26		0.9488		0.95205		0.89147		0.87255		0.91753		0.89447		0.78396
167		3223.42		0.94971		0.95408		0.88372		0.86341		0.91237		0.88722		0.76865
168		3224.58		0.95011		0.955		0.88114		0.85577		0.91753		0.88557		0.76423
169		3225.72		0.94983		0.95541		0.88372		0.86341		0.91237		0.88722		0.76865
170		3227.88		0.95059		0.95554		0.8863		0.86765		0.91237		0.88945		0.77361
171		3229.69		0.95075		0.95494		0.89147		0.86893		0.92268		0.895		0.78442
AUC improved at epoch  171 ;	best_auc: 0.9507504940975375
172		3230.82		0.95012		0.9536		0.8863		0.86058		0.92268		0.89055		0.7746
173		3232.2		0.94929		0.95161		0.87855		0.84507		0.92784		0.88452		0.76072
174		3234.02		0.94721		0.9492		0.87855		0.84507		0.92784		0.88452		0.76072
175		3235.44		0.94601		0.94852		0.87339		0.85366		0.90206		0.87719		0.74794
176		3236.78		0.94731		0.95048		0.88114		0.86634		0.90206		0.88384		0.7629
177		3238.35		0.94996		0.95368		0.87855		0.85507		0.91237		0.88279		0.75878
178		3239.97		0.95222		0.95652		0.87855		0.84507		0.92784		0.88452		0.76072
AUC improved at epoch  178 ;	best_auc: 0.952219432722611
179		3241.14		0.95331		0.95759		0.87855		0.84186		0.93299		0.88509		0.76154
AUC improved at epoch  179 ;	best_auc: 0.9533144596976658
180		3243.28		0.95349		0.95799		0.89664		0.87019		0.93299		0.9005		0.79533
AUC improved at epoch  180 ;	best_auc: 0.9534880615351745
181		3244.58		0.95298		0.9567		0.89147		0.86538		0.92784		0.89552		0.78496
182		3246.11		0.95134		0.9547		0.89147		0.86538		0.92784		0.89552		0.78496
183		3247.64		0.94995		0.95275		0.8863		0.85714		0.92784		0.89109		0.77522
184		3249.51		0.94908		0.95189		0.88114		0.84906		0.92784		0.8867		0.76554
185		3250.88		0.9499		0.95305		0.88114		0.85238		0.92268		0.88614		0.76484
186		3252.81		0.95088		0.95435		0.8863		0.86408		0.91753		0.89		0.77406
187		3254.2		0.95119		0.95535		0.88889		0.86829		0.91753		0.89223		0.779
188		3255.65		0.95111		0.95523		0.8863		0.86765		0.91237		0.88945		0.77361
189		3257.39		0.95038		0.95376		0.89147		0.86538		0.92784		0.89552		0.78496
190		3258.95		0.94994		0.9531		0.88889		0.86124		0.92784		0.8933		0.78008
191		3260.43		0.95019		0.95318		0.89147		0.8619		0.93299		0.89604		0.78559
192		3261.74		0.9506		0.95321		0.88889		0.86473		0.92268		0.89277		0.7795
193		3263.29		0.95201		0.95479		0.88889		0.86473		0.92268		0.89277		0.7795
194		3265.01		0.95202		0.95535		0.88372		0.86341		0.91237		0.88722		0.76865
195		3266.63		0.95207		0.956		0.8863		0.86408		0.91753		0.89		0.77406
196		3268.04		0.95153		0.95594		0.89147		0.86538		0.92784		0.89552		0.78496
197		3270.16		0.95067		0.9554		0.8863		0.85714		0.92784		0.89109		0.77522
198		3271.55		0.94994		0.95541		0.88889		0.85446		0.93814		0.89435		0.7815
199		3272.84		0.94967		0.95504		0.88372		0.85308		0.92784		0.88889		0.77037
200		3274.39		0.94958		0.95525		0.8863		0.86408		0.91753		0.89		0.77406
201		3275.95		0.94891		0.95449		0.88372		0.86341		0.91237		0.88722		0.76865
202		3277.79		0.94809		0.95319		0.88372		0.867		0.90722		0.88665		0.76824
203		3279.34		0.94845		0.953		0.88114		0.86275		0.90722		0.88442		0.76326
204		3280.71		0.9492		0.95378		0.87597		0.85096		0.91237		0.8806		0.75387
205		3282.33		0.94959		0.95354		0.87855		0.85167		0.91753		0.88337		0.75934
206		3283.9		0.95128		0.95499		0.8863		0.86408		0.91753		0.89		0.77406
207		3285.59		0.95301		0.95641		0.88889		0.86473		0.92268		0.89277		0.7795
208		3287.14		0.95384		0.95792		0.89406		0.87317		0.92268		0.89724		0.78936
AUC improved at epoch  208 ;	best_auc: 0.9538352652101918
209		3288.76		0.95353		0.95767		0.89147		0.86893		0.92268		0.895		0.78442
210		3290.01		0.95257		0.9566		0.88889		0.86473		0.92268		0.89277		0.7795
211		3291.83		0.95293		0.95711		0.88889		0.86473		0.92268		0.89277		0.7795
212		3293.6		0.95274		0.95695		0.88889		0.86473		0.92268		0.89277		0.7795
213		3294.85		0.95247		0.95681		0.89406		0.86603		0.93299		0.89826		0.79045
214		3296.06		0.95261		0.9574		0.88889		0.86124		0.92784		0.8933		0.78008
215		3297.73		0.95206		0.95666		0.88889		0.86124		0.92784		0.8933		0.78008
216		3299.47		0.95223		0.9568		0.88114		0.85577		0.91753		0.88557		0.76423
217		3300.68		0.95201		0.95631		0.88372		0.8599		0.91753		0.88778		0.76914
218		3302.11		0.95226		0.95688		0.88372		0.8599		0.91753		0.88778		0.76914
219		3303.64		0.95339		0.95784		0.8863		0.86408		0.91753		0.89		0.77406
220		3305.62		0.95422		0.95884		0.89147		0.86893		0.92268		0.895		0.78442
AUC improved at epoch  220 ;	best_auc: 0.9542225308477111
221		3307.42		0.954		0.95882		0.89406		0.86957		0.92784		0.89776		0.78986
222		3309.04		0.95253		0.95492		0.88889		0.86124		0.92784		0.8933		0.78008
223		3310.39		0.95202		0.95438		0.89406		0.86957		0.92784		0.89776		0.78986
224		3312.46		0.95132		0.9533		0.88889		0.86124		0.92784		0.8933		0.78008
225		3313.64		0.95139		0.9533		0.88889		0.86473		0.92268		0.89277		0.7795
226		3314.94		0.9525		0.95619		0.89406		0.86957		0.92784		0.89776		0.78986
227		3316.41		0.9529		0.95645		0.89664		0.87379		0.92784		0.9		0.79478
228		3317.9		0.95295		0.95629		0.89147		0.8619		0.93299		0.89604		0.78559
229		3319.46		0.95251		0.95579		0.88889		0.85782		0.93299		0.89383		0.78075
230		3320.87		0.95199		0.95539		0.88372		0.85308		0.92784		0.88889		0.77037
231		3322.65		0.9527		0.95614		0.88889		0.86124		0.92784		0.8933		0.78008
232		3324.21		0.95317		0.95666		0.8863		0.86408		0.91753		0.89		0.77406
233		3325.53		0.95303		0.95686		0.88114		0.85922		0.91237		0.885		0.7637
234		3326.98		0.95241		0.95613		0.88372		0.8599		0.91753		0.88778		0.76914
235		3328.45		0.95158		0.95517		0.87855		0.85167		0.91753		0.88337		0.75934
236		3330.14		0.95213		0.95531		0.87855		0.85167		0.91753		0.88337		0.75934
237		3332.1		0.95148		0.95486		0.87855		0.84834		0.92268		0.88395		0.75999
238		3334.04		0.95091		0.95394		0.88114		0.84906		0.92784		0.8867		0.76554
239		3335.28		0.95107		0.95413		0.87855		0.85167		0.91753		0.88337		0.75934
240		3336.56		0.95088		0.95397		0.88372		0.86341		0.91237		0.88722		0.76865
241		3338.03		0.951		0.95441		0.8863		0.86765		0.91237		0.88945		0.77361
242		3339.5		0.95135		0.9552		0.8863		0.86408		0.91753		0.89		0.77406
243		3341.48		0.95203		0.95634		0.88889		0.86124		0.92784		0.8933		0.78008
244		3342.74		0.95157		0.95625		0.88372		0.85308		0.92784		0.88889		0.77037
245		3344.13		0.95166		0.95671		0.88114		0.84906		0.92784		0.8867		0.76554
246		3345.63		0.95157		0.95611		0.88372		0.85308		0.92784		0.88889		0.77037
247		3347.04		0.95135		0.95587		0.8863		0.86058		0.92268		0.89055		0.7746
248		3348.52		0.9517		0.95578		0.8863		0.86058		0.92268		0.89055		0.7746
249		3350.32		0.95098		0.95433		0.88114		0.85577		0.91753		0.88557		0.76423
250		3352.06		0.95003		0.95297		0.87855		0.85167		0.91753		0.88337		0.75934
251		3354.1		0.94952		0.95233		0.87597		0.84762		0.91753		0.88119		0.75447
252		3355.27		0.94915		0.95196		0.87855		0.85167		0.91753		0.88337		0.75934
253		3356.59		0.94958		0.95268		0.87855		0.85167		0.91753		0.88337		0.75934
254		3358.03		0.95011		0.95369		0.8863		0.86058		0.92268		0.89055		0.7746
255		3359.37		0.95068		0.95436		0.88372		0.85646		0.92268		0.88834		0.76971
256		3360.68		0.95058		0.95483		0.8863		0.86058		0.92268		0.89055		0.7746
257		3361.87		0.95007		0.95437		0.88372		0.8599		0.91753		0.88778		0.76914
258		3363.59		0.95088		0.95559		0.88114		0.85922		0.91237		0.885		0.7637
259		3365.87		0.95047		0.95511		0.88372		0.86341		0.91237		0.88722		0.76865
260		3367.82		0.95022		0.95482		0.87855		0.85507		0.91237		0.88279		0.75878
261		3369.45		0.9509		0.95523		0.88114		0.85238		0.92268		0.88614		0.76484
262		3370.8		0.95098		0.95526		0.88372		0.84977		0.93299		0.88943		0.77111
263		3372.07		0.95075		0.95457		0.8863		0.85377		0.93299		0.89163		0.77592
264		3373.21		0.95107		0.95444		0.8863		0.85714		0.92784		0.89109		0.77522
265		3374.76		0.95199		0.95518		0.88889		0.86473		0.92268		0.89277		0.7795
266		3376.49		0.95231		0.95553		0.8863		0.86408		0.91753		0.89		0.77406
267		3377.66		0.95349		0.95634		0.88372		0.86341		0.91237		0.88722		0.76865
268		3379.29		0.95374		0.95693		0.88372		0.85646		0.92268		0.88834		0.76971
269		3381.22		0.95339		0.95694		0.88114		0.84579		0.93299		0.88725		0.76632
270		3383.0		0.95315		0.95692		0.87597		0.83796		0.93299		0.88293		0.75677
271		3384.51		0.95183		0.9558		0.8708		0.83333		0.92784		0.87805		0.74637
272		3385.79		0.9513		0.95532		0.87597		0.84762		0.91753		0.88119		0.75447
273		3386.99		0.9505		0.9546		0.88372		0.8599		0.91753		0.88778		0.76914
274		3388.18		0.94963		0.95442		0.87855		0.86207		0.90206		0.88161		0.7579
275		3389.57		0.94868		0.95349		0.87855		0.85854		0.90722		0.88221		0.7583
276		3391.04		0.94751		0.95226		0.88114		0.85577		0.91753		0.88557		0.76423
277		3392.77		0.94966		0.95374		0.87339		0.84038		0.92268		0.87961		0.75033
278		3394.66		0.95217		0.95617		0.8863		0.85047		0.93814		0.89216		0.77671
279		3396.22		0.9543		0.95844		0.88889		0.85782		0.93299		0.89383		0.78075
AUC improved at epoch  279 ;	best_auc: 0.9543026547727153
280		3398.19		0.95537		0.95973		0.8863		0.86408		0.91753		0.89		0.77406
AUC improved at epoch  280 ;	best_auc: 0.9553709737727686
281		3400.06		0.95374		0.95513		0.89147		0.87624		0.91237		0.89394		0.78359
282		3401.27		0.95319		0.95438		0.88889		0.87192		0.91237		0.89169		0.77859
283		3402.52		0.95189		0.95262		0.88889		0.87192		0.91237		0.89169		0.77859
284		3403.71		0.9506		0.95133		0.88372		0.85646		0.92268		0.88834		0.76971
285		3405.09		0.95023		0.95126		0.88114		0.84906		0.92784		0.8867		0.76554
286		3407.14		0.95343		0.95674		0.8863		0.86408		0.91753		0.89		0.77406
287		3409.2		0.95341		0.95695		0.88372		0.86341		0.91237		0.88722		0.76865
288		3410.67		0.95432		0.95833		0.88889		0.86473		0.92268		0.89277		0.7795
289		3412.13		0.95449		0.95872		0.89147		0.86893		0.92268		0.895		0.78442
290		3414.06		0.95481		0.95909		0.88889		0.85782		0.93299		0.89383		0.78075
291		3415.67		0.95368		0.95777		0.88114		0.84906		0.92784		0.8867		0.76554
292		3417.04		0.95246		0.95658		0.88114		0.84906		0.92784		0.8867		0.76554
293		3418.43		0.95138		0.95541		0.88372		0.85646		0.92268		0.88834		0.76971
294		3419.68		0.95161		0.95541		0.88889		0.86829		0.91753		0.89223		0.779
295		3420.85		0.9513		0.95522		0.89147		0.87624		0.91237		0.89394		0.78359
296		3422.56		0.95162		0.95581		0.89406		0.8806		0.91237		0.8962		0.78861
297		3424.11		0.95111		0.95341		0.8863		0.86058		0.92268		0.89055		0.7746
298		3425.59		0.95099		0.95373		0.88114		0.84906		0.92784		0.8867		0.76554
299		3426.9		0.95076		0.95403		0.88372		0.84332		0.9433		0.89051		0.77285
300		3429.19		0.95123		0.95455		0.88372		0.84332		0.9433		0.89051		0.77285
301		3430.98		0.95181		0.95539		0.8863		0.85047		0.93814		0.89216		0.77671
302		3432.37		0.95199		0.95548		0.88889		0.85782		0.93299		0.89383		0.78075
303		3433.67		0.95187		0.95497		0.88889		0.86473		0.92268		0.89277		0.7795
304		3435.05		0.95147		0.95424		0.89147		0.86538		0.92784		0.89552		0.78496
305		3436.72		0.95185		0.95638		0.89406		0.86957		0.92784		0.89776		0.78986
306		3438.71		0.95153		0.95564		0.89147		0.86893		0.92268		0.895		0.78442
307		3440.53		0.95092		0.95468		0.88889		0.86473		0.92268		0.89277		0.7795
308		3442.18		0.95052		0.95402		0.88889		0.86473		0.92268		0.89277		0.7795
309		3444.19		0.95058		0.95422		0.89147		0.86893		0.92268		0.895		0.78442
310		3445.42		0.95062		0.95468		0.89147		0.86893		0.92268		0.895		0.78442
311		3447.21		0.95159		0.95588		0.89147		0.86893		0.92268		0.895		0.78442
312		3448.63		0.95243		0.95699		0.88889		0.86829		0.91753		0.89223		0.779
313		3450.29		0.95286		0.9575		0.89147		0.86893		0.92268		0.895		0.78442
314		3452.02		0.95302		0.95775		0.8863		0.86058		0.92268		0.89055		0.7746
315		3453.34		0.9531		0.95769		0.8863		0.85714		0.92784		0.89109		0.77522
316		3454.71		0.95369		0.9582		0.88889		0.85782		0.93299		0.89383		0.78075
317		3456.03		0.95347		0.95787		0.89664		0.86667		0.93814		0.90099		0.79596
318		3457.33		0.95354		0.95813		0.89147		0.86538		0.92784		0.89552		0.78496
319		3459.19		0.95266		0.95716		0.8863		0.86058		0.92268		0.89055		0.7746
320		3460.93		0.95197		0.95615		0.88889		0.86124		0.92784		0.8933		0.78008
321		3462.4		0.95094		0.95511		0.88114		0.85577		0.91753		0.88557		0.76423
322		3464.07		0.95036		0.95472		0.87597		0.85096		0.91237		0.8806		0.75387
323		3465.61		0.95096		0.95555		0.87855		0.85167		0.91753		0.88337		0.75934
324		3467.72		0.95116		0.95617		0.88372		0.85308		0.92784		0.88889		0.77037
325		3469.34		0.95064		0.95564		0.8863		0.85714		0.92784		0.89109		0.77522
326		3470.77		0.95054		0.95574		0.88114		0.85238		0.92268		0.88614		0.76484
327		3472.41		0.95034		0.95576		0.8863		0.86058		0.92268		0.89055		0.7746
328		3474.18		0.95078		0.95635		0.8863		0.86058		0.92268		0.89055		0.7746
329		3476.1		0.95038		0.95557		0.8863		0.85714		0.92784		0.89109		0.77522
330		3477.73		0.94939		0.95436		0.87339		0.8436		0.91753		0.87901		0.74961
331		3479.04		0.94952		0.95509		0.87339		0.8436		0.91753		0.87901		0.74961
332		3480.5		0.94998		0.95547		0.87339		0.8436		0.91753		0.87901		0.74961
333		3482.37		0.95051		0.95588		0.8863		0.86058		0.92268		0.89055		0.7746
334		3484.26		0.9513		0.95642		0.88889		0.86829		0.91753		0.89223		0.779
335		3485.62		0.95144		0.95575		0.89147		0.87255		0.91753		0.89447		0.78396
336		3486.97		0.95273		0.95637		0.89406		0.87317		0.92268		0.89724		0.78936
337		3488.32		0.95254		0.95632		0.88372		0.85646		0.92268		0.88834		0.76971
338		3489.71		0.95139		0.95508		0.87339		0.84038		0.92268		0.87961		0.75033
339		3491.35		0.95128		0.95523		0.87339		0.84038		0.92268		0.87961		0.75033
340		3492.86		0.95197		0.95645		0.87855		0.84507		0.92784		0.88452		0.76072
341		3494.49		0.95262		0.95717		0.88372		0.85646		0.92268		0.88834		0.76971
342		3495.97		0.95339		0.95823		0.8863		0.85714		0.92784		0.89109		0.77522
343		3497.75		0.95446		0.95921		0.88372		0.85308		0.92784		0.88889		0.77037
344		3499.22		0.95432		0.95912		0.88889		0.86124		0.92784		0.8933		0.78008
345		3500.96		0.95434		0.95915		0.88889		0.86124		0.92784		0.8933		0.78008
346		3502.34		0.9538		0.95852		0.8863		0.85377		0.93299		0.89163		0.77592
347		3503.95		0.95275		0.95744		0.87597		0.84112		0.92784		0.88235		0.75592
348		3505.85		0.95153		0.95607		0.87339		0.83721		0.92784		0.8802		0.75114
349		3507.63		0.9501		0.95426		0.88372		0.8599		0.91753		0.88778		0.76914
350		3509.06		0.95106		0.95493		0.8863		0.86765		0.91237		0.88945		0.77361
351		3510.75		0.95135		0.95524		0.8863		0.87129		0.90722		0.88889		0.77325
352		3512.33		0.9512		0.95527		0.8863		0.87129		0.90722		0.88889		0.77325
353		3513.74		0.95159		0.95576		0.89147		0.86893		0.92268		0.895		0.78442
354		3515.16		0.95221		0.95635		0.89406		0.86957		0.92784		0.89776		0.78986
355		3516.67		0.95254		0.95697		0.89922		0.8744		0.93299		0.90274		0.80022
356		3518.12		0.95362		0.95811		0.89406		0.86603		0.93299		0.89826		0.79045
357		3519.52		0.9539		0.95832		0.89147		0.8619		0.93299		0.89604		0.78559
358		3521.1		0.95401		0.95852		0.88372		0.85308		0.92784		0.88889		0.77037
359		3522.4		0.95385		0.95826		0.88114		0.85577		0.91753		0.88557		0.76423
360		3523.93		0.95325		0.95717		0.88372		0.86341		0.91237		0.88722		0.76865
361		3525.69		0.9533		0.95719		0.88114		0.86275		0.90722		0.88442		0.76326
362		3527.05		0.95318		0.95679		0.87855		0.85854		0.90722		0.88221		0.7583
363		3528.41		0.95327		0.95663		0.88114		0.85922		0.91237		0.885		0.7637
364		3529.96		0.95381		0.95711		0.88372		0.85308		0.92784		0.88889		0.77037
365		3531.34		0.9547		0.95824		0.8863		0.85714		0.92784		0.89109		0.77522
366		3532.8		0.95422		0.95793		0.8863		0.85714		0.92784		0.89109		0.77522
367		3534.19		0.95428		0.95784		0.8863		0.85714		0.92784		0.89109		0.77522
368		3535.75		0.95422		0.9578		0.8863		0.86058		0.92268		0.89055		0.7746
369		3537.28		0.95381		0.95735		0.88372		0.8599		0.91753		0.88778		0.76914
370		3539.18		0.95293		0.95625		0.8863		0.86058		0.92268		0.89055		0.7746
371		3540.54		0.95254		0.95586		0.8863		0.86408		0.91753		0.89		0.77406
372		3541.9		0.95198		0.9555		0.88889		0.86473		0.92268		0.89277		0.7795
373		3543.18		0.95203		0.9557		0.89147		0.86538		0.92784		0.89552		0.78496
374		3544.52		0.95163		0.95551		0.88889		0.86473		0.92268		0.89277		0.7795
375		3545.9		0.95226		0.95629		0.88889		0.86473		0.92268		0.89277		0.7795
376		3547.91		0.95273		0.95711		0.89147		0.86893		0.92268		0.895		0.78442
377		3549.35		0.95289		0.95757		0.88889		0.86473		0.92268		0.89277		0.7795
378		3551.07		0.95311		0.95784		0.88372		0.8599		0.91753		0.88778		0.76914
379		3553.34		0.9531		0.95785		0.88372		0.85646		0.92268		0.88834		0.76971
380		3554.86		0.95359		0.95849		0.88372		0.85308		0.92784		0.88889		0.77037
381		3556.29		0.95346		0.95841		0.87855		0.84186		0.93299		0.88509		0.76154
382		3557.74		0.9542		0.95862		0.88372		0.85308		0.92784		0.88889		0.77037
383		3559.22		0.9548		0.95887		0.8863		0.86058		0.92268		0.89055		0.7746
384		3560.75		0.95472		0.95834		0.8863		0.86408		0.91753		0.89		0.77406
385		3562.59		0.95528		0.9585		0.8863		0.86408		0.91753		0.89		0.77406
386		3563.83		0.95473		0.95791		0.88114		0.85577		0.91753		0.88557		0.76423
387		3565.05		0.9544		0.95759		0.87855		0.84834		0.92268		0.88395		0.75999
388		3566.32		0.95409		0.9572		0.87855		0.84507		0.92784		0.88452		0.76072
389		3567.7		0.95372		0.95702		0.87855		0.84507		0.92784		0.88452		0.76072
390		3569.22		0.95347		0.95751		0.88114		0.85238		0.92268		0.88614		0.76484
391		3570.58		0.9533		0.95746		0.87855		0.85507		0.91237		0.88279		0.75878
392		3572.0		0.95305		0.95724		0.87855		0.85507		0.91237		0.88279		0.75878
393		3573.51		0.9523		0.95573		0.87597		0.85096		0.91237		0.8806		0.75387
394		3575.02		0.95345		0.95681		0.88114		0.84906		0.92784		0.8867		0.76554
395		3576.31		0.95307		0.9537		0.88114		0.84906		0.92784		0.8867		0.76554
396		3578.02		0.95373		0.9547		0.88114		0.85238		0.92268		0.88614		0.76484
397		3579.41		0.95408		0.95535		0.8863		0.86408		0.91753		0.89		0.77406
398		3580.81		0.9541		0.95539		0.88889		0.87192		0.91237		0.89169		0.77859
399		3582.46		0.95393		0.95548		0.89664		0.87745		0.92268		0.8995		0.79431
400		3584.06		0.95393		0.95618		0.8863		0.86058		0.92268		0.89055		0.7746
401		3585.39		0.95498		0.95985		0.88114		0.84906		0.92784		0.8867		0.76554
402		3586.83		0.95457		0.95946		0.87855		0.84507		0.92784		0.88452		0.76072
403		3588.39		0.95498		0.95969		0.89147		0.86538		0.92784		0.89552		0.78496
404		3589.81		0.95489		0.95993		0.89147		0.86538		0.92784		0.89552		0.78496
405		3591.28		0.955		0.95976		0.88889		0.86829		0.91753		0.89223		0.779
406		3592.64		0.95465		0.95932		0.88889		0.86829		0.91753		0.89223		0.779
407		3594.06		0.95462		0.95905		0.88889		0.86829		0.91753		0.89223		0.779
408		3595.68		0.95442		0.95891		0.88889		0.86473		0.92268		0.89277		0.7795
409		3597.36		0.95314		0.95713		0.89406		0.86957		0.92784		0.89776		0.78986
410		3599.23		0.95254		0.95639		0.87855		0.85167		0.91753		0.88337		0.75934
411		3600.54		0.95139		0.95555		0.88114		0.85577		0.91753		0.88557		0.76423
412		3601.89		0.95142		0.95551		0.88114		0.85922		0.91237		0.885		0.7637
413		3603.27		0.95171		0.95568		0.88114		0.86275		0.90722		0.88442		0.76326
414		3604.94		0.95198		0.95608		0.88372		0.867		0.90722		0.88665		0.76824
415		3606.44		0.95234		0.95652		0.8863		0.875		0.90206		0.88832		0.77296
416		3608.06		0.9529		0.95726		0.89147		0.87624		0.91237		0.89394		0.78359
417		3609.41		0.95333		0.95771		0.8863		0.87129		0.90722		0.88889		0.77325
418		3611.35		0.95362		0.95798		0.88889		0.86124		0.92784		0.8933		0.78008
419		3613.43		0.95277		0.9571		0.88114		0.84579		0.93299		0.88725		0.76632
420		3614.7		0.95313		0.95755		0.87597		0.84434		0.92268		0.88177		0.75515
421		3616.54		0.95374		0.95778		0.88372		0.86341		0.91237		0.88722		0.76865
422		3618.0		0.95412		0.95792		0.89147		0.88		0.90722		0.8934		0.7833
423		3619.41		0.95433		0.95809		0.89147		0.88		0.90722		0.8934		0.7833
424		3620.73		0.95359		0.95496		0.88114		0.85922		0.91237		0.885		0.7637
425		3622.05		0.95297		0.95458		0.88114		0.85238		0.92268		0.88614		0.76484
426		3623.3		0.95274		0.95404		0.88372		0.85308		0.92784		0.88889		0.77037
427		3625.39		0.95314		0.95659		0.8863		0.86058		0.92268		0.89055		0.7746
428		3626.74		0.95285		0.95676		0.88372		0.87065		0.90206		0.88608		0.76792
429		3628.1		0.95221		0.9563		0.88372		0.87065		0.90206		0.88608		0.76792
430		3629.68		0.95083		0.95518		0.8863		0.87129		0.90722		0.88889		0.77325
431		3631.02		0.95146		0.95596		0.88889		0.86473		0.92268		0.89277		0.7795
432		3632.49		0.9512		0.95564		0.87855		0.84186		0.93299		0.88509		0.76154
433		3633.84		0.95353		0.95829		0.88889		0.85782		0.93299		0.89383		0.78075
434		3635.53		0.95478		0.95895		0.88372		0.8599		0.91753		0.88778		0.76914
435		3636.95		0.9555		0.95973		0.89147		0.87255		0.91753		0.89447		0.78396
AUC improved at epoch  435 ;	best_auc: 0.9555045136477752
436		3638.42		0.95623		0.96043		0.89147		0.87255		0.91753		0.89447		0.78396
AUC improved at epoch  436 ;	best_auc: 0.9562256289728113
437		3639.85		0.95568		0.9595		0.8863		0.86408		0.91753		0.89		0.77406
438		3641.33		0.95488		0.95836		0.88889		0.86829		0.91753		0.89223		0.779
439		3642.92		0.95433		0.95744		0.88889		0.86829		0.91753		0.89223		0.779
440		3644.33		0.95368		0.95691		0.89147		0.86893		0.92268		0.895		0.78442
441		3646.29		0.95325		0.956		0.88889		0.86473		0.92268		0.89277		0.7795
442		3648.3		0.95359		0.9569		0.88889		0.86473		0.92268		0.89277		0.7795
443		3649.94		0.95337		0.95684		0.88889		0.86829		0.91753		0.89223		0.779
444		3651.15		0.95269		0.95649		0.8863		0.86765		0.91237		0.88945		0.77361
445		3652.29		0.95307		0.95701		0.88372		0.86341		0.91237		0.88722		0.76865
446		3653.6		0.95341		0.95749		0.88889		0.86124		0.92784		0.8933		0.78008
447		3654.87		0.9529		0.95812		0.88889		0.86473		0.92268		0.89277		0.7795
448		3656.58		0.95221		0.95747		0.8863		0.86765		0.91237		0.88945		0.77361
449		3658.13		0.95115		0.95647		0.87855		0.86207		0.90206		0.88161		0.7579
450		3659.47		0.95038		0.95539		0.87855		0.86207		0.90206		0.88161		0.7579
451		3661.27		0.95135		0.9557		0.87855		0.85854		0.90722		0.88221		0.7583
452		3665.05		0.95178		0.95555		0.88372		0.86341		0.91237		0.88722		0.76865
453		3671.01		0.95178		0.95429		0.87855		0.85507		0.91237		0.88279		0.75878
454		3677.24		0.95142		0.95368		0.88114		0.85577		0.91753		0.88557		0.76423
455		3679.01		0.95219		0.95451		0.88114		0.85577		0.91753		0.88557		0.76423
456		3680.84		0.95306		0.95547		0.87855		0.85167		0.91753		0.88337		0.75934
457		3682.97		0.95255		0.95526		0.88114		0.85577		0.91753		0.88557		0.76423
458		3684.15		0.95302		0.95657		0.87855		0.85507		0.91237		0.88279		0.75878
459		3685.39		0.95334		0.95703		0.87855		0.85507		0.91237		0.88279		0.75878
460		3686.95		0.95381		0.95771		0.88114		0.85577		0.91753		0.88557		0.76423
461		3688.15		0.95546		0.95931		0.87855		0.85507		0.91237		0.88279		0.75878
462		3689.31		0.95552		0.95963		0.88114		0.85922		0.91237		0.885		0.7637
463		3691.25		0.95574		0.95983		0.88114		0.85922		0.91237		0.885		0.7637
464		3692.73		0.95578		0.95986		0.88114		0.85922		0.91237		0.885		0.7637
465		3694.63		0.9553		0.95877		0.88372		0.86341		0.91237		0.88722		0.76865
466		3695.86		0.95488		0.95827		0.88372		0.8599		0.91753		0.88778		0.76914
467		3697.13		0.95412		0.95671		0.88372		0.8599		0.91753		0.88778		0.76914
468		3698.35		0.95314		0.95567		0.88372		0.8599		0.91753		0.88778		0.76914
469		3699.82		0.95187		0.95388		0.88889		0.87192		0.91237		0.89169		0.77859
470		3701.11		0.95127		0.95392		0.88372		0.867		0.90722		0.88665		0.76824
471		3702.41		0.95229		0.95521		0.8863		0.86765		0.91237		0.88945		0.77361
472		3703.78		0.95318		0.95708		0.87855		0.85167		0.91753		0.88337		0.75934
473		3705.54		0.95369		0.95806		0.8863		0.86058		0.92268		0.89055		0.7746
474		3706.86		0.9539		0.9588		0.88889		0.86473		0.92268		0.89277		0.7795
475		3708.18		0.954		0.95901		0.89147		0.86893		0.92268		0.895		0.78442
476		3709.88		0.95454		0.95962		0.8863		0.87129		0.90722		0.88889		0.77325
477		3711.32		0.95311		0.95803		0.8863		0.87129		0.90722		0.88889		0.77325
478		3712.86		0.95197		0.95647		0.88889		0.86473		0.92268		0.89277		0.7795
479		3714.15		0.95283		0.95694		0.88889		0.86473		0.92268		0.89277		0.7795
480		3715.54		0.95381		0.95755		0.8863		0.86408		0.91753		0.89		0.77406
481		3716.87		0.95509		0.95859		0.88889		0.86473		0.92268		0.89277		0.7795
482		3718.51		0.95615		0.95961		0.8863		0.86408		0.91753		0.89		0.77406
483		3719.89		0.95644		0.96016		0.8863		0.86408		0.91753		0.89		0.77406
AUC improved at epoch  483 ;	best_auc: 0.956439292772822
484		3721.38		0.95647		0.96043		0.8863		0.86408		0.91753		0.89		0.77406
AUC improved at epoch  484 ;	best_auc: 0.9564660007478233
485		3722.68		0.95647		0.9607		0.88372		0.86341		0.91237		0.88722		0.76865
486		3724.02		0.95572		0.96012		0.87597		0.85437		0.90722		0.88		0.75335
487		3725.5		0.95477		0.95949		0.87597		0.85784		0.90206		0.8794		0.75291
488		3726.99		0.95448		0.95889		0.87339		0.85366		0.90206		0.87719		0.74794
489		3728.29		0.95488		0.9591		0.88114		0.85577		0.91753		0.88557		0.76423
490		3729.69		0.95508		0.95883		0.87597		0.84762		0.91753		0.88119		0.75447
491		3731.24		0.95574		0.95935		0.88114		0.84906		0.92784		0.8867		0.76554
492		3732.65		0.95577		0.9594		0.88889		0.86124		0.92784		0.8933		0.78008
493		3733.99		0.95512		0.95878		0.88372		0.86341		0.91237		0.88722		0.76865
494		3735.6		0.95388		0.95772		0.88889		0.87192		0.91237		0.89169		0.77859
495		3737.34		0.95254		0.95636		0.8863		0.86765		0.91237		0.88945		0.77361
496		3738.83		0.95317		0.95729		0.87855		0.85507		0.91237		0.88279		0.75878
497		3740.23		0.95517		0.95947		0.8863		0.86058		0.92268		0.89055		0.7746
498		3741.75		0.95683		0.96148		0.88889		0.86473		0.92268		0.89277		0.7795
AUC improved at epoch  498 ;	best_auc: 0.9568265584103413
499		3743.5		0.95721		0.96182		0.89147		0.87624		0.91237		0.89394		0.78359
AUC improved at epoch  499 ;	best_auc: 0.9572138240478606
500		3745.13		0.9574		0.96206		0.88372		0.86341		0.91237		0.88722		0.76865
AUC improved at epoch  500 ;	best_auc: 0.95740077987287
501		3746.38		0.95655		0.96066		0.8863		0.86058		0.92268		0.89055		0.7746
502		3747.7		0.95577		0.95988		0.8863		0.86058		0.92268		0.89055		0.7746
503		3749.07		0.95504		0.95888		0.8863		0.86058		0.92268		0.89055		0.7746
504		3750.58		0.95334		0.95705		0.87855		0.85507		0.91237		0.88279		0.75878
505		3751.95		0.9523		0.95619		0.88114		0.85922		0.91237		0.885		0.7637
506		3753.37		0.95094		0.95446		0.88114		0.86275		0.90722		0.88442		0.76326
507		3755.01		0.95028		0.95385		0.87597		0.86139		0.89691		0.87879		0.75255
508		3756.67		0.95126		0.95469		0.87855		0.86207		0.90206		0.88161		0.7579
509		3758.78		0.95225		0.95594		0.88114		0.86275		0.90722		0.88442		0.76326
510		3760.45		0.95294		0.95601		0.88889		0.86473		0.92268		0.89277		0.7795
511		3761.69		0.95388		0.95746		0.87855		0.85167		0.91753		0.88337		0.75934
512		3763.12		0.95434		0.95803		0.87855		0.85167		0.91753		0.88337		0.75934
513		3764.49		0.95409		0.95771		0.88114		0.85238		0.92268		0.88614		0.76484
514		3766.16		0.95315		0.95656		0.87597		0.85096		0.91237		0.8806		0.75387
515		3767.96		0.95245		0.95562		0.88114		0.85922		0.91237		0.885		0.7637
516		3769.8		0.95358		0.9573		0.8863		0.87129		0.90722		0.88889		0.77325
517		3771.44		0.95398		0.95779		0.88372		0.867		0.90722		0.88665		0.76824
518		3773.26		0.95452		0.95813		0.8863		0.86765		0.91237		0.88945		0.77361
519		3774.65		0.95494		0.95855		0.88114		0.85238		0.92268		0.88614		0.76484
520		3776.64		0.95458		0.95743		0.88114		0.84579		0.93299		0.88725		0.76632
521		3778.28		0.95514		0.95802		0.88889		0.86473		0.92268		0.89277		0.7795
522		3779.56		0.95537		0.95835		0.89664		0.88119		0.91753		0.89899		0.79394
523		3780.85		0.95554		0.95851		0.89147		0.86893		0.92268		0.895		0.78442
524		3782.43		0.95496		0.95807		0.88889		0.86829		0.91753		0.89223		0.779
525		3784.27		0.95418		0.95764		0.8863		0.86408		0.91753		0.89		0.77406
526		3785.55		0.95393		0.95757		0.87597		0.85096		0.91237		0.8806		0.75387
527		3786.8		0.95386		0.95853		0.88114		0.85922		0.91237		0.885		0.7637
528		3788.8		0.95311		0.95781		0.88372		0.8599		0.91753		0.88778		0.76914
529		3790.37		0.95362		0.95872		0.88889		0.86829		0.91753		0.89223		0.779
530		3791.87		0.95393		0.95917		0.8863		0.86765		0.91237		0.88945		0.77361
531		3793.14		0.95474		0.95978		0.8863		0.87129		0.90722		0.88889		0.77325
532		3794.61		0.95456		0.95929		0.88372		0.86341		0.91237		0.88722		0.76865
533		3796.46		0.95465		0.95883		0.87855		0.85507		0.91237		0.88279		0.75878
534		3798.6		0.95454		0.95841		0.8863		0.85377		0.93299		0.89163		0.77592
535		3799.94		0.95397		0.95682		0.87597		0.84762		0.91753		0.88119		0.75447
536		3801.59		0.95413		0.95678		0.87597		0.85096		0.91237		0.8806		0.75387
537		3803.29		0.95346		0.95582		0.88114		0.85577		0.91753		0.88557		0.76423
538		3804.61		0.95225		0.95427		0.88372		0.86341		0.91237		0.88722		0.76865
539		3806.05		0.95266		0.95582		0.88372		0.86341		0.91237		0.88722		0.76865
540		3807.93		0.95302		0.95655		0.88889		0.87562		0.90722		0.89114		0.77827
541		3809.94		0.95394		0.95776		0.89147		0.87624		0.91237		0.89394		0.78359
542		3811.1		0.95436		0.9584		0.89664		0.88119		0.91753		0.89899		0.79394
543		3812.41		0.95373		0.95701		0.89147		0.8619		0.93299		0.89604		0.78559
544		3813.59		0.95294		0.95609		0.8863		0.85714		0.92784		0.89109		0.77522
545		3814.71		0.95243		0.95595		0.88372		0.86341		0.91237		0.88722		0.76865
546		3815.91		0.95229		0.9555		0.88114		0.86634		0.90206		0.88384		0.7629
547		3817.63		0.95341		0.95622		0.88372		0.87065		0.90206		0.88608		0.76792
548		3819.22		0.95408		0.95595		0.89147		0.86893		0.92268		0.895		0.78442
549		3820.6		0.95498		0.95718		0.88889		0.86473		0.92268		0.89277		0.7795
550		3822.61		0.95537		0.95772		0.8863		0.86058		0.92268		0.89055		0.7746
551		3824.17		0.95628		0.95947		0.88114		0.85238		0.92268		0.88614		0.76484
552		3825.6		0.9562		0.95942		0.89147		0.86893		0.92268		0.895		0.78442
553		3826.74		0.95554		0.95895		0.89147		0.87624		0.91237		0.89394		0.78359
554		3827.98		0.95453		0.95835		0.89664		0.885		0.91237		0.89848		0.79365
555		3829.57		0.95251		0.95622		0.8863		0.86408		0.91753		0.89		0.77406
556		3831.06		0.95018		0.9536		0.87855		0.84834		0.92268		0.88395		0.75999
557		3832.68		0.94948		0.95271		0.87339		0.8341		0.93299		0.88078		0.75203
558		3834.15		0.95119		0.95433		0.88889		0.86473		0.92268		0.89277		0.7795
559		3836.17		0.95241		0.95539		0.88889		0.86829		0.91753		0.89223		0.779
560		3837.51		0.95245		0.95517		0.88889		0.86829		0.91753		0.89223		0.779
561		3839.6		0.95151		0.95411		0.88114		0.85238		0.92268		0.88614		0.76484
562		3841.35		0.9506		0.9534		0.87597		0.83796		0.93299		0.88293		0.75677
563		3842.94		0.95199		0.95518		0.87855		0.84834		0.92268		0.88395		0.75999
564		3844.34		0.95498		0.95839		0.88114		0.85577		0.91753		0.88557		0.76423
565		3845.83		0.95613		0.95934		0.8863		0.86408		0.91753		0.89		0.77406
566		3847.22		0.95573		0.95975		0.88372		0.8599		0.91753		0.88778		0.76914
567		3848.37		0.95526		0.95897		0.87855		0.84834		0.92268		0.88395		0.75999
568		3849.53		0.95597		0.95968		0.87597		0.84762		0.91753		0.88119		0.75447
569		3851.2		0.95643		0.96025		0.88114		0.85577		0.91753		0.88557		0.76423
570		3852.92		0.95671		0.96087		0.89147		0.87255		0.91753		0.89447		0.78396
571		3855.14		0.95716		0.96104		0.89147		0.86893		0.92268		0.895		0.78442
572		3856.32		0.95554		0.9591		0.89406		0.87317		0.92268		0.89724		0.78936
573		3857.5		0.95358		0.95693		0.8863		0.86058		0.92268		0.89055		0.7746
574		3858.8		0.9527		0.95589		0.8863		0.86408		0.91753		0.89		0.77406
575		3860.04		0.95206		0.95491		0.88114		0.85922		0.91237		0.885		0.7637
576		3861.27		0.9521		0.9549		0.88372		0.86341		0.91237		0.88722		0.76865
577		3862.57		0.95297		0.95553		0.88114		0.85238		0.92268		0.88614		0.76484
578		3864.0		0.95361		0.9566		0.88372		0.85646		0.92268		0.88834		0.76971
579		3865.56		0.95466		0.95776		0.88372		0.85308		0.92784		0.88889		0.77037
580		3867.25		0.95501		0.95842		0.8863		0.86408		0.91753		0.89		0.77406
581		3868.62		0.9556		0.95918		0.89406		0.87685		0.91753		0.89673		0.78894
582		3870.25		0.95591		0.95962		0.89406		0.8806		0.91237		0.8962		0.78861
583		3871.54		0.9558		0.95866		0.88889		0.87192		0.91237		0.89169		0.77859
584		3872.82		0.95485		0.95786		0.88889		0.86473		0.92268		0.89277		0.7795
585		3874.4		0.95466		0.95703		0.89147		0.86538		0.92784		0.89552		0.78496
586		3875.84		0.95513		0.95715		0.89406		0.86603		0.93299		0.89826		0.79045
587		3877.13		0.95518		0.95723		0.89147		0.86893		0.92268		0.895		0.78442
588		3878.51		0.95546		0.95751		0.89147		0.86893		0.92268		0.895		0.78442
589		3880.26		0.95513		0.9572		0.89147		0.87255		0.91753		0.89447		0.78396
590		3881.57		0.95454		0.95663		0.88889		0.87192		0.91237		0.89169		0.77859
591		3883.13		0.9549		0.95774		0.89147		0.87624		0.91237		0.89394		0.78359
592		3884.42		0.95509		0.95801		0.89147		0.87624		0.91237		0.89394		0.78359
593		3885.8		0.95496		0.95804		0.89406		0.87317		0.92268		0.89724		0.78936
594		3887.1		0.95476		0.95771		0.89406		0.87317		0.92268		0.89724		0.78936
595		3888.8		0.95482		0.95771		0.89664		0.87379		0.92784		0.9		0.79478
596		3890.41		0.95456		0.95772		0.89406		0.86957		0.92784		0.89776		0.78986
597		3891.97		0.9542		0.9574		0.88889		0.86124		0.92784		0.8933		0.78008
598		3893.42		0.95357		0.95686		0.88372		0.85308		0.92784		0.88889		0.77037
599		3895.0		0.95283		0.9561		0.87597		0.84762		0.91753		0.88119		0.75447
600		3897.27		0.95321		0.95683		0.87597		0.84762		0.91753		0.88119		0.75447
601		3898.52		0.95306		0.95675		0.87855		0.85167		0.91753		0.88337		0.75934
602		3899.73		0.95281		0.95672		0.87597		0.85437		0.90722		0.88		0.75335
603		3900.95		0.95243		0.95668		0.87339		0.85366		0.90206		0.87719		0.74794
604		3902.3		0.95193		0.95582		0.87339		0.85366		0.90206		0.87719		0.74794
605		3903.57		0.95079		0.95404		0.87597		0.85437		0.90722		0.88		0.75335
606		3904.92		0.94901		0.95147		0.88114		0.85922		0.91237		0.885		0.7637
607		3906.37		0.94884		0.95127		0.88114		0.85922		0.91237		0.885		0.7637
608		3908.26		0.9515		0.95411		0.8863		0.87129		0.90722		0.88889		0.77325
609		3910.63		0.95322		0.95649		0.89406		0.89231		0.89691		0.8946		0.78812
610		3912.28		0.95396		0.9571		0.89922		0.88557		0.91753		0.90127		0.79895
611		3913.9		0.95429		0.95776		0.8863		0.86058		0.92268		0.89055		0.7746
612		3915.32		0.95404		0.95779		0.88114		0.83945		0.9433		0.88835		0.76813
613		3916.93		0.95465		0.95873		0.88114		0.84906		0.92784		0.8867		0.76554
614		3918.29		0.95492		0.95895		0.8863		0.86765		0.91237		0.88945		0.77361
615		3919.66		0.95422		0.95789		0.88372		0.867		0.90722		0.88665		0.76824
616		3921.35		0.95372		0.95676		0.88114		0.85922		0.91237		0.885		0.7637
617		3922.96		0.95306		0.95585		0.88114		0.84579		0.93299		0.88725		0.76632
618		3924.94		0.95305		0.95634		0.87855		0.84507		0.92784		0.88452		0.76072
619		3926.46		0.95396		0.9574		0.87855		0.85854		0.90722		0.88221		0.7583
620		3927.91		0.95437		0.95824		0.88114		0.86634		0.90206		0.88384		0.7629
621		3929.44		0.9544		0.95833		0.88114		0.86634		0.90206		0.88384		0.7629
622		3931.29		0.95405		0.95787		0.87597		0.85096		0.91237		0.8806		0.75387
623		3932.64		0.95393		0.95795		0.88372		0.84977		0.93299		0.88943		0.77111
624		3934.08		0.95392		0.95772		0.88889		0.86124		0.92784		0.8933		0.78008
625		3935.5		0.95408		0.95795		0.89406		0.87685		0.91753		0.89673		0.78894
626		3937.08		0.95441		0.95814		0.89406		0.88442		0.90722		0.89567		0.78836
627		3938.8		0.95432		0.95812		0.88889		0.87562		0.90722		0.89114		0.77827
628		3940.43		0.95303		0.95649		0.88889		0.87192		0.91237		0.89169		0.77859
629		3942.17		0.95202		0.95562		0.87855		0.84834		0.92268		0.88395		0.75999
630		3943.85		0.95155		0.95505		0.86822		0.83568		0.91753		0.87469		0.73994
631		3945.4		0.95329		0.95666		0.8708		0.83962		0.91753		0.87685		0.74477
632		3946.75		0.95382		0.95719		0.87855		0.86207		0.90206		0.88161		0.7579
633		3948.11		0.95409		0.95757		0.8863		0.87129		0.90722		0.88889		0.77325
634		3949.75		0.95557		0.95923		0.88889		0.87192		0.91237		0.89169		0.77859
635		3951.66		0.95456		0.95857		0.87597		0.84434		0.92268		0.88177		0.75515
636		3953.07		0.95342		0.9578		0.88114		0.84259		0.93814		0.8878		0.76718
637		3954.45		0.95345		0.9582		0.88372		0.8599		0.91753		0.88778		0.76914
638		3956.39		0.9545		0.95908		0.88889		0.87192		0.91237		0.89169		0.77859
639		3957.88		0.95565		0.95993		0.89147		0.87624		0.91237		0.89394		0.78359
640		3959.67		0.95496		0.95905		0.8863		0.87129		0.90722		0.88889		0.77325
641		3961.27		0.95414		0.95785		0.8863		0.86408		0.91753		0.89		0.77406
642		3963.05		0.9546		0.95818		0.89147		0.86538		0.92784		0.89552		0.78496
643		3964.86		0.954		0.95652		0.89406		0.86957		0.92784		0.89776		0.78986
644		3966.41		0.95388		0.95641		0.89406		0.86957		0.92784		0.89776		0.78986
645		3967.82		0.95303		0.95537		0.8863		0.86765		0.91237		0.88945		0.77361
646		3969.44		0.95365		0.95699		0.89147		0.87624		0.91237		0.89394		0.78359
647		3971.27		0.95322		0.95641		0.89147		0.87624		0.91237		0.89394		0.78359
648		3972.97		0.95271		0.95585		0.89406		0.8806		0.91237		0.8962		0.78861
649		3974.66		0.95299		0.95615		0.88889		0.87192		0.91237		0.89169		0.77859
650		3976.79		0.95318		0.95638		0.88889		0.86124		0.92784		0.8933		0.78008
651		3978.42		0.95382		0.95707		0.87855		0.84507		0.92784		0.88452		0.76072
652		3979.93		0.95373		0.95692		0.87855		0.84507		0.92784		0.88452		0.76072
653		3981.3		0.95289		0.95614		0.88114		0.84906		0.92784		0.8867		0.76554
654		3982.66		0.95174		0.9552		0.88114		0.85238		0.92268		0.88614		0.76484
655		3984.03		0.95191		0.95551		0.88114		0.85577		0.91753		0.88557		0.76423
656		3986.06		0.95287		0.95638		0.87855		0.85507		0.91237		0.88279		0.75878
657		3987.65		0.95347		0.95712		0.87855		0.85507		0.91237		0.88279		0.75878
658		3989.36		0.95472		0.95842		0.88114		0.85922		0.91237		0.885		0.7637
659		3991.01		0.95605		0.95954		0.89147		0.86538		0.92784		0.89552		0.78496
660		3992.38		0.95599		0.95937		0.89147		0.8619		0.93299		0.89604		0.78559
661		3994.49		0.95593		0.95942		0.88889		0.85782		0.93299		0.89383		0.78075
662		3996.01		0.95609		0.95949		0.88889		0.85782		0.93299		0.89383		0.78075
663		3997.42		0.95508		0.95867		0.88372		0.8599		0.91753		0.88778		0.76914
664		3998.8		0.95474		0.95842		0.88889		0.87192		0.91237		0.89169		0.77859
665		4000.64		0.95498		0.95909		0.89147		0.87255		0.91753		0.89447		0.78396
666		4002.17		0.95509		0.95885		0.88372		0.85646		0.92268		0.88834		0.76971
667		4003.78		0.95497		0.95883		0.88372		0.84977		0.93299		0.88943		0.77111
668		4005.59		0.955		0.95881		0.88372		0.85646		0.92268		0.88834		0.76971
669		4007.24		0.95482		0.95851		0.89147		0.86893		0.92268		0.895		0.78442
670		4008.85		0.9551		0.95863		0.89664		0.87745		0.92268		0.8995		0.79431
671		4010.1		0.9544		0.95735		0.89406		0.88442		0.90722		0.89567		0.78836
672		4011.84		0.95368		0.95675		0.8863		0.87129		0.90722		0.88889		0.77325
673		4013.38		0.95253		0.95538		0.8863		0.87129		0.90722		0.88889		0.77325
674		4014.92		0.95327		0.95609		0.8863		0.875		0.90206		0.88832		0.77296
675		4016.19		0.95392		0.95679		0.88889		0.87192		0.91237		0.89169		0.77859
676		4018.01		0.95482		0.95789		0.8863		0.86408		0.91753		0.89		0.77406
677		4019.48		0.956		0.95906		0.88372		0.85646		0.92268		0.88834		0.76971
678		4021.38		0.9568		0.96006		0.88114		0.84579		0.93299		0.88725		0.76632
679		4023.4		0.95733		0.96054		0.88372		0.85646		0.92268		0.88834		0.76971
680		4024.82		0.9572		0.96048		0.88889		0.86829		0.91753		0.89223		0.779
681		4026.59		0.95664		0.96		0.89664		0.885		0.91237		0.89848		0.79365
682		4028.41		0.95607		0.95958		0.89147		0.88384		0.90206		0.89286		0.7831
683		4030.0		0.95441		0.95776		0.8863		0.875		0.90206		0.88832		0.77296
684		4031.43		0.9525		0.95589		0.87339		0.85714		0.89691		0.87657		0.74755
685		4032.83		0.95205		0.95521		0.87339		0.8607		0.89175		0.87595		0.74723
686		4034.28		0.95211		0.95462		0.87855		0.86207		0.90206		0.88161		0.7579
687		4036.53		0.95303		0.95546		0.87339		0.85366		0.90206		0.87719		0.74794
688		4038.31		0.95341		0.95591		0.87597		0.85437		0.90722		0.88		0.75335
689		4040.0		0.95354		0.95581		0.87597		0.85096		0.91237		0.8806		0.75387
690		4041.27		0.95353		0.95641		0.87855		0.85167		0.91753		0.88337		0.75934
691		4042.53		0.95376		0.95625		0.87855		0.85167		0.91753		0.88337		0.75934
692		4044.06		0.95414		0.95698		0.8863		0.86408		0.91753		0.89		0.77406
693		4045.57		0.95477		0.95771		0.89147		0.87624		0.91237		0.89394		0.78359
694		4047.2		0.9549		0.95799		0.89664		0.885		0.91237		0.89848		0.79365
695		4048.75		0.95454		0.95783		0.8863		0.87879		0.89691		0.88776		0.77276
696		4050.33		0.95404		0.95747		0.88114		0.87		0.89691		0.88325		0.76262
697		4052.42		0.9533		0.95705		0.87597		0.85437		0.90722		0.88		0.75335
698		4054.18		0.95484		0.95788		0.87339		0.85024		0.90722		0.87781		0.74842
699		4055.95		0.9556		0.95885		0.87339		0.84689		0.91237		0.87841		0.74897
700		4057.3		0.95653		0.95929		0.88114		0.85922		0.91237		0.885		0.7637
701		4059.19		0.95703		0.95965		0.88889		0.87192		0.91237		0.89169		0.77859
702		4060.73		0.95814		0.9606		0.8863		0.87129		0.90722		0.88889		0.77325
AUC improved at epoch  702 ;	best_auc: 0.9581352491854068
703		4062.1		0.95848		0.96063		0.8863		0.86765		0.91237		0.88945		0.77361
AUC improved at epoch  703 ;	best_auc: 0.9584824528604242
704		4063.41		0.95748		0.95929		0.88889		0.86829		0.91753		0.89223		0.779
705		4064.88		0.95595		0.95758		0.89147		0.87255		0.91753		0.89447		0.78396
706		4066.59		0.95576		0.95776		0.8863		0.875		0.90206		0.88832		0.77296
707		4068.17		0.95676		0.95909		0.88372		0.87437		0.89691		0.8855		0.76768
708		4070.17		0.95769		0.96058		0.8863		0.87879		0.89691		0.88776		0.77276
709		4071.71		0.95737		0.96066		0.8863		0.86765		0.91237		0.88945		0.77361
710		4073.53		0.95748		0.96096		0.87855		0.85507		0.91237		0.88279		0.75878
711		4075.24		0.95624		0.96006		0.87855		0.85507		0.91237		0.88279		0.75878
712		4076.67		0.95561		0.96007		0.87855		0.85507		0.91237		0.88279		0.75878
713		4077.92		0.95488		0.95956		0.88114		0.86275		0.90722		0.88442		0.76326
714		4079.87		0.95448		0.95924		0.88372		0.87065		0.90206		0.88608		0.76792
715		4081.38		0.95401		0.95868		0.8863		0.87129		0.90722		0.88889		0.77325
716		4082.62		0.95386		0.95791		0.8863		0.87129		0.90722		0.88889		0.77325
717		4083.81		0.95361		0.9568		0.87855		0.85854		0.90722		0.88221		0.7583
718		4085.19		0.95345		0.95632		0.88372		0.8599		0.91753		0.88778		0.76914
719		4087.38		0.95368		0.9563		0.89147		0.87255		0.91753		0.89447		0.78396
720		4089.06		0.9542		0.95679		0.88889		0.86473		0.92268		0.89277		0.7795
721		4090.54		0.95432		0.95701		0.8863		0.86408		0.91753		0.89		0.77406
722		4092.39		0.9547		0.95776		0.89147		0.87255		0.91753		0.89447		0.78396
723		4094.07		0.9545		0.95775		0.8863		0.87129		0.90722		0.88889		0.77325
724		4095.45		0.95477		0.95815		0.8863		0.87129		0.90722		0.88889		0.77325
725		4096.61		0.95437		0.95811		0.88114		0.86275		0.90722		0.88442		0.76326
726		4097.96		0.95478		0.95822		0.88889		0.86829		0.91753		0.89223		0.779
727		4099.1		0.95533		0.95896		0.89406		0.8806		0.91237		0.8962		0.78861
728		4100.25		0.95624		0.95979		0.89664		0.885		0.91237		0.89848		0.79365
729		4102.05		0.95691		0.96007		0.89922		0.88557		0.91753		0.90127		0.79895
730		4103.55		0.95653		0.95933		0.89922		0.87805		0.92784		0.90226		0.79971
731		4105.48		0.95573		0.95838		0.89406		0.86957		0.92784		0.89776		0.78986
732		4106.62		0.9554		0.95801		0.89406		0.86957		0.92784		0.89776		0.78986
733		4107.74		0.95569		0.95852		0.89147		0.87255		0.91753		0.89447		0.78396
734		4108.9		0.95587		0.95869		0.8863		0.86765		0.91237		0.88945		0.77361
735		4110.79		0.95591		0.9591		0.8863		0.86765		0.91237		0.88945		0.77361
736		4112.41		0.95597		0.95909		0.88372		0.867		0.90722		0.88665		0.76824
737		4113.61		0.95589		0.9589		0.88889		0.86473		0.92268		0.89277		0.7795
738		4115.15		0.95546		0.95842		0.88889		0.86473		0.92268		0.89277		0.7795
739		4116.96		0.95514		0.95803		0.88889		0.86473		0.92268		0.89277		0.7795
740		4118.58		0.95573		0.9585		0.89147		0.87255		0.91753		0.89447		0.78396
741		4120.48		0.95569		0.95855		0.8863		0.87129		0.90722		0.88889		0.77325
742		4121.73		0.95564		0.95814		0.8863		0.875		0.90206		0.88832		0.77296
743		4123.43		0.9551		0.9579		0.88372		0.86341		0.91237		0.88722		0.76865
744		4124.97		0.95565		0.9586		0.88114		0.85922		0.91237		0.885		0.7637
745		4126.14		0.95525		0.9573		0.88114		0.85577		0.91753		0.88557		0.76423
746		4127.37		0.9554		0.95727		0.87855		0.84834		0.92268		0.88395		0.75999
747		4128.86		0.95663		0.95962		0.88889		0.85782		0.93299		0.89383		0.78075
748		4130.54		0.95633		0.95971		0.88889		0.86829		0.91753		0.89223		0.779
749		4131.95		0.95592		0.95929		0.8863		0.86408		0.91753		0.89		0.77406
750		4133.14		0.95413		0.95771		0.8863		0.86765		0.91237		0.88945		0.77361
751		4134.98		0.95291		0.95589		0.88372		0.867		0.90722		0.88665		0.76824
752		4136.59		0.95173		0.9543		0.88114		0.85577		0.91753		0.88557		0.76423
753		4138.06		0.95392		0.95654		0.88372		0.86341		0.91237		0.88722		0.76865
754		4139.43		0.95397		0.95545		0.88889		0.86473		0.92268		0.89277		0.7795
755		4141.11		0.95465		0.95645		0.8863		0.86408		0.91753		0.89		0.77406
756		4142.58		0.95394		0.95559		0.89147		0.8619		0.93299		0.89604		0.78559
757		4144.2		0.95418		0.95653		0.89406		0.86603		0.93299		0.89826		0.79045
758		4145.84		0.95349		0.95599		0.8863		0.85377		0.93299		0.89163		0.77592
759		4147.16		0.95353		0.95614		0.89147		0.86538		0.92784		0.89552		0.78496
760		4148.7		0.95476		0.95819		0.88889		0.86829		0.91753		0.89223		0.779
761		4150.3		0.95557		0.95999		0.88889		0.87562		0.90722		0.89114		0.77827
762		4152.49		0.95621		0.96078		0.88889		0.87192		0.91237		0.89169		0.77859
763		4154.24		0.95632		0.9609		0.87855		0.84507		0.92784		0.88452		0.76072
764		4155.91		0.95589		0.96047		0.88114		0.84259		0.93814		0.8878		0.76718
765		4157.39		0.95649		0.96076		0.89147		0.87255		0.91753		0.89447		0.78396
766		4158.69		0.95719		0.96119		0.89406		0.8806		0.91237		0.8962		0.78861
767		4160.19		0.95729		0.96086		0.89406		0.8806		0.91237		0.8962		0.78861
768		4161.47		0.95756		0.96087		0.89406		0.87685		0.91753		0.89673		0.78894
769		4163.08		0.95729		0.96061		0.89406		0.86957		0.92784		0.89776		0.78986
770		4164.62		0.95687		0.96023		0.89664		0.87379		0.92784		0.9		0.79478
771		4165.95		0.9562		0.96029		0.89664		0.87745		0.92268		0.8995		0.79431
772		4167.66		0.95685		0.9611		0.89922		0.88177		0.92268		0.90176		0.79929
773		4169.2		0.95728		0.96156		0.8863		0.86408		0.91753		0.89		0.77406
774		4170.71		0.95673		0.96076		0.88889		0.86124		0.92784		0.8933		0.78008
775		4172.15		0.95645		0.96039		0.88114		0.85238		0.92268		0.88614		0.76484
776		4173.36		0.95643		0.96015		0.8863		0.86058		0.92268		0.89055		0.7746
777		4174.6		0.95669		0.96046		0.89147		0.87255		0.91753		0.89447		0.78396
778		4176.59		0.95574		0.95929		0.88372		0.86341		0.91237		0.88722		0.76865
779		4177.76		0.95529		0.95861		0.88889		0.86829		0.91753		0.89223		0.779
780		4179.52		0.95373		0.95669		0.88372		0.86341		0.91237		0.88722		0.76865
781		4181.13		0.95327		0.95622		0.88372		0.86341		0.91237		0.88722		0.76865
782		4182.71		0.95309		0.95589		0.88889		0.86829		0.91753		0.89223		0.779
783		4184.35		0.95323		0.95603		0.88372		0.86341		0.91237		0.88722		0.76865
784		4186.34		0.95398		0.95703		0.8863		0.87129		0.90722		0.88889		0.77325
785		4187.85		0.95445		0.95761		0.89147		0.88		0.90722		0.8934		0.7833
786		4189.76		0.95424		0.95715		0.88889		0.8794		0.90206		0.89059		0.77802
787		4191.34		0.95436		0.95757		0.89147		0.88384		0.90206		0.89286		0.7831
788		4193.0		0.95449		0.95786		0.88889		0.8794		0.90206		0.89059		0.77802
789		4194.76		0.95472		0.95802		0.87855		0.86567		0.89691		0.88101		0.75758
790		4196.34		0.95617		0.95983		0.8863		0.87129		0.90722		0.88889		0.77325
791		4197.74		0.95727		0.96105		0.88889		0.87562		0.90722		0.89114		0.77827
792		4199.09		0.95769		0.96133		0.88889		0.87192		0.91237		0.89169		0.77859
793		4200.32		0.95717		0.96038		0.8863		0.86408		0.91753		0.89		0.77406
794		4202.06		0.95611		0.95925		0.88889		0.86829		0.91753		0.89223		0.779
795		4203.73		0.95561		0.9586		0.89147		0.87624		0.91237		0.89394		0.78359
796		4205.23		0.95442		0.95724		0.89147		0.88		0.90722		0.8934		0.7833
797		4206.8		0.95347		0.95494		0.89147		0.87624		0.91237		0.89394		0.78359
798		4208.57		0.95311		0.95492		0.88889		0.86829		0.91753		0.89223		0.779
799		4209.82		0.95238		0.95473		0.87855		0.85507		0.91237		0.88279		0.75878
800		4211.08		0.95333		0.956		0.88114		0.85577		0.91753		0.88557		0.76423
801		4212.52		0.95514		0.95742		0.88114		0.85577		0.91753		0.88557		0.76423
802		4213.85		0.95627		0.95946		0.89664		0.88119		0.91753		0.89899		0.79394
803		4215.64		0.95617		0.95932		0.89147		0.88		0.90722		0.8934		0.7833
804		4217.25		0.95689		0.96065		0.89664		0.88119		0.91753		0.89899		0.79394
805		4219.59		0.9564		0.96034		0.89406		0.87317		0.92268		0.89724		0.78936
806		4221.62		0.95557		0.95969		0.88889		0.87192		0.91237		0.89169		0.77859
807		4222.88		0.95569		0.95989		0.88889		0.86829		0.91753		0.89223		0.779
808		4224.27		0.95584		0.95976		0.88372		0.867		0.90722		0.88665		0.76824
809		4225.74		0.95644		0.96036		0.88889		0.8794		0.90206		0.89059		0.77802
810		4227.78		0.95669		0.96056		0.89406		0.88832		0.90206		0.89514		0.7882
811		4229.14		0.95599		0.95895		0.8863		0.87879		0.89691		0.88776		0.77276
812		4230.34		0.95486		0.95786		0.88114		0.86275		0.90722		0.88442		0.76326
813		4231.5		0.95385		0.95677		0.87597		0.85096		0.91237		0.8806		0.75387
814		4232.84		0.95363		0.95646		0.87339		0.85024		0.90722		0.87781		0.74842
815		4234.44		0.95376		0.95669		0.87597		0.85437		0.90722		0.88		0.75335
816		4236.68		0.95461		0.95706		0.87339		0.86432		0.8866		0.87532		0.747
817		4238.14		0.9552		0.95791		0.88114		0.86634		0.90206		0.88384		0.7629
818		4239.44		0.95489		0.95657		0.8863		0.86765		0.91237		0.88945		0.77361
819		4240.75		0.95393		0.95565		0.88889		0.86829		0.91753		0.89223		0.779
820		4242.09		0.95275		0.95477		0.88889		0.87562		0.90722		0.89114		0.77827
821		4243.48		0.95178		0.95335		0.8863		0.87129		0.90722		0.88889		0.77325
822		4244.97		0.95191		0.95407		0.88372		0.87437		0.89691		0.8855		0.76768
823		4246.69		0.95349		0.95595		0.89147		0.87255		0.91753		0.89447		0.78396
824		4248.57		0.95497		0.95768		0.88889		0.86829		0.91753		0.89223		0.779
825		4250.11		0.95509		0.958		0.88889		0.86829		0.91753		0.89223		0.779
826		4252.48		0.95516		0.95797		0.8863		0.86765		0.91237		0.88945		0.77361
827		4253.89		0.95454		0.95771		0.88889		0.87562		0.90722		0.89114		0.77827
828		4255.24		0.95297		0.95657		0.88372		0.87065		0.90206		0.88608		0.76792
829		4256.38		0.95158		0.95486		0.87855		0.86207		0.90206		0.88161		0.7579
830		4257.65		0.95151		0.95461		0.87855		0.86567		0.89691		0.88101		0.75758
831		4259.09		0.95349		0.95628		0.88114		0.86634		0.90206		0.88384		0.7629
832		4260.9		0.9545		0.95736		0.8863		0.86408		0.91753		0.89		0.77406
833		4262.24		0.95512		0.9585		0.88889		0.86473		0.92268		0.89277		0.7795
834		4263.82		0.95554		0.95888		0.88889		0.86473		0.92268		0.89277		0.7795
835		4265.54		0.95457		0.95787		0.8863		0.86765		0.91237		0.88945		0.77361
836		4267.62		0.95198		0.9557		0.89406		0.87317		0.92268		0.89724		0.78936
837		4269.11		0.94873		0.95253		0.8863		0.86408		0.91753		0.89		0.77406
838		4270.48		0.94844		0.9523		0.87855		0.86207		0.90206		0.88161		0.7579
839		4271.84		0.95148		0.95539		0.88372		0.87065		0.90206		0.88608		0.76792
840		4273.21		0.95263		0.95571		0.88889		0.87192		0.91237		0.89169		0.77859
841		4274.56		0.9535		0.95586		0.88889		0.86124		0.92784		0.8933		0.78008
842		4275.76		0.95249		0.95452		0.89147		0.8619		0.93299		0.89604		0.78559
843		4277.73		0.95147		0.95289		0.89406		0.86957		0.92784		0.89776		0.78986
844		4279.4		0.95076		0.95159		0.8863		0.87879		0.89691		0.88776		0.77276
845		4281.05		0.95143		0.95226		0.8863		0.87879		0.89691		0.88776		0.77276
846		4283.23		0.95299		0.9548		0.89147		0.87624		0.91237		0.89394		0.78359
847		4284.62		0.95406		0.95698		0.88372		0.85308		0.92784		0.88889		0.77037
848		4285.83		0.95733		0.96127		0.89406		0.86256		0.93814		0.89877		0.79112
849		4287.1		0.95744		0.96195		0.89922		0.8744		0.93299		0.90274		0.80022
850		4288.6		0.95649		0.96055		0.8863		0.85714		0.92784		0.89109		0.77522
851		4290.46		0.95508		0.95835		0.87855		0.85167		0.91753		0.88337		0.75934
852		4292.21		0.95436		0.95721		0.8863		0.86765		0.91237		0.88945		0.77361
853		4293.75		0.95456		0.95642		0.88372		0.87437		0.89691		0.8855		0.76768
854		4295.63		0.95493		0.95604		0.88372		0.87065		0.90206		0.88608		0.76792
855		4297.41		0.9555		0.95647		0.8863		0.86058		0.92268		0.89055		0.7746
856		4299.07		0.95673		0.95838		0.89147		0.8619		0.93299		0.89604		0.78559
857		4300.22		0.95802		0.96007		0.89406		0.86957		0.92784		0.89776		0.78986
858		4301.48		0.95715		0.95958		0.89406		0.87685		0.91753		0.89673		0.78894
859		4303.07		0.95599		0.95891		0.89406		0.8806		0.91237		0.8962		0.78861
860		4304.6		0.9545		0.95792		0.89406		0.87317		0.92268		0.89724		0.78936
861		4305.93		0.95506		0.95783		0.89406		0.88442		0.90722		0.89567		0.78836
862		4307.17		0.95552		0.95794		0.89664		0.88119		0.91753		0.89899		0.79394
863		4308.31		0.95628		0.95844		0.89922		0.88945		0.91237		0.90076		0.7987
864		4309.44		0.95691		0.95722		0.89147		0.86893		0.92268		0.895		0.78442
865		4311.15		0.95476		0.95487		0.88889		0.86473		0.92268		0.89277		0.7795
866		4313.37		0.95275		0.95366		0.88889		0.88325		0.89691		0.89003		0.77786
867		4314.94		0.95309		0.95497		0.88372		0.85646		0.92268		0.88834		0.76971
868		4316.38		0.9553		0.95707		0.8863		0.86765		0.91237		0.88945		0.77361
869		4318.02		0.9558		0.95748		0.88889		0.87562		0.90722		0.89114		0.77827
870		4319.34		0.95476		0.95621		0.88114		0.85577		0.91753		0.88557		0.76423
871		4321.19		0.95396		0.95638		0.88372		0.85308		0.92784		0.88889		0.77037
872		4322.65		0.95591		0.95968		0.8863		0.86765		0.91237		0.88945		0.77361
873		4323.98		0.95735		0.96153		0.89147		0.88		0.90722		0.8934		0.7833
874		4325.98		0.95368		0.95763		0.86822		0.84211		0.90722		0.87345		0.7386
875		4327.91		0.95126		0.95496		0.87339		0.85366		0.90206		0.87719		0.74794
876		4329.7		0.95023		0.95367		0.87855		0.86567		0.89691		0.88101		0.75758
877		4331.09		0.95056		0.95344		0.88114		0.87374		0.89175		0.88265		0.76242
878		4332.25		0.95321		0.9558		0.88889		0.85782		0.93299		0.89383		0.78075
879		4333.95		0.95676		0.95995		0.89664		0.86667		0.93814		0.90099		0.79596
880		4335.51		0.9591		0.9617		0.90181		0.88235		0.92784		0.90452		0.80467
AUC improved at epoch  880 ;	best_auc: 0.9590967362854548
881		4337.0		0.95793		0.95969		0.89664		0.87019		0.93299		0.9005		0.79533
882		4338.36		0.95641		0.95831		0.89664		0.88119		0.91753		0.89899		0.79394
883		4339.69		0.95585		0.95729		0.89147		0.88		0.90722		0.8934		0.7833
884		4341.16		0.95749		0.95933		0.88372		0.87437		0.89691		0.8855		0.76768
885		4342.81		0.95874		0.96057		0.88889		0.8794		0.90206		0.89059		0.77802
886		4344.55		0.95967		0.96078		0.90439		0.8867		0.92784		0.9068		0.80964
AUC improved at epoch  886 ;	best_auc: 0.9596709577479836
887		4346.14		0.95888		0.96038		0.89664		0.85981		0.94845		0.90196		0.7975
888		4347.83		0.95736		0.95864		0.8863		0.86765		0.91237		0.88945		0.77361
889		4349.29		0.95615		0.9578		0.88889		0.85782		0.93299		0.89383		0.78075
890		4351.03		0.95687		0.95941		0.89147		0.87255		0.91753		0.89447		0.78396
891		4352.45		0.95636		0.95929		0.89147		0.88776		0.89691		0.89231		0.78298
892		4353.7		0.95478		0.95802		0.87855		0.86207		0.90206		0.88161		0.7579
893		4355.12		0.95464		0.95757		0.88372		0.85646		0.92268		0.88834		0.76971
894		4356.41		0.95593		0.95885		0.87855		0.85167		0.91753		0.88337		0.75934
895		4357.84		0.95827		0.96155		0.89147		0.88		0.90722		0.8934		0.7833
896		4360.14		0.95938		0.96252		0.89922		0.88945		0.91237		0.90076		0.7987
897		4361.65		0.95958		0.9625		0.90439		0.8756		0.9433		0.90819		0.81119
898		4363.31		0.95866		0.96138		0.89147		0.85849		0.93814		0.89655		0.7863
899		4365.06		0.95818		0.96068		0.89406		0.85915		0.9433		0.89926		0.79189
900		4366.56		0.95747		0.9605		0.8863		0.87129		0.90722		0.88889		0.77325
901		4367.92		0.95749		0.96069		0.88889		0.87192		0.91237		0.89169		0.77859
902		4369.89		0.95763		0.96088		0.87855		0.85167		0.91753		0.88337		0.75934
903		4371.83		0.95635		0.9599		0.8863		0.85047		0.93814		0.89216		0.77671
904		4373.16		0.95558		0.95928		0.88889		0.85446		0.93814		0.89435		0.7815
905		4374.39		0.95472		0.95811		0.8863		0.87129		0.90722		0.88889		0.77325
906		4375.62		0.95374		0.95686		0.89147		0.88776		0.89691		0.89231		0.78298
907		4376.91		0.95428		0.95735		0.88889		0.87192		0.91237		0.89169		0.77859
908		4378.08		0.95361		0.95693		0.8708		0.84615		0.90722		0.87562		0.7435
909		4379.39		0.95536		0.95838		0.87597		0.86139		0.89691		0.87879		0.75255
910		4380.81		0.95552		0.95855		0.87597		0.865		0.89175		0.87817		0.75228
911		4382.86		0.95536		0.95829		0.87339		0.85714		0.89691		0.87657		0.74755
912		4384.42		0.95442		0.95719		0.87855		0.85854		0.90722		0.88221		0.7583
913		4385.76		0.95465		0.95757		0.88114		0.85577		0.91753		0.88557		0.76423
914		4387.28		0.95689		0.96005		0.8863		0.86765		0.91237		0.88945		0.77361
915		4388.99		0.95883		0.96246		0.89147		0.88		0.90722		0.8934		0.7833
916		4390.84		0.95915		0.96308		0.89922		0.88557		0.91753		0.90127		0.79895
917		4392.77		0.95811		0.96202		0.89406		0.88442		0.90722		0.89567		0.78836
918		4394.72		0.9555		0.9595		0.8863		0.87129		0.90722		0.88889		0.77325
919		4396.47		0.95287		0.95691		0.87855		0.86207		0.90206		0.88161		0.7579
920		4397.75		0.9507		0.95478		0.87339		0.85714		0.89691		0.87657		0.74755
921		4398.96		0.94999		0.95405		0.8708		0.86		0.8866		0.8731		0.74194
922		4400.09		0.95018		0.95396		0.87597		0.87245		0.88144		0.87692		0.75197
923		4401.22		0.95222		0.95593		0.88114		0.88144		0.88144		0.88144		0.76227
924		4402.6		0.95281		0.95575		0.87339		0.85366		0.90206		0.87719		0.74794
925		4403.8		0.95436		0.95698		0.87597		0.83796		0.93299		0.88293		0.75677
926		4405.2		0.95599		0.95859		0.88372		0.84651		0.93814		0.88998		0.77194
927		4407.09		0.95745		0.95968		0.89922		0.88177		0.92268		0.90176		0.79929
928		4408.53		0.95839		0.96128		0.90439		0.89447		0.91753		0.90585		0.80904
929		4409.93		0.95876		0.9618		0.89406		0.88442		0.90722		0.89567		0.78836
930		4411.54		0.95771		0.96089		0.88372		0.87065		0.90206		0.88608		0.76792
931		4413.24		0.95592		0.95956		0.88114		0.85922		0.91237		0.885		0.7637
932		4414.99		0.95679		0.9604		0.88114		0.85922		0.91237		0.885		0.7637
933		4416.29		0.95848		0.96207		0.88372		0.87065		0.90206		0.88608		0.76792
934		4417.64		0.95923		0.96217		0.88372		0.867		0.90722		0.88665		0.76824
935		4419.43		0.9595		0.96215		0.88372		0.8599		0.91753		0.88778		0.76914
936		4420.98		0.95916		0.96175		0.88889		0.85782		0.93299		0.89383		0.78075
937		4422.38		0.95868		0.96137		0.89147		0.85849		0.93814		0.89655		0.7863
938		4423.79		0.95862		0.96141		0.88372		0.8599		0.91753		0.88778		0.76914
939		4425.22		0.95773		0.96073		0.8863		0.87129		0.90722		0.88889		0.77325
940		4426.71		0.95699		0.96025		0.88372		0.85646		0.92268		0.88834		0.76971
941		4428.31		0.95553		0.95932		0.8863		0.85377		0.93299		0.89163		0.77592
942		4429.63		0.9555		0.95921		0.88889		0.86124		0.92784		0.8933		0.78008
943		4431.0		0.95568		0.95925		0.89406		0.8806		0.91237		0.8962		0.78861
944		4432.4		0.9551		0.95827		0.89147		0.87255		0.91753		0.89447		0.78396
945		4434.07		0.95366		0.95697		0.88372		0.86341		0.91237		0.88722		0.76865
946		4435.88		0.95287		0.95594		0.88372		0.8599		0.91753		0.88778		0.76914
947		4437.51		0.95181		0.95431		0.87339		0.84689		0.91237		0.87841		0.74897
948		4438.89		0.95202		0.95413		0.87855		0.85854		0.90722		0.88221		0.7583
949		4440.24		0.95298		0.95487		0.88889		0.87562		0.90722		0.89114		0.77827
950		4441.65		0.95421		0.95652		0.8863		0.87129		0.90722		0.88889		0.77325
951		4443.02		0.95502		0.95605		0.89147		0.86893		0.92268		0.895		0.78442
952		4444.35		0.95689		0.95914		0.89664		0.87379		0.92784		0.9		0.79478
953		4445.55		0.95739		0.95927		0.89147		0.87255		0.91753		0.89447		0.78396
954		4448.14		0.95761		0.95907		0.88889		0.86473		0.92268		0.89277		0.7795
955		4450.06		0.95757		0.95941		0.88889		0.86473		0.92268		0.89277		0.7795
956		4451.41		0.95775		0.95983		0.89406		0.86957		0.92784		0.89776		0.78986
957		4452.78		0.9574		0.95946		0.89147		0.87255		0.91753		0.89447		0.78396
958		4454.09		0.95663		0.95878		0.8863		0.86765		0.91237		0.88945		0.77361
959		4455.5		0.9562		0.9587		0.88372		0.86341		0.91237		0.88722		0.76865
960		4456.74		0.95596		0.95867		0.88889		0.86829		0.91753		0.89223		0.779
961		4458.05		0.95627		0.95947		0.8863		0.86765		0.91237		0.88945		0.77361
962		4459.27		0.95648		0.95964		0.88372		0.87065		0.90206		0.88608		0.76792
963		4461.1		0.95652		0.96		0.8863		0.875		0.90206		0.88832		0.77296
964		4462.64		0.95599		0.9593		0.8863		0.87129		0.90722		0.88889		0.77325
965		4463.99		0.95518		0.95834		0.8863		0.86765		0.91237		0.88945		0.77361
966		4465.43		0.95449		0.95763		0.88372		0.85646		0.92268		0.88834		0.76971
967		4466.73		0.95397		0.95715		0.88372		0.85646		0.92268		0.88834		0.76971
968		4468.57		0.95421		0.95712		0.89147		0.87255		0.91753		0.89447		0.78396
969		4469.86		0.95482		0.95751		0.88889		0.87562		0.90722		0.89114		0.77827
970		4471.16		0.95501		0.95733		0.89147		0.88		0.90722		0.8934		0.7833
971		4472.65		0.95509		0.95739		0.88889		0.87562		0.90722		0.89114		0.77827
972		4474.06		0.95549		0.95792		0.88889		0.87562		0.90722		0.89114		0.77827
973		4475.57		0.95583		0.95824		0.88114		0.86634		0.90206		0.88384		0.7629
974		4477.37		0.95612		0.9587		0.87339		0.84689		0.91237		0.87841		0.74897
975		4478.69		0.95652		0.95942		0.8863		0.85047		0.93814		0.89216		0.77671
976		4480.11		0.95701		0.96013		0.88114		0.84906		0.92784		0.8867		0.76554
977		4481.51		0.95741		0.96049		0.88372		0.8599		0.91753		0.88778		0.76914
978		4483.21		0.95792		0.96119		0.89406		0.88442		0.90722		0.89567		0.78836
979		4484.53		0.95744		0.96056		0.88372		0.867		0.90722		0.88665		0.76824
980		4486.11		0.95705		0.96019		0.88372		0.86341		0.91237		0.88722		0.76865
981		4488.06		0.95675		0.95994		0.88372		0.8599		0.91753		0.88778		0.76914
982		4489.57		0.95651		0.95956		0.8863		0.86058		0.92268		0.89055		0.7746
983		4491.54		0.95675		0.95966		0.8863		0.86058		0.92268		0.89055		0.7746
984		4493.04		0.95663		0.95952		0.88114		0.85922		0.91237		0.885		0.7637
985		4494.42		0.95741		0.96052		0.88372		0.87065		0.90206		0.88608		0.76792
986		4495.84		0.95806		0.96113		0.88889		0.87562		0.90722		0.89114		0.77827
987		4497.17		0.95859		0.96179		0.89147		0.88		0.90722		0.8934		0.7833
988		4498.41		0.95855		0.96186		0.89147		0.88		0.90722		0.8934		0.7833
989		4499.81		0.95876		0.962		0.8863		0.87129		0.90722		0.88889		0.77325
990		4501.67		0.95862		0.96179		0.88889		0.87192		0.91237		0.89169		0.77859
991		4503.45		0.95846		0.96172		0.88889		0.87192		0.91237		0.89169		0.77859
992		4505.35		0.95808		0.96133		0.88889		0.87192		0.91237		0.89169		0.77859
993		4506.67		0.95759		0.96104		0.8863		0.87129		0.90722		0.88889		0.77325
994		4508.08		0.95724		0.9605		0.88889		0.87562		0.90722		0.89114		0.77827
995		4509.39		0.95685		0.96019		0.89147		0.87624		0.91237		0.89394		0.78359
996		4510.84		0.95675		0.95996		0.88889		0.87192		0.91237		0.89169		0.77859
997		4512.0		0.95676		0.95984		0.88889		0.87192		0.91237		0.89169		0.77859
998		4513.29		0.9568		0.95962		0.89147		0.87624		0.91237		0.89394		0.78359
999		4514.53		0.95661		0.95958		0.89664		0.87745		0.92268		0.8995		0.79431
1000		4516.23		0.95692		0.95978		0.89406		0.87317		0.92268		0.89724		0.78936
fold: 3
Epoch		Time		AUC		AUPR		Accuracy		Precision		Recall		F1-score		Mcc
1		4518.77		0.81649		0.78827		0.57881		0.84091		0.19171		0.31224		0.24513
AUC improved at epoch  1 ;	best_auc: 0.8164895037658245
2		4520.29		0.82691		0.78928		0.67959		0.81081		0.46632		0.59211		0.39585
AUC improved at epoch  2 ;	best_auc: 0.8269056140163453
3		4521.61		0.82528		0.7871		0.73902		0.74731		0.72021		0.73351		0.4783
4		4523.01		0.82461		0.79117		0.76744		0.73953		0.82383		0.77941		0.53851
5		4524.42		0.82076		0.79213		0.73385		0.74457		0.70984		0.72679		0.46814
6		4525.76		0.82199		0.78904		0.70284		0.75		0.60622		0.67049		0.41302
7		4527.13		0.81897		0.78454		0.72351		0.74157		0.68394		0.71159		0.44826
8		4528.41		0.8209		0.79117		0.72351		0.73118		0.70466		0.71768		0.44727
9		4530.21		0.82442		0.79748		0.70801		0.7381		0.64249		0.68698		0.41934
10		4531.48		0.82757		0.80107		0.71059		0.73684		0.65285		0.69231		0.42376
AUC improved at epoch  10 ;	best_auc: 0.8275733133913787
11		4532.83		0.82752		0.79946		0.74935		0.74		0.76684		0.75318		0.49908
12		4534.22		0.83486		0.80697		0.74677		0.75676		0.72539		0.74074		0.4939
AUC improved at epoch  12 ;	best_auc: 0.8348645905667432
13		4535.68		0.84213		0.81121		0.75969		0.78409		0.71503		0.74797		0.52128
AUC improved at epoch  13 ;	best_auc: 0.8421291597671063
14		4537.26		0.84541		0.81256		0.79587		0.76147		0.8601		0.80779		0.59686
AUC improved at epoch  14 ;	best_auc: 0.8454142406922708
15		4538.75		0.84907		0.81633		0.78553		0.78061		0.79275		0.78663		0.57114
AUC improved at epoch  15 ;	best_auc: 0.8490732332674537
16		4540.18		0.85078		0.82208		0.79328		0.77561		0.82383		0.79899		0.58776
AUC improved at epoch  16 ;	best_auc: 0.8507825436675391
17		4541.49		0.85142		0.82078		0.79328		0.77561		0.82383		0.79899		0.58776
AUC improved at epoch  17 ;	best_auc: 0.8514235350675712
18		4542.96		0.85329		0.81934		0.79587		0.7767		0.82902		0.80201		0.59314
AUC improved at epoch  18 ;	best_auc: 0.8532930933176646
19		4544.39		0.85498		0.82211		0.79845		0.79188		0.80829		0.8		0.59705
AUC improved at epoch  19 ;	best_auc: 0.8549756957427487
20		4545.7		0.85484		0.81942		0.80362		0.77725		0.84974		0.81188		0.60997
21		4547.07		0.85377		0.81252		0.78553		0.74775		0.8601		0.8		0.57774
22		4548.68		0.85815		0.82723		0.79845		0.79793		0.79793		0.79793		0.5969
AUC improved at epoch  22 ;	best_auc: 0.8581539447679077
23		4550.29		0.85821		0.82739		0.8062		0.80102		0.81347		0.8072		0.61249
AUC improved at epoch  23 ;	best_auc: 0.8582073607179103
24		4551.6		0.85797		0.82454		0.79587		0.76147		0.8601		0.80779		0.59686
25		4553.14		0.85866		0.8219		0.80103		0.77103		0.85492		0.81081		0.60575
AUC improved at epoch  25 ;	best_auc: 0.858661396292933
26		4554.88		0.86		0.82188		0.80103		0.79293		0.81347		0.80307		0.60229
AUC improved at epoch  26 ;	best_auc: 0.8599967950429999
27		4556.57		0.86155		0.81936		0.81137		0.78846		0.84974		0.81796		0.62469
AUC improved at epoch  27 ;	best_auc: 0.8615458575930772
28		4557.83		0.86187		0.8203		0.80362		0.77209		0.8601		0.81373		0.61131
AUC improved at epoch  28 ;	best_auc: 0.8618663532930932
29		4559.06		0.86488		0.82346		0.8062		0.78641		0.83938		0.81203		0.61385
AUC improved at epoch  29 ;	best_auc: 0.8648843544682443
30		4560.99		0.86707		0.82593		0.79845		0.78894		0.81347		0.80102		0.59722
AUC improved at epoch  30 ;	best_auc: 0.8670744084183537
31		4562.42		0.86641		0.82627		0.80103		0.76606		0.86528		0.81265		0.60728
32		4563.96		0.86739		0.82873		0.80362		0.76712		0.87047		0.81553		0.61292
AUC improved at epoch  32 ;	best_auc: 0.8673949041183697
33		4565.29		0.86897		0.83208		0.80362		0.78537		0.8342		0.80905		0.60847
AUC improved at epoch  33 ;	best_auc: 0.8689706746434486
34		4567.07		0.87039		0.83654		0.79587		0.785		0.81347		0.79898		0.59215
AUC improved at epoch  34 ;	best_auc: 0.8703861973185193
35		4568.93		0.87175		0.84007		0.80103		0.76364		0.87047		0.81356		0.60815
AUC improved at epoch  35 ;	best_auc: 0.8717483040435874
36		4570.36		0.87327		0.84117		0.80103		0.76606		0.86528		0.81265		0.60728
AUC improved at epoch  36 ;	best_auc: 0.8732706586186635
37		4571.55		0.87479		0.84499		0.79328		0.79275		0.79275		0.79275		0.58656
AUC improved at epoch  37 ;	best_auc: 0.8747930131937396
38		4573.51		0.87632		0.85207		0.80103		0.76606		0.86528		0.81265		0.60728
AUC improved at epoch  38 ;	best_auc: 0.8763153677688157
39		4575.54		0.87712		0.85447		0.79845		0.76498		0.8601		0.80976		0.60167
AUC improved at epoch  39 ;	best_auc: 0.8771166070188557
40		4576.74		0.87925		0.85758		0.79587		0.79082		0.80311		0.79692		0.59182
AUC improved at epoch  40 ;	best_auc: 0.8792532450189626
41		4578.43		0.87885		0.85743		0.80362		0.7799		0.84456		0.81095		0.6094
42		4579.59		0.87987		0.86157		0.8062		0.7783		0.85492		0.81481		0.61547
AUC improved at epoch  42 ;	best_auc: 0.8798675284439934
43		4580.94		0.88307		0.86558		0.7907		0.79167		0.78756		0.78961		0.58139
AUC improved at epoch  43 ;	best_auc: 0.8830724854441536
44		4582.72		0.88419		0.86918		0.80362		0.76		0.88601		0.81818		0.61587
AUC improved at epoch  44 ;	best_auc: 0.8841942203942097
45		4584.69		0.88403		0.8678		0.8062		0.78095		0.84974		0.8139		0.61486
46		4586.63		0.88895		0.87425		0.79845		0.79487		0.80311		0.79897		0.59694
AUC improved at epoch  46 ;	best_auc: 0.8889482399444474
47		4588.26		0.89031		0.87732		0.81395		0.77626		0.88083		0.82524		0.63378
AUC improved at epoch  47 ;	best_auc: 0.8903103466695155
48		4590.02		0.89068		0.87817		0.8062		0.79208		0.82902		0.81013		0.61311
AUC improved at epoch  48 ;	best_auc: 0.8906842583195342
49		4591.78		0.89557		0.88436		0.80879		0.78744		0.84456		0.815		0.61926
AUC improved at epoch  49 ;	best_auc: 0.8955718177447787
50		4592.97		0.89766		0.88657		0.82429		0.80193		0.8601		0.83		0.65035
AUC improved at epoch  50 ;	best_auc: 0.8976550397948827
51		4594.24		0.89891		0.88811		0.80879		0.80203		0.81865		0.81026		0.61772
AUC improved at epoch  51 ;	best_auc: 0.8989103146199454
52		4595.55		0.89896		0.89003		0.81137		0.78846		0.84974		0.81796		0.62469
AUC improved at epoch  52 ;	best_auc: 0.8989637305699482
53		4597.42		0.90238		0.89335		0.81137		0.80612		0.81865		0.81234		0.62283
AUC improved at epoch  53 ;	best_auc: 0.9023823513701191
54		4599.03		0.90292		0.89308		0.81912		0.8		0.84974		0.82412		0.63953
AUC improved at epoch  54 ;	best_auc: 0.9029165108701458
55		4600.38		0.90353		0.89604		0.81137		0.8125		0.80829		0.81039		0.62274
AUC improved at epoch  55 ;	best_auc: 0.9035307942951766
56		4601.6		0.90489		0.90334		0.81654		0.78774		0.86528		0.82469		0.63624
AUC improved at epoch  56 ;	best_auc: 0.9048929010202447
57		4603.28		0.90663		0.90543		0.82171		0.84444		0.78756		0.81501		0.6448
AUC improved at epoch  57 ;	best_auc: 0.9066289193953315
58		4605.05		0.90882		0.90788		0.81654		0.79048		0.8601		0.82382		0.63561
AUC improved at epoch  58 ;	best_auc: 0.9088189733454409
59		4606.25		0.91106		0.9102		0.81395		0.801		0.8342		0.81726		0.62848
AUC improved at epoch  59 ;	best_auc: 0.9110624432455531
60		4607.52		0.91387		0.91278		0.81912		0.82888		0.80311		0.81579		0.63852
AUC improved at epoch  60 ;	best_auc: 0.9138667806206934
61		4608.95		0.9156		0.91566		0.82687		0.79717		0.87565		0.83457		0.65701
AUC improved at epoch  61 ;	best_auc: 0.91560279899578
62		4610.36		0.91611		0.9155		0.82946		0.86705		0.7772		0.81967		0.66237
AUC improved at epoch  62 ;	best_auc: 0.9161102505208055
63		4612.21		0.91803		0.91747		0.82687		0.78378		0.90155		0.83855		0.66134
AUC improved at epoch  63 ;	best_auc: 0.9180332247209017
64		4614.03		0.92132		0.92001		0.83979		0.86592		0.80311		0.83333		0.68131
AUC improved at epoch  64 ;	best_auc: 0.9213183056460659
65		4615.23		0.92273		0.92167		0.83979		0.84293		0.8342		0.83854		0.67961
AUC improved at epoch  65 ;	best_auc: 0.9227338283211366
66		4617.28		0.92343		0.92238		0.83721		0.8125		0.87565		0.84289		0.67652
AUC improved at epoch  66 ;	best_auc: 0.9234282356711715
67		4619.35		0.92735		0.92554		0.84238		0.86264		0.81347		0.83733		0.68582
AUC improved at epoch  67 ;	best_auc: 0.9273543079963678
68		4620.66		0.92906		0.92773		0.84238		0.83673		0.84974		0.84319		0.68485
AUC improved at epoch  68 ;	best_auc: 0.9290636183964532
69		4622.02		0.92954		0.92849		0.84238		0.81731		0.88083		0.84788		0.68688
AUC improved at epoch  69 ;	best_auc: 0.9295443619464772
70		4623.36		0.92848		0.9257		0.84496		0.84817		0.83938		0.84375		0.68995
71		4624.72		0.92527		0.9228		0.83979		0.82915		0.85492		0.84184		0.67994
72		4626.19		0.92912		0.92626		0.83721		0.83163		0.84456		0.83805		0.67451
73		4627.88		0.9324		0.92939		0.85013		0.86486		0.82902		0.84656		0.70082
AUC improved at epoch  73 ;	best_auc: 0.9324021152716202
74		4629.32		0.93147		0.92901		0.83979		0.81643		0.87565		0.845		0.68143
75		4631.13		0.93328		0.92967		0.85271		0.88636		0.80829		0.84553		0.7081
AUC improved at epoch  75 ;	best_auc: 0.9332834784466643
76		4633.01		0.93032		0.92782		0.85013		0.80543		0.92228		0.8599		0.70781
77		4634.45		0.93315		0.93077		0.84496		0.84456		0.84456		0.84456		0.68992
78		4635.64		0.9339		0.93193		0.84496		0.83756		0.85492		0.84615		0.69008
AUC improved at epoch  78 ;	best_auc: 0.9338977618716949
79		4637.19		0.93011		0.92721		0.84238		0.83333		0.85492		0.84399		0.685
80		4638.4		0.93595		0.93209		0.85271		0.8617		0.83938		0.85039		0.70564
AUC improved at epoch  80 ;	best_auc: 0.9359542759467977
81		4639.69		0.93652		0.93344		0.85013		0.83582		0.87047		0.85279		0.70089
AUC improved at epoch  81 ;	best_auc: 0.9365151434218257
82		4640.91		0.93609		0.93273		0.85013		0.83582		0.87047		0.85279		0.70089
83		4642.13		0.93513		0.93224		0.8553		0.83744		0.88083		0.85859		0.71158
84		4643.83		0.93505		0.93244		0.8553		0.84772		0.86528		0.85641		0.71076
85		4645.4		0.93881		0.93605		0.8553		0.84772		0.86528		0.85641		0.71076
AUC improved at epoch  85 ;	best_auc: 0.9388120292719405
86		4646.78		0.93916		0.93693		0.84496		0.81818		0.88601		0.85075		0.69236
AUC improved at epoch  86 ;	best_auc: 0.9391592329469579
87		4648.35		0.94186		0.94017		0.84755		0.85638		0.8342		0.84514		0.6953
AUC improved at epoch  87 ;	best_auc: 0.9418567384220928
88		4649.76		0.92906		0.92923		0.83979		0.78603		0.93264		0.85308		0.69181
89		4651.08		0.93171		0.92941		0.84238		0.9125		0.75648		0.8272		0.6948
90		4652.51		0.94087		0.93962		0.84755		0.81604		0.89637		0.85432		0.69854
91		4653.99		0.9422		0.94166		0.84496		0.8009		0.9171		0.85507		0.69737
AUC improved at epoch  91 ;	best_auc: 0.9422039420971102
92		4655.32		0.9359		0.93527		0.8553		0.88701		0.81347		0.84865		0.71297
93		4656.76		0.92292		0.9239		0.82687		0.80583		0.8601		0.83208		0.65528
94		4658.17		0.92156		0.92497		0.83204		0.80769		0.87047		0.83791		0.66615
95		4659.61		0.93246		0.93376		0.84238		0.85106		0.82902		0.8399		0.68496
96		4661.15		0.94282		0.94094		0.85271		0.84343		0.86528		0.85422		0.70568
AUC improved at epoch  96 ;	best_auc: 0.942818225522141
97		4662.65		0.9441		0.94191		0.84755		0.80734		0.91192		0.85645		0.70106
AUC improved at epoch  97 ;	best_auc: 0.9441002083222051
98		4664.27		0.94132		0.9391		0.86047		0.85641		0.86528		0.86082		0.72097
99		4665.55		0.9426		0.94072		0.8553		0.86243		0.84456		0.8534		0.71073
100		4666.88		0.94041		0.93971		0.85013		0.82297		0.89119		0.85572		0.70273
101		4668.28		0.93457		0.93535		0.84755		0.81604		0.89637		0.85432		0.69854
102		4670.34		0.93478		0.93511		0.83979		0.84656		0.82902		0.8377		0.67971
103		4672.01		0.93798		0.9379		0.85013		0.84264		0.8601		0.85128		0.70042
104		4673.53		0.93812		0.93849		0.84238		0.80556		0.90155		0.85086		0.68974
105		4675.14		0.94503		0.94473		0.86563		0.86528		0.86528		0.86528		0.73126
AUC improved at epoch  105 ;	best_auc: 0.9450349874472517
106		4677.02		0.94581		0.94501		0.86563		0.86154		0.87047		0.86598		0.73131
AUC improved at epoch  106 ;	best_auc: 0.9458095187222905
107		4678.26		0.94378		0.94349		0.85013		0.82609		0.88601		0.855		0.70215
108		4679.44		0.93929		0.93908		0.83979		0.81951		0.87047		0.84422		0.68095
109		4680.87		0.93529		0.93473		0.85013		0.84974		0.84974		0.84974		0.70026
110		4682.88		0.93828		0.93916		0.86047		0.83575		0.89637		0.865		0.72287
111		4684.23		0.94642		0.94761		0.84755		0.83168		0.87047		0.85063		0.69588
AUC improved at epoch  111 ;	best_auc: 0.9464238021473211
112		4685.57		0.95022		0.95064		0.86305		0.86082		0.86528		0.86305		0.72611
AUC improved at epoch  112 ;	best_auc: 0.9502163345975108
113		4686.76		0.94787		0.9481		0.86305		0.8211		0.92746		0.87105		0.73232
114		4687.95		0.94608		0.94621		0.85788		0.83495		0.89119		0.86216		0.71743
115		4689.37		0.94573		0.94538		0.86305		0.86842		0.85492		0.86162		0.72617
116		4690.99		0.94429		0.94435		0.84755		0.82212		0.88601		0.85287		0.69725
117		4692.59		0.94706		0.94685		0.84755		0.82843		0.87565		0.85139		0.69626
118		4694.27		0.94789		0.94802		0.85788		0.84158		0.88083		0.86076		0.71657
119		4695.85		0.94771		0.94866		0.86305		0.85		0.88083		0.86514		0.7266
120		4697.04		0.94202		0.94386		0.8553		0.83092		0.89119		0.86		0.71251
121		4698.52		0.94557		0.946		0.87339		0.86735		0.88083		0.87404		0.74687
122		4699.91		0.94626		0.94552		0.8553		0.8408		0.87565		0.85787		0.71123
123		4701.38		0.94741		0.94705		0.85788		0.81651		0.92228		0.86618		0.7219
124		4702.8		0.94974		0.9497		0.86563		0.86154		0.87047		0.86598		0.73131
125		4704.52		0.94885		0.94965		0.85788		0.83824		0.88601		0.86146		0.71696
126		4706.1		0.94835		0.94981		0.86822		0.83178		0.92228		0.87469		0.74088
127		4707.8		0.9488		0.94998		0.86822		0.84804		0.89637		0.87154		0.73766
128		4709.11		0.94789		0.94861		0.86305		0.85		0.88083		0.86514		0.7266
129		4711.0		0.94613		0.9481		0.85013		0.81395		0.90674		0.85784		0.70491
130		4712.5		0.94958		0.95064		0.86822		0.85859		0.88083		0.86957		0.7367
131		4714.41		0.95011		0.95109		0.86305		0.83333		0.90674		0.86849		0.72898
132		4715.89		0.94843		0.94951		0.8553		0.81279		0.92228		0.86408		0.71719
133		4717.19		0.95072		0.95034		0.86563		0.86911		0.8601		0.86458		0.7313
AUC improved at epoch  133 ;	best_auc: 0.9507237861225362
134		4718.42		0.95043		0.95109		0.8708		0.87047		0.87047		0.87047		0.7416
135		4719.8		0.94815		0.94976		0.85788		0.81944		0.9171		0.86553		0.72096
136		4721.32		0.95249		0.95189		0.86305		0.85354		0.87565		0.86445		0.72636
AUC improved at epoch  136 ;	best_auc: 0.9524865124726243
137		4722.75		0.95076		0.94988		0.86047		0.83254		0.90155		0.86567		0.72346
138		4724.01		0.94998		0.95004		0.86822		0.82273		0.93782		0.87651		0.7438
139		4725.35		0.9546		0.95385		0.88114		0.88083		0.88083		0.88083		0.76227
AUC improved at epoch  139 ;	best_auc: 0.9545964424977298
140		4727.08		0.95353		0.9534		0.88114		0.86935		0.89637		0.88265		0.76266
141		4729.03		0.95022		0.95153		0.87855		0.83182		0.94819		0.8862		0.76467
142		4730.78		0.9503		0.95089		0.8708		0.84541		0.90674		0.875		0.7436
143		4731.92		0.94933		0.94969		0.86047		0.82938		0.90674		0.86634		0.72413
144		4733.12		0.94885		0.94956		0.85788		0.82547		0.90674		0.8642		0.71931
145		4734.45		0.95158		0.95138		0.8553		0.83092		0.89119		0.86		0.71251
146		4735.64		0.95187		0.95074		0.87597		0.86432		0.89119		0.87755		0.75232
147		4736.9		0.95036		0.9499		0.86563		0.82791		0.92228		0.87255		0.73611
148		4738.23		0.9508		0.95006		0.86305		0.83981		0.89637		0.86717		0.72779
149		4740.15		0.95163		0.95106		0.86822		0.86979		0.86528		0.86753		0.73644
150		4741.87		0.95281		0.95392		0.86563		0.8439		0.89637		0.86935		0.73272
151		4743.94		0.95091		0.95268		0.86563		0.82488		0.92746		0.87317		0.73704
152		4745.62		0.95343		0.95404		0.87597		0.87179		0.88083		0.87629		0.75198
153		4747.14		0.95275		0.95275		0.86563		0.86528		0.86528		0.86528		0.73126
154		4749.06		0.9508		0.95169		0.8553		0.82775		0.89637		0.8607		0.7131
155		4750.7		0.94912		0.951		0.86822		0.83178		0.92228		0.87469		0.74088
156		4752.12		0.95217		0.95266		0.8708		0.84878		0.90155		0.87437		0.74307
157		4753.41		0.95382		0.95404		0.87597		0.8607		0.89637		0.87817		0.75261
158		4755.07		0.95369		0.954		0.87597		0.85024		0.91192		0.88		0.75396
159		4756.73		0.95351		0.95341		0.87339		0.83645		0.92746		0.87961		0.75127
160		4757.92		0.9542		0.95306		0.87855		0.85096		0.9171		0.88279		0.75944
161		4759.12		0.95355		0.95292		0.87339		0.84951		0.90674		0.87719		0.7485
162		4760.61		0.95299		0.95322		0.87339		0.85294		0.90155		0.87657		0.74801
163		4762.31		0.95187		0.95284		0.87597		0.85024		0.91192		0.88		0.75396
164		4763.51		0.95222		0.95318		0.87339		0.84615		0.91192		0.87781		0.74907
165		4764.79		0.9546		0.95449		0.87339		0.86		0.89119		0.87532		0.74728
166		4766.03		0.9545		0.95371		0.87855		0.86869		0.89119		0.8798		0.75737
167		4767.35		0.95428		0.95383		0.8708		0.84541		0.90674		0.875		0.7436
168		4769.3		0.95295		0.95299		0.87339		0.83645		0.92746		0.87961		0.75127
169		4770.43		0.95158		0.95212		0.8708		0.83886		0.9171		0.87624		0.74489
170		4771.57		0.95062		0.95141		0.8708		0.85222		0.89637		0.87374		0.74263
171		4772.74		0.95044		0.95185		0.86563		0.8439		0.89637		0.86935		0.73272
172		4774.46		0.95243		0.95362		0.87339		0.85294		0.90155		0.87657		0.74801
173		4776.28		0.9525		0.95277		0.86563		0.8439		0.89637		0.86935		0.73272
174		4778.36		0.95279		0.95214		0.86822		0.84804		0.89637		0.87154		0.73766
175		4779.51		0.95266		0.95193		0.86305		0.83654		0.90155		0.86783		0.72834
176		4780.82		0.95222		0.95231		0.86822		0.84135		0.90674		0.87282		0.73871
177		4781.98		0.95043		0.95145		0.8708		0.84211		0.91192		0.87562		0.7442
178		4783.73		0.94893		0.95047		0.86563		0.83732		0.90674		0.87065		0.73383
179		4785.17		0.95035		0.95158		0.86047		0.83254		0.90155		0.86567		0.72346
180		4786.52		0.9525		0.95243		0.86822		0.84466		0.90155		0.87218		0.73815
181		4787.74		0.95424		0.95276		0.87855		0.85784		0.90674		0.88161		0.75837
182		4789.02		0.95433		0.9524		0.87855		0.85784		0.90674		0.88161		0.75837
183		4790.8		0.95513		0.95332		0.87339		0.85644		0.89637		0.87595		0.74761
AUC improved at epoch  183 ;	best_auc: 0.9551306019977566
184		4792.14		0.95468		0.95322		0.86563		0.84058		0.90155		0.87		0.73324
185		4793.47		0.95389		0.95276		0.86822		0.8381		0.91192		0.87345		0.73935
186		4794.76		0.95428		0.95409		0.87339		0.84615		0.91192		0.87781		0.74907
187		4796.0		0.95401		0.95453		0.8708		0.84878		0.90155		0.87437		0.74307
188		4798.01		0.95365		0.95476		0.8708		0.84878		0.90155		0.87437		0.74307
189		4800.26		0.95449		0.95564		0.87339		0.85294		0.90155		0.87657		0.74801
190		4801.48		0.95489		0.95582		0.86563		0.84058		0.90155		0.87		0.73324
191		4802.69		0.95624		0.95703		0.86822		0.84135		0.90674		0.87282		0.73871
AUC improved at epoch  191 ;	best_auc: 0.956238982960312
192		4804.65		0.95625		0.95679		0.86305		0.83654		0.90155		0.86783		0.72834
AUC improved at epoch  192 ;	best_auc: 0.9562523369478126
193		4806.1		0.95628		0.9563		0.87339		0.84951		0.90674		0.87719		0.7485
AUC improved at epoch  193 ;	best_auc: 0.956279044922814
194		4807.45		0.95597		0.95555		0.88114		0.85167		0.92228		0.88557		0.76494
195		4808.74		0.95587		0.95529		0.87855		0.85437		0.91192		0.88221		0.75886
196		4809.88		0.95512		0.95466		0.88889		0.875		0.90674		0.89059		0.77831
197		4812.06		0.95462		0.95382		0.8863		0.88205		0.89119		0.8866		0.77266
198		4813.81		0.95488		0.95441		0.88372		0.87		0.90155		0.8855		0.76796
199		4814.99		0.95405		0.95435		0.88114		0.85854		0.91192		0.88442		0.76378
200		4816.38		0.95339		0.9537		0.88372		0.85577		0.92228		0.88778		0.7698
201		4818.32		0.95314		0.95366		0.87597		0.84689		0.9171		0.8806		0.75457
202		4819.47		0.95384		0.95415		0.87855		0.85096		0.9171		0.88279		0.75944
203		4820.67		0.95448		0.95446		0.8708		0.84541		0.90674		0.875		0.7436
204		4821.85		0.95621		0.95594		0.87855		0.85096		0.9171		0.88279		0.75944
205		4823.0		0.95724		0.95688		0.88114		0.85167		0.92228		0.88557		0.76494
AUC improved at epoch  205 ;	best_auc: 0.957240532022862
206		4824.67		0.95777		0.9574		0.88114		0.85167		0.92228		0.88557		0.76494
AUC improved at epoch  206 ;	best_auc: 0.9577746915228886
207		4826.41		0.95741		0.95665		0.88114		0.84834		0.92746		0.88614		0.76565
208		4827.62		0.95729		0.95624		0.87597		0.84038		0.92746		0.88177		0.75605
209		4828.83		0.95656		0.95528		0.8863		0.8599		0.92228		0.89		0.77468
210		4830.38		0.95545		0.95445		0.88889		0.875		0.90674		0.89059		0.77831
211		4832.09		0.95421		0.9537		0.88114		0.8731		0.89119		0.88205		0.76245
212		4833.22		0.95258		0.95333		0.87339		0.85294		0.90155		0.87657		0.74801
213		4834.36		0.95171		0.95303		0.86822		0.83178		0.92228		0.87469		0.74088
214		4835.49		0.95154		0.95319		0.86822		0.83178		0.92228		0.87469		0.74088
215		4836.72		0.95325		0.95412		0.87597		0.84689		0.9171		0.8806		0.75457
216		4838.31		0.95589		0.9556		0.88114		0.85507		0.9171		0.885		0.76432
217		4839.89		0.95741		0.95619		0.88889		0.87129		0.91192		0.89114		0.77865
218		4841.03		0.9584		0.95719		0.88889		0.86408		0.92228		0.89223		0.77958
AUC improved at epoch  218 ;	best_auc: 0.95840232893542
219		4842.37		0.95772		0.95668		0.87855		0.85096		0.9171		0.88279		0.75944
220		4844.12		0.95741		0.95637		0.88114		0.85167		0.92228		0.88557		0.76494
221		4845.48		0.95632		0.95533		0.88372		0.85922		0.9171		0.88722		0.76922
222		4847.19		0.95546		0.95452		0.87855		0.85784		0.90674		0.88161		0.75837
223		4848.87		0.95442		0.95374		0.88372		0.86634		0.90674		0.88608		0.7683
224		4850.36		0.95269		0.95245		0.87597		0.85366		0.90674		0.8794		0.75343
225		4852.28		0.95162		0.9513		0.88114		0.84834		0.92746		0.88614		0.76565
226		4853.43		0.95104		0.95052		0.87597		0.84038		0.92746		0.88177		0.75605
227		4854.55		0.95171		0.9505		0.8708		0.83568		0.92228		0.87685		0.74566
228		4855.91		0.95315		0.95171		0.87339		0.84286		0.9171		0.87841		0.74972
229		4857.67		0.95388		0.95224		0.8863		0.8599		0.92228		0.89		0.77468
230		4858.79		0.95472		0.95323		0.8863		0.8599		0.92228		0.89		0.77468
231		4859.98		0.95424		0.95245		0.87855		0.85437		0.91192		0.88221		0.75886
232		4861.2		0.95518		0.95347		0.88114		0.85507		0.9171		0.885		0.76432
233		4862.47		0.95597		0.95449		0.87855		0.85096		0.9171		0.88279		0.75944
234		4864.78		0.95637		0.95431		0.88372		0.85238		0.92746		0.88834		0.77047
235		4866.46		0.95676		0.95486		0.87855		0.84762		0.92228		0.88337		0.7601
236		4867.73		0.95517		0.953		0.88114		0.84834		0.92746		0.88614		0.76565
237		4869.13		0.95554		0.95405		0.88114		0.84834		0.92746		0.88614		0.76565
238		4870.58		0.9545		0.9535		0.8863		0.86341		0.9171		0.88945		0.77413
239		4872.35		0.95545		0.95466		0.8863		0.86341		0.9171		0.88945		0.77413
240		4873.63		0.95462		0.95374		0.88114		0.86207		0.90674		0.88384		0.76332
241		4874.84		0.9541		0.95318		0.87597		0.8436		0.92228		0.88119		0.75527
242		4876.2		0.95488		0.95346		0.8708		0.83256		0.92746		0.87745		0.74651
243		4878.14		0.95569		0.95424		0.87597		0.84038		0.92746		0.88177		0.75605
244		4879.47		0.95616		0.9541		0.87855		0.84762		0.92228		0.88337		0.7601
245		4881.24		0.95558		0.95273		0.87597		0.85714		0.90155		0.87879		0.75298
246		4882.99		0.95504		0.9532		0.88889		0.86058		0.92746		0.89277		0.78017
247		4884.31		0.95322		0.9525		0.88372		0.85238		0.92746		0.88834		0.77047
248		4886.1		0.95198		0.95173		0.88114		0.85507		0.9171		0.885		0.76432
249		4887.51		0.95102		0.95119		0.88372		0.86275		0.91192		0.88665		0.76872
250		4888.88		0.95028		0.95032		0.87855		0.85437		0.91192		0.88221		0.75886
251		4891.02		0.95062		0.95083		0.8708		0.84541		0.90674		0.875		0.7436
252		4892.46		0.95246		0.95304		0.87339		0.84615		0.91192		0.87781		0.74907
253		4893.85		0.95464		0.95499		0.8708		0.83886		0.9171		0.87624		0.74489
254		4896.26		0.95681		0.95707		0.88114		0.85854		0.91192		0.88442		0.76378
255		4902.29		0.95847		0.95852		0.88372		0.86634		0.90674		0.88608		0.7683
AUC improved at epoch  255 ;	best_auc: 0.9584690988729234
256		4908.51		0.95875		0.95851		0.8863		0.87065		0.90674		0.88832		0.77329
AUC improved at epoch  256 ;	best_auc: 0.9587495326104376
257		4910.07		0.95858		0.95824		0.8863		0.86341		0.9171		0.88945		0.77413
258		4911.99		0.95831		0.95774		0.88372		0.85577		0.92228		0.88778		0.7698
259		4913.66		0.95725		0.95701		0.88372		0.85238		0.92746		0.88834		0.77047
260		4915.06		0.95591		0.95521		0.87339		0.84286		0.9171		0.87841		0.74972
261		4917.4		0.95481		0.95414		0.88114		0.86207		0.90674		0.88384		0.76332
262		4918.98		0.95359		0.95283		0.88372		0.86634		0.90674		0.88608		0.7683
263		4920.28		0.95253		0.95182		0.8708		0.84541		0.90674		0.875		0.7436
264		4921.42		0.95217		0.95131		0.86563		0.83732		0.90674		0.87065		0.73383
265		4922.57		0.95271		0.95183		0.86563		0.83099		0.9171		0.87192		0.73527
266		4923.77		0.95253		0.95126		0.86563		0.83412		0.91192		0.87129		0.73451
267		4925.06		0.95333		0.95178		0.86563		0.83732		0.90674		0.87065		0.73383
268		4926.26		0.95406		0.95155		0.87855		0.85784		0.90674		0.88161		0.75837
269		4927.55		0.95493		0.9525		0.8863		0.87065		0.90674		0.88832		0.77329
270		4929.12		0.95576		0.95396		0.8863		0.867		0.91192		0.88889		0.77367
271		4930.8		0.95668		0.95534		0.88372		0.86275		0.91192		0.88665		0.76872
272		4932.11		0.95763		0.95667		0.88889		0.86765		0.9171		0.89169		0.77907
273		4933.63		0.9574		0.95669		0.88372		0.86634		0.90674		0.88608		0.7683
274		4934.97		0.95649		0.95576		0.88114		0.86567		0.90155		0.88325		0.76295
275		4936.45		0.95604		0.95563		0.88114		0.86567		0.90155		0.88325		0.76295
276		4937.96		0.95591		0.95555		0.87855		0.86139		0.90155		0.88101		0.75795
277		4939.3		0.9552		0.95518		0.88114		0.85507		0.9171		0.885		0.76432
278		4940.87		0.95408		0.95384		0.87855		0.84762		0.92228		0.88337		0.7601
279		4942.17		0.95323		0.95279		0.87339		0.83645		0.92746		0.87961		0.75127
280		4943.65		0.95317		0.95184		0.87855		0.85437		0.91192		0.88221		0.75886
281		4945.0		0.95302		0.95007		0.88372		0.87		0.90155		0.8855		0.76796
282		4946.29		0.9539		0.95163		0.87855		0.86869		0.89119		0.8798		0.75737
283		4947.66		0.95401		0.95245		0.87339		0.86735		0.88083		0.87404		0.74687
284		4949.12		0.95412		0.95351		0.87339		0.86364		0.88601		0.87468		0.74703
285		4950.61		0.95334		0.95327		0.88114		0.86567		0.90155		0.88325		0.76295
286		4951.98		0.95378		0.95373		0.88114		0.85854		0.91192		0.88442		0.76378
287		4953.52		0.95412		0.95389		0.87855		0.85784		0.90674		0.88161		0.75837
288		4954.82		0.95461		0.95395		0.87597		0.85024		0.91192		0.88		0.75396
289		4956.38		0.95569		0.9546		0.8708		0.84878		0.90155		0.87437		0.74307
290		4958.11		0.956		0.95447		0.8708		0.85222		0.89637		0.87374		0.74263
291		4959.9		0.95525		0.95309		0.87339		0.85644		0.89637		0.87595		0.74761
292		4961.53		0.9547		0.95202		0.87597		0.8607		0.89637		0.87817		0.75261
293		4962.91		0.95458		0.95196		0.87855		0.86139		0.90155		0.88101		0.75795
294		4964.28		0.95454		0.95249		0.87339		0.84951		0.90674		0.87719		0.7485
295		4965.44		0.95378		0.95279		0.87339		0.84951		0.90674		0.87719		0.7485
296		4966.63		0.95315		0.9529		0.8708		0.85222		0.89637		0.87374		0.74263
297		4967.9		0.95203		0.9522		0.87339		0.85644		0.89637		0.87595		0.74761
298		4969.42		0.95163		0.95184		0.87597		0.8607		0.89637		0.87817		0.75261
299		4971.43		0.9525		0.95254		0.87855		0.865		0.89637		0.88041		0.75762
300		4973.43		0.95429		0.95413		0.87855		0.865		0.89637		0.88041		0.75762
301		4974.89		0.95517		0.95519		0.88114		0.85854		0.91192		0.88442		0.76378
302		4976.26		0.95574		0.95546		0.88372		0.85922		0.9171		0.88722		0.76922
303		4977.52		0.9562		0.95516		0.88114		0.85507		0.9171		0.885		0.76432
304		4978.76		0.95577		0.95421		0.87855		0.85437		0.91192		0.88221		0.75886
305		4979.98		0.95544		0.95385		0.88372		0.86275		0.91192		0.88665		0.76872
306		4981.32		0.9547		0.95274		0.87597		0.85714		0.90155		0.87879		0.75298
307		4983.04		0.95355		0.95128		0.87339		0.85644		0.89637		0.87595		0.74761
308		4984.63		0.95193		0.94946		0.87339		0.85644		0.89637		0.87595		0.74761
309		4986.79		0.94996		0.94783		0.8708		0.84878		0.90155		0.87437		0.74307
310		4988.24		0.9494		0.94696		0.86563		0.83412		0.91192		0.87129		0.73451
311		4989.46		0.94955		0.94675		0.86563		0.83732		0.90674		0.87065		0.73383
312		4990.83		0.95214		0.94969		0.8708		0.84541		0.90674		0.875		0.7436
313		4992.23		0.95302		0.95109		0.87855		0.86869		0.89119		0.8798		0.75737
314		4993.93		0.95342		0.95171		0.87597		0.86802		0.88601		0.87692		0.75211
315		4995.41		0.95442		0.95306		0.87339		0.86364		0.88601		0.87468		0.74703
316		4996.77		0.9535		0.9531		0.8708		0.84541		0.90674		0.875		0.7436
317		4997.95		0.95246		0.95242		0.87339		0.84615		0.91192		0.87781		0.74907
318		4999.96		0.95261		0.95303		0.86305		0.83654		0.90155		0.86783		0.72834
319		5001.51		0.95251		0.95291		0.8708		0.85572		0.89119		0.8731		0.74226
320		5003.17		0.95275		0.95302		0.8708		0.86294		0.88083		0.87179		0.74177
321		5004.47		0.95319		0.95326		0.8708		0.86667		0.87565		0.87113		0.74165
322		5005.65		0.95282		0.95312		0.87597		0.85714		0.90155		0.87879		0.75298
323		5006.94		0.95191		0.95216		0.87597		0.83721		0.93264		0.88235		0.75691
324		5008.12		0.95219		0.95243		0.87855		0.84434		0.92746		0.88395		0.76084
325		5009.4		0.95273		0.95238		0.87597		0.85366		0.90674		0.8794		0.75343
326		5010.6		0.95333		0.95279		0.87339		0.86364		0.88601		0.87468		0.74703
327		5012.34		0.95331		0.95275		0.87597		0.8607		0.89637		0.87817		0.75261
328		5014.11		0.95313		0.95217		0.87339		0.85294		0.90155		0.87657		0.74801
329		5015.99		0.95322		0.95205		0.87339		0.83962		0.92228		0.87901		0.75046
330		5017.93		0.95241		0.95127		0.87597		0.84038		0.92746		0.88177		0.75605
331		5019.28		0.95202		0.9511		0.87855		0.85096		0.9171		0.88279		0.75944
332		5020.6		0.95148		0.95077		0.87855		0.86869		0.89119		0.8798		0.75737
333		5022.49		0.95104		0.95072		0.87855		0.87245		0.88601		0.87918		0.75721
334		5024.27		0.95104		0.9514		0.87339		0.84951		0.90674		0.87719		0.7485
335		5026.26		0.95002		0.95097		0.87597		0.84038		0.92746		0.88177		0.75605
336		5027.71		0.95003		0.95083		0.87339		0.84286		0.9171		0.87841		0.74972
337		5029.22		0.95079		0.95088		0.8708		0.84541		0.90674		0.875		0.7436
338		5030.56		0.95151		0.95086		0.8708		0.8593		0.88601		0.87245		0.74198
339		5032.58		0.95226		0.95076		0.88114		0.86567		0.90155		0.88325		0.76295
340		5033.75		0.95271		0.95104		0.88372		0.86275		0.91192		0.88665		0.76872
341		5035.06		0.95253		0.95074		0.88114		0.85167		0.92228		0.88557		0.76494
342		5036.21		0.95321		0.9515		0.88372		0.83945		0.94819		0.89051		0.774
343		5037.48		0.95376		0.95195		0.88889		0.84722		0.94819		0.89487		0.78339
344		5039.45		0.9547		0.95317		0.88889		0.85714		0.93264		0.8933		0.78084
345		5040.67		0.95517		0.95376		0.88372		0.85922		0.9171		0.88722		0.76922
346		5041.98		0.95464		0.95354		0.8863		0.867		0.91192		0.88889		0.77367
347		5043.14		0.95406		0.95354		0.88372		0.85577		0.92228		0.88778		0.7698
348		5044.51		0.95398		0.95345		0.87339		0.84286		0.9171		0.87841		0.74972
349		5046.4		0.95355		0.95282		0.8708		0.83886		0.9171		0.87624		0.74489
350		5047.87		0.95297		0.95209		0.87855		0.84434		0.92746		0.88395		0.76084
351		5049.23		0.95318		0.95233		0.88114		0.84834		0.92746		0.88614		0.76565
352		5050.86		0.95327		0.95248		0.87855		0.84112		0.93264		0.88452		0.76167
353		5052.88		0.95302		0.95168		0.87855		0.84762		0.92228		0.88337		0.7601
354		5054.5		0.95374		0.95222		0.88114		0.85854		0.91192		0.88442		0.76378
355		5055.8		0.95414		0.95262		0.8863		0.87065		0.90674		0.88832		0.77329
356		5057.01		0.95413		0.95324		0.87855		0.85437		0.91192		0.88221		0.75886
357		5058.16		0.95484		0.95407		0.87339		0.83333		0.93264		0.8802		0.75218
358		5059.83		0.9545		0.95388		0.8708		0.82648		0.93782		0.87864		0.74847
359		5061.45		0.95392		0.95226		0.86822		0.83178		0.92228		0.87469		0.74088
360		5062.86		0.95417		0.9523		0.87597		0.85714		0.90155		0.87879		0.75298
361		5064.64		0.95581		0.95378		0.88114		0.8731		0.89119		0.88205		0.76245
362		5065.84		0.95591		0.95429		0.89147		0.8794		0.90674		0.89286		0.78334
363		5067.07		0.95394		0.9526		0.88889		0.86765		0.9171		0.89169		0.77907
364		5068.52		0.95326		0.95282		0.88114		0.85167		0.92228		0.88557		0.76494
365		5070.02		0.95279		0.95257		0.87597		0.8436		0.92228		0.88119		0.75527
366		5071.69		0.95286		0.95234		0.87339		0.84286		0.9171		0.87841		0.74972
367		5073.61		0.95201		0.9517		0.87597		0.85024		0.91192		0.88		0.75396
368		5075.5		0.95199		0.95125		0.87855		0.85784		0.90674		0.88161		0.75837
369		5077.55		0.95318		0.95213		0.88114		0.86207		0.90674		0.88384		0.76332
370		5078.94		0.95305		0.95139		0.87597		0.85714		0.90155		0.87879		0.75298
371		5080.23		0.95413		0.95228		0.87855		0.85096		0.9171		0.88279		0.75944
372		5081.59		0.95472		0.9525		0.87855		0.84112		0.93264		0.88452		0.76167
373		5083.24		0.9549		0.95244		0.88114		0.84507		0.93264		0.8867		0.76644
374		5084.95		0.95456		0.95096		0.88114		0.85167		0.92228		0.88557		0.76494
375		5086.38		0.95372		0.95033		0.88114		0.86567		0.90155		0.88325		0.76295
376		5088.29		0.95202		0.94922		0.8708		0.8593		0.88601		0.87245		0.74198
377		5090.57		0.95038		0.94816		0.86822		0.85149		0.89119		0.87089		0.73726
378		5091.79		0.94955		0.94769		0.86822		0.83178		0.92228		0.87469		0.74088
379		5093.03		0.94901		0.94685		0.86822		0.83491		0.9171		0.87407		0.74007
380		5094.24		0.94933		0.94637		0.86822		0.84466		0.90155		0.87218		0.73815
381		5095.49		0.94958		0.94639		0.86822		0.85149		0.89119		0.87089		0.73726
382		5096.76		0.94998		0.94679		0.86822		0.855		0.88601		0.87023		0.73694
383		5097.91		0.95092		0.94794		0.87597		0.85024		0.91192		0.88		0.75396
384		5099.31		0.95286		0.95063		0.87855		0.84762		0.92228		0.88337		0.7601
385		5100.89		0.95432		0.95232		0.8863		0.86341		0.9171		0.88945		0.77413
386		5103.16		0.95504		0.95348		0.88114		0.86207		0.90674		0.88384		0.76332
387		5104.85		0.95611		0.95486		0.88114		0.85854		0.91192		0.88442		0.76378
388		5106.21		0.95561		0.95443		0.88372		0.85922		0.9171		0.88722		0.76922
389		5107.53		0.95386		0.95263		0.87597		0.85024		0.91192		0.88		0.75396
390		5108.8		0.95175		0.95059		0.86563		0.83732		0.90674		0.87065		0.73383
391		5110.12		0.95027		0.94913		0.86563		0.83732		0.90674		0.87065		0.73383
392		5111.44		0.95012		0.94892		0.85788		0.83495		0.89119		0.86216		0.71743
393		5112.78		0.95027		0.94889		0.86305		0.83981		0.89637		0.86717		0.72779
394		5114.13		0.95098		0.94923		0.86822		0.85149		0.89119		0.87089		0.73726
395		5115.82		0.95112		0.94937		0.87597		0.85366		0.90674		0.8794		0.75343
396		5118.01		0.95197		0.95044		0.88114		0.86567		0.90155		0.88325		0.76295
397		5119.85		0.95237		0.95034		0.88889		0.86765		0.9171		0.89169		0.77907
398		5121.27		0.95414		0.95171		0.88372		0.85577		0.92228		0.88778		0.7698
399		5122.93		0.9544		0.95105		0.87855		0.84762		0.92228		0.88337		0.7601
400		5124.66		0.95488		0.95233		0.8708		0.84541		0.90674		0.875		0.7436
401		5125.92		0.95441		0.95182		0.8708		0.85222		0.89637		0.87374		0.74263
402		5127.4		0.95299		0.95059		0.86563		0.84729		0.89119		0.86869		0.73228
403		5129.24		0.95139		0.9496		0.86047		0.84577		0.88083		0.86294		0.72158
404		5130.61		0.94951		0.94858		0.86563		0.84058		0.90155		0.87		0.73324
405		5131.78		0.94768		0.94725		0.86305		0.83654		0.90155		0.86783		0.72834
406		5133.84		0.94827		0.94723		0.86305		0.84653		0.88601		0.86582		0.72692
407		5135.37		0.95072		0.94889		0.86305		0.84314		0.89119		0.8665		0.72731
408		5136.66		0.95314		0.95131		0.87339		0.84286		0.9171		0.87841		0.74972
409		5138.67		0.95534		0.95372		0.88114		0.84507		0.93264		0.8867		0.76644
410		5139.97		0.95713		0.95575		0.87597		0.85366		0.90674		0.8794		0.75343
411		5141.47		0.95707		0.95639		0.87597		0.8607		0.89637		0.87817		0.75261
412		5142.61		0.95655		0.95651		0.88372		0.86275		0.91192		0.88665		0.76872
413		5143.87		0.95561		0.95634		0.87855		0.865		0.89637		0.88041		0.75762
414		5145.82		0.95429		0.95551		0.8863		0.87437		0.90155		0.88776		0.773
415		5147.1		0.95422		0.95588		0.87597		0.85714		0.90155		0.87879		0.75298
416		5148.43		0.95512		0.95609		0.88114		0.86207		0.90674		0.88384		0.76332
417		5149.61		0.95541		0.9548		0.87339		0.86364		0.88601		0.87468		0.74703
418		5151.2		0.9547		0.95338		0.87597		0.86432		0.89119		0.87755		0.75232
419		5153.08		0.95544		0.95405		0.87597		0.8607		0.89637		0.87817		0.75261
420		5155.03		0.9539		0.9523		0.86822		0.84466		0.90155		0.87218		0.73815
421		5156.61		0.95194		0.95047		0.8708		0.84211		0.91192		0.87562		0.7442
422		5158.08		0.95175		0.94984		0.87855		0.86869		0.89119		0.8798		0.75737
423		5160.04		0.9515		0.94938		0.88372		0.87755		0.89119		0.88432		0.76754
424		5161.77		0.95161		0.94963		0.87855		0.85784		0.90674		0.88161		0.75837
425		5163.21		0.95064		0.94931		0.87339		0.84286		0.9171		0.87841		0.74972
426		5164.53		0.95146		0.95004		0.87339		0.84615		0.91192		0.87781		0.74907
427		5165.73		0.9531		0.95215		0.88114		0.86207		0.90674		0.88384		0.76332
428		5166.93		0.95406		0.95327		0.88114		0.86935		0.89637		0.88265		0.76266
429		5168.22		0.95412		0.95372		0.87855		0.86869		0.89119		0.8798		0.75737
430		5169.37		0.95413		0.95404		0.87855		0.865		0.89637		0.88041		0.75762
431		5170.69		0.95418		0.95431		0.87855		0.85437		0.91192		0.88221		0.75886
432		5172.3		0.95329		0.9534		0.8708		0.83886		0.9171		0.87624		0.74489
433		5174.1		0.95227		0.95149		0.88114		0.84834		0.92746		0.88614		0.76565
434		5175.96		0.95187		0.95078		0.88114		0.85167		0.92228		0.88557		0.76494
435		5177.67		0.95201		0.95048		0.87339		0.85294		0.90155		0.87657		0.74801
436		5179.23		0.95127		0.94918		0.87339		0.86		0.89119		0.87532		0.74728
437		5180.72		0.95054		0.94901		0.8708		0.85572		0.89119		0.8731		0.74226
438		5182.36		0.94888		0.94751		0.8708		0.84878		0.90155		0.87437		0.74307
439		5183.5		0.94796		0.94659		0.86822		0.8381		0.91192		0.87345		0.73935
440		5184.68		0.94737		0.94614		0.86822		0.8287		0.92746		0.87531		0.74177
441		5185.97		0.94817		0.94726		0.85788		0.81944		0.9171		0.86553		0.72096
442		5187.98		0.94986		0.94924		0.86563		0.83732		0.90674		0.87065		0.73383
443		5189.76		0.95099		0.95052		0.8708		0.84541		0.90674		0.875		0.7436
444		5191.05		0.95166		0.95093		0.87855		0.86139		0.90155		0.88101		0.75795
445		5192.52		0.95251		0.95187		0.87339		0.85294		0.90155		0.87657		0.74801
446		5194.17		0.95255		0.95198		0.87597		0.85366		0.90674		0.8794		0.75343
447		5195.99		0.95217		0.95151		0.86305		0.83654		0.90155		0.86783		0.72834
448		5197.18		0.95243		0.95089		0.86563		0.84058		0.90155		0.87		0.73324
449		5198.33		0.95193		0.95076		0.86822		0.84804		0.89637		0.87154		0.73766
450		5199.82		0.95116		0.9501		0.87339		0.85644		0.89637		0.87595		0.74761
451		5201.86		0.95082		0.94938		0.8708		0.85222		0.89637		0.87374		0.74263
452		5203.41		0.95071		0.94927		0.87339		0.85294		0.90155		0.87657		0.74801
453		5204.68		0.95018		0.94844		0.8708		0.85222		0.89637		0.87374		0.74263
454		5206.15		0.95024		0.94931		0.87597		0.85714		0.90155		0.87879		0.75298
455		5207.87		0.95116		0.94996		0.87855		0.86139		0.90155		0.88101		0.75795
456		5209.55		0.95175		0.95054		0.87855		0.85784		0.90674		0.88161		0.75837
457		5210.98		0.95179		0.95061		0.87855		0.85784		0.90674		0.88161		0.75837
458		5212.36		0.95227		0.95111		0.87597		0.8607		0.89637		0.87817		0.75261
459		5214.06		0.95267		0.95226		0.87339		0.86		0.89119		0.87532		0.74728
460		5215.97		0.95225		0.95198		0.87855		0.865		0.89637		0.88041		0.75762
461		5217.42		0.9511		0.9507		0.86563		0.8439		0.89637		0.86935		0.73272
462		5218.82		0.95016		0.94994		0.86822		0.8381		0.91192		0.87345		0.73935
463		5220.46		0.9502		0.94995		0.8708		0.84878		0.90155		0.87437		0.74307
464		5222.24		0.9502		0.9491		0.87597		0.85714		0.90155		0.87879		0.75298
465		5224.08		0.95099		0.94953		0.87597		0.8607		0.89637		0.87817		0.75261
466		5225.87		0.95218		0.95057		0.87855		0.865		0.89637		0.88041		0.75762
467		5227.61		0.95346		0.95201		0.88114		0.86207		0.90674		0.88384		0.76332
468		5229.61		0.95359		0.95216		0.87855		0.85437		0.91192		0.88221		0.75886
469		5231.53		0.95303		0.95193		0.87339		0.84615		0.91192		0.87781		0.74907
470		5232.67		0.9529		0.95222		0.8708		0.84211		0.91192		0.87562		0.7442
471		5233.87		0.95238		0.95174		0.86822		0.8381		0.91192		0.87345		0.73935
472		5235.16		0.95283		0.95213		0.87339		0.84615		0.91192		0.87781		0.74907
473		5237.24		0.95338		0.95247		0.88114		0.85854		0.91192		0.88442		0.76378
474		5238.39		0.95508		0.95382		0.87855		0.85437		0.91192		0.88221		0.75886
475		5239.57		0.95655		0.95508		0.8863		0.85646		0.92746		0.89055		0.77531
476		5241.47		0.95749		0.95606		0.88372		0.85577		0.92228		0.88778		0.7698
477		5243.12		0.95844		0.95707		0.88372		0.85577		0.92228		0.88778		0.7698
478		5244.27		0.95806		0.95671		0.88889		0.86058		0.92746		0.89277		0.78017
479		5245.52		0.95839		0.95695		0.88889		0.86058		0.92746		0.89277		0.78017
480		5246.71		0.95648		0.95475		0.88114		0.86207		0.90674		0.88384		0.76332
481		5248.09		0.9547		0.9543		0.87597		0.85714		0.90155		0.87879		0.75298
482		5249.92		0.95259		0.95264		0.87855		0.85437		0.91192		0.88221		0.75886
483		5251.21		0.95074		0.9513		0.88114		0.84834		0.92746		0.88614		0.76565
484		5252.5		0.94919		0.94962		0.86305		0.84314		0.89119		0.8665		0.72731
485		5254.59		0.94968		0.94956		0.86563		0.85427		0.88083		0.86735		0.73164
486		5256.52		0.95059		0.94971		0.8708		0.85572		0.89119		0.8731		0.74226
487		5257.72		0.95106		0.95002		0.87855		0.85784		0.90674		0.88161		0.75837
488		5258.91		0.95211		0.95116		0.88114		0.85507		0.9171		0.885		0.76432
489		5260.09		0.95297		0.95227		0.8708		0.83886		0.9171		0.87624		0.74489
490		5261.39		0.9531		0.95223		0.8708		0.83568		0.92228		0.87685		0.74566
491		5263.3		0.95374		0.953		0.87597		0.84689		0.9171		0.8806		0.75457
492		5264.66		0.95393		0.95302		0.87339		0.85294		0.90155		0.87657		0.74801
493		5266.68		0.95341		0.9526		0.8708		0.85222		0.89637		0.87374		0.74263
494		5267.95		0.95295		0.95217		0.8708		0.85222		0.89637		0.87374		0.74263
495		5269.47		0.95159		0.95075		0.87597		0.85714		0.90155		0.87879		0.75298
496		5270.93		0.95011		0.94931		0.87339		0.84615		0.91192		0.87781		0.74907
497		5272.63		0.94847		0.94719		0.8708		0.84211		0.91192		0.87562		0.7442
498		5274.38		0.94797		0.94698		0.86563		0.84058		0.90155		0.87		0.73324
499		5275.69		0.94839		0.94732		0.87339		0.85294		0.90155		0.87657		0.74801
500		5276.91		0.94921		0.94795		0.87339		0.86		0.89119		0.87532		0.74728
501		5278.97		0.95027		0.94944		0.87339		0.86		0.89119		0.87532		0.74728
502		5281.01		0.95072		0.95043		0.87339		0.86364		0.88601		0.87468		0.74703
503		5282.17		0.95075		0.95103		0.87339		0.85644		0.89637		0.87595		0.74761
504		5283.53		0.95076		0.95111		0.86563		0.84058		0.90155		0.87		0.73324
505		5285.09		0.95084		0.95097		0.86305		0.83654		0.90155		0.86783		0.72834
506		5286.76		0.95115		0.95127		0.86822		0.84466		0.90155		0.87218		0.73815
507		5288.39		0.95154		0.95189		0.87597		0.8607		0.89637		0.87817		0.75261
508		5289.93		0.95209		0.9523		0.87339		0.86		0.89119		0.87532		0.74728
509		5291.23		0.95181		0.95246		0.87339		0.86		0.89119		0.87532		0.74728
510		5293.15		0.95106		0.95167		0.87339		0.85644		0.89637		0.87595		0.74761
511		5295.15		0.95086		0.95125		0.87597		0.85366		0.90674		0.8794		0.75343
512		5296.53		0.95051		0.95101		0.86822		0.84135		0.90674		0.87282		0.73871
513		5297.85		0.95055		0.95053		0.86563		0.84058		0.90155		0.87		0.73324
514		5299.17		0.95102		0.95067		0.86822		0.85149		0.89119		0.87089		0.73726
515		5300.51		0.95157		0.95072		0.87339		0.86		0.89119		0.87532		0.74728
516		5301.71		0.95135		0.9502		0.87597		0.86432		0.89119		0.87755		0.75232
517		5303.03		0.95209		0.95127		0.87339		0.85294		0.90155		0.87657		0.74801
518		5304.24		0.95238		0.95205		0.86563		0.83732		0.90674		0.87065		0.73383
519		5306.06		0.95311		0.95283		0.8708		0.83886		0.9171		0.87624		0.74489
520		5308.02		0.95462		0.95458		0.87855		0.85096		0.9171		0.88279		0.75944
521		5309.7		0.95502		0.9549		0.87855		0.865		0.89637		0.88041		0.75762
522		5311.12		0.95534		0.95531		0.8863		0.87817		0.89637		0.88718		0.77279
523		5312.29		0.95526		0.95523		0.87855		0.85784		0.90674		0.88161		0.75837
524		5313.43		0.95476		0.95498		0.87597		0.84689		0.9171		0.8806		0.75457
525		5314.8		0.95361		0.95413		0.87339		0.84615		0.91192		0.87781		0.74907
526		5316.69		0.95314		0.95355		0.87855		0.84762		0.92228		0.88337		0.7601
527		5318.01		0.95153		0.95207		0.87855		0.85437		0.91192		0.88221		0.75886
528		5319.64		0.95078		0.95103		0.87855		0.85784		0.90674		0.88161		0.75837
529		5321.43		0.95071		0.95071		0.87855		0.86869		0.89119		0.8798		0.75737
530		5323.35		0.95075		0.95033		0.87339		0.85644		0.89637		0.87595		0.74761
531		5325.12		0.95036		0.94947		0.87339		0.84951		0.90674		0.87719		0.7485
532		5326.45		0.9497		0.94866		0.87339		0.84286		0.9171		0.87841		0.74972
533		5327.86		0.94871		0.94735		0.87339		0.84286		0.9171		0.87841		0.74972
534		5329.28		0.9492		0.9479		0.87339		0.84615		0.91192		0.87781		0.74907
535		5330.94		0.94859		0.9477		0.8708		0.84211		0.91192		0.87562		0.7442
536		5332.52		0.94905		0.94831		0.8708		0.84541		0.90674		0.875		0.7436
537		5333.94		0.94982		0.94896		0.86305		0.84314		0.89119		0.8665		0.72731
538		5335.37		0.9509		0.95004		0.86563		0.85075		0.88601		0.86802		0.73192
539		5336.81		0.95095		0.95037		0.8708		0.85222		0.89637		0.87374		0.74263
540		5338.09		0.95143		0.95061		0.87597		0.85024		0.91192		0.88		0.75396
541		5339.44		0.95223		0.95161		0.87855		0.84434		0.92746		0.88395		0.76084
542		5340.92		0.95287		0.95184		0.87855		0.85437		0.91192		0.88221		0.75886
543		5342.45		0.95368		0.9524		0.88114		0.86207		0.90674		0.88384		0.76332
544		5343.85		0.95273		0.95187		0.88372		0.86275		0.91192		0.88665		0.76872
545		5345.26		0.95175		0.95161		0.88114		0.85854		0.91192		0.88442		0.76378
546		5346.68		0.94998		0.95053		0.86822		0.84135		0.90674		0.87282		0.73871
547		5348.26		0.94855		0.94936		0.86305		0.83333		0.90674		0.86849		0.72898
548		5350.1		0.94672		0.94761		0.86822		0.84466		0.90155		0.87218		0.73815
549		5351.89		0.9465		0.94699		0.86563		0.8439		0.89637		0.86935		0.73272
550		5353.19		0.94753		0.94734		0.87339		0.84951		0.90674		0.87719		0.7485
551		5354.7		0.95083		0.94997		0.86563		0.83412		0.91192		0.87129		0.73451
552		5356.03		0.95295		0.95166		0.86563		0.83412		0.91192		0.87129		0.73451
553		5357.46		0.95298		0.95136		0.87339		0.84951		0.90674		0.87719		0.7485
554		5358.75		0.95384		0.95183		0.86822		0.85149		0.89119		0.87089		0.73726
555		5359.97		0.95388		0.95142		0.87339		0.85644		0.89637		0.87595		0.74761
556		5361.45		0.95207		0.94953		0.88114		0.85854		0.91192		0.88442		0.76378
557		5363.36		0.94998		0.94809		0.87339		0.84286		0.9171		0.87841		0.74972
558		5365.06		0.94825		0.94562		0.86563		0.84058		0.90155		0.87		0.73324
559		5366.77		0.94828		0.94595		0.86822		0.86224		0.87565		0.86889		0.73653
560		5368.24		0.94896		0.94689		0.8708		0.87047		0.87047		0.87047		0.7416
561		5369.71		0.94879		0.94695		0.86305		0.85		0.88083		0.86514		0.7266
562		5371.07		0.94753		0.94575		0.86047		0.83254		0.90155		0.86567		0.72346
563		5372.28		0.94816		0.94632		0.86563		0.82488		0.92746		0.87317		0.73704
564		5373.54		0.94916		0.94757		0.86305		0.83019		0.91192		0.86914		0.72969
565		5375.3		0.95022		0.9487		0.86822		0.84466		0.90155		0.87218		0.73815
566		5377.18		0.94978		0.94834		0.86822		0.84804		0.89637		0.87154		0.73766
567		5378.51		0.94829		0.94738		0.86305		0.84314		0.89119		0.8665		0.72731
568		5380.27		0.94661		0.94624		0.85788		0.83495		0.89119		0.86216		0.71743
569		5381.69		0.94561		0.94561		0.85788		0.83173		0.89637		0.86284		0.71798
570		5383.48		0.94717		0.94709		0.86047		0.83575		0.89637		0.865		0.72287
571		5385.42		0.94889		0.94816		0.86822		0.84804		0.89637		0.87154		0.73766
572		5387.04		0.95051		0.94934		0.87339		0.84951		0.90674		0.87719		0.7485
573		5388.8		0.95165		0.95015		0.87339		0.84615		0.91192		0.87781		0.74907
574		5391.33		0.95234		0.95083		0.87597		0.84689		0.9171		0.8806		0.75457
575		5392.72		0.95277		0.95113		0.87597		0.84689		0.9171		0.8806		0.75457
576		5394.0		0.95197		0.95012		0.87855		0.85096		0.9171		0.88279		0.75944
577		5395.49		0.95226		0.95059		0.88114		0.86207		0.90674		0.88384		0.76332
578		5397.18		0.9517		0.95042		0.87597		0.8607		0.89637		0.87817		0.75261
579		5398.85		0.95162		0.95062		0.87597		0.85714		0.90155		0.87879		0.75298
580		5400.15		0.95074		0.95022		0.86822		0.83491		0.9171		0.87407		0.74007
581		5401.55		0.95038		0.94993		0.87339		0.83645		0.92746		0.87961		0.75127
582		5402.74		0.95056		0.95009		0.87339		0.83962		0.92228		0.87901		0.75046
583		5405.03		0.94999		0.94906		0.86822		0.84135		0.90674		0.87282		0.73871
584		5406.71		0.9503		0.94926		0.86822		0.84804		0.89637		0.87154		0.73766
585		5408.2		0.95016		0.94876		0.86822		0.855		0.88601		0.87023		0.73694
586		5409.46		0.95012		0.9486		0.86822		0.85149		0.89119		0.87089		0.73726
587		5410.76		0.94908		0.94735		0.86822		0.84135		0.90674		0.87282		0.73871
588		5411.89		0.94817		0.94652		0.87339		0.83645		0.92746		0.87961		0.75127
589		5413.02		0.94907		0.94668		0.87597		0.8436		0.92228		0.88119		0.75527
590		5414.2		0.9494		0.94545		0.87597		0.85366		0.90674		0.8794		0.75343
591		5415.44		0.95047		0.94702		0.87855		0.86869		0.89119		0.8798		0.75737
592		5417.0		0.95151		0.9483		0.8708		0.85222		0.89637		0.87374		0.74263
593		5418.77		0.95067		0.94822		0.87339		0.84951		0.90674		0.87719		0.7485
594		5420.22		0.95104		0.94859		0.87597		0.84689		0.9171		0.8806		0.75457
595		5421.7		0.9521		0.9507		0.86822		0.83178		0.92228		0.87469		0.74088
596		5423.24		0.95206		0.95049		0.8708		0.84211		0.91192		0.87562		0.7442
597		5424.67		0.95353		0.95161		0.88889		0.86408		0.92228		0.89223		0.77958
598		5426.11		0.95298		0.95076		0.88889		0.875		0.90674		0.89059		0.77831
599		5427.52		0.95251		0.95072		0.89147		0.88325		0.90155		0.89231		0.78312
600		5429.5		0.95178		0.95017		0.88372		0.86275		0.91192		0.88665		0.76872
601		5430.88		0.95123		0.9502		0.86822		0.8287		0.92746		0.87531		0.74177
602		5432.22		0.95187		0.95158		0.8708		0.83568		0.92228		0.87685		0.74566
603		5433.62		0.95289		0.95243		0.87855		0.85784		0.90674		0.88161		0.75837
604		5435.3		0.9541		0.95356		0.87855		0.865		0.89637		0.88041		0.75762
605		5436.96		0.95488		0.95433		0.87855		0.86869		0.89119		0.8798		0.75737
606		5438.41		0.95432		0.95433		0.8863		0.8599		0.92228		0.89		0.77468
607		5439.72		0.95357		0.95378		0.87597		0.84038		0.92746		0.88177		0.75605
608		5441.43		0.95334		0.95328		0.88372		0.84906		0.93264		0.88889		0.77122
609		5443.19		0.9537		0.9533		0.89147		0.88718		0.89637		0.89175		0.78299
610		5444.34		0.95306		0.95235		0.88889		0.89062		0.88601		0.88831		0.77778
611		5445.64		0.9512		0.95082		0.8863		0.867		0.91192		0.88889		0.77367
612		5447.69		0.94875		0.94871		0.86822		0.83178		0.92228		0.87469		0.74088
613		5449.09		0.95044		0.94935		0.87597		0.85024		0.91192		0.88		0.75396
614		5450.26		0.95114		0.94939		0.8863		0.87437		0.90155		0.88776		0.773
615		5451.42		0.95235		0.95052		0.87855		0.865		0.89637		0.88041		0.75762
616		5453.42		0.95245		0.95071		0.8708		0.83568		0.92228		0.87685		0.74566
617		5454.7		0.94951		0.94815		0.86822		0.8287		0.92746		0.87531		0.74177
618		5455.88		0.95032		0.94832		0.87597		0.85024		0.91192		0.88		0.75396
619		5457.04		0.95044		0.94899		0.88372		0.89362		0.87047		0.88189		0.76768
620		5458.59		0.94889		0.94787		0.8708		0.86294		0.88083		0.87179		0.74177
621		5460.53		0.94669		0.94585		0.87855		0.84762		0.92228		0.88337		0.7601
622		5461.8		0.94848		0.9468		0.87855		0.84762		0.92228		0.88337		0.7601
623		5463.16		0.95165		0.94984		0.88114		0.86567		0.90155		0.88325		0.76295
624		5464.8		0.9539		0.95223		0.89664		0.89637		0.89637		0.89637		0.79328
625		5466.71		0.95338		0.9512		0.88372		0.87		0.90155		0.8855		0.76796
626		5468.49		0.95282		0.95146		0.88372		0.84906		0.93264		0.88889		0.77122
627		5470.07		0.95209		0.95073		0.88372		0.84906		0.93264		0.88889		0.77122
628		5471.51		0.95334		0.95148		0.88889		0.86765		0.9171		0.89169		0.77907
629		5473.59		0.95343		0.9509		0.87597		0.87179		0.88083		0.87629		0.75198
630		5475.05		0.95369		0.95129		0.87855		0.88021		0.87565		0.87792		0.75711
631		5476.41		0.95337		0.95097		0.88372		0.87		0.90155		0.8855		0.76796
632		5477.76		0.95269		0.95067		0.87855		0.85437		0.91192		0.88221		0.75886
633		5479.07		0.95071		0.94878		0.86822		0.83178		0.92228		0.87469		0.74088
634		5480.48		0.94963		0.94779		0.86563		0.83099		0.9171		0.87192		0.73527
635		5482.08		0.94815		0.94569		0.86822		0.86224		0.87565		0.86889		0.73653
636		5483.89		0.94701		0.94473		0.87339		0.875		0.87047		0.87273		0.74677
637		5486.34		0.94819		0.94774		0.86563		0.8439		0.89637		0.86935		0.73272
638		5487.73		0.9478		0.94879		0.86822		0.82273		0.93782		0.87651		0.7438
639		5489.21		0.95261		0.95236		0.88889		0.86058		0.92746		0.89277		0.78017
640		5490.52		0.9551		0.95355		0.88889		0.875		0.90674		0.89059		0.77831
641		5491.76		0.95591		0.95381		0.89664		0.88442		0.91192		0.89796		0.79368
642		5493.0		0.95608		0.95388		0.89922		0.88119		0.92228		0.90127		0.79934
643		5494.15		0.95468		0.95256		0.89147		0.86829		0.92228		0.89447		0.78449
644		5495.4		0.95289		0.95101		0.87855		0.85784		0.90674		0.88161		0.75837
645		5496.58		0.95067		0.94895		0.87339		0.85294		0.90155		0.87657		0.74801
646		5498.08		0.94865		0.9469		0.87597		0.85714		0.90155		0.87879		0.75298
647		5499.36		0.94952		0.94769		0.86305		0.85714		0.87047		0.86375		0.72619
648		5501.11		0.9502		0.94846		0.86047		0.85641		0.86528		0.86082		0.72097
649		5503.07		0.95046		0.94877		0.87855		0.86139		0.90155		0.88101		0.75795
650		5504.38		0.95084		0.94905		0.87597		0.84689		0.9171		0.8806		0.75457
651		5505.79		0.95174		0.94942		0.87597		0.8436		0.92228		0.88119		0.75527
652		5507.25		0.95223		0.94965		0.87597		0.85714		0.90155		0.87879		0.75298
653		5509.0		0.95315		0.95057		0.89406		0.89175		0.89637		0.89406		0.78813
654		5510.35		0.95334		0.95064		0.88889		0.89062		0.88601		0.88831		0.77778
655		5511.81		0.95273		0.95037		0.87855		0.85437		0.91192		0.88221		0.75886
656		5513.23		0.95071		0.94878		0.86822		0.8287		0.92746		0.87531		0.74177
657		5514.8		0.9513		0.94972		0.8708		0.84541		0.90674		0.875		0.7436
658		5516.53		0.95072		0.94957		0.87597		0.87565		0.87565		0.87565		0.75194
659		5517.85		0.95028		0.94942		0.87597		0.85714		0.90155		0.87879		0.75298
660		5519.42		0.9482		0.947		0.87855		0.85437		0.91192		0.88221		0.75886
661		5521.04		0.9467		0.9458		0.87597		0.8436		0.92228		0.88119		0.75527
662		5522.59		0.94669		0.94544		0.86822		0.85149		0.89119		0.87089		0.73726
663		5524.12		0.94692		0.94636		0.87339		0.86364		0.88601		0.87468		0.74703
664		5525.38		0.94692		0.94626		0.87855		0.86869		0.89119		0.8798		0.75737
665		5526.65		0.94839		0.94806		0.88114		0.86567		0.90155		0.88325		0.76295
666		5528.36		0.94908		0.9487		0.87597		0.84689		0.9171		0.8806		0.75457
667		5529.82		0.95035		0.94931		0.87597		0.8436		0.92228		0.88119		0.75527
668		5531.3		0.9519		0.95039		0.88372		0.86275		0.91192		0.88665		0.76872
669		5532.41		0.95246		0.95037		0.87597		0.86802		0.88601		0.87692		0.75211
670		5533.91		0.95218		0.95034		0.8708		0.8593		0.88601		0.87245		0.74198
671		5535.61		0.95215		0.9499		0.8708		0.85222		0.89637		0.87374		0.74263
672		5537.45		0.95231		0.95052		0.88114		0.85507		0.9171		0.885		0.76432
673		5539.31		0.95107		0.94948		0.88114		0.84834		0.92746		0.88614		0.76565
674		5540.62		0.95071		0.94931		0.87597		0.85024		0.91192		0.88		0.75396
675		5541.98		0.94976		0.9487		0.86563		0.84729		0.89119		0.86869		0.73228
676		5543.28		0.94883		0.94764		0.86563		0.85075		0.88601		0.86802		0.73192
677		5544.51		0.95018		0.94906		0.86305		0.85354		0.87565		0.86445		0.72636
678		5545.68		0.95108		0.94993		0.86563		0.85075		0.88601		0.86802		0.73192
679		5547.3		0.95138		0.94988		0.88114		0.85507		0.9171		0.885		0.76432
680		5549.02		0.95234		0.95082		0.88114		0.85167		0.92228		0.88557		0.76494
681		5550.38		0.95271		0.95128		0.88114		0.85167		0.92228		0.88557		0.76494
682		5551.85		0.95323		0.95153		0.8863		0.8599		0.92228		0.89		0.77468
683		5553.53		0.95299		0.95112		0.8863		0.86341		0.9171		0.88945		0.77413
684		5555.01		0.9517		0.9492		0.88114		0.85507		0.9171		0.885		0.76432
685		5556.52		0.95095		0.94831		0.87597		0.85366		0.90674		0.8794		0.75343
686		5558.18		0.95059		0.94769		0.88114		0.85507		0.9171		0.885		0.76432
687		5559.88		0.94901		0.94641		0.87855		0.85437		0.91192		0.88221		0.75886
688		5561.21		0.94808		0.94534		0.87597		0.85024		0.91192		0.88		0.75396
689		5563.14		0.94795		0.94541		0.87597		0.85024		0.91192		0.88		0.75396
690		5564.6		0.94732		0.9448		0.87339		0.84615		0.91192		0.87781		0.74907
691		5566.08		0.94837		0.94594		0.87855		0.85096		0.9171		0.88279		0.75944
692		5567.33		0.94863		0.9463		0.87855		0.85437		0.91192		0.88221		0.75886
693		5568.7		0.94884		0.94669		0.8708		0.84541		0.90674		0.875		0.7436
694		5569.99		0.94876		0.94687		0.8708		0.85572		0.89119		0.8731		0.74226
695		5571.55		0.9492		0.94766		0.87855		0.85784		0.90674		0.88161		0.75837
696		5573.56		0.9488		0.94713		0.87855		0.85096		0.9171		0.88279		0.75944
697		5575.46		0.94861		0.94716		0.88114		0.85507		0.9171		0.885		0.76432
698		5577.43		0.94805		0.94671		0.87855		0.85784		0.90674		0.88161		0.75837
699		5578.8		0.94867		0.94685		0.87855		0.85784		0.90674		0.88161		0.75837
700		5580.2		0.94903		0.94677		0.88114		0.86207		0.90674		0.88384		0.76332
701		5581.48		0.94925		0.94687		0.8708		0.8593		0.88601		0.87245		0.74198
702		5582.79		0.9494		0.94635		0.8863		0.87065		0.90674		0.88832		0.77329
703		5584.05		0.94948		0.94622		0.88889		0.87129		0.91192		0.89114		0.77865
704		5585.3		0.94927		0.94628		0.8863		0.867		0.91192		0.88889		0.77367
705		5586.83		0.94992		0.94716		0.8863		0.86341		0.9171		0.88945		0.77413
706		5588.46		0.94995		0.94737		0.88114		0.85507		0.9171		0.885		0.76432
707		5590.2		0.95084		0.948		0.87597		0.8436		0.92228		0.88119		0.75527
708		5591.9		0.95092		0.94825		0.87597		0.8436		0.92228		0.88119		0.75527
709		5593.7		0.95087		0.94911		0.87597		0.8436		0.92228		0.88119		0.75527
710		5595.59		0.9512		0.94951		0.88114		0.85167		0.92228		0.88557		0.76494
711		5597.58		0.95087		0.94942		0.87339		0.85294		0.90155		0.87657		0.74801
712		5599.16		0.95028		0.94866		0.87597		0.8607		0.89637		0.87817		0.75261
713		5600.87		0.9496		0.94768		0.87855		0.865		0.89637		0.88041		0.75762
714		5602.47		0.94876		0.94682		0.87339		0.85644		0.89637		0.87595		0.74761
715		5604.15		0.94832		0.94644		0.86822		0.84466		0.90155		0.87218		0.73815
716		5605.59		0.9484		0.94622		0.87855		0.84762		0.92228		0.88337		0.7601
717		5606.9		0.94901		0.94666		0.87855		0.84762		0.92228		0.88337		0.7601
718		5608.59		0.94983		0.94705		0.88114		0.85507		0.9171		0.885		0.76432
719		5610.32		0.95108		0.94861		0.87855		0.85437		0.91192		0.88221		0.75886
720		5611.59		0.95218		0.94981		0.88372		0.86275		0.91192		0.88665		0.76872
721		5613.05		0.95263		0.95019		0.88114		0.86207		0.90674		0.88384		0.76332
722		5614.4		0.95294		0.95088		0.88372		0.86275		0.91192		0.88665		0.76872
723		5615.76		0.95218		0.95011		0.87855		0.85437		0.91192		0.88221		0.75886
724		5617.55		0.95116		0.94927		0.87855		0.85437		0.91192		0.88221		0.75886
725		5619.02		0.94983		0.94801		0.87597		0.85024		0.91192		0.88		0.75396
726		5620.78		0.94924		0.94742		0.88114		0.85507		0.9171		0.885		0.76432
727		5622.93		0.94904		0.94712		0.87597		0.85366		0.90674		0.8794		0.75343
728		5624.48		0.94801		0.94598		0.88114		0.86207		0.90674		0.88384		0.76332
729		5625.78		0.94764		0.94587		0.87855		0.865		0.89637		0.88041		0.75762
730		5627.03		0.94747		0.94562		0.87855		0.86869		0.89119		0.8798		0.75737
731		5628.28		0.94813		0.94679		0.87339		0.85644		0.89637		0.87595		0.74761
732		5629.64		0.94763		0.94671		0.86305		0.83333		0.90674		0.86849		0.72898
733		5630.87		0.94797		0.94714		0.86047		0.82938		0.90674		0.86634		0.72413
734		5632.15		0.94837		0.9473		0.8708		0.84878		0.90155		0.87437		0.74307
735		5634.02		0.94827		0.94752		0.87339		0.85294		0.90155		0.87657		0.74801
736		5635.62		0.94931		0.94904		0.87339		0.86364		0.88601		0.87468		0.74703
737		5637.33		0.94936		0.94922		0.8708		0.84878		0.90155		0.87437		0.74307
738		5638.89		0.9497		0.94962		0.8708		0.84878		0.90155		0.87437		0.74307
739		5640.7		0.95012		0.94898		0.87339		0.86		0.89119		0.87532		0.74728
740		5642.27		0.94988		0.94792		0.87597		0.86432		0.89119		0.87755		0.75232
741		5643.59		0.94851		0.9463		0.87855		0.86869		0.89119		0.8798		0.75737
742		5644.77		0.94763		0.94514		0.87855		0.865		0.89637		0.88041		0.75762
743		5646.16		0.94716		0.94452		0.88114		0.86207		0.90674		0.88384		0.76332
744		5647.86		0.94879		0.94602		0.88372		0.86634		0.90674		0.88608		0.7683
745		5649.81		0.94947		0.9464		0.88372		0.86634		0.90674		0.88608		0.7683
746		5651.1		0.94938		0.94703		0.8708		0.84211		0.91192		0.87562		0.7442
747		5652.41		0.9482		0.94652		0.86563		0.83732		0.90674		0.87065		0.73383
748		5654.24		0.94994		0.94772		0.87597		0.85714		0.90155		0.87879		0.75298
749		5656.35		0.94943		0.94677		0.88114		0.86935		0.89637		0.88265		0.76266
750		5657.95		0.94892		0.94681		0.88889		0.86765		0.9171		0.89169		0.77907
751		5659.15		0.9456		0.94405		0.8708		0.83568		0.92228		0.87685		0.74566
752		5660.76		0.94495		0.9446		0.8553		0.81279		0.92228		0.86408		0.71719
753		5662.53		0.94739		0.94694		0.86822		0.84466		0.90155		0.87218		0.73815
754		5663.69		0.94967		0.94919		0.88114		0.88889		0.87047		0.87958		0.76242
755		5664.93		0.95039		0.94939		0.87597		0.86802		0.88601		0.87692		0.75211
756		5666.21		0.94998		0.94784		0.8708		0.84541		0.90674		0.875		0.7436
757		5667.91		0.95004		0.94779		0.8708		0.83568		0.92228		0.87685		0.74566
758		5669.52		0.949		0.94535		0.87339		0.84615		0.91192		0.87781		0.74907
759		5670.9		0.94924		0.94514		0.8708		0.8593		0.88601		0.87245		0.74198
760		5672.19		0.94915		0.94635		0.87855		0.88021		0.87565		0.87792		0.75711
761		5674.13		0.95006		0.94682		0.87597		0.86432		0.89119		0.87755		0.75232
762		5676.27		0.94964		0.94677		0.86822		0.84804		0.89637		0.87154		0.73766
763		5677.57		0.94863		0.94629		0.86822		0.83491		0.9171		0.87407		0.74007
764		5678.82		0.94873		0.94597		0.8708		0.84878		0.90155		0.87437		0.74307
765		5680.16		0.94929		0.94635		0.8708		0.8593		0.88601		0.87245		0.74198
766		5681.48		0.95008		0.9475		0.87597		0.86802		0.88601		0.87692		0.75211
767		5683.19		0.95042		0.94808		0.87339		0.86		0.89119		0.87532		0.74728
768		5684.81		0.95007		0.94805		0.87855		0.85784		0.90674		0.88161		0.75837
769		5686.22		0.95019		0.94849		0.87855		0.85096		0.9171		0.88279		0.75944
770		5688.11		0.95019		0.94866		0.87855		0.85096		0.9171		0.88279		0.75944
771		5689.4		0.9507		0.9488		0.87597		0.8607		0.89637		0.87817		0.75261
772		5690.96		0.95114		0.94935		0.87339		0.86735		0.88083		0.87404		0.74687
773		5692.43		0.95154		0.94973		0.87597		0.87179		0.88083		0.87629		0.75198
774		5693.81		0.95128		0.94971		0.87597		0.87179		0.88083		0.87629		0.75198
775		5695.39		0.95087		0.94932		0.86822		0.85859		0.88083		0.86957		0.7367
776		5697.05		0.95076		0.94915		0.87597		0.85366		0.90674		0.8794		0.75343
777		5698.56		0.95055		0.94878		0.87339		0.84951		0.90674		0.87719		0.7485
778		5700.0		0.95032		0.94854		0.87855		0.86139		0.90155		0.88101		0.75795
779		5701.48		0.95035		0.94859		0.87597		0.86432		0.89119		0.87755		0.75232
780		5703.25		0.95006		0.94827		0.8708		0.86667		0.87565		0.87113		0.74165
781		5704.59		0.9497		0.94768		0.87339		0.86735		0.88083		0.87404		0.74687
782		5706.52		0.95006		0.94795		0.87339		0.86735		0.88083		0.87404		0.74687
783		5707.83		0.94908		0.94729		0.86563		0.8439		0.89637		0.86935		0.73272
784		5709.29		0.94784		0.94595		0.86822		0.83178		0.92228		0.87469		0.74088
785		5710.67		0.94927		0.94729		0.8708		0.83568		0.92228		0.87685		0.74566
786		5712.52		0.9506		0.94836		0.86822		0.84804		0.89637		0.87154		0.73766
787		5713.86		0.95194		0.9495		0.87597		0.86432		0.89119		0.87755		0.75232
788		5715.67		0.95242		0.94987		0.8863		0.87817		0.89637		0.88718		0.77279
789		5717.13		0.95225		0.94958		0.89147		0.88325		0.90155		0.89231		0.78312
790		5718.69		0.95189		0.94923		0.88114		0.86935		0.89637		0.88265		0.76266
791		5720.08		0.95234		0.95068		0.88114		0.85854		0.91192		0.88442		0.76378
792		5721.25		0.95162		0.94974		0.87855		0.85096		0.9171		0.88279		0.75944
793		5722.77		0.95147		0.9496		0.88114		0.85854		0.91192		0.88442		0.76378
794		5724.08		0.95179		0.95021		0.88114		0.86567		0.90155		0.88325		0.76295
795		5725.77		0.95182		0.95052		0.88889		0.87879		0.90155		0.89003		0.77805
796		5727.39		0.95219		0.95107		0.89406		0.88776		0.90155		0.8946		0.78822
797		5728.74		0.95207		0.95081		0.88372		0.86634		0.90674		0.88608		0.7683
798		5729.94		0.95139		0.94983		0.87339		0.84615		0.91192		0.87781		0.74907
799		5731.14		0.95107		0.94909		0.87855		0.84762		0.92228		0.88337		0.7601
800		5733.12		0.95043		0.94842		0.87855		0.84762		0.92228		0.88337		0.7601
801		5734.47		0.94975		0.94758		0.88114		0.85854		0.91192		0.88442		0.76378
802		5736.11		0.94972		0.94769		0.88114		0.85507		0.9171		0.885		0.76432
803		5737.66		0.9486		0.94626		0.8708		0.84541		0.90674		0.875		0.7436
804		5739.33		0.94772		0.94566		0.87339		0.84951		0.90674		0.87719		0.7485
805		5740.98		0.94697		0.94492		0.8708		0.84878		0.90155		0.87437		0.74307
806		5742.94		0.94701		0.94524		0.87339		0.85294		0.90155		0.87657		0.74801
807		5744.48		0.94662		0.94503		0.87339		0.85294		0.90155		0.87657		0.74801
808		5745.94		0.94771		0.94638		0.87339		0.85644		0.89637		0.87595		0.74761
809		5747.6		0.94827		0.94718		0.87339		0.85644		0.89637		0.87595		0.74761
810		5749.05		0.94841		0.94795		0.87339		0.85644		0.89637		0.87595		0.74761
811		5750.39		0.94837		0.94785		0.86563		0.83732		0.90674		0.87065		0.73383
812		5751.76		0.94833		0.94773		0.86563		0.82791		0.92228		0.87255		0.73611
813		5753.15		0.94927		0.94866		0.86563		0.83099		0.9171		0.87192		0.73527
814		5754.69		0.94901		0.94799		0.87597		0.85366		0.90674		0.8794		0.75343
815		5756.13		0.94939		0.94829		0.88114		0.86935		0.89637		0.88265		0.76266
816		5757.51		0.9497		0.94809		0.88372		0.87374		0.89637		0.88491		0.76771
817		5758.87		0.94879		0.9475		0.87339		0.85644		0.89637		0.87595		0.74761
818		5760.92		0.94772		0.94721		0.86563		0.84058		0.90155		0.87		0.73324
819		5763.03		0.94741		0.94693		0.86822		0.84135		0.90674		0.87282		0.73871
820		5764.44		0.94731		0.94624		0.86563		0.85075		0.88601		0.86802		0.73192
821		5765.68		0.94893		0.94766		0.87339		0.86735		0.88083		0.87404		0.74687
822		5766.87		0.94855		0.94695		0.87597		0.85366		0.90674		0.8794		0.75343
823		5768.12		0.94836		0.94608		0.87339		0.84615		0.91192		0.87781		0.74907
824		5769.27		0.94813		0.94489		0.87339		0.84615		0.91192		0.87781		0.74907
825		5770.4		0.94797		0.94411		0.87597		0.84689		0.9171		0.8806		0.75457
826		5772.07		0.94851		0.9449		0.87597		0.85714		0.90155		0.87879		0.75298
827		5773.73		0.94796		0.94482		0.8708		0.85572		0.89119		0.8731		0.74226
828		5775.64		0.94925		0.94662		0.87339		0.85644		0.89637		0.87595		0.74761
829		5776.89		0.94917		0.94708		0.87597		0.85714		0.90155		0.87879		0.75298
830		5778.06		0.94827		0.9465		0.87597		0.85714		0.90155		0.87879		0.75298
831		5779.92		0.94788		0.94701		0.8708		0.84878		0.90155		0.87437		0.74307
832		5781.61		0.94843		0.94744		0.86822		0.84466		0.90155		0.87218		0.73815
833		5783.28		0.949		0.9483		0.8708		0.85222		0.89637		0.87374		0.74263
834		5784.5		0.94908		0.94861		0.8708		0.8593		0.88601		0.87245		0.74198
835		5786.17		0.94867		0.94799		0.86563		0.85075		0.88601		0.86802		0.73192
836		5788.21		0.94748		0.94642		0.86563		0.85075		0.88601		0.86802		0.73192
837		5789.62		0.94669		0.94535		0.8708		0.85222		0.89637		0.87374		0.74263
838		5790.75		0.94609		0.94423		0.86822		0.84135		0.90674		0.87282		0.73871
839		5792.39		0.94565		0.94334		0.86822		0.84135		0.90674		0.87282		0.73871
840		5794.12		0.94701		0.9452		0.8708		0.84211		0.91192		0.87562		0.7442
841		5795.55		0.94816		0.94648		0.88114		0.86207		0.90674		0.88384		0.76332
842		5796.82		0.95004		0.94835		0.88372		0.87374		0.89637		0.88491		0.76771
843		5798.12		0.95036		0.94857		0.88372		0.87374		0.89637		0.88491		0.76771
844		5799.79		0.95028		0.94889		0.88889		0.87129		0.91192		0.89114		0.77865
845		5801.5		0.949		0.94764		0.88114		0.85507		0.9171		0.885		0.76432
846		5803.21		0.94913		0.94801		0.87855		0.85437		0.91192		0.88221		0.75886
847		5804.96		0.94871		0.94771		0.88114		0.86567		0.90155		0.88325		0.76295
848		5806.26		0.94795		0.94674		0.87597		0.86802		0.88601		0.87692		0.75211
849		5807.94		0.94729		0.94623		0.8708		0.85222		0.89637		0.87374		0.74263
850		5809.49		0.9463		0.94549		0.87339		0.84951		0.90674		0.87719		0.7485
851		5810.9		0.94529		0.94419		0.86563		0.83732		0.90674		0.87065		0.73383
852		5812.13		0.94577		0.94459		0.86822		0.84135		0.90674		0.87282		0.73871
853		5813.41		0.9484		0.9474		0.8708		0.85222		0.89637		0.87374		0.74263
854		5815.73		0.94954		0.94824		0.87339		0.86364		0.88601		0.87468		0.74703
855		5817.14		0.95072		0.9493		0.88114		0.86567		0.90155		0.88325		0.76295
856		5818.46		0.95131		0.94988		0.8708		0.84878		0.90155		0.87437		0.74307
857		5819.85		0.9511		0.94993		0.87855		0.85096		0.9171		0.88279		0.75944
858		5821.38		0.95032		0.94882		0.87597		0.85366		0.90674		0.8794		0.75343
859		5822.79		0.94976		0.94828		0.87597		0.85714		0.90155		0.87879		0.75298
860		5824.31		0.94792		0.94658		0.8708		0.85222		0.89637		0.87374		0.74263
861		5825.71		0.94685		0.94534		0.86822		0.84135		0.90674		0.87282		0.73871
862		5827.03		0.94546		0.94293		0.8708		0.84541		0.90674		0.875		0.7436
863		5828.48		0.94606		0.94329		0.86822		0.84804		0.89637		0.87154		0.73766
864		5830.08		0.94589		0.94297		0.87339		0.85644		0.89637		0.87595		0.74761
865		5831.46		0.94688		0.94422		0.8708		0.85572		0.89119		0.8731		0.74226
866		5832.78		0.9496		0.94822		0.88372		0.87		0.90155		0.8855		0.76796
867		5834.17		0.95078		0.94917		0.88889		0.87879		0.90155		0.89003		0.77805
868		5835.83		0.95047		0.94864		0.87855		0.85784		0.90674		0.88161		0.75837
869		5837.21		0.95036		0.94853		0.86822		0.83491		0.9171		0.87407		0.74007
870		5839.48		0.94931		0.94712		0.87339		0.84615		0.91192		0.87781		0.74907
871		5841.23		0.94777		0.94499		0.87339		0.85644		0.89637		0.87595		0.74761
872		5842.95		0.94592		0.94263		0.8708		0.85222		0.89637		0.87374		0.74263
873		5844.28		0.94459		0.9411		0.86822		0.84804		0.89637		0.87154		0.73766
874		5845.45		0.94402		0.94085		0.8708		0.85222		0.89637		0.87374		0.74263
875		5846.64		0.94455		0.94115		0.86563		0.8439		0.89637		0.86935		0.73272
876		5848.02		0.94697		0.94469		0.87339		0.85294		0.90155		0.87657		0.74801
877		5849.32		0.94848		0.94652		0.86563		0.85075		0.88601		0.86802		0.73192
878		5850.78		0.94964		0.94764		0.87339		0.85644		0.89637		0.87595		0.74761
879		5852.0		0.95068		0.94869		0.87339		0.85294		0.90155		0.87657		0.74801
880		5853.66		0.95111		0.94908		0.87855		0.85096		0.9171		0.88279		0.75944
881		5855.48		0.95116		0.94906		0.88114		0.85507		0.9171		0.885		0.76432
882		5856.66		0.95082		0.94827		0.88372		0.86634		0.90674		0.88608		0.7683
883		5857.83		0.94998		0.94763		0.88372		0.86634		0.90674		0.88608		0.7683
884		5859.08		0.94799		0.9454		0.88372		0.86275		0.91192		0.88665		0.76872
885		5860.44		0.9462		0.94376		0.87339		0.84615		0.91192		0.87781		0.74907
886		5861.65		0.94466		0.94185		0.86822		0.84135		0.90674		0.87282		0.73871
887		5862.89		0.94463		0.94198		0.87339		0.85294		0.90155		0.87657		0.74801
888		5864.17		0.94477		0.94259		0.8708		0.85222		0.89637		0.87374		0.74263
889		5865.78		0.94443		0.94177		0.8708		0.84878		0.90155		0.87437		0.74307
890		5867.59		0.94526		0.94327		0.86047		0.83254		0.90155		0.86567		0.72346
891		5869.39		0.94577		0.94406		0.8708		0.84878		0.90155		0.87437		0.74307
892		5870.86		0.9471		0.94503		0.8708		0.84878		0.90155		0.87437		0.74307
893		5872.33		0.94819		0.94597		0.8708		0.84541		0.90674		0.875		0.7436
894		5873.88		0.94809		0.94543		0.86822		0.84804		0.89637		0.87154		0.73766
895		5875.32		0.94747		0.94468		0.86822		0.855		0.88601		0.87023		0.73694
896		5876.79		0.94751		0.9443		0.8708		0.85572		0.89119		0.8731		0.74226
897		5878.33		0.94825		0.94454		0.87339		0.85644		0.89637		0.87595		0.74761
898		5880.03		0.94855		0.94544		0.87597		0.85024		0.91192		0.88		0.75396
899		5881.92		0.94863		0.94612		0.86822		0.8381		0.91192		0.87345		0.73935
900		5883.18		0.94791		0.94542		0.86822		0.8381		0.91192		0.87345		0.73935
901		5884.51		0.94705		0.94525		0.86563		0.84058		0.90155		0.87		0.73324
902		5885.82		0.94605		0.94408		0.86305		0.84314		0.89119		0.8665		0.72731
903		5887.01		0.94526		0.94327		0.86305		0.84653		0.88601		0.86582		0.72692
904		5888.19		0.94514		0.94327		0.86047		0.84577		0.88083		0.86294		0.72158
905		5889.36		0.94459		0.94279		0.87339		0.86		0.89119		0.87532		0.74728
906		5890.61		0.94483		0.9431		0.86563		0.83732		0.90674		0.87065		0.73383
907		5891.75		0.94538		0.94321		0.8708		0.84878		0.90155		0.87437		0.74307
908		5893.18		0.9472		0.94491		0.87855		0.865		0.89637		0.88041		0.75762
909		5895.23		0.94863		0.94656		0.87855		0.86869		0.89119		0.8798		0.75737
910		5896.68		0.94905		0.94708		0.8863		0.86341		0.9171		0.88945		0.77413
911		5898.01		0.94909		0.94694		0.88114		0.85167		0.92228		0.88557		0.76494
912		5899.25		0.95004		0.9483		0.88372		0.87374		0.89637		0.88491		0.76771
913		5900.38		0.94921		0.94742		0.87855		0.87245		0.88601		0.87918		0.75721
914		5901.52		0.94847		0.94699		0.87855		0.87245		0.88601		0.87918		0.75721
915		5902.86		0.94646		0.94539		0.86305		0.83654		0.90155		0.86783		0.72834
916		5904.32		0.94423		0.94326		0.86305		0.8271		0.9171		0.86978		0.73049
917		5905.76		0.94398		0.94238		0.86047		0.83254		0.90155		0.86567		0.72346
918		5907.15		0.94714		0.94549		0.88114		0.88482		0.87565		0.88021		0.76231
919		5909.05		0.94757		0.94633		0.87339		0.87113		0.87565		0.87339		0.74678
920		5910.46		0.94752		0.94718		0.8708		0.84541		0.90674		0.875		0.7436
921		5912.1		0.94805		0.94764		0.86822		0.84135		0.90674		0.87282		0.73871
922		5913.51		0.95016		0.94909		0.87339		0.85644		0.89637		0.87595		0.74761
923		5915.01		0.9507		0.94865		0.87339		0.86		0.89119		0.87532		0.74728
924		5916.55		0.95039		0.94762		0.88114		0.85167		0.92228		0.88557		0.76494
925		5917.97		0.94883		0.94607		0.88372		0.85238		0.92746		0.88834		0.77047
926		5919.61		0.94839		0.94522		0.87597		0.85714		0.90155		0.87879		0.75298
927		5920.93		0.94702		0.94359		0.87597		0.8836		0.86528		0.87435		0.75208
928		5922.34		0.94795		0.94491		0.87339		0.86364		0.88601		0.87468		0.74703
929		5923.74		0.94813		0.94577		0.86563		0.83732		0.90674		0.87065		0.73383
930		5925.23		0.94656		0.94437		0.86047		0.82028		0.92228		0.86829		0.72662
931		5926.68		0.94657		0.94404		0.86822		0.84135		0.90674		0.87282		0.73871
932		5928.09		0.946		0.94434		0.86047		0.84236		0.88601		0.86364		0.72193
933		5929.51		0.94389		0.94404		0.85788		0.83173		0.89637		0.86284		0.71798
934		5931.24		0.94135		0.94204		0.86047		0.82629		0.91192		0.867		0.72488
935		5932.46		0.94466		0.94418		0.8708		0.86294		0.88083		0.87179		0.74177
936		5933.69		0.9476		0.94637		0.87597		0.87179		0.88083		0.87629		0.75198
937		5934.94		0.94887		0.94787		0.87855		0.86139		0.90155		0.88101		0.75795
938		5936.06		0.94998		0.9494		0.86822		0.83491		0.9171		0.87407		0.74007
939		5937.2		0.94978		0.94918		0.8708		0.83568		0.92228		0.87685		0.74566
940		5938.35		0.94938		0.94845		0.86305		0.83981		0.89637		0.86717		0.72779
941		5939.6		0.94781		0.94738		0.87597		0.86802		0.88601		0.87692		0.75211
942		5940.91		0.94554		0.94542		0.87855		0.87245		0.88601		0.87918		0.75721
943		5942.89		0.94375		0.94333		0.86563		0.84729		0.89119		0.86869		0.73228
944		5944.11		0.94127		0.94082		0.86563		0.82791		0.92228		0.87255		0.73611
945		5945.4		0.94426		0.94343		0.86563		0.85787		0.87565		0.86667		0.73143
946		5946.77		0.94674		0.94539		0.88372		0.90217		0.8601		0.88064		0.76824
947		5947.94		0.94739		0.94702		0.86305		0.83981		0.89637		0.86717		0.72779
948		5949.05		0.94618		0.94699		0.8553		0.80717		0.93264		0.86538		0.7194
949		5950.18		0.94876		0.94835		0.88114		0.88889		0.87047		0.87958		0.76242
950		5951.41		0.90707		0.91034		0.79328		0.71984		0.95855		0.82222		0.62185
951		5952.6		0.9244		0.92447		0.80879		0.92806		0.66839		0.77711		0.64287
952		5953.72		0.87252		0.88288		0.52972		0.51475		0.99482		0.67845		0.16556
953		5955.4		0.90759		0.9076		0.83204		0.86364		0.78756		0.82385		0.66658
954		5956.72		0.90962		0.90847		0.73127		0.94949		0.48705		0.64384		0.5286
955		5958.15		0.91403		0.90284		0.82171		0.77193		0.91192		0.8361		0.65436
956		5959.52		0.9144		0.89671		0.69767		0.625		0.98446		0.76459		0.4834
957		5961.13		0.91456		0.89593		0.80362		0.75107		0.90674		0.8216		0.62084
958		5962.47		0.90628		0.89181		0.77519		0.90769		0.6114		0.73065		0.58176
959		5964.17		0.90083		0.88784		0.70026		0.96386		0.41451		0.57971		0.4861
960		5965.67		0.90065		0.88788		0.69251		0.97436		0.39378		0.56089		0.47796
961		5967.27		0.90505		0.89196		0.75452		0.97115		0.52332		0.68013		0.57281
962		5968.55		0.90764		0.8941		0.79328		0.87919		0.67876		0.76608		0.60211
963		5970.12		0.90863		0.89519		0.83721		0.86517		0.79793		0.83019		0.67639
964		5971.88		0.90642		0.89313		0.81137		0.79703		0.8342		0.81519		0.62346
965		5973.16		0.90318		0.8932		0.82171		0.79245		0.87047		0.82963		0.64662
966		5975.06		0.90091		0.89294		0.81137		0.78571		0.85492		0.81886		0.62524
967		5976.49		0.89851		0.88973		0.81137		0.78571		0.85492		0.81886		0.62524
968		5977.69		0.89595		0.88859		0.81654		0.80198		0.83938		0.82025		0.6338
969		5978.82		0.8936		0.88604		0.81395		0.81026		0.81865		0.81443		0.62795
970		5979.94		0.89282		0.88439		0.80362		0.81283		0.78756		0.8		0.60749
971		5981.26		0.89311		0.88387		0.79587		0.81667		0.76166		0.7882		0.593
972		5982.55		0.89474		0.88557		0.80362		0.83051		0.76166		0.79459		0.60924
973		5983.94		0.89651		0.88733		0.80103		0.81868		0.77202		0.79467		0.60298
974		5985.79		0.89979		0.89176		0.81137		0.8125		0.80829		0.81039		0.62274
975		5987.11		0.90334		0.89548		0.81912		0.80905		0.8342		0.82143		0.63858
976		5988.46		0.90588		0.8975		0.81395		0.79512		0.84456		0.8191		0.62917
977		5989.62		0.90708		0.89826		0.82171		0.79808		0.8601		0.82793		0.64542
978		5990.75		0.90863		0.90067		0.82429		0.80193		0.8601		0.83		0.65035
979		5991.98		0.90946		0.90163		0.82687		0.815		0.84456		0.82952		0.6542
980		5993.24		0.91152		0.9044		0.83463		0.84492		0.81865		0.83158		0.66954
981		5994.39		0.91472		0.90869		0.84496		0.8674		0.81347		0.83957		0.6912
982		5995.54		0.91806		0.91169		0.86047		0.89266		0.81865		0.85405		0.72335
983		5997.18		0.92105		0.91556		0.86563		0.89385		0.82902		0.86022		0.73314
984		5999.0		0.92319		0.91941		0.85788		0.88333		0.82383		0.85255		0.71733
985		6000.9		0.92463		0.9205		0.8553		0.87845		0.82383		0.85027		0.71192
986		6002.13		0.92623		0.92109		0.85271		0.87363		0.82383		0.848		0.70652
987		6003.65		0.928		0.92309		0.8553		0.87845		0.82383		0.85027		0.71192
988		6005.12		0.92861		0.9231		0.85013		0.86885		0.82383		0.84574		0.70115
989		6006.73		0.92826		0.92269		0.85271		0.87778		0.81865		0.84718		0.70697
990		6008.09		0.92738		0.92078		0.83979		0.86188		0.80829		0.83422		0.68084
991		6009.32		0.92922		0.92438		0.83721		0.84946		0.81865		0.83377		0.67483
992		6011.29		0.93278		0.92896		0.85013		0.85714		0.83938		0.84817		0.70039
993		6012.58		0.9351		0.93256		0.86305		0.87634		0.84456		0.86016		0.72655
994		6014.0		0.93766		0.93699		0.8708		0.88235		0.85492		0.86842		0.74194
995		6015.22		0.93814		0.93816		0.87339		0.8913		0.84974		0.87003		0.74755
996		6016.36		0.93919		0.93947		0.8708		0.89503		0.83938		0.86631		0.74299
997		6017.46		0.93913		0.93907		0.86563		0.88108		0.84456		0.86243		0.73186
998		6018.71		0.93833		0.93819		0.86305		0.85714		0.87047		0.86375		0.72619
999		6019.89		0.93801		0.9374		0.86822		0.85149		0.89119		0.87089		0.73726
1000		6021.56		0.93911		0.93776		0.86047		0.86772		0.84974		0.85864		0.72107
fold: 4
Epoch		Time		AUC		AUPR		Accuracy		Precision		Recall		F1-score		Mcc
1		6024.16		0.78858		0.77322		0.53747		0.88889		0.0829		0.15166		0.17235
AUC improved at epoch  1 ;	best_auc: 0.7885796698894291
2		6025.35		0.79224		0.76856		0.55556		0.86207		0.12953		0.22523		0.20684
AUC improved at epoch  2 ;	best_auc: 0.792238662464612
3		6026.6		0.79352		0.75743		0.68217		0.77344		0.51295		0.61682		0.38627
AUC improved at epoch  3 ;	best_auc: 0.793520645264676
4		6028.2		0.79576		0.75483		0.70801		0.74691		0.62694		0.68169		0.42122
AUC improved at epoch  4 ;	best_auc: 0.7957641151647882
5		6030.0		0.79341		0.75185		0.70284		0.74074		0.62176		0.67606		0.41074
6		6031.42		0.79224		0.75553		0.69767		0.75333		0.58549		0.65889		0.40514
7		6032.64		0.79013		0.75827		0.70026		0.74839		0.60104		0.66667		0.40816
8		6033.82		0.78853		0.75563		0.69509		0.71429		0.64767		0.67935		0.39173
9		6035.27		0.79048		0.75602		0.69251		0.71023		0.64767		0.67751		0.38636
10		6037.08		0.79304		0.75684		0.69767		0.70879		0.66839		0.688		0.3959
11		6038.78		0.79619		0.7586		0.71059		0.71892		0.68912		0.7037		0.42148
AUC improved at epoch  11 ;	best_auc: 0.7961914427648096
12		6040.39		0.80396		0.76845		0.72093		0.71574		0.73057		0.72308		0.44198
AUC improved at epoch  12 ;	best_auc: 0.8039634634901982
13		6041.72		0.80933		0.77532		0.73385		0.74457		0.70984		0.72679		0.46814
AUC improved at epoch  13 ;	best_auc: 0.8093317664654666
14		6043.08		0.8127		0.78251		0.73643		0.73575		0.73575		0.73575		0.47286
AUC improved at epoch  14 ;	best_auc: 0.8126969713156349
15		6044.3		0.80995		0.78193		0.7416		0.71041		0.81347		0.75845		0.48853
16		6045.53		0.80725		0.78111		0.75194		0.74872		0.75648		0.75258		0.50391
17		6047.99		0.80661		0.77931		0.73643		0.70968		0.79793		0.75122		0.47671
18		6054.05		0.80922		0.78201		0.75194		0.74872		0.75648		0.75258		0.50391
19		6060.04		0.8128		0.78161		0.74677		0.71493		0.81865		0.76329		0.49897
AUC improved at epoch  19 ;	best_auc: 0.8128038032156402
20		6065.9		0.81596		0.78754		0.74677		0.71889		0.80829		0.76098		0.49754
AUC improved at epoch  20 ;	best_auc: 0.8159553442657977
21		6068.01		0.81764		0.78773		0.74419		0.7398		0.7513		0.7455		0.48845
AUC improved at epoch  21 ;	best_auc: 0.8176379466908819
22		6069.7		0.81975		0.78998		0.74419		0.7217		0.79275		0.75556		0.49087
AUC improved at epoch  22 ;	best_auc: 0.8197478767159874
23		6071.04		0.8206		0.7898		0.75452		0.72072		0.82902		0.77108		0.51504
AUC improved at epoch  23 ;	best_auc: 0.8206025319160303
24		6072.32		0.82116		0.79202		0.75452		0.74747		0.76684		0.75703		0.50924
AUC improved at epoch  24 ;	best_auc: 0.8211633993910581
25		6073.48		0.82111		0.79095		0.75194		0.73659		0.78238		0.75879		0.50492
26		6074.75		0.82362		0.79588		0.75711		0.72		0.83938		0.77512		0.52159
AUC improved at epoch  26 ;	best_auc: 0.823620533091181
27		6076.71		0.82362		0.79482		0.75452		0.72685		0.81347		0.76773		0.51282
AUC improved at epoch  27 ;	best_auc: 0.8236205330911811
28		6078.32		0.82269		0.79431		0.74419		0.73267		0.76684		0.74937		0.48896
29		6079.54		0.82341		0.79531		0.74935		0.73077		0.78756		0.7581		0.50031
30		6080.75		0.82509		0.79821		0.76227		0.72052		0.85492		0.78199		0.53409
AUC improved at epoch  30 ;	best_auc: 0.8250894717162545
31		6082.02		0.82389		0.79831		0.76744		0.73953		0.82383		0.77941		0.53851
32		6083.58		0.82218		0.79737		0.74419		0.73737		0.75648		0.7468		0.48857
33		6085.33		0.82429		0.80017		0.76227		0.72851		0.8342		0.77778		0.5303
34		6086.91		0.82618		0.80238		0.75452		0.71491		0.84456		0.77435		0.5178
AUC improved at epoch  34 ;	best_auc: 0.8261844986913092
35		6089.02		0.82811		0.80545		0.76486		0.74286		0.80829		0.77419		0.53188
AUC improved at epoch  35 ;	best_auc: 0.8281074728914053
36		6090.78		0.82899		0.80781		0.76744		0.75122		0.79793		0.77387		0.53599
AUC improved at epoch  36 ;	best_auc: 0.8289888360664495
37		6092.08		0.833		0.81464		0.75969		0.72523		0.8342		0.7759		0.52549
AUC improved at epoch  37 ;	best_auc: 0.8329950323166496
38		6093.29		0.8343		0.81634		0.76227		0.72646		0.83938		0.77885		0.53115
AUC improved at epoch  38 ;	best_auc: 0.8343037230917152
39		6094.6		0.83494		0.8178		0.76744		0.74408		0.81347		0.77723		0.53732
AUC improved at epoch  39 ;	best_auc: 0.8349447144917473
40		6095.9		0.8347		0.81892		0.76486		0.755		0.78238		0.76845		0.5301
41		6097.39		0.83681		0.82227		0.77778		0.74654		0.83938		0.79024		0.56002
AUC improved at epoch  41 ;	best_auc: 0.8368142727418407
42		6099.04		0.83839		0.82644		0.77519		0.74091		0.84456		0.78935		0.55598
AUC improved at epoch  42 ;	best_auc: 0.8383900432669197
43		6100.75		0.8386		0.82765		0.77261		0.74419		0.82902		0.78431		0.54891
AUC improved at epoch  43 ;	best_auc: 0.8386037070669302
44		6102.05		0.83919		0.82855		0.77778		0.75845		0.81347		0.785		0.5571
AUC improved at epoch  44 ;	best_auc: 0.8391912825169596
45		6104.3		0.84229		0.83178		0.77261		0.74194		0.8342		0.78537		0.5496
AUC improved at epoch  45 ;	best_auc: 0.8422894076171145
46		6105.74		0.84523		0.8372		0.78036		0.74771		0.84456		0.79319		0.5656
AUC improved at epoch  46 ;	best_auc: 0.8452272848672613
47		6106.88		0.84547		0.83815		0.78295		0.76077		0.82383		0.79104		0.56793
AUC improved at epoch  47 ;	best_auc: 0.8454676566422733
48		6108.1		0.84838		0.83988		0.78811		0.76056		0.83938		0.79803		0.57944
AUC improved at epoch  48 ;	best_auc: 0.8483788259174189
49		6109.37		0.84758		0.83937		0.78553		0.75		0.85492		0.79903		0.57685
50		6110.67		0.84825		0.84272		0.78811		0.77073		0.81865		0.79397		0.5774
51		6112.54		0.85062		0.84565		0.7907		0.76667		0.8342		0.79901		0.58374
AUC improved at epoch  51 ;	best_auc: 0.8506222958175312
52		6113.98		0.84889		0.84422		0.77519		0.74312		0.83938		0.78832		0.55518
53		6116.19		0.84638		0.84383		0.76744		0.76963		0.76166		0.76562		0.5349
54		6117.53		0.85329		0.85014		0.79587		0.76147		0.8601		0.80779		0.59686
AUC improved at epoch  54 ;	best_auc: 0.8532930933176647
55		6118.82		0.85466		0.85253		0.79328		0.77033		0.8342		0.801		0.58866
AUC improved at epoch  55 ;	best_auc: 0.8546552000427328
56		6120.06		0.85655		0.85496		0.78811		0.76812		0.82383		0.795		0.57782
AUC improved at epoch  56 ;	best_auc: 0.8565514662678275
57		6121.25		0.8569		0.85525		0.77778		0.75598		0.81865		0.78607		0.55756
AUC improved at epoch  57 ;	best_auc: 0.8568986699428448
58		6122.59		0.86058		0.85768		0.79328		0.76037		0.85492		0.80488		0.59126
AUC improved at epoch  58 ;	best_auc: 0.8605843704930293
59		6123.77		0.86042		0.85783		0.80103		0.77358		0.84974		0.80988		0.60509
60		6124.9		0.86058		0.85907		0.78811		0.76303		0.8342		0.79703		0.57884
61		6126.1		0.8616		0.86047		0.78036		0.74771		0.84456		0.79319		0.5656
AUC improved at epoch  61 ;	best_auc: 0.8615992735430801
62		6127.66		0.86419		0.8617		0.8062		0.78095		0.84974		0.8139		0.61486
AUC improved at epoch  62 ;	best_auc: 0.8641899471182095
63		6130.3		0.86697		0.86427		0.78036		0.73276		0.88083		0.8		0.57269
AUC improved at epoch  63 ;	best_auc: 0.8669675765183484
64		6131.52		0.86261		0.86309		0.78036		0.7967		0.7513		0.77333		0.56156
65		6132.7		0.86916		0.86725		0.77261		0.71784		0.89637		0.79724		0.56308
AUC improved at epoch  65 ;	best_auc: 0.8691576304684578
66		6133.94		0.86723		0.86512		0.80362		0.79695		0.81347		0.80513		0.60738
67		6135.26		0.8725		0.87292		0.80362		0.78537		0.8342		0.80905		0.60847
AUC improved at epoch  67 ;	best_auc: 0.8724961273436249
68		6136.42		0.86723		0.86892		0.78036		0.74771		0.84456		0.79319		0.5656
69		6137.68		0.87602		0.87638		0.80362		0.78818		0.82902		0.80808		0.6081
AUC improved at epoch  69 ;	best_auc: 0.876021580043801
70		6138.96		0.87645		0.87486		0.80362		0.78818		0.82902		0.80808		0.6081
AUC improved at epoch  70 ;	best_auc: 0.8764489076438226
71		6140.78		0.88054		0.87932		0.79845		0.76744		0.85492		0.80882		0.60091
AUC improved at epoch  71 ;	best_auc: 0.8805352278190269
72		6142.97		0.88062		0.88188		0.80879		0.80203		0.81865		0.81026		0.61772
AUC improved at epoch  72 ;	best_auc: 0.8806153517440307
73		6144.39		0.8819		0.88309		0.80362		0.79397		0.81865		0.80612		0.60756
AUC improved at epoch  73 ;	best_auc: 0.8818973345440948
74		6145.71		0.88379		0.88303		0.78553		0.75463		0.84456		0.79707		0.57526
AUC improved at epoch  74 ;	best_auc: 0.8837936007691897
75		6146.87		0.88353		0.88187		0.8062		0.80102		0.81347		0.8072		0.61249
76		6148.19		0.88628		0.88633		0.81912		0.83243		0.79793		0.81481		0.63875
AUC improved at epoch  76 ;	best_auc: 0.8862774424443138
77		6149.36		0.8854		0.88791		0.79328		0.74459		0.89119		0.81132		0.59841
78		6150.53		0.88908		0.89062		0.81912		0.84746		0.7772		0.81081		0.64036
AUC improved at epoch  78 ;	best_auc: 0.889081779819454
79		6151.75		0.8929		0.89336		0.8062		0.79208		0.82902		0.81013		0.61311
AUC improved at epoch  79 ;	best_auc: 0.892901020244645
80		6153.06		0.89506		0.89735		0.80362		0.76471		0.87565		0.81643		0.61384
AUC improved at epoch  80 ;	best_auc: 0.8950643662197533
81		6154.27		0.89378		0.89661		0.81395		0.84971		0.76166		0.80328		0.63119
82		6155.52		0.89782		0.90018		0.80879		0.80829		0.80829		0.80829		0.61757
AUC improved at epoch  82 ;	best_auc: 0.8978152876448907
83		6156.83		0.90236		0.90503		0.81395		0.76889		0.89637		0.82775		0.63682
AUC improved at epoch  83 ;	best_auc: 0.9023556433951178
84		6158.26		0.90804		0.9123		0.83463		0.84865		0.81347		0.83069		0.66979
AUC improved at epoch  84 ;	best_auc: 0.9080444420704021
85		6159.87		0.90898		0.91408		0.82946		0.85876		0.78756		0.82162		0.6611
AUC improved at epoch  85 ;	best_auc: 0.9089792211954489
86		6161.23		0.90308		0.90894		0.81654		0.79048		0.8601		0.82382		0.63561
87		6162.63		0.90313		0.90706		0.81654		0.81443		0.81865		0.81654		0.63309
88		6164.24		0.9038		0.90537		0.82171		0.81633		0.82902		0.82262		0.6435
89		6165.66		0.90882		0.91152		0.83204		0.81068		0.86528		0.83709		0.66564
90		6167.42		0.91261		0.91689		0.82946		0.80976		0.8601		0.83417		0.66024
AUC improved at epoch  90 ;	best_auc: 0.9126115057956306
91		6168.79		0.91114		0.91698		0.82687		0.815		0.84456		0.82952		0.6542
92		6170.22		0.91336		0.91789		0.84238		0.82353		0.87047		0.84635		0.68591
AUC improved at epoch  92 ;	best_auc: 0.9133593290956679
93		6171.62		0.90962		0.91399		0.83721		0.81553		0.87047		0.84211		0.676
94		6172.98		0.90906		0.91446		0.82171		0.81313		0.8342		0.82353		0.64365
95		6174.26		0.91144		0.9183		0.80362		0.7799		0.84456		0.81095		0.6094
96		6175.8		0.91277		0.91911		0.83721		0.86932		0.79275		0.82927		0.67696
97		6177.21		0.91774		0.92446		0.82946		0.79535		0.88601		0.83824		0.66331
AUC improved at epoch  97 ;	best_auc: 0.9177394369958869
98		6178.66		0.9112		0.91897		0.83204		0.84409		0.81347		0.8285		0.66448
99		6180.03		0.91731		0.92297		0.82946		0.77974		0.9171		0.84286		0.66947
100		6181.47		0.91859		0.92367		0.84238		0.84737		0.8342		0.84073		0.68482
AUC improved at epoch  100 ;	best_auc: 0.9185940921959297
101		6183.14		0.92036		0.92613		0.84238		0.8587		0.81865		0.8382		0.68546
AUC improved at epoch  101 ;	best_auc: 0.9203568185460178
102		6184.58		0.91948		0.92456		0.83463		0.79452		0.90155		0.84466		0.67548
103		6185.97		0.91691		0.92166		0.82429		0.81407		0.83938		0.82653		0.64892
104		6187.28		0.91835		0.92295		0.84238		0.84021		0.84456		0.84238		0.68477
105		6188.72		0.92156		0.92656		0.82946		0.79812		0.88083		0.83744		0.66255
AUC improved at epoch  105 ;	best_auc: 0.9215586774210779
106		6190.27		0.92458		0.93032		0.83721		0.8125		0.87565		0.84289		0.67652
AUC improved at epoch  106 ;	best_auc: 0.9245766785962288
107		6191.8		0.92407		0.92881		0.85271		0.85789		0.84456		0.85117		0.7055
108		6193.28		0.92201		0.92708		0.83463		0.80861		0.87565		0.8408		0.67162
109		6195.07		0.91958		0.92539		0.82429		0.79343		0.87565		0.83251		0.65216
110		6196.66		0.92345		0.92868		0.83721		0.825		0.85492		0.83969		0.67489
111		6197.89		0.92396		0.92788		0.83979		0.8359		0.84456		0.84021		0.67963
112		6199.2		0.92479		0.92969		0.84755		0.82843		0.87565		0.85139		0.69626
AUC improved at epoch  112 ;	best_auc: 0.9247903423962395
113		6200.49		0.9222		0.92846		0.83979		0.82266		0.86528		0.84343		0.68054
114		6201.76		0.92412		0.9298		0.85013		0.84615		0.85492		0.85052		0.7003
115		6202.88		0.92837		0.93321		0.85013		0.81106		0.91192		0.85854		0.7058
AUC improved at epoch  115 ;	best_auc: 0.9283692110464185
116		6204.19		0.92957		0.93494		0.84496		0.84103		0.84974		0.84536		0.68997
AUC improved at epoch  116 ;	best_auc: 0.9295710699214785
117		6205.98		0.93083		0.93562		0.84496		0.82126		0.88083		0.85		0.69179
AUC improved at epoch  117 ;	best_auc: 0.9308263447465414
118		6207.71		0.92957		0.93386		0.84496		0.81517		0.89119		0.85149		0.693
119		6209.2		0.92653		0.93092		0.85788		0.86316		0.84974		0.8564		0.71584
120		6210.6		0.92874		0.93359		0.84496		0.8093		0.90155		0.85294		0.69451
121		6211.91		0.92898		0.93482		0.84496		0.82759		0.87047		0.84848		0.69088
122		6213.06		0.92882		0.93474		0.85013		0.84264		0.8601		0.85128		0.70042
123		6214.45		0.93147		0.9362		0.84755		0.80455		0.9171		0.85714		0.70206
AUC improved at epoch  123 ;	best_auc: 0.9314673361465734
124		6215.74		0.93107		0.93549		0.86047		0.86772		0.84974		0.85864		0.72107
125		6216.94		0.93075		0.93442		0.84755		0.84184		0.85492		0.84833		0.69518
126		6218.47		0.93267		0.93556		0.85013		0.80822		0.9171		0.85922		0.70677
AUC improved at epoch  126 ;	best_auc: 0.9326691950216334
127		6220.32		0.93232		0.93539		0.85788		0.86702		0.84456		0.85564		0.71598
128		6221.76		0.93272		0.93584		0.85013		0.83251		0.87565		0.85354		0.70123
AUC improved at epoch  128 ;	best_auc: 0.9327226109716361
129		6223.29		0.93203		0.93477		0.85271		0.82381		0.89637		0.85856		0.70823
130		6224.69		0.93131		0.93378		0.85788		0.86316		0.84974		0.8564		0.71584
131		6226.09		0.9324		0.93362		0.86305		0.86458		0.8601		0.86234		0.7261
132		6227.53		0.93259		0.9333		0.8708		0.83568		0.92228		0.87685		0.74566
133		6229.26		0.93085		0.93125		0.8553		0.85864		0.84974		0.85417		0.71062
134		6230.68		0.93181		0.93203		0.85271		0.84343		0.86528		0.85422		0.70568
135		6232.04		0.93278		0.93368		0.8553		0.82464		0.90155		0.86139		0.71376
AUC improved at epoch  135 ;	best_auc: 0.9327760269216389
136		6233.44		0.9335		0.93506		0.85013		0.8534		0.84456		0.84896		0.70029
AUC improved at epoch  136 ;	best_auc: 0.9334971422466748
137		6235.55		0.9335		0.93552		0.85271		0.85052		0.85492		0.85271		0.70544
AUC improved at epoch  137 ;	best_auc: 0.9334971422466749
138		6237.08		0.93155		0.9343		0.84238		0.81132		0.89119		0.84938		0.68816
139		6238.79		0.93494		0.93725		0.85271		0.84694		0.8601		0.85347		0.70552
AUC improved at epoch  139 ;	best_auc: 0.934939372896747
140		6240.24		0.9343		0.93678		0.85271		0.85789		0.84456		0.85117		0.7055
141		6241.68		0.93316		0.93578		0.86305		0.85		0.88083		0.86514		0.7266
142		6242.96		0.93056		0.9339		0.85788		0.83824		0.88601		0.86146		0.71696
143		6244.55		0.93052		0.93438		0.86563		0.86911		0.8601		0.86458		0.7313
144		6246.14		0.93467		0.9383		0.8553		0.83415		0.88601		0.8593		0.71201
145		6247.87		0.93673		0.93952		0.86822		0.85859		0.88083		0.86957		0.7367
AUC improved at epoch  145 ;	best_auc: 0.9367288072218365
146		6249.89		0.93694		0.94026		0.8708		0.88235		0.85492		0.86842		0.74194
AUC improved at epoch  146 ;	best_auc: 0.9369424710218471
147		6251.47		0.93833		0.94184		0.85788		0.84158		0.88083		0.86076		0.71657
AUC improved at epoch  147 ;	best_auc: 0.9383312857219166
148		6252.97		0.93945		0.9417		0.86563		0.84729		0.89119		0.86869		0.73228
AUC improved at epoch  148 ;	best_auc: 0.9394530206719726
149		6254.48		0.93944		0.94099		0.86305		0.86082		0.86528		0.86305		0.72611
150		6255.87		0.93996		0.94148		0.86305		0.87634		0.84456		0.86016		0.72655
AUC improved at epoch  150 ;	best_auc: 0.939960472196998
151		6257.31		0.93672		0.93955		0.86047		0.82938		0.90674		0.86634		0.72413
152		6258.5		0.93909		0.94167		0.86305		0.86458		0.8601		0.86234		0.7261
153		6259.66		0.93786		0.94121		0.87339		0.88298		0.8601		0.87139		0.747
154		6260.97		0.93737		0.94041		0.87339		0.86735		0.88083		0.87404		0.74687
155		6262.58		0.93537		0.93822		0.85788		0.84158		0.88083		0.86076		0.71657
156		6264.27		0.93729		0.94031		0.87339		0.87895		0.86528		0.87206		0.74685
157		6265.81		0.94035		0.94307		0.87597		0.87565		0.87565		0.87565		0.75194
AUC improved at epoch  157 ;	best_auc: 0.9403477378345174
158		6267.6		0.94144		0.94248		0.87597		0.87179		0.88083		0.87629		0.75198
AUC improved at epoch  158 ;	best_auc: 0.9414427648095721
159		6269.13		0.94135		0.94121		0.8708		0.8593		0.88601		0.87245		0.74198
160		6270.87		0.93961		0.93945		0.87339		0.875		0.87047		0.87273		0.74677
161		6272.34		0.94023		0.94004		0.8708		0.86667		0.87565		0.87113		0.74165
162		6273.93		0.94191		0.94121		0.8708		0.86667		0.87565		0.87113		0.74165
AUC improved at epoch  162 ;	best_auc: 0.9419101543720955
163		6275.22		0.94148		0.94129		0.8708		0.86667		0.87565		0.87113		0.74165
164		6276.63		0.94063		0.94234		0.87339		0.86735		0.88083		0.87404		0.74687
165		6277.81		0.93912		0.94168		0.86822		0.85149		0.89119		0.87089		0.73726
166		6279.67		0.93829		0.94156		0.8708		0.85222		0.89637		0.87374		0.74263
167		6281.39		0.94008		0.94325		0.8708		0.87435		0.86528		0.86979		0.74163
168		6282.5		0.94104		0.94347		0.86822		0.88172		0.84974		0.86544		0.73689
169		6283.61		0.94095		0.9433		0.87339		0.875		0.87047		0.87273		0.74677
170		6284.77		0.94084		0.94275		0.86822		0.85859		0.88083		0.86957		0.7367
171		6286.09		0.93825		0.94012		0.86563		0.86911		0.8601		0.86458		0.7313
172		6287.35		0.9367		0.93742		0.86822		0.87368		0.8601		0.86684		0.73651
173		6288.56		0.93793		0.93719		0.87339		0.86735		0.88083		0.87404		0.74687
174		6289.84		0.9409		0.93949		0.86822		0.86224		0.87565		0.86889		0.73653
175		6291.32		0.9421		0.94146		0.87597		0.87565		0.87565		0.87565		0.75194
AUC improved at epoch  175 ;	best_auc: 0.9420971101971047
176		6292.97		0.94391		0.94455		0.87597		0.87958		0.87047		0.875		0.75197
AUC improved at epoch  176 ;	best_auc: 0.9439132524971956
177		6294.72		0.94423		0.94515		0.8708		0.87831		0.8601		0.86911		0.74175
AUC improved at epoch  177 ;	best_auc: 0.9442337481972116
178		6296.0		0.94362		0.94518		0.88114		0.88083		0.88083		0.88083		0.76227
179		6297.29		0.94276		0.94403		0.8708		0.8593		0.88601		0.87245		0.74198
180		6299.02		0.94218		0.94204		0.8708		0.87435		0.86528		0.86979		0.74163
181		6300.59		0.942		0.94168		0.87855		0.88021		0.87565		0.87792		0.75711
182		6302.0		0.94423		0.94405		0.88372		0.85922		0.9171		0.88722		0.76922
183		6303.39		0.94406		0.9443		0.88889		0.875		0.90674		0.89059		0.77831
184		6305.31		0.94319		0.94339		0.87855		0.8883		0.86528		0.87664		0.75734
185		6307.1		0.94195		0.94193		0.87855		0.9011		0.84974		0.87467		0.7583
186		6308.68		0.9419		0.94391		0.86563		0.86528		0.86528		0.86528		0.73126
187		6310.74		0.94302		0.94539		0.86047		0.83575		0.89637		0.865		0.72287
188		6312.02		0.94297		0.94503		0.8708		0.84878		0.90155		0.87437		0.74307
189		6313.48		0.94362		0.94581		0.86305		0.85714		0.87047		0.86375		0.72619
190		6314.67		0.94239		0.94359		0.87597		0.8836		0.86528		0.87435		0.75208
191		6316.13		0.94142		0.94232		0.87339		0.88298		0.8601		0.87139		0.747
192		6317.85		0.93955		0.94026		0.86563		0.86528		0.86528		0.86528		0.73126
193		6319.61		0.93988		0.94003		0.87339		0.875		0.87047		0.87273		0.74677
194		6320.9		0.94094		0.9412		0.88372		0.88947		0.87565		0.88251		0.76752
195		6322.32		0.94135		0.94295		0.87855		0.87629		0.88083		0.87855		0.75712
196		6324.11		0.94191		0.94481		0.87597		0.87179		0.88083		0.87629		0.75198
197		6325.61		0.9418		0.94478		0.86305		0.85354		0.87565		0.86445		0.72636
198		6326.96		0.94087		0.94263		0.86305		0.85354		0.87565		0.86445		0.72636
199		6328.31		0.94143		0.94298		0.8708		0.86667		0.87565		0.87113		0.74165
200		6329.47		0.94287		0.94459		0.8708		0.87435		0.86528		0.86979		0.74163
201		6330.76		0.94287		0.94421		0.87597		0.8877		0.8601		0.87368		0.75228
202		6332.47		0.94291		0.94426		0.87855		0.88421		0.87047		0.87728		0.75719
203		6334.1		0.94264		0.94408		0.87855		0.88021		0.87565		0.87792		0.75711
204		6335.52		0.9425		0.94378		0.87855		0.87629		0.88083		0.87855		0.75712
205		6336.9		0.94309		0.94388		0.87855		0.87629		0.88083		0.87855		0.75712
206		6338.64		0.94347		0.94454		0.86822		0.86979		0.86528		0.86753		0.73644
207		6340.24		0.94266		0.94385		0.86047		0.86387		0.85492		0.85938		0.72096
208		6341.76		0.94178		0.94036		0.86563		0.86911		0.8601		0.86458		0.7313
209		6343.15		0.94227		0.9418		0.86563		0.86911		0.8601		0.86458		0.7313
210		6344.48		0.94258		0.94215		0.8708		0.86667		0.87565		0.87113		0.74165
211		6346.2		0.94427		0.94739		0.87339		0.86735		0.88083		0.87404		0.74687
AUC improved at epoch  211 ;	best_auc: 0.9442738101597136
212		6348.01		0.94447		0.94732		0.87339		0.87113		0.87565		0.87339		0.74678
AUC improved at epoch  212 ;	best_auc: 0.9444741199722237
213		6349.21		0.94419		0.94678		0.87855		0.89674		0.85492		0.87533		0.7579
214		6350.4		0.94393		0.94611		0.87855		0.9011		0.84974		0.87467		0.7583
215		6351.72		0.94362		0.9458		0.87597		0.8877		0.8601		0.87368		0.75228
216		6352.91		0.9441		0.94603		0.8708		0.87047		0.87047		0.87047		0.7416
217		6354.07		0.9445		0.94636		0.87597		0.87179		0.88083		0.87629		0.75198
AUC improved at epoch  217 ;	best_auc: 0.9445008279472251
218		6355.31		0.94455		0.94595		0.87339		0.87113		0.87565		0.87339		0.74678
AUC improved at epoch  218 ;	best_auc: 0.9445542438972278
219		6356.58		0.94405		0.94501		0.87597		0.87565		0.87565		0.87565		0.75194
220		6358.56		0.94409		0.94536		0.87597		0.86802		0.88601		0.87692		0.75211
221		6360.11		0.94415		0.94271		0.88372		0.87374		0.89637		0.88491		0.76771
222		6361.6		0.94545		0.9444		0.88114		0.87692		0.88601		0.88144		0.76232
AUC improved at epoch  222 ;	best_auc: 0.9454489610597724
223		6363.27		0.94626		0.94821		0.88114		0.87692		0.88601		0.88144		0.76232
AUC improved at epoch  223 ;	best_auc: 0.9462635542973132
224		6365.04		0.94528		0.94681		0.87597		0.8877		0.8601		0.87368		0.75228
225		6366.32		0.94474		0.94617		0.87855		0.89247		0.8601		0.87599		0.75758
226		6367.79		0.94612		0.94815		0.88114		0.88482		0.87565		0.88021		0.76231
227		6369.04		0.9463		0.94924		0.87597		0.86802		0.88601		0.87692		0.75211
AUC improved at epoch  227 ;	best_auc: 0.9463036162598152
228		6370.38		0.94493		0.94645		0.88114		0.86935		0.89637		0.88265		0.76266
229		6371.9		0.94407		0.94505		0.86822		0.86224		0.87565		0.86889		0.73653
230		6373.39		0.94152		0.94214		0.8708		0.87831		0.8601		0.86911		0.74175
231		6374.89		0.94029		0.94279		0.87597		0.89189		0.85492		0.87302		0.75255
232		6376.44		0.94033		0.94204		0.87597		0.90055		0.84456		0.87166		0.75335
233		6377.99		0.94043		0.94291		0.87339		0.88298		0.8601		0.87139		0.747
234		6379.55		0.94053		0.94238		0.87597		0.87958		0.87047		0.875		0.75197
235		6380.76		0.9411		0.94339		0.87855		0.8883		0.86528		0.87664		0.75734
236		6382.07		0.94333		0.9462		0.87339		0.88298		0.8601		0.87139		0.747
237		6383.62		0.94463		0.94856		0.86822		0.87766		0.85492		0.86614		0.73666
238		6385.09		0.94514		0.94955		0.87339		0.875		0.87047		0.87273		0.74677
239		6386.67		0.94478		0.94657		0.87855		0.86139		0.90155		0.88101		0.75795
240		6388.11		0.94489		0.94686		0.88114		0.85854		0.91192		0.88442		0.76378
241		6389.74		0.94499		0.94628		0.87339		0.86364		0.88601		0.87468		0.74703
242		6391.1		0.94395		0.94488		0.8708		0.86667		0.87565		0.87113		0.74165
243		6392.45		0.94288		0.94357		0.87855		0.89247		0.8601		0.87599		0.75758
244		6393.73		0.94135		0.94148		0.87855		0.9011		0.84974		0.87467		0.7583
245		6395.42		0.94083		0.94347		0.87339		0.8871		0.85492		0.87071		0.74723
246		6396.74		0.9419		0.94421		0.87339		0.875		0.87047		0.87273		0.74677
247		6398.08		0.94272		0.94461		0.87855		0.87629		0.88083		0.87855		0.75712
248		6399.69		0.94291		0.94151		0.88372		0.88144		0.88601		0.88372		0.76745
249		6401.27		0.94381		0.94186		0.88889		0.89062		0.88601		0.88831		0.77778
250		6402.69		0.94407		0.94177		0.88114		0.88482		0.87565		0.88021		0.76231
251		6404.11		0.94363		0.93991		0.87597		0.87565		0.87565		0.87565		0.75194
252		6406.04		0.94353		0.93952		0.88114		0.86935		0.89637		0.88265		0.76266
253		6407.55		0.9429		0.93902		0.8863		0.87437		0.90155		0.88776		0.773
254		6408.87		0.94198		0.93877		0.88114		0.8731		0.89119		0.88205		0.76245
255		6410.14		0.9414		0.93825		0.8708		0.88235		0.85492		0.86842		0.74194
256		6411.68		0.94092		0.9378		0.8708		0.88235		0.85492		0.86842		0.74194
257		6412.96		0.94152		0.93939		0.8708		0.88235		0.85492		0.86842		0.74194
258		6414.24		0.94268		0.94065		0.87855		0.8883		0.86528		0.87664		0.75734
259		6415.47		0.94454		0.94263		0.87597		0.87958		0.87047		0.875		0.75197
260		6416.85		0.94556		0.94362		0.88114		0.87692		0.88601		0.88144		0.76232
261		6418.16		0.94644		0.94458		0.88372		0.87755		0.89119		0.88432		0.76754
AUC improved at epoch  261 ;	best_auc: 0.9464371561348219
262		6420.28		0.94629		0.94426		0.88372		0.87755		0.89119		0.88432		0.76754
263		6422.02		0.94562		0.94342		0.87855		0.87629		0.88083		0.87855		0.75712
264		6423.33		0.9452		0.94669		0.87339		0.875		0.87047		0.87273		0.74677
265		6424.64		0.94521		0.94729		0.87339		0.87895		0.86528		0.87206		0.74685
266		6425.95		0.94449		0.94715		0.87339		0.87895		0.86528		0.87206		0.74685
267		6427.13		0.94498		0.94783		0.87339		0.87895		0.86528		0.87206		0.74685
268		6428.49		0.94414		0.94706		0.86305		0.86842		0.85492		0.86162		0.72617
269		6429.84		0.94449		0.94438		0.86822		0.86979		0.86528		0.86753		0.73644
270		6431.04		0.94506		0.94425		0.8708		0.87047		0.87047		0.87047		0.7416
271		6432.6		0.94469		0.94387		0.87339		0.875		0.87047		0.87273		0.74677
272		6434.24		0.94445		0.94371		0.87339		0.875		0.87047		0.87273		0.74677
273		6435.57		0.9443		0.94298		0.8708		0.88649		0.84974		0.86772		0.74221
274		6437.0		0.94449		0.94641		0.87597		0.89189		0.85492		0.87302		0.75255
275		6438.66		0.94413		0.94586		0.87855		0.8883		0.86528		0.87664		0.75734
276		6440.28		0.94377		0.94579		0.88114		0.88889		0.87047		0.87958		0.76242
277		6441.77		0.94378		0.94559		0.88114		0.88482		0.87565		0.88021		0.76231
278		6443.07		0.94385		0.94609		0.87339		0.86735		0.88083		0.87404		0.74687
279		6444.23		0.94361		0.94539		0.87597		0.86802		0.88601		0.87692		0.75211
280		6445.41		0.94399		0.94596		0.88372		0.88144		0.88601		0.88372		0.76745
281		6446.76		0.94342		0.94583		0.87339		0.88298		0.8601		0.87139		0.747
282		6447.95		0.94286		0.94498		0.8708		0.87831		0.8601		0.86911		0.74175
283		6449.15		0.94168		0.94372		0.86563		0.87302		0.85492		0.86387		0.73141
284		6450.3		0.941		0.9425		0.8708		0.87435		0.86528		0.86979		0.74163
285		6452.24		0.94222		0.9444		0.86563		0.86154		0.87047		0.86598		0.73131
286		6453.51		0.94223		0.94492		0.8708		0.8593		0.88601		0.87245		0.74198
287		6454.77		0.94152		0.94131		0.8708		0.85572		0.89119		0.8731		0.74226
288		6456.09		0.9416		0.94079		0.8708		0.87435		0.86528		0.86979		0.74163
289		6457.83		0.94251		0.94118		0.8863		0.9027		0.86528		0.8836		0.77325
290		6459.41		0.94343		0.9414		0.88114		0.8973		0.8601		0.87831		0.7629
291		6460.64		0.94461		0.94276		0.87597		0.8836		0.86528		0.87435		0.75208
292		6461.81		0.94596		0.9439		0.87597		0.87958		0.87047		0.875		0.75197
293		6463.01		0.94636		0.94433		0.8863		0.87817		0.89637		0.88718		0.77279
294		6464.96		0.94628		0.94738		0.88372		0.87755		0.89119		0.88432		0.76754
295		6466.42		0.94526		0.94591		0.88114		0.88083		0.88083		0.88083		0.76227
296		6468.23		0.94453		0.94438		0.87339		0.87895		0.86528		0.87206		0.74685
297		6469.78		0.9415		0.93775		0.8708		0.89071		0.84456		0.86702		0.74256
298		6471.46		0.94065		0.93776		0.86822		0.88587		0.84456		0.86472		0.7372
299		6472.57		0.94029		0.93782		0.86563		0.87701		0.84974		0.86316		0.73159
300		6473.7		0.94086		0.9421		0.86563		0.86911		0.8601		0.86458		0.7313
301		6475.35		0.94047		0.94247		0.86822		0.87368		0.8601		0.86684		0.73651
302		6477.07		0.93988		0.94236		0.87339		0.88298		0.8601		0.87139		0.747
303		6478.65		0.93999		0.94237		0.8708		0.88235		0.85492		0.86842		0.74194
304		6480.1		0.94124		0.94375		0.87597		0.8877		0.8601		0.87368		0.75228
305		6481.73		0.94279		0.946		0.87339		0.88298		0.8601		0.87139		0.747
306		6483.0		0.94369		0.94716		0.86822		0.87766		0.85492		0.86614		0.73666
307		6484.17		0.94407		0.94735		0.86822		0.87368		0.8601		0.86684		0.73651
308		6485.45		0.94363		0.94427		0.87597		0.86802		0.88601		0.87692		0.75211
309		6486.77		0.94389		0.945		0.88114		0.8731		0.89119		0.88205		0.76245
310		6488.05		0.94232		0.94549		0.87597		0.87958		0.87047		0.875		0.75197
311		6489.57		0.94084		0.94407		0.8708		0.87435		0.86528		0.86979		0.74163
312		6490.8		0.93949		0.94281		0.87855		0.88421		0.87047		0.87728		0.75719
313		6492.65		0.93924		0.94223		0.88114		0.88889		0.87047		0.87958		0.76242
314		6494.32		0.94003		0.9396		0.87339		0.875		0.87047		0.87273		0.74677
315		6495.81		0.94155		0.94143		0.87339		0.875		0.87047		0.87273		0.74677
316		6497.31		0.94259		0.94227		0.86822		0.87368		0.8601		0.86684		0.73651
317		6498.61		0.94262		0.94169		0.86822		0.87368		0.8601		0.86684		0.73651
318		6500.11		0.94242		0.94414		0.87855		0.89247		0.8601		0.87599		0.75758
319		6501.43		0.94174		0.94314		0.88114		0.89305		0.86528		0.87895		0.76262
320		6503.0		0.94179		0.94306		0.87855		0.8883		0.86528		0.87664		0.75734
321		6504.41		0.9421		0.94335		0.88114		0.88482		0.87565		0.88021		0.76231
322		6506.05		0.94303		0.94409		0.88114		0.8731		0.89119		0.88205		0.76245
323		6507.86		0.94264		0.94224		0.87855		0.86139		0.90155		0.88101		0.75795
324		6509.2		0.94171		0.94145		0.86822		0.86224		0.87565		0.86889		0.73653
325		6510.61		0.94176		0.94144		0.8708		0.87435		0.86528		0.86979		0.74163
326		6511.99		0.94095		0.93923		0.86822		0.87368		0.8601		0.86684		0.73651
327		6513.15		0.94172		0.94309		0.87597		0.8836		0.86528		0.87435		0.75208
328		6514.43		0.94228		0.94347		0.87597		0.86802		0.88601		0.87692		0.75211
329		6515.79		0.94198		0.9433		0.87339		0.86		0.89119		0.87532		0.74728
330		6516.98		0.94244		0.94472		0.87339		0.86364		0.88601		0.87468		0.74703
331		6519.0		0.94279		0.94502		0.87855		0.87245		0.88601		0.87918		0.75721
332		6520.18		0.94319		0.94502		0.88114		0.88889		0.87047		0.87958		0.76242
333		6521.52		0.94365		0.94525		0.87597		0.8877		0.8601		0.87368		0.75228
334		6522.83		0.94298		0.94459		0.87597		0.89189		0.85492		0.87302		0.75255
335		6524.16		0.94288		0.94459		0.87855		0.8883		0.86528		0.87664		0.75734
336		6525.33		0.94192		0.9432		0.87339		0.86735		0.88083		0.87404		0.74687
337		6526.51		0.94294		0.94359		0.88114		0.86567		0.90155		0.88325		0.76295
338		6527.82		0.94335		0.94328		0.88372		0.86634		0.90674		0.88608		0.7683
339		6529.38		0.94363		0.94506		0.88114		0.88083		0.88083		0.88083		0.76227
340		6531.44		0.94451		0.946		0.87597		0.8836		0.86528		0.87435		0.75208
341		6533.23		0.9441		0.94536		0.87597		0.8836		0.86528		0.87435		0.75208
342		6534.55		0.94553		0.94771		0.88372		0.87374		0.89637		0.88491		0.76771
343		6536.26		0.9459		0.94917		0.88372		0.87		0.90155		0.8855		0.76796
344		6537.82		0.94415		0.94488		0.88372		0.87374		0.89637		0.88491		0.76771
345		6538.96		0.94394		0.94725		0.87339		0.87113		0.87565		0.87339		0.74678
346		6540.18		0.94256		0.9454		0.8708		0.88235		0.85492		0.86842		0.74194
347		6542.06		0.9411		0.94347		0.87855		0.89247		0.8601		0.87599		0.75758
348		6543.31		0.9398		0.94302		0.87339		0.88298		0.8601		0.87139		0.747
349		6544.51		0.93955		0.94321		0.88372		0.88144		0.88601		0.88372		0.76745
350		6545.83		0.93927		0.9432		0.88372		0.87755		0.89119		0.88432		0.76754
351		6547.11		0.9396		0.94232		0.87597		0.8607		0.89637		0.87817		0.75261
352		6548.3		0.94084		0.9433		0.87339		0.86735		0.88083		0.87404		0.74687
353		6549.48		0.94158		0.94366		0.87597		0.87958		0.87047		0.875		0.75197
354		6550.87		0.94168		0.94428		0.87597		0.8836		0.86528		0.87435		0.75208
355		6552.69		0.94313		0.94538		0.88114		0.89305		0.86528		0.87895		0.76262
356		6554.57		0.94423		0.94641		0.88372		0.89785		0.86528		0.88127		0.76792
357		6555.89		0.94467		0.94659		0.88372		0.89785		0.86528		0.88127		0.76792
358		6557.26		0.94398		0.94338		0.88114		0.88889		0.87047		0.87958		0.76242
359		6558.93		0.94326		0.94285		0.87597		0.87565		0.87565		0.87565		0.75194
360		6560.32		0.94238		0.94221		0.87597		0.87179		0.88083		0.87629		0.75198
361		6561.67		0.94124		0.94129		0.87597		0.87179		0.88083		0.87629		0.75198
362		6563.05		0.94074		0.94113		0.87339		0.86735		0.88083		0.87404		0.74687
363		6564.45		0.94068		0.94119		0.8708		0.87047		0.87047		0.87047		0.7416
364		6566.16		0.94021		0.94065		0.8708		0.87435		0.86528		0.86979		0.74163
365		6567.94		0.94049		0.94092		0.87855		0.88421		0.87047		0.87728		0.75719
366		6569.43		0.94001		0.94027		0.87855		0.88421		0.87047		0.87728		0.75719
367		6570.61		0.93931		0.93915		0.88114		0.88482		0.87565		0.88021		0.76231
368		6572.01		0.94013		0.94297		0.88114		0.88482		0.87565		0.88021		0.76231
369		6573.62		0.93909		0.93879		0.88114		0.88889		0.87047		0.87958		0.76242
370		6575.2		0.94009		0.94193		0.88114		0.89305		0.86528		0.87895		0.76262
371		6576.58		0.94167		0.94315		0.87855		0.8883		0.86528		0.87664		0.75734
372		6578.53		0.94212		0.94393		0.8708		0.87435		0.86528		0.86979		0.74163
373		6579.72		0.94311		0.94547		0.8708		0.87435		0.86528		0.86979		0.74163
374		6581.15		0.94319		0.94607		0.86822		0.86598		0.87047		0.86822		0.73645
375		6582.42		0.94335		0.94608		0.87339		0.87113		0.87565		0.87339		0.74678
376		6583.77		0.94208		0.94515		0.87339		0.87113		0.87565		0.87339		0.74678
377		6584.92		0.94116		0.94357		0.86822		0.86979		0.86528		0.86753		0.73644
378		6586.23		0.94108		0.9425		0.87855		0.8883		0.86528		0.87664		0.75734
379		6587.54		0.94098		0.94235		0.87855		0.8883		0.86528		0.87664		0.75734
380		6589.37		0.94032		0.94161		0.87339		0.87895		0.86528		0.87206		0.74685
381		6591.24		0.94024		0.94179		0.8708		0.87047		0.87047		0.87047		0.7416
382		6592.97		0.93943		0.93735		0.86047		0.86387		0.85492		0.85938		0.72096
383		6594.64		0.93913		0.93713		0.86305		0.86842		0.85492		0.86162		0.72617
384		6596.15		0.93901		0.93782		0.86822		0.86979		0.86528		0.86753		0.73644
385		6597.54		0.93887		0.94149		0.86822		0.86979		0.86528		0.86753		0.73644
386		6598.81		0.93915		0.94085		0.86822		0.86598		0.87047		0.86822		0.73645
387		6599.94		0.94172		0.94424		0.87597		0.8607		0.89637		0.87817		0.75261
388		6601.66		0.94138		0.94453		0.86563		0.83732		0.90674		0.87065		0.73383
389		6603.31		0.94215		0.9446		0.88114		0.88889		0.87047		0.87958		0.76242
390		6605.19		0.94043		0.9433		0.87855		0.9011		0.84974		0.87467		0.7583
391		6606.45		0.94017		0.94431		0.88114		0.87692		0.88601		0.88144		0.76232
392		6607.62		0.93916		0.94391		0.87597		0.85366		0.90674		0.8794		0.75343
393		6608.98		0.93772		0.94302		0.86822		0.855		0.88601		0.87023		0.73694
394		6610.35		0.93677		0.94077		0.86563		0.88108		0.84456		0.86243		0.73186
395		6611.52		0.9383		0.94123		0.8708		0.88649		0.84974		0.86772		0.74221
396		6612.7		0.94023		0.94289		0.8708		0.88235		0.85492		0.86842		0.74194
397		6613.83		0.94252		0.94506		0.88114		0.88083		0.88083		0.88083		0.76227
398		6615.64		0.94279		0.94241		0.87597		0.87179		0.88083		0.87629		0.75198
399		6617.03		0.94422		0.94414		0.88889		0.8866		0.89119		0.88889		0.77779
400		6618.25		0.94365		0.94307		0.87597		0.8877		0.8601		0.87368		0.75228
401		6619.88		0.94251		0.94211		0.87339		0.8871		0.85492		0.87071		0.74723
402		6621.64		0.94216		0.94194		0.87855		0.89247		0.8601		0.87599		0.75758
403		6622.96		0.941		0.94157		0.8708		0.88235		0.85492		0.86842		0.74194
404		6624.16		0.93952		0.94119		0.8708		0.87435		0.86528		0.86979		0.74163
405		6625.33		0.93919		0.94089		0.86822		0.86979		0.86528		0.86753		0.73644
406		6626.83		0.93937		0.94058		0.86822		0.86598		0.87047		0.86822		0.73645
407		6628.59		0.94045		0.94121		0.86822		0.86598		0.87047		0.86822		0.73645
408		6629.98		0.9413		0.94174		0.8708		0.86294		0.88083		0.87179		0.74177
409		6631.33		0.94247		0.94226		0.88372		0.88947		0.87565		0.88251		0.76752
410		6632.65		0.94351		0.9428		0.8863		0.89418		0.87565		0.88482		0.77276
411		6634.41		0.94255		0.94191		0.88372		0.89362		0.87047		0.88189		0.76768
412		6636.33		0.94194		0.94101		0.87597		0.87958		0.87047		0.875		0.75197
413		6638.35		0.94128		0.94216		0.8708		0.87047		0.87047		0.87047		0.7416
414		6639.58		0.94041		0.94068		0.86822		0.86598		0.87047		0.86822		0.73645
415		6641.37		0.94128		0.94186		0.88114		0.88482		0.87565		0.88021		0.76231
416		6642.92		0.94208		0.94299		0.88372		0.89785		0.86528		0.88127		0.76792
417		6644.32		0.94313		0.94443		0.8863		0.9027		0.86528		0.8836		0.77325
418		6645.62		0.94224		0.94446		0.87855		0.88021		0.87565		0.87792		0.75711
419		6647.38		0.9424		0.94525		0.86822		0.85859		0.88083		0.86957		0.7367
420		6648.89		0.94232		0.94487		0.86822		0.85149		0.89119		0.87089		0.73726
421		6650.44		0.94178		0.94408		0.8708		0.8593		0.88601		0.87245		0.74198
422		6651.63		0.94001		0.94145		0.87597		0.87179		0.88083		0.87629		0.75198
423		6653.1		0.93995		0.94112		0.88372		0.89362		0.87047		0.88189		0.76768
424		6654.87		0.94017		0.94119		0.88114		0.8973		0.8601		0.87831		0.7629
425		6656.16		0.94204		0.94333		0.87855		0.8883		0.86528		0.87664		0.75734
426		6657.37		0.94222		0.9439		0.8708		0.86667		0.87565		0.87113		0.74165
427		6658.76		0.94146		0.94376		0.87339		0.86735		0.88083		0.87404		0.74687
428		6660.07		0.94043		0.94332		0.87339		0.86364		0.88601		0.87468		0.74703
429		6661.28		0.93935		0.94187		0.88114		0.88083		0.88083		0.88083		0.76227
430		6662.6		0.93901		0.94133		0.87855		0.8883		0.86528		0.87664		0.75734
431		6663.94		0.94035		0.94293		0.87855		0.8883		0.86528		0.87664		0.75734
432		6666.22		0.94184		0.94497		0.87339		0.88298		0.8601		0.87139		0.747
433		6668.03		0.94204		0.94498		0.87339		0.875		0.87047		0.87273		0.74677
434		6669.35		0.94174		0.94212		0.86563		0.86528		0.86528		0.86528		0.73126
435		6670.51		0.94075		0.94181		0.8708		0.87435		0.86528		0.86979		0.74163
436		6671.74		0.94083		0.94493		0.8708		0.88649		0.84974		0.86772		0.74221
437		6673.17		0.94079		0.94495		0.8708		0.88649		0.84974		0.86772		0.74221
438		6674.95		0.94111		0.94474		0.87855		0.8883		0.86528		0.87664		0.75734
439		6676.67		0.94151		0.94442		0.87855		0.88021		0.87565		0.87792		0.75711
440		6678.08		0.9419		0.94412		0.8708		0.86667		0.87565		0.87113		0.74165
441		6679.87		0.94226		0.94427		0.87339		0.87113		0.87565		0.87339		0.74678
442		6681.2		0.94262		0.94419		0.87855		0.88021		0.87565		0.87792		0.75711
443		6682.37		0.94272		0.94431		0.87855		0.8883		0.86528		0.87664		0.75734
444		6683.54		0.94203		0.94371		0.88372		0.90659		0.85492		0.88		0.76865
445		6684.68		0.94143		0.94349		0.88114		0.90608		0.84974		0.87701		0.7637
446		6686.06		0.9411		0.94335		0.87855		0.89674		0.85492		0.87533		0.7579
447		6687.19		0.94119		0.94372		0.8708		0.87047		0.87047		0.87047		0.7416
448		6688.36		0.94029		0.93916		0.86563		0.85787		0.87565		0.86667		0.73143
449		6690.19		0.94043		0.94302		0.86822		0.85859		0.88083		0.86957		0.7367
450		6691.52		0.93969		0.94249		0.87339		0.87895		0.86528		0.87206		0.74685
451		6693.09		0.93846		0.94139		0.87597		0.8877		0.8601		0.87368		0.75228
452		6694.47		0.93834		0.94158		0.87855		0.89247		0.8601		0.87599		0.75758
453		6695.82		0.93889		0.94184		0.88114		0.89305		0.86528		0.87895		0.76262
454		6697.0		0.93915		0.94158		0.88114		0.89305		0.86528		0.87895		0.76262
455		6698.27		0.93985		0.94257		0.87855		0.88421		0.87047		0.87728		0.75719
456		6699.62		0.94048		0.94304		0.87855		0.87629		0.88083		0.87855		0.75712
457		6701.45		0.94103		0.94388		0.87597		0.87565		0.87565		0.87565		0.75194
458		6702.75		0.94134		0.94421		0.88114		0.88482		0.87565		0.88021		0.76231
459		6704.05		0.94159		0.94408		0.88372		0.89362		0.87047		0.88189		0.76768
460		6705.7		0.94299		0.94515		0.8863		0.89418		0.87565		0.88482		0.77276
461		6707.03		0.94297		0.94527		0.88114		0.88083		0.88083		0.88083		0.76227
462		6708.59		0.94298		0.94534		0.88372		0.88144		0.88601		0.88372		0.76745
463		6709.89		0.94337		0.94582		0.8863		0.88601		0.88601		0.88601		0.77261
464		6711.41		0.94294		0.94535		0.87855		0.88421		0.87047		0.87728		0.75719
465		6712.72		0.94264		0.945		0.88114		0.88482		0.87565		0.88021		0.76231
466		6714.06		0.9427		0.94505		0.87855		0.88021		0.87565		0.87792		0.75711
467		6715.45		0.9429		0.94509		0.88114		0.8731		0.89119		0.88205		0.76245
468		6716.86		0.9431		0.94457		0.88372		0.88144		0.88601		0.88372		0.76745
469		6718.48		0.94295		0.94421		0.87855		0.88021		0.87565		0.87792		0.75711
470		6719.79		0.94191		0.94009		0.88372		0.89362		0.87047		0.88189		0.76768
471		6721.14		0.94016		0.93885		0.88114		0.8973		0.8601		0.87831		0.7629
472		6722.55		0.93907		0.93697		0.87597		0.8836		0.86528		0.87435		0.75208
473		6724.19		0.9386		0.94096		0.87855		0.8883		0.86528		0.87664		0.75734
474		6725.5		0.93714		0.93954		0.87855		0.8883		0.86528		0.87664		0.75734
475		6727.23		0.93665		0.93795		0.87339		0.87895		0.86528		0.87206		0.74685
476		6729.21		0.93697		0.93829		0.87339		0.87895		0.86528		0.87206		0.74685
477		6730.55		0.93845		0.94017		0.8708		0.87831		0.8601		0.86911		0.74175
478		6731.93		0.93941		0.94104		0.8708		0.88235		0.85492		0.86842		0.74194
479		6733.18		0.94017		0.94188		0.86822		0.88587		0.84456		0.86472		0.7372
480		6734.4		0.94112		0.9437		0.86822		0.87766		0.85492		0.86614		0.73666
481		6735.61		0.94138		0.94486		0.87339		0.87113		0.87565		0.87339		0.74678
482		6736.92		0.94115		0.94475		0.8708		0.86294		0.88083		0.87179		0.74177
483		6738.54		0.94111		0.94423		0.87339		0.86735		0.88083		0.87404		0.74687
484		6740.13		0.94041		0.94251		0.87855		0.88421		0.87047		0.87728		0.75719
485		6741.29		0.93951		0.94139		0.8708		0.88235		0.85492		0.86842		0.74194
486		6742.52		0.93907		0.94046		0.86305		0.86458		0.8601		0.86234		0.7261
487		6743.84		0.93903		0.9404		0.86305		0.86082		0.86528		0.86305		0.72611
488		6745.01		0.93956		0.94094		0.86305		0.86082		0.86528		0.86305		0.72611
489		6746.17		0.93949		0.94091		0.86305		0.86458		0.8601		0.86234		0.7261
490		6747.31		0.93956		0.94125		0.86305		0.86458		0.8601		0.86234		0.7261
491		6748.63		0.93949		0.94173		0.87339		0.88298		0.8601		0.87139		0.747
492		6749.99		0.93877		0.94124		0.87339		0.87895		0.86528		0.87206		0.74685
493		6751.53		0.9388		0.94112		0.87339		0.87895		0.86528		0.87206		0.74685
494		6753.29		0.93928		0.94121		0.87855		0.88021		0.87565		0.87792		0.75711
495		6755.22		0.94008		0.94166		0.87339		0.875		0.87047		0.87273		0.74677
496		6756.57		0.94013		0.9398		0.8708		0.87047		0.87047		0.87047		0.7416
497		6757.88		0.9408		0.94018		0.8708		0.87435		0.86528		0.86979		0.74163
498		6759.17		0.94199		0.94098		0.87339		0.88298		0.8601		0.87139		0.747
499		6760.88		0.94227		0.94114		0.87597		0.8877		0.8601		0.87368		0.75228
500		6762.7		0.94247		0.94208		0.88889		0.90323		0.87047		0.88654		0.77827
501		6764.16		0.94199		0.942		0.88372		0.88947		0.87565		0.88251		0.76752
502		6765.39		0.94139		0.94179		0.8863		0.88601		0.88601		0.88601		0.77261
503		6767.06		0.93971		0.93693		0.8863		0.88601		0.88601		0.88601		0.77261
504		6768.65		0.93977		0.9419		0.8863		0.88601		0.88601		0.88601		0.77261
505		6769.87		0.94051		0.94279		0.87597		0.87565		0.87565		0.87565		0.75194
506		6771.14		0.94143		0.94383		0.87855		0.88021		0.87565		0.87792		0.75711
507		6772.42		0.9416		0.94388		0.87855		0.87629		0.88083		0.87855		0.75712
508		6773.74		0.94196		0.94417		0.88114		0.88083		0.88083		0.88083		0.76227
509		6774.95		0.94123		0.94297		0.88372		0.88144		0.88601		0.88372		0.76745
510		6776.12		0.94142		0.94313		0.87855		0.88421		0.87047		0.87728		0.75719
511		6777.35		0.94044		0.94211		0.87855		0.88021		0.87565		0.87792		0.75711
512		6778.93		0.94043		0.94283		0.87597		0.87565		0.87565		0.87565		0.75194
513		6780.36		0.93965		0.93921		0.87597		0.87179		0.88083		0.87629		0.75198
514		6781.84		0.93948		0.93873		0.87597		0.87565		0.87565		0.87565		0.75194
515		6783.2		0.94052		0.94297		0.88114		0.88889		0.87047		0.87958		0.76242
516		6784.77		0.93996		0.9421		0.87855		0.89674		0.85492		0.87533		0.7579
517		6786.4		0.93981		0.9418		0.87855		0.89247		0.8601		0.87599		0.75758
518		6787.71		0.94092		0.94313		0.87597		0.8836		0.86528		0.87435		0.75208
519		6788.99		0.9415		0.9446		0.88372		0.88542		0.88083		0.88312		0.76745
520		6790.36		0.94198		0.9455		0.87855		0.865		0.89637		0.88041		0.75762
521		6792.23		0.9425		0.94604		0.88114		0.87692		0.88601		0.88144		0.76232
522		6793.59		0.9424		0.94555		0.87597		0.8836		0.86528		0.87435		0.75208
523		6794.76		0.94284		0.94532		0.87339		0.87895		0.86528		0.87206		0.74685
524		6796.08		0.94168		0.94336		0.8708		0.87435		0.86528		0.86979		0.74163
525		6797.88		0.93945		0.93791		0.87339		0.875		0.87047		0.87273		0.74677
526		6799.31		0.93834		0.9406		0.87339		0.875		0.87047		0.87273		0.74677
527		6800.44		0.9367		0.93843		0.87597		0.87565		0.87565		0.87565		0.75194
528		6801.61		0.93518		0.93754		0.87597		0.87958		0.87047		0.875		0.75197
529		6803.17		0.93578		0.93849		0.87597		0.87958		0.87047		0.875		0.75197
530		6805.12		0.93704		0.9404		0.87855		0.88421		0.87047		0.87728		0.75719
531		6806.55		0.93797		0.94116		0.87597		0.87565		0.87565		0.87565		0.75194
532		6807.79		0.93967		0.94282		0.86822		0.86224		0.87565		0.86889		0.73653
533		6809.04		0.94144		0.94429		0.8708		0.87435		0.86528		0.86979		0.74163
534		6810.31		0.94182		0.94444		0.8708		0.88235		0.85492		0.86842		0.74194
535		6811.64		0.94156		0.9441		0.8708		0.88235		0.85492		0.86842		0.74194
536		6813.77		0.93996		0.942		0.8708		0.88235		0.85492		0.86842		0.74194
537		6815.18		0.93939		0.94096		0.8708		0.87435		0.86528		0.86979		0.74163
538		6816.82		0.94057		0.94222		0.87339		0.87113		0.87565		0.87339		0.74678
539		6818.72		0.942		0.94327		0.87855		0.88021		0.87565		0.87792		0.75711
540		6820.37		0.94246		0.94399		0.87855		0.88021		0.87565		0.87792		0.75711
541		6821.8		0.94393		0.94523		0.87855		0.88421		0.87047		0.87728		0.75719
542		6822.9		0.94351		0.94532		0.88114		0.88889		0.87047		0.87958		0.76242
543		6824.12		0.94251		0.94461		0.87597		0.87958		0.87047		0.875		0.75197
544		6825.25		0.94192		0.94407		0.87855		0.88421		0.87047		0.87728		0.75719
545		6826.42		0.94132		0.9434		0.8708		0.87047		0.87047		0.87047		0.7416
546		6827.69		0.94027		0.94216		0.87339		0.875		0.87047		0.87273		0.74677
547		6828.84		0.93936		0.94111		0.8708		0.87435		0.86528		0.86979		0.74163
548		6830.11		0.93873		0.93992		0.87339		0.875		0.87047		0.87273		0.74677
549		6831.19		0.93867		0.9394		0.87339		0.875		0.87047		0.87273		0.74677
550		6832.74		0.94004		0.94136		0.87597		0.87958		0.87047		0.875		0.75197
551		6834.83		0.94111		0.94286		0.88114		0.88889		0.87047		0.87958		0.76242
552		6836.55		0.9411		0.94346		0.88372		0.89362		0.87047		0.88189		0.76768
553		6837.73		0.94099		0.94389		0.87855		0.87629		0.88083		0.87855		0.75712
554		6838.86		0.94167		0.94575		0.87339		0.86364		0.88601		0.87468		0.74703
555		6839.99		0.941		0.94513		0.87339		0.86735		0.88083		0.87404		0.74687
556		6841.14		0.94007		0.94467		0.87597		0.8836		0.86528		0.87435		0.75208
557		6842.4		0.93948		0.9441		0.8863		0.8984		0.87047		0.88421		0.77296
558		6843.61		0.94028		0.94492		0.88372		0.89362		0.87047		0.88189		0.76768
559		6844.74		0.94001		0.94379		0.88114		0.88889		0.87047		0.87958		0.76242
560		6845.98		0.94086		0.94348		0.88372		0.89362		0.87047		0.88189		0.76768
561		6847.56		0.94135		0.94389		0.88114		0.88482		0.87565		0.88021		0.76231
562		6849.18		0.9414		0.94289		0.88114		0.88482		0.87565		0.88021		0.76231
563		6850.75		0.94031		0.94224		0.88114		0.88482		0.87565		0.88021		0.76231
564		6852.36		0.93939		0.94031		0.87597		0.8836		0.86528		0.87435		0.75208
565		6854.29		0.93921		0.94009		0.87597		0.8877		0.8601		0.87368		0.75228
566		6855.57		0.93832		0.93937		0.87339		0.88298		0.8601		0.87139		0.747
567		6856.66		0.93837		0.94114		0.8708		0.87831		0.8601		0.86911		0.74175
568		6857.79		0.93891		0.94327		0.87597		0.87958		0.87047		0.875		0.75197
569		6858.93		0.93896		0.94401		0.87597		0.87958		0.87047		0.875		0.75197
570		6860.16		0.93868		0.94346		0.87597		0.87565		0.87565		0.87565		0.75194
571		6861.31		0.93872		0.94402		0.86822		0.86598		0.87047		0.86822		0.73645
572		6862.48		0.93838		0.94327		0.8708		0.87435		0.86528		0.86979		0.74163
573		6863.64		0.93873		0.94363		0.87339		0.87895		0.86528		0.87206		0.74685
574		6864.88		0.93885		0.94283		0.87339		0.88298		0.8601		0.87139		0.747
575		6866.6		0.93916		0.94248		0.87339		0.87895		0.86528		0.87206		0.74685
576		6868.02		0.93887		0.9416		0.87597		0.8836		0.86528		0.87435		0.75208
577		6869.28		0.93872		0.94076		0.8708		0.87435		0.86528		0.86979		0.74163
578		6871.24		0.93949		0.94103		0.87597		0.87565		0.87565		0.87565		0.75194
579		6872.72		0.93973		0.94148		0.87597		0.87565		0.87565		0.87565		0.75194
580		6874.01		0.94031		0.94069		0.87339		0.87113		0.87565		0.87339		0.74678
581		6875.19		0.9409		0.94183		0.87339		0.87895		0.86528		0.87206		0.74685
582		6876.46		0.94041		0.94162		0.87597		0.87565		0.87565		0.87565		0.75194
583		6877.9		0.94037		0.94169		0.87339		0.875		0.87047		0.87273		0.74677
584		6879.52		0.93927		0.94083		0.88114		0.88889		0.87047		0.87958		0.76242
585		6881.13		0.93879		0.94021		0.88114		0.88889		0.87047		0.87958		0.76242
586		6882.78		0.93812		0.9397		0.88114		0.88889		0.87047		0.87958		0.76242
587		6884.4		0.93736		0.93918		0.87855		0.8883		0.86528		0.87664		0.75734
588		6885.7		0.93806		0.94035		0.87339		0.87895		0.86528		0.87206		0.74685
589		6886.86		0.93838		0.9409		0.86822		0.86224		0.87565		0.86889		0.73653
590		6888.0		0.939		0.9429		0.87339		0.86		0.89119		0.87532		0.74728
591		6889.32		0.93997		0.94323		0.8708		0.87047		0.87047		0.87047		0.7416
592		6890.45		0.94082		0.94371		0.87855		0.89247		0.8601		0.87599		0.75758
593		6891.69		0.94122		0.94295		0.87855		0.89247		0.8601		0.87599		0.75758
594		6892.84		0.94099		0.94304		0.87855		0.8883		0.86528		0.87664		0.75734
595		6894.44		0.94196		0.94303		0.87855		0.87245		0.88601		0.87918		0.75721
596		6896.32		0.94064		0.94125		0.8863		0.87065		0.90674		0.88832		0.77329
597		6898.07		0.93983		0.93948		0.87855		0.87245		0.88601		0.87918		0.75721
598		6899.76		0.93895		0.93807		0.87597		0.8877		0.8601		0.87368		0.75228
599		6901.01		0.93781		0.9372		0.87597		0.8877		0.8601		0.87368		0.75228
600		6902.43		0.93786		0.93717		0.87855		0.88421		0.87047		0.87728		0.75719
601		6904.04		0.93829		0.93851		0.87597		0.87179		0.88083		0.87629		0.75198
602		6905.76		0.93817		0.93875		0.88372		0.87374		0.89637		0.88491		0.76771
603		6907.24		0.93984		0.94088		0.87597		0.87565		0.87565		0.87565		0.75194
604		6908.74		0.94174		0.94286		0.87597		0.8836		0.86528		0.87435		0.75208
605		6910.39		0.94194		0.94293		0.87597		0.8877		0.8601		0.87368		0.75228
606		6912.2		0.9419		0.94319		0.88114		0.89305		0.86528		0.87895		0.76262
607		6913.54		0.94248		0.94355		0.87597		0.87958		0.87047		0.875		0.75197
608		6914.9		0.94268		0.94397		0.8863		0.88205		0.89119		0.8866		0.77266
609		6916.73		0.94228		0.94331		0.88114		0.8731		0.89119		0.88205		0.76245
610		6918.27		0.94224		0.9433		0.87597		0.87565		0.87565		0.87565		0.75194
611		6919.86		0.94028		0.94128		0.88114		0.88889		0.87047		0.87958		0.76242
612		6921.21		0.94041		0.94123		0.88372		0.88947		0.87565		0.88251		0.76752
613		6922.69		0.94078		0.94221		0.8863		0.89005		0.88083		0.88542		0.77264
614		6923.99		0.94142		0.94283		0.88372		0.88144		0.88601		0.88372		0.76745
615		6925.32		0.9421		0.9431		0.87597		0.86432		0.89119		0.87755		0.75232
616		6926.66		0.94178		0.94273		0.87855		0.88421		0.87047		0.87728		0.75719
617		6928.01		0.94155		0.94235		0.88114		0.89305		0.86528		0.87895		0.76262
618		6929.38		0.94218		0.94371		0.88114		0.88083		0.88083		0.88083		0.76227
619		6930.77		0.94082		0.94283		0.86822		0.85149		0.89119		0.87089		0.73726
620		6932.66		0.94048		0.94223		0.87339		0.85644		0.89637		0.87595		0.74761
621		6933.92		0.9398		0.94119		0.8708		0.87047		0.87047		0.87047		0.7416
622		6935.36		0.93875		0.94101		0.8708		0.88235		0.85492		0.86842		0.74194
623		6936.69		0.93897		0.94109		0.86822		0.87766		0.85492		0.86614		0.73666
624		6938.51		0.93947		0.94023		0.87339		0.875		0.87047		0.87273		0.74677
625		6940.12		0.94139		0.94254		0.87597		0.86432		0.89119		0.87755		0.75232
626		6941.41		0.9419		0.94245		0.87597		0.87179		0.88083		0.87629		0.75198
627		6942.82		0.941		0.94137		0.87339		0.88298		0.8601		0.87139		0.747
628		6944.16		0.94004		0.94113		0.8708		0.89071		0.84456		0.86702		0.74256
629		6945.81		0.942		0.94405		0.87339		0.8871		0.85492		0.87071		0.74723
630		6947.38		0.94279		0.94446		0.88114		0.88482		0.87565		0.88021		0.76231
631		6949.16		0.94132		0.94372		0.8863		0.88205		0.89119		0.8866		0.77266
632		6950.65		0.94052		0.94264		0.88889		0.89062		0.88601		0.88831		0.77778
633		6952.13		0.94111		0.94374		0.87855		0.89247		0.8601		0.87599		0.75758
634		6953.35		0.94114		0.94289		0.87855		0.9011		0.84974		0.87467		0.7583
635		6954.62		0.94134		0.94239		0.88372		0.89785		0.86528		0.88127		0.76792
636		6955.82		0.9402		0.94221		0.88114		0.8731		0.89119		0.88205		0.76245
637		6956.97		0.93931		0.94152		0.88889		0.89062		0.88601		0.88831		0.77778
638		6958.21		0.93768		0.94116		0.87855		0.89247		0.8601		0.87599		0.75758
639		6959.44		0.93589		0.93977		0.88372		0.90217		0.8601		0.88064		0.76824
640		6961.22		0.93599		0.93997		0.88372		0.89362		0.87047		0.88189		0.76768
641		6962.84		0.93633		0.93971		0.87597		0.87179		0.88083		0.87629		0.75198
642		6964.01		0.93684		0.94004		0.87597		0.87179		0.88083		0.87629		0.75198
643		6965.22		0.93782		0.94042		0.87597		0.87958		0.87047		0.875		0.75197
644		6966.47		0.93867		0.94108		0.88114		0.90164		0.85492		0.87766		0.76326
645		6967.59		0.93868		0.94076		0.88114		0.8973		0.8601		0.87831		0.7629
646		6968.89		0.93952		0.94209		0.88372		0.89362		0.87047		0.88189		0.76768
647		6970.45		0.93965		0.94075		0.88372		0.88947		0.87565		0.88251		0.76752
648		6972.32		0.93976		0.94028		0.88372		0.88542		0.88083		0.88312		0.76745
649		6974.14		0.93912		0.9395		0.8863		0.89005		0.88083		0.88542		0.77264
650		6975.62		0.93806		0.939		0.88372		0.89362		0.87047		0.88189		0.76768
651		6977.33		0.93721		0.93926		0.88114		0.89305		0.86528		0.87895		0.76262
652		6978.92		0.93633		0.93851		0.87855		0.89247		0.8601		0.87599		0.75758
653		6980.5		0.93562		0.93824		0.88372		0.89362		0.87047		0.88189		0.76768
654		6982.31		0.93598		0.93911		0.87855		0.88021		0.87565		0.87792		0.75711
655		6984.01		0.93646		0.93976		0.87597		0.86432		0.89119		0.87755		0.75232
656		6985.47		0.93704		0.94055		0.87855		0.87245		0.88601		0.87918		0.75721
657		6987.35		0.93782		0.94155		0.88114		0.88083		0.88083		0.88083		0.76227
658		6988.71		0.93899		0.9427		0.88114		0.88482		0.87565		0.88021		0.76231
659		6990.07		0.94028		0.94414		0.87855		0.88021		0.87565		0.87792		0.75711
660		6991.22		0.94069		0.94447		0.88114		0.88083		0.88083		0.88083		0.76227
661		6992.52		0.94138		0.94509		0.88889		0.87879		0.90155		0.89003		0.77805
662		6993.71		0.94132		0.94454		0.87855		0.86869		0.89119		0.8798		0.75737
663		6994.95		0.94107		0.94402		0.87597		0.86802		0.88601		0.87692		0.75211
664		6996.27		0.94065		0.94374		0.87855		0.87245		0.88601		0.87918		0.75721
665		6998.36		0.93983		0.94086		0.88372		0.88542		0.88083		0.88312		0.76745
666		6999.63		0.93957		0.93991		0.88372		0.88947		0.87565		0.88251		0.76752
667		7001.06		0.93868		0.93986		0.88372		0.88947		0.87565		0.88251		0.76752
668		7002.34		0.93838		0.93892		0.8863		0.89005		0.88083		0.88542		0.77264
669		7003.59		0.93932		0.94013		0.88372		0.88542		0.88083		0.88312		0.76745
670		7005.6		0.93992		0.94044		0.87597		0.87565		0.87565		0.87565		0.75194
671		7007.24		0.94013		0.94024		0.88114		0.88083		0.88083		0.88083		0.76227
672		7008.97		0.94001		0.93994		0.8863		0.89005		0.88083		0.88542		0.77264
673		7010.86		0.93912		0.93791		0.88372		0.88947		0.87565		0.88251		0.76752
674		7012.76		0.93841		0.938		0.87339		0.87895		0.86528		0.87206		0.74685
675		7013.91		0.93788		0.93743		0.8708		0.87831		0.8601		0.86911		0.74175
676		7015.13		0.93741		0.9377		0.8708		0.87831		0.8601		0.86911		0.74175
677		7016.25		0.93801		0.93857		0.87597		0.89189		0.85492		0.87302		0.75255
678		7017.39		0.93877		0.93951		0.87339		0.8871		0.85492		0.87071		0.74723
679		7018.66		0.93919		0.94128		0.87339		0.88298		0.8601		0.87139		0.747
680		7019.81		0.94035		0.94301		0.8708		0.87435		0.86528		0.86979		0.74163
681		7021.0		0.94072		0.9437		0.88114		0.87692		0.88601		0.88144		0.76232
682		7022.34		0.94064		0.94302		0.88114		0.88083		0.88083		0.88083		0.76227
683		7024.21		0.94005		0.94252		0.87855		0.8883		0.86528		0.87664		0.75734
684		7025.8		0.94052		0.94274		0.87855		0.88421		0.87047		0.87728		0.75719
685		7027.12		0.94061		0.94298		0.87339		0.875		0.87047		0.87273		0.74677
686		7028.3		0.93985		0.94156		0.87597		0.87958		0.87047		0.875		0.75197
687		7029.43		0.93897		0.93982		0.87597		0.8877		0.8601		0.87368		0.75228
688		7030.68		0.93872		0.93892		0.87597		0.8836		0.86528		0.87435		0.75208
689		7031.81		0.93818		0.93843		0.88114		0.88083		0.88083		0.88083		0.76227
690		7032.95		0.93884		0.93886		0.87597		0.87958		0.87047		0.875		0.75197
691		7034.59		0.93863		0.93872		0.87855		0.88021		0.87565		0.87792		0.75711
692		7036.41		0.93912		0.93896		0.88372		0.88947		0.87565		0.88251		0.76752
693		7037.74		0.93964		0.93984		0.88372		0.88947		0.87565		0.88251		0.76752
694		7039.58		0.94012		0.94063		0.88372		0.88947		0.87565		0.88251		0.76752
695		7041.38		0.94202		0.94444		0.88372		0.89362		0.87047		0.88189		0.76768
696		7042.92		0.94279		0.94375		0.88114		0.88889		0.87047		0.87958		0.76242
697		7044.26		0.94366		0.94492		0.8863		0.8984		0.87047		0.88421		0.77296
698		7045.47		0.94406		0.94585		0.8863		0.8984		0.87047		0.88421		0.77296
699		7046.69		0.9433		0.94568		0.8863		0.9071		0.8601		0.88298		0.77361
700		7047.9		0.94138		0.94427		0.88372		0.91111		0.84974		0.87936		0.76914
701		7049.16		0.9404		0.94447		0.89406		0.91304		0.87047		0.89125		0.78894
702		7050.93		0.9412		0.94456		0.88372		0.88144		0.88601		0.88372		0.76745
703		7052.35		0.94069		0.94296		0.8863		0.87817		0.89637		0.88718		0.77279
704		7053.53		0.94154		0.94394		0.87855		0.87629		0.88083		0.87855		0.75712
705		7054.8		0.94151		0.94186		0.88114		0.88889		0.87047		0.87958		0.76242
706		7055.98		0.94194		0.94138		0.88372		0.89362		0.87047		0.88189		0.76768
707		7057.17		0.94207		0.94092		0.88372		0.89785		0.86528		0.88127		0.76792
708		7058.37		0.94231		0.94089		0.88372		0.89785		0.86528		0.88127		0.76792
709		7060.01		0.94246		0.94091		0.8863		0.89005		0.88083		0.88542		0.77264
710		7061.87		0.94164		0.94103		0.88114		0.88482		0.87565		0.88021		0.76231
711		7063.67		0.94147		0.9408		0.88372		0.88947		0.87565		0.88251		0.76752
712		7064.97		0.9412		0.94108		0.88372		0.89785		0.86528		0.88127		0.76792
713		7066.41		0.94079		0.9401		0.8863		0.9027		0.86528		0.8836		0.77325
714		7067.87		0.94068		0.9411		0.88889		0.90761		0.86528		0.88594		0.77859
715		7069.51		0.94043		0.94155		0.88889		0.89894		0.87565		0.88714		0.77802
716		7071.11		0.9406		0.94175		0.88372		0.88947		0.87565		0.88251		0.76752
717		7072.81		0.9404		0.94239		0.87339		0.87113		0.87565		0.87339		0.74678
718		7074.51		0.94001		0.94253		0.8708		0.87047		0.87047		0.87047		0.7416
719		7076.26		0.93897		0.94184		0.88372		0.89362		0.87047		0.88189		0.76768
720		7077.44		0.93813		0.94076		0.88114		0.89305		0.86528		0.87895		0.76262
721		7078.59		0.93812		0.94046		0.87597		0.8877		0.8601		0.87368		0.75228
722		7079.81		0.9381		0.93972		0.87339		0.8871		0.85492		0.87071		0.74723
723		7080.98		0.93904		0.94081		0.87597		0.8877		0.8601		0.87368		0.75228
724		7082.12		0.94037		0.94166		0.87855		0.89674		0.85492		0.87533		0.7579
725		7083.28		0.9415		0.94208		0.88114		0.89305		0.86528		0.87895		0.76262
726		7085.25		0.94243		0.94257		0.88114		0.89305		0.86528		0.87895		0.76262
727		7086.41		0.94279		0.94266		0.88114		0.89305		0.86528		0.87895		0.76262
728		7087.6		0.94355		0.94347		0.88114		0.89305		0.86528		0.87895		0.76262
729		7088.87		0.94333		0.94326		0.88114		0.89305		0.86528		0.87895		0.76262
730		7090.13		0.94212		0.94421		0.8863		0.89005		0.88083		0.88542		0.77264
731		7091.48		0.94155		0.94414		0.88889		0.89474		0.88083		0.88773		0.77786
732		7092.7		0.94055		0.94234		0.88889		0.89062		0.88601		0.88831		0.77778
733		7094.43		0.94005		0.94234		0.88372		0.88947		0.87565		0.88251		0.76752
734		7095.85		0.94024		0.94234		0.87597		0.8877		0.8601		0.87368		0.75228
735		7097.89		0.93923		0.94113		0.87339		0.8871		0.85492		0.87071		0.74723
736		7099.06		0.93913		0.94106		0.8708		0.88649		0.84974		0.86772		0.74221
737		7100.19		0.93863		0.94027		0.87339		0.8871		0.85492		0.87071		0.74723
738		7101.31		0.93852		0.94059		0.86563		0.87302		0.85492		0.86387		0.73141
739		7102.42		0.93838		0.94004		0.86822		0.87766		0.85492		0.86614		0.73666
740		7103.72		0.93916		0.94029		0.87339		0.8913		0.84974		0.87003		0.74755
741		7104.89		0.93924		0.9404		0.87597		0.89189		0.85492		0.87302		0.75255
742		7106.06		0.94115		0.94245		0.87339		0.8871		0.85492		0.87071		0.74723
743		7107.55		0.94218		0.94397		0.87855		0.8883		0.86528		0.87664		0.75734
744		7109.18		0.9429		0.94475		0.87597		0.87958		0.87047		0.875		0.75197
745		7110.98		0.9427		0.94413		0.88114		0.88083		0.88083		0.88083		0.76227
746		7112.68		0.94243		0.94431		0.88372		0.89362		0.87047		0.88189		0.76768
747		7113.96		0.94143		0.94458		0.88114		0.89305		0.86528		0.87895		0.76262
748		7115.13		0.94029		0.94333		0.87855		0.88421		0.87047		0.87728		0.75719
749		7116.4		0.93976		0.94272		0.88114		0.88482		0.87565		0.88021		0.76231
750		7117.87		0.93859		0.94072		0.87855		0.8883		0.86528		0.87664		0.75734
751		7119.39		0.93928		0.94151		0.87855		0.89674		0.85492		0.87533		0.7579
752		7120.78		0.93879		0.94115		0.88114		0.90164		0.85492		0.87766		0.76326
753		7122.49		0.93947		0.94202		0.87339		0.8871		0.85492		0.87071		0.74723
754		7124.33		0.93875		0.94046		0.87339		0.87895		0.86528		0.87206		0.74685
755		7126.17		0.93825		0.94058		0.87339		0.87895		0.86528		0.87206		0.74685
756		7127.43		0.93814		0.94055		0.8708		0.87435		0.86528		0.86979		0.74163
757		7128.65		0.93774		0.9401		0.87339		0.875		0.87047		0.87273		0.74677
758		7129.9		0.93748		0.94141		0.87597		0.87958		0.87047		0.875		0.75197
759		7131.12		0.9363		0.93963		0.8708		0.87831		0.8601		0.86911		0.74175
760		7132.31		0.93522		0.93792		0.8708		0.87831		0.8601		0.86911		0.74175
761		7133.54		0.93513		0.93565		0.86822		0.87766		0.85492		0.86614		0.73666
762		7134.97		0.9351		0.93479		0.86822		0.88172		0.84974		0.86544		0.73689
763		7136.22		0.93669		0.93659		0.87597		0.8836		0.86528		0.87435		0.75208
764		7137.94		0.9381		0.93788		0.88114		0.89305		0.86528		0.87895		0.76262
765		7139.58		0.93927		0.93935		0.87855		0.8883		0.86528		0.87664		0.75734
766		7140.86		0.93928		0.94002		0.88372		0.89362		0.87047		0.88189		0.76768
767		7142.2		0.93923		0.94047		0.88114		0.88083		0.88083		0.88083		0.76227
768		7143.39		0.93913		0.94019		0.87597		0.87179		0.88083		0.87629		0.75198
769		7144.88		0.93955		0.93917		0.87855		0.8883		0.86528		0.87664		0.75734
770		7146.49		0.93911		0.93805		0.8708		0.88649		0.84974		0.86772		0.74221
771		7148.63		0.93809		0.93671		0.86563		0.87302		0.85492		0.86387		0.73141
772		7150.46		0.93698		0.93485		0.86563		0.85787		0.87565		0.86667		0.73143
773		7151.8		0.93848		0.93746		0.8708		0.86294		0.88083		0.87179		0.74177
774		7153.31		0.93968		0.93994		0.87339		0.88298		0.8601		0.87139		0.747
775		7155.15		0.93951		0.93993		0.87339		0.8871		0.85492		0.87071		0.74723
776		7157.15		0.93867		0.93972		0.88114		0.88889		0.87047		0.87958		0.76242
777		7158.84		0.93764		0.9385		0.87597		0.86432		0.89119		0.87755		0.75232
778		7160.44		0.93754		0.93782		0.87855		0.88021		0.87565		0.87792		0.75711
779		7162.21		0.93705		0.93676		0.87855		0.8883		0.86528		0.87664		0.75734
780		7164.42		0.9385		0.93866		0.87855		0.87629		0.88083		0.87855		0.75712
781		7166.18		0.93877		0.93933		0.8863		0.87065		0.90674		0.88832		0.77329
782		7167.57		0.93863		0.94007		0.89147		0.89119		0.89119		0.89119		0.78294
783		7168.84		0.93908		0.94092		0.88114		0.88889		0.87047		0.87958		0.76242
784		7170.08		0.93875		0.94172		0.88114		0.88889		0.87047		0.87958		0.76242
785		7171.35		0.93781		0.93951		0.88372		0.88542		0.88083		0.88312		0.76745
786		7172.75		0.93688		0.93835		0.8863		0.88205		0.89119		0.8866		0.77266
787		7173.88		0.93611		0.93725		0.87855		0.88021		0.87565		0.87792		0.75711
788		7175.34		0.93514		0.93754		0.8708		0.87831		0.8601		0.86911		0.74175
789		7177.19		0.93453		0.93668		0.86305		0.88043		0.83938		0.85942		0.72685
790		7178.44		0.93435		0.93733		0.86047		0.87568		0.83938		0.85714		0.72152
791		7179.88		0.93515		0.93792		0.85788		0.85938		0.85492		0.85714		0.71577
792		7181.6		0.93571		0.93858		0.86822		0.85859		0.88083		0.86957		0.7367
793		7183.55		0.93765		0.93964		0.86305		0.86458		0.8601		0.86234		0.7261
794		7184.78		0.93933		0.94054		0.87855		0.89247		0.8601		0.87599		0.75758
795		7185.98		0.93989		0.94072		0.88372		0.89362		0.87047		0.88189		0.76768
796		7187.79		0.94016		0.94067		0.8863		0.89005		0.88083		0.88542		0.77264
797		7189.65		0.94041		0.93992		0.87855		0.88021		0.87565		0.87792		0.75711
798		7191.21		0.94001		0.9387		0.87339		0.875		0.87047		0.87273		0.74677
799		7192.74		0.93976		0.93925		0.87339		0.875		0.87047		0.87273		0.74677
800		7193.93		0.93968		0.94005		0.88114		0.88889		0.87047		0.87958		0.76242
801		7195.37		0.93951		0.94053		0.88372		0.88947		0.87565		0.88251		0.76752
802		7196.48		0.93837		0.94079		0.88889		0.89062		0.88601		0.88831		0.77778
803		7197.73		0.93853		0.94199		0.88372		0.87755		0.89119		0.88432		0.76754
804		7199.03		0.93826		0.94105		0.87855		0.88421		0.87047		0.87728		0.75719
805		7200.65		0.93716		0.93866		0.8863		0.8984		0.87047		0.88421		0.77296
806		7202.03		0.93689		0.93825		0.88114		0.8973		0.8601		0.87831		0.7629
807		7203.74		0.93583		0.93707		0.8708		0.88235		0.85492		0.86842		0.74194
808		7205.25		0.93489		0.93534		0.86822		0.87766		0.85492		0.86614		0.73666
809		7206.42		0.93408		0.93557		0.86305		0.87634		0.84456		0.86016		0.72655
810		7207.72		0.9343		0.93604		0.86563		0.88108		0.84456		0.86243		0.73186
811		7208.89		0.93395		0.9361		0.8708		0.88649		0.84974		0.86772		0.74221
812		7210.08		0.93514		0.93791		0.87597		0.8877		0.8601		0.87368		0.75228
813		7211.23		0.93597		0.93794		0.87339		0.87113		0.87565		0.87339		0.74678
814		7212.75		0.93708		0.93972		0.88372		0.87755		0.89119		0.88432		0.76754
815		7214.53		0.9385		0.9412		0.87855		0.88021		0.87565		0.87792		0.75711
816		7215.97		0.93983		0.94226		0.87855		0.89674		0.85492		0.87533		0.7579
817		7218.29		0.94023		0.943		0.87597		0.89189		0.85492		0.87302		0.75255
818		7219.68		0.93761		0.9394		0.86822		0.86224		0.87565		0.86889		0.73653
819		7221.25		0.93566		0.93768		0.86305		0.85		0.88083		0.86514		0.7266
820		7223.06		0.93486		0.93676		0.87597		0.9096		0.8342		0.87027		0.75447
821		7224.46		0.93563		0.93637		0.87339		0.87113		0.87565		0.87339		0.74678
822		7225.8		0.9323		0.93311		0.87855		0.865		0.89637		0.88041		0.75762
823		7227.03		0.93431		0.93721		0.8708		0.9441		0.78756		0.85876		0.75185
824		7228.19		0.90125		0.90384		0.77003		0.69697		0.95337		0.80525		0.58092
825		7229.32		0.91209		0.922		0.82171		0.94928		0.67876		0.79154		0.67086
826		7230.51		0.90651		0.91762		0.63049		0.57764		0.96373		0.72233		0.35136
827		7231.66		0.89095		0.90531		0.7261		0.93939		0.48187		0.63699		0.51675
828		7233.32		0.88703		0.89954		0.79587		0.85185		0.71503		0.77746		0.59931
829		7235.44		0.89202		0.90356		0.78036		0.72314		0.90674		0.8046		0.57988
830		7237.14		0.89551		0.90295		0.75711		0.68966		0.93264		0.79295		0.54964
831		7238.51		0.88612		0.88593		0.83204		0.83684		0.82383		0.83029		0.66415
832		7240.02		0.87346		0.86523		0.70801		0.91667		0.45596		0.609		0.48012
833		7241.34		0.88021		0.86966		0.73643		0.90265		0.5285		0.66667		0.51882
834		7242.69		0.89635		0.88447		0.83204		0.8299		0.8342		0.83204		0.66409
835		7243.89		0.90374		0.89131		0.7907		0.72764		0.92746		0.81549		0.60478
836		7245.6		0.90401		0.89126		0.77261		0.70428		0.93782		0.80444		0.57808
837		7247.44		0.89883		0.88968		0.80362		0.75325		0.90155		0.82075		0.61948
838		7248.89		0.8897		0.88348		0.80362		0.80952		0.79275		0.80105		0.60734
839		7250.19		0.88238		0.87829		0.79587		0.87013		0.6943		0.77233		0.60392
840		7251.55		0.87677		0.87419		0.77261		0.88889		0.62176		0.73171		0.57117
841		7253.31		0.87602		0.87387		0.77261		0.88889		0.62176		0.73171		0.57117
842		7254.79		0.87821		0.8774		0.79587		0.87013		0.6943		0.77233		0.60392
843		7256.53		0.88067		0.88066		0.80879		0.8324		0.77202		0.80108		0.61912
844		7257.89		0.88395		0.8851		0.79587		0.77404		0.8342		0.80299		0.5936
845		7259.57		0.88759		0.89053		0.80103		0.76126		0.87565		0.81446		0.60909
846		7260.92		0.88911		0.89385		0.79328		0.75566		0.86528		0.80676		0.59295
847		7262.41		0.89133		0.89803		0.79845		0.76744		0.85492		0.80882		0.60091
848		7263.93		0.89239		0.89912		0.81912		0.80296		0.84456		0.82323		0.63914
849		7265.3		0.8944		0.90104		0.82171		0.82632		0.81347		0.81984		0.64347
850		7266.78		0.89736		0.90331		0.82171		0.84831		0.78238		0.81402		0.64528
851		7268.48		0.90102		0.90607		0.83204		0.87209		0.7772		0.82192		0.66793
852		7270.28		0.90473		0.9098		0.83463		0.87283		0.78238		0.82514		0.67277
853		7271.64		0.90775		0.91193		0.83204		0.85165		0.80311		0.82667		0.66511
854		7273.16		0.91069		0.91286		0.83463		0.84127		0.82383		0.83246		0.66937
855		7274.56		0.91333		0.91466		0.83721		0.83505		0.83938		0.83721		0.67443
856		7276.16		0.91451		0.91598		0.84755		0.84184		0.85492		0.84833		0.69518
857		7277.71		0.91608		0.91801		0.84496		0.84456		0.84456		0.84456		0.68992
858		7279.0		0.91737		0.91976		0.85271		0.86957		0.82902		0.84881		0.70615
859		7280.15		0.91902		0.92194		0.8553		0.87432		0.82902		0.85106		0.7115
860		7281.25		0.92065		0.92395		0.86047		0.88827		0.82383		0.85484		0.72277
861		7282.56		0.923		0.92711		0.85271		0.88202		0.81347		0.84636		0.7075
862		7283.84		0.92375		0.9278		0.85013		0.87293		0.81865		0.84492		0.70156
863		7285.1		0.92575		0.93016		0.85013		0.86486		0.82902		0.84656		0.70082
864		7286.38		0.92711		0.93154		0.85271		0.8617		0.83938		0.85039		0.70564
865		7288.5		0.92941		0.93388		0.8553		0.85864		0.84974		0.85417		0.71062
866		7290.02		0.93181		0.93624		0.86563		0.88525		0.83938		0.8617		0.73221
867		7291.47		0.93318		0.93751		0.86822		0.89011		0.83938		0.864		0.73759
868		7292.97		0.93328		0.93718		0.86305		0.88043		0.83938		0.85942		0.72685
869		7294.71		0.93304		0.93676		0.86305		0.86842		0.85492		0.86162		0.72617
870		7296.29		0.93272		0.93619		0.86822		0.87368		0.8601		0.86684		0.73651
871		7298.24		0.93344		0.93612		0.8708		0.87831		0.8601		0.86911		0.74175
872		7299.4		0.93427		0.93629		0.86822		0.87766		0.85492		0.86614		0.73666
873		7301.34		0.93443		0.9357		0.8708		0.88235		0.85492		0.86842		0.74194
874		7302.49		0.93491		0.93561		0.87339		0.8871		0.85492		0.87071		0.74723
875		7303.81		0.93529		0.93581		0.8708		0.88649		0.84974		0.86772		0.74221
876		7304.97		0.93601		0.93642		0.87597		0.8877		0.8601		0.87368		0.75228
877		7306.1		0.93553		0.93617		0.8708		0.87435		0.86528		0.86979		0.74163
878		7307.23		0.93489		0.93619		0.88114		0.87692		0.88601		0.88144		0.76232
879		7308.35		0.93449		0.93598		0.87339		0.87113		0.87565		0.87339		0.74678
880		7309.67		0.93366		0.93512		0.87855		0.86869		0.89119		0.8798		0.75737
881		7311.35		0.9336		0.93454		0.87597		0.87958		0.87047		0.875		0.75197
882		7313.32		0.93363		0.93396		0.88372		0.89362		0.87047		0.88189		0.76768
883		7315.08		0.9335		0.93333		0.87339		0.875		0.87047		0.87273		0.74677
884		7318.64		0.93286		0.9328		0.86822		0.86979		0.86528		0.86753		0.73644
885		7323.44		0.9328		0.93276		0.86563		0.86911		0.8601		0.86458		0.7313
886		7327.74		0.9336		0.93355		0.87597		0.8877		0.8601		0.87368		0.75228
887		7331.18		0.93384		0.93399		0.88114		0.8973		0.8601		0.87831		0.7629
888		7332.62		0.9343		0.93433		0.88114		0.88889		0.87047		0.87958		0.76242
889		7334.19		0.93495		0.93514		0.88114		0.8731		0.89119		0.88205		0.76245
890		7335.93		0.93543		0.93569		0.87855		0.86869		0.89119		0.8798		0.75737
891		7337.46		0.93627		0.93622		0.88114		0.88083		0.88083		0.88083		0.76227
892		7338.88		0.93692		0.93677		0.87855		0.88421		0.87047		0.87728		0.75719
893		7340.4		0.93758		0.93719		0.87339		0.88298		0.8601		0.87139		0.747
894		7341.77		0.93766		0.93705		0.86822		0.86979		0.86528		0.86753		0.73644
895		7343.07		0.93752		0.93734		0.8708		0.86667		0.87565		0.87113		0.74165
896		7344.59		0.93724		0.93673		0.87597		0.87179		0.88083		0.87629		0.75198
897		7345.96		0.93684		0.93692		0.87339		0.88298		0.8601		0.87139		0.747
898		7347.53		0.93657		0.93674		0.8708		0.87831		0.8601		0.86911		0.74175
899		7348.82		0.93625		0.93622		0.8708		0.87435		0.86528		0.86979		0.74163
900		7350.19		0.93641		0.93722		0.88372		0.87374		0.89637		0.88491		0.76771
901		7351.63		0.93623		0.93683		0.88114		0.86935		0.89637		0.88265		0.76266
902		7353.12		0.93607		0.93623		0.87855		0.87245		0.88601		0.87918		0.75721
903		7354.45		0.93607		0.93653		0.8708		0.87047		0.87047		0.87047		0.7416
904		7355.74		0.9366		0.93732		0.87339		0.875		0.87047		0.87273		0.74677
905		7357.21		0.93708		0.93728		0.87855		0.87629		0.88083		0.87855		0.75712
906		7358.89		0.93717		0.93766		0.87855		0.87245		0.88601		0.87918		0.75721
907		7360.31		0.93761		0.93817		0.88114		0.8731		0.89119		0.88205		0.76245
908		7361.55		0.93774		0.93839		0.88114		0.87692		0.88601		0.88144		0.76232
909		7362.76		0.93809		0.93908		0.87597		0.87565		0.87565		0.87565		0.75194
910		7363.92		0.93785		0.93896		0.87597		0.87958		0.87047		0.875		0.75197
911		7365.25		0.93794		0.93883		0.87597		0.87958		0.87047		0.875		0.75197
912		7366.42		0.93808		0.93927		0.87855		0.88421		0.87047		0.87728		0.75719
913		7367.61		0.9386		0.93975		0.87855		0.88421		0.87047		0.87728		0.75719
914		7369.4		0.93873		0.93982		0.88372		0.87755		0.89119		0.88432		0.76754
915		7370.88		0.93871		0.94015		0.88114		0.8731		0.89119		0.88205		0.76245
916		7372.11		0.93876		0.94015		0.88114		0.8731		0.89119		0.88205		0.76245
917		7373.31		0.93871		0.94022		0.88114		0.87692		0.88601		0.88144		0.76232
918		7374.47		0.93879		0.93998		0.88114		0.88083		0.88083		0.88083		0.76227
919		7375.61		0.93863		0.93972		0.88372		0.88947		0.87565		0.88251		0.76752
920		7376.93		0.93863		0.93985		0.87855		0.8883		0.86528		0.87664		0.75734
921		7378.25		0.93848		0.94025		0.87597		0.8836		0.86528		0.87435		0.75208
922		7379.63		0.93817		0.93711		0.87855		0.88421		0.87047		0.87728		0.75719
923		7381.45		0.93809		0.93701		0.87339		0.875		0.87047		0.87273		0.74677
924		7382.87		0.93805		0.93705		0.87339		0.875		0.87047		0.87273		0.74677
925		7384.13		0.93801		0.93703		0.87597		0.87565		0.87565		0.87565		0.75194
926		7385.47		0.93798		0.93683		0.87855		0.88021		0.87565		0.87792		0.75711
927		7386.99		0.93794		0.93676		0.87855		0.88021		0.87565		0.87792		0.75711
928		7389.2		0.93797		0.9366		0.87855		0.88421		0.87047		0.87728		0.75719
929		7390.8		0.93828		0.93678		0.87855		0.88421		0.87047		0.87728		0.75719
930		7391.92		0.93836		0.93675		0.87855		0.88421		0.87047		0.87728		0.75719
931		7393.93		0.93881		0.93745		0.88114		0.88482		0.87565		0.88021		0.76231
932		7395.19		0.93919		0.9378		0.8863		0.88601		0.88601		0.88601		0.77261
933		7396.44		0.9396		0.93833		0.88889		0.8866		0.89119		0.88889		0.77779
934		7397.62		0.93967		0.93867		0.88889		0.8866		0.89119		0.88889		0.77779
935		7398.79		0.93988		0.93879		0.88889		0.89062		0.88601		0.88831		0.77778
936		7400.1		0.9396		0.93848		0.88889		0.89474		0.88083		0.88773		0.77786
937		7401.47		0.93961		0.93845		0.88114		0.89305		0.86528		0.87895		0.76262
938		7402.96		0.93912		0.93785		0.88372		0.89785		0.86528		0.88127		0.76792
939		7405.36		0.9388		0.93771		0.88114		0.8973		0.8601		0.87831		0.7629
940		7407.05		0.93864		0.9377		0.87855		0.89247		0.8601		0.87599		0.75758
941		7408.38		0.93869		0.93821		0.8708		0.87831		0.8601		0.86911		0.74175
942		7409.54		0.93861		0.93824		0.87339		0.87895		0.86528		0.87206		0.74685
943		7410.74		0.93838		0.938		0.87855		0.88021		0.87565		0.87792		0.75711
944		7411.89		0.93826		0.938		0.87597		0.87565		0.87565		0.87565		0.75194
945		7413.37		0.93822		0.93786		0.87855		0.88021		0.87565		0.87792		0.75711
946		7414.55		0.93838		0.93814		0.87855		0.88021		0.87565		0.87792		0.75711
947		7416.21		0.93846		0.93799		0.88114		0.88482		0.87565		0.88021		0.76231
948		7418.03		0.93871		0.93804		0.87597		0.8836		0.86528		0.87435		0.75208
949		7419.98		0.93877		0.93792		0.88114		0.89305		0.86528		0.87895		0.76262
950		7421.57		0.93888		0.93796		0.88114		0.89305		0.86528		0.87895		0.76262
951		7423.38		0.93876		0.93787		0.8863		0.9027		0.86528		0.8836		0.77325
952		7424.73		0.93904		0.9382		0.88372		0.89785		0.86528		0.88127		0.76792
953		7426.16		0.93947		0.93868		0.88372		0.89362		0.87047		0.88189		0.76768
954		7427.59		0.93953		0.93889		0.8863		0.89005		0.88083		0.88542		0.77264
955		7428.74		0.93947		0.93905		0.8863		0.89005		0.88083		0.88542		0.77264
956		7430.12		0.93935		0.93888		0.8863		0.89005		0.88083		0.88542		0.77264
957		7431.51		0.93949		0.93896		0.88372		0.88542		0.88083		0.88312		0.76745
958		7433.42		0.93933		0.93872		0.88114		0.87692		0.88601		0.88144		0.76232
959		7434.72		0.93947		0.93887		0.88114		0.87692		0.88601		0.88144		0.76232
960		7435.9		0.93924		0.9382		0.87855		0.88021		0.87565		0.87792		0.75711
961		7437.06		0.93891		0.93817		0.87855		0.88021		0.87565		0.87792		0.75711
962		7438.2		0.93872		0.9381		0.87597		0.87565		0.87565		0.87565		0.75194
963		7439.45		0.93861		0.93807		0.87597		0.87565		0.87565		0.87565		0.75194
964		7440.74		0.93865		0.93809		0.87597		0.87565		0.87565		0.87565		0.75194
965		7442.65		0.93863		0.93813		0.87855		0.87629		0.88083		0.87855		0.75712
966		7444.52		0.93846		0.93841		0.87597		0.87179		0.88083		0.87629		0.75198
967		7446.17		0.93899		0.93881		0.87597		0.87565		0.87565		0.87565		0.75194
968		7447.82		0.93911		0.93858		0.87855		0.88421		0.87047		0.87728		0.75719
969		7449.2		0.93909		0.93852		0.87597		0.8836		0.86528		0.87435		0.75208
970		7450.96		0.93904		0.93859		0.87339		0.88298		0.8601		0.87139		0.747
971		7452.47		0.93897		0.93852		0.87597		0.8877		0.8601		0.87368		0.75228
972		7453.87		0.93912		0.93871		0.87597		0.8877		0.8601		0.87368		0.75228
973		7455.05		0.93919		0.93881		0.87339		0.88298		0.8601		0.87139		0.747
974		7456.4		0.93904		0.9389		0.87597		0.8836		0.86528		0.87435		0.75208
975		7457.91		0.93893		0.93907		0.87855		0.88421		0.87047		0.87728		0.75719
976		7459.69		0.93872		0.93885		0.88114		0.88482		0.87565		0.88021		0.76231
977		7461.21		0.93907		0.93917		0.88114		0.88482		0.87565		0.88021		0.76231
978		7462.36		0.93891		0.93903		0.88372		0.88542		0.88083		0.88312		0.76745
979		7463.51		0.93876		0.93882		0.88372		0.88144		0.88601		0.88372		0.76745
980		7464.74		0.93868		0.93865		0.87855		0.88021		0.87565		0.87792		0.75711
981		7466.13		0.93869		0.93856		0.87855		0.88421		0.87047		0.87728		0.75719
982		7467.87		0.93872		0.9386		0.87855		0.88421		0.87047		0.87728		0.75719
983		7469.32		0.93873		0.93859		0.88372		0.89362		0.87047		0.88189		0.76768
984		7471.0		0.93872		0.93842		0.88372		0.89362		0.87047		0.88189		0.76768
985		7472.57		0.93867		0.93828		0.88372		0.89362		0.87047		0.88189		0.76768
986		7473.94		0.93863		0.93789		0.88372		0.89362		0.87047		0.88189		0.76768
987		7475.52		0.93853		0.93781		0.88372		0.89362		0.87047		0.88189		0.76768
988		7476.81		0.93867		0.93784		0.87597		0.8836		0.86528		0.87435		0.75208
989		7478.1		0.93841		0.93762		0.87339		0.88298		0.8601		0.87139		0.747
990		7479.57		0.9386		0.93793		0.87339		0.88298		0.8601		0.87139		0.747
991		7481.18		0.93859		0.9377		0.87339		0.88298		0.8601		0.87139		0.747
992		7482.51		0.93853		0.93768		0.87339		0.88298		0.8601		0.87139		0.747
993		7483.8		0.93841		0.9375		0.87597		0.8877		0.8601		0.87368		0.75228
994		7485.33		0.93842		0.93757		0.87855		0.89247		0.8601		0.87599		0.75758
995		7486.68		0.93837		0.93757		0.87855		0.89247		0.8601		0.87599		0.75758
996		7488.21		0.93863		0.93772		0.87855		0.89247		0.8601		0.87599		0.75758
997		7489.5		0.93854		0.93757		0.87855		0.89247		0.8601		0.87599		0.75758
998		7491.28		0.9386		0.9377		0.87855		0.89247		0.8601		0.87599		0.75758
999		7492.7		0.93861		0.93777		0.87855		0.89247		0.8601		0.87599		0.75758
1000		7494.16		0.93872		0.93776		0.88372		0.88947		0.87565		0.88251		0.76752
fold: 5
Epoch		Time		AUC		AUPR		Accuracy		Precision		Recall		F1-score		Mcc
1		7497.28		0.80399		0.79628		0.69509		0.82609		0.49223		0.61688		0.42574
AUC improved at epoch  1 ;	best_auc: 0.8039901714651995
2		7499.14		0.80036		0.79556		0.70543		0.84348		0.50259		0.62987		0.44836
3		7500.34		0.79884		0.79627		0.71576		0.76433		0.62176		0.68571		0.43892
4		7501.51		0.79464		0.7919		0.72351		0.74432		0.67876		0.71003		0.44863
5		7502.79		0.79357		0.78752		0.71835		0.71649		0.72021		0.71835		0.4367
6		7503.97		0.79478		0.78821		0.72351		0.72872		0.70984		0.71916		0.44714
7		7505.12		0.79029		0.78485		0.71576		0.73446		0.67358		0.7027		0.43288
8		7506.28		0.78746		0.77667		0.71576		0.69856		0.75648		0.72637		0.43312
9		7508.23		0.78724		0.77141		0.71318		0.70098		0.74093		0.7204		0.42713
10		7509.53		0.78973		0.7747		0.71059		0.70352		0.72539		0.71429		0.42143
11		7510.77		0.79769		0.7818		0.71835		0.69266		0.78238		0.73479		0.44057
12		7512.02		0.80284		0.78467		0.71576		0.69668		0.76166		0.72772		0.43354
13		7513.19		0.8089		0.79287		0.72093		0.74566		0.66839		0.70492		0.44409
AUC improved at epoch  13 ;	best_auc: 0.8089044388654453
14		7514.63		0.81144		0.79165		0.7416		0.70667		0.82383		0.76077		0.49016
AUC improved at epoch  14 ;	best_auc: 0.8114416964905722
15		7516.13		0.80663		0.78646		0.72868		0.68333		0.84974		0.75751		0.47181
16		7517.42		0.80623		0.78836		0.72351		0.71287		0.74611		0.72911		0.44758
17		7518.81		0.80594		0.78666		0.72093		0.70335		0.76166		0.73134		0.44349
18		7520.62		0.80965		0.79127		0.7261		0.68996		0.81865		0.74882		0.46049
19		7522.28		0.81179		0.79634		0.73127		0.69778		0.81347		0.7512		0.46921
AUC improved at epoch  19 ;	best_auc: 0.8117889001655894
20		7524.26		0.81347		0.79732		0.73127		0.72139		0.7513		0.73604		0.46298
AUC improved at epoch  20 ;	best_auc: 0.8134715025906735
21		7525.5		0.81542		0.80094		0.7416		0.71233		0.80829		0.75728		0.4878
AUC improved at epoch  21 ;	best_auc: 0.8154211847657711
22		7526.89		0.81665		0.80169		0.74419		0.69748		0.8601		0.7703		0.50243
AUC improved at epoch  22 ;	best_auc: 0.8166497516158324
23		7528.51		0.81761		0.8027		0.74419		0.7156		0.80829		0.75912		0.49267
AUC improved at epoch  23 ;	best_auc: 0.8176112387158805
24		7530.07		0.81849		0.80436		0.73127		0.71707		0.76166		0.73869		0.46351
AUC improved at epoch  24 ;	best_auc: 0.8184926018909247
25		7531.67		0.81815		0.80356		0.73902		0.70721		0.81347		0.75663		0.48369
26		7532.9		0.81887		0.80411		0.73643		0.69038		0.85492		0.76389		0.48714
AUC improved at epoch  26 ;	best_auc: 0.8188665135409433
27		7534.7		0.82004		0.80527		0.72868		0.70183		0.79275		0.74453		0.46141
AUC improved at epoch  27 ;	best_auc: 0.820041664441002
28		7536.14		0.81999		0.80559		0.73643		0.72414		0.76166		0.74242		0.47357
29		7537.39		0.81951		0.80383		0.72868		0.69643		0.80829		0.7482		0.46357
30		7538.58		0.82004		0.80405		0.73385		0.69397		0.8342		0.75765		0.47777
31		7539.75		0.82325		0.80842		0.74419		0.71963		0.79793		0.75676		0.49141
AUC improved at epoch  31 ;	best_auc: 0.8232466214411623
32		7541.01		0.82431		0.81093		0.73902		0.7233		0.77202		0.74687		0.47921
AUC improved at epoch  32 ;	best_auc: 0.8243149404412158
33		7542.17		0.82677		0.81288		0.73127		0.69778		0.81347		0.7512		0.46921
AUC improved at epoch  33 ;	best_auc: 0.8267720741413387
34		7543.32		0.82902		0.81698		0.7416		0.70667		0.82383		0.76077		0.49016
AUC improved at epoch  34 ;	best_auc: 0.8290155440414507
35		7544.49		0.82918		0.81707		0.7261		0.70616		0.77202		0.73762		0.45429
AUC improved at epoch  35 ;	best_auc: 0.8291757918914588
36		7546.81		0.83134		0.81975		0.73643		0.71362		0.78756		0.74877		0.47555
AUC improved at epoch  36 ;	best_auc: 0.8313391378665669
37		7548.35		0.83265		0.82017		0.7416		0.7013		0.83938		0.76415		0.49305
AUC improved at epoch  37 ;	best_auc: 0.8326478286416323
38		7549.93		0.83454		0.82346		0.7416		0.71041		0.81347		0.75845		0.48853
AUC improved at epoch  38 ;	best_auc: 0.8345440948667271
39		7551.09		0.83615		0.82683		0.74419		0.7398		0.7513		0.7455		0.48845
AUC improved at epoch  39 ;	best_auc: 0.8361465733668072
40		7553.12		0.83871		0.82845		0.75452		0.72273		0.82383		0.76998		0.51424
AUC improved at epoch  40 ;	best_auc: 0.8387105389669356
41		7554.49		0.84015		0.82904		0.76744		0.72687		0.85492		0.78571		0.54354
AUC improved at epoch  41 ;	best_auc: 0.8401527696170076
42		7555.68		0.84087		0.83137		0.75194		0.75936		0.73575		0.74737		0.50408
AUC improved at epoch  42 ;	best_auc: 0.8408738849420437
43		7556.99		0.84707		0.83704		0.76486		0.72368		0.85492		0.78385		0.53881
AUC improved at epoch  43 ;	best_auc: 0.8470701351423534
44		7558.47		0.84891		0.83926		0.76486		0.73832		0.81865		0.77641		0.53299
AUC improved at epoch  44 ;	best_auc: 0.8489129854174458
45		7560.14		0.84627		0.8372		0.76227		0.7644		0.75648		0.76042		0.52456
46		7561.94		0.84771		0.83849		0.77261		0.7512		0.81347		0.78109		0.54719
47		7563.47		0.85164		0.84351		0.75969		0.72523		0.8342		0.7759		0.52549
AUC improved at epoch  47 ;	best_auc: 0.8516371988675819
48		7565.23		0.84979		0.84394		0.76227		0.75635		0.77202		0.7641		0.52468
49		7566.52		0.84817		0.84328		0.77519		0.76768		0.78756		0.77749		0.5506
50		7567.68		0.85319		0.8446		0.75969		0.70833		0.88083		0.78522		0.5357
AUC improved at epoch  50 ;	best_auc: 0.8531862614176593
51		7568.97		0.85893		0.85213		0.76486		0.75		0.79275		0.77078		0.53064
AUC improved at epoch  51 ;	best_auc: 0.8589284760429465
52		7570.14		0.85989		0.85616		0.76744		0.77249		0.75648		0.7644		0.53497
AUC improved at epoch  52 ;	best_auc: 0.8598899631429945
53		7571.44		0.86149		0.85645		0.77519		0.74091		0.84456		0.78935		0.55598
AUC improved at epoch  53 ;	best_auc: 0.8614924416430746
54		7573.31		0.86005		0.85479		0.77003		0.72807		0.8601		0.7886		0.54932
55		7574.66		0.86061		0.8579		0.77003		0.77083		0.76684		0.76883		0.54005
56		7575.92		0.86753		0.86552		0.78036		0.75714		0.82383		0.78908		0.563
AUC improved at epoch  56 ;	best_auc: 0.8675284439933765
57		7577.92		0.87103		0.87007		0.79328		0.75799		0.8601		0.80583		0.59207
AUC improved at epoch  57 ;	best_auc: 0.8710271887185514
58		7579.51		0.87143		0.87222		0.78036		0.76214		0.81347		0.78697		0.56207
AUC improved at epoch  58 ;	best_auc: 0.8714278083435714
59		7580.8		0.87108		0.87231		0.78295		0.76847		0.80829		0.78788		0.5667
60		7582.03		0.87434		0.87563		0.78811		0.74236		0.88083		0.80569		0.58666
AUC improved at epoch  60 ;	best_auc: 0.874338977618717
61		7583.43		0.87658		0.87953		0.78553		0.76961		0.81347		0.79093		0.57204
AUC improved at epoch  61 ;	best_auc: 0.8765824475188291
62		7585.18		0.87859		0.88203		0.78553		0.78061		0.79275		0.78663		0.57114
AUC improved at epoch  62 ;	best_auc: 0.8785855456439293
63		7586.77		0.88251		0.88488		0.79328		0.75336		0.87047		0.80769		0.5939
AUC improved at epoch  63 ;	best_auc: 0.8825116179691255
64		7587.96		0.88478		0.88701		0.7907		0.76667		0.8342		0.79901		0.58374
AUC improved at epoch  64 ;	best_auc: 0.8847817958442391
65		7589.17		0.88481		0.88985		0.78553		0.78351		0.78756		0.78553		0.57107
AUC improved at epoch  65 ;	best_auc: 0.8848085038192405
66		7590.52		0.88703		0.89197		0.78811		0.75113		0.8601		0.80193		0.58251
AUC improved at epoch  66 ;	best_auc: 0.8870252657443514
67		7591.64		0.88788		0.8897		0.80103		0.79		0.81865		0.80407		0.6025
AUC improved at epoch  67 ;	best_auc: 0.887879920944394
68		7592.8		0.89298		0.89646		0.78811		0.77889		0.80311		0.79082		0.57654
AUC improved at epoch  68 ;	best_auc: 0.892981144169649
69		7594.04		0.89506		0.90386		0.7907		0.76415		0.83938		0.8		0.58432
AUC improved at epoch  69 ;	best_auc: 0.8950643662197533
70		7595.44		0.89408		0.89887		0.79845		0.77778		0.8342		0.805		0.59854
71		7597.1		0.88986		0.89172		0.81395		0.801		0.8342		0.81726		0.62848
72		7599.08		0.90292		0.90957		0.79587		0.75909		0.86528		0.80872		0.59772
AUC improved at epoch  72 ;	best_auc: 0.9029165108701458
73		7600.75		0.90447		0.91183		0.80879		0.82162		0.78756		0.80423		0.61806
AUC improved at epoch  73 ;	best_auc: 0.9044655734202234
74		7602.06		0.90131		0.90564		0.81137		0.78571		0.85492		0.81886		0.62524
75		7603.44		0.89771		0.90116		0.81137		0.79412		0.83938		0.81612		0.6238
76		7604.63		0.90836		0.91612		0.81395		0.79227		0.84974		0.82		0.62962
AUC improved at epoch  76 ;	best_auc: 0.9083649377704183
77		7605.9		0.91141		0.91925		0.81137		0.84091		0.76684		0.80217		0.62507
AUC improved at epoch  77 ;	best_auc: 0.9114096469205705
78		7607.57		0.91197		0.91906		0.81395		0.76419		0.90674		0.82938		0.63923
AUC improved at epoch  78 ;	best_auc: 0.9119705143955985
79		7609.42		0.91085		0.91697		0.82687		0.84239		0.80311		0.82228		0.65441
80		7611.26		0.91544		0.92288		0.81654		0.79327		0.85492		0.82294		0.63506
AUC improved at epoch  80 ;	best_auc: 0.9154425511457721
81		7612.47		0.92049		0.92739		0.81912		0.78082		0.88601		0.8301		0.6442
AUC improved at epoch  81 ;	best_auc: 0.9204903584210244
82		7613.61		0.9237		0.92921		0.83463		0.85635		0.80311		0.82888		0.67049
AUC improved at epoch  82 ;	best_auc: 0.9236953154211847
83		7614.78		0.92193		0.92804		0.82687		0.80882		0.85492		0.83123		0.65485
84		7616.01		0.91974		0.9265		0.82429		0.80193		0.8601		0.83		0.65035
85		7617.59		0.92126		0.92746		0.82171		0.81959		0.82383		0.82171		0.64342
86		7619.26		0.92685		0.93208		0.83204		0.82653		0.83938		0.8329		0.66417
AUC improved at epoch  86 ;	best_auc: 0.9268468564713424
87		7620.46		0.92832		0.93401		0.83979		0.8359		0.84456		0.84021		0.67963
AUC improved at epoch  87 ;	best_auc: 0.9283157950964158
88		7622.52		0.928		0.93394		0.83979		0.85792		0.81347		0.83511		0.68045
89		7623.71		0.92661		0.93259		0.82946		0.78733		0.90155		0.84058		0.66604
90		7624.98		0.9246		0.93049		0.82429		0.87425		0.75648		0.81111		0.65439
91		7626.18		0.93155		0.93801		0.81912		0.78605		0.87565		0.82843		0.64251
AUC improved at epoch  91 ;	best_auc: 0.9315474600715774
92		7627.42		0.93125		0.93777		0.83721		0.81863		0.86528		0.84131		0.67556
93		7628.68		0.93483		0.93967		0.86305		0.88889		0.82902		0.85791		0.72769
AUC improved at epoch  93 ;	best_auc: 0.9348325409967416
94		7629.81		0.93075		0.93787		0.82429		0.79343		0.87565		0.83251		0.65216
95		7630.94		0.92848		0.93624		0.82171		0.78182		0.89119		0.83293		0.64989
96		7632.26		0.93256		0.93929		0.85271		0.85789		0.84456		0.85117		0.7055
97		7633.97		0.93424		0.94055		0.8553		0.85864		0.84974		0.85417		0.71062
98		7635.92		0.93133		0.93807		0.84496		0.83417		0.8601		0.84694		0.69028
99		7637.82		0.93627		0.94178		0.86047		0.85279		0.87047		0.86154		0.7211
AUC improved at epoch  99 ;	best_auc: 0.9362747716468137
100		7639.46		0.93673		0.94204		0.85013		0.84264		0.8601		0.85128		0.70042
AUC improved at epoch  100 ;	best_auc: 0.9367288072218364
101		7640.98		0.93822		0.94355		0.86047		0.84577		0.88083		0.86294		0.72158
AUC improved at epoch  101 ;	best_auc: 0.9382244538219112
102		7642.24		0.94132		0.94606		0.86822		0.85149		0.89119		0.87089		0.73726
AUC improved at epoch  102 ;	best_auc: 0.9413225789220662
103		7643.49		0.9426		0.94674		0.86305		0.85354		0.87565		0.86445		0.72636
AUC improved at epoch  103 ;	best_auc: 0.9426045617221301
104		7644.65		0.94015		0.94472		0.86822		0.86598		0.87047		0.86822		0.73645
105		7645.85		0.94132		0.94642		0.8553		0.82775		0.89637		0.8607		0.7131
106		7647.88		0.94207		0.94712		0.8708		0.90857		0.82383		0.86413		0.74477
107		7649.01		0.9414		0.94625		0.83979		0.79909		0.90674		0.84951		0.68591
108		7650.13		0.94108		0.94509		0.8553		0.8408		0.87565		0.85787		0.71123
109		7651.28		0.94421		0.94757		0.87339		0.8913		0.84974		0.87003		0.74755
AUC improved at epoch  109 ;	best_auc: 0.9442070402222104
110		7652.52		0.94263		0.94755		0.86047		0.83575		0.89637		0.865		0.72287
111		7653.69		0.94498		0.94922		0.87339		0.86735		0.88083		0.87404		0.74687
AUC improved at epoch  111 ;	best_auc: 0.944981571497249
112		7654.82		0.94231		0.9447		0.86563		0.88108		0.84456		0.86243		0.73186
113		7655.97		0.94373		0.94772		0.85788		0.83824		0.88601		0.86146		0.71696
114		7657.6		0.94714		0.95145		0.87855		0.87629		0.88083		0.87855		0.75712
AUC improved at epoch  114 ;	best_auc: 0.9471449174723573
115		7659.17		0.94656		0.95051		0.87339		0.8913		0.84974		0.87003		0.74755
116		7660.42		0.9433		0.94825		0.85788		0.83824		0.88601		0.86146		0.71696
117		7661.54		0.94479		0.94801		0.85788		0.85567		0.8601		0.85788		0.71577
118		7662.76		0.9453		0.94679		0.87339		0.87895		0.86528		0.87206		0.74685
119		7664.08		0.94749		0.94939		0.8708		0.84878		0.90155		0.87437		0.74307
AUC improved at epoch  119 ;	best_auc: 0.9474921211473747
120		7665.31		0.94971		0.95251		0.87597		0.87958		0.87047		0.875		0.75197
AUC improved at epoch  120 ;	best_auc: 0.9497088830724855
121		7666.86		0.94784		0.95164		0.86822		0.87766		0.85492		0.86614		0.73666
122		7668.64		0.94795		0.95178		0.8708		0.86294		0.88083		0.87179		0.74177
123		7671.11		0.95032		0.9528		0.87597		0.87958		0.87047		0.875		0.75197
AUC improved at epoch  123 ;	best_auc: 0.9503231664975161
124		7672.97		0.95027		0.9517		0.87855		0.86869		0.89119		0.8798		0.75737
125		7674.25		0.94942		0.9506		0.87597		0.85714		0.90155		0.87879		0.75298
126		7675.49		0.95008		0.95208		0.88372		0.88947		0.87565		0.88251		0.76752
127		7676.85		0.94984		0.95321		0.8863		0.89005		0.88083		0.88542		0.77264
128		7677.97		0.94845		0.95198		0.8708		0.8593		0.88601		0.87245		0.74198
129		7679.14		0.94909		0.95199		0.88372		0.88947		0.87565		0.88251		0.76752
130		7680.48		0.95251		0.95458		0.89406		0.9		0.88601		0.89295		0.7882
AUC improved at epoch  130 ;	best_auc: 0.9525132204476258
131		7683.04		0.95265		0.95386		0.87597		0.86432		0.89119		0.87755		0.75232
AUC improved at epoch  131 ;	best_auc: 0.9526467603226324
132		7684.18		0.9531		0.95354		0.87855		0.87629		0.88083		0.87855		0.75712
AUC improved at epoch  132 ;	best_auc: 0.953100795897655
133		7685.44		0.95243		0.95277		0.87339		0.875		0.87047		0.87273		0.74677
134		7686.65		0.94998		0.95136		0.8708		0.87047		0.87047		0.87047		0.7416
135		7687.86		0.94958		0.95019		0.8708		0.86667		0.87565		0.87113		0.74165
136		7689.16		0.95094		0.95188		0.88114		0.88482		0.87565		0.88021		0.76231
137		7690.26		0.94888		0.95115		0.86822		0.85149		0.89119		0.87089		0.73726
138		7691.39		0.94792		0.95084		0.88889		0.89894		0.87565		0.88714		0.77802
139		7692.71		0.94752		0.94802		0.87855		0.87629		0.88083		0.87855		0.75712
140		7694.66		0.94996		0.94774		0.8708		0.87047		0.87047		0.87047		0.7416
141		7696.35		0.95099		0.94911		0.87339		0.87895		0.86528		0.87206		0.74685
142		7697.98		0.95157		0.95138		0.86563		0.84729		0.89119		0.86869		0.73228
143		7699.11		0.95241		0.95256		0.87855		0.87245		0.88601		0.87918		0.75721
144		7700.25		0.95402		0.95484		0.89147		0.91257		0.86528		0.8883		0.78396
AUC improved at epoch  144 ;	best_auc: 0.9540222210352012
145		7701.57		0.95342		0.95592		0.87597		0.86802		0.88601		0.87692		0.75211
146		7702.75		0.95096		0.95349		0.87339		0.86		0.89119		0.87532		0.74728
147		7703.9		0.94873		0.95051		0.88889		0.90323		0.87047		0.88654		0.77827
148		7705.7		0.94944		0.95119		0.8863		0.89418		0.87565		0.88482		0.77276
149		7707.87		0.95096		0.95276		0.86822		0.85149		0.89119		0.87089		0.73726
150		7709.42		0.95174		0.95354		0.87855		0.86869		0.89119		0.8798		0.75737
151		7710.6		0.95254		0.95419		0.87855		0.88421		0.87047		0.87728		0.75719
152		7711.69		0.95194		0.95368		0.87597		0.87565		0.87565		0.87565		0.75194
153		7712.87		0.95083		0.95364		0.88114		0.86935		0.89637		0.88265		0.76266
154		7714.12		0.95047		0.95331		0.87339		0.85294		0.90155		0.87657		0.74801
155		7715.24		0.95178		0.95342		0.87855		0.88021		0.87565		0.87792		0.75711
156		7716.38		0.95146		0.9517		0.87855		0.87629		0.88083		0.87855		0.75712
157		7717.73		0.95203		0.95209		0.88114		0.88482		0.87565		0.88021		0.76231
158		7719.57		0.95171		0.95337		0.87855		0.88421		0.87047		0.87728		0.75719
159		7720.69		0.95024		0.9531		0.87339		0.86364		0.88601		0.87468		0.74703
160		7721.83		0.94995		0.95316		0.86563		0.85427		0.88083		0.86735		0.73164
161		7723.11		0.95159		0.95424		0.87855		0.88021		0.87565		0.87792		0.75711
162		7724.93		0.95314		0.95482		0.88372		0.89362		0.87047		0.88189		0.76768
163		7726.39		0.95326		0.95478		0.87855		0.87629		0.88083		0.87855		0.75712
164		7727.72		0.95345		0.95545		0.87339		0.86735		0.88083		0.87404		0.74687
165		7728.93		0.95303		0.95538		0.87339		0.87113		0.87565		0.87339		0.74678
166		7730.41		0.95424		0.95699		0.8863		0.88601		0.88601		0.88601		0.77261
AUC improved at epoch  166 ;	best_auc: 0.9542358848352119
167		7731.97		0.9547		0.95722		0.88372		0.88947		0.87565		0.88251		0.76752
AUC improved at epoch  167 ;	best_auc: 0.9547032743977352
168		7733.71		0.95498		0.95673		0.88889		0.89062		0.88601		0.88831		0.77778
AUC improved at epoch  168 ;	best_auc: 0.9549837081352492
169		7734.95		0.95497		0.95657		0.8863		0.88601		0.88601		0.88601		0.77261
170		7736.21		0.95494		0.95552		0.8863		0.88601		0.88601		0.88601		0.77261
171		7737.74		0.95465		0.95525		0.88889		0.89062		0.88601		0.88831		0.77778
172		7739.69		0.95466		0.95522		0.88114		0.87692		0.88601		0.88144		0.76232
173		7741.78		0.95414		0.95601		0.87597		0.86802		0.88601		0.87692		0.75211
174		7742.96		0.95341		0.95608		0.87597		0.86802		0.88601		0.87692		0.75211
175		7744.15		0.9537		0.95656		0.87855		0.86869		0.89119		0.8798		0.75737
176		7746.07		0.95388		0.95683		0.88114		0.86935		0.89637		0.88265		0.76266
177		7747.44		0.95363		0.95684		0.88114		0.86935		0.89637		0.88265		0.76266
178		7748.7		0.95254		0.95555		0.8863		0.88205		0.89119		0.8866		0.77266
179		7749.84		0.95167		0.95455		0.88372		0.88144		0.88601		0.88372		0.76745
180		7751.32		0.95197		0.95457		0.87855		0.87629		0.88083		0.87855		0.75712
181		7753.2		0.95398		0.95665		0.87855		0.87629		0.88083		0.87855		0.75712
182		7754.64		0.95494		0.95769		0.87855		0.88021		0.87565		0.87792		0.75711
183		7755.77		0.95488		0.9575		0.88372		0.88542		0.88083		0.88312		0.76745
184		7757.1		0.95494		0.95731		0.87855		0.88021		0.87565		0.87792		0.75711
185		7758.64		0.95512		0.95767		0.88114		0.88482		0.87565		0.88021		0.76231
AUC improved at epoch  185 ;	best_auc: 0.9551172480102559
186		7760.45		0.9546		0.95737		0.88114		0.87692		0.88601		0.88144		0.76232
187		7761.62		0.95413		0.95647		0.87597		0.86432		0.89119		0.87755		0.75232
188		7762.77		0.95309		0.95487		0.8863		0.88205		0.89119		0.8866		0.77266
189		7763.97		0.95253		0.95473		0.89664		0.90052		0.89119		0.89583		0.79332
190		7765.08		0.9531		0.9562		0.87855		0.87245		0.88601		0.87918		0.75721
191		7766.26		0.95416		0.95721		0.8708		0.85572		0.89119		0.8731		0.74226
192		7767.69		0.95418		0.95678		0.88114		0.8731		0.89119		0.88205		0.76245
193		7769.41		0.95469		0.95719		0.88372		0.88947		0.87565		0.88251		0.76752
194		7770.96		0.95556		0.95767		0.88372		0.89362		0.87047		0.88189		0.76768
AUC improved at epoch  194 ;	best_auc: 0.955557929597778
195		7772.9		0.95496		0.95736		0.8863		0.88205		0.89119		0.8866		0.77266
196		7774.07		0.95405		0.957		0.88372		0.87374		0.89637		0.88491		0.76771
197		7775.3		0.95247		0.95617		0.87855		0.865		0.89637		0.88041		0.75762
198		7776.77		0.95199		0.95608		0.88114		0.8731		0.89119		0.88205		0.76245
199		7778.56		0.9515		0.95556		0.88889		0.8866		0.89119		0.88889		0.77779
200		7779.7		0.95167		0.9554		0.88372		0.87755		0.89119		0.88432		0.76754
201		7780.97		0.9519		0.95538		0.87855		0.87245		0.88601		0.87918		0.75721
202		7782.11		0.95221		0.95499		0.87339		0.86735		0.88083		0.87404		0.74687
203		7783.39		0.95295		0.95576		0.87855		0.87629		0.88083		0.87855		0.75712
204		7785.06		0.9541		0.95695		0.87855		0.88021		0.87565		0.87792		0.75711
205		7786.47		0.95377		0.95731		0.89147		0.88718		0.89637		0.89175		0.78299
206		7787.78		0.95266		0.95601		0.8708		0.85222		0.89637		0.87374		0.74263
207		7788.98		0.95239		0.95547		0.87855		0.86869		0.89119		0.8798		0.75737
208		7790.14		0.9521		0.95573		0.88889		0.89062		0.88601		0.88831		0.77778
209		7791.29		0.95346		0.95673		0.89406		0.90426		0.88083		0.89239		0.78836
210		7792.67		0.95537		0.95836		0.89406		0.90426		0.88083		0.89239		0.78836
211		7793.86		0.95557		0.95813		0.88114		0.87692		0.88601		0.88144		0.76232
AUC improved at epoch  211 ;	best_auc: 0.9555712835852785
212		7795.14		0.95542		0.95871		0.87597		0.86432		0.89119		0.87755		0.75232
213		7796.73		0.95358		0.95461		0.87339		0.86		0.89119		0.87532		0.74728
214		7799.2		0.95454		0.95798		0.8863		0.88205		0.89119		0.8866		0.77266
215		7801.26		0.95333		0.95578		0.8863		0.88601		0.88601		0.88601		0.77261
216		7802.45		0.95349		0.95629		0.88372		0.88542		0.88083		0.88312		0.76745
217		7803.59		0.95254		0.9558		0.88889		0.89474		0.88083		0.88773		0.77786
218		7804.8		0.95064		0.95397		0.87855		0.88021		0.87565		0.87792		0.75711
219		7806.75		0.9507		0.95465		0.87597		0.86802		0.88601		0.87692		0.75211
220		7808.25		0.95126		0.95483		0.87339		0.86		0.89119		0.87532		0.74728
221		7810.24		0.95211		0.9557		0.87855		0.86869		0.89119		0.8798		0.75737
222		7811.37		0.95218		0.95639		0.88114		0.8731		0.89119		0.88205		0.76245
223		7812.5		0.95229		0.95658		0.88114		0.8731		0.89119		0.88205		0.76245
224		7813.78		0.95237		0.95658		0.8863		0.87817		0.89637		0.88718		0.77279
225		7814.93		0.95251		0.95739		0.8863		0.88601		0.88601		0.88601		0.77261
226		7816.17		0.95314		0.95763		0.89147		0.89529		0.88601		0.89062		0.78298
227		7817.31		0.95302		0.95767		0.88372		0.88542		0.88083		0.88312		0.76745
228		7818.56		0.95337		0.95796		0.8863		0.87817		0.89637		0.88718		0.77279
229		7819.71		0.95291		0.95763		0.88372		0.87		0.90155		0.8855		0.76796
230		7821.64		0.95171		0.95561		0.87597		0.85714		0.90155		0.87879		0.75298
231		7822.84		0.95159		0.95527		0.87597		0.8607		0.89637		0.87817		0.75261
232		7823.99		0.9525		0.95605		0.8863		0.88205		0.89119		0.8866		0.77266
233		7825.25		0.9523		0.95502		0.87855		0.88421		0.87047		0.87728		0.75719
234		7826.62		0.95222		0.95456		0.88114		0.88889		0.87047		0.87958		0.76242
235		7828.24		0.95243		0.95504		0.8863		0.89418		0.87565		0.88482		0.77276
236		7829.69		0.95219		0.95497		0.88372		0.88144		0.88601		0.88372		0.76745
237		7831.03		0.95187		0.95642		0.88372		0.86634		0.90674		0.88608		0.7683
238		7832.83		0.95174		0.95708		0.87597		0.85714		0.90155		0.87879		0.75298
239		7834.85		0.95151		0.95688		0.88114		0.86567		0.90155		0.88325		0.76295
240		7836.45		0.95136		0.95589		0.8863		0.88205		0.89119		0.8866		0.77266
241		7837.79		0.95198		0.95578		0.88372		0.88144		0.88601		0.88372		0.76745
242		7839.02		0.95169		0.95464		0.89922		0.91398		0.88083		0.8971		0.79895
243		7840.14		0.95201		0.95547		0.8863		0.89005		0.88083		0.88542		0.77264
244		7841.28		0.95177		0.95589		0.87597		0.86432		0.89119		0.87755		0.75232
245		7842.42		0.95157		0.95644		0.8708		0.85222		0.89637		0.87374		0.74263
246		7843.73		0.95088		0.95615		0.86563		0.84058		0.90155		0.87		0.73324
247		7845.42		0.95177		0.95563		0.87855		0.86869		0.89119		0.8798		0.75737
248		7846.78		0.95334		0.95647		0.88372		0.88542		0.88083		0.88312		0.76745
249		7847.93		0.95353		0.9554		0.87855		0.87629		0.88083		0.87855		0.75712
250		7849.18		0.95327		0.95338		0.87339		0.86364		0.88601		0.87468		0.74703
251		7850.37		0.95525		0.95638		0.8863		0.88205		0.89119		0.8866		0.77266
252		7852.1		0.95524		0.95769		0.89922		0.90526		0.89119		0.89817		0.79854
253		7853.63		0.956		0.95871		0.89147		0.89119		0.89119		0.89119		0.78294
AUC improved at epoch  253 ;	best_auc: 0.9559986111852999
254		7855.29		0.95601		0.96016		0.88372		0.87374		0.89637		0.88491		0.76771
AUC improved at epoch  254 ;	best_auc: 0.9560119651728006
255		7856.94		0.95585		0.96068		0.88114		0.86935		0.89637		0.88265		0.76266
256		7858.75		0.95416		0.96013		0.8863		0.88601		0.88601		0.88601		0.77261
257		7860.15		0.95281		0.95873		0.88889		0.89474		0.88083		0.88773		0.77786
258		7861.62		0.95214		0.95781		0.89147		0.89529		0.88601		0.89062		0.78298
259		7863.55		0.95283		0.95822		0.89147		0.89119		0.89119		0.89119		0.78294
260		7865.18		0.95333		0.95772		0.88372		0.87374		0.89637		0.88491		0.76771
261		7866.86		0.95377		0.95782		0.8863		0.87817		0.89637		0.88718		0.77279
262		7868.6		0.9539		0.95778		0.88372		0.87374		0.89637		0.88491		0.76771
263		7870.57		0.95413		0.95793		0.87597		0.86432		0.89119		0.87755		0.75232
264		7872.08		0.95418		0.95784		0.88372		0.87755		0.89119		0.88432		0.76754
265		7873.45		0.95363		0.95743		0.88372		0.88947		0.87565		0.88251		0.76752
266		7874.72		0.95397		0.95774		0.8863		0.89418		0.87565		0.88482		0.77276
267		7876.04		0.95461		0.95779		0.8863		0.89418		0.87565		0.88482		0.77276
268		7877.21		0.95558		0.95821		0.88372		0.88542		0.88083		0.88312		0.76745
269		7878.59		0.95589		0.95766		0.87597		0.87179		0.88083		0.87629		0.75198
270		7880.01		0.95576		0.95775		0.88114		0.8731		0.89119		0.88205		0.76245
271		7881.96		0.95534		0.95761		0.88114		0.8731		0.89119		0.88205		0.76245
272		7883.43		0.95513		0.9579		0.87597		0.86432		0.89119		0.87755		0.75232
273		7884.59		0.95476		0.95742		0.87597		0.86432		0.89119		0.87755		0.75232
274		7885.74		0.95394		0.95621		0.87855		0.86869		0.89119		0.8798		0.75737
275		7886.87		0.95429		0.95761		0.88114		0.87692		0.88601		0.88144		0.76232
276		7888.23		0.95442		0.9578		0.87855		0.87245		0.88601		0.87918		0.75721
277		7889.4		0.95468		0.95808		0.8863		0.88601		0.88601		0.88601		0.77261
278		7890.58		0.95505		0.95858		0.8863		0.88601		0.88601		0.88601		0.77261
279		7891.74		0.95566		0.95943		0.8863		0.89005		0.88083		0.88542		0.77264
280		7893.38		0.95617		0.96005		0.8863		0.88205		0.89119		0.8866		0.77266
AUC improved at epoch  280 ;	best_auc: 0.9561722130228086
281		7895.05		0.95616		0.96046		0.8863		0.88205		0.89119		0.8866		0.77266
282		7896.71		0.95631		0.96078		0.89664		0.89637		0.89637		0.89637		0.79328
AUC improved at epoch  282 ;	best_auc: 0.9563057528978153
283		7898.09		0.95617		0.96081		0.88889		0.89062		0.88601		0.88831		0.77778
284		7899.45		0.95633		0.96074		0.8863		0.87437		0.90155		0.88776		0.773
AUC improved at epoch  284 ;	best_auc: 0.9563324608728168
285		7901.16		0.95587		0.96007		0.88372		0.87374		0.89637		0.88491		0.76771
286		7902.64		0.95521		0.95895		0.88114		0.8731		0.89119		0.88205		0.76245
287		7904.09		0.95496		0.95897		0.8863		0.88601		0.88601		0.88601		0.77261
288		7905.59		0.95432		0.95841		0.8863		0.89005		0.88083		0.88542		0.77264
289		7907.08		0.95365		0.95791		0.89147		0.89947		0.88083		0.89005		0.7831
290		7908.36		0.95333		0.95804		0.89406		0.90426		0.88083		0.89239		0.78836
291		7909.77		0.95325		0.95829		0.88889		0.8866		0.89119		0.88889		0.77779
292		7911.68		0.95242		0.95752		0.88889		0.88265		0.89637		0.88946		0.77788
293		7912.93		0.95219		0.95731		0.87597		0.86432		0.89119		0.87755		0.75232
294		7914.22		0.95215		0.95699		0.87855		0.87245		0.88601		0.87918		0.75721
295		7915.38		0.95265		0.95691		0.88372		0.87755		0.89119		0.88432		0.76754
296		7917.19		0.95287		0.9571		0.8863		0.88601		0.88601		0.88601		0.77261
297		7918.71		0.95275		0.95655		0.88889		0.89062		0.88601		0.88831		0.77778
298		7919.94		0.95274		0.95648		0.88889		0.89474		0.88083		0.88773		0.77786
299		7921.19		0.95351		0.95726		0.88889		0.89474		0.88083		0.88773		0.77786
300		7923.04		0.95474		0.95846		0.8863		0.89005		0.88083		0.88542		0.77264
301		7924.24		0.95457		0.95861		0.88372		0.88542		0.88083		0.88312		0.76745
302		7925.44		0.954		0.95812		0.88114		0.87692		0.88601		0.88144		0.76232
303		7926.7		0.95538		0.9598		0.88372		0.88542		0.88083		0.88312		0.76745
304		7927.8		0.95647		0.96071		0.89147		0.89947		0.88083		0.89005		0.7831
AUC improved at epoch  304 ;	best_auc: 0.9564660007478233
305		7928.98		0.95723		0.96102		0.89406		0.89583		0.89119		0.89351		0.78812
AUC improved at epoch  305 ;	best_auc: 0.9572271780353613
306		7930.18		0.95724		0.96083		0.88889		0.8866		0.89119		0.88889		0.77779
AUC improved at epoch  306 ;	best_auc: 0.957240532022862
307		7931.93		0.957		0.96011		0.88372		0.87755		0.89119		0.88432		0.76754
308		7933.61		0.9568		0.95907		0.88114		0.8731		0.89119		0.88205		0.76245
309		7935.68		0.95737		0.9595		0.88889		0.88265		0.89637		0.88946		0.77788
AUC improved at epoch  309 ;	best_auc: 0.9573740718978687
310		7936.84		0.95727		0.95946		0.89147		0.88718		0.89637		0.89175		0.78299
311		7938.04		0.95628		0.95991		0.88114		0.87692		0.88601		0.88144		0.76232
312		7939.47		0.9568		0.96019		0.88114		0.86935		0.89637		0.88265		0.76266
313		7941.03		0.95637		0.95992		0.88114		0.86567		0.90155		0.88325		0.76295
314		7942.6		0.95613		0.95977		0.87855		0.865		0.89637		0.88041		0.75762
315		7943.85		0.95546		0.95955		0.88114		0.87692		0.88601		0.88144		0.76232
316		7945.21		0.95502		0.95894		0.88372		0.88542		0.88083		0.88312		0.76745
317		7946.59		0.95464		0.95855		0.89406		0.90426		0.88083		0.89239		0.78836
318		7948.47		0.95392		0.95801		0.88889		0.89894		0.87565		0.88714		0.77802
319		7949.62		0.95398		0.95835		0.87597		0.87179		0.88083		0.87629		0.75198
320		7950.86		0.95406		0.95838		0.87597		0.87179		0.88083		0.87629		0.75198
321		7952.03		0.95414		0.9578		0.8708		0.86294		0.88083		0.87179		0.74177
322		7953.18		0.95422		0.95807		0.87597		0.86802		0.88601		0.87692		0.75211
323		7954.31		0.95333		0.95674		0.87597		0.86802		0.88601		0.87692		0.75211
324		7955.46		0.95325		0.95577		0.88372		0.88144		0.88601		0.88372		0.76745
325		7956.77		0.95327		0.95624		0.88114		0.87692		0.88601		0.88144		0.76232
326		7958.16		0.95313		0.95576		0.8863		0.88601		0.88601		0.88601		0.77261
327		7959.97		0.95258		0.95541		0.8863		0.88601		0.88601		0.88601		0.77261
328		7961.84		0.95282		0.95611		0.88114		0.88482		0.87565		0.88021		0.76231
329		7963.4		0.95273		0.95648		0.8863		0.89418		0.87565		0.88482		0.77276
330		7964.52		0.95233		0.95629		0.88889		0.89474		0.88083		0.88773		0.77786
331		7965.88		0.95247		0.95719		0.8863		0.89005		0.88083		0.88542		0.77264
332		7967.09		0.95282		0.95797		0.87855		0.87629		0.88083		0.87855		0.75712
333		7968.51		0.95374		0.95893		0.88114		0.87692		0.88601		0.88144		0.76232
334		7970.11		0.95405		0.95912		0.89406		0.89175		0.89637		0.89406		0.78813
335		7971.65		0.95355		0.95844		0.89406		0.89175		0.89637		0.89406		0.78813
336		7973.15		0.95338		0.95744		0.89406		0.89583		0.89119		0.89351		0.78812
337		7974.88		0.95401		0.95751		0.88372		0.88542		0.88083		0.88312		0.76745
338		7976.24		0.9539		0.95662		0.8863		0.89005		0.88083		0.88542		0.77264
339		7978.19		0.95331		0.95546		0.87855		0.88421		0.87047		0.87728		0.75719
340		7980.01		0.95238		0.95472		0.88114		0.88083		0.88083		0.88083		0.76227
341		7981.33		0.95154		0.95409		0.88372		0.88542		0.88083		0.88312		0.76745
342		7982.47		0.95153		0.95435		0.88372		0.88947		0.87565		0.88251		0.76752
343		7983.6		0.95194		0.95555		0.87855		0.88021		0.87565		0.87792		0.75711
344		7984.79		0.95261		0.95639		0.87597		0.87565		0.87565		0.87565		0.75194
345		7986.0		0.95385		0.95749		0.88372		0.88542		0.88083		0.88312		0.76745
346		7987.42		0.95425		0.95804		0.88372		0.88542		0.88083		0.88312		0.76745
347		7988.9		0.9547		0.95817		0.88114		0.88083		0.88083		0.88083		0.76227
348		7990.69		0.95556		0.95785		0.8863		0.88205		0.89119		0.8866		0.77266
349		7992.28		0.95597		0.95815		0.88372		0.87374		0.89637		0.88491		0.76771
350		7994.43		0.95583		0.95832		0.88114		0.8731		0.89119		0.88205		0.76245
351		7996.14		0.95553		0.95892		0.8863		0.88205		0.89119		0.8866		0.77266
352		7997.37		0.95486		0.95839		0.88114		0.8731		0.89119		0.88205		0.76245
353		7998.54		0.95448		0.95806		0.88889		0.8866		0.89119		0.88889		0.77779
354		7999.71		0.9543		0.95824		0.8863		0.88205		0.89119		0.8866		0.77266
355		8001.01		0.95433		0.95827		0.8863		0.87817		0.89637		0.88718		0.77279
356		8002.26		0.95432		0.95864		0.8863		0.87817		0.89637		0.88718		0.77279
357		8003.4		0.95365		0.95838		0.89147		0.89119		0.89119		0.89119		0.78294
358		8004.71		0.95365		0.95856		0.88889		0.89062		0.88601		0.88831		0.77778
359		8006.59		0.95309		0.95787		0.88372		0.88144		0.88601		0.88372		0.76745
360		8007.9		0.95263		0.95651		0.88372		0.87755		0.89119		0.88432		0.76754
361		8009.74		0.95311		0.95723		0.87855		0.86869		0.89119		0.8798		0.75737
362		8011.39		0.95283		0.95546		0.8863		0.88601		0.88601		0.88601		0.77261
363		8012.65		0.95306		0.95567		0.88114		0.87692		0.88601		0.88144		0.76232
364		8014.0		0.95289		0.95526		0.88114		0.87692		0.88601		0.88144		0.76232
365		8015.24		0.95282		0.95484		0.87855		0.87245		0.88601		0.87918		0.75721
366		8016.57		0.95392		0.95704		0.88372		0.88144		0.88601		0.88372		0.76745
367		8017.77		0.95401		0.95715		0.88889		0.87879		0.90155		0.89003		0.77805
368		8019.05		0.95424		0.9578		0.88889		0.89062		0.88601		0.88831		0.77778
369		8020.67		0.95438		0.95825		0.8863		0.88601		0.88601		0.88601		0.77261
370		8022.68		0.95484		0.95912		0.89147		0.89119		0.89119		0.89119		0.78294
371		8024.46		0.95438		0.95876		0.89147		0.89119		0.89119		0.89119		0.78294
372		8025.71		0.95397		0.95783		0.88889		0.8866		0.89119		0.88889		0.77779
373		8026.97		0.95404		0.95767		0.88889		0.8866		0.89119		0.88889		0.77779
374		8028.22		0.95385		0.95706		0.88889		0.89062		0.88601		0.88831		0.77778
375		8029.42		0.95322		0.95566		0.88372		0.88542		0.88083		0.88312		0.76745
376		8030.75		0.95302		0.95485		0.88114		0.88083		0.88083		0.88083		0.76227
377		8032.07		0.95203		0.95431		0.88114		0.87692		0.88601		0.88144		0.76232
378		8034.06		0.95169		0.9544		0.87597		0.86802		0.88601		0.87692		0.75211
379		8035.37		0.95138		0.95445		0.87597		0.86802		0.88601		0.87692		0.75211
380		8036.59		0.95227		0.95597		0.87855		0.86869		0.89119		0.8798		0.75737
381		8038.21		0.95277		0.9569		0.8863		0.88205		0.89119		0.8866		0.77266
382		8040.2		0.95298		0.9574		0.89147		0.89119		0.89119		0.89119		0.78294
383		8042.11		0.95347		0.95796		0.89147		0.89119		0.89119		0.89119		0.78294
384		8043.28		0.95402		0.95855		0.88372		0.87374		0.89637		0.88491		0.76771
385		8044.48		0.95437		0.95836		0.88114		0.86567		0.90155		0.88325		0.76295
386		8046.45		0.95513		0.9584		0.88114		0.86567		0.90155		0.88325		0.76295
387		8047.92		0.95592		0.95884		0.88114		0.8731		0.89119		0.88205		0.76245
388		8049.08		0.95644		0.95897		0.89147		0.89947		0.88083		0.89005		0.7831
389		8050.67		0.95625		0.95911		0.88889		0.89894		0.87565		0.88714		0.77802
390		8052.47		0.95587		0.95894		0.88114		0.88889		0.87047		0.87958		0.76242
391		8053.74		0.95589		0.9591		0.8863		0.89005		0.88083		0.88542		0.77264
392		8054.99		0.95633		0.95986		0.88889		0.89474		0.88083		0.88773		0.77786
393		8056.24		0.95558		0.95946		0.89147		0.89529		0.88601		0.89062		0.78298
394		8057.37		0.95532		0.95875		0.8863		0.88205		0.89119		0.8866		0.77266
395		8058.83		0.95488		0.95748		0.87597		0.86432		0.89119		0.87755		0.75232
396		8060.74		0.95416		0.95544		0.87855		0.86869		0.89119		0.8798		0.75737
397		8061.91		0.95438		0.95542		0.87339		0.86		0.89119		0.87532		0.74728
398		8063.05		0.95464		0.95544		0.88372		0.88542		0.88083		0.88312		0.76745
399		8064.3		0.95501		0.95602		0.88889		0.89474		0.88083		0.88773		0.77786
400		8065.5		0.9554		0.95629		0.8863		0.89005		0.88083		0.88542		0.77264
401		8066.69		0.95605		0.95731		0.8863		0.89005		0.88083		0.88542		0.77264
402		8068.18		0.95597		0.95763		0.8863		0.88601		0.88601		0.88601		0.77261
403		8069.97		0.95604		0.95787		0.88372		0.88144		0.88601		0.88372		0.76745
404		8071.91		0.95601		0.95802		0.8863		0.88205		0.89119		0.8866		0.77266
405		8073.1		0.95627		0.95942		0.8863		0.88601		0.88601		0.88601		0.77261
406		8074.31		0.95639		0.95932		0.88889		0.89062		0.88601		0.88831		0.77778
407		8075.63		0.95627		0.95903		0.88889		0.89062		0.88601		0.88831		0.77778
408		8076.75		0.9556		0.9586		0.88889		0.8866		0.89119		0.88889		0.77779
409		8078.15		0.95464		0.95787		0.8863		0.88205		0.89119		0.8866		0.77266
410		8079.93		0.95401		0.95766		0.88372		0.88542		0.88083		0.88312		0.76745
411		8081.3		0.95298		0.95639		0.88114		0.88482		0.87565		0.88021		0.76231
412		8082.64		0.95261		0.95603		0.88372		0.88947		0.87565		0.88251		0.76752
413		8084.45		0.95213		0.95556		0.8863		0.89418		0.87565		0.88482		0.77276
414		8085.62		0.95201		0.95497		0.88372		0.88144		0.88601		0.88372		0.76745
415		8086.88		0.95225		0.95513		0.88114		0.87692		0.88601		0.88144		0.76232
416		8088.2		0.95278		0.95576		0.87597		0.86802		0.88601		0.87692		0.75211
417		8089.36		0.95321		0.95608		0.87597		0.86802		0.88601		0.87692		0.75211
418		8090.51		0.95388		0.95657		0.87339		0.86364		0.88601		0.87468		0.74703
419		8091.63		0.95378		0.95651		0.87597		0.87179		0.88083		0.87629		0.75198
420		8092.9		0.95385		0.95638		0.88114		0.88482		0.87565		0.88021		0.76231
421		8094.22		0.9542		0.95658		0.8863		0.89418		0.87565		0.88482		0.77276
422		8095.76		0.95409		0.95634		0.88372		0.88947		0.87565		0.88251		0.76752
423		8097.36		0.95397		0.95612		0.88372		0.88947		0.87565		0.88251		0.76752
424		8098.75		0.95333		0.95592		0.88114		0.88083		0.88083		0.88083		0.76227
425		8100.37		0.95353		0.95637		0.88372		0.87374		0.89637		0.88491		0.76771
426		8101.79		0.95414		0.958		0.87855		0.86869		0.89119		0.8798		0.75737
427		8103.14		0.95329		0.95806		0.87339		0.86364		0.88601		0.87468		0.74703
428		8104.6		0.95295		0.95793		0.87339		0.86364		0.88601		0.87468		0.74703
429		8106.48		0.95281		0.95759		0.88889		0.89062		0.88601		0.88831		0.77778
430		8107.76		0.95265		0.95644		0.88114		0.87692		0.88601		0.88144		0.76232
431		8109.18		0.95202		0.95504		0.86047		0.85279		0.87047		0.86154		0.7211
432		8110.9		0.95087		0.95379		0.86822		0.86598		0.87047		0.86822		0.73645
433		8112.5		0.95169		0.95491		0.87339		0.875		0.87047		0.87273		0.74677
434		8113.96		0.95231		0.9556		0.87855		0.88421		0.87047		0.87728		0.75719
435		8115.31		0.95148		0.95354		0.88114		0.88083		0.88083		0.88083		0.76227
436		8117.01		0.95064		0.95068		0.88114		0.87692		0.88601		0.88144		0.76232
437		8118.4		0.95015		0.95139		0.87597		0.87179		0.88083		0.87629		0.75198
438		8119.92		0.94982		0.95176		0.87855		0.87629		0.88083		0.87855		0.75712
439		8121.37		0.95034		0.95349		0.8863		0.89005		0.88083		0.88542		0.77264
440		8123.0		0.9502		0.95428		0.89147		0.89529		0.88601		0.89062		0.78298
441		8124.34		0.95036		0.95481		0.8863		0.89005		0.88083		0.88542		0.77264
442		8125.62		0.95118		0.95588		0.8863		0.88205		0.89119		0.8866		0.77266
443		8127.04		0.9519		0.95711		0.89406		0.89175		0.89637		0.89406		0.78813
444		8128.34		0.9512		0.95659		0.89406		0.89583		0.89119		0.89351		0.78812
445		8129.83		0.95076		0.95583		0.89664		0.90052		0.89119		0.89583		0.79332
446		8131.44		0.95108		0.95597		0.89147		0.89119		0.89119		0.89119		0.78294
447		8133.17		0.9511		0.95562		0.89147		0.89119		0.89119		0.89119		0.78294
448		8134.7		0.95095		0.95493		0.89406		0.9		0.88601		0.89295		0.7882
449		8136.27		0.95178		0.9554		0.89664		0.91351		0.87565		0.89418		0.79394
450		8138.17		0.9517		0.9548		0.89147		0.90811		0.87047		0.88889		0.78359
451		8139.37		0.95295		0.95592		0.8863		0.9027		0.86528		0.8836		0.77325
452		8140.67		0.95297		0.95623		0.88114		0.88482		0.87565		0.88021		0.76231
453		8141.81		0.9537		0.95715		0.87855		0.87629		0.88083		0.87855		0.75712
454		8143.0		0.95359		0.95658		0.87597		0.87179		0.88083		0.87629		0.75198
455		8144.18		0.95429		0.95782		0.88889		0.89474		0.88083		0.88773		0.77786
456		8145.47		0.95426		0.95805		0.89147		0.90811		0.87047		0.88889		0.78359
457		8146.61		0.95289		0.95735		0.8863		0.89418		0.87565		0.88482		0.77276
458		8147.78		0.9523		0.95653		0.88889		0.89062		0.88601		0.88831		0.77778
459		8149.79		0.95179		0.95598		0.87855		0.87629		0.88083		0.87855		0.75712
460		8151.04		0.9506		0.95491		0.88114		0.8731		0.89119		0.88205		0.76245
461		8152.3		0.95104		0.95537		0.88372		0.87755		0.89119		0.88432		0.76754
462		8153.4		0.95158		0.95577		0.8863		0.88601		0.88601		0.88601		0.77261
463		8154.51		0.95242		0.95617		0.88889		0.89474		0.88083		0.88773		0.77786
464		8155.67		0.95267		0.95616		0.89147		0.89529		0.88601		0.89062		0.78298
465		8157.08		0.95291		0.95571		0.89147		0.89119		0.89119		0.89119		0.78294
466		8158.94		0.95314		0.95598		0.88889		0.8866		0.89119		0.88889		0.77779
467		8160.42		0.95345		0.95607		0.87855		0.86869		0.89119		0.8798		0.75737
468		8161.97		0.95338		0.95616		0.88114		0.87692		0.88601		0.88144		0.76232
469		8163.87		0.95303		0.95662		0.8863		0.89005		0.88083		0.88542		0.77264
470		8165.51		0.95235		0.95644		0.8863		0.89005		0.88083		0.88542		0.77264
471		8167.26		0.95279		0.95695		0.88372		0.88144		0.88601		0.88372		0.76745
472		8168.89		0.95347		0.95763		0.87339		0.86364		0.88601		0.87468		0.74703
473		8170.16		0.95377		0.95764		0.87855		0.865		0.89637		0.88041		0.75762
474		8171.28		0.95398		0.95751		0.87597		0.86432		0.89119		0.87755		0.75232
475		8172.4		0.95406		0.95712		0.88372		0.88144		0.88601		0.88372		0.76745
476		8173.58		0.95452		0.95787		0.88889		0.89062		0.88601		0.88831		0.77778
477		8174.97		0.95454		0.95804		0.88889		0.89062		0.88601		0.88831		0.77778
478		8176.14		0.955		0.95832		0.8863		0.88601		0.88601		0.88601		0.77261
479		8177.5		0.95506		0.95819		0.88372		0.87755		0.89119		0.88432		0.76754
480		8179.36		0.9554		0.95845		0.87855		0.86869		0.89119		0.8798		0.75737
481		8180.75		0.95525		0.95801		0.88114		0.8731		0.89119		0.88205		0.76245
482		8181.91		0.95513		0.95797		0.87597		0.86802		0.88601		0.87692		0.75211
483		8183.03		0.95549		0.95846		0.87855		0.87245		0.88601		0.87918		0.75721
484		8184.16		0.95558		0.9585		0.88889		0.89062		0.88601		0.88831		0.77778
485		8185.37		0.955		0.9578		0.89147		0.89529		0.88601		0.89062		0.78298
486		8186.82		0.95366		0.9569		0.88372		0.87755		0.89119		0.88432		0.76754
487		8188.32		0.95194		0.95571		0.87855		0.865		0.89637		0.88041		0.75762
488		8189.81		0.95265		0.95682		0.88114		0.8731		0.89119		0.88205		0.76245
489		8191.37		0.95134		0.95579		0.8708		0.87047		0.87047		0.87047		0.7416
490		8192.82		0.95052		0.95545		0.8863		0.8984		0.87047		0.88421		0.77296
491		8194.17		0.94999		0.95529		0.87855		0.88421		0.87047		0.87728		0.75719
492		8195.65		0.94968		0.95498		0.87597		0.87179		0.88083		0.87629		0.75198
493		8197.1		0.94879		0.95371		0.86563		0.8439		0.89637		0.86935		0.73272
494		8198.46		0.95169		0.95535		0.88372		0.88542		0.88083		0.88312		0.76745
495		8200.34		0.95056		0.9537		0.8863		0.9162		0.84974		0.88172		0.7746
496		8201.72		0.95122		0.95422		0.87597		0.87565		0.87565		0.87565		0.75194
497		8203.08		0.9498		0.95354		0.8708		0.85222		0.89637		0.87374		0.74263
498		8204.7		0.95072		0.95504		0.86822		0.85149		0.89119		0.87089		0.73726
499		8206.13		0.95142		0.9557		0.86822		0.85859		0.88083		0.86957		0.7367
500		8207.5		0.94992		0.95375		0.8708		0.86667		0.87565		0.87113		0.74165
501		8209.1		0.94836		0.95218		0.87339		0.86364		0.88601		0.87468		0.74703
502		8210.59		0.95098		0.95523		0.88114		0.89305		0.86528		0.87895		0.76262
503		8212.04		0.95047		0.95516		0.87339		0.875		0.87047		0.87273		0.74677
504		8213.49		0.95223		0.95655		0.87597		0.85714		0.90155		0.87879		0.75298
505		8215.23		0.95283		0.9565		0.86563		0.83412		0.91192		0.87129		0.73451
506		8217.21		0.95372		0.9581		0.88889		0.90323		0.87047		0.88654		0.77827
507		8218.41		0.95185		0.95726		0.90698		0.9435		0.86528		0.9027		0.81671
508		8219.7		0.95357		0.95827		0.8708		0.8593		0.88601		0.87245		0.74198
509		8220.85		0.94897		0.9523		0.86563		0.83412		0.91192		0.87129		0.73451
510		8222.03		0.94431		0.95315		0.8863		0.93567		0.82902		0.87912		0.77759
511		8223.23		0.94979		0.95456		0.82687		0.76471		0.94301		0.84455		0.67236
512		8224.38		0.93539		0.94054		0.84755		0.94079		0.74093		0.82899		0.71109
513		8226.51		0.92256		0.92591		0.72351		0.64828		0.97409		0.77847		0.51723
514		8227.64		0.89894		0.91061		0.75452		0.9537		0.53368		0.68439		0.56617
515		8229.0		0.88387		0.89951		0.69767		0.63103		0.94819		0.75776		0.45761
516		8230.54		0.88606		0.90229		0.81137		0.81915		0.79793		0.8084		0.62292
517		8232.4		0.88526		0.89685		0.75711		0.91597		0.56477		0.69872		0.55609
518		8233.85		0.89306		0.89816		0.80362		0.88235		0.69948		0.78035		0.62044
519		8235.19		0.88761		0.88605		0.69767		0.62667		0.97409		0.76268		0.47523
520		8236.47		0.8941		0.89086		0.73643		0.66426		0.95337		0.78298		0.52542
521		8238.1		0.91064		0.90897		0.81654		0.90667		0.70466		0.793		0.64911
522		8239.72		0.91133		0.9123		0.7261		0.93939		0.48187		0.63699		0.51675
523		8240.89		0.91077		0.91505		0.73385		0.93269		0.50259		0.6532		0.52617
524		8242.12		0.90871		0.91532		0.80103		0.91429		0.66321		0.76877		0.62575
525		8243.83		0.90708		0.91527		0.84238		0.88372		0.78756		0.83288		0.68873
526		8245.37		0.90441		0.91401		0.82429		0.81095		0.84456		0.82741		0.64917
527		8246.53		0.90252		0.91275		0.79845		0.75785		0.87565		0.8125		0.60436
528		8247.73		0.90174		0.91261		0.80103		0.75664		0.88601		0.81623		0.61119
529		8249.21		0.9023		0.91377		0.80103		0.77358		0.84974		0.80988		0.60509
530		8250.85		0.9026		0.91416		0.82946		0.82564		0.8342		0.8299		0.65896
531		8252.11		0.90342		0.91531		0.82687		0.84615		0.79793		0.82133		0.65475
532		8253.32		0.90505		0.91538		0.83204		0.87209		0.7772		0.82192		0.66793
533		8254.58		0.90874		0.9173		0.82429		0.86127		0.77202		0.81421		0.65198
534		8255.77		0.91226		0.91879		0.82946		0.85475		0.79275		0.82258		0.66058
535		8257.09		0.91651		0.92101		0.85013		0.85714		0.83938		0.84817		0.70039
536		8258.34		0.91937		0.92211		0.85013		0.84264		0.8601		0.85128		0.70042
537		8259.5		0.92348		0.92572		0.84755		0.835		0.86528		0.84987		0.69557
538		8261.19		0.92856		0.93148		0.84496		0.84103		0.84974		0.84536		0.68997
539		8263.03		0.93238		0.93561		0.85271		0.87363		0.82383		0.848		0.70652
540		8264.74		0.93446		0.93794		0.85271		0.9		0.79275		0.84298		0.71037
541		8266.27		0.93467		0.93858		0.85788		0.91071		0.79275		0.84765		0.72172
542		8267.46		0.93627		0.93894		0.86563		0.90286		0.81865		0.8587		0.73439
543		8268.79		0.93729		0.938		0.87597		0.87565		0.87565		0.87565		0.75194
544		8270.51		0.9383		0.93758		0.87855		0.865		0.89637		0.88041		0.75762
545		8272.33		0.93929		0.93745		0.87597		0.87179		0.88083		0.87629		0.75198
546		8274.6		0.94031		0.93823		0.86563		0.88525		0.83938		0.8617		0.73221
547		8276.22		0.94098		0.93982		0.87597		0.91429		0.82902		0.86957		0.75515
548		8277.36		0.94159		0.94161		0.87855		0.91011		0.83938		0.87332		0.75934
549		8278.48		0.94122		0.94256		0.86822		0.87368		0.8601		0.86684		0.73651
550		8279.66		0.94143		0.94343		0.86563		0.86154		0.87047		0.86598		0.73131
551		8280.98		0.9425		0.94459		0.86563		0.86911		0.8601		0.86458		0.7313
552		8282.12		0.94394		0.94545		0.86563		0.8895		0.8342		0.86096		0.73263
553		8283.3		0.94447		0.94532		0.8708		0.89944		0.8342		0.86559		0.7435
554		8284.44		0.94405		0.94402		0.86822		0.88172		0.84974		0.86544		0.73689
555		8286.0		0.94439		0.94408		0.85788		0.86316		0.84974		0.8564		0.71584
556		8287.72		0.94602		0.94541		0.87339		0.8871		0.85492		0.87071		0.74723
557		8288.8		0.94851		0.94848		0.89406		0.92222		0.8601		0.89008		0.78986
558		8289.9		0.94992		0.95114		0.89147		0.91257		0.86528		0.8883		0.78396
559		8291.04		0.9508		0.95251		0.89406		0.90426		0.88083		0.89239		0.78836
560		8292.37		0.95096		0.95371		0.89147		0.89529		0.88601		0.89062		0.78298
561		8293.86		0.95091		0.95394		0.89406		0.9		0.88601		0.89295		0.7882
562		8295.52		0.95086		0.95388		0.89922		0.91848		0.87565		0.89655		0.79929
563		8297.03		0.95091		0.95337		0.89406		0.9086		0.87565		0.89182		0.78861
564		8298.34		0.95027		0.95181		0.89664		0.90909		0.88083		0.89474		0.79365
565		8300.63		0.95012		0.9509		0.89147		0.89529		0.88601		0.89062		0.78298
566		8302.31		0.95016		0.95019		0.87855		0.87629		0.88083		0.87855		0.75712
567		8303.62		0.95112		0.95103		0.88114		0.88083		0.88083		0.88083		0.76227
568		8304.73		0.95206		0.95272		0.89147		0.89947		0.88083		0.89005		0.7831
569		8305.97		0.95275		0.95391		0.89147		0.89947		0.88083		0.89005		0.7831
570		8307.09		0.95326		0.95494		0.89147		0.89947		0.88083		0.89005		0.7831
571		8308.31		0.9535		0.95561		0.8863		0.88205		0.89119		0.8866		0.77266
572		8309.53		0.95363		0.95585		0.8863		0.87437		0.90155		0.88776		0.773
573		8311.17		0.95444		0.9568		0.89406		0.88776		0.90155		0.8946		0.78822
574		8313.01		0.95384		0.956		0.89922		0.90957		0.88601		0.89764		0.7987
575		8314.19		0.95393		0.95558		0.89664		0.90909		0.88083		0.89474		0.79365
576		8315.39		0.95409		0.95521		0.89147		0.89529		0.88601		0.89062		0.78298
577		8316.65		0.95425		0.95515		0.89147		0.89529		0.88601		0.89062		0.78298
578		8317.97		0.9543		0.95513		0.8863		0.89005		0.88083		0.88542		0.77264
579		8319.22		0.95452		0.95573		0.88889		0.89062		0.88601		0.88831		0.77778
580		8320.46		0.95444		0.95611		0.89406		0.90426		0.88083		0.89239		0.78836
581		8322.0		0.95478		0.9567		0.89147		0.90811		0.87047		0.88889		0.78359
582		8323.61		0.95466		0.95681		0.89664		0.91803		0.87047		0.89362		0.79431
583		8325.08		0.9547		0.95696		0.89406		0.91304		0.87047		0.89125		0.78894
584		8326.36		0.95501		0.95729		0.89406		0.90426		0.88083		0.89239		0.78836
585		8327.9		0.9551		0.95738		0.88889		0.89474		0.88083		0.88773		0.77786
586		8329.34		0.95489		0.95708		0.88889		0.89062		0.88601		0.88831		0.77778
587		8330.75		0.95437		0.9566		0.8863		0.89005		0.88083		0.88542		0.77264
588		8332.07		0.95456		0.95666		0.88372		0.88947		0.87565		0.88251		0.76752
589		8333.45		0.9542		0.95642		0.89406		0.91304		0.87047		0.89125		0.78894
590		8334.76		0.95408		0.95624		0.89147		0.90811		0.87047		0.88889		0.78359
591		8336.17		0.95393		0.95591		0.89147		0.90811		0.87047		0.88889		0.78359
592		8338.07		0.95414		0.95604		0.89147		0.90811		0.87047		0.88889		0.78359
593		8339.42		0.95417		0.95606		0.89147		0.90374		0.87565		0.88947		0.7833
594		8340.73		0.95384		0.95577		0.88889		0.89894		0.87565		0.88714		0.77802
595		8342.07		0.95384		0.95573		0.88889		0.89894		0.87565		0.88714		0.77802
596		8344.05		0.95409		0.95616		0.88889		0.89894		0.87565		0.88714		0.77802
597		8345.64		0.95413		0.95628		0.88889		0.89894		0.87565		0.88714		0.77802
598		8346.98		0.95429		0.95653		0.88889		0.89894		0.87565		0.88714		0.77802
599		8348.27		0.95462		0.95694		0.8863		0.8984		0.87047		0.88421		0.77296
600		8349.68		0.95486		0.9575		0.8863		0.8984		0.87047		0.88421		0.77296
601		8351.3		0.95513		0.95776		0.8863		0.8984		0.87047		0.88421		0.77296
602		8352.66		0.95489		0.95757		0.88889		0.89894		0.87565		0.88714		0.77802
603		8354.61		0.95518		0.95791		0.88889		0.89894		0.87565		0.88714		0.77802
604		8355.75		0.95533		0.95794		0.88889		0.89894		0.87565		0.88714		0.77802
605		8357.03		0.95532		0.95773		0.88889		0.89894		0.87565		0.88714		0.77802
606		8358.19		0.95521		0.95742		0.88889		0.89894		0.87565		0.88714		0.77802
607		8359.34		0.95517		0.95734		0.88889		0.89894		0.87565		0.88714		0.77802
608		8360.51		0.95537		0.95756		0.8863		0.8984		0.87047		0.88421		0.77296
609		8361.81		0.95552		0.95765		0.8863		0.8984		0.87047		0.88421		0.77296
610		8362.95		0.95506		0.95709		0.88372		0.89785		0.86528		0.88127		0.76792
611		8364.74		0.95497		0.95687		0.88114		0.89305		0.86528		0.87895		0.76262
612		8366.36		0.9549		0.95671		0.88372		0.89362		0.87047		0.88189		0.76768
613		8367.6		0.95501		0.95685		0.88372		0.89362		0.87047		0.88189		0.76768
614		8368.74		0.95472		0.95659		0.88372		0.89362		0.87047		0.88189		0.76768
615		8369.89		0.95465		0.95662		0.88372		0.89362		0.87047		0.88189		0.76768
616		8371.05		0.95473		0.95662		0.88372		0.89362		0.87047		0.88189		0.76768
617		8372.28		0.95462		0.9565		0.88372		0.89362		0.87047		0.88189		0.76768
618		8373.4		0.9544		0.95641		0.88372		0.89362		0.87047		0.88189		0.76768
619		8374.53		0.95444		0.95658		0.8863		0.8984		0.87047		0.88421		0.77296
620		8375.84		0.95466		0.95684		0.88889		0.90323		0.87047		0.88654		0.77827
621		8377.81		0.95464		0.9568		0.8863		0.9027		0.86528		0.8836		0.77325
622		8379.16		0.95484		0.95695		0.8863		0.9027		0.86528		0.8836		0.77325
623		8380.91		0.95493		0.95714		0.88372		0.90217		0.8601		0.88064		0.76824
624		8382.31		0.95481		0.95707		0.88114		0.8973		0.8601		0.87831		0.7629
625		8383.8		0.95453		0.95694		0.88114		0.89305		0.86528		0.87895		0.76262
626		8385.75		0.9548		0.95705		0.87855		0.88421		0.87047		0.87728		0.75719
627		8387.34		0.95476		0.95699		0.88114		0.88482		0.87565		0.88021		0.76231
628		8389.05		0.95481		0.95694		0.87855		0.88421		0.87047		0.87728		0.75719
629		8390.23		0.95477		0.95695		0.87597		0.8836		0.86528		0.87435		0.75208
630		8391.54		0.95461		0.95679		0.87597		0.8836		0.86528		0.87435		0.75208
631		8392.73		0.95444		0.95673		0.87855		0.8883		0.86528		0.87664		0.75734
632		8393.84		0.95417		0.95656		0.87855		0.8883		0.86528		0.87664		0.75734
633		8395.3		0.95388		0.95631		0.87855		0.8883		0.86528		0.87664		0.75734
634		8397.02		0.9542		0.95654		0.88114		0.88889		0.87047		0.87958		0.76242
635		8399.03		0.95401		0.95627		0.88114		0.88889		0.87047		0.87958		0.76242
636		8400.32		0.95425		0.95635		0.88114		0.88482		0.87565		0.88021		0.76231
637		8401.62		0.95432		0.95632		0.88114		0.88482		0.87565		0.88021		0.76231
638		8402.82		0.95425		0.95638		0.87855		0.88021		0.87565		0.87792		0.75711
639		8404.18		0.95437		0.95656		0.87855		0.88021		0.87565		0.87792		0.75711
640		8405.36		0.95398		0.95631		0.88114		0.88889		0.87047		0.87958		0.76242
641		8406.91		0.95412		0.95637		0.8863		0.8984		0.87047		0.88421		0.77296
642		8408.49		0.95397		0.95632		0.88372		0.89785		0.86528		0.88127		0.76792
643		8410.18		0.95389		0.95631		0.88372		0.89785		0.86528		0.88127		0.76792
644		8411.76		0.95396		0.95643		0.88372		0.89785		0.86528		0.88127		0.76792
645		8413.56		0.9541		0.95654		0.88114		0.89305		0.86528		0.87895		0.76262
646		8414.74		0.95401		0.95631		0.88114		0.89305		0.86528		0.87895		0.76262
647		8415.94		0.95385		0.9561		0.88114		0.89305		0.86528		0.87895		0.76262
648		8417.71		0.9538		0.95599		0.88114		0.89305		0.86528		0.87895		0.76262
649		8419.31		0.95393		0.95597		0.88114		0.89305		0.86528		0.87895		0.76262
650		8420.57		0.9539		0.95591		0.88114		0.89305		0.86528		0.87895		0.76262
651		8422.44		0.95372		0.95553		0.88372		0.89785		0.86528		0.88127		0.76792
652		8423.85		0.95361		0.95528		0.88372		0.89785		0.86528		0.88127		0.76792
653		8425.12		0.95363		0.95536		0.88372		0.89785		0.86528		0.88127		0.76792
654		8426.27		0.95378		0.95566		0.8863		0.8984		0.87047		0.88421		0.77296
655		8427.46		0.95396		0.95575		0.8863		0.8984		0.87047		0.88421		0.77296
656		8428.64		0.95409		0.95603		0.8863		0.8984		0.87047		0.88421		0.77296
657		8429.95		0.9544		0.95648		0.88372		0.89362		0.87047		0.88189		0.76768
658		8431.2		0.95393		0.95618		0.88372		0.88947		0.87565		0.88251		0.76752
659		8432.34		0.95376		0.95601		0.88372		0.88947		0.87565		0.88251		0.76752
660		8434.3		0.95381		0.95609		0.88372		0.88947		0.87565		0.88251		0.76752
661		8435.5		0.9546		0.95676		0.88372		0.88947		0.87565		0.88251		0.76752
662		8437.46		0.95458		0.95696		0.88372		0.88947		0.87565		0.88251		0.76752
663		8438.75		0.95444		0.95681		0.88372		0.88947		0.87565		0.88251		0.76752
664		8439.9		0.95444		0.95685		0.88372		0.88947		0.87565		0.88251		0.76752
665		8441.1		0.95433		0.95667		0.8863		0.89418		0.87565		0.88482		0.77276
666		8442.43		0.95418		0.95661		0.8863		0.9027		0.86528		0.8836		0.77325
667		8443.63		0.95412		0.95653		0.8863		0.9027		0.86528		0.8836		0.77325
668		8445.51		0.95388		0.95635		0.8863		0.9027		0.86528		0.8836		0.77325
669		8447.17		0.95389		0.95639		0.8863		0.9027		0.86528		0.8836		0.77325
670		8448.83		0.95377		0.95621		0.8863		0.9027		0.86528		0.8836		0.77325
671		8450.69		0.9539		0.95642		0.8863		0.9027		0.86528		0.8836		0.77325
672		8452.48		0.95394		0.95646		0.8863		0.9027		0.86528		0.8836		0.77325
673		8453.64		0.95421		0.95663		0.8863		0.9027		0.86528		0.8836		0.77325
674		8454.75		0.95412		0.95661		0.88372		0.89785		0.86528		0.88127		0.76792
675		8456.02		0.95393		0.95664		0.88372		0.88947		0.87565		0.88251		0.76752
676		8458.04		0.9538		0.95654		0.8863		0.89418		0.87565		0.88482		0.77276
677		8459.22		0.95372		0.95672		0.8863		0.89418		0.87565		0.88482		0.77276
678		8460.36		0.95382		0.9568		0.8863		0.89418		0.87565		0.88482		0.77276
679		8461.77		0.9538		0.95684		0.89147		0.90374		0.87565		0.88947		0.7833
680		8463.49		0.95386		0.95701		0.88889		0.90323		0.87047		0.88654		0.77827
681		8465.06		0.95369		0.95679		0.8863		0.9027		0.86528		0.8836		0.77325
682		8466.35		0.95389		0.957		0.8863		0.9027		0.86528		0.8836		0.77325
683		8467.73		0.95414		0.95721		0.88372		0.89785		0.86528		0.88127		0.76792
684		8469.4		0.9541		0.95708		0.88372		0.89362		0.87047		0.88189		0.76768
685		8471.09		0.95413		0.95697		0.88372		0.89362		0.87047		0.88189		0.76768
686		8472.49		0.95433		0.95709		0.88372		0.89362		0.87047		0.88189		0.76768
687		8473.89		0.95433		0.95674		0.88372		0.89362		0.87047		0.88189		0.76768
688		8475.08		0.95461		0.95703		0.88372		0.89362		0.87047		0.88189		0.76768
689		8476.55		0.9549		0.95723		0.88114		0.89305		0.86528		0.87895		0.76262
690		8478.16		0.95472		0.95703		0.88114		0.89305		0.86528		0.87895		0.76262
691		8479.76		0.95486		0.95707		0.88114		0.88889		0.87047		0.87958		0.76242
692		8480.89		0.95481		0.95703		0.88114		0.88889		0.87047		0.87958		0.76242
693		8482.07		0.9549		0.95715		0.88372		0.88947		0.87565		0.88251		0.76752
694		8483.97		0.95505		0.95733		0.88372		0.88947		0.87565		0.88251		0.76752
695		8485.08		0.95508		0.95739		0.88114		0.88889		0.87047		0.87958		0.76242
696		8486.46		0.95501		0.95739		0.8863		0.8984		0.87047		0.88421		0.77296
697		8488.22		0.95486		0.95752		0.88372		0.89785		0.86528		0.88127		0.76792
698		8489.63		0.95434		0.9571		0.88372		0.89785		0.86528		0.88127		0.76792
699		8490.79		0.95434		0.95714		0.88372		0.89785		0.86528		0.88127		0.76792
700		8492.23		0.95445		0.95716		0.88372		0.89362		0.87047		0.88189		0.76768
701		8493.48		0.95446		0.95718		0.88372		0.89362		0.87047		0.88189		0.76768
702		8495.18		0.95465		0.95728		0.8863		0.89418		0.87565		0.88482		0.77276
703		8496.67		0.95469		0.9573		0.88372		0.88947		0.87565		0.88251		0.76752
704		8497.79		0.95449		0.95708		0.88372		0.88947		0.87565		0.88251		0.76752
705		8499.06		0.95437		0.95691		0.88372		0.88947		0.87565		0.88251		0.76752
706		8500.21		0.95426		0.95687		0.88372		0.88947		0.87565		0.88251		0.76752
707		8501.39		0.9543		0.9569		0.8863		0.89418		0.87565		0.88482		0.77276
708		8502.63		0.95449		0.95706		0.88372		0.89362		0.87047		0.88189		0.76768
709		8504.59		0.95418		0.95691		0.8863		0.8984		0.87047		0.88421		0.77296
710		8506.56		0.9542		0.95671		0.88114		0.88889		0.87047		0.87958		0.76242
711		8508.34		0.95421		0.95663		0.88372		0.89362		0.87047		0.88189		0.76768
712		8509.86		0.95425		0.95665		0.88372		0.89785		0.86528		0.88127		0.76792
713		8511.64		0.95426		0.95667		0.88114		0.8973		0.8601		0.87831		0.7629
714		8513.04		0.95414		0.95639		0.88114		0.8973		0.8601		0.87831		0.7629
715		8514.93		0.9542		0.95652		0.87855		0.89247		0.8601		0.87599		0.75758
716		8516.36		0.95402		0.95629		0.88114		0.89305		0.86528		0.87895		0.76262
717		8517.49		0.95409		0.95636		0.88372		0.89362		0.87047		0.88189		0.76768
718		8518.72		0.95412		0.95649		0.88114		0.88889		0.87047		0.87958		0.76242
719		8519.83		0.95409		0.95653		0.88114		0.88889		0.87047		0.87958		0.76242
720		8520.99		0.95418		0.95665		0.88114		0.88889		0.87047		0.87958		0.76242
721		8522.68		0.95413		0.95687		0.88372		0.89362		0.87047		0.88189		0.76768
722		8524.12		0.954		0.95696		0.88372		0.89785		0.86528		0.88127		0.76792
723		8525.43		0.95414		0.95728		0.8863		0.9027		0.86528		0.8836		0.77325
724		8526.64		0.95453		0.95771		0.88889		0.90323		0.87047		0.88654		0.77827
725		8527.75		0.95441		0.95761		0.89147		0.90374		0.87565		0.88947		0.7833
726		8528.93		0.95453		0.95779		0.89147		0.90374		0.87565		0.88947		0.7833
727		8530.15		0.95438		0.95764		0.89147		0.90374		0.87565		0.88947		0.7833
728		8531.29		0.95442		0.95751		0.89147		0.90374		0.87565		0.88947		0.7833
729		8532.52		0.95464		0.95768		0.89406		0.90426		0.88083		0.89239		0.78836
730		8534.02		0.95442		0.95744		0.88889		0.89894		0.87565		0.88714		0.77802
731		8535.4		0.95464		0.95755		0.88889		0.89894		0.87565		0.88714		0.77802
732		8537.02		0.95448		0.95738		0.88889		0.89894		0.87565		0.88714		0.77802
733		8538.34		0.95462		0.95738		0.8863		0.89418		0.87565		0.88482		0.77276
734		8539.68		0.95438		0.95693		0.8863		0.89418		0.87565		0.88482		0.77276
735		8541.18		0.95461		0.95716		0.88372		0.89362		0.87047		0.88189		0.76768
736		8542.93		0.95462		0.95702		0.88372		0.89362		0.87047		0.88189		0.76768
737		8544.24		0.95462		0.95691		0.88114		0.88889		0.87047		0.87958		0.76242
738		8545.52		0.95461		0.95693		0.8863		0.89005		0.88083		0.88542		0.77264
739		8547.09		0.9546		0.95684		0.8863		0.89005		0.88083		0.88542		0.77264
740		8548.53		0.95449		0.95694		0.88372		0.88947		0.87565		0.88251		0.76752
741		8550.28		0.9544		0.95696		0.8863		0.89418		0.87565		0.88482		0.77276
742		8552.08		0.95429		0.957		0.8863		0.89418		0.87565		0.88482		0.77276
743		8553.22		0.95445		0.95728		0.88889		0.89062		0.88601		0.88831		0.77778
744		8554.36		0.9541		0.95728		0.8863		0.88601		0.88601		0.88601		0.77261
745		8555.77		0.95418		0.95732		0.8863		0.89005		0.88083		0.88542		0.77264
746		8557.16		0.95382		0.95721		0.8863		0.89005		0.88083		0.88542		0.77264
747		8559.28		0.95353		0.95698		0.88889		0.89474		0.88083		0.88773		0.77786
748		8561.32		0.95345		0.95694		0.88889		0.89474		0.88083		0.88773		0.77786
749		8562.57		0.95358		0.95723		0.88889		0.89474		0.88083		0.88773		0.77786
750		8563.69		0.95338		0.957		0.88372		0.89362		0.87047		0.88189		0.76768
751		8564.87		0.95305		0.9565		0.88114		0.89305		0.86528		0.87895		0.76262
752		8566.09		0.95277		0.95619		0.88114		0.89305		0.86528		0.87895		0.76262
753		8567.71		0.95298		0.95633		0.88114		0.89305		0.86528		0.87895		0.76262
754		8569.03		0.95273		0.95587		0.88114		0.89305		0.86528		0.87895		0.76262
755		8570.43		0.95297		0.95589		0.88114		0.89305		0.86528		0.87895		0.76262
756		8572.33		0.95298		0.95575		0.88114		0.89305		0.86528		0.87895		0.76262
757		8573.79		0.95287		0.95568		0.88114		0.89305		0.86528		0.87895		0.76262
758		8575.69		0.95285		0.95567		0.88114		0.89305		0.86528		0.87895		0.76262
759		8577.08		0.95283		0.95545		0.88114		0.89305		0.86528		0.87895		0.76262
760		8578.33		0.95301		0.95568		0.88114		0.89305		0.86528		0.87895		0.76262
761		8580.22		0.95309		0.95574		0.87855		0.8883		0.86528		0.87664		0.75734
762		8581.92		0.95338		0.956		0.87855		0.8883		0.86528		0.87664		0.75734
763		8583.16		0.95323		0.95593		0.87855		0.8883		0.86528		0.87664		0.75734
764		8584.85		0.95318		0.95584		0.87855		0.8883		0.86528		0.87664		0.75734
765		8586.27		0.95326		0.95602		0.88114		0.89305		0.86528		0.87895		0.76262
766		8587.54		0.95359		0.9562		0.88114		0.89305		0.86528		0.87895		0.76262
767		8588.68		0.95362		0.95622		0.88114		0.89305		0.86528		0.87895		0.76262
768		8589.77		0.95365		0.95645		0.88114		0.89305		0.86528		0.87895		0.76262
769		8590.9		0.95385		0.95675		0.88114		0.89305		0.86528		0.87895		0.76262
770		8592.14		0.95372		0.95663		0.88114		0.89305		0.86528		0.87895		0.76262
771		8593.31		0.95343		0.95638		0.88114		0.89305		0.86528		0.87895		0.76262
772		8594.45		0.95368		0.95678		0.88114		0.89305		0.86528		0.87895		0.76262
773		8596.33		0.95376		0.95683		0.88114		0.89305		0.86528		0.87895		0.76262
774		8598.06		0.95366		0.95668		0.88114		0.89305		0.86528		0.87895		0.76262
775		8599.84		0.95351		0.95629		0.88114		0.89305		0.86528		0.87895		0.76262
776		8601.17		0.95362		0.9564		0.88114		0.89305		0.86528		0.87895		0.76262
777		8602.48		0.95349		0.95618		0.88372		0.89785		0.86528		0.88127		0.76792
778		8603.7		0.95333		0.95601		0.88372		0.89785		0.86528		0.88127		0.76792
779		8605.58		0.95338		0.95593		0.88372		0.89785		0.86528		0.88127		0.76792
780		8607.03		0.9535		0.95599		0.88372		0.89785		0.86528		0.88127		0.76792
781		8608.91		0.95343		0.95597		0.88372		0.89785		0.86528		0.88127		0.76792
782		8610.42		0.95339		0.95592		0.88372		0.89785		0.86528		0.88127		0.76792
783		8612.04		0.95326		0.95584		0.88372		0.89785		0.86528		0.88127		0.76792
784		8613.88		0.9533		0.95583		0.88372		0.89785		0.86528		0.88127		0.76792
785		8615.06		0.95299		0.95576		0.88372		0.89785		0.86528		0.88127		0.76792
786		8616.3		0.95311		0.9559		0.88372		0.89785		0.86528		0.88127		0.76792
787		8617.49		0.95303		0.9559		0.88372		0.89785		0.86528		0.88127		0.76792
788		8618.86		0.95305		0.95597		0.88114		0.89305		0.86528		0.87895		0.76262
789		8620.08		0.95309		0.95593		0.88114		0.89305		0.86528		0.87895		0.76262
790		8621.27		0.95306		0.95585		0.88114		0.89305		0.86528		0.87895		0.76262
791		8622.52		0.95321		0.956		0.88114		0.89305		0.86528		0.87895		0.76262
792		8623.9		0.95314		0.95601		0.88372		0.89785		0.86528		0.88127		0.76792
793		8625.75		0.95319		0.95605		0.88372		0.89785		0.86528		0.88127		0.76792
794		8627.61		0.95346		0.95628		0.88372		0.89785		0.86528		0.88127		0.76792
795		8629.42		0.95373		0.95656		0.88372		0.89785		0.86528		0.88127		0.76792
796		8630.83		0.95363		0.95649		0.88114		0.89305		0.86528		0.87895		0.76262
797		8632.18		0.95357		0.95654		0.88114		0.89305		0.86528		0.87895		0.76262
798		8633.5		0.95368		0.95664		0.88114		0.89305		0.86528		0.87895		0.76262
799		8634.86		0.95359		0.95674		0.88114		0.89305		0.86528		0.87895		0.76262
800		8636.0		0.95357		0.95683		0.88889		0.89894		0.87565		0.88714		0.77802
801		8637.29		0.95322		0.95652		0.8863		0.89418		0.87565		0.88482		0.77276
802		8638.75		0.95323		0.95654		0.88889		0.90323		0.87047		0.88654		0.77827
803		8640.34		0.95302		0.95621		0.88889		0.90323		0.87047		0.88654		0.77827
804		8641.85		0.95285		0.95602		0.8863		0.9027		0.86528		0.8836		0.77325
805		8643.97		0.95275		0.95605		0.8863		0.9027		0.86528		0.8836		0.77325
806		8649.7		0.95266		0.95592		0.8863		0.9027		0.86528		0.8836		0.77325
807		8655.06		0.95251		0.95582		0.8863		0.9027		0.86528		0.8836		0.77325
808		8659.86		0.95225		0.95564		0.8863		0.9027		0.86528		0.8836		0.77325
809		8661.02		0.95211		0.95561		0.8863		0.8984		0.87047		0.88421		0.77296
810		8662.33		0.95194		0.9555		0.8863		0.8984		0.87047		0.88421		0.77296
811		8663.53		0.95214		0.95559		0.88372		0.89362		0.87047		0.88189		0.76768
812		8664.67		0.95238		0.95586		0.88114		0.88889		0.87047		0.87958		0.76242
813		8665.8		0.95234		0.95579		0.87855		0.8883		0.86528		0.87664		0.75734
814		8666.95		0.95222		0.9556		0.87855		0.8883		0.86528		0.87664		0.75734
815		8668.35		0.95206		0.95541		0.87855		0.8883		0.86528		0.87664		0.75734
816		8669.65		0.95214		0.95537		0.87855		0.89247		0.8601		0.87599		0.75758
817		8671.16		0.95233		0.95546		0.87855		0.89247		0.8601		0.87599		0.75758
818		8672.89		0.9525		0.95565		0.87855		0.89247		0.8601		0.87599		0.75758
819		8674.35		0.95253		0.95562		0.88114		0.8973		0.8601		0.87831		0.7629
820		8676.24		0.95263		0.95568		0.88372		0.90217		0.8601		0.88064		0.76824
821		8677.75		0.9527		0.95571		0.88114		0.90164		0.85492		0.87766		0.76326
822		8679.32		0.95275		0.95573		0.88114		0.90164		0.85492		0.87766		0.76326
823		8681.1		0.95299		0.95585		0.88372		0.90217		0.8601		0.88064		0.76824
824		8682.4		0.95301		0.95567		0.8863		0.9027		0.86528		0.8836		0.77325
825		8683.72		0.95319		0.9558		0.88372		0.89785		0.86528		0.88127		0.76792
826		8685.76		0.95323		0.95578		0.87855		0.8883		0.86528		0.87664		0.75734
827		8687.06		0.95326		0.95573		0.87855		0.8883		0.86528		0.87664		0.75734
828		8688.34		0.95326		0.95587		0.87855		0.8883		0.86528		0.87664		0.75734
829		8689.64		0.95273		0.95551		0.88372		0.89785		0.86528		0.88127		0.76792
830		8691.04		0.95234		0.95507		0.88372		0.89785		0.86528		0.88127		0.76792
831		8692.43		0.95201		0.95494		0.88372		0.89785		0.86528		0.88127		0.76792
832		8693.56		0.95189		0.95499		0.88372		0.89785		0.86528		0.88127		0.76792
833		8694.7		0.95193		0.95499		0.8863		0.8984		0.87047		0.88421		0.77296
834		8696.17		0.95187		0.95509		0.8863		0.8984		0.87047		0.88421		0.77296
835		8697.81		0.95214		0.95541		0.8863		0.8984		0.87047		0.88421		0.77296
836		8699.15		0.95199		0.95543		0.8863		0.89418		0.87565		0.88482		0.77276
837		8700.31		0.95227		0.95586		0.8863		0.89005		0.88083		0.88542		0.77264
838		8701.49		0.95229		0.95594		0.8863		0.89005		0.88083		0.88542		0.77264
839		8702.65		0.95221		0.9558		0.88372		0.88542		0.88083		0.88312		0.76745
840		8703.98		0.95207		0.95569		0.8863		0.89418		0.87565		0.88482		0.77276
841		8705.37		0.95211		0.95584		0.88889		0.89894		0.87565		0.88714		0.77802
842		8707.07		0.95197		0.95581		0.8863		0.9027		0.86528		0.8836		0.77325
843		8708.43		0.95189		0.95569		0.8863		0.9027		0.86528		0.8836		0.77325
844		8709.87		0.95205		0.95574		0.88372		0.89785		0.86528		0.88127		0.76792
845		8711.32		0.95186		0.95547		0.88372		0.89785		0.86528		0.88127		0.76792
846		8712.79		0.95199		0.95534		0.88372		0.89785		0.86528		0.88127		0.76792
847		8714.12		0.95193		0.95519		0.88372		0.89785		0.86528		0.88127		0.76792
848		8715.62		0.9521		0.95558		0.88372		0.89785		0.86528		0.88127		0.76792
849		8717.17		0.95191		0.95549		0.8863		0.8984		0.87047		0.88421		0.77296
850		8718.46		0.95251		0.95614		0.88889		0.90323		0.87047		0.88654		0.77827
851		8719.83		0.95263		0.95639		0.88889		0.90323		0.87047		0.88654		0.77827
852		8721.13		0.95266		0.95641		0.8863		0.8984		0.87047		0.88421		0.77296
853		8722.78		0.95266		0.95647		0.8863		0.8984		0.87047		0.88421		0.77296
854		8724.19		0.95262		0.95622		0.88372		0.89362		0.87047		0.88189		0.76768
855		8725.47		0.95265		0.95619		0.88372		0.89362		0.87047		0.88189		0.76768
856		8726.94		0.95289		0.95614		0.88372		0.89362		0.87047		0.88189		0.76768
857		8728.37		0.95302		0.95608		0.88114		0.88889		0.87047		0.87958		0.76242
858		8729.78		0.95327		0.95626		0.88372		0.89362		0.87047		0.88189		0.76768
859		8731.26		0.95345		0.95617		0.88372		0.89362		0.87047		0.88189		0.76768
860		8732.66		0.95361		0.95624		0.88372		0.89362		0.87047		0.88189		0.76768
861		8734.02		0.95311		0.956		0.88114		0.89305		0.86528		0.87895		0.76262
862		8735.58		0.95289		0.95586		0.88372		0.89785		0.86528		0.88127		0.76792
863		8737.19		0.95277		0.95568		0.88372		0.89785		0.86528		0.88127		0.76792
864		8738.66		0.95271		0.95562		0.88372		0.89785		0.86528		0.88127		0.76792
865		8740.22		0.95279		0.95576		0.8863		0.8984		0.87047		0.88421		0.77296
866		8741.62		0.95267		0.9558		0.8863		0.8984		0.87047		0.88421		0.77296
867		8743.43		0.95282		0.95601		0.88372		0.89362		0.87047		0.88189		0.76768
868		8744.83		0.95297		0.95634		0.88114		0.88889		0.87047		0.87958		0.76242
869		8746.44		0.9527		0.95624		0.88114		0.89305		0.86528		0.87895		0.76262
870		8747.99		0.95269		0.95635		0.87855		0.89247		0.8601		0.87599		0.75758
871		8749.25		0.95282		0.95666		0.87855		0.89247		0.8601		0.87599		0.75758
872		8750.53		0.95275		0.9567		0.88372		0.89785		0.86528		0.88127		0.76792
873		8751.67		0.95262		0.95664		0.88372		0.89785		0.86528		0.88127		0.76792
874		8752.82		0.95239		0.95646		0.88114		0.89305		0.86528		0.87895		0.76262
875		8753.96		0.95242		0.95642		0.87597		0.8836		0.86528		0.87435		0.75208
876		8755.24		0.95233		0.956		0.87855		0.8883		0.86528		0.87664		0.75734
877		8756.5		0.95234		0.95596		0.88114		0.89305		0.86528		0.87895		0.76262
878		8758.31		0.95203		0.95567		0.87855		0.8883		0.86528		0.87664		0.75734
879		8759.68		0.9519		0.95543		0.87855		0.89247		0.8601		0.87599		0.75758
880		8760.99		0.95167		0.95516		0.88372		0.89785		0.86528		0.88127		0.76792
881		8762.26		0.95199		0.95551		0.88372		0.89785		0.86528		0.88127		0.76792
882		8763.43		0.95199		0.95543		0.88372		0.89785		0.86528		0.88127		0.76792
883		8764.93		0.95217		0.95548		0.8863		0.8984		0.87047		0.88421		0.77296
884		8766.51		0.95195		0.95532		0.88372		0.89362		0.87047		0.88189		0.76768
885		8768.04		0.95198		0.95533		0.88114		0.88889		0.87047		0.87958		0.76242
886		8769.5		0.9519		0.9553		0.88114		0.89305		0.86528		0.87895		0.76262
887		8771.41		0.9521		0.95545		0.87855		0.89247		0.8601		0.87599		0.75758
888		8773.16		0.95217		0.95556		0.87855		0.89247		0.8601		0.87599		0.75758
889		8774.92		0.95243		0.95592		0.88114		0.8973		0.8601		0.87831		0.7629
890		8776.02		0.95222		0.95571		0.8863		0.8984		0.87047		0.88421		0.77296
891		8777.18		0.95238		0.95595		0.88114		0.88889		0.87047		0.87958		0.76242
892		8778.37		0.95214		0.9559		0.88114		0.88889		0.87047		0.87958		0.76242
893		8779.71		0.95203		0.95588		0.88114		0.88889		0.87047		0.87958		0.76242
894		8780.84		0.95242		0.9564		0.88114		0.88889		0.87047		0.87958		0.76242
895		8782.55		0.95226		0.9563		0.88114		0.88889		0.87047		0.87958		0.76242
896		8784.21		0.9521		0.95611		0.88372		0.89362		0.87047		0.88189		0.76768
897		8785.47		0.95222		0.95627		0.88372		0.89362		0.87047		0.88189		0.76768
898		8786.62		0.95241		0.95653		0.88889		0.90323		0.87047		0.88654		0.77827
899		8787.76		0.95245		0.95647		0.88889		0.90323		0.87047		0.88654		0.77827
900		8788.88		0.95281		0.95658		0.8863		0.9027		0.86528		0.8836		0.77325
901		8790.18		0.9529		0.95654		0.8863		0.9027		0.86528		0.8836		0.77325
902		8792.15		0.95302		0.95644		0.88372		0.89785		0.86528		0.88127		0.76792
903		8793.61		0.95321		0.95639		0.88372		0.89785		0.86528		0.88127		0.76792
904		8795.5		0.95285		0.95601		0.88372		0.89785		0.86528		0.88127		0.76792
905		8797.3		0.95286		0.95592		0.88889		0.89894		0.87565		0.88714		0.77802
906		8799.08		0.95281		0.9559		0.8863		0.8984		0.87047		0.88421		0.77296
907		8800.78		0.95269		0.95566		0.88372		0.89362		0.87047		0.88189		0.76768
908		8802.38		0.95271		0.95573		0.8863		0.8984		0.87047		0.88421		0.77296
909		8803.64		0.95262		0.95562		0.8863		0.8984		0.87047		0.88421		0.77296
910		8804.91		0.95255		0.95586		0.8863		0.9027		0.86528		0.8836		0.77325
911		8806.08		0.95238		0.95582		0.88372		0.90217		0.8601		0.88064		0.76824
912		8807.63		0.95221		0.95573		0.8863		0.8984		0.87047		0.88421		0.77296
913		8809.23		0.95197		0.9555		0.88372		0.89362		0.87047		0.88189		0.76768
914		8810.48		0.95194		0.95556		0.88114		0.88889		0.87047		0.87958		0.76242
915		8811.71		0.9517		0.95532		0.87855		0.8883		0.86528		0.87664		0.75734
916		8812.92		0.95154		0.95514		0.88372		0.89785		0.86528		0.88127		0.76792
917		8814.06		0.9515		0.95508		0.88372		0.89785		0.86528		0.88127		0.76792
918		8815.2		0.95157		0.95518		0.88372		0.89785		0.86528		0.88127		0.76792
919		8816.5		0.9513		0.95482		0.88114		0.89305		0.86528		0.87895		0.76262
920		8817.75		0.95092		0.95441		0.88114		0.89305		0.86528		0.87895		0.76262
921		8819.38		0.95103		0.95448		0.87597		0.8836		0.86528		0.87435		0.75208
922		8820.91		0.95122		0.95463		0.87855		0.87629		0.88083		0.87855		0.75712
923		8822.15		0.9512		0.95466		0.87855		0.87629		0.88083		0.87855		0.75712
924		8823.47		0.9512		0.95474		0.87855		0.87629		0.88083		0.87855		0.75712
925		8824.73		0.95143		0.95503		0.88372		0.88542		0.88083		0.88312		0.76745
926		8826.31		0.95183		0.95533		0.88114		0.88482		0.87565		0.88021		0.76231
927		8828.11		0.95148		0.95508		0.8863		0.89418		0.87565		0.88482		0.77276
928		8829.78		0.95161		0.95543		0.8863		0.8984		0.87047		0.88421		0.77296
929		8831.38		0.95175		0.95572		0.88372		0.89785		0.86528		0.88127		0.76792
930		8832.76		0.9517		0.95594		0.88372		0.89785		0.86528		0.88127		0.76792
931		8834.74		0.95174		0.95583		0.8863		0.8984		0.87047		0.88421		0.77296
932		8836.33		0.95201		0.95627		0.8863		0.8984		0.87047		0.88421		0.77296
933		8837.65		0.95201		0.95618		0.88372		0.89362		0.87047		0.88189		0.76768
934		8838.84		0.95214		0.9561		0.88889		0.89894		0.87565		0.88714		0.77802
935		8839.97		0.95227		0.95633		0.88114		0.88482		0.87565		0.88021		0.76231
936		8841.63		0.95195		0.95616		0.87597		0.87565		0.87565		0.87565		0.75194
937		8843.38		0.95203		0.95639		0.87855		0.88021		0.87565		0.87792		0.75711
938		8844.64		0.95189		0.95631		0.88114		0.88482		0.87565		0.88021		0.76231
939		8845.85		0.95185		0.95625		0.8863		0.89005		0.88083		0.88542		0.77264
940		8847.58		0.95166		0.95614		0.88889		0.89894		0.87565		0.88714		0.77802
941		8849.24		0.9514		0.95564		0.88889		0.89894		0.87565		0.88714		0.77802
942		8850.54		0.9513		0.95547		0.88889		0.90323		0.87047		0.88654		0.77827
943		8851.8		0.95114		0.9553		0.88372		0.89785		0.86528		0.88127		0.76792
944		8852.95		0.95116		0.95522		0.88372		0.89785		0.86528		0.88127		0.76792
945		8854.14		0.95134		0.95502		0.88372		0.89362		0.87047		0.88189		0.76768
946		8855.6		0.95112		0.95481		0.87855		0.8883		0.86528		0.87664		0.75734
947		8857.32		0.95132		0.95492		0.88114		0.88889		0.87047		0.87958		0.76242
948		8858.92		0.95127		0.95483		0.88114		0.88889		0.87047		0.87958		0.76242
949		8860.36		0.95127		0.95486		0.88114		0.88889		0.87047		0.87958		0.76242
950		8862.41		0.95111		0.955		0.88372		0.89362		0.87047		0.88189		0.76768
951		8864.18		0.95159		0.9555		0.88372		0.89362		0.87047		0.88189		0.76768
952		8865.72		0.95171		0.95575		0.88114		0.88889		0.87047		0.87958		0.76242
953		8867.13		0.95158		0.9558		0.88114		0.88889		0.87047		0.87958		0.76242
954		8868.37		0.95198		0.95626		0.87855		0.88421		0.87047		0.87728		0.75719
955		8869.78		0.95193		0.95629		0.88114		0.88482		0.87565		0.88021		0.76231
956		8871.05		0.95174		0.95621		0.88114		0.88482		0.87565		0.88021		0.76231
957		8872.51		0.95218		0.95678		0.88889		0.89894		0.87565		0.88714		0.77802
958		8874.24		0.95199		0.95667		0.8863		0.8984		0.87047		0.88421		0.77296
959		8875.5		0.95194		0.9567		0.88372		0.89785		0.86528		0.88127		0.76792
960		8876.63		0.95169		0.95655		0.88372		0.89785		0.86528		0.88127		0.76792
961		8877.88		0.95183		0.95661		0.88372		0.89785		0.86528		0.88127		0.76792
962		8879.05		0.95181		0.9563		0.88372		0.89362		0.87047		0.88189		0.76768
963		8880.43		0.95175		0.95605		0.87855		0.88421		0.87047		0.87728		0.75719
964		8882.25		0.95173		0.95595		0.87339		0.875		0.87047		0.87273		0.74677
965		8883.83		0.95155		0.95543		0.87597		0.87958		0.87047		0.875		0.75197
966		8885.49		0.95154		0.95554		0.88114		0.88889		0.87047		0.87958		0.76242
967		8887.61		0.95127		0.95529		0.8863		0.8984		0.87047		0.88421		0.77296
968		8889.47		0.95138		0.95532		0.88889		0.90761		0.86528		0.88594		0.77859
969		8891.02		0.95112		0.95516		0.88372		0.90659		0.85492		0.88		0.76865
970		8892.33		0.95075		0.95481		0.88114		0.90608		0.84974		0.87701		0.7637
971		8893.85		0.95096		0.95493		0.88372		0.90659		0.85492		0.88		0.76865
972		8895.3		0.95068		0.95472		0.8863		0.9071		0.8601		0.88298		0.77361
973		8896.81		0.95062		0.95462		0.88372		0.89362		0.87047		0.88189		0.76768
974		8898.07		0.95044		0.95462		0.88114		0.88889		0.87047		0.87958		0.76242
975		8899.22		0.95027		0.9546		0.87339		0.875		0.87047		0.87273		0.74677
976		8900.77		0.95043		0.95463		0.8708		0.87047		0.87047		0.87047		0.7416
977		8902.49		0.95024		0.95441		0.87597		0.87958		0.87047		0.875		0.75197
978		8903.64		0.94986		0.95415		0.88372		0.89362		0.87047		0.88189		0.76768
979		8904.78		0.94992		0.95433		0.87855		0.89247		0.8601		0.87599		0.75758
980		8906.68		0.94986		0.95426		0.88114		0.90164		0.85492		0.87766		0.76326
981		8908.16		0.95003		0.95433		0.88114		0.90164		0.85492		0.87766		0.76326
982		8909.3		0.9501		0.95438		0.87855		0.89674		0.85492		0.87533		0.7579
983		8910.64		0.95003		0.95415		0.87855		0.8883		0.86528		0.87664		0.75734
984		8911.89		0.95011		0.95425		0.87597		0.8836		0.86528		0.87435		0.75208
985		8913.69		0.95016		0.95416		0.87597		0.8836		0.86528		0.87435		0.75208
986		8915.36		0.95015		0.95412		0.87597		0.8836		0.86528		0.87435		0.75208
987		8916.52		0.9501		0.95407		0.87597		0.8836		0.86528		0.87435		0.75208
988		8917.68		0.94996		0.95399		0.87597		0.8836		0.86528		0.87435		0.75208
989		8918.9		0.94998		0.95412		0.87855		0.8883		0.86528		0.87664		0.75734
990		8920.02		0.95004		0.95411		0.88114		0.89305		0.86528		0.87895		0.76262
991		8921.18		0.95011		0.9542		0.88114		0.8973		0.8601		0.87831		0.7629
992		8922.58		0.95019		0.95416		0.87855		0.89247		0.8601		0.87599		0.75758
993		8924.19		0.95026		0.95423		0.88114		0.8973		0.8601		0.87831		0.7629
994		8925.97		0.95076		0.95455		0.87855		0.89247		0.8601		0.87599		0.75758
995		8927.85		0.95076		0.95449		0.87855		0.89247		0.8601		0.87599		0.75758
996		8929.12		0.95063		0.95437		0.87855		0.89247		0.8601		0.87599		0.75758
997		8930.4		0.95068		0.95447		0.87855		0.8883		0.86528		0.87664		0.75734
998		8932.22		0.95104		0.95462		0.88114		0.88889		0.87047		0.87958		0.76242
999		8933.82		0.95115		0.95463		0.88114		0.88889		0.87047		0.87958		0.76242
1000		8935.65		0.95103		0.95446		0.87597		0.87958		0.87047		0.875		0.75197
fold: 6
Epoch		Time		AUC		AUPR		Accuracy		Precision		Recall		F1-score		Mcc
1		8938.0		0.82091		0.78605		0.60622		0.83607		0.26425		0.40157		0.29119
AUC improved at epoch  1 ;	best_auc: 0.8209079438374185
2		8939.16		0.8164		0.78958		0.65285		0.8642		0.36269		0.51095		0.37537
3		8941.17		0.81669		0.79214		0.68912		0.83486		0.4715		0.60265		0.42012
4		8942.57		0.81739		0.79532		0.73057		0.81119		0.60104		0.69048		0.47744
5		8944.03		0.81801		0.79865		0.76166		0.79532		0.70466		0.74725		0.52675
6		8945.23		0.81836		0.80194		0.7487		0.77273		0.70466		0.73713		0.49935
7		8946.42		0.81669		0.80338		0.7487		0.77586		0.69948		0.73569		0.49984
8		8947.57		0.81583		0.80726		0.74352		0.75824		0.71503		0.736		0.48784
9		8948.87		0.81476		0.80721		0.75389		0.75521		0.7513		0.75325		0.50778
10		8950.17		0.81578		0.8068		0.74611		0.76243		0.71503		0.73797		0.49318
11		8952.18		0.81889		0.80843		0.76166		0.7644		0.75648		0.76042		0.52334
12		8953.8		0.82139		0.80781		0.76684		0.76142		0.7772		0.76923		0.53379
AUC improved at epoch  12 ;	best_auc: 0.8213911782866653
13		8955.23		0.82281		0.80805		0.77202		0.7933		0.73575		0.76344		0.54548
AUC improved at epoch  13 ;	best_auc: 0.8228140352761147
14		8957.11		0.81997		0.80488		0.75907		0.7381		0.80311		0.76923		0.52016
15		8958.75		0.81766		0.80016		0.75648		0.74146		0.78756		0.76382		0.51395
16		8960.91		0.8244		0.8043		0.76684		0.7754		0.7513		0.76316		0.53394
AUC improved at epoch  16 ;	best_auc: 0.8243979704153132
17		8962.12		0.82794		0.80685		0.7513		0.7235		0.81347		0.76585		0.50652
AUC improved at epoch  17 ;	best_auc: 0.8279416897097908
18		8963.55		0.8291		0.80673		0.7513		0.7277		0.80311		0.76355		0.50531
AUC improved at epoch  18 ;	best_auc: 0.8290960831163253
19		8965.35		0.83208		0.80917		0.77979		0.79032		0.76166		0.77573		0.55995
AUC improved at epoch  19 ;	best_auc: 0.8320760288866815
20		8966.62		0.83186		0.80727		0.76684		0.75122		0.79793		0.77387		0.53471
21		8967.82		0.83296		0.80996		0.75648		0.71616		0.84974		0.77725		0.52212
AUC improved at epoch  21 ;	best_auc: 0.832961958710301
22		8969.04		0.8353		0.81214		0.76684		0.74879		0.80311		0.775		0.53509
AUC improved at epoch  22 ;	best_auc: 0.8352975918816613
23		8970.29		0.83535		0.81046		0.78238		0.8011		0.7513		0.7754		0.56586
AUC improved at epoch  23 ;	best_auc: 0.8353512845982443
24		8971.46		0.83621		0.81255		0.76943		0.7549		0.79793		0.77582		0.53974
AUC improved at epoch  24 ;	best_auc: 0.8362103680635722
25		8972.63		0.83608		0.81208		0.76166		0.72444		0.84456		0.7799		0.53066
26		8973.82		0.83702		0.81287		0.76166		0.73059		0.82902		0.7767		0.52813
AUC improved at epoch  26 ;	best_auc: 0.8370157588123172
27		8975.05		0.83691		0.81273		0.77202		0.78689		0.74611		0.76596		0.54477
28		8976.89		0.836		0.81117		0.76425		0.76842		0.75648		0.7624		0.52856
29		8979.25		0.836		0.81141		0.77202		0.74648		0.82383		0.78325		0.54699
30		8980.79		0.83822		0.81382		0.76166		0.73059		0.82902		0.7767		0.52813
AUC improved at epoch  30 ;	best_auc: 0.8382238449354343
31		8982.78		0.8411		0.81726		0.76684		0.7641		0.77202		0.76804		0.53371
AUC improved at epoch  31 ;	best_auc: 0.8410964052726247
32		8984.22		0.84322		0.81817		0.76425		0.78022		0.73575		0.75733		0.52936
AUC improved at epoch  32 ;	best_auc: 0.843217267577653
33		8985.63		0.84499		0.8202		0.76943		0.75743		0.79275		0.77468		0.53945
AUC improved at epoch  33 ;	best_auc: 0.844989127224892
34		8986.95		0.8466		0.82163		0.76943		0.75		0.80829		0.77805		0.54049
AUC improved at epoch  34 ;	best_auc: 0.8465999087223818
35		8988.51		0.84692		0.82114		0.76943		0.75243		0.80311		0.77694		0.54009
AUC improved at epoch  35 ;	best_auc: 0.8469220650218798
36		8990.54		0.84636		0.82124		0.76425		0.76289		0.76684		0.76486		0.5285
37		8991.96		0.84673		0.82076		0.76425		0.76289		0.76684		0.76486		0.5285
38		8993.55		0.84848		0.82179		0.75907		0.7451		0.78756		0.76574		0.51898
AUC improved at epoch  38 ;	best_auc: 0.8484791538027866
39		8994.98		0.8503		0.82631		0.75907		0.73585		0.80829		0.77037		0.52066
AUC improved at epoch  39 ;	best_auc: 0.8503047061666085
40		8996.22		0.85009		0.82665		0.76684		0.77249		0.75648		0.7644		0.53379
41		8997.85		0.85151		0.82851		0.76684		0.77249		0.75648		0.7644		0.53379
AUC improved at epoch  41 ;	best_auc: 0.851512792289726
42		8999.02		0.85575		0.83595		0.75648		0.72603		0.82383		0.77184		0.51767
AUC improved at epoch  42 ;	best_auc: 0.8557545168997825
43		9000.36		0.8589		0.84048		0.76684		0.75369		0.79275		0.77273		0.5344
AUC improved at epoch  43 ;	best_auc: 0.8588955408198877
44		9001.72		0.85873		0.84035		0.77202		0.78378		0.7513		0.7672		0.54451
45		9003.19		0.85986		0.84463		0.76166		0.75377		0.7772		0.76531		0.52357
AUC improved at epoch  45 ;	best_auc: 0.8598620097183817
46		9005.05		0.86188		0.84947		0.75389		0.74257		0.7772		0.75949		0.50833
AUC improved at epoch  46 ;	best_auc: 0.861875486590244
47		9007.11		0.86359		0.85178		0.77461		0.78191		0.76166		0.77165		0.54941
AUC improved at epoch  47 ;	best_auc: 0.8635936535208998
48		9008.44		0.86445		0.8536		0.75907		0.7551		0.76684		0.76093		0.5182
AUC improved at epoch  48 ;	best_auc: 0.8644527369862277
49		9009.7		0.86271		0.85337		0.7487		0.73762		0.77202		0.75443		0.49795
50		9010.87		0.86687		0.85899		0.76425		0.75758		0.7772		0.76726		0.52867
AUC improved at epoch  50 ;	best_auc: 0.8668689092324626
51		9012.1		0.87124		0.86306		0.77461		0.78804		0.7513		0.76923		0.54982
AUC improved at epoch  51 ;	best_auc: 0.8712448656339767
52		9013.27		0.87366		0.86764		0.77979		0.78125		0.7772		0.77922		0.55959
AUC improved at epoch  52 ;	best_auc: 0.8736610378802114
53		9014.47		0.87264		0.86846		0.77202		0.76382		0.78756		0.77551		0.5443
54		9015.75		0.87382		0.86971		0.78238		0.80791		0.74093		0.77297		0.56672
AUC improved at epoch  54 ;	best_auc: 0.8738221160299606
55		9016.98		0.87747		0.87471		0.78497		0.75701		0.83938		0.79607		0.57335
AUC improved at epoch  55 ;	best_auc: 0.8774732207576043
56		9019.08		0.87702		0.87427		0.77979		0.8		0.74611		0.77212		0.56086
57		9020.38		0.88013		0.87905		0.79275		0.7868		0.80311		0.79487		0.58562
AUC improved at epoch  57 ;	best_auc: 0.8801310102284624
58		9022.43		0.88421		0.8814		0.78756		0.7734		0.81347		0.79293		0.5759
AUC improved at epoch  58 ;	best_auc: 0.8842116566887701
59		9024.38		0.88483		0.88342		0.79534		0.81319		0.76684		0.78933		0.59164
AUC improved at epoch  59 ;	best_auc: 0.8848291229294746
60		9025.88		0.87643		0.87808		0.78238		0.77665		0.79275		0.78462		0.56489
61		9027.17		0.88751		0.88693		0.79016		0.78866		0.79275		0.7907		0.58032
AUC improved at epoch  61 ;	best_auc: 0.8875137587586245
62		9028.61		0.88934		0.88962		0.79275		0.78392		0.80829		0.79592		0.58578
AUC improved at epoch  62 ;	best_auc: 0.8893393111224462
63		9030.68		0.87946		0.88267		0.78497		0.80899		0.74611		0.77628		0.57168
64		9032.44		0.89235		0.89125		0.78497		0.77778		0.79793		0.78772		0.57014
AUC improved at epoch  64 ;	best_auc: 0.892346103251094
65		9033.6		0.89527		0.89351		0.79275		0.79894		0.78238		0.79058		0.58562
AUC improved at epoch  65 ;	best_auc: 0.8952723563048673
66		9034.78		0.89436		0.89289		0.78756		0.75576		0.84974		0.8		0.57963
67		9035.99		0.896		0.89649		0.78756		0.8535		0.6943		0.76571		0.5854
AUC improved at epoch  67 ;	best_auc: 0.8959972079787376
68		9037.11		0.89546		0.89608		0.79016		0.75688		0.85492		0.80292		0.58524
69		9038.26		0.89914		0.9002		0.80052		0.80208		0.79793		0.8		0.60104
AUC improved at epoch  69 ;	best_auc: 0.8991382318988428
70		9039.5		0.89986		0.90119		0.8057		0.85119		0.74093		0.79224		0.61659
AUC improved at epoch  70 ;	best_auc: 0.8998630835727134
71		9041.04		0.8964		0.89761		0.80311		0.78818		0.82902		0.80808		0.60703
72		9042.27		0.89941		0.89963		0.79534		0.77941		0.82383		0.80101		0.59164
73		9043.81		0.90317		0.90376		0.80052		0.82584		0.76166		0.79245		0.60286
AUC improved at epoch  73 ;	best_auc: 0.9031651856425676
74		9045.55		0.89965		0.90045		0.80829		0.80829		0.80829		0.80829		0.61658
75		9046.69		0.89672		0.8976		0.79016		0.77184		0.82383		0.79699		0.58163
76		9048.03		0.90545		0.90552		0.82124		0.82979		0.80829		0.8189		0.6427
AUC improved at epoch  76 ;	best_auc: 0.9054471260973449
77		9049.26		0.9095		0.90839		0.81865		0.83607		0.79275		0.81383		0.63816
AUC improved at epoch  77 ;	best_auc: 0.9095009261993611
78		9050.49		0.90735		0.90575		0.82124		0.79808		0.8601		0.82793		0.64444
79		9051.99		0.90738		0.90644		0.82124		0.81959		0.82383		0.82171		0.6425
80		9053.74		0.9117		0.91117		0.81865		0.80905		0.8342		0.82143		0.63761
AUC improved at epoch  80 ;	best_auc: 0.9117023275792638
81		9055.44		0.91385		0.91335		0.82902		0.80976		0.8601		0.83417		0.65931
AUC improved at epoch  81 ;	best_auc: 0.9138500362425837
82		9057.17		0.91525		0.91507		0.8342		0.8342		0.8342		0.8342		0.66839
AUC improved at epoch  82 ;	best_auc: 0.9152460468737416
83		9059.25		0.91452		0.91385		0.8342		0.80861		0.87565		0.8408		0.6707
84		9060.53		0.919		0.91808		0.84456		0.83756		0.85492		0.84615		0.68927
AUC improved at epoch  84 ;	best_auc: 0.9190045370345512
85		9061.86		0.91785		0.91834		0.83679		0.84946		0.81865		0.83377		0.67402
86		9063.32		0.91342		0.9135		0.82383		0.78802		0.88601		0.83415		0.65273
87		9064.59		0.91874		0.91885		0.83938		0.87006		0.79793		0.83243		0.6811
88		9065.92		0.92029		0.91862		0.84974		0.81991		0.89637		0.85644		0.70254
AUC improved at epoch  88 ;	best_auc: 0.9202931622325432
89		9067.26		0.9208		0.91947		0.8342		0.82412		0.84974		0.83673		0.66872
AUC improved at epoch  89 ;	best_auc: 0.9208032430400815
90		9068.96		0.91946		0.91841		0.83161		0.82		0.84974		0.83461		0.66365
91		9071.2		0.92271		0.92162		0.83938		0.80184		0.90155		0.84878		0.68407
AUC improved at epoch  91 ;	best_auc: 0.9227093344787779
92		9072.86		0.9255		0.92519		0.84456		0.85185		0.8342		0.84293		0.68927
AUC improved at epoch  92 ;	best_auc: 0.9255013557410937
93		9074.32		0.92494		0.92449		0.85233		0.83333		0.88083		0.85642		0.70581
94		9075.62		0.92249		0.9234		0.8342		0.81159		0.87047		0.84		0.67016
95		9077.27		0.92636		0.9275		0.84197		0.84737		0.8342		0.84073		0.68402
AUC improved at epoch  95 ;	best_auc: 0.9263604392064216
96		9079.05		0.92582		0.92528		0.84456		0.80365		0.91192		0.85437		0.69546
97		9080.29		0.92534		0.92638		0.85751		0.88333		0.82383		0.85255		0.71665
98		9081.45		0.92655		0.92678		0.84974		0.80822		0.9171		0.85922		0.70592
AUC improved at epoch  98 ;	best_auc: 0.9265483637144623
99		9082.69		0.92451		0.92677		0.82642		0.83871		0.80829		0.82322		0.65328
100		9084.52		0.92851		0.92863		0.84456		0.81221		0.89637		0.85222		0.69285
AUC improved at epoch  100 ;	best_auc: 0.9285081478697416
101		9086.17		0.92778		0.9274		0.85751		0.84158		0.88083		0.86076		0.7158
102		9087.6		0.92539		0.92556		0.85233		0.85789		0.84456		0.85117		0.70475
103		9089.31		0.92137		0.92175		0.85233		0.82381		0.89637		0.85856		0.70741
104		9090.91		0.92964		0.93059		0.84974		0.84974		0.84974		0.84974		0.69948
AUC improved at epoch  104 ;	best_auc: 0.9296356949179844
105		9092.27		0.92848		0.93006		0.84974		0.82609		0.88601		0.855		0.70133
106		9093.48		0.93307		0.93369		0.84715		0.81308		0.90155		0.85504		0.69845
AUC improved at epoch  106 ;	best_auc: 0.9330720287792962
107		9094.64		0.93313		0.93385		0.85492		0.85864		0.84974		0.85417		0.70988
AUC improved at epoch  107 ;	best_auc: 0.933125721495879
108		9095.9		0.92239		0.92338		0.84974		0.83251		0.87565		0.85354		0.70042
109		9097.03		0.93052		0.93182		0.85492		0.8408		0.87565		0.85787		0.71046
110		9098.28		0.93592		0.9375		0.8601		0.84577		0.88083		0.86294		0.72083
AUC improved at epoch  110 ;	best_auc: 0.9359177427581948
111		9100.26		0.93616		0.93724		0.85751		0.83173		0.89637		0.86284		0.7172
AUC improved at epoch  111 ;	best_auc: 0.9361593599828183
112		9102.2		0.93581		0.93706		0.85492		0.83744		0.88083		0.85859		0.7108
113		9103.6		0.93425		0.93369		0.8601		0.84577		0.88083		0.86294		0.72083
114		9104.92		0.93557		0.93532		0.87565		0.8436		0.92228		0.88119		0.75458
115		9106.28		0.93664		0.93742		0.87047		0.86294		0.88083		0.87179		0.74109
AUC improved at epoch  115 ;	best_auc: 0.9366425944320653
116		9107.67		0.93619		0.93626		0.86269		0.83981		0.89637		0.86717		0.72704
117		9108.95		0.93557		0.93422		0.85751		0.82857		0.90155		0.86352		0.71782
118		9110.1		0.93648		0.93411		0.84974		0.85714		0.83938		0.84817		0.69963
119		9111.61		0.93339		0.93131		0.87306		0.83333		0.93264		0.8802		0.75147
120		9113.53		0.93756		0.93769		0.87306		0.87113		0.87565		0.87339		0.74612
AUC improved at epoch  120 ;	best_auc: 0.9375553706139762
121		9115.37		0.93702		0.93725		0.86528		0.85427		0.88083		0.86735		0.73092
122		9116.72		0.93589		0.93444		0.86528		0.82192		0.93264		0.87379		0.73729
123		9118.32		0.93887		0.93567		0.87306		0.86		0.89119		0.87532		0.74661
AUC improved at epoch  123 ;	best_auc: 0.9388708421702595
124		9119.91		0.93922		0.93678		0.87565		0.85714		0.90155		0.87879		0.75231
AUC improved at epoch  124 ;	best_auc: 0.9392198448280491
125		9121.21		0.93382		0.93317		0.86528		0.82791		0.92228		0.87255		0.73536
126		9122.48		0.93847		0.94001		0.87306		0.85644		0.89637		0.87595		0.74693
127		9123.94		0.93977		0.94117		0.87824		0.865		0.89637		0.88041		0.75697
AUC improved at epoch  127 ;	best_auc: 0.9397701951730247
128		9125.69		0.94062		0.94103		0.86269		0.8271		0.9171		0.86978		0.72972
AUC improved at epoch  128 ;	best_auc: 0.9406158554592069
129		9127.39		0.93849		0.93862		0.87047		0.84541		0.90674		0.875		0.74289
130		9129.37		0.94145		0.94116		0.86269		0.85354		0.87565		0.86445		0.72563
AUC improved at epoch  130 ;	best_auc: 0.9414480925662434
131		9130.74		0.94255		0.94177		0.87824		0.83796		0.93782		0.88509		0.76191
AUC improved at epoch  131 ;	best_auc: 0.9425487932561949
132		9132.01		0.94185		0.94197		0.87306		0.83962		0.92228		0.87901		0.74976
133		9133.27		0.9408		0.94199		0.86788		0.85149		0.89119		0.87089		0.73655
134		9134.59		0.94087		0.9417		0.86788		0.84135		0.90674		0.87282		0.73798
135		9135.77		0.94266		0.94268		0.8886		0.85377		0.93782		0.89383		0.781
AUC improved at epoch  135 ;	best_auc: 0.9426561786893608
136		9136.99		0.94448		0.94417		0.88601		0.87817		0.89637		0.88718		0.77219
AUC improved at epoch  136 ;	best_auc: 0.9444817310531826
137		9138.25		0.94443		0.9434		0.88601		0.84977		0.93782		0.89163		0.7762
138		9139.4		0.94325		0.94275		0.87306		0.83962		0.92228		0.87901		0.74976
139		9141.4		0.94204		0.94227		0.87565		0.8607		0.89637		0.87817		0.75194
140		9142.66		0.94123		0.94103		0.86788		0.84804		0.89637		0.87154		0.73695
141		9144.0		0.94139		0.9405		0.86788		0.83491		0.9171		0.87407		0.73934
142		9145.15		0.94169		0.94051		0.86788		0.8381		0.91192		0.87345		0.73862
143		9146.8		0.94075		0.93985		0.87565		0.8607		0.89637		0.87817		0.75194
144		9148.41		0.93833		0.9381		0.87047		0.84541		0.90674		0.875		0.74289
145		9150.43		0.93721		0.9372		0.86788		0.84135		0.90674		0.87282		0.73798
146		9152.06		0.93984		0.94024		0.86788		0.855		0.88601		0.87023		0.73624
147		9153.89		0.9422		0.94245		0.86269		0.84653		0.88601		0.86582		0.72618
148		9155.38		0.94235		0.94228		0.86528		0.82791		0.92228		0.87255		0.73536
149		9157.41		0.94087		0.941		0.86528		0.82791		0.92228		0.87255		0.73536
150		9158.65		0.94043		0.94099		0.86528		0.85075		0.88601		0.86802		0.7312
151		9159.82		0.9397		0.94051		0.86788		0.85149		0.89119		0.87089		0.73655
152		9161.01		0.94166		0.94184		0.87306		0.84286		0.9171		0.87841		0.74903
153		9162.17		0.94441		0.94403		0.87824		0.85784		0.90674		0.88161		0.75771
154		9163.5		0.94468		0.94454		0.88083		0.85854		0.91192		0.88442		0.76313
AUC improved at epoch  154 ;	best_auc: 0.9446830787403689
155		9165.0		0.94369		0.94413		0.87047		0.85222		0.89637		0.87374		0.74193
156		9166.85		0.94368		0.94369		0.86788		0.85149		0.89119		0.87089		0.73655
157		9167.99		0.94384		0.94326		0.8601		0.84236		0.88601		0.86364		0.72118
158		9169.47		0.94416		0.94358		0.85751		0.83824		0.88601		0.86146		0.71619
159		9170.86		0.94343		0.94342		0.8601		0.84236		0.88601		0.86364		0.72118
160		9172.65		0.94262		0.94269		0.86269		0.83333		0.90674		0.86849		0.72822
161		9174.46		0.94011		0.94152		0.8601		0.83254		0.90155		0.86567		0.72269
162		9176.07		0.93841		0.94092		0.85492		0.8408		0.87565		0.85787		0.71046
163		9177.63		0.94258		0.94405		0.86528		0.85427		0.88083		0.86735		0.73092
164		9179.52		0.94298		0.94335		0.86528		0.84729		0.89119		0.86869		0.73155
165		9181.26		0.9429		0.94227		0.86269		0.8271		0.9171		0.86978		0.72972
166		9182.64		0.94296		0.94302		0.87565		0.85024		0.91192		0.88		0.75328
167		9183.78		0.9407		0.94128		0.87306		0.86		0.89119		0.87532		0.74661
168		9184.93		0.93972		0.94104		0.87047		0.87047		0.87047		0.87047		0.74093
169		9186.05		0.9429		0.94364		0.87565		0.84689		0.9171		0.8806		0.75389
170		9187.17		0.9446		0.94429		0.87824		0.85096		0.9171		0.88279		0.75877
171		9188.56		0.94448		0.94418		0.86788		0.84135		0.90674		0.87282		0.73798
172		9190.52		0.94376		0.94434		0.86269		0.84653		0.88601		0.86582		0.72618
173		9191.69		0.94362		0.9447		0.86788		0.84466		0.90155		0.87218		0.73743
174		9193.22		0.94161		0.94249		0.87047		0.84878		0.90155		0.87437		0.74237
175		9194.94		0.94194		0.94213		0.87047		0.85572		0.89119		0.8731		0.74157
176		9196.8		0.94411		0.94352		0.88083		0.8731		0.89119		0.88205		0.76182
177		9198.52		0.94459		0.9436		0.88342		0.88144		0.88601		0.88372		0.76685
178		9200.04		0.94487		0.94408		0.86788		0.83491		0.9171		0.87407		0.73934
AUC improved at epoch  178 ;	best_auc: 0.9448710032484093
179		9201.42		0.94385		0.94278		0.87047		0.83256		0.92746		0.87745		0.74579
180		9202.76		0.94456		0.94434		0.8601		0.83902		0.89119		0.86432		0.7216
181		9204.56		0.94533		0.94533		0.86528		0.85427		0.88083		0.86735		0.73092
AUC improved at epoch  181 ;	best_auc: 0.9453273913393648
182		9206.54		0.94517		0.94519		0.86788		0.85149		0.89119		0.87089		0.73655
183		9207.74		0.94463		0.94435		0.86788		0.84466		0.90155		0.87218		0.73743
184		9209.08		0.94322		0.94239		0.87047		0.84541		0.90674		0.875		0.74289
185		9210.22		0.94291		0.94205		0.87565		0.85714		0.90155		0.87879		0.75231
186		9211.42		0.94282		0.94106		0.87565		0.85366		0.90674		0.8794		0.75275
187		9212.57		0.94376		0.94194		0.88083		0.85854		0.91192		0.88442		0.76313
188		9213.78		0.94483		0.9425		0.87824		0.865		0.89637		0.88041		0.75697
189		9215.21		0.94494		0.94256		0.88083		0.86567		0.90155		0.88325		0.76231
190		9216.48		0.94454		0.94234		0.87824		0.85437		0.91192		0.88221		0.7582
191		9217.8		0.94372		0.94133		0.87047		0.83568		0.92228		0.87685		0.74494
192		9219.61		0.94356		0.94125		0.87047		0.83568		0.92228		0.87685		0.74494
193		9221.11		0.94245		0.94121		0.87047		0.85222		0.89637		0.87374		0.74193
194		9222.26		0.94194		0.94159		0.87047		0.85572		0.89119		0.8731		0.74157
195		9223.46		0.94229		0.94217		0.87306		0.86		0.89119		0.87532		0.74661
196		9224.61		0.94346		0.9429		0.86788		0.84804		0.89637		0.87154		0.73695
197		9225.88		0.94421		0.94348		0.86788		0.84135		0.90674		0.87282		0.73798
198		9227.11		0.94549		0.94497		0.87306		0.84615		0.91192		0.87781		0.74838
AUC improved at epoch  198 ;	best_auc: 0.9454884694891138
199		9228.24		0.9458		0.94463		0.87047		0.84541		0.90674		0.875		0.74289
AUC improved at epoch  199 ;	best_auc: 0.945797202609466
200		9229.41		0.94539		0.9445		0.87824		0.85784		0.90674		0.88161		0.75771
201		9230.73		0.94517		0.94514		0.88083		0.86207		0.90674		0.88384		0.76268
202		9232.66		0.94397		0.94352		0.87306		0.85294		0.90155		0.87657		0.74733
203		9233.85		0.94388		0.94432		0.86788		0.85149		0.89119		0.87089		0.73655
204		9235.09		0.94345		0.94393		0.86269		0.84314		0.89119		0.8665		0.72657
205		9236.41		0.94305		0.94367		0.86269		0.84314		0.89119		0.8665		0.72657
206		9238.3		0.94342		0.94396		0.87565		0.85714		0.90155		0.87879		0.75231
207		9239.57		0.94409		0.94461		0.87824		0.85437		0.91192		0.88221		0.7582
208		9240.7		0.94448		0.94495		0.87306		0.84615		0.91192		0.87781		0.74838
209		9242.37		0.94462		0.94471		0.87565		0.84689		0.9171		0.8806		0.75389
210		9243.96		0.94506		0.94583		0.86528		0.84058		0.90155		0.87		0.7325
211		9245.33		0.94543		0.94651		0.86269		0.84314		0.89119		0.8665		0.72657
212		9246.58		0.94478		0.94623		0.86528		0.84729		0.89119		0.86869		0.73155
213		9247.81		0.94419		0.94547		0.87047		0.85572		0.89119		0.8731		0.74157
214		9249.16		0.944		0.94482		0.87047		0.84878		0.90155		0.87437		0.74237
215		9250.61		0.94479		0.94516		0.87565		0.84689		0.9171		0.8806		0.75389
216		9251.83		0.94502		0.94508		0.87565		0.8436		0.92228		0.88119		0.75458
217		9253.03		0.94484		0.94489		0.87824		0.84762		0.92228		0.88337		0.75943
218		9254.26		0.94374		0.94407		0.86788		0.84466		0.90155		0.87218		0.73743
219		9255.43		0.94384		0.94367		0.86269		0.84653		0.88601		0.86582		0.72618
220		9256.93		0.94313		0.94258		0.8601		0.84577		0.88083		0.86294		0.72083
221		9258.38		0.94343		0.94238		0.86528		0.8439		0.89637		0.86935		0.73199
222		9259.94		0.94464		0.94347		0.87306		0.83962		0.92228		0.87901		0.74976
223		9261.39		0.94523		0.94402		0.87824		0.84762		0.92228		0.88337		0.75943
224		9263.14		0.94604		0.94504		0.87824		0.84762		0.92228		0.88337		0.75943
AUC improved at epoch  224 ;	best_auc: 0.9460388198340894
225		9264.5		0.9471		0.94616		0.88083		0.84507		0.93264		0.8867		0.76578
AUC improved at epoch  225 ;	best_auc: 0.9470992509866036
226		9266.31		0.94768		0.94704		0.86788		0.83491		0.9171		0.87407		0.73934
AUC improved at epoch  226 ;	best_auc: 0.9476764476898709
227		9268.01		0.94721		0.94746		0.87306		0.84286		0.9171		0.87841		0.74903
228		9269.38		0.94688		0.94736		0.87047		0.83568		0.92228		0.87685		0.74494
229		9270.71		0.94737		0.94737		0.87306		0.83962		0.92228		0.87901		0.74976
230		9272.03		0.94816		0.94741		0.87565		0.84038		0.92746		0.88177		0.75536
AUC improved at epoch  230 ;	best_auc: 0.9481596821391178
231		9273.22		0.94713		0.94595		0.87565		0.84038		0.92746		0.88177		0.75536
232		9274.55		0.94701		0.94576		0.88342		0.85238		0.92746		0.88834		0.76983
233		9275.69		0.94683		0.94516		0.88601		0.85646		0.92746		0.89055		0.77469
234		9276.88		0.94668		0.94533		0.88083		0.86207		0.90674		0.88384		0.76268
235		9278.95		0.94597		0.94474		0.87306		0.85644		0.89637		0.87595		0.74693
236		9280.28		0.9451		0.94416		0.86528		0.84058		0.90155		0.87		0.7325
237		9281.55		0.94455		0.94362		0.86788		0.8381		0.91192		0.87345		0.73862
238		9282.89		0.94448		0.94339		0.87306		0.83962		0.92228		0.87901		0.74976
239		9284.09		0.94475		0.94322		0.86788		0.84466		0.90155		0.87218		0.73743
240		9285.29		0.94521		0.94414		0.88601		0.87437		0.90155		0.88776		0.77239
241		9286.64		0.94629		0.94599		0.88342		0.86634		0.90674		0.88608		0.76767
242		9288.24		0.94667		0.94679		0.8601		0.82629		0.91192		0.867		0.72411
243		9290.28		0.94652		0.94695		0.86788		0.81982		0.94301		0.87711		0.7442
244		9292.0		0.94719		0.94821		0.86269		0.8211		0.92746		0.87105		0.73155
245		9293.49		0.94758		0.94924		0.87306		0.84615		0.91192		0.87781		0.74838
246		9294.87		0.9471		0.9482		0.86788		0.86224		0.87565		0.86889		0.73584
247		9296.13		0.9469		0.94801		0.87306		0.86735		0.88083		0.87404		0.7462
248		9297.25		0.94628		0.94699		0.87565		0.86432		0.89119		0.87755		0.75166
249		9298.44		0.9457		0.94533		0.87047		0.84541		0.90674		0.875		0.74289
250		9299.75		0.94557		0.94429		0.87306		0.84615		0.91192		0.87781		0.74838
251		9300.99		0.94586		0.94474		0.87824		0.84434		0.92746		0.88395		0.76017
252		9302.16		0.94607		0.94457		0.88083		0.84834		0.92746		0.88614		0.76499
253		9303.32		0.94671		0.9458		0.88342		0.85577		0.92228		0.88778		0.76917
254		9304.55		0.94727		0.9469		0.88601		0.8599		0.92228		0.89		0.77406
255		9305.69		0.94722		0.94722		0.88342		0.85577		0.92228		0.88778		0.76917
256		9306.84		0.94737		0.94748		0.87047		0.83256		0.92746		0.87745		0.74579
257		9307.96		0.9468		0.94711		0.86269		0.83019		0.91192		0.86914		0.72893
258		9309.11		0.94621		0.94657		0.86528		0.83099		0.9171		0.87192		0.73452
259		9310.36		0.9455		0.94594		0.85492		0.82464		0.90155		0.86139		0.71295
260		9311.54		0.94463		0.9449		0.85751		0.83173		0.89637		0.86284		0.7172
261		9313.44		0.94495		0.94517		0.8601		0.83575		0.89637		0.865		0.72211
262		9314.86		0.94537		0.94543		0.86788		0.84804		0.89637		0.87154		0.73695
263		9316.39		0.94609		0.94583		0.87824		0.85437		0.91192		0.88221		0.7582
264		9318.04		0.94605		0.94606		0.88342		0.85922		0.9171		0.88722		0.76858
265		9319.84		0.94627		0.94641		0.88342		0.85577		0.92228		0.88778		0.76917
266		9321.52		0.94659		0.94687		0.87824		0.84762		0.92228		0.88337		0.75943
267		9322.74		0.9471		0.94761		0.88083		0.84834		0.92746		0.88614		0.76499
268		9323.96		0.94792		0.94856		0.87565		0.85024		0.91192		0.88		0.75328
269		9325.05		0.94784		0.94878		0.86788		0.84804		0.89637		0.87154		0.73695
270		9326.2		0.94733		0.94804		0.86788		0.84804		0.89637		0.87154		0.73695
271		9327.36		0.94723		0.94797		0.86528		0.84729		0.89119		0.86869		0.73155
272		9328.59		0.9458		0.9465		0.86528		0.84729		0.89119		0.86869		0.73155
273		9329.69		0.94463		0.94541		0.8601		0.83575		0.89637		0.865		0.72211
274		9330.82		0.94513		0.94618		0.85492		0.83092		0.89119		0.86		0.71172
275		9331.95		0.94627		0.94744		0.85751		0.83495		0.89119		0.86216		0.71665
276		9333.82		0.94656		0.94794		0.8601		0.83902		0.89119		0.86432		0.7216
277		9335.25		0.94695		0.94843		0.86269		0.84314		0.89119		0.8665		0.72657
278		9336.41		0.94655		0.94782		0.86788		0.84804		0.89637		0.87154		0.73695
279		9337.55		0.94644		0.94788		0.86528		0.8439		0.89637		0.86935		0.73199
280		9338.72		0.9469		0.94737		0.86788		0.84466		0.90155		0.87218		0.73743
281		9340.02		0.94633		0.94657		0.87306		0.84286		0.9171		0.87841		0.74903
282		9341.22		0.94561		0.94493		0.87565		0.8436		0.92228		0.88119		0.75458
283		9342.64		0.94605		0.94596		0.87306		0.84286		0.9171		0.87841		0.74903
284		9344.12		0.94625		0.94618		0.87565		0.8436		0.92228		0.88119		0.75458
285		9345.87		0.94623		0.94625		0.87306		0.84286		0.9171		0.87841		0.74903
286		9347.3		0.94652		0.94693		0.87047		0.84211		0.91192		0.87562		0.74349
287		9348.49		0.94656		0.94705		0.87306		0.84286		0.9171		0.87841		0.74903
288		9349.63		0.94664		0.94747		0.86788		0.83491		0.9171		0.87407		0.73934
289		9350.77		0.94644		0.94746		0.87306		0.83962		0.92228		0.87901		0.74976
290		9351.99		0.94674		0.94815		0.86788		0.83491		0.9171		0.87407		0.73934
291		9353.16		0.94667		0.94818		0.86269		0.84314		0.89119		0.8665		0.72657
292		9354.27		0.9469		0.94844		0.87047		0.86294		0.88083		0.87179		0.74109
293		9355.76		0.94686		0.94809		0.87047		0.86294		0.88083		0.87179		0.74109
294		9357.43		0.94578		0.94616		0.86528		0.8439		0.89637		0.86935		0.73199
295		9358.55		0.94397		0.94376		0.87306		0.84286		0.9171		0.87841		0.74903
296		9359.7		0.94294		0.9421		0.86788		0.84135		0.90674		0.87282		0.73798
297		9360.82		0.94264		0.9417		0.87047		0.84541		0.90674		0.875		0.74289
298		9362.39		0.9427		0.94153		0.87306		0.85294		0.90155		0.87657		0.74733
299		9364.28		0.94362		0.94315		0.88601		0.87437		0.90155		0.88776		0.77239
300		9365.51		0.94373		0.94348		0.87565		0.85714		0.90155		0.87879		0.75231
301		9366.88		0.94356		0.9436		0.87047		0.85222		0.89637		0.87374		0.74193
302		9368.08		0.94347		0.9441		0.86528		0.8439		0.89637		0.86935		0.73199
303		9369.21		0.9437		0.94422		0.86788		0.855		0.88601		0.87023		0.73624
304		9370.61		0.94374		0.94403		0.87047		0.86294		0.88083		0.87179		0.74109
305		9372.25		0.9445		0.94498		0.86788		0.86224		0.87565		0.86889		0.73584
306		9373.86		0.94472		0.94527		0.85233		0.83333		0.88083		0.85642		0.70581
307		9375.0		0.94479		0.94565		0.8601		0.83254		0.90155		0.86567		0.72269
308		9376.16		0.9439		0.94509		0.86269		0.83981		0.89637		0.86717		0.72704
309		9377.69		0.94347		0.94528		0.86788		0.84466		0.90155		0.87218		0.73743
310		9379.4		0.94345		0.94536		0.87306		0.84951		0.90674		0.87719		0.74781
311		9380.77		0.94409		0.94623		0.87306		0.84951		0.90674		0.87719		0.74781
312		9382.0		0.94515		0.94715		0.87824		0.85784		0.90674		0.88161		0.75771
313		9383.18		0.94562		0.94756		0.87824		0.85784		0.90674		0.88161		0.75771
314		9384.47		0.94569		0.94749		0.87565		0.85714		0.90155		0.87879		0.75231
315		9385.95		0.94633		0.94791		0.87824		0.86139		0.90155		0.88101		0.7573
316		9387.25		0.94619		0.94749		0.87306		0.85644		0.89637		0.87595		0.74693
317		9388.43		0.94637		0.94711		0.86788		0.84804		0.89637		0.87154		0.73695
318		9389.6		0.94616		0.94641		0.86788		0.84466		0.90155		0.87218		0.73743
319		9390.74		0.94596		0.94605		0.87565		0.8436		0.92228		0.88119		0.75458
320		9392.01		0.94582		0.94625		0.87047		0.84211		0.91192		0.87562		0.74349
321		9393.28		0.9458		0.94649		0.87047		0.84878		0.90155		0.87437		0.74237
322		9394.65		0.94572		0.94655		0.87565		0.85714		0.90155		0.87879		0.75231
323		9395.81		0.9453		0.94618		0.86269		0.85		0.88083		0.86514		0.72587
324		9397.38		0.94458		0.94506		0.85751		0.84158		0.88083		0.86076		0.7158
325		9398.97		0.94373		0.94393		0.86269		0.83654		0.90155		0.86783		0.72759
326		9400.37		0.94343		0.94345		0.86269		0.83654		0.90155		0.86783		0.72759
327		9403.08		0.94347		0.94308		0.86788		0.84135		0.90674		0.87282		0.73798
328		9404.38		0.94339		0.94274		0.87047		0.84541		0.90674		0.875		0.74289
329		9405.76		0.94295		0.94198		0.87047		0.84878		0.90155		0.87437		0.74237
330		9406.98		0.94307		0.94191		0.87306		0.85294		0.90155		0.87657		0.74733
331		9408.45		0.94259		0.94157		0.87306		0.85644		0.89637		0.87595		0.74693
332		9409.59		0.9427		0.94105		0.86788		0.84804		0.89637		0.87154		0.73695
333		9410.8		0.94232		0.94106		0.86788		0.84804		0.89637		0.87154		0.73695
334		9411.96		0.94319		0.94244		0.85751		0.83824		0.88601		0.86146		0.71619
335		9413.08		0.94364		0.94347		0.8601		0.84236		0.88601		0.86364		0.72118
336		9414.23		0.94428		0.94398		0.85751		0.83824		0.88601		0.86146		0.71619
337		9415.36		0.94507		0.94439		0.86528		0.8439		0.89637		0.86935		0.73199
338		9416.63		0.94511		0.94384		0.87306		0.84951		0.90674		0.87719		0.74781
339		9417.76		0.94479		0.94322		0.87047		0.84541		0.90674		0.875		0.74289
340		9419.19		0.94421		0.94252		0.8601		0.83902		0.89119		0.86432		0.7216
341		9420.37		0.94435		0.9432		0.8601		0.84236		0.88601		0.86364		0.72118
342		9422.08		0.94463		0.94367		0.86269		0.84653		0.88601		0.86582		0.72618
343		9423.71		0.94495		0.94442		0.86269		0.84653		0.88601		0.86582		0.72618
344		9425.21		0.9448		0.94429		0.8601		0.83902		0.89119		0.86432		0.7216
345		9427.11		0.94466		0.94361		0.8601		0.83575		0.89637		0.865		0.72211
346		9429.17		0.94523		0.9442		0.86788		0.84135		0.90674		0.87282		0.73798
347		9430.73		0.94561		0.94465		0.88083		0.84507		0.93264		0.8867		0.76578
348		9432.19		0.94545		0.94453		0.88083		0.84834		0.92746		0.88614		0.76499
349		9433.53		0.946		0.94481		0.87824		0.85784		0.90674		0.88161		0.75771
350		9434.68		0.94576		0.94448		0.8886		0.87879		0.90155		0.89003		0.77746
351		9436.03		0.94431		0.94342		0.86788		0.85859		0.88083		0.86957		0.736
352		9437.3		0.94243		0.94066		0.85751		0.83824		0.88601		0.86146		0.71619
353		9438.8		0.94333		0.94208		0.85751		0.83824		0.88601		0.86146		0.71619
354		9440.05		0.94372		0.93989		0.86788		0.84804		0.89637		0.87154		0.73695
355		9441.35		0.94372		0.93974		0.87047		0.85222		0.89637		0.87374		0.74193
356		9442.7		0.94404		0.94275		0.87306		0.84615		0.91192		0.87781		0.74838
357		9444.63		0.94382		0.94228		0.87565		0.85366		0.90674		0.8794		0.75275
358		9446.29		0.94411		0.94333		0.87306		0.85644		0.89637		0.87595		0.74693
359		9448.13		0.94448		0.94366		0.86269		0.83654		0.90155		0.86783		0.72759
360		9449.64		0.94455		0.94407		0.86269		0.83654		0.90155		0.86783		0.72759
361		9451.0		0.94488		0.94458		0.8601		0.83575		0.89637		0.865		0.72211
362		9452.36		0.94476		0.94482		0.85751		0.83495		0.89119		0.86216		0.71665
363		9453.78		0.9456		0.94553		0.85751		0.84158		0.88083		0.86076		0.7158
364		9455.11		0.94562		0.9459		0.86788		0.85859		0.88083		0.86957		0.736
365		9456.3		0.94517		0.94512		0.87565		0.86432		0.89119		0.87755		0.75166
366		9457.65		0.94365		0.94375		0.86528		0.85075		0.88601		0.86802		0.7312
367		9458.87		0.9431		0.94335		0.8601		0.84577		0.88083		0.86294		0.72083
368		9460.37		0.94315		0.94399		0.8601		0.84577		0.88083		0.86294		0.72083
369		9461.95		0.9431		0.94369		0.85751		0.845		0.87565		0.86005		0.7155
370		9463.5		0.9436		0.9437		0.85751		0.83824		0.88601		0.86146		0.71619
371		9464.82		0.94397		0.94361		0.86269		0.83981		0.89637		0.86717		0.72704
372		9466.19		0.94373		0.943		0.86269		0.83654		0.90155		0.86783		0.72759
373		9467.42		0.94403		0.94304		0.86528		0.83732		0.90674		0.87065		0.73309
374		9469.01		0.94322		0.94219		0.86269		0.83654		0.90155		0.86783		0.72759
375		9470.78		0.94271		0.94133		0.85751		0.83173		0.89637		0.86284		0.7172
376		9472.32		0.94337		0.94211		0.8601		0.82938		0.90674		0.86634		0.72336
377		9473.7		0.94266		0.94143		0.86269		0.83333		0.90674		0.86849		0.72822
378		9474.96		0.94255		0.94183		0.85751		0.83173		0.89637		0.86284		0.7172
379		9476.09		0.94305		0.94247		0.85751		0.83495		0.89119		0.86216		0.71665
380		9477.25		0.94384		0.94283		0.86528		0.84729		0.89119		0.86869		0.73155
381		9478.63		0.94537		0.94471		0.87047		0.84878		0.90155		0.87437		0.74237
382		9479.86		0.94576		0.94409		0.87306		0.84286		0.9171		0.87841		0.74903
383		9481.64		0.94588		0.94424		0.87047		0.83886		0.9171		0.87624		0.74418
384		9483.14		0.94619		0.94482		0.88342		0.85922		0.9171		0.88722		0.76858
385		9484.53		0.94586		0.94471		0.88601		0.867		0.91192		0.88889		0.77306
386		9485.94		0.9453		0.94529		0.87565		0.85714		0.90155		0.87879		0.75231
387		9487.31		0.9446		0.94491		0.87565		0.85714		0.90155		0.87879		0.75231
388		9488.5		0.94411		0.94472		0.86788		0.84135		0.90674		0.87282		0.73798
389		9490.07		0.94479		0.94556		0.86788		0.84804		0.89637		0.87154		0.73695
390		9492.09		0.94484		0.94551		0.87565		0.85714		0.90155		0.87879		0.75231
391		9494.1		0.94593		0.94609		0.87047		0.84878		0.90155		0.87437		0.74237
392		9495.9		0.94553		0.94569		0.86788		0.84466		0.90155		0.87218		0.73743
393		9497.49		0.94615		0.94632		0.86788		0.84135		0.90674		0.87282		0.73798
394		9498.77		0.94543		0.94501		0.87047		0.84211		0.91192		0.87562		0.74349
395		9499.97		0.94495		0.94429		0.87047		0.83886		0.9171		0.87624		0.74418
396		9501.17		0.94635		0.94594		0.86528		0.8439		0.89637		0.86935		0.73199
397		9502.37		0.9475		0.94705		0.8601		0.84236		0.88601		0.86364		0.72118
398		9503.51		0.94793		0.94765		0.86269		0.84653		0.88601		0.86582		0.72618
399		9504.75		0.94789		0.94749		0.86528		0.84729		0.89119		0.86869		0.73155
400		9505.89		0.94801		0.94771		0.87824		0.85437		0.91192		0.88221		0.7582
401		9507.04		0.94808		0.94807		0.87306		0.84615		0.91192		0.87781		0.74838
402		9508.22		0.94844		0.94886		0.87565		0.85366		0.90674		0.8794		0.75275
AUC improved at epoch  402 ;	best_auc: 0.9484415689011785
403		9509.56		0.94794		0.94872		0.88342		0.87374		0.89637		0.88491		0.7671
404		9510.68		0.94754		0.94859		0.87824		0.87245		0.88601		0.87918		0.75657
405		9511.84		0.94607		0.94735		0.86528		0.85427		0.88083		0.86735		0.73092
406		9513.73		0.94518		0.94622		0.86788		0.84804		0.89637		0.87154		0.73695
407		9515.38		0.94542		0.94641		0.86528		0.83732		0.90674		0.87065		0.73309
408		9516.94		0.9462		0.94723		0.87565		0.85714		0.90155		0.87879		0.75231
409		9518.52		0.94603		0.9468		0.87824		0.86139		0.90155		0.88101		0.7573
410		9520.72		0.94556		0.94585		0.87306		0.85644		0.89637		0.87595		0.74693
411		9522.32		0.94601		0.9463		0.87306		0.84951		0.90674		0.87719		0.74781
412		9523.66		0.94623		0.9461		0.87047		0.84211		0.91192		0.87562		0.74349
413		9524.83		0.94692		0.94688		0.87047		0.84211		0.91192		0.87562		0.74349
414		9525.99		0.94804		0.94828		0.87306		0.84615		0.91192		0.87781		0.74838
415		9527.19		0.94847		0.94936		0.86788		0.84804		0.89637		0.87154		0.73695
AUC improved at epoch  415 ;	best_auc: 0.94846841525947
416		9528.42		0.94841		0.94942		0.86788		0.85149		0.89119		0.87089		0.73655
417		9529.74		0.94832		0.94918		0.87306		0.85644		0.89637		0.87595		0.74693
418		9531.1		0.94845		0.94923		0.8601		0.83254		0.90155		0.86567		0.72269
419		9532.52		0.94847		0.94923		0.86788		0.83491		0.9171		0.87407		0.73934
420		9534.18		0.9484		0.94915		0.86269		0.83654		0.90155		0.86783		0.72759
421		9536.43		0.94733		0.94858		0.86788		0.84466		0.90155		0.87218		0.73743
422		9538.3		0.9465		0.94789		0.86788		0.85149		0.89119		0.87089		0.73655
423		9539.66		0.94604		0.94745		0.87047		0.8593		0.88601		0.87245		0.74129
424		9540.88		0.94612		0.9473		0.86528		0.85427		0.88083		0.86735		0.73092
425		9542.18		0.94527		0.94557		0.8601		0.83575		0.89637		0.865		0.72211
426		9543.32		0.9448		0.94491		0.86269		0.83333		0.90674		0.86849		0.72822
427		9544.43		0.94433		0.94401		0.8601		0.82938		0.90674		0.86634		0.72336
428		9545.63		0.94401		0.9433		0.8601		0.83254		0.90155		0.86567		0.72269
429		9546.77		0.94317		0.94196		0.8601		0.84236		0.88601		0.86364		0.72118
430		9548.46		0.9424		0.94079		0.86788		0.84466		0.90155		0.87218		0.73743
431		9550.28		0.94244		0.94069		0.87047		0.84878		0.90155		0.87437		0.74237
432		9551.68		0.94354		0.94231		0.87306		0.85644		0.89637		0.87595		0.74693
433		9552.86		0.94513		0.94438		0.87565		0.85366		0.90674		0.8794		0.75275
434		9554.3		0.94577		0.94578		0.87047		0.84541		0.90674		0.875		0.74289
435		9555.88		0.94674		0.94743		0.87565		0.85366		0.90674		0.8794		0.75275
436		9557.84		0.94733		0.94817		0.8601		0.83575		0.89637		0.865		0.72211
437		9559.83		0.94803		0.9489		0.8601		0.82938		0.90674		0.86634		0.72336
438		9561.24		0.94807		0.94885		0.86528		0.83732		0.90674		0.87065		0.73309
439		9562.47		0.94841		0.94915		0.86528		0.85075		0.88601		0.86802		0.7312
440		9563.62		0.94682		0.9474		0.86788		0.855		0.88601		0.87023		0.73624
441		9564.79		0.94702		0.94784		0.86528		0.84058		0.90155		0.87		0.7325
442		9566.12		0.94662		0.94682		0.86788		0.83178		0.92228		0.87469		0.74015
443		9567.26		0.94701		0.94695		0.86528		0.82192		0.93264		0.87379		0.73729
444		9568.47		0.94752		0.94756		0.87047		0.82949		0.93264		0.87805		0.74673
445		9569.65		0.94841		0.94847		0.8601		0.82938		0.90674		0.86634		0.72336
446		9571.58		0.94807		0.94833		0.88083		0.86567		0.90155		0.88325		0.76231
447		9573.16		0.94753		0.94752		0.87824		0.865		0.89637		0.88041		0.75697
448		9574.37		0.94616		0.94574		0.87047		0.84541		0.90674		0.875		0.74289
449		9575.6		0.94425		0.94395		0.86788		0.83491		0.9171		0.87407		0.73934
450		9577.28		0.94417		0.94404		0.87047		0.83256		0.92746		0.87745		0.74579
451		9579.25		0.9439		0.94397		0.86528		0.83732		0.90674		0.87065		0.73309
452		9580.73		0.94384		0.94414		0.8601		0.83902		0.89119		0.86432		0.7216
453		9582.3		0.94255		0.94289		0.86528		0.84729		0.89119		0.86869		0.73155
454		9583.52		0.94259		0.94328		0.85492		0.83744		0.88083		0.85859		0.7108
455		9584.83		0.94181		0.94258		0.85492		0.83415		0.88601		0.8593		0.71122
456		9586.03		0.94047		0.94137		0.85751		0.83495		0.89119		0.86216		0.71665
457		9587.23		0.9417		0.94213		0.86269		0.83981		0.89637		0.86717		0.72704
458		9588.39		0.94282		0.9426		0.86788		0.84466		0.90155		0.87218		0.73743
459		9589.51		0.94413		0.94345		0.86788		0.84804		0.89637		0.87154		0.73695
460		9590.81		0.94462		0.94366		0.87824		0.865		0.89637		0.88041		0.75697
461		9592.27		0.94503		0.9441		0.87565		0.86432		0.89119		0.87755		0.75166
462		9593.63		0.9451		0.94457		0.87306		0.85644		0.89637		0.87595		0.74693
463		9595.0		0.94423		0.94395		0.86788		0.855		0.88601		0.87023		0.73624
464		9596.95		0.94334		0.94357		0.87047		0.85572		0.89119		0.8731		0.74157
465		9598.85		0.94318		0.94423		0.86528		0.85075		0.88601		0.86802		0.7312
466		9600.25		0.94448		0.94539		0.8601		0.83902		0.89119		0.86432		0.7216
467		9602.07		0.94616		0.94738		0.86788		0.84135		0.90674		0.87282		0.73798
468		9603.44		0.9475		0.9486		0.87047		0.84541		0.90674		0.875		0.74289
469		9605.53		0.9482		0.94923		0.87824		0.85784		0.90674		0.88161		0.75771
470		9606.74		0.94777		0.94852		0.88083		0.85854		0.91192		0.88442		0.76313
471		9607.99		0.94733		0.94792		0.87824		0.85437		0.91192		0.88221		0.7582
472		9609.29		0.94609		0.94641		0.86788		0.8381		0.91192		0.87345		0.73862
473		9611.29		0.94448		0.94451		0.86528		0.84058		0.90155		0.87		0.7325
474		9612.72		0.94443		0.94454		0.86528		0.8439		0.89637		0.86935		0.73199
475		9613.89		0.94435		0.94473		0.86528		0.85427		0.88083		0.86735		0.73092
476		9615.07		0.94459		0.94557		0.86788		0.84804		0.89637		0.87154		0.73695
477		9616.3		0.94523		0.94586		0.87565		0.85024		0.91192		0.88		0.75328
478		9617.68		0.94588		0.94624		0.87824		0.85437		0.91192		0.88221		0.7582
479		9618.84		0.94612		0.94552		0.87565		0.85366		0.90674		0.8794		0.75275
480		9620.09		0.94529		0.94529		0.87565		0.85714		0.90155		0.87879		0.75231
481		9621.58		0.94527		0.94513		0.87047		0.85572		0.89119		0.8731		0.74157
482		9623.55		0.94526		0.94527		0.87824		0.86869		0.89119		0.8798		0.75673
483		9624.77		0.94513		0.94454		0.87565		0.86802		0.88601		0.87692		0.75146
484		9625.98		0.94604		0.94543		0.87565		0.86802		0.88601		0.87692		0.75146
485		9627.59		0.94674		0.94508		0.87824		0.85784		0.90674		0.88161		0.75771
486		9629.33		0.9473		0.94569		0.86788		0.83491		0.9171		0.87407		0.73934
487		9630.84		0.94706		0.94556		0.86788		0.83491		0.9171		0.87407		0.73934
488		9632.18		0.94676		0.94526		0.87047		0.84211		0.91192		0.87562		0.74349
489		9633.4		0.94652		0.94485		0.87565		0.85366		0.90674		0.8794		0.75275
490		9634.87		0.94655		0.94513		0.8601		0.83902		0.89119		0.86432		0.7216
491		9636.75		0.94627		0.94461		0.8601		0.83902		0.89119		0.86432		0.7216
492		9637.89		0.94627		0.94538		0.8601		0.83902		0.89119		0.86432		0.7216
493		9639.1		0.94616		0.94544		0.86269		0.84314		0.89119		0.8665		0.72657
494		9640.85		0.94659		0.94652		0.86788		0.85859		0.88083		0.86957		0.736
495		9642.5		0.94607		0.94599		0.87047		0.8593		0.88601		0.87245		0.74129
496		9644.05		0.94537		0.94556		0.86269		0.84314		0.89119		0.8665		0.72657
497		9645.66		0.9438		0.94353		0.86528		0.8439		0.89637		0.86935		0.73199
498		9647.22		0.9428		0.94272		0.85492		0.83092		0.89119		0.86		0.71172
499		9648.83		0.94211		0.94198		0.86269		0.83654		0.90155		0.86783		0.72759
500		9650.47		0.94294		0.94294		0.86269		0.83981		0.89637		0.86717		0.72704
501		9652.24		0.94366		0.94371		0.86788		0.84804		0.89637		0.87154		0.73695
502		9653.84		0.94345		0.94327		0.87047		0.85222		0.89637		0.87374		0.74193
503		9655.14		0.94444		0.94441		0.87565		0.85366		0.90674		0.8794		0.75275
504		9656.46		0.94531		0.94535		0.87306		0.85644		0.89637		0.87595		0.74693
505		9657.79		0.9448		0.94511		0.87306		0.86364		0.88601		0.87468		0.74636
506		9659.09		0.94494		0.94532		0.86788		0.85859		0.88083		0.86957		0.736
507		9660.41		0.94483		0.94459		0.86269		0.85		0.88083		0.86514		0.72587
508		9661.91		0.94377		0.94277		0.86528		0.84058		0.90155		0.87		0.7325
509		9663.21		0.94315		0.94192		0.86788		0.8381		0.91192		0.87345		0.73862
510		9664.57		0.94255		0.94104		0.86528		0.83732		0.90674		0.87065		0.73309
511		9665.89		0.9428		0.94128		0.86788		0.84466		0.90155		0.87218		0.73743
512		9667.79		0.9437		0.94331		0.86269		0.84653		0.88601		0.86582		0.72618
513		9669.47		0.94364		0.94352		0.85751		0.84158		0.88083		0.86076		0.7158
514		9671.38		0.94409		0.94382		0.85751		0.83495		0.89119		0.86216		0.71665
515		9673.15		0.94511		0.94494		0.85751		0.83495		0.89119		0.86216		0.71665
516		9674.96		0.94612		0.94629		0.8601		0.84236		0.88601		0.86364		0.72118
517		9676.59		0.94644		0.94677		0.8601		0.84577		0.88083		0.86294		0.72083
518		9678.57		0.94538		0.94511		0.85751		0.84158		0.88083		0.86076		0.7158
519		9680.26		0.9439		0.9435		0.8601		0.84236		0.88601		0.86364		0.72118
520		9681.79		0.94217		0.94132		0.86269		0.83981		0.89637		0.86717		0.72704
521		9683.73		0.94211		0.94073		0.87047		0.85222		0.89637		0.87374		0.74193
522		9685.03		0.94377		0.94244		0.87047		0.85222		0.89637		0.87374		0.74193
523		9686.35		0.94452		0.94343		0.86788		0.855		0.88601		0.87023		0.73624
524		9687.65		0.94527		0.94457		0.86269		0.84653		0.88601		0.86582		0.72618
525		9689.64		0.94521		0.94479		0.87047		0.84211		0.91192		0.87562		0.74349
526		9691.29		0.94466		0.94422		0.86788		0.84135		0.90674		0.87282		0.73798
527		9692.78		0.94372		0.94272		0.87306		0.84286		0.9171		0.87841		0.74903
528		9694.44		0.94364		0.94296		0.87047		0.84878		0.90155		0.87437		0.74237
529		9696.31		0.94326		0.94278		0.87047		0.85572		0.89119		0.8731		0.74157
530		9697.76		0.94302		0.94242		0.86269		0.84653		0.88601		0.86582		0.72618
531		9699.18		0.94231		0.94214		0.85751		0.83824		0.88601		0.86146		0.71619
532		9700.3		0.94146		0.94111		0.8601		0.83902		0.89119		0.86432		0.7216
533		9701.48		0.94245		0.94171		0.86269		0.84314		0.89119		0.8665		0.72657
534		9702.82		0.94538		0.94461		0.86528		0.84729		0.89119		0.86869		0.73155
535		9704.04		0.94612		0.94564		0.86788		0.85149		0.89119		0.87089		0.73655
536		9705.23		0.94631		0.94611		0.86788		0.84466		0.90155		0.87218		0.73743
537		9706.42		0.94588		0.94553		0.86788		0.83491		0.9171		0.87407		0.73934
538		9707.59		0.94436		0.94366		0.86528		0.83732		0.90674		0.87065		0.73309
539		9709.21		0.94329		0.94288		0.8601		0.83902		0.89119		0.86432		0.7216
540		9710.89		0.94314		0.94306		0.87047		0.8593		0.88601		0.87245		0.74129
541		9712.25		0.94337		0.943		0.86269		0.83981		0.89637		0.86717		0.72704
542		9713.77		0.94491		0.94355		0.8601		0.83254		0.90155		0.86567		0.72269
543		9715.55		0.94676		0.94513		0.86528		0.82791		0.92228		0.87255		0.73536
544		9717.27		0.9473		0.94538		0.87047		0.83568		0.92228		0.87685		0.74494
545		9718.94		0.94714		0.94538		0.87047		0.84211		0.91192		0.87562		0.74349
546		9720.83		0.94687		0.94532		0.86528		0.85075		0.88601		0.86802		0.7312
547		9722.13		0.946		0.945		0.8601		0.83902		0.89119		0.86432		0.7216
548		9723.86		0.94228		0.94052		0.85751		0.82857		0.90155		0.86352		0.71782
549		9725.73		0.94333		0.94242		0.86269		0.83981		0.89637		0.86717		0.72704
550		9727.03		0.94459		0.94475		0.86528		0.84729		0.89119		0.86869		0.73155
551		9728.47		0.9444		0.94486		0.87565		0.8607		0.89637		0.87817		0.75194
552		9730.07		0.94443		0.94477		0.87306		0.85294		0.90155		0.87657		0.74733
553		9731.83		0.94445		0.94459		0.86528		0.84058		0.90155		0.87		0.7325
554		9733.11		0.9438		0.94367		0.86528		0.84058		0.90155		0.87		0.7325
555		9734.41		0.94333		0.94312		0.86528		0.84058		0.90155		0.87		0.7325
556		9736.05		0.94303		0.94271		0.86528		0.84058		0.90155		0.87		0.7325
557		9737.6		0.94323		0.94282		0.86528		0.84058		0.90155		0.87		0.7325
558		9739.17		0.94315		0.94254		0.86528		0.84058		0.90155		0.87		0.7325
559		9740.52		0.94333		0.94264		0.86528		0.84058		0.90155		0.87		0.7325
560		9741.7		0.94366		0.94283		0.86528		0.8439		0.89637		0.86935		0.73199
561		9743.02		0.94382		0.94319		0.86528		0.84729		0.89119		0.86869		0.73155
562		9744.18		0.94382		0.94332		0.86788		0.8381		0.91192		0.87345		0.73862
563		9745.32		0.94361		0.94303		0.87047		0.84211		0.91192		0.87562		0.74349
564		9746.54		0.94377		0.94335		0.86269		0.83654		0.90155		0.86783		0.72759
565		9748.4		0.9438		0.94349		0.86528		0.8439		0.89637		0.86935		0.73199
566		9750.03		0.94333		0.94262		0.8601		0.84236		0.88601		0.86364		0.72118
567		9751.68		0.94396		0.94307		0.8601		0.83902		0.89119		0.86432		0.7216
568		9753.17		0.94358		0.9426		0.86528		0.84729		0.89119		0.86869		0.73155
569		9754.38		0.94306		0.94214		0.86269		0.84314		0.89119		0.8665		0.72657
570		9755.77		0.94232		0.94097		0.85751		0.82857		0.90155		0.86352		0.71782
571		9757.31		0.9425		0.94171		0.8601		0.83254		0.90155		0.86567		0.72269
572		9758.84		0.9444		0.94379		0.8601		0.83902		0.89119		0.86432		0.7216
573		9760.32		0.94558		0.94573		0.86528		0.84729		0.89119		0.86869		0.73155
574		9762.32		0.94574		0.94663		0.87306		0.85644		0.89637		0.87595		0.74693
575		9764.15		0.94607		0.94686		0.87306		0.85644		0.89637		0.87595		0.74693
576		9765.34		0.94619		0.947		0.86269		0.83981		0.89637		0.86717		0.72704
577		9767.17		0.94613		0.94624		0.86528		0.84058		0.90155		0.87		0.7325
578		9768.78		0.94675		0.94673		0.86269		0.83981		0.89637		0.86717		0.72704
579		9770.0		0.94569		0.94521		0.86269		0.83981		0.89637		0.86717		0.72704
580		9771.15		0.94399		0.94314		0.86788		0.84804		0.89637		0.87154		0.73695
581		9772.33		0.94543		0.94439		0.86788		0.84804		0.89637		0.87154		0.73695
582		9773.9		0.94692		0.94583		0.87047		0.85572		0.89119		0.8731		0.74157
583		9779.2		0.94723		0.94601		0.86788		0.84466		0.90155		0.87218		0.73743
584		9784.12		0.94729		0.9463		0.86528		0.83732		0.90674		0.87065		0.73309
585		9790.04		0.94723		0.94666		0.86788		0.84135		0.90674		0.87282		0.73798
586		9795.47		0.94742		0.94707		0.86528		0.84058		0.90155		0.87		0.7325
587		9796.74		0.94729		0.94711		0.87306		0.85294		0.90155		0.87657		0.74733
588		9798.77		0.94651		0.94653		0.87047		0.84878		0.90155		0.87437		0.74237
589		9799.98		0.94596		0.94593		0.86528		0.8439		0.89637		0.86935		0.73199
590		9801.38		0.94454		0.94479		0.86528		0.84058		0.90155		0.87		0.7325
591		9803.16		0.94292		0.94329		0.86788		0.84466		0.90155		0.87218		0.73743
592		9804.76		0.9438		0.94467		0.86269		0.84314		0.89119		0.8665		0.72657
593		9806.36		0.94352		0.94414		0.86788		0.84466		0.90155		0.87218		0.73743
594		9808.23		0.94368		0.94427		0.87306		0.85294		0.90155		0.87657		0.74733
595		9809.8		0.94294		0.94323		0.87565		0.85714		0.90155		0.87879		0.75231
596		9811.02		0.94236		0.94293		0.87306		0.85294		0.90155		0.87657		0.74733
597		9812.23		0.94203		0.94257		0.86528		0.84729		0.89119		0.86869		0.73155
598		9813.37		0.93965		0.94		0.87047		0.84878		0.90155		0.87437		0.74237
599		9814.51		0.93867		0.93761		0.86788		0.84466		0.90155		0.87218		0.73743
600		9816.16		0.94166		0.93995		0.87047		0.84211		0.91192		0.87562		0.74349
601		9817.91		0.94322		0.94124		0.87824		0.84762		0.92228		0.88337		0.75943
602		9819.13		0.94386		0.94196		0.87824		0.84434		0.92746		0.88395		0.76017
603		9820.41		0.94521		0.94376		0.88342		0.85922		0.9171		0.88722		0.76858
604		9821.84		0.9445		0.94341		0.86788		0.84804		0.89637		0.87154		0.73695
605		9823.64		0.94221		0.94167		0.86528		0.85075		0.88601		0.86802		0.7312
606		9825.08		0.94096		0.94123		0.86269		0.85		0.88083		0.86514		0.72587
607		9826.72		0.94184		0.94197		0.86269		0.84653		0.88601		0.86582		0.72618
608		9828.34		0.94243		0.94208		0.8601		0.84236		0.88601		0.86364		0.72118
609		9830.09		0.94216		0.94163		0.86788		0.84466		0.90155		0.87218		0.73743
610		9831.4		0.94199		0.94147		0.86788		0.855		0.88601		0.87023		0.73624
611		9833.04		0.94215		0.94182		0.86788		0.855		0.88601		0.87023		0.73624
612		9834.63		0.94133		0.94072		0.86528		0.84729		0.89119		0.86869		0.73155
613		9835.9		0.94033		0.93961		0.86269		0.83981		0.89637		0.86717		0.72704
614		9837.09		0.9402		0.9394		0.86269		0.83981		0.89637		0.86717		0.72704
615		9838.5		0.94125		0.94025		0.86269		0.84314		0.89119		0.8665		0.72657
616		9839.9		0.94045		0.93963		0.86269		0.85714		0.87047		0.86375		0.72548
617		9841.11		0.94041		0.93901		0.8601		0.84236		0.88601		0.86364		0.72118
618		9842.69		0.94103		0.93925		0.86528		0.83412		0.91192		0.87129		0.73377
619		9844.32		0.94325		0.94189		0.85751		0.83495		0.89119		0.86216		0.71665
620		9845.7		0.94476		0.94438		0.85751		0.84158		0.88083		0.86076		0.7158
621		9847.12		0.94589		0.94631		0.86528		0.85075		0.88601		0.86802		0.7312
622		9848.62		0.94594		0.94627		0.86528		0.85427		0.88083		0.86735		0.73092
623		9850.05		0.94565		0.94521		0.8601		0.84236		0.88601		0.86364		0.72118
624		9851.71		0.94545		0.94478		0.86528		0.8439		0.89637		0.86935		0.73199
625		9853.09		0.94495		0.94449		0.86788		0.84466		0.90155		0.87218		0.73743
626		9854.58		0.9438		0.94341		0.8601		0.83254		0.90155		0.86567		0.72269
627		9856.18		0.94209		0.94219		0.85492		0.82775		0.89637		0.8607		0.7123
628		9857.58		0.94082		0.9414		0.86269		0.84314		0.89119		0.8665		0.72657
629		9858.96		0.94173		0.94243		0.86788		0.855		0.88601		0.87023		0.73624
630		9860.6		0.94267		0.9437		0.87047		0.85572		0.89119		0.8731		0.74157
631		9862.17		0.94397		0.94484		0.86528		0.84729		0.89119		0.86869		0.73155
632		9863.73		0.94388		0.94482		0.86528		0.84058		0.90155		0.87		0.7325
633		9865.26		0.94441		0.94543		0.86528		0.85075		0.88601		0.86802		0.7312
634		9866.68		0.94427		0.94492		0.86269		0.85		0.88083		0.86514		0.72587
635		9867.94		0.94145		0.9413		0.86269		0.85		0.88083		0.86514		0.72587
636		9869.19		0.93874		0.9376		0.85751		0.84158		0.88083		0.86076		0.7158
637		9870.54		0.93691		0.93544		0.85492		0.83415		0.88601		0.8593		0.71122
638		9871.73		0.93824		0.9368		0.86788		0.855		0.88601		0.87023		0.73624
639		9873.23		0.93942		0.9382		0.86788		0.84804		0.89637		0.87154		0.73695
640		9875.18		0.94025		0.93954		0.86269		0.84314		0.89119		0.8665		0.72657
641		9876.61		0.94221		0.94233		0.87047		0.85222		0.89637		0.87374		0.74193
642		9878.35		0.94431		0.94445		0.87565		0.8607		0.89637		0.87817		0.75194
643		9879.83		0.94486		0.94513		0.87824		0.86139		0.90155		0.88101		0.7573
644		9881.51		0.94534		0.9455		0.87824		0.85096		0.9171		0.88279		0.75877
645		9883.04		0.94543		0.94568		0.87565		0.8436		0.92228		0.88119		0.75458
646		9884.81		0.94734		0.94772		0.87824		0.85096		0.9171		0.88279		0.75877
647		9886.38		0.94851		0.94915		0.87306		0.85294		0.90155		0.87657		0.74733
AUC improved at epoch  647 ;	best_auc: 0.9485086847969073
648		9887.76		0.94828		0.94875		0.87306		0.84951		0.90674		0.87719		0.74781
649		9889.09		0.94699		0.9474		0.86528		0.84058		0.90155		0.87		0.7325
650		9890.47		0.94537		0.94564		0.85492		0.82464		0.90155		0.86139		0.71295
651		9891.85		0.94399		0.94415		0.85751		0.83495		0.89119		0.86216		0.71665
652		9893.62		0.94386		0.94411		0.86269		0.84653		0.88601		0.86582		0.72618
653		9895.19		0.94455		0.94444		0.86788		0.85859		0.88083		0.86957		0.736
654		9896.66		0.94518		0.94428		0.8601		0.83902		0.89119		0.86432		0.7216
655		9898.39		0.94417		0.94311		0.85492		0.83092		0.89119		0.86		0.71172
656		9900.22		0.94353		0.94283		0.85233		0.8301		0.88601		0.85714		0.70627
657		9902.01		0.94507		0.94469		0.85751		0.84848		0.87047		0.85934		0.71527
658		9903.81		0.9444		0.94382		0.86788		0.86224		0.87565		0.86889		0.73584
659		9905.29		0.94106		0.94012		0.85751		0.83495		0.89119		0.86216		0.71665
660		9906.45		0.93843		0.9375		0.84974		0.8169		0.90155		0.85714		0.70327
661		9908.38		0.94291		0.94208		0.85492		0.83092		0.89119		0.86		0.71172
662		9909.72		0.94486		0.94443		0.86269		0.84314		0.89119		0.8665		0.72657
663		9910.87		0.94548		0.94618		0.86788		0.84804		0.89637		0.87154		0.73695
664		9912.04		0.94352		0.94365		0.86269		0.83333		0.90674		0.86849		0.72822
665		9913.31		0.94016		0.93996		0.85233		0.82381		0.89637		0.85856		0.70741
666		9914.51		0.94239		0.94242		0.86528		0.86154		0.87047		0.86598		0.73061
667		9915.67		0.94184		0.94242		0.87565		0.89617		0.84974		0.87234		0.75231
668		9916.86		0.938		0.93585		0.85492		0.79913		0.94819		0.8673		0.72253
669		9918.22		0.93739		0.94024		0.85751		0.85938		0.85492		0.85714		0.71504
670		9920.33		0.93021		0.93107		0.82642		0.7625		0.94819		0.84527		0.67311
671		9921.96		0.92574		0.93067		0.79793		0.94574		0.63212		0.75776		0.63159
672		9923.72		0.89318		0.89163		0.61917		0.56845		0.98964		0.72212		0.3549
673		9925.21		0.88333		0.89107		0.64767		0.93846		0.31606		0.47287		0.39461
674		9926.78		0.8904		0.89913		0.79534		0.81667		0.76166		0.7882		0.59202
675		9928.34		0.90717		0.90631		0.64767		0.58879		0.97927		0.73541		0.39461
676		9929.5		0.89852		0.90423		0.80311		0.75771		0.89119		0.81905		0.61585
677		9930.65		0.8899		0.89603		0.77461		0.92742		0.59585		0.72555		0.58809
678		9931.83		0.88832		0.89483		0.68653		0.97368		0.38342		0.55019		0.46908
679		9933.09		0.89315		0.89692		0.71503		0.97701		0.44041		0.60714		0.51462
680		9934.22		0.8986		0.90065		0.81088		0.91096		0.68912		0.78466		0.64106
681		9935.71		0.90088		0.90295		0.82383		0.7907		0.88083		0.83333		0.65192
682		9937.5		0.89817		0.8986		0.76943		0.69549		0.95855		0.8061		0.58211
683		9938.88		0.89721		0.89828		0.73316		0.66071		0.95855		0.78224		0.52241
684		9940.44		0.89635		0.89924		0.75389		0.68846		0.92746		0.79029		0.54144
685		9942.0		0.89492		0.89996		0.80311		0.75107		0.90674		0.8216		0.61967
686		9943.89		0.8924		0.8979		0.81347		0.81026		0.81865		0.81443		0.62698
687		9945.73		0.88743		0.89275		0.80052		0.84524		0.73575		0.7867		0.60614
688		9947.18		0.88392		0.88879		0.78238		0.85621		0.67876		0.75723		0.5773
689		9948.39		0.88418		0.88919		0.78238		0.86577		0.66839		0.75439		0.58004
690		9949.62		0.8855		0.89113		0.79534		0.86076		0.70466		0.77493		0.60063
691		9950.9		0.89049		0.89687		0.80311		0.8503		0.73575		0.78889		0.61179
692		9952.18		0.89492		0.90181		0.8057		0.81383		0.79275		0.80315		0.6116
693		9953.99		0.89718		0.90428		0.80829		0.78199		0.85492		0.81683		0.61928
694		9955.37		0.89914		0.90521		0.80052		0.76126		0.87565		0.81446		0.60794
695		9956.85		0.90107		0.90687		0.80052		0.75893		0.88083		0.81535		0.60894
696		9958.49		0.90231		0.90812		0.80829		0.77674		0.86528		0.81863		0.62063
697		9960.23		0.90333		0.90911		0.81347		0.79512		0.84456		0.8191		0.62816
698		9961.42		0.90424		0.91007		0.81347		0.81675		0.80829		0.8125		0.62698
699		9962.84		0.90558		0.91072		0.8057		0.83146		0.76684		0.79784		0.61325
700		9964.27		0.90719		0.91205		0.83161		0.88095		0.76684		0.81994		0.66885
701		9965.81		0.91004		0.91383		0.83161		0.88554		0.76166		0.81894		0.6698
702		9967.31		0.91374		0.91735		0.82902		0.87135		0.77202		0.81868		0.66235
703		9968.8		0.91785		0.92001		0.83161		0.85556		0.79793		0.82574		0.66472
704		9970.24		0.92131		0.9226		0.83938		0.85027		0.82383		0.83684		0.67908
705		9971.95		0.9219		0.9211		0.8342		0.83077		0.83938		0.83505		0.66843
706		9973.73		0.924		0.92173		0.84715		0.82524		0.88083		0.85213		0.69588
707		9975.0		0.92472		0.92129		0.85233		0.83333		0.88083		0.85642		0.70581
708		9976.44		0.92513		0.92089		0.85233		0.83663		0.87565		0.8557		0.70543
709		9977.62		0.92529		0.92075		0.84974		0.85714		0.83938		0.84817		0.69963
710		9979.69		0.92612		0.92164		0.85233		0.87778		0.81865		0.84718		0.70627
711		9981.17		0.92663		0.92196		0.84715		0.8764		0.80829		0.84097		0.69641
712		9982.49		0.92631		0.9211		0.84715		0.8764		0.80829		0.84097		0.69641
713		9983.94		0.9258		0.91999		0.85492		0.85492		0.85492		0.85492		0.70984
714		9985.48		0.92427		0.91777		0.85492		0.8408		0.87565		0.85787		0.71046
715		9987.24		0.92462		0.91719		0.85233		0.82381		0.89637		0.85856		0.70741
716		9988.65		0.927		0.91911		0.8601		0.85641		0.86528		0.86082		0.72025
717		9989.93		0.92853		0.92064		0.85233		0.86957		0.82902		0.84881		0.70543
718		9991.51		0.92958		0.9216		0.8601		0.87568		0.83938		0.85714		0.72083
719		9992.8		0.92875		0.9202		0.86788		0.85149		0.89119		0.87089		0.73655
720		9994.18		0.92875		0.92006		0.85492		0.82775		0.89637		0.8607		0.7123
721		9995.92		0.93186		0.92345		0.86528		0.84729		0.89119		0.86869		0.73155
722		9997.31		0.93353		0.92537		0.88083		0.88482		0.87565		0.88021		0.7617
723		9998.86		0.93462		0.92577		0.88601		0.88205		0.89119		0.8866		0.77206
724		10000.6		0.93487		0.92511		0.87047		0.84541		0.90674		0.875		0.74289
725		10002.21		0.93662		0.9266		0.86788		0.84135		0.90674		0.87282		0.73798
726		10003.54		0.93911		0.92813		0.87824		0.87245		0.88601		0.87918		0.75657
727		10004.79		0.94064		0.92937		0.87565		0.86802		0.88601		0.87692		0.75146
728		10006.05		0.93992		0.9287		0.87824		0.85437		0.91192		0.88221		0.7582
729		10007.36		0.94094		0.92994		0.87824		0.85437		0.91192		0.88221		0.7582
730		10008.48		0.94207		0.93101		0.87824		0.86869		0.89119		0.8798		0.75673
731		10009.72		0.94255		0.93144		0.88342		0.87		0.90155		0.8855		0.76734
732		10010.84		0.9418		0.93035		0.87565		0.8607		0.89637		0.87817		0.75194
733		10011.96		0.94225		0.92919		0.87306		0.86		0.89119		0.87532		0.74661
734		10013.47		0.94287		0.92972		0.87306		0.86		0.89119		0.87532		0.74661
735		10015.4		0.94274		0.92945		0.88342		0.87374		0.89637		0.88491		0.7671
736		10017.43		0.94204		0.92881		0.88083		0.85167		0.92228		0.88557		0.76429
737		10018.63		0.94166		0.92815		0.86788		0.84804		0.89637		0.87154		0.73695
738		10020.31		0.94188		0.92852		0.87824		0.87245		0.88601		0.87918		0.75657
739		10021.84		0.94233		0.92938		0.87306		0.86735		0.88083		0.87404		0.7462
740		10023.27		0.94121		0.92924		0.87306		0.84951		0.90674		0.87719		0.74781
741		10024.45		0.94166		0.92939		0.87306		0.84951		0.90674		0.87719		0.74781
742		10025.91		0.94233		0.93021		0.87565		0.86432		0.89119		0.87755		0.75166
743		10027.5		0.94282		0.93063		0.87824		0.86869		0.89119		0.8798		0.75673
744		10029.27		0.9429		0.93118		0.87565		0.85714		0.90155		0.87879		0.75231
745		10030.61		0.94244		0.93019		0.87824		0.85096		0.9171		0.88279		0.75877
746		10032.61		0.94282		0.93062		0.87824		0.85437		0.91192		0.88221		0.7582
747		10033.8		0.94317		0.93164		0.87824		0.87629		0.88083		0.87855		0.75649
748		10035.17		0.94301		0.93253		0.87565		0.86802		0.88601		0.87692		0.75146
749		10036.37		0.94239		0.93185		0.87306		0.84615		0.91192		0.87781		0.74838
750		10037.5		0.94305		0.93412		0.87306		0.84615		0.91192		0.87781		0.74838
751		10038.65		0.94337		0.9354		0.87565		0.8607		0.89637		0.87817		0.75194
752		10039.78		0.94373		0.93656		0.87824		0.86869		0.89119		0.8798		0.75673
753		10040.98		0.94327		0.93658		0.87565		0.8607		0.89637		0.87817		0.75194
754		10042.83		0.94203		0.93562		0.87306		0.84951		0.90674		0.87719		0.74781
755		10044.16		0.9424		0.93579		0.86788		0.85149		0.89119		0.87089		0.73655
756		10046.03		0.94267		0.93575		0.86788		0.855		0.88601		0.87023		0.73624
757		10048.22		0.94272		0.93532		0.87047		0.8593		0.88601		0.87245		0.74129
758		10049.49		0.94306		0.93489		0.87047		0.85572		0.89119		0.8731		0.74157
759		10050.76		0.94319		0.93437		0.86528		0.84729		0.89119		0.86869		0.73155
760		10051.85		0.94305		0.93435		0.86269		0.84314		0.89119		0.8665		0.72657
761		10052.99		0.94335		0.93468		0.86528		0.84729		0.89119		0.86869		0.73155
762		10054.22		0.94374		0.93599		0.86528		0.85075		0.88601		0.86802		0.7312
763		10055.3		0.94459		0.93671		0.87047		0.8593		0.88601		0.87245		0.74129
764		10056.42		0.9445		0.93736		0.87306		0.86		0.89119		0.87532		0.74661
765		10058.18		0.94445		0.93718		0.86788		0.85149		0.89119		0.87089		0.73655
766		10059.75		0.94368		0.93562		0.86528		0.84729		0.89119		0.86869		0.73155
767		10061.0		0.94341		0.9358		0.87047		0.85572		0.89119		0.8731		0.74157
768		10063.11		0.94301		0.93587		0.87306		0.86		0.89119		0.87532		0.74661
769		10064.91		0.94306		0.93463		0.87047		0.85572		0.89119		0.8731		0.74157
770		10066.07		0.94352		0.93601		0.87306		0.85644		0.89637		0.87595		0.74693
771		10067.43		0.94352		0.9358		0.87306		0.85294		0.90155		0.87657		0.74733
772		10068.62		0.94343		0.93587		0.87565		0.85366		0.90674		0.8794		0.75275
773		10069.75		0.9437		0.93654		0.87824		0.85784		0.90674		0.88161		0.75771
774		10070.94		0.9438		0.93668		0.87565		0.85714		0.90155		0.87879		0.75231
775		10072.24		0.944		0.93663		0.87824		0.86139		0.90155		0.88101		0.7573
776		10073.39		0.94352		0.93622		0.87565		0.8607		0.89637		0.87817		0.75194
777		10074.5		0.94362		0.93699		0.87047		0.85222		0.89637		0.87374		0.74193
778		10076.21		0.94247		0.9363		0.87047		0.84878		0.90155		0.87437		0.74237
779		10077.94		0.94233		0.93633		0.87047		0.84878		0.90155		0.87437		0.74237
780		10079.65		0.94313		0.93569		0.86788		0.855		0.88601		0.87023		0.73624
781		10081.03		0.94411		0.93703		0.86788		0.855		0.88601		0.87023		0.73624
782		10082.75		0.94407		0.93716		0.86788		0.855		0.88601		0.87023		0.73624
783		10084.38		0.94445		0.93785		0.87047		0.85572		0.89119		0.8731		0.74157
784		10085.78		0.94439		0.93814		0.87306		0.85644		0.89637		0.87595		0.74693
785		10087.13		0.94433		0.93838		0.87306		0.85294		0.90155		0.87657		0.74733
786		10088.54		0.94454		0.93889		0.86788		0.84466		0.90155		0.87218		0.73743
787		10089.99		0.94471		0.93896		0.87306		0.84615		0.91192		0.87781		0.74838
788		10091.83		0.94503		0.93914		0.87306		0.84615		0.91192		0.87781		0.74838
789		10093.42		0.94472		0.93893		0.87047		0.84878		0.90155		0.87437		0.74237
790		10095.56		0.94454		0.93897		0.87047		0.85222		0.89637		0.87374		0.74193
791		10096.94		0.944		0.93845		0.87306		0.85644		0.89637		0.87595		0.74693
792		10098.37		0.94407		0.93888		0.86788		0.85149		0.89119		0.87089		0.73655
793		10099.63		0.94342		0.93837		0.86528		0.84729		0.89119		0.86869		0.73155
794		10100.87		0.94319		0.93824		0.86788		0.84466		0.90155		0.87218		0.73743
795		10102.56		0.94337		0.93866		0.86788		0.84466		0.90155		0.87218		0.73743
796		10104.28		0.94369		0.93909		0.8601		0.84236		0.88601		0.86364		0.72118
797		10105.59		0.94404		0.93715		0.86528		0.84729		0.89119		0.86869		0.73155
798		10106.81		0.94424		0.93743		0.86788		0.85149		0.89119		0.87089		0.73655
799		10108.14		0.94441		0.93761		0.86788		0.85149		0.89119		0.87089		0.73655
800		10109.72		0.94455		0.93798		0.87047		0.85222		0.89637		0.87374		0.74193
801		10112.33		0.94437		0.93773		0.87047		0.85222		0.89637		0.87374		0.74193
802		10113.69		0.94437		0.93788		0.87047		0.85222		0.89637		0.87374		0.74193
803		10115.02		0.94448		0.93821		0.86788		0.84804		0.89637		0.87154		0.73695
804		10116.36		0.94435		0.93818		0.86788		0.85149		0.89119		0.87089		0.73655
805		10117.73		0.94411		0.93791		0.86788		0.85149		0.89119		0.87089		0.73655
806		10118.99		0.94376		0.93767		0.86788		0.855		0.88601		0.87023		0.73624
807		10120.11		0.94342		0.93739		0.87047		0.8593		0.88601		0.87245		0.74129
808		10121.24		0.9431		0.93716		0.87047		0.8593		0.88601		0.87245		0.74129
809		10122.91		0.94339		0.93773		0.87047		0.8593		0.88601		0.87245		0.74129
810		10124.6		0.94354		0.93816		0.86788		0.855		0.88601		0.87023		0.73624
811		10126.39		0.94356		0.93831		0.87047		0.85572		0.89119		0.8731		0.74157
812		10127.82		0.94388		0.93878		0.87047		0.85572		0.89119		0.8731		0.74157
813		10129.48		0.94404		0.93883		0.87306		0.85644		0.89637		0.87595		0.74693
814		10131.09		0.9445		0.93932		0.87047		0.85572		0.89119		0.8731		0.74157
815		10132.37		0.94487		0.93969		0.87047		0.85572		0.89119		0.8731		0.74157
816		10133.56		0.94537		0.94005		0.86788		0.85149		0.89119		0.87089		0.73655
817		10134.89		0.9453		0.93982		0.86788		0.84804		0.89637		0.87154		0.73695
818		10136.06		0.94549		0.93994		0.86528		0.8439		0.89637		0.86935		0.73199
819		10137.35		0.94501		0.93935		0.86528		0.8439		0.89637		0.86935		0.73199
820		10138.48		0.94496		0.93917		0.86528		0.8439		0.89637		0.86935		0.73199
821		10139.69		0.94495		0.93905		0.86528		0.8439		0.89637		0.86935		0.73199
822		10140.91		0.94486		0.93894		0.86528		0.8439		0.89637		0.86935		0.73199
823		10142.22		0.94486		0.93896		0.86528		0.8439		0.89637		0.86935		0.73199
824		10144.26		0.9449		0.93896		0.86528		0.8439		0.89637		0.86935		0.73199
825		10145.78		0.94455		0.93841		0.86528		0.8439		0.89637		0.86935		0.73199
826		10147.44		0.94525		0.93951		0.86528		0.8439		0.89637		0.86935		0.73199
827		10148.95		0.94507		0.9395		0.86528		0.8439		0.89637		0.86935		0.73199
828		10151.08		0.94487		0.93968		0.87047		0.85222		0.89637		0.87374		0.74193
829		10152.22		0.94478		0.93978		0.87047		0.85222		0.89637		0.87374		0.74193
830		10153.41		0.94456		0.93949		0.87047		0.85222		0.89637		0.87374		0.74193
831		10154.59		0.94467		0.93953		0.87047		0.85222		0.89637		0.87374		0.74193
832		10156.16		0.94463		0.93958		0.87306		0.85294		0.90155		0.87657		0.74733
833		10157.33		0.94447		0.93943		0.87047		0.84878		0.90155		0.87437		0.74237
834		10158.66		0.94412		0.93917		0.87047		0.84878		0.90155		0.87437		0.74237
835		10160.04		0.94393		0.93887		0.87047		0.84878		0.90155		0.87437		0.74237
836		10161.5		0.94346		0.93844		0.86788		0.84804		0.89637		0.87154		0.73695
837		10163.46		0.94319		0.93818		0.86788		0.84804		0.89637		0.87154		0.73695
838		10165.05		0.94301		0.93796		0.87306		0.86364		0.88601		0.87468		0.74636
839		10166.48		0.94291		0.93763		0.87824		0.87245		0.88601		0.87918		0.75657
840		10168.02		0.94266		0.93734		0.87565		0.86802		0.88601		0.87692		0.75146
841		10169.89		0.94256		0.93711		0.86528		0.85075		0.88601		0.86802		0.7312
842		10171.6		0.94292		0.93731		0.86269		0.84653		0.88601		0.86582		0.72618
843		10172.73		0.94296		0.93735		0.86269		0.84653		0.88601		0.86582		0.72618
844		10173.88		0.94322		0.93758		0.86269		0.84314		0.89119		0.8665		0.72657
845		10175.1		0.94306		0.9377		0.86788		0.84804		0.89637		0.87154		0.73695
846		10176.32		0.94322		0.93821		0.87047		0.85222		0.89637		0.87374		0.74193
847		10177.6		0.94381		0.93904		0.87306		0.85644		0.89637		0.87595		0.74693
848		10178.79		0.94416		0.93946		0.87565		0.86432		0.89119		0.87755		0.75166
849		10180.08		0.94452		0.93987		0.87565		0.86432		0.89119		0.87755		0.75166
850		10181.44		0.94467		0.93994		0.87565		0.86432		0.89119		0.87755		0.75166
851		10183.8		0.94436		0.93974		0.87047		0.85572		0.89119		0.8731		0.74157
852		10185.47		0.94388		0.93912		0.86528		0.84729		0.89119		0.86869		0.73155
853		10186.66		0.94378		0.93891		0.86269		0.84314		0.89119		0.8665		0.72657
854		10188.0		0.94366		0.93871		0.86269		0.84314		0.89119		0.8665		0.72657
855		10189.19		0.94377		0.93882		0.86528		0.8439		0.89637		0.86935		0.73199
856		10190.99		0.94384		0.9388		0.86528		0.8439		0.89637		0.86935		0.73199
857		10192.53		0.94396		0.93898		0.86528		0.8439		0.89637		0.86935		0.73199
858		10194.04		0.94401		0.93913		0.86788		0.85149		0.89119		0.87089		0.73655
859		10195.6		0.94429		0.93936		0.87047		0.85572		0.89119		0.8731		0.74157
860		10197.08		0.94458		0.93972		0.87306		0.86		0.89119		0.87532		0.74661
861		10198.59		0.9446		0.93979		0.87306		0.86		0.89119		0.87532		0.74661
862		10200.78		0.94466		0.9399		0.87047		0.85572		0.89119		0.8731		0.74157
863		10202.0		0.94467		0.94008		0.86528		0.84729		0.89119		0.86869		0.73155
864		10203.15		0.94445		0.93988		0.86528		0.84729		0.89119		0.86869		0.73155
865		10204.31		0.94409		0.93956		0.86528		0.84729		0.89119		0.86869		0.73155
866		10205.57		0.94399		0.93951		0.86528		0.84729		0.89119		0.86869		0.73155
867		10206.77		0.94409		0.93974		0.86788		0.85149		0.89119		0.87089		0.73655
868		10207.92		0.94396		0.93943		0.86788		0.85149		0.89119		0.87089		0.73655
869		10209.08		0.94356		0.93924		0.87306		0.86		0.89119		0.87532		0.74661
870		10210.38		0.9436		0.93938		0.87565		0.86432		0.89119		0.87755		0.75166
871		10212.29		0.9431		0.93893		0.87306		0.86		0.89119		0.87532		0.74661
872		10214.45		0.94314		0.93896		0.87047		0.85572		0.89119		0.8731		0.74157
873		10216.54		0.94314		0.93911		0.86788		0.85149		0.89119		0.87089		0.73655
874		10217.68		0.94295		0.93894		0.86788		0.85149		0.89119		0.87089		0.73655
875		10219.07		0.9424		0.93849		0.86788		0.84804		0.89637		0.87154		0.73695
876		10220.3		0.94254		0.93859		0.86788		0.84804		0.89637		0.87154		0.73695
877		10221.56		0.94278		0.93877		0.86788		0.85149		0.89119		0.87089		0.73655
878		10222.82		0.94326		0.93927		0.86788		0.85149		0.89119		0.87089		0.73655
879		10224.11		0.94352		0.93964		0.87565		0.8607		0.89637		0.87817		0.75194
880		10225.71		0.94386		0.93998		0.87824		0.865		0.89637		0.88041		0.75697
881		10227.41		0.94396		0.93987		0.87824		0.865		0.89637		0.88041		0.75697
882		10228.82		0.94405		0.93983		0.87565		0.8607		0.89637		0.87817		0.75194
883		10230.63		0.94431		0.93999		0.87565		0.8607		0.89637		0.87817		0.75194
884		10232.31		0.94399		0.93942		0.87565		0.85366		0.90674		0.8794		0.75275
885		10234.23		0.94385		0.93932		0.87565		0.85024		0.91192		0.88		0.75328
886		10235.85		0.94366		0.93908		0.87306		0.84951		0.90674		0.87719		0.74781
887		10237.23		0.94356		0.93904		0.87047		0.84541		0.90674		0.875		0.74289
888		10238.64		0.94357		0.93906		0.87306		0.84951		0.90674		0.87719		0.74781
889		10240.18		0.94428		0.93983		0.87047		0.85222		0.89637		0.87374		0.74193
890		10241.52		0.94425		0.93992		0.87306		0.85644		0.89637		0.87595		0.74693
891		10242.81		0.94444		0.94017		0.87306		0.85644		0.89637		0.87595		0.74693
892		10244.02		0.94447		0.9403		0.87306		0.85644		0.89637		0.87595		0.74693
893		10245.27		0.94459		0.94055		0.87306		0.85644		0.89637		0.87595		0.74693
894		10246.59		0.94458		0.94056		0.87565		0.85714		0.90155		0.87879		0.75231
895		10249.1		0.94466		0.94065		0.87565		0.85714		0.90155		0.87879		0.75231
896		10250.49		0.9445		0.94041		0.87306		0.85294		0.90155		0.87657		0.74733
897		10251.77		0.94429		0.94011		0.87306		0.85294		0.90155		0.87657		0.74733
898		10253.18		0.94417		0.9401		0.87047		0.85222		0.89637		0.87374		0.74193
899		10254.81		0.94425		0.9402		0.86788		0.85149		0.89119		0.87089		0.73655
900		10256.38		0.94416		0.94007		0.86788		0.85149		0.89119		0.87089		0.73655
901		10257.94		0.94425		0.93998		0.86788		0.85149		0.89119		0.87089		0.73655
902		10259.61		0.94428		0.94		0.86788		0.85149		0.89119		0.87089		0.73655
903		10260.97		0.94425		0.94009		0.86788		0.85149		0.89119		0.87089		0.73655
904		10262.61		0.94408		0.94009		0.86788		0.85149		0.89119		0.87089		0.73655
905		10264.28		0.94441		0.94057		0.86788		0.85149		0.89119		0.87089		0.73655
906		10266.14		0.9444		0.94075		0.86788		0.85149		0.89119		0.87089		0.73655
907		10267.42		0.9446		0.9411		0.86788		0.85149		0.89119		0.87089		0.73655
908		10268.58		0.94499		0.94147		0.86788		0.84804		0.89637		0.87154		0.73695
909		10269.72		0.94506		0.94152		0.86788		0.84804		0.89637		0.87154		0.73695
910		10270.92		0.94462		0.93843		0.86788		0.84804		0.89637		0.87154		0.73695
911		10272.43		0.94466		0.93851		0.86788		0.84804		0.89637		0.87154		0.73695
912		10274.01		0.94468		0.93841		0.86788		0.84804		0.89637		0.87154		0.73695
913		10275.56		0.94519		0.94172		0.86528		0.84729		0.89119		0.86869		0.73155
914		10276.75		0.94521		0.94173		0.86528		0.84729		0.89119		0.86869		0.73155
915		10278.5		0.94476		0.94141		0.86528		0.84729		0.89119		0.86869		0.73155
916		10280.64		0.94452		0.94112		0.86528		0.8439		0.89637		0.86935		0.73199
917		10282.17		0.94396		0.94055		0.86788		0.85149		0.89119		0.87089		0.73655
918		10283.61		0.94362		0.94007		0.87047		0.85572		0.89119		0.8731		0.74157
919		10284.76		0.94364		0.94008		0.87047		0.85572		0.89119		0.8731		0.74157
920		10286.15		0.94377		0.94033		0.87047		0.8593		0.88601		0.87245		0.74129
921		10287.52		0.94411		0.9408		0.86788		0.855		0.88601		0.87023		0.73624
922		10288.72		0.94431		0.94121		0.86528		0.85075		0.88601		0.86802		0.7312
923		10290.51		0.94433		0.94133		0.86528		0.85075		0.88601		0.86802		0.7312
924		10292.2		0.94488		0.94202		0.86269		0.84653		0.88601		0.86582		0.72618
925		10293.67		0.94487		0.94193		0.86269		0.84653		0.88601		0.86582		0.72618
926		10295.14		0.94474		0.94182		0.86269		0.84653		0.88601		0.86582		0.72618
927		10296.43		0.94494		0.94207		0.86528		0.84729		0.89119		0.86869		0.73155
928		10297.99		0.94505		0.94218		0.86528		0.84729		0.89119		0.86869		0.73155
929		10299.82		0.94523		0.94238		0.86788		0.84804		0.89637		0.87154		0.73695
930		10301.16		0.94546		0.9426		0.86788		0.84804		0.89637		0.87154		0.73695
931		10303.11		0.94561		0.94275		0.86528		0.84729		0.89119		0.86869		0.73155
932		10304.6		0.94556		0.94275		0.86788		0.84804		0.89637		0.87154		0.73695
933		10305.99		0.94553		0.94274		0.86788		0.84804		0.89637		0.87154		0.73695
934		10307.38		0.94537		0.94264		0.86788		0.84804		0.89637		0.87154		0.73695
935		10308.8		0.94539		0.94264		0.86788		0.84804		0.89637		0.87154		0.73695
936		10310.57		0.94479		0.94183		0.86788		0.84804		0.89637		0.87154		0.73695
937		10312.15		0.94421		0.94117		0.86788		0.84804		0.89637		0.87154		0.73695
938		10313.36		0.94404		0.94094		0.86528		0.84729		0.89119		0.86869		0.73155
939		10314.6		0.9438		0.94059		0.86528		0.84729		0.89119		0.86869		0.73155
940		10315.8		0.94399		0.9408		0.86528		0.84729		0.89119		0.86869		0.73155
941		10317.5		0.94419		0.94104		0.86788		0.85149		0.89119		0.87089		0.73655
942		10319.25		0.94444		0.94156		0.86788		0.85149		0.89119		0.87089		0.73655
943		10320.48		0.94452		0.94169		0.86528		0.84729		0.89119		0.86869		0.73155
944		10321.72		0.94454		0.94168		0.86528		0.84729		0.89119		0.86869		0.73155
945		10323.82		0.94456		0.94176		0.86528		0.84729		0.89119		0.86869		0.73155
946		10325.06		0.9446		0.94184		0.86788		0.84804		0.89637		0.87154		0.73695
947		10326.31		0.94419		0.93838		0.86788		0.84804		0.89637		0.87154		0.73695
948		10327.59		0.94388		0.93813		0.86788		0.84804		0.89637		0.87154		0.73695
949		10329.25		0.94385		0.93815		0.86788		0.84804		0.89637		0.87154		0.73695
950		10331.05		0.9442		0.93848		0.86788		0.84804		0.89637		0.87154		0.73695
951		10332.65		0.94409		0.93843		0.86528		0.84729		0.89119		0.86869		0.73155
952		10334.25		0.94458		0.94162		0.86528		0.84729		0.89119		0.86869		0.73155
953		10335.76		0.94444		0.94097		0.86788		0.85149		0.89119		0.87089		0.73655
954		10337.57		0.94412		0.94086		0.87047		0.84878		0.90155		0.87437		0.74237
955		10339.72		0.94374		0.94043		0.86788		0.84804		0.89637		0.87154		0.73695
956		10340.89		0.94389		0.94042		0.86788		0.84466		0.90155		0.87218		0.73743
957		10342.01		0.9442		0.94056		0.86788		0.84466		0.90155		0.87218		0.73743
958		10343.14		0.94454		0.94099		0.86788		0.84466		0.90155		0.87218		0.73743
959		10344.42		0.94475		0.94123		0.87047		0.84878		0.90155		0.87437		0.74237
960		10345.61		0.94399		0.93801		0.87306		0.85294		0.90155		0.87657		0.74733
961		10346.85		0.94407		0.9382		0.87565		0.85714		0.90155		0.87879		0.75231
962		10347.99		0.94447		0.9389		0.87306		0.85644		0.89637		0.87595		0.74693
963		10349.3		0.94437		0.93903		0.87565		0.8607		0.89637		0.87817		0.75194
964		10350.82		0.94433		0.93917		0.87306		0.86		0.89119		0.87532		0.74661
965		10352.18		0.94411		0.93893		0.87047		0.85572		0.89119		0.8731		0.74157
966		10354.19		0.94381		0.93867		0.87047		0.85572		0.89119		0.8731		0.74157
967		10355.81		0.94397		0.9389		0.86528		0.84729		0.89119		0.86869		0.73155
968		10357.52		0.94399		0.93882		0.86528		0.84729		0.89119		0.86869		0.73155
969		10359.14		0.94407		0.93878		0.86528		0.84729		0.89119		0.86869		0.73155
970		10360.82		0.94498		0.94237		0.86528		0.84729		0.89119		0.86869		0.73155
971		10362.04		0.94498		0.94237		0.86528		0.84729		0.89119		0.86869		0.73155
972		10363.46		0.94503		0.94231		0.86788		0.85149		0.89119		0.87089		0.73655
973		10365.11		0.94499		0.94229		0.86788		0.85149		0.89119		0.87089		0.73655
974		10366.5		0.9449		0.9422		0.86269		0.84653		0.88601		0.86582		0.72618
975		10368.03		0.94484		0.942		0.86528		0.84729		0.89119		0.86869		0.73155
976		10370.04		0.9447		0.94186		0.86788		0.84804		0.89637		0.87154		0.73695
977		10371.39		0.94464		0.94181		0.86528		0.8439		0.89637		0.86935		0.73199
978		10372.63		0.94436		0.94159		0.86528		0.8439		0.89637		0.86935		0.73199
979		10373.86		0.9445		0.94165		0.86528		0.8439		0.89637		0.86935		0.73199
980		10375.16		0.94451		0.94164		0.86528		0.84729		0.89119		0.86869		0.73155
981		10376.47		0.9448		0.942		0.86528		0.84729		0.89119		0.86869		0.73155
982		10377.59		0.94529		0.94254		0.86528		0.84729		0.89119		0.86869		0.73155
983		10378.84		0.94533		0.94265		0.86788		0.85149		0.89119		0.87089		0.73655
984		10380.66		0.94552		0.94289		0.86788		0.85149		0.89119		0.87089		0.73655
985		10382.43		0.94523		0.94252		0.86788		0.85149		0.89119		0.87089		0.73655
986		10384.11		0.94488		0.94198		0.86788		0.85149		0.89119		0.87089		0.73655
987		10385.27		0.94439		0.94146		0.86528		0.84729		0.89119		0.86869		0.73155
988		10386.42		0.944		0.94124		0.86528		0.84729		0.89119		0.86869		0.73155
989		10387.6		0.94377		0.94104		0.87047		0.84878		0.90155		0.87437		0.74237
990		10389.1		0.94392		0.94106		0.86788		0.84804		0.89637		0.87154		0.73695
991		10390.94		0.94423		0.94126		0.86528		0.84729		0.89119		0.86869		0.73155
992		10392.18		0.94474		0.94183		0.86528		0.84729		0.89119		0.86869		0.73155
993		10394.09		0.9447		0.94186		0.87047		0.85572		0.89119		0.8731		0.74157
994		10395.6		0.94487		0.94206		0.87306		0.86		0.89119		0.87532		0.74661
995		10396.92		0.94484		0.94202		0.87047		0.85572		0.89119		0.8731		0.74157
996		10398.79		0.94435		0.94133		0.86528		0.84729		0.89119		0.86869		0.73155
997		10400.53		0.94416		0.94122		0.86528		0.84729		0.89119		0.86869		0.73155
998		10402.38		0.94322		0.93745		0.86269		0.84314		0.89119		0.8665		0.72657
999		10403.99		0.9429		0.9371		0.86528		0.8439		0.89637		0.86935		0.73199
1000		10405.1		0.94315		0.93772		0.86528		0.8439		0.89637		0.86935		0.73199
fold: 7
Epoch		Time		AUC		AUPR		Accuracy		Precision		Recall		F1-score		Mcc
1		10407.19		0.82284		0.80414		0.71503		0.84298		0.5285		0.64968		0.46351
AUC improved at epoch  1 ;	best_auc: 0.8228408816344063
2		10408.36		0.83503		0.81038		0.7228		0.85246		0.53886		0.66032		0.4792
AUC improved at epoch  2 ;	best_auc: 0.8350291282987463
3		10409.56		0.83694		0.80967		0.75389		0.81013		0.66321		0.72934		0.51633
AUC improved at epoch  3 ;	best_auc: 0.8369352197374426
4		10410.95		0.83331		0.80695		0.76425		0.78333		0.73057		0.75603		0.5297
5		10412.75		0.83194		0.80679		0.75907		0.7907		0.70466		0.74521		0.52123
6		10413.95		0.82842		0.80517		0.74093		0.80795		0.63212		0.7093		0.4937
7		10415.22		0.82977		0.80875		0.74611		0.78788		0.67358		0.72626		0.49749
8		10416.5		0.8314		0.81225		0.75389		0.77841		0.70984		0.74255		0.50975
9		10417.9		0.83511		0.82011		0.75389		0.77841		0.70984		0.74255		0.50975
10		10419.02		0.84088		0.8298		0.76166		0.79191		0.70984		0.74863		0.52615
AUC improved at epoch  10 ;	best_auc: 0.8408816344062927
11		10420.27		0.84641		0.83251		0.76425		0.80357		0.69948		0.74792		0.53299
AUC improved at epoch  11 ;	best_auc: 0.8464119842143414
12		10421.83		0.85296		0.83961		0.7772		0.81657		0.71503		0.76243		0.55874
AUC improved at epoch  12 ;	best_auc: 0.8529624956374667
13		10423.99		0.85908		0.84463		0.78756		0.79058		0.78238		0.78646		0.57516
AUC improved at epoch  13 ;	best_auc: 0.8590834653279282
14		10425.5		0.85836		0.84473		0.77202		0.78075		0.75648		0.76842		0.5443
15		10426.79		0.85159		0.83173		0.77461		0.76768		0.78756		0.77749		0.54941
16		10428.13		0.85452		0.8344		0.77461		0.75238		0.81865		0.78412		0.55137
17		10429.63		0.85235		0.83274		0.76166		0.79191		0.70984		0.74863		0.52615
18		10431.14		0.86094		0.8421		0.7772		0.76098		0.80829		0.78392		0.55548
AUC improved at epoch  18 ;	best_auc: 0.8609358640500416
19		10432.52		0.86402		0.84575		0.78497		0.7619		0.82902		0.79404		0.57217
AUC improved at epoch  19 ;	best_auc: 0.8640231952535639
20		10433.87		0.86408		0.84647		0.78238		0.79144		0.76684		0.77895		0.56504
AUC improved at epoch  20 ;	best_auc: 0.8640768879701468
21		10435.69		0.8662		0.84874		0.79275		0.80214		0.7772		0.78947		0.58578
AUC improved at epoch  21 ;	best_auc: 0.8661977502751751
22		10437.04		0.8666		0.848		0.78497		0.7619		0.82902		0.79404		0.57217
AUC improved at epoch  22 ;	best_auc: 0.8666004456495476
23		10438.69		0.86746		0.84879		0.77979		0.75234		0.8342		0.79115		0.56293
AUC improved at epoch  23 ;	best_auc: 0.8674595291148756
24		10440.26		0.86716		0.84781		0.78497		0.78061		0.79275		0.78663		0.57002
25		10442.02		0.86649		0.84731		0.79016		0.79167		0.78756		0.78961		0.58032
26		10443.57		0.86816		0.84898		0.77979		0.76214		0.81347		0.78697		0.56086
AUC improved at epoch  26 ;	best_auc: 0.8681575344304546
27		10444.86		0.86888		0.84989		0.78497		0.75943		0.8342		0.79506		0.57273
AUC improved at epoch  27 ;	best_auc: 0.868882386104325
28		10446.24		0.86974		0.85126		0.78497		0.76442		0.82383		0.79302		0.57168
AUC improved at epoch  28 ;	best_auc: 0.8697414695696528
29		10448.0		0.87006		0.85204		0.79016		0.78866		0.79275		0.7907		0.58032
AUC improved at epoch  29 ;	best_auc: 0.8700636258691509
30		10449.23		0.87095		0.85253		0.78756		0.77612		0.80829		0.79188		0.57562
AUC improved at epoch  30 ;	best_auc: 0.8709495556927702
31		10450.43		0.87315		0.85501		0.78238		0.75829		0.82902		0.79208		0.56724
AUC improved at epoch  31 ;	best_auc: 0.8731509570726731
32		10451.75		0.8731		0.85504		0.78756		0.76303		0.8342		0.79703		0.57765
33		10453.0		0.8724		0.85467		0.79016		0.78		0.80829		0.79389		0.58069
34		10454.87		0.87259		0.85507		0.78756		0.79058		0.78238		0.78646		0.57516
35		10456.03		0.87369		0.85624		0.79534		0.77404		0.8342		0.80299		0.59247
AUC improved at epoch  35 ;	best_auc: 0.873687884238503
36		10457.42		0.876		0.85924		0.78756		0.76056		0.83938		0.79803		0.57824
AUC improved at epoch  36 ;	best_auc: 0.875996671051572
37		10458.57		0.8768		0.86062		0.80052		0.79		0.81865		0.80407		0.60143
AUC improved at epoch  37 ;	best_auc: 0.8768020618003168
38		10459.85		0.87804		0.86216		0.79793		0.79793		0.79793		0.79793		0.59585
AUC improved at epoch  38 ;	best_auc: 0.8780369942817258
39		10461.11		0.87908		0.86356		0.79534		0.78218		0.81865		0.8		0.59132
AUC improved at epoch  39 ;	best_auc: 0.8790840022550942
40		10462.39		0.87978		0.8644		0.78756		0.77073		0.81865		0.79397		0.57624
AUC improved at epoch  40 ;	best_auc: 0.879782007570673
41		10463.81		0.88072		0.86565		0.79275		0.78974		0.79793		0.79381		0.58552
AUC improved at epoch  41 ;	best_auc: 0.8807216301108756
42		10465.0		0.88212		0.86768		0.79534		0.79381		0.79793		0.79587		0.59068
AUC improved at epoch  42 ;	best_auc: 0.8821176407420332
43		10466.43		0.88249		0.8749		0.80052		0.78431		0.82902		0.80605		0.60201
AUC improved at epoch  43 ;	best_auc: 0.8824934897581143
44		10467.89		0.88343		0.87631		0.80052		0.78431		0.82902		0.80605		0.60201
AUC improved at epoch  44 ;	best_auc: 0.8834331122983167
45		10469.48		0.88445		0.8802		0.79275		0.78974		0.79793		0.79381		0.58552
AUC improved at epoch  45 ;	best_auc: 0.8844532739133937
46		10471.03		0.88494		0.87954		0.79793		0.79188		0.80829		0.8		0.59598
AUC improved at epoch  46 ;	best_auc: 0.8849365083626406
47		10472.37		0.88614		0.88377		0.80052		0.79		0.81865		0.80407		0.60143
AUC improved at epoch  47 ;	best_auc: 0.886144594485758
48		10473.85		0.88529		0.88379		0.80052		0.79897		0.80311		0.80103		0.60104
49		10475.48		0.88545		0.88521		0.80311		0.80628		0.79793		0.80208		0.60625
50		10476.79		0.88588		0.8866		0.79793		0.79188		0.80829		0.8		0.59598
51		10478.25		0.88531		0.88479		0.79793		0.78894		0.81347		0.80102		0.59614
52		10479.67		0.8855		0.8845		0.81088		0.82967		0.78238		0.80533		0.62277
53		10481.26		0.88464		0.88624		0.79793		0.79188		0.80829		0.8		0.59598
54		10482.96		0.88606		0.88757		0.8057		0.81053		0.79793		0.80418		0.61147
55		10484.34		0.88802		0.8882		0.80052		0.82222		0.76684		0.79357		0.6024
AUC improved at epoch  55 ;	best_auc: 0.8880238395661628
56		10485.85		0.88773		0.88943		0.80311		0.79104		0.82383		0.80711		0.60674
57		10487.44		0.88875		0.89065		0.80829		0.8324		0.77202		0.80108		0.61821
AUC improved at epoch  57 ;	best_auc: 0.8887486912400332
58		10489.02		0.89087		0.89245		0.80829		0.81481		0.79793		0.80628		0.61671
AUC improved at epoch  58 ;	best_auc: 0.8908695535450616
59		10490.36		0.89151		0.89373		0.80829		0.81152		0.80311		0.80729		0.61661
AUC improved at epoch  59 ;	best_auc: 0.8915138661440576
60		10491.72		0.89127		0.89376		0.81088		0.82967		0.78238		0.80533		0.62277
61		10493.43		0.89122		0.89417		0.8057		0.8172		0.78756		0.80211		0.6118
62		10494.8		0.89503		0.89684		0.80311		0.80952		0.79275		0.80105		0.60635
AUC improved at epoch  62 ;	best_auc: 0.8950307390802438
63		10496.34		0.89774		0.90015		0.81347		0.81347		0.81347		0.81347		0.62694
AUC improved at epoch  63 ;	best_auc: 0.897742221267685
64		10497.94		0.89817		0.90191		0.81606		0.84659		0.77202		0.80759		0.63459
AUC improved at epoch  64 ;	best_auc: 0.898171763000349
65		10499.44		0.89753		0.90141		0.79275		0.78392		0.80829		0.79592		0.58578
66		10500.95		0.90322		0.90745		0.81865		0.85549		0.76684		0.80874		0.64076
AUC improved at epoch  66 ;	best_auc: 0.9032188783591507
67		10502.26		0.90625		0.91044		0.80311		0.77725		0.84974		0.81188		0.60887
AUC improved at epoch  67 ;	best_auc: 0.9062525168460899
68		10503.59		0.90805		0.91466		0.81347		0.83425		0.78238		0.80749		0.62816
AUC improved at epoch  68 ;	best_auc: 0.9080512228516201
69		10505.06		0.90303		0.90897		0.79534		0.82022		0.75648		0.78706		0.59247
70		10506.95		0.91084		0.91725		0.79275		0.78109		0.81347		0.79695		0.586
AUC improved at epoch  70 ;	best_auc: 0.9108432441139359
71		10508.49		0.91315		0.92032		0.82642		0.84615		0.79793		0.82133		0.65391
AUC improved at epoch  71 ;	best_auc: 0.9131520309270047
72		10510.19		0.91635		0.92449		0.81865		0.82888		0.80311		0.81579		0.63761
AUC improved at epoch  72 ;	best_auc: 0.916346747563693
73		10512.1		0.91608		0.92392		0.8057		0.795		0.82383		0.80916		0.6118
74		10513.57		0.9193		0.92764		0.81865		0.86826		0.7513		0.80556		0.64317
AUC improved at epoch  74 ;	best_auc: 0.9192998469757576
75		10514.91		0.92649		0.93472		0.81347		0.79803		0.83938		0.81818		0.62779
AUC improved at epoch  75 ;	best_auc: 0.9264946709978791
76		10516.11		0.92556		0.93536		0.83161		0.82653		0.83938		0.8329		0.66329
77		10517.37		0.9247		0.93561		0.82642		0.85		0.79275		0.82038		0.65434
78		10519.21		0.92558		0.93431		0.81088		0.79412		0.83938		0.81612		0.62277
79		10520.6		0.9262		0.93446		0.82383		0.85714		0.7772		0.81522		0.6505
80		10521.82		0.93374		0.94196		0.8342		0.8342		0.8342		0.8342		0.66839
AUC improved at epoch  80 ;	best_auc: 0.9337431877365836
81		10523.05		0.93503		0.94519		0.83679		0.83163		0.84456		0.83805		0.67366
AUC improved at epoch  81 ;	best_auc: 0.9350318129345754
82		10524.24		0.93498		0.94561		0.84456		0.8674		0.81347		0.83957		0.69046
83		10525.46		0.93565		0.94439		0.83679		0.81863		0.86528		0.84131		0.67467
AUC improved at epoch  83 ;	best_auc: 0.9356492791752798
84		10526.84		0.93135		0.94051		0.84456		0.88889		0.78756		0.83516		0.69364
85		10528.14		0.93573		0.94356		0.83938		0.81951		0.87047		0.84422		0.68007
AUC improved at epoch  85 ;	best_auc: 0.9357298182501544
86		10529.63		0.93849		0.94761		0.85233		0.8908		0.80311		0.84469		0.7081
AUC improved at epoch  86 ;	best_auc: 0.9384949931541786
87		10531.15		0.93901		0.94819		0.84197		0.83673		0.84974		0.84319		0.68402
AUC improved at epoch  87 ;	best_auc: 0.9390050739617171
88		10532.95		0.94005		0.94899		0.84197		0.84021		0.84456		0.84238		0.68395
AUC improved at epoch  88 ;	best_auc: 0.9400520819350855
89		10534.69		0.93954		0.9478		0.85751		0.89205		0.81347		0.85095		0.71782
90		10536.29		0.93849		0.94533		0.84456		0.82126		0.88083		0.85		0.69094
91		10538.41		0.94196		0.94986		0.85492		0.87845		0.82383		0.85027		0.71122
AUC improved at epoch  91 ;	best_auc: 0.9419581733737818
92		10540.21		0.93892		0.94772		0.84974		0.85714		0.83938		0.84817		0.69963
93		10541.88		0.94225		0.95083		0.8601		0.86387		0.85492		0.85938		0.72025
AUC improved at epoch  93 ;	best_auc: 0.9422534833149884
94		10543.53		0.94459		0.95256		0.8601		0.87166		0.84456		0.85789		0.72056
AUC improved at epoch  94 ;	best_auc: 0.9445891164863487
95		10544.96		0.94352		0.9509		0.85751		0.85567		0.8601		0.85788		0.71504
96		10547.06		0.9433		0.95126		0.85751		0.875		0.8342		0.85411		0.7158
97		10548.8		0.94338		0.95129		0.84715		0.82843		0.87565		0.85139		0.69543
98		10550.37		0.94386		0.95264		0.86269		0.89326		0.82383		0.85714		0.72759
99		10551.54		0.94526		0.95325		0.83679		0.8066		0.88601		0.84444		0.67686
AUC improved at epoch  99 ;	best_auc: 0.9452602754436361
100		10552.85		0.94507		0.95287		0.86788		0.90341		0.82383		0.86179		0.73862
101		10554.62		0.94349		0.95092		0.83161		0.7963		0.89119		0.84108		0.66797
102		10556.44		0.94609		0.95501		0.87047		0.90395		0.82902		0.86486		0.74349
AUC improved at epoch  102 ;	best_auc: 0.9460925125506725
103		10557.68		0.9444		0.95293		0.85751		0.86702		0.84456		0.85564		0.71527
104		10558.86		0.94185		0.95036		0.84197		0.81429		0.88601		0.84864		0.68661
105		10560.01		0.9476		0.95516		0.86528		0.90286		0.81865		0.8587		0.73377
AUC improved at epoch  105 ;	best_auc: 0.9475959086149964
106		10561.98		0.95221		0.95859		0.86788		0.87766		0.85492		0.86614		0.736
AUC improved at epoch  106 ;	best_auc: 0.952213482241134
107		10563.31		0.9535		0.96029		0.86788		0.85859		0.88083		0.86957		0.736
AUC improved at epoch  107 ;	best_auc: 0.9535021074391259
108		10564.5		0.95095		0.95882		0.88083		0.90608		0.84974		0.87701		0.76313
109		10565.66		0.9465		0.95449		0.87047		0.87831		0.8601		0.86911		0.74109
110		10566.98		0.9459		0.95396		0.84974		0.83582		0.87047		0.85279		0.70008
111		10568.28		0.94676		0.95443		0.86788		0.89888		0.82902		0.86253		0.73798
112		10569.62		0.94883		0.95579		0.85233		0.83663		0.87565		0.8557		0.70543
113		10571.36		0.94996		0.95714		0.86269		0.88889		0.82902		0.85791		0.72704
114		10572.65		0.95071		0.95781		0.86528		0.85075		0.88601		0.86802		0.7312
115		10574.54		0.9502		0.95731		0.87306		0.86364		0.88601		0.87468		0.74636
116		10576.56		0.94974		0.95698		0.87306		0.87113		0.87565		0.87339		0.74612
117		10578.84		0.95221		0.9584		0.87565		0.86802		0.88601		0.87692		0.75146
118		10580.36		0.95487		0.96028		0.88342		0.89362		0.87047		0.88189		0.7671
AUC improved at epoch  118 ;	best_auc: 0.9548712717119923
119		10581.82		0.95584		0.96133		0.88342		0.89785		0.86528		0.88127		0.76734
AUC improved at epoch  119 ;	best_auc: 0.9558377406104862
120		10583.22		0.95415		0.95988		0.86269		0.83333		0.90674		0.86849		0.72822
121		10584.5		0.95345		0.96015		0.87306		0.91379		0.82383		0.86649		0.74976
122		10585.78		0.95439		0.96022		0.87306		0.85294		0.90155		0.87657		0.74733
123		10587.89		0.95074		0.95636		0.87306		0.85294		0.90155		0.87657		0.74733
124		10589.22		0.95302		0.9589		0.87047		0.90857		0.82383		0.86413		0.74418
125		10590.36		0.95388		0.95972		0.87824		0.865		0.89637		0.88041		0.75697
126		10591.58		0.95519		0.96094		0.88083		0.86935		0.89637		0.88265		0.76203
127		10593.02		0.95589		0.96123		0.88601		0.9027		0.86528		0.8836		0.77268
AUC improved at epoch  127 ;	best_auc: 0.9558914333270692
128		10594.57		0.95047		0.95501		0.87824		0.87245		0.88601		0.87918		0.75657
129		10596.32		0.95611		0.96081		0.88601		0.8984		0.87047		0.88421		0.77239
AUC improved at epoch  129 ;	best_auc: 0.9561062041934011
130		10597.92		0.95624		0.96186		0.87306		0.87113		0.87565		0.87339		0.74612
AUC improved at epoch  130 ;	best_auc: 0.9562404359848586
131		10599.71		0.95393		0.96		0.87565		0.8607		0.89637		0.87817		0.75194
132		10601.07		0.95143		0.95793		0.86528		0.86528		0.86528		0.86528		0.73057
133		10602.4		0.95348		0.96016		0.8886		0.90761		0.86528		0.88594		0.77805
134		10604.14		0.95506		0.96102		0.89119		0.89947		0.88083		0.89005		0.78255
135		10605.76		0.95538		0.9612		0.8886		0.8866		0.89119		0.88889		0.77721
136		10608.1		0.95302		0.95943		0.88083		0.87692		0.88601		0.88144		0.7617
137		10610.03		0.95264		0.95899		0.86788		0.86598		0.87047		0.86822		0.73576
138		10611.39		0.95562		0.96103		0.87565		0.87958		0.87047		0.875		0.75134
139		10612.63		0.9575		0.96301		0.87565		0.86802		0.88601		0.87692		0.75146
AUC improved at epoch  139 ;	best_auc: 0.9575022148245591
140		10613.97		0.95581		0.96188		0.89119		0.8794		0.90674		0.89286		0.78276
141		10615.77		0.95568		0.96156		0.88342		0.89785		0.86528		0.88127		0.76734
142		10617.35		0.9586		0.96382		0.88342		0.89785		0.86528		0.88127		0.76734
AUC improved at epoch  142 ;	best_auc: 0.9586029155145105
143		10618.89		0.95898		0.96356		0.87824		0.86869		0.89119		0.8798		0.75673
AUC improved at epoch  143 ;	best_auc: 0.9589787645305915
144		10620.41		0.96113		0.9661		0.88083		0.87692		0.88601		0.88144		0.7617
AUC improved at epoch  144 ;	best_auc: 0.9611264731939112
145		10622.02		0.95796		0.96322		0.88083		0.88083		0.88083		0.88083		0.76166
146		10623.25		0.95447		0.9602		0.8886		0.88265		0.89637		0.88946		0.7773
147		10624.38		0.95267		0.9587		0.88083		0.87692		0.88601		0.88144		0.7617
148		10625.48		0.95788		0.96333		0.89119		0.90374		0.87565		0.88947		0.78276
149		10626.83		0.9611		0.96595		0.89119		0.89529		0.88601		0.89062		0.78243
150		10628.04		0.96072		0.96541		0.87047		0.8593		0.88601		0.87245		0.74129
151		10629.25		0.96161		0.96653		0.87565		0.87565		0.87565		0.87565		0.7513
AUC improved at epoch  151 ;	best_auc: 0.9616097076431582
152		10630.43		0.95984		0.96541		0.88083		0.88889		0.87047		0.87958		0.76182
153		10632.1		0.9556		0.96207		0.87306		0.87113		0.87565		0.87339		0.74612
154		10634.22		0.95237		0.95888		0.87047		0.8593		0.88601		0.87245		0.74129
155		10636.18		0.95448		0.96078		0.88601		0.89418		0.87565		0.88482		0.77219
156		10637.85		0.95815		0.96359		0.88342		0.90217		0.8601		0.88064		0.76767
157		10639.67		0.95893		0.96382		0.88083		0.8731		0.89119		0.88205		0.76182
158		10641.48		0.95973		0.96419		0.8886		0.87879		0.90155		0.89003		0.77746
159		10642.85		0.96062		0.96518		0.88601		0.88601		0.88601		0.88601		0.77202
160		10644.18		0.96148		0.96606		0.89378		0.90426		0.88083		0.89239		0.78783
161		10645.65		0.96097		0.96553		0.89119		0.88718		0.89637		0.89175		0.78243
162		10647.15		0.9615		0.96619		0.8886		0.87879		0.90155		0.89003		0.77746
163		10648.73		0.96043		0.96532		0.88342		0.88144		0.88601		0.88372		0.76685
164		10650.31		0.95957		0.96501		0.87824		0.88021		0.87565		0.87792		0.75649
165		10651.61		0.95884		0.96494		0.89119		0.90811		0.87047		0.88889		0.78306
166		10653.61		0.95817		0.96408		0.89378		0.9		0.88601		0.89295		0.78766
167		10655.23		0.95968		0.96504		0.88601		0.88205		0.89119		0.8866		0.77206
168		10656.67		0.96056		0.96561		0.8886		0.88265		0.89637		0.88946		0.7773
169		10657.81		0.96282		0.96754		0.88601		0.88205		0.89119		0.8866		0.77206
AUC improved at epoch  169 ;	best_auc: 0.9628177937662756
170		10659.12		0.96193		0.96691		0.89637		0.90052		0.89119		0.89583		0.79279
171		10660.49		0.96139		0.96643		0.88601		0.89005		0.88083		0.88542		0.77206
172		10662.46		0.95976		0.96474		0.87824		0.86869		0.89119		0.8798		0.75673
173		10663.63		0.9589		0.9638		0.88342		0.87		0.90155		0.8855		0.76734
174		10664.86		0.95977		0.96478		0.88342		0.87374		0.89637		0.88491		0.7671
175		10666.8		0.96011		0.96519		0.88342		0.88144		0.88601		0.88372		0.76685
176		10668.19		0.96056		0.96557		0.88601		0.89005		0.88083		0.88542		0.77206
177		10669.37		0.96054		0.9655		0.8886		0.8866		0.89119		0.88889		0.77721
178		10671.12		0.96035		0.96531		0.89119		0.88325		0.90155		0.89231		0.78255
179		10672.96		0.95962		0.96471		0.8886		0.88265		0.89637		0.88946		0.7773
180		10674.59		0.9597		0.96499		0.89119		0.89119		0.89119		0.89119		0.78238
181		10675.99		0.9604		0.96581		0.89896		0.90526		0.89119		0.89817		0.79802
182		10677.41		0.96161		0.96698		0.89637		0.90476		0.88601		0.89529		0.79292
183		10678.98		0.96126		0.96695		0.8886		0.8866		0.89119		0.88889		0.77721
184		10680.33		0.95995		0.96565		0.88342		0.87755		0.89119		0.88432		0.76693
185		10681.85		0.9602		0.96588		0.88601		0.88205		0.89119		0.8866		0.77206
186		10683.48		0.96131		0.96678		0.89119		0.89119		0.89119		0.89119		0.78238
187		10684.77		0.96156		0.96677		0.89896		0.90526		0.89119		0.89817		0.79802
188		10686.26		0.96099		0.96604		0.89637		0.90052		0.89119		0.89583		0.79279
189		10687.79		0.96099		0.96582		0.8886		0.89474		0.88083		0.88773		0.7773
190		10689.3		0.96036		0.96518		0.88342		0.88144		0.88601		0.88372		0.76685
191		10690.56		0.9607		0.96581		0.88342		0.87755		0.89119		0.88432		0.76693
192		10691.73		0.96166		0.96688		0.88601		0.88205		0.89119		0.8866		0.77206
193		10692.94		0.96284		0.9681		0.88601		0.89005		0.88083		0.88542		0.77206
AUC improved at epoch  193 ;	best_auc: 0.9628446401245672
194		10694.11		0.9622		0.96734		0.88601		0.89005		0.88083		0.88542		0.77206
195		10695.41		0.96156		0.9666		0.89378		0.89175		0.89637		0.89406		0.78758
196		10696.83		0.96182		0.96665		0.89896		0.88889		0.91192		0.90026		0.7982
197		10698.53		0.96169		0.96659		0.89378		0.88776		0.90155		0.8946		0.78766
198		10700.0		0.96185		0.96687		0.89637		0.89637		0.89637		0.89637		0.79275
199		10701.51		0.96145		0.96647		0.89378		0.89583		0.89119		0.89351		0.78758
200		10702.86		0.96088		0.96601		0.89119		0.89529		0.88601		0.89062		0.78243
201		10704.64		0.95995		0.96516		0.89119		0.88718		0.89637		0.89175		0.78243
202		10706.09		0.95965		0.96491		0.8886		0.88265		0.89637		0.88946		0.7773
203		10707.47		0.95984		0.96506		0.88601		0.87817		0.89637		0.88718		0.77219
204		10709.31		0.95976		0.96519		0.89119		0.88718		0.89637		0.89175		0.78243
205		10710.98		0.95984		0.96547		0.8886		0.8866		0.89119		0.88889		0.77721
206		10713.1		0.96011		0.96589		0.8886		0.8866		0.89119		0.88889		0.77721
207		10714.73		0.96054		0.96608		0.88601		0.88205		0.89119		0.8866		0.77206
208		10716.06		0.96072		0.96614		0.89119		0.88325		0.90155		0.89231		0.78255
209		10717.21		0.96013		0.96557		0.8886		0.87879		0.90155		0.89003		0.77746
210		10718.58		0.9597		0.96523		0.8886		0.88265		0.89637		0.88946		0.7773
211		10719.78		0.95944		0.96523		0.89119		0.88718		0.89637		0.89175		0.78243
212		10721.33		0.96003		0.96542		0.88601		0.88601		0.88601		0.88601		0.77202
213		10722.81		0.9597		0.96482		0.89119		0.89529		0.88601		0.89062		0.78243
214		10724.25		0.95986		0.96498		0.89119		0.89529		0.88601		0.89062		0.78243
215		10726.24		0.95965		0.96474		0.89378		0.89175		0.89637		0.89406		0.78758
216		10727.86		0.9593		0.96449		0.89378		0.88776		0.90155		0.8946		0.78766
217		10729.34		0.95891		0.96438		0.88601		0.88601		0.88601		0.88601		0.77202
218		10731.15		0.95828		0.96398		0.88342		0.88947		0.87565		0.88251		0.76693
219		10732.66		0.95816		0.96402		0.88342		0.88947		0.87565		0.88251		0.76693
220		10733.77		0.95863		0.96452		0.88601		0.89418		0.87565		0.88482		0.77219
221		10734.95		0.95922		0.96477		0.87824		0.88421		0.87047		0.87728		0.75657
222		10736.35		0.95919		0.96474		0.88342		0.87755		0.89119		0.88432		0.76693
223		10738.18		0.95922		0.96454		0.88601		0.87817		0.89637		0.88718		0.77219
224		10740.52		0.95903		0.96426		0.88601		0.87437		0.90155		0.88776		0.77239
225		10741.93		0.95825		0.96386		0.88601		0.87817		0.89637		0.88718		0.77219
226		10743.29		0.95796		0.9636		0.89119		0.89529		0.88601		0.89062		0.78243
227		10744.52		0.95731		0.96326		0.89119		0.89947		0.88083		0.89005		0.78255
228		10745.95		0.95691		0.963		0.89896		0.91398		0.88083		0.8971		0.79845
229		10747.65		0.95664		0.96267		0.89896		0.90526		0.89119		0.89817		0.79802
230		10749.42		0.95651		0.96254		0.89119		0.89119		0.89119		0.89119		0.78238
231		10750.8		0.95635		0.96241		0.88342		0.87755		0.89119		0.88432		0.76693
232		10752.41		0.95777		0.96339		0.88601		0.88205		0.89119		0.8866		0.77206
233		10754.11		0.95855		0.96425		0.8886		0.8866		0.89119		0.88889		0.77721
234		10755.68		0.96005		0.96542		0.89637		0.90909		0.88083		0.89474		0.79313
235		10757.17		0.96062		0.96573		0.89119		0.90374		0.87565		0.88947		0.78276
236		10758.73		0.96091		0.96586		0.89637		0.90052		0.89119		0.89583		0.79279
237		10760.27		0.9605		0.96535		0.89896		0.89691		0.90155		0.89922		0.79794
238		10761.43		0.95854		0.96359		0.88601		0.88205		0.89119		0.8866		0.77206
239		10762.59		0.95941		0.96468		0.89378		0.9		0.88601		0.89295		0.78766
240		10763.72		0.95986		0.96528		0.90415		0.91935		0.88601		0.90237		0.80882
241		10765.05		0.95992		0.96563		0.89637		0.90052		0.89119		0.89583		0.79279
242		10766.77		0.95914		0.96504		0.88601		0.88601		0.88601		0.88601		0.77202
243		10768.49		0.9582		0.96434		0.88083		0.87692		0.88601		0.88144		0.7617
244		10770.28		0.9571		0.96343		0.88083		0.88083		0.88083		0.88083		0.76166
245		10771.7		0.95535		0.96168		0.8886		0.89062		0.88601		0.88831		0.77721
246		10773.5		0.9548		0.96103		0.88083		0.88482		0.87565		0.88021		0.7617
247		10775.17		0.95557		0.96203		0.88342		0.88947		0.87565		0.88251		0.76693
248		10776.46		0.95782		0.96383		0.8886		0.89474		0.88083		0.88773		0.7773
249		10777.67		0.96056		0.96597		0.8886		0.89474		0.88083		0.88773		0.7773
250		10778.99		0.96091		0.96637		0.89119		0.89119		0.89119		0.89119		0.78238
251		10780.23		0.96055		0.96581		0.88342		0.88144		0.88601		0.88372		0.76685
252		10781.47		0.95935		0.96478		0.88083		0.88482		0.87565		0.88021		0.7617
253		10783.43		0.95976		0.96516		0.88083		0.88889		0.87047		0.87958		0.76182
254		10784.8		0.95868		0.96437		0.87824		0.89247		0.8601		0.87599		0.75697
255		10786.75		0.9585		0.96439		0.87824		0.8883		0.86528		0.87664		0.75673
256		10788.65		0.95882		0.96467		0.89119		0.89119		0.89119		0.89119		0.78238
257		10790.12		0.95968		0.96495		0.89378		0.88		0.91192		0.89567		0.78808
258		10791.54		0.95911		0.96414		0.89119		0.87562		0.91192		0.8934		0.78306
259		10792.9		0.95903		0.96416		0.89119		0.89119		0.89119		0.89119		0.78238
260		10794.18		0.95799		0.96261		0.88083		0.8973		0.8601		0.87831		0.76231
261		10796.09		0.95667		0.96126		0.88083		0.90164		0.85492		0.87766		0.76268
262		10797.25		0.95568		0.96		0.88342		0.90659		0.85492		0.88		0.76809
263		10798.5		0.95544		0.96014		0.87306		0.87895		0.86528		0.87206		0.7462
264		10799.65		0.95656		0.96144		0.87565		0.87179		0.88083		0.87629		0.75134
265		10800.77		0.95812		0.96315		0.88601		0.88205		0.89119		0.8866		0.77206
266		10801.96		0.95777		0.96286		0.89378		0.89583		0.89119		0.89351		0.78758
267		10803.57		0.95914		0.96381		0.89378		0.89583		0.89119		0.89351		0.78758
268		10805.32		0.96094		0.9652		0.88083		0.88083		0.88083		0.88083		0.76166
269		10806.87		0.96078		0.96497		0.89119		0.89947		0.88083		0.89005		0.78255
270		10808.17		0.95911		0.96346		0.89119		0.89529		0.88601		0.89062		0.78243
271		10809.89		0.95684		0.96167		0.88342		0.88542		0.88083		0.88312		0.76685
272		10811.26		0.95654		0.96154		0.87047		0.86294		0.88083		0.87179		0.74109
273		10812.93		0.95756		0.96305		0.88342		0.88947		0.87565		0.88251		0.76693
274		10814.52		0.95919		0.96457		0.88601		0.89005		0.88083		0.88542		0.77206
275		10816.32		0.95919		0.96461		0.88342		0.88542		0.88083		0.88312		0.76685
276		10818.37		0.95935		0.96467		0.89378		0.89583		0.89119		0.89351		0.78758
277		10820.01		0.95878		0.96387		0.88601		0.88205		0.89119		0.8866		0.77206
278		10821.5		0.9589		0.96392		0.88601		0.88205		0.89119		0.8866		0.77206
279		10822.65		0.95939		0.96448		0.8886		0.89062		0.88601		0.88831		0.77721
280		10823.93		0.95992		0.96492		0.89119		0.89119		0.89119		0.89119		0.78238
281		10825.13		0.95884		0.96407		0.89378		0.89583		0.89119		0.89351		0.78758
282		10826.33		0.95825		0.96375		0.88601		0.89418		0.87565		0.88482		0.77219
283		10827.52		0.9578		0.96358		0.88601		0.89005		0.88083		0.88542		0.77206
284		10830.03		0.95731		0.96295		0.88342		0.88144		0.88601		0.88372		0.76685
285		10831.52		0.95702		0.96262		0.8886		0.8866		0.89119		0.88889		0.77721
286		10832.75		0.95678		0.96261		0.89378		0.89583		0.89119		0.89351		0.78758
287		10833.9		0.95672		0.96249		0.89378		0.89583		0.89119		0.89351		0.78758
288		10835.1		0.95809		0.96349		0.89637		0.89231		0.90155		0.89691		0.79279
289		10836.47		0.95984		0.96493		0.89119		0.89119		0.89119		0.89119		0.78238
290		10837.68		0.96115		0.96624		0.89896		0.90526		0.89119		0.89817		0.79802
291		10838.93		0.9608		0.96583		0.89637		0.90052		0.89119		0.89583		0.79279
292		10840.13		0.96046		0.96571		0.89119		0.89119		0.89119		0.89119		0.78238
293		10842.02		0.95997		0.96567		0.8886		0.8866		0.89119		0.88889		0.77721
294		10843.3		0.9586		0.96466		0.88601		0.89005		0.88083		0.88542		0.77206
295		10844.47		0.95737		0.96354		0.88083		0.88482		0.87565		0.88021		0.7617
296		10845.69		0.95871		0.96434		0.88342		0.88144		0.88601		0.88372		0.76685
297		10847.3		0.9586		0.96398		0.88601		0.87817		0.89637		0.88718		0.77219
298		10849.11		0.95914		0.96428		0.88601		0.87437		0.90155		0.88776		0.77239
299		10850.49		0.96042		0.96535		0.8886		0.87879		0.90155		0.89003		0.77746
300		10852.22		0.96188		0.96691		0.89378		0.9		0.88601		0.89295		0.78766
301		10853.68		0.96217		0.96717		0.89378		0.91304		0.87047		0.89125		0.78842
302		10854.97		0.96156		0.96646		0.89896		0.91848		0.87565		0.89655		0.7988
303		10856.52		0.96015		0.96522		0.88342		0.88947		0.87565		0.88251		0.76693
304		10858.03		0.95968		0.96441		0.88083		0.86935		0.89637		0.88265		0.76203
305		10859.64		0.95906		0.96345		0.87565		0.85714		0.90155		0.87879		0.75231
306		10861.03		0.96024		0.96473		0.87565		0.8607		0.89637		0.87817		0.75194
307		10862.5		0.96083		0.96539		0.89119		0.88718		0.89637		0.89175		0.78243
308		10863.79		0.96046		0.96541		0.89378		0.9		0.88601		0.89295		0.78766
309		10865.35		0.95989		0.96507		0.89896		0.91848		0.87565		0.89655		0.7988
310		10866.74		0.95941		0.96481		0.90155		0.91892		0.88083		0.89947		0.8038
311		10868.19		0.95833		0.96367		0.89119		0.90374		0.87565		0.88947		0.78276
312		10869.59		0.95656		0.96206		0.87047		0.87831		0.8601		0.86911		0.74109
313		10871.01		0.95646		0.96204		0.87306		0.87895		0.86528		0.87206		0.7462
314		10873.03		0.95909		0.9644		0.88601		0.8984		0.87047		0.88421		0.77239
315		10875.34		0.96199		0.96702		0.89378		0.90426		0.88083		0.89239		0.78783
316		10876.7		0.96274		0.96782		0.89378		0.89583		0.89119		0.89351		0.78758
317		10877.86		0.96319		0.96798		0.89119		0.89119		0.89119		0.89119		0.78238
AUC improved at epoch  317 ;	best_auc: 0.9631936427823565
318		10879.05		0.96173		0.96625		0.89119		0.88718		0.89637		0.89175		0.78243
319		10880.28		0.95898		0.96377		0.89378		0.89175		0.89637		0.89406		0.78758
320		10881.53		0.95659		0.96171		0.8886		0.89062		0.88601		0.88831		0.77721
321		10882.81		0.95483		0.96051		0.88601		0.8984		0.87047		0.88421		0.77239
322		10883.97		0.95535		0.96108		0.89378		0.91758		0.86528		0.89067		0.78885
323		10885.68		0.95774		0.9633		0.89378		0.90426		0.88083		0.89239		0.78783
324		10887.28		0.95957		0.96471		0.89119		0.89529		0.88601		0.89062		0.78243
325		10888.66		0.96107		0.96587		0.8886		0.8866		0.89119		0.88889		0.77721
326		10889.96		0.96255		0.96708		0.89119		0.88718		0.89637		0.89175		0.78243
327		10891.78		0.96311		0.96787		0.8886		0.88265		0.89637		0.88946		0.7773
328		10893.41		0.96357		0.96828		0.89119		0.88718		0.89637		0.89175		0.78243
AUC improved at epoch  328 ;	best_auc: 0.9635694917984375
329		10894.73		0.9615		0.96634		0.89378		0.89175		0.89637		0.89406		0.78758
330		10895.93		0.9596		0.96439		0.8886		0.89474		0.88083		0.88773		0.7773
331		10897.3		0.95828		0.9629		0.89119		0.90374		0.87565		0.88947		0.78276
332		10898.6		0.95901		0.96382		0.8886		0.90761		0.86528		0.88594		0.77805
333		10900.15		0.96		0.96525		0.88601		0.9071		0.8601		0.88298		0.77306
334		10901.87		0.95898		0.96477		0.88601		0.8984		0.87047		0.88421		0.77239
335		10903.46		0.95804		0.96406		0.88342		0.88542		0.88083		0.88312		0.76685
336		10904.8		0.95683		0.96335		0.88601		0.88601		0.88601		0.88601		0.77202
337		10906.25		0.95576		0.9625		0.88601		0.89005		0.88083		0.88542		0.77206
338		10907.65		0.95525		0.96214		0.89119		0.89947		0.88083		0.89005		0.78255
339		10909.11		0.95511		0.96199		0.89119		0.89947		0.88083		0.89005		0.78255
340		10910.71		0.95503		0.96194		0.88342		0.89362		0.87047		0.88189		0.7671
341		10912.86		0.95608		0.96284		0.88601		0.89418		0.87565		0.88482		0.77219
342		10914.58		0.95629		0.96294		0.88601		0.88601		0.88601		0.88601		0.77202
343		10916.11		0.9568		0.96328		0.88083		0.8731		0.89119		0.88205		0.76182
344		10917.26		0.95675		0.96336		0.89119		0.89529		0.88601		0.89062		0.78243
345		10918.47		0.95707		0.96362		0.89378		0.9086		0.87565		0.89182		0.78808
346		10919.74		0.9582		0.96435		0.90155		0.91892		0.88083		0.89947		0.8038
347		10920.88		0.95811		0.96388		0.89896		0.91398		0.88083		0.8971		0.79845
348		10922.04		0.95862		0.96421		0.89637		0.90909		0.88083		0.89474		0.79313
349		10924.02		0.95795		0.96352		0.8886		0.89474		0.88083		0.88773		0.7773
350		10925.46		0.9575		0.96309		0.88601		0.88601		0.88601		0.88601		0.77202
351		10926.75		0.95776		0.96302		0.8886		0.8866		0.89119		0.88889		0.77721
352		10928.06		0.95737		0.96253		0.89119		0.88718		0.89637		0.89175		0.78243
353		10929.72		0.95876		0.96387		0.89119		0.89119		0.89119		0.89119		0.78238
354		10931.4		0.96003		0.96491		0.89637		0.90052		0.89119		0.89583		0.79279
355		10932.72		0.9608		0.96547		0.89896		0.89691		0.90155		0.89922		0.79794
356		10933.95		0.96086		0.9656		0.89119		0.8794		0.90674		0.89286		0.78276
357		10935.29		0.96037		0.96516		0.89119		0.8794		0.90674		0.89286		0.78276
358		10937.12		0.95997		0.96502		0.89119		0.88325		0.90155		0.89231		0.78255
359		10938.73		0.95866		0.96418		0.8886		0.89474		0.88083		0.88773		0.7773
360		10940.68		0.95726		0.96333		0.88601		0.89418		0.87565		0.88482		0.77219
361		10941.92		0.95586		0.96223		0.88601		0.89418		0.87565		0.88482		0.77219
362		10943.9		0.95565		0.96172		0.88342		0.88542		0.88083		0.88312		0.76685
363		10945.15		0.95458		0.96076		0.88342		0.88144		0.88601		0.88372		0.76685
364		10946.88		0.95468		0.96082		0.88342		0.87755		0.89119		0.88432		0.76693
365		10948.5		0.95451		0.96084		0.88342		0.88144		0.88601		0.88372		0.76685
366		10949.99		0.95656		0.96322		0.8886		0.89894		0.87565		0.88714		0.77746
367		10951.81		0.9568		0.96398		0.88601		0.9027		0.86528		0.8836		0.77268
368		10953.35		0.95815		0.96511		0.89119		0.91257		0.86528		0.8883		0.78344
369		10954.52		0.96051		0.9668		0.8886		0.89894		0.87565		0.88714		0.77746
370		10955.7		0.96094		0.96708		0.8886		0.88265		0.89637		0.88946		0.7773
371		10956.95		0.9608		0.96672		0.89119		0.8794		0.90674		0.89286		0.78276
372		10958.19		0.95976		0.96555		0.89119		0.88718		0.89637		0.89175		0.78243
373		10959.55		0.95863		0.96437		0.89378		0.89583		0.89119		0.89351		0.78758
374		10960.92		0.95713		0.96295		0.8886		0.89894		0.87565		0.88714		0.77746
375		10962.29		0.95572		0.96124		0.88342		0.89362		0.87047		0.88189		0.7671
376		10963.71		0.9557		0.96092		0.88342		0.88542		0.88083		0.88312		0.76685
377		10965.71		0.9551		0.96023		0.87565		0.87565		0.87565		0.87565		0.7513
378		10967.21		0.95632		0.96115		0.87047		0.86294		0.88083		0.87179		0.74109
379		10968.85		0.95731		0.96225		0.87565		0.86432		0.89119		0.87755		0.75166
380		10970.22		0.95954		0.96439		0.88083		0.87692		0.88601		0.88144		0.7617
381		10971.63		0.96129		0.96613		0.8886		0.89062		0.88601		0.88831		0.77721
382		10973.29		0.9615		0.96644		0.89896		0.90104		0.89637		0.8987		0.79794
383		10974.74		0.96131		0.96637		0.90155		0.90155		0.90155		0.90155		0.80311
384		10976.88		0.96066		0.9659		0.89637		0.89231		0.90155		0.89691		0.79279
385		10978.84		0.95909		0.9647		0.89378		0.89175		0.89637		0.89406		0.78758
386		10980.24		0.95737		0.96313		0.8886		0.89474		0.88083		0.88773		0.7773
387		10981.54		0.95611		0.96199		0.8886		0.89474		0.88083		0.88773		0.7773
388		10983.44		0.95643		0.96238		0.88601		0.89418		0.87565		0.88482		0.77219
389		10984.59		0.95624		0.96215		0.88083		0.88482		0.87565		0.88021		0.7617
390		10985.92		0.95734		0.96345		0.88601		0.89005		0.88083		0.88542		0.77206
391		10987.08		0.95895		0.96478		0.8886		0.89062		0.88601		0.88831		0.77721
392		10988.32		0.96075		0.96606		0.8886		0.8866		0.89119		0.88889		0.77721
393		10989.47		0.96166		0.96695		0.89119		0.89119		0.89119		0.89119		0.78238
394		10990.64		0.96145		0.96648		0.89119		0.89119		0.89119		0.89119		0.78238
395		10992.42		0.96279		0.9676		0.8886		0.88265		0.89637		0.88946		0.7773
396		10994.13		0.96263		0.9674		0.89378		0.89175		0.89637		0.89406		0.78758
397		10995.46		0.96295		0.9675		0.8886		0.8866		0.89119		0.88889		0.77721
398		10996.82		0.96153		0.9664		0.88342		0.88542		0.88083		0.88312		0.76685
399		10998.47		0.95964		0.96498		0.88342		0.88542		0.88083		0.88312		0.76685
400		11000.36		0.9571		0.96328		0.88342		0.88947		0.87565		0.88251		0.76693
401		11001.81		0.95715		0.96337		0.88083		0.88889		0.87047		0.87958		0.76182
402		11003.0		0.9585		0.96417		0.8886		0.89062		0.88601		0.88831		0.77721
403		11004.24		0.9596		0.96471		0.89119		0.89529		0.88601		0.89062		0.78243
404		11005.5		0.96021		0.96499		0.89119		0.89947		0.88083		0.89005		0.78255
405		11007.38		0.96158		0.96662		0.89378		0.90426		0.88083		0.89239		0.78783
406		11009.43		0.96091		0.9663		0.89378		0.9086		0.87565		0.89182		0.78808
407		11010.87		0.96072		0.96602		0.8886		0.89894		0.87565		0.88714		0.77746
408		11012.91		0.95935		0.96481		0.88601		0.89418		0.87565		0.88482		0.77219
409		11014.37		0.95754		0.96324		0.88601		0.89418		0.87565		0.88482		0.77219
410		11016.01		0.9567		0.96276		0.88601		0.89418		0.87565		0.88482		0.77219
411		11017.85		0.95635		0.96243		0.89378		0.9		0.88601		0.89295		0.78766
412		11019.22		0.95637		0.96234		0.88342		0.88144		0.88601		0.88372		0.76685
413		11020.64		0.95723		0.9629		0.88342		0.87755		0.89119		0.88432		0.76693
414		11021.84		0.95745		0.96307		0.8886		0.89062		0.88601		0.88831		0.77721
415		11023.17		0.95831		0.96384		0.89378		0.9		0.88601		0.89295		0.78766
416		11024.94		0.95913		0.9642		0.88601		0.88601		0.88601		0.88601		0.77202
417		11026.66		0.96035		0.96546		0.88342		0.88542		0.88083		0.88312		0.76685
418		11027.92		0.96029		0.96558		0.88342		0.88542		0.88083		0.88312		0.76685
419		11029.15		0.96008		0.96555		0.88601		0.89418		0.87565		0.88482		0.77219
420		11030.47		0.96193		0.96721		0.89119		0.89947		0.88083		0.89005		0.78255
421		11031.82		0.96199		0.96738		0.89119		0.89947		0.88083		0.89005		0.78255
422		11033.38		0.96164		0.96687		0.8886		0.89062		0.88601		0.88831		0.77721
423		11035.0		0.96113		0.96623		0.88083		0.88083		0.88083		0.88083		0.76166
424		11036.56		0.96105		0.9661		0.88083		0.87692		0.88601		0.88144		0.7617
425		11038.36		0.96072		0.96569		0.88083		0.8731		0.89119		0.88205		0.76182
426		11039.77		0.95989		0.96516		0.87824		0.87629		0.88083		0.87855		0.75649
427		11041.11		0.95925		0.96457		0.87824		0.88021		0.87565		0.87792		0.75649
428		11042.54		0.95841		0.96384		0.88342		0.89362		0.87047		0.88189		0.7671
429		11044.18		0.95713		0.9629		0.88342		0.89362		0.87047		0.88189		0.7671
430		11045.57		0.95667		0.96265		0.88342		0.89362		0.87047		0.88189		0.7671
431		11047.06		0.95651		0.96259		0.88342		0.88947		0.87565		0.88251		0.76693
432		11048.44		0.95609		0.96218		0.88601		0.88601		0.88601		0.88601		0.77202
433		11050.04		0.95613		0.96216		0.88342		0.88542		0.88083		0.88312		0.76685
434		11051.59		0.95748		0.9637		0.8886		0.89474		0.88083		0.88773		0.7773
435		11052.93		0.9586		0.9649		0.89119		0.89529		0.88601		0.89062		0.78243
436		11054.3		0.95898		0.9653		0.89637		0.89231		0.90155		0.89691		0.79279
437		11055.88		0.95925		0.96555		0.89637		0.89637		0.89637		0.89637		0.79275
438		11057.33		0.95891		0.96551		0.8886		0.89474		0.88083		0.88773		0.7773
439		11058.64		0.95796		0.96506		0.88083		0.89305		0.86528		0.87895		0.76203
440		11060.02		0.95678		0.96428		0.88601		0.9027		0.86528		0.8836		0.77268
441		11061.47		0.95522		0.96292		0.8886		0.90323		0.87047		0.88654		0.77771
442		11062.86		0.95427		0.96194		0.88083		0.88889		0.87047		0.87958		0.76182
443		11064.33		0.95412		0.96116		0.88083		0.88482		0.87565		0.88021		0.7617
444		11065.63		0.95436		0.96092		0.88083		0.88482		0.87565		0.88021		0.7617
445		11067.06		0.95521		0.96141		0.88601		0.89005		0.88083		0.88542		0.77206
446		11068.41		0.95557		0.96143		0.88083		0.88482		0.87565		0.88021		0.7617
447		11070.03		0.95641		0.96204		0.8886		0.89062		0.88601		0.88831		0.77721
448		11071.31		0.95723		0.96282		0.89378		0.89583		0.89119		0.89351		0.78758
449		11072.78		0.95764		0.96283		0.89896		0.90526		0.89119		0.89817		0.79802
450		11074.08		0.95807		0.96343		0.90155		0.91005		0.89119		0.90052		0.80328
451		11075.53		0.95858		0.96424		0.89896		0.90957		0.88601		0.89764		0.7982
452		11077.01		0.95863		0.96456		0.89119		0.90374		0.87565		0.88947		0.78276
453		11078.75		0.95855		0.96442		0.89637		0.90476		0.88601		0.89529		0.79292
454		11080.45		0.95847		0.96418		0.89637		0.90052		0.89119		0.89583		0.79279
455		11082.32		0.9576		0.96317		0.89378		0.88776		0.90155		0.8946		0.78766
456		11087.9		0.95756		0.96314		0.89378		0.88776		0.90155		0.8946		0.78766
457		11093.89		0.95764		0.96372		0.89637		0.90476		0.88601		0.89529		0.79292
458		11096.63		0.95809		0.96437		0.89896		0.91848		0.87565		0.89655		0.7988
459		11098.23		0.95777		0.96388		0.89896		0.91398		0.88083		0.8971		0.79845
460		11099.53		0.95766		0.96359		0.89378		0.89583		0.89119		0.89351		0.78758
461		11100.76		0.9568		0.96266		0.88083		0.8731		0.89119		0.88205		0.76182
462		11102.65		0.95688		0.96289		0.89378		0.9086		0.87565		0.89182		0.78808
463		11104.56		0.95833		0.96446		0.88601		0.9071		0.8601		0.88298		0.77306
464		11105.95		0.95839		0.9649		0.89378		0.91304		0.87047		0.89125		0.78842
465		11107.62		0.9564		0.9632		0.88342		0.89362		0.87047		0.88189		0.7671
466		11108.84		0.95401		0.9611		0.88083		0.88482		0.87565		0.88021		0.7617
467		11110.94		0.9538		0.9608		0.87824		0.88421		0.87047		0.87728		0.75657
468		11112.24		0.95635		0.96288		0.88342		0.88947		0.87565		0.88251		0.76693
469		11113.5		0.95765		0.96385		0.8886		0.90323		0.87047		0.88654		0.77771
470		11114.87		0.95831		0.96435		0.88083		0.89305		0.86528		0.87895		0.76203
471		11116.38		0.95917		0.96481		0.89378		0.89583		0.89119		0.89351		0.78758
472		11118.17		0.9597		0.96493		0.88342		0.87374		0.89637		0.88491		0.7671
473		11120.15		0.95903		0.96438		0.88342		0.87374		0.89637		0.88491		0.7671
474		11121.46		0.95809		0.96363		0.88083		0.88482		0.87565		0.88021		0.7617
475		11122.62		0.95731		0.96344		0.88342		0.88947		0.87565		0.88251		0.76693
476		11123.78		0.95769		0.96349		0.88083		0.88482		0.87565		0.88021		0.7617
477		11125.04		0.95819		0.96374		0.88601		0.88601		0.88601		0.88601		0.77202
478		11126.19		0.9589		0.96457		0.88601		0.88601		0.88601		0.88601		0.77202
479		11127.44		0.96062		0.9661		0.8886		0.89062		0.88601		0.88831		0.77721
480		11128.62		0.96064		0.96619		0.89378		0.90426		0.88083		0.89239		0.78783
481		11130.07		0.96054		0.96584		0.89637		0.90909		0.88083		0.89474		0.79313
482		11131.84		0.96003		0.96539		0.89378		0.90426		0.88083		0.89239		0.78783
483		11133.3		0.95984		0.96525		0.89378		0.89583		0.89119		0.89351		0.78758
484		11134.9		0.95909		0.9647		0.89119		0.89119		0.89119		0.89119		0.78238
485		11136.48		0.95917		0.96481		0.89378		0.89583		0.89119		0.89351		0.78758
486		11137.98		0.9586		0.96421		0.89378		0.9		0.88601		0.89295		0.78766
487		11139.79		0.95793		0.96361		0.89637		0.90476		0.88601		0.89529		0.79292
488		11141.63		0.95777		0.96337		0.89637		0.90476		0.88601		0.89529		0.79292
489		11143.49		0.95817		0.96372		0.8886		0.89474		0.88083		0.88773		0.7773
490		11145.49		0.95844		0.96396		0.8886		0.89474		0.88083		0.88773		0.7773
491		11146.81		0.95823		0.96401		0.8886		0.89474		0.88083		0.88773		0.7773
492		11148.0		0.95823		0.964		0.8886		0.89062		0.88601		0.88831		0.77721
493		11149.25		0.95855		0.96453		0.89119		0.89529		0.88601		0.89062		0.78243
494		11150.42		0.95866		0.9648		0.89378		0.9		0.88601		0.89295		0.78766
495		11151.76		0.95847		0.96447		0.89119		0.89947		0.88083		0.89005		0.78255
496		11153.0		0.95858		0.96468		0.88601		0.89418		0.87565		0.88482		0.77219
497		11154.17		0.9585		0.9646		0.89378		0.91304		0.87047		0.89125		0.78842
498		11155.56		0.95799		0.96419		0.8886		0.89894		0.87565		0.88714		0.77746
499		11157.48		0.95784		0.9638		0.88601		0.89005		0.88083		0.88542		0.77206
500		11158.72		0.95761		0.96344		0.88601		0.89005		0.88083		0.88542		0.77206
501		11160.28		0.9571		0.96296		0.8886		0.89062		0.88601		0.88831		0.77721
502		11161.83		0.9567		0.9626		0.89378		0.9		0.88601		0.89295		0.78766
503		11163.23		0.95621		0.96214		0.89119		0.89529		0.88601		0.89062		0.78243
504		11164.88		0.95605		0.9623		0.88342		0.88542		0.88083		0.88312		0.76685
505		11166.43		0.95595		0.96231		0.88342		0.88542		0.88083		0.88312		0.76685
506		11167.96		0.95611		0.96272		0.88342		0.88542		0.88083		0.88312		0.76685
507		11169.61		0.95605		0.96269		0.88601		0.89005		0.88083		0.88542		0.77206
508		11171.53		0.95659		0.96308		0.88601		0.89005		0.88083		0.88542		0.77206
509		11172.69		0.95702		0.96328		0.87824		0.87245		0.88601		0.87918		0.75657
510		11174.48		0.95697		0.96298		0.87824		0.87245		0.88601		0.87918		0.75657
511		11175.85		0.95713		0.96292		0.88083		0.8731		0.89119		0.88205		0.76182
512		11177.18		0.95654		0.96234		0.87824		0.87245		0.88601		0.87918		0.75657
513		11178.54		0.95715		0.96284		0.8886		0.89474		0.88083		0.88773		0.7773
514		11180.27		0.95804		0.96396		0.89119		0.90374		0.87565		0.88947		0.78276
515		11182.36		0.95799		0.96383		0.89119		0.90374		0.87565		0.88947		0.78276
516		11184.08		0.95756		0.9633		0.88601		0.89005		0.88083		0.88542		0.77206
517		11185.37		0.95742		0.96308		0.88601		0.88601		0.88601		0.88601		0.77202
518		11186.61		0.95836		0.96395		0.8886		0.89062		0.88601		0.88831		0.77721
519		11187.86		0.95919		0.96483		0.8886		0.89062		0.88601		0.88831		0.77721
520		11189.04		0.95973		0.96535		0.8886		0.89062		0.88601		0.88831		0.77721
521		11190.28		0.95984		0.96563		0.8886		0.89474		0.88083		0.88773		0.7773
522		11191.57		0.95992		0.96545		0.8886		0.8866		0.89119		0.88889		0.77721
523		11192.94		0.9596		0.96499		0.88601		0.88601		0.88601		0.88601		0.77202
524		11194.35		0.95941		0.96464		0.88601		0.88601		0.88601		0.88601		0.77202
525		11195.84		0.9586		0.96399		0.8886		0.89062		0.88601		0.88831		0.77721
526		11197.66		0.95731		0.96278		0.8886		0.89062		0.88601		0.88831		0.77721
527		11198.94		0.95523		0.96078		0.88083		0.88482		0.87565		0.88021		0.7617
528		11200.23		0.9531		0.95881		0.87306		0.87895		0.86528		0.87206		0.7462
529		11201.84		0.95127		0.95749		0.87824		0.8883		0.86528		0.87664		0.75673
530		11203.25		0.95114		0.95736		0.87565		0.87958		0.87047		0.875		0.75134
531		11204.77		0.95259		0.95869		0.87824		0.88421		0.87047		0.87728		0.75657
532		11206.07		0.95425		0.96026		0.88342		0.88947		0.87565		0.88251		0.76693
533		11207.44		0.95535		0.96137		0.8886		0.89894		0.87565		0.88714		0.77746
534		11208.97		0.9564		0.9624		0.8886		0.89894		0.87565		0.88714		0.77746
535		11210.5		0.95702		0.963		0.88601		0.89418		0.87565		0.88482		0.77219
536		11211.82		0.9571		0.96335		0.89119		0.89947		0.88083		0.89005		0.78255
537		11213.2		0.95654		0.96295		0.8886		0.90323		0.87047		0.88654		0.77771
538		11214.79		0.95557		0.96225		0.8886		0.90323		0.87047		0.88654		0.77771
539		11216.28		0.95549		0.96171		0.88083		0.88083		0.88083		0.88083		0.76166
540		11217.65		0.95542		0.96117		0.8886		0.88265		0.89637		0.88946		0.7773
541		11219.3		0.95498		0.96068		0.8886		0.8866		0.89119		0.88889		0.77721
542		11220.72		0.95498		0.96093		0.88601		0.8984		0.87047		0.88421		0.77239
543		11222.63		0.95565		0.96161		0.88342		0.89785		0.86528		0.88127		0.76734
544		11224.32		0.95546		0.96152		0.87824		0.8883		0.86528		0.87664		0.75673
545		11225.8		0.95519		0.96083		0.88601		0.89005		0.88083		0.88542		0.77206
546		11227.05		0.95788		0.96345		0.88601		0.89418		0.87565		0.88482		0.77219
547		11228.9		0.9575		0.96321		0.8886		0.89894		0.87565		0.88714		0.77746
548		11230.23		0.9557		0.96187		0.88083		0.89305		0.86528		0.87895		0.76203
549		11231.47		0.95399		0.96035		0.88083		0.88482		0.87565		0.88021		0.7617
550		11232.67		0.95173		0.95883		0.86788		0.86224		0.87565		0.86889		0.73584
551		11234.07		0.95203		0.95955		0.87824		0.88021		0.87565		0.87792		0.75649
552		11235.36		0.95358		0.96074		0.87565		0.89189		0.85492		0.87302		0.75194
553		11236.69		0.95525		0.96173		0.87565		0.8877		0.8601		0.87368		0.75166
554		11238.02		0.95702		0.96258		0.87824		0.88021		0.87565		0.87792		0.75649
555		11239.77		0.95748		0.96291		0.88342		0.88542		0.88083		0.88312		0.76685
556		11241.95		0.95789		0.96325		0.8886		0.89062		0.88601		0.88831		0.77721
557		11243.59		0.95839		0.96335		0.87565		0.8877		0.8601		0.87368		0.75166
558		11244.81		0.95774		0.96284		0.88083		0.89305		0.86528		0.87895		0.76203
559		11246.04		0.95595		0.96187		0.88083		0.89305		0.86528		0.87895		0.76203
560		11247.39		0.95538		0.96213		0.87824		0.88421		0.87047		0.87728		0.75657
561		11249.1		0.95611		0.96313		0.87824		0.88421		0.87047		0.87728		0.75657
562		11250.61		0.95839		0.96482		0.87824		0.87629		0.88083		0.87855		0.75649
563		11252.29		0.95954		0.96551		0.87565		0.86802		0.88601		0.87692		0.75146
564		11254.23		0.95957		0.96544		0.8886		0.88265		0.89637		0.88946		0.7773
565		11255.92		0.96029		0.96608		0.88601		0.88601		0.88601		0.88601		0.77202
566		11257.1		0.96048		0.96636		0.89378		0.90426		0.88083		0.89239		0.78783
567		11258.32		0.95986		0.96567		0.87824		0.89674		0.85492		0.87533		0.7573
568		11260.05		0.9579		0.96376		0.87565		0.8877		0.8601		0.87368		0.75166
569		11261.71		0.95581		0.96167		0.87047		0.87435		0.86528		0.86979		0.74097
570		11262.81		0.95437		0.95996		0.87047		0.87435		0.86528		0.86979		0.74097
571		11264.03		0.95506		0.96083		0.87565		0.8877		0.8601		0.87368		0.75166
572		11265.17		0.95454		0.96056		0.87565		0.89189		0.85492		0.87302		0.75194
573		11267.13		0.95576		0.96187		0.88601		0.89005		0.88083		0.88542		0.77206
574		11268.44		0.95627		0.96235		0.89119		0.89119		0.89119		0.89119		0.78238
575		11269.59		0.95651		0.96256		0.88601		0.88205		0.89119		0.8866		0.77206
576		11270.76		0.95804		0.96451		0.8886		0.89474		0.88083		0.88773		0.7773
577		11271.93		0.95997		0.96664		0.89896		0.91848		0.87565		0.89655		0.7988
578		11273.2		0.96064		0.96711		0.89378		0.9086		0.87565		0.89182		0.78808
579		11274.34		0.95952		0.96583		0.89637		0.90052		0.89119		0.89583		0.79279
580		11275.47		0.95538		0.96134		0.89378		0.89175		0.89637		0.89406		0.78758
581		11276.92		0.95374		0.96023		0.8886		0.89474		0.88083		0.88773		0.7773
582		11278.33		0.95259		0.95948		0.88083		0.8973		0.8601		0.87831		0.76231
583		11279.76		0.95272		0.95958		0.88601		0.8984		0.87047		0.88421		0.77239
584		11281.23		0.95458		0.96106		0.88342		0.88947		0.87565		0.88251		0.76693
585		11282.66		0.95668		0.96268		0.88083		0.88083		0.88083		0.88083		0.76166
586		11284.34		0.95799		0.9636		0.88342		0.88542		0.88083		0.88312		0.76685
587		11285.8		0.95942		0.96506		0.88601		0.89005		0.88083		0.88542		0.77206
588		11287.1		0.96		0.96571		0.8886		0.90323		0.87047		0.88654		0.77771
589		11288.4		0.96062		0.96621		0.8886		0.90323		0.87047		0.88654		0.77771
590		11289.96		0.9604		0.96611		0.88342		0.88947		0.87565		0.88251		0.76693
591		11291.45		0.95938		0.9651		0.88342		0.88542		0.88083		0.88312		0.76685
592		11293.02		0.95863		0.96435		0.88083		0.88482		0.87565		0.88021		0.7617
593		11294.35		0.95761		0.96352		0.88342		0.88947		0.87565		0.88251		0.76693
594		11295.99		0.95678		0.9631		0.8886		0.90323		0.87047		0.88654		0.77771
595		11297.29		0.95568		0.96201		0.8886		0.90323		0.87047		0.88654		0.77771
596		11298.74		0.95541		0.96115		0.88601		0.8984		0.87047		0.88421		0.77239
597		11300.04		0.95407		0.9594		0.88083		0.88889		0.87047		0.87958		0.76182
598		11301.5		0.95562		0.96083		0.88342		0.88947		0.87565		0.88251		0.76693
599		11302.92		0.95729		0.9621		0.8886		0.89474		0.88083		0.88773		0.7773
600		11304.58		0.95863		0.96343		0.89119		0.90374		0.87565		0.88947		0.78276
601		11306.01		0.95911		0.96428		0.89119		0.90374		0.87565		0.88947		0.78276
602		11307.43		0.95879		0.96434		0.89119		0.90374		0.87565		0.88947		0.78276
603		11308.91		0.95662		0.96261		0.88601		0.89005		0.88083		0.88542		0.77206
604		11310.28		0.95467		0.96098		0.87824		0.87629		0.88083		0.87855		0.75649
605		11312.05		0.95397		0.96083		0.88083		0.88482		0.87565		0.88021		0.7617
606		11313.41		0.95474		0.96193		0.8886		0.91667		0.85492		0.88472		0.77897
607		11314.82		0.95549		0.96256		0.89378		0.92222		0.8601		0.89008		0.78936
608		11316.67		0.95613		0.96261		0.88601		0.8984		0.87047		0.88421		0.77239
609		11317.96		0.95697		0.96269		0.88601		0.89005		0.88083		0.88542		0.77206
610		11319.1		0.95616		0.96145		0.88083		0.8731		0.89119		0.88205		0.76182
611		11320.32		0.95737		0.96246		0.88083		0.87692		0.88601		0.88144		0.7617
612		11321.48		0.9582		0.96375		0.8886		0.90323		0.87047		0.88654		0.77771
613		11322.76		0.95796		0.96375		0.89119		0.91713		0.8601		0.8877		0.7839
614		11323.9		0.95742		0.96353		0.88601		0.9071		0.8601		0.88298		0.77306
615		11325.33		0.9557		0.96225		0.88342		0.89362		0.87047		0.88189		0.7671
616		11327.06		0.95348		0.96028		0.87565		0.87179		0.88083		0.87629		0.75134
617		11328.35		0.95262		0.95949		0.88342		0.87755		0.89119		0.88432		0.76693
618		11329.5		0.95353		0.96019		0.88083		0.88083		0.88083		0.88083		0.76166
619		11330.81		0.95393		0.96003		0.89378		0.91304		0.87047		0.89125		0.78842
620		11332.26		0.95592		0.96169		0.89378		0.91758		0.86528		0.89067		0.78885
621		11334.49		0.95758		0.96325		0.88601		0.9027		0.86528		0.8836		0.77268
622		11336.2		0.95935		0.96514		0.88601		0.8984		0.87047		0.88421		0.77239
623		11337.38		0.96032		0.96591		0.8886		0.90323		0.87047		0.88654		0.77771
624		11338.5		0.96102		0.96637		0.8886		0.90323		0.87047		0.88654		0.77771
625		11340.42		0.95989		0.96503		0.8886		0.89894		0.87565		0.88714		0.77746
626		11341.72		0.95847		0.96363		0.88083		0.88889		0.87047		0.87958		0.76182
627		11342.89		0.95691		0.96223		0.88083		0.89305		0.86528		0.87895		0.76203
628		11344.04		0.95565		0.96071		0.88342		0.89785		0.86528		0.88127		0.76734
629		11345.16		0.95484		0.95988		0.87824		0.8883		0.86528		0.87664		0.75673
630		11346.4		0.95466		0.95955		0.87306		0.875		0.87047		0.87273		0.74612
631		11347.76		0.95558		0.9605		0.87824		0.8883		0.86528		0.87664		0.75673
632		11349.81		0.95721		0.96234		0.88342		0.89785		0.86528		0.88127		0.76734
633		11351.72		0.95723		0.96275		0.8886		0.90323		0.87047		0.88654		0.77771
634		11353.32		0.9578		0.96343		0.89119		0.89947		0.88083		0.89005		0.78255
635		11355.25		0.9582		0.96385		0.88083		0.88083		0.88083		0.88083		0.76166
636		11356.48		0.95721		0.9628		0.87565		0.87179		0.88083		0.87629		0.75134
637		11357.61		0.95662		0.96235		0.87306		0.86735		0.88083		0.87404		0.7462
638		11358.82		0.95619		0.96225		0.87565		0.87179		0.88083		0.87629		0.75134
639		11360.06		0.95537		0.96201		0.89119		0.89947		0.88083		0.89005		0.78255
640		11361.47		0.95573		0.96238		0.8886		0.89894		0.87565		0.88714		0.77746
641		11362.91		0.95544		0.96205		0.88342		0.88947		0.87565		0.88251		0.76693
642		11364.44		0.95597		0.9624		0.88342		0.88947		0.87565		0.88251		0.76693
643		11365.93		0.956		0.96216		0.88083		0.87692		0.88601		0.88144		0.7617
644		11367.76		0.95664		0.96247		0.88083		0.87692		0.88601		0.88144		0.7617
645		11369.27		0.95706		0.96287		0.87824		0.87245		0.88601		0.87918		0.75657
646		11370.59		0.95723		0.96305		0.88342		0.88542		0.88083		0.88312		0.76685
647		11371.89		0.95745		0.96319		0.88601		0.8984		0.87047		0.88421		0.77239
648		11373.72		0.95715		0.96321		0.89378		0.91304		0.87047		0.89125		0.78842
649		11375.48		0.95629		0.96261		0.89119		0.90811		0.87047		0.88889		0.78306
650		11376.6		0.95576		0.96223		0.89119		0.90374		0.87565		0.88947		0.78276
651		11377.77		0.95511		0.96157		0.88601		0.89418		0.87565		0.88482		0.77219
652		11378.91		0.95552		0.96206		0.89119		0.90374		0.87565		0.88947		0.78276
653		11380.82		0.95616		0.96268		0.89637		0.91351		0.87565		0.89418		0.79343
654		11382.96		0.95707		0.96337		0.89896		0.91398		0.88083		0.8971		0.79845
655		11384.14		0.95766		0.9638		0.89378		0.9		0.88601		0.89295		0.78766
656		11385.35		0.9579		0.96394		0.89896		0.91398		0.88083		0.8971		0.79845
657		11386.57		0.95815		0.96417		0.89896		0.91398		0.88083		0.8971		0.79845
658		11387.71		0.95816		0.96436		0.89637		0.91351		0.87565		0.89418		0.79343
659		11388.97		0.9579		0.96422		0.89378		0.91304		0.87047		0.89125		0.78842
660		11390.43		0.95756		0.96378		0.89378		0.91304		0.87047		0.89125		0.78842
661		11392.08		0.95662		0.96277		0.8886		0.89894		0.87565		0.88714		0.77746
662		11393.97		0.95621		0.96217		0.88601		0.89418		0.87565		0.88482		0.77219
663		11395.76		0.95766		0.96357		0.8886		0.89894		0.87565		0.88714		0.77746
664		11397.24		0.9575		0.96373		0.8886		0.90323		0.87047		0.88654		0.77771
665		11398.84		0.95702		0.96314		0.89378		0.91758		0.86528		0.89067		0.78885
666		11400.57		0.95648		0.96252		0.8886		0.90323		0.87047		0.88654		0.77771
667		11401.95		0.95576		0.96179		0.89119		0.89529		0.88601		0.89062		0.78243
668		11403.14		0.95519		0.96091		0.8886		0.89062		0.88601		0.88831		0.77721
669		11404.38		0.95471		0.96039		0.89119		0.89947		0.88083		0.89005		0.78255
670		11405.69		0.95382		0.95956		0.88083		0.89305		0.86528		0.87895		0.76203
671		11407.18		0.95388		0.95974		0.88342		0.90217		0.8601		0.88064		0.76767
672		11408.79		0.95433		0.96021		0.88083		0.90164		0.85492		0.87766		0.76268
673		11409.96		0.95374		0.9598		0.88342		0.89362		0.87047		0.88189		0.7671
674		11411.53		0.95396		0.95995		0.88083		0.88889		0.87047		0.87958		0.76182
675		11413.84		0.95471		0.9605		0.88601		0.89005		0.88083		0.88542		0.77206
676		11415.73		0.95546		0.96135		0.89378		0.90426		0.88083		0.89239		0.78783
677		11416.91		0.95562		0.96125		0.88601		0.8984		0.87047		0.88421		0.77239
678		11418.12		0.95552		0.96135		0.88083		0.88889		0.87047		0.87958		0.76182
679		11419.78		0.95509		0.96093		0.87824		0.88021		0.87565		0.87792		0.75649
680		11421.51		0.95514		0.96101		0.87306		0.875		0.87047		0.87273		0.74612
681		11422.9		0.95581		0.96182		0.88342		0.89362		0.87047		0.88189		0.7671
682		11424.06		0.95702		0.96301		0.89119		0.90374		0.87565		0.88947		0.78276
683		11425.34		0.95723		0.9632		0.8886		0.89894		0.87565		0.88714		0.77746
684		11426.49		0.95678		0.96258		0.88342		0.88947		0.87565		0.88251		0.76693
685		11427.77		0.95643		0.96189		0.88342		0.87374		0.89637		0.88491		0.7671
686		11429.3		0.95722		0.96243		0.89378		0.9		0.88601		0.89295		0.78766
687		11431.02		0.95683		0.96212		0.88601		0.8984		0.87047		0.88421		0.77239
688		11433.24		0.9559		0.96126		0.88601		0.9027		0.86528		0.8836		0.77268
689		11435.17		0.95562		0.96098		0.88342		0.90659		0.85492		0.88		0.76809
690		11436.38		0.95527		0.96066		0.88601		0.9071		0.8601		0.88298		0.77306
691		11437.8		0.95501		0.96105		0.8886		0.89474		0.88083		0.88773		0.7773
692		11438.99		0.95509		0.96138		0.88601		0.89005		0.88083		0.88542		0.77206
693		11440.21		0.95568		0.96215		0.88342		0.88947		0.87565		0.88251		0.76693
694		11441.38		0.95643		0.96294		0.88083		0.88889		0.87047		0.87958		0.76182
695		11442.52		0.95713		0.9636		0.87565		0.8877		0.8601		0.87368		0.75166
696		11443.96		0.95817		0.96443		0.88083		0.8973		0.8601		0.87831		0.76231
697		11446.29		0.95737		0.96352		0.88342		0.89785		0.86528		0.88127		0.76734
698		11447.74		0.95624		0.9623		0.88083		0.88889		0.87047		0.87958		0.76182
699		11448.88		0.95581		0.96175		0.88083		0.88889		0.87047		0.87958		0.76182
700		11450.1		0.95683		0.96315		0.8886		0.90761		0.86528		0.88594		0.77805
701		11451.81		0.95514		0.9615		0.89378		0.91758		0.86528		0.89067		0.78885
702		11453.45		0.95313		0.96007		0.88601		0.89418		0.87565		0.88482		0.77219
703		11454.66		0.95205		0.95887		0.88083		0.88482		0.87565		0.88021		0.7617
704		11455.85		0.95291		0.95944		0.88342		0.88947		0.87565		0.88251		0.76693
705		11457.24		0.95396		0.96029		0.88342		0.89362		0.87047		0.88189		0.7671
706		11458.7		0.95452		0.96093		0.88601		0.9071		0.8601		0.88298		0.77306
707		11460.34		0.95458		0.96068		0.88601		0.9071		0.8601		0.88298		0.77306
708		11462.09		0.95428		0.9606		0.88342		0.89785		0.86528		0.88127		0.76734
709		11464.18		0.95385		0.96057		0.88342		0.89362		0.87047		0.88189		0.7671
710		11465.34		0.95409		0.96138		0.8886		0.89062		0.88601		0.88831		0.77721
711		11466.54		0.95425		0.96182		0.88342		0.88947		0.87565		0.88251		0.76693
712		11467.67		0.95404		0.96176		0.88601		0.8984		0.87047		0.88421		0.77239
713		11468.82		0.95463		0.96212		0.88342		0.89362		0.87047		0.88189		0.7671
714		11470.04		0.95455		0.96178		0.88342		0.88947		0.87565		0.88251		0.76693
715		11471.6		0.95447		0.96119		0.88083		0.87692		0.88601		0.88144		0.7617
716		11473.38		0.95492		0.96149		0.88083		0.88083		0.88083		0.88083		0.76166
717		11475.32		0.95517		0.96142		0.87824		0.88421		0.87047		0.87728		0.75657
718		11476.73		0.95514		0.96116		0.87306		0.87895		0.86528		0.87206		0.7462
719		11478.6		0.95487		0.96099		0.87047		0.88649		0.84974		0.86772		0.74157
720		11479.9		0.95431		0.9607		0.87306		0.8913		0.84974		0.87003		0.74693
721		11481.22		0.95479		0.96107		0.88601		0.9027		0.86528		0.8836		0.77268
722		11482.42		0.95557		0.96158		0.88342		0.89362		0.87047		0.88189		0.7671
723		11483.77		0.95484		0.9606		0.88083		0.88482		0.87565		0.88021		0.7617
724		11484.88		0.95441		0.95985		0.88601		0.87817		0.89637		0.88718		0.77219
725		11486.12		0.95322		0.95881		0.8886		0.89062		0.88601		0.88831		0.77721
726		11488.01		0.95216		0.95801		0.89119		0.90374		0.87565		0.88947		0.78276
727		11489.27		0.95197		0.95788		0.8886		0.90323		0.87047		0.88654		0.77771
728		11491.29		0.95157		0.95736		0.88601		0.89418		0.87565		0.88482		0.77219
729		11493.17		0.95135		0.95683		0.87824		0.87245		0.88601		0.87918		0.75657
730		11494.4		0.9513		0.95697		0.88601		0.87817		0.89637		0.88718		0.77219
731		11495.58		0.95313		0.95885		0.89119		0.89119		0.89119		0.89119		0.78238
732		11496.88		0.9546		0.96071		0.88601		0.9027		0.86528		0.8836		0.77268
733		11498.17		0.95519		0.96145		0.8886		0.91209		0.8601		0.88533		0.77847
734		11499.64		0.95484		0.96072		0.88083		0.88482		0.87565		0.88021		0.7617
735		11501.39		0.95282		0.95866		0.86528		0.86154		0.87047		0.86598		0.73061
736		11502.77		0.95739		0.96335		0.89119		0.90811		0.87047		0.88889		0.78306
737		11503.96		0.95648		0.96307		0.88601		0.9209		0.84456		0.88108		0.77469
738		11505.16		0.95208		0.95783		0.87565		0.87565		0.87565		0.87565		0.7513
739		11506.34		0.94722		0.95347		0.87047		0.8593		0.88601		0.87245		0.74129
740		11508.67		0.95299		0.96116		0.87824		0.93452		0.81347		0.86981		0.7629
741		11510.51		0.93126		0.93535		0.7772		0.70189		0.96373		0.81223		0.59754
742		11511.67		0.9327		0.94492		0.83938		0.96454		0.70466		0.81437		0.70482
743		11513.58		0.91123		0.90971		0.53886		0.52022		1.0		0.6844		0.20108
744		11514.72		0.90998		0.92681		0.69689		1.0		0.39378		0.56506		0.49514
745		11516.04		0.91313		0.92683		0.82383		0.88344		0.74611		0.80899		0.65564
746		11517.36		0.91695		0.92636		0.79534		0.73361		0.92746		0.81922		0.61244
747		11518.58		0.91737		0.92802		0.78497		0.71825		0.93782		0.81348		0.5986
748		11520.38		0.91141		0.92422		0.82902		0.87135		0.77202		0.81868		0.66235
749		11522.05		0.90223		0.91811		0.75389		0.99		0.51295		0.67577		0.57949
750		11523.29		0.90402		0.91921		0.76684		0.99048		0.53886		0.69799		0.59964
751		11524.98		0.91237		0.92396		0.81865		0.85965		0.76166		0.80769		0.64149
752		11526.45		0.9135		0.92321		0.75648		0.68266		0.95855		0.79741		0.56079
753		11528.45		0.91793		0.92721		0.67358		0.60568		0.99482		0.75294		0.45302
754		11530.17		0.92644		0.93555		0.70207		0.62745		0.99482		0.76954		0.49853
755		11531.45		0.93087		0.94099		0.77461		0.70229		0.95337		0.80879		0.58809
756		11532.71		0.92816		0.93978		0.83938		0.81951		0.87047		0.84422		0.68007
757		11533.99		0.92266		0.93564		0.84197		0.90244		0.76684		0.82913		0.69179
758		11535.21		0.91635		0.93032		0.81347		0.92908		0.67876		0.78443		0.65102
759		11536.33		0.91084		0.92486		0.80311		0.93985		0.64767		0.76687		0.63782
760		11537.53		0.908		0.92166		0.79793		0.94574		0.63212		0.75776		0.63159
761		11539.76		0.90829		0.92205		0.8057		0.93382		0.65803		0.77204		0.63994
762		11541.65		0.91031		0.92412		0.81606		0.92361		0.68912		0.78932		0.65354
763		11542.8		0.91474		0.92836		0.83161		0.91026		0.73575		0.81375		0.67575
764		11543.94		0.9186		0.93219		0.84456		0.87151		0.80829		0.83871		0.69094
765		11545.16		0.92215		0.93504		0.83938		0.83938		0.83938		0.83938		0.67876
766		11546.88		0.92445		0.93696		0.83679		0.82828		0.84974		0.83887		0.6738
767		11548.56		0.92593		0.93799		0.84456		0.83085		0.86528		0.84772		0.68971
768		11550.4		0.92582		0.93757		0.84715		0.84184		0.85492		0.84833		0.69438
769		11551.82		0.92601		0.93755		0.84456		0.87151		0.80829		0.83871		0.69094
770		11553.21		0.92539		0.93689		0.84456		0.88889		0.78756		0.83516		0.69364
771		11555.12		0.92523		0.93646		0.84197		0.91772		0.7513		0.82621		0.69547
772		11556.26		0.92628		0.93692		0.83938		0.9172		0.74611		0.82286		0.69088
773		11557.42		0.92837		0.93846		0.83679		0.91139		0.74611		0.82051		0.68493
774		11558.64		0.93039		0.93985		0.84715		0.90854		0.77202		0.83473		0.70227
775		11559.85		0.93278		0.94165		0.85492		0.90533		0.79275		0.8453		0.7154
776		11561.01		0.93578		0.9443		0.85233		0.87363		0.82383		0.848		0.70581
777		11562.16		0.93855		0.94653		0.8601		0.86387		0.85492		0.85938		0.72025
778		11563.31		0.94115		0.9488		0.8601		0.8601		0.8601		0.8601		0.72021
779		11564.76		0.94284		0.95028		0.86528		0.87701		0.84974		0.86316		0.73092
780		11566.4		0.94314		0.95045		0.86269		0.88043		0.83938		0.85942		0.72618
781		11568.05		0.94376		0.95132		0.86788		0.90805		0.81865		0.86104		0.73934
782		11569.98		0.94451		0.95189		0.8601		0.91617		0.79275		0.85		0.72683
783		11571.53		0.94515		0.95236		0.85751		0.91566		0.78756		0.8468		0.72213
784		11573.03		0.94537		0.95222		0.85492		0.90058		0.79793		0.84615		0.7145
785		11574.35		0.94526		0.95188		0.86788		0.90341		0.82383		0.86179		0.73862
786		11575.96		0.94518		0.95134		0.87047		0.89071		0.84456		0.86702		0.74193
787		11578.12		0.94448		0.9504		0.87047		0.88235		0.85492		0.86842		0.74129
788		11579.58		0.94518		0.95065		0.87047		0.89071		0.84456		0.86702		0.74193
789		11581.24		0.94572		0.95126		0.85751		0.88764		0.81865		0.85175		0.7172
790		11582.7		0.94593		0.95157		0.84715		0.88506		0.79793		0.83924		0.69769
791		11583.88		0.94633		0.95171		0.85751		0.87912		0.82902		0.85333		0.71619
792		11585.04		0.94695		0.95225		0.87047		0.87047		0.87047		0.87047		0.74093
793		11586.28		0.94709		0.95257		0.86528		0.85427		0.88083		0.86735		0.73092
794		11588.08		0.94749		0.95354		0.86528		0.86911		0.8601		0.86458		0.73061
795		11589.31		0.94792		0.95431		0.85751		0.88764		0.81865		0.85175		0.7172
796		11590.57		0.94794		0.95464		0.86269		0.89773		0.81865		0.85637		0.72822
797		11591.98		0.94714		0.9536		0.8601		0.8601		0.8601		0.8601		0.72021
798		11593.26		0.9458		0.9524		0.87047		0.8593		0.88601		0.87245		0.74129
799		11594.87		0.94513		0.95196		0.8601		0.86387		0.85492		0.85938		0.72025
800		11596.64		0.94499		0.95198		0.85233		0.87778		0.81865		0.84718		0.70627
801		11597.9		0.94496		0.95196		0.85492		0.87027		0.8342		0.85185		0.71046
802		11599.27		0.94454		0.95145		0.85751		0.85938		0.85492		0.85714		0.71504
803		11601.2		0.94475		0.95196		0.8601		0.85641		0.86528		0.86082		0.72025
804		11602.4		0.9462		0.95344		0.8601		0.8601		0.8601		0.8601		0.72021
805		11603.71		0.9476		0.95478		0.86269		0.87234		0.84974		0.86089		0.72563
806		11605.02		0.94859		0.95593		0.87306		0.875		0.87047		0.87273		0.74612
807		11606.16		0.94996		0.95706		0.87306		0.86735		0.88083		0.87404		0.7462
808		11607.49		0.95146		0.95835		0.88083		0.87692		0.88601		0.88144		0.7617
809		11609.23		0.95181		0.95888		0.87824		0.88421		0.87047		0.87728		0.75657
810		11611.51		0.95213		0.95914		0.87824		0.88021		0.87565		0.87792		0.75649
811		11612.86		0.9524		0.95943		0.87565		0.87565		0.87565		0.87565		0.7513
812		11614.43		0.95146		0.95878		0.87306		0.875		0.87047		0.87273		0.74612
813		11615.88		0.95184		0.95937		0.87047		0.87435		0.86528		0.86979		0.74097
814		11617.6		0.95232		0.95992		0.88342		0.87374		0.89637		0.88491		0.7671
815		11619.41		0.95192		0.95983		0.88601		0.88205		0.89119		0.8866		0.77206
816		11620.95		0.95219		0.96009		0.88342		0.88947		0.87565		0.88251		0.76693
817		11622.08		0.95189		0.9598		0.87824		0.87629		0.88083		0.87855		0.75649
818		11623.19		0.95195		0.95976		0.87824		0.87629		0.88083		0.87855		0.75649
819		11624.4		0.9516		0.95932		0.87824		0.88421		0.87047		0.87728		0.75657
820		11625.53		0.95098		0.95866		0.87824		0.8883		0.86528		0.87664		0.75673
821		11626.69		0.95114		0.95885		0.87306		0.87895		0.86528		0.87206		0.7462
822		11627.8		0.95184		0.95959		0.87047		0.87435		0.86528		0.86979		0.74097
823		11629.05		0.95256		0.96039		0.87047		0.87047		0.87047		0.87047		0.74093
824		11630.22		0.95356		0.96156		0.87824		0.88021		0.87565		0.87792		0.75649
825		11631.49		0.95396		0.96216		0.88083		0.88083		0.88083		0.88083		0.76166
826		11633.45		0.95425		0.96248		0.88601		0.89005		0.88083		0.88542		0.77206
827		11635.17		0.95428		0.96251		0.88601		0.89005		0.88083		0.88542		0.77206
828		11636.65		0.9546		0.96267		0.8886		0.89474		0.88083		0.88773		0.7773
829		11638.15		0.95452		0.96264		0.88601		0.88601		0.88601		0.88601		0.77202
830		11640.06		0.95463		0.96259		0.8886		0.89062		0.88601		0.88831		0.77721
831		11642.04		0.95468		0.96262		0.89119		0.89529		0.88601		0.89062		0.78243
832		11643.66		0.95471		0.96271		0.88601		0.89418		0.87565		0.88482		0.77219
833		11645.3		0.95458		0.96273		0.88342		0.88947		0.87565		0.88251		0.76693
834		11646.54		0.95407		0.96243		0.88342		0.88542		0.88083		0.88312		0.76685
835		11648.65		0.9539		0.9623		0.88342		0.88144		0.88601		0.88372		0.76685
836		11650.0		0.95436		0.96271		0.88601		0.88601		0.88601		0.88601		0.77202
837		11651.13		0.9545		0.96284		0.88601		0.89005		0.88083		0.88542		0.77206
838		11652.27		0.95471		0.96294		0.88083		0.88482		0.87565		0.88021		0.7617
839		11653.46		0.95428		0.96244		0.88083		0.88083		0.88083		0.88083		0.76166
840		11654.7		0.95428		0.96236		0.88083		0.87692		0.88601		0.88144		0.7617
841		11656.04		0.95407		0.96202		0.87824		0.87245		0.88601		0.87918		0.75657
842		11657.86		0.9545		0.96232		0.87565		0.86802		0.88601		0.87692		0.75146
843		11659.36		0.95482		0.96268		0.87824		0.87245		0.88601		0.87918		0.75657
844		11660.65		0.9545		0.96229		0.88342		0.88947		0.87565		0.88251		0.76693
845		11662.7		0.95433		0.96213		0.8886		0.89894		0.87565		0.88714		0.77746
846		11663.93		0.95487		0.96255		0.88601		0.89418		0.87565		0.88482		0.77219
847		11665.1		0.95541		0.96292		0.87824		0.87629		0.88083		0.87855		0.75649
848		11666.25		0.95546		0.96301		0.87824		0.87245		0.88601		0.87918		0.75657
849		11667.75		0.95581		0.96339		0.87824		0.87245		0.88601		0.87918		0.75657
850		11669.3		0.95613		0.96366		0.88083		0.88083		0.88083		0.88083		0.76166
851		11670.92		0.95629		0.96386		0.88342		0.88542		0.88083		0.88312		0.76685
852		11672.08		0.95595		0.96364		0.88083		0.88482		0.87565		0.88021		0.7617
853		11673.64		0.95503		0.96291		0.88083		0.88482		0.87565		0.88021		0.7617
854		11675.33		0.95415		0.96221		0.87565		0.87565		0.87565		0.87565		0.7513
855		11676.81		0.95345		0.9617		0.87306		0.87113		0.87565		0.87339		0.74612
856		11678.23		0.95321		0.96143		0.87824		0.87629		0.88083		0.87855		0.75649
857		11679.75		0.95321		0.9614		0.88083		0.88083		0.88083		0.88083		0.76166
858		11681.28		0.9542		0.96203		0.88083		0.88889		0.87047		0.87958		0.76182
859		11682.74		0.95519		0.96273		0.88601		0.89418		0.87565		0.88482		0.77219
860		11684.38		0.95544		0.96281		0.88342		0.88542		0.88083		0.88312		0.76685
861		11686.23		0.95603		0.96326		0.88601		0.88601		0.88601		0.88601		0.77202
862		11687.93		0.95616		0.96331		0.88083		0.87692		0.88601		0.88144		0.7617
863		11689.29		0.95619		0.96338		0.88083		0.87692		0.88601		0.88144		0.7617
864		11690.43		0.95586		0.96317		0.87565		0.87179		0.88083		0.87629		0.75134
865		11691.55		0.95565		0.96306		0.88342		0.88542		0.88083		0.88312		0.76685
866		11692.7		0.95522		0.96279		0.88601		0.89005		0.88083		0.88542		0.77206
867		11693.94		0.95499		0.96282		0.88601		0.89418		0.87565		0.88482		0.77219
868		11695.07		0.95412		0.96214		0.88601		0.89418		0.87565		0.88482		0.77219
869		11696.23		0.95412		0.96211		0.88601		0.89418		0.87565		0.88482		0.77219
870		11698.23		0.95417		0.96207		0.88083		0.88083		0.88083		0.88083		0.76166
871		11699.76		0.95428		0.96206		0.88083		0.88083		0.88083		0.88083		0.76166
872		11701.48		0.95474		0.96239		0.88601		0.89005		0.88083		0.88542		0.77206
873		11702.93		0.95511		0.96266		0.88601		0.89005		0.88083		0.88542		0.77206
874		11704.52		0.95527		0.96274		0.8886		0.89062		0.88601		0.88831		0.77721
875		11706.4		0.95514		0.96263		0.8886		0.89062		0.88601		0.88831		0.77721
876		11707.77		0.95538		0.96279		0.88601		0.88601		0.88601		0.88601		0.77202
877		11708.96		0.95531		0.96269		0.8886		0.89062		0.88601		0.88831		0.77721
878		11710.7		0.95525		0.96264		0.88601		0.88601		0.88601		0.88601		0.77202
879		11712.11		0.95479		0.9624		0.88342		0.88542		0.88083		0.88312		0.76685
880		11713.36		0.95476		0.96241		0.88083		0.88083		0.88083		0.88083		0.76166
881		11714.55		0.95458		0.96227		0.88083		0.88083		0.88083		0.88083		0.76166
882		11715.9		0.9545		0.96226		0.88342		0.88542		0.88083		0.88312		0.76685
883		11717.74		0.95423		0.96206		0.88083		0.88482		0.87565		0.88021		0.7617
884		11719.07		0.95431		0.96215		0.87824		0.88421		0.87047		0.87728		0.75657
885		11720.5		0.95425		0.96205		0.87565		0.87958		0.87047		0.875		0.75134
886		11722.38		0.95423		0.962		0.87565		0.87958		0.87047		0.875		0.75134
887		11724.13		0.95423		0.96192		0.87824		0.87629		0.88083		0.87855		0.75649
888		11725.93		0.95404		0.96178		0.87306		0.87113		0.87565		0.87339		0.74612
889		11727.65		0.95396		0.96178		0.87824		0.88021		0.87565		0.87792		0.75649
890		11728.78		0.95385		0.96176		0.88601		0.89005		0.88083		0.88542		0.77206
891		11729.98		0.9538		0.96173		0.88601		0.89005		0.88083		0.88542		0.77206
892		11731.24		0.95353		0.96154		0.88601		0.89418		0.87565		0.88482		0.77219
893		11733.02		0.9535		0.96157		0.88601		0.89418		0.87565		0.88482		0.77219
894		11734.51		0.95369		0.96174		0.88601		0.89418		0.87565		0.88482		0.77219
895		11736.43		0.95377		0.96185		0.88601		0.89418		0.87565		0.88482		0.77219
896		11737.8		0.95412		0.96215		0.88083		0.88482		0.87565		0.88021		0.7617
897		11739.08		0.95425		0.96209		0.88083		0.87692		0.88601		0.88144		0.7617
898		11740.2		0.95452		0.96225		0.88083		0.87692		0.88601		0.88144		0.7617
899		11741.35		0.95495		0.96242		0.88083		0.87692		0.88601		0.88144		0.7617
900		11742.55		0.95503		0.9625		0.88083		0.87692		0.88601		0.88144		0.7617
901		11744.12		0.9553		0.96274		0.8886		0.89062		0.88601		0.88831		0.77721
902		11745.96		0.95522		0.96275		0.89378		0.9		0.88601		0.89295		0.78766
903		11747.76		0.95517		0.96269		0.89119		0.89947		0.88083		0.89005		0.78255
904		11749.64		0.95495		0.96248		0.89119		0.89947		0.88083		0.89005		0.78255
905		11751.48		0.95444		0.9622		0.88342		0.88542		0.88083		0.88312		0.76685
906		11752.86		0.9545		0.96226		0.87824		0.87629		0.88083		0.87855		0.75649
907		11754.05		0.95429		0.96202		0.87824		0.87629		0.88083		0.87855		0.75649
908		11755.17		0.95425		0.96196		0.87565		0.87179		0.88083		0.87629		0.75134
909		11756.31		0.95433		0.96201		0.87565		0.87179		0.88083		0.87629		0.75134
910		11757.55		0.95409		0.96172		0.87565		0.87179		0.88083		0.87629		0.75134
911		11758.73		0.95419		0.9618		0.87565		0.87179		0.88083		0.87629		0.75134
912		11759.87		0.95425		0.96181		0.87565		0.87179		0.88083		0.87629		0.75134
913		11761.78		0.95439		0.96195		0.87824		0.87245		0.88601		0.87918		0.75657
914		11763.64		0.95423		0.96193		0.87824		0.87629		0.88083		0.87855		0.75649
915		11765.64		0.95374		0.96152		0.87824		0.87629		0.88083		0.87855		0.75649
916		11767.21		0.9535		0.96142		0.88083		0.88083		0.88083		0.88083		0.76166
917		11768.69		0.95305		0.96112		0.88083		0.88083		0.88083		0.88083		0.76166
918		11770.02		0.95256		0.96068		0.88083		0.88083		0.88083		0.88083		0.76166
919		11771.4		0.9517		0.95989		0.87824		0.87245		0.88601		0.87918		0.75657
920		11772.77		0.95122		0.95951		0.87565		0.86802		0.88601		0.87692		0.75146
921		11774.61		0.95125		0.95946		0.87565		0.86802		0.88601		0.87692		0.75146
922		11775.75		0.95168		0.95984		0.87565		0.86802		0.88601		0.87692		0.75146
923		11776.92		0.95248		0.96048		0.88083		0.88083		0.88083		0.88083		0.76166
924		11778.18		0.95294		0.96073		0.87824		0.88021		0.87565		0.87792		0.75649
925		11779.31		0.95396		0.96149		0.88342		0.88542		0.88083		0.88312		0.76685
926		11780.61		0.9545		0.96193		0.88342		0.88542		0.88083		0.88312		0.76685
927		11782.01		0.95468		0.962		0.88083		0.88083		0.88083		0.88083		0.76166
928		11783.84		0.95482		0.96214		0.88083		0.87692		0.88601		0.88144		0.7617
929		11785.86		0.95503		0.96233		0.88083		0.87692		0.88601		0.88144		0.7617
930		11787.22		0.95525		0.96255		0.88083		0.87692		0.88601		0.88144		0.7617
931		11788.96		0.95527		0.96259		0.87824		0.87245		0.88601		0.87918		0.75657
932		11790.65		0.95498		0.96237		0.87565		0.86802		0.88601		0.87692		0.75146
933		11792.09		0.9546		0.96208		0.87824		0.87245		0.88601		0.87918		0.75657
934		11793.39		0.95425		0.96194		0.87565		0.87179		0.88083		0.87629		0.75134
935		11794.58		0.95433		0.96213		0.87565		0.87179		0.88083		0.87629		0.75134
936		11795.84		0.95431		0.96214		0.87824		0.87629		0.88083		0.87855		0.75649
937		11797.47		0.95428		0.96208		0.87824		0.88021		0.87565		0.87792		0.75649
938		11799.13		0.95436		0.96217		0.87824		0.88021		0.87565		0.87792		0.75649
939		11801.01		0.95441		0.9621		0.87824		0.87629		0.88083		0.87855		0.75649
940		11802.41		0.9539		0.9615		0.87565		0.87179		0.88083		0.87629		0.75134
941		11803.76		0.95412		0.96158		0.87824		0.87629		0.88083		0.87855		0.75649
942		11805.09		0.95433		0.96161		0.88083		0.87692		0.88601		0.88144		0.7617
943		11806.38		0.95463		0.96171		0.88083		0.87692		0.88601		0.88144		0.7617
944		11807.54		0.95501		0.96202		0.87824		0.87245		0.88601		0.87918		0.75657
945		11809.33		0.95527		0.96229		0.88342		0.88144		0.88601		0.88372		0.76685
946		11810.92		0.95546		0.96255		0.88601		0.88601		0.88601		0.88601		0.77202
947		11812.24		0.95535		0.96252		0.88601		0.88601		0.88601		0.88601		0.77202
948		11813.51		0.95522		0.96242		0.88342		0.88144		0.88601		0.88372		0.76685
949		11815.43		0.9549		0.96215		0.88342		0.88144		0.88601		0.88372		0.76685
950		11817.6		0.95482		0.96209		0.88342		0.88144		0.88601		0.88372		0.76685
951		11819.09		0.95452		0.96185		0.88342		0.88144		0.88601		0.88372		0.76685
952		11820.41		0.95412		0.96152		0.87824		0.87629		0.88083		0.87855		0.75649
953		11821.63		0.95361		0.96101		0.87824		0.87629		0.88083		0.87855		0.75649
954		11822.83		0.95323		0.96079		0.87824		0.87629		0.88083		0.87855		0.75649
955		11824.12		0.95323		0.96076		0.87565		0.87565		0.87565		0.87565		0.7513
956		11825.86		0.95314		0.96073		0.87824		0.88021		0.87565		0.87792		0.75649
957		11827.68		0.95327		0.96094		0.87824		0.88021		0.87565		0.87792		0.75649
958		11829.96		0.95356		0.96114		0.87824		0.88021		0.87565		0.87792		0.75649
959		11831.53		0.95388		0.96143		0.87824		0.88021		0.87565		0.87792		0.75649
960		11833.16		0.95415		0.96175		0.87824		0.88021		0.87565		0.87792		0.75649
961		11834.48		0.95452		0.96207		0.87824		0.88021		0.87565		0.87792		0.75649
962		11835.81		0.95474		0.96219		0.87824		0.87629		0.88083		0.87855		0.75649
963		11837.1		0.95498		0.96236		0.87824		0.87629		0.88083		0.87855		0.75649
964		11838.23		0.9549		0.96231		0.87565		0.86802		0.88601		0.87692		0.75146
965		11839.38		0.95501		0.96234		0.87565		0.86432		0.89119		0.87755		0.75166
966		11841.31		0.95484		0.9623		0.87306		0.86364		0.88601		0.87468		0.74636
967		11842.87		0.9549		0.96234		0.87306		0.86364		0.88601		0.87468		0.74636
968		11844.6		0.95463		0.96222		0.87306		0.86364		0.88601		0.87468		0.74636
969		11845.91		0.9546		0.9622		0.87824		0.87245		0.88601		0.87918		0.75657
970		11847.11		0.95447		0.96212		0.88083		0.87692		0.88601		0.88144		0.7617
971		11848.91		0.95441		0.96209		0.88601		0.88601		0.88601		0.88601		0.77202
972		11850.45		0.95447		0.96217		0.88601		0.88601		0.88601		0.88601		0.77202
973		11852.0		0.9545		0.9622		0.88601		0.88601		0.88601		0.88601		0.77202
974		11853.78		0.95423		0.96187		0.88083		0.87692		0.88601		0.88144		0.7617
975		11855.0		0.9538		0.96145		0.88083		0.87692		0.88601		0.88144		0.7617
976		11856.41		0.95393		0.96155		0.88083		0.87692		0.88601		0.88144		0.7617
977		11857.71		0.95404		0.96158		0.88083		0.87692		0.88601		0.88144		0.7617
978		11858.87		0.95372		0.9613		0.88083		0.87692		0.88601		0.88144		0.7617
979		11860.15		0.95364		0.9612		0.88083		0.88083		0.88083		0.88083		0.76166
980		11862.17		0.95315		0.96069		0.88083		0.88083		0.88083		0.88083		0.76166
981		11864.26		0.95321		0.96077		0.87824		0.88021		0.87565		0.87792		0.75649
982		11865.54		0.95318		0.96069		0.87824		0.88021		0.87565		0.87792		0.75649
983		11867.13		0.95313		0.9607		0.87824		0.88021		0.87565		0.87792		0.75649
984		11868.78		0.95318		0.96081		0.88083		0.88083		0.88083		0.88083		0.76166
985		11870.06		0.95301		0.96059		0.88083		0.87692		0.88601		0.88144		0.7617
986		11871.27		0.95294		0.96062		0.88083		0.87692		0.88601		0.88144		0.7617
987		11872.39		0.95294		0.96055		0.88083		0.87692		0.88601		0.88144		0.7617
988		11873.51		0.95338		0.96095		0.87824		0.87629		0.88083		0.87855		0.75649
989		11874.94		0.9535		0.96105		0.88083		0.88083		0.88083		0.88083		0.76166
990		11876.19		0.95372		0.96124		0.88342		0.88542		0.88083		0.88312		0.76685
991		11877.42		0.95436		0.9618		0.88342		0.88542		0.88083		0.88312		0.76685
992		11879.02		0.9545		0.96187		0.88342		0.88542		0.88083		0.88312		0.76685
993		11881.28		0.95474		0.96208		0.88342		0.88542		0.88083		0.88312		0.76685
994		11883.45		0.9546		0.96193		0.88342		0.88542		0.88083		0.88312		0.76685
995		11884.57		0.9542		0.96166		0.88601		0.89005		0.88083		0.88542		0.77206
996		11885.75		0.95364		0.96136		0.88342		0.88542		0.88083		0.88312		0.76685
997		11886.92		0.95356		0.96143		0.88342		0.88542		0.88083		0.88312		0.76685
998		11888.18		0.95366		0.96149		0.88342		0.88542		0.88083		0.88312		0.76685
999		11889.3		0.95366		0.96142		0.88601		0.89005		0.88083		0.88542		0.77206
1000		11890.88		0.95369		0.96145		0.88083		0.88083		0.88083		0.88083		0.76166
fold: 8
Epoch		Time		AUC		AUPR		Accuracy		Precision		Recall		F1-score		Mcc
1		11893.48		0.80993		0.77553		0.66062		0.81		0.41969		0.5529		0.36661
AUC improved at epoch  1 ;	best_auc: 0.8099277832961959
2		11894.71		0.80714		0.77498		0.6943		0.73885		0.60104		0.66286		0.39554
3		11896.39		0.80512		0.78452		0.68912		0.70166		0.65803		0.67914		0.37897
4		11897.88		0.7971		0.7751		0.69689		0.70213		0.68394		0.69291		0.39391
5		11899.56		0.79406		0.77291		0.70466		0.69652		0.72539		0.71066		0.40968
6		11900.87		0.79111		0.76976		0.69948		0.69154		0.72021		0.70558		0.39931
7		11902.6		0.78872		0.76064		0.6943		0.69036		0.70466		0.69744		0.38868
8		11904.23		0.78842		0.75658		0.69689		0.69192		0.70984		0.70077		0.39391
9		11906.25		0.7859		0.74819		0.69171		0.68317		0.71503		0.69873		0.38384
10		11907.39		0.78483		0.74321		0.69948		0.67742		0.76166		0.71707		0.40208
11		11908.56		0.79328		0.75652		0.69948		0.68966		0.72539		0.70707		0.3995
12		11909.7		0.80131		0.76211		0.70984		0.69756		0.74093		0.71859		0.4205
13		11911.22		0.80904		0.76903		0.73057		0.69955		0.80829		0.75		0.46681
14		11912.99		0.82265		0.78143		0.73834		0.70721		0.81347		0.75663		0.48216
AUC improved at epoch  14 ;	best_auc: 0.8226529571263659
15		11914.33		0.84037		0.79942		0.75907		0.72523		0.8342		0.7759		0.52408
AUC improved at epoch  15 ;	best_auc: 0.8403715535987543
16		11915.75		0.84375		0.79421		0.76166		0.6965		0.92746		0.79556		0.5547
AUC improved at epoch  16 ;	best_auc: 0.843754194743483
17		11917.68		0.84775		0.7999		0.79016		0.74779		0.87565		0.80668		0.58898
AUC improved at epoch  17 ;	best_auc: 0.8477543021289162
18		11919.31		0.84569		0.79371		0.78238		0.72614		0.90674		0.80645		0.58309
19		11921.29		0.84354		0.78703		0.76425		0.69767		0.93264		0.79823		0.56129
20		11923.04		0.84555		0.79733		0.78238		0.74222		0.86528		0.79904		0.57269
21		11924.26		0.84359		0.79521		0.76425		0.72768		0.84456		0.78177		0.53545
22		11925.44		0.84244		0.78477		0.75648		0.68966		0.93264		0.79295		0.5481
23		11927.19		0.84383		0.78798		0.7513		0.6902		0.91192		0.78571		0.53072
24		11928.77		0.84853		0.80194		0.77979		0.74324		0.85492		0.79518		0.56601
AUC improved at epoch  24 ;	best_auc: 0.8485328465193697
25		11930.4		0.84961		0.80167		0.78756		0.75814		0.84456		0.79902		0.5789
AUC improved at epoch  25 ;	best_auc: 0.8496067008510295
26		11932.49		0.84993		0.80022		0.77202		0.71429		0.90674		0.79909		0.56493
AUC improved at epoch  26 ;	best_auc: 0.8499288571505275
27		11934.07		0.84883		0.79328		0.75389		0.68561		0.93782		0.79212		0.54606
28		11935.39		0.85017		0.80072		0.76943		0.71138		0.90674		0.79727		0.5604
AUC improved at epoch  28 ;	best_auc: 0.850170474375151
29		11936.56		0.85065		0.80305		0.79275		0.75799		0.8601		0.80583		0.59088
AUC improved at epoch  29 ;	best_auc: 0.850653708824398
30		11937.79		0.85022		0.80363		0.78497		0.74554		0.86528		0.80096		0.57745
31		11939.14		0.84907		0.79962		0.76425		0.71429		0.88083		0.78886		0.54348
32		11941.34		0.84767		0.80065		0.7487		0.69355		0.89119		0.78005		0.51893
33		11942.68		0.84939		0.80201		0.76425		0.71429		0.88083		0.78886		0.54348
34		11943.9		0.85253		0.80508		0.79016		0.75225		0.86528		0.80482		0.58698
AUC improved at epoch  34 ;	best_auc: 0.8525329539048029
35		11945.31		0.8539		0.80481		0.78238		0.74009		0.87047		0.8		0.57374
AUC improved at epoch  35 ;	best_auc: 0.8539021181776691
36		11946.77		0.85412		0.80574		0.77202		0.71255		0.91192		0.8		0.56667
AUC improved at epoch  36 ;	best_auc: 0.8541168890440012
37		11948.22		0.85425		0.80508		0.7772		0.71315		0.92746		0.80631		0.58127
AUC improved at epoch  37 ;	best_auc: 0.8542511208354587
38		11949.94		0.85578		0.80691		0.76943		0.72222		0.87565		0.79157		0.55145
AUC improved at epoch  38 ;	best_auc: 0.855781363258074
39		11951.25		0.8568		0.80781		0.79016		0.75455		0.8601		0.80387		0.58607
AUC improved at epoch  39 ;	best_auc: 0.856801524873151
40		11953.13		0.85589		0.80742		0.78238		0.74009		0.87047		0.8		0.57374
41		11954.87		0.85645		0.81313		0.76684		0.7173		0.88083		0.7907		0.54811
42		11956.31		0.85718		0.81413		0.76425		0.7125		0.88601		0.78984		0.5449
AUC improved at epoch  42 ;	best_auc: 0.8571773738892319
43		11957.59		0.86045		0.81846		0.78497		0.74554		0.86528		0.80096		0.57745
AUC improved at epoch  43 ;	best_auc: 0.8604526296007946
44		11958.94		0.86349		0.82294		0.79275		0.76037		0.85492		0.80488		0.59007
AUC improved at epoch  44 ;	best_auc: 0.8634862680877339
45		11960.86		0.86531		0.82509		0.7772		0.72961		0.88083		0.79812		0.56671
AUC improved at epoch  45 ;	best_auc: 0.8653118204515557
46		11962.62		0.86735		0.83015		0.7772		0.72016		0.90674		0.80275		0.574
AUC improved at epoch  46 ;	best_auc: 0.8673521436817095
47		11964.39		0.86802		0.83252		0.77461		0.7265		0.88083		0.79625		0.56205
AUC improved at epoch  47 ;	best_auc: 0.868023302638997
48		11965.81		0.86971		0.83458		0.79016		0.75455		0.8601		0.80387		0.58607
AUC improved at epoch  48 ;	best_auc: 0.8697146232113613
49		11967.66		0.86947		0.83716		0.78756		0.74449		0.87565		0.80476		0.58427
50		11969.31		0.87208		0.84208		0.77461		0.72269		0.89119		0.79814		0.56479
AUC improved at epoch  50 ;	best_auc: 0.8720771027410131
51		11971.23		0.87398		0.84371		0.78238		0.73799		0.87565		0.80095		0.57486
AUC improved at epoch  51 ;	best_auc: 0.8739831941797095
52		11972.37		0.87616		0.84729		0.79275		0.76037		0.85492		0.80488		0.59007
AUC improved at epoch  52 ;	best_auc: 0.8761577492013208
53		11973.52		0.8764		0.84982		0.79534		0.76147		0.8601		0.80779		0.59569
AUC improved at epoch  53 ;	best_auc: 0.8763993664259443
54		11974.8		0.87688		0.85145		0.7772		0.72961		0.88083		0.79812		0.56671
AUC improved at epoch  54 ;	best_auc: 0.8768826008751913
55		11976.1		0.87906		0.85467		0.78756		0.74236		0.88083		0.80569		0.5854
AUC improved at epoch  55 ;	best_auc: 0.8790571558968026
56		11977.34		0.88107		0.85654		0.80052		0.77358		0.84974		0.80988		0.60397
AUC improved at epoch  56 ;	best_auc: 0.8810706327686649
57		11978.58		0.88209		0.85869		0.79016		0.75		0.87047		0.80576		0.58794
AUC improved at epoch  57 ;	best_auc: 0.8820907943837418
58		11979.95		0.88069		0.85758		0.78756		0.7382		0.89119		0.80751		0.58789
59		11981.47		0.88182		0.85755		0.81347		0.78404		0.86528		0.82266		0.63034
60		11983.26		0.88496		0.86128		0.80829		0.77169		0.87565		0.82039		0.62225
AUC improved at epoch  60 ;	best_auc: 0.8849633547209321
61		11985.3		0.88547		0.86439		0.78497		0.73305		0.89637		0.80653		0.58464
AUC improved at epoch  61 ;	best_auc: 0.8854734355284706
62		11986.52		0.88445		0.8627		0.81088		0.78302		0.8601		0.81975		0.6248
63		11988.02		0.88746		0.86662		0.80052		0.76126		0.87565		0.81446		0.60794
AUC improved at epoch  63 ;	best_auc: 0.8874600660420414
64		11989.74		0.88674		0.86962		0.76943		0.71667		0.89119		0.79446		0.55559
65		11991.41		0.89006		0.87203		0.82383		0.80488		0.85492		0.82915		0.64892
AUC improved at epoch  65 ;	best_auc: 0.8900641627963167
66		11992.6		0.8898		0.87518		0.8057		0.77315		0.86528		0.81663		0.61579
67		11994.67		0.89326		0.88173		0.77979		0.72881		0.89119		0.80186		0.57401
AUC improved at epoch  67 ;	best_auc: 0.893258879433005
68		11996.41		0.89533		0.88539		0.81347		0.78404		0.86528		0.82266		0.63034
AUC improved at epoch  68 ;	best_auc: 0.8953260490214503
69		11998.2		0.89511		0.88513		0.80829		0.78199		0.85492		0.81683		0.61928
70		11999.36		0.89726		0.89063		0.80052		0.76606		0.86528		0.81265		0.60614
AUC improved at epoch  70 ;	best_auc: 0.8972589868184381
71		12000.68		0.9015		0.89898		0.78497		0.73305		0.89637		0.80653		0.58464
AUC improved at epoch  71 ;	best_auc: 0.9015007114284947
72		12001.86		0.90496		0.90312		0.81088		0.79126		0.84456		0.81704		0.62318
AUC improved at epoch  72 ;	best_auc: 0.904963891648098
73		12003.03		0.90142		0.89811		0.79275		0.75566		0.86528		0.80676		0.59175
74		12004.2		0.9026		0.89967		0.79275		0.75336		0.87047		0.80769		0.5927
75		12005.95		0.90923		0.90823		0.81606		0.80198		0.83938		0.82025		0.63281
AUC improved at epoch  75 ;	best_auc: 0.9092324626164461
76		12007.99		0.9077		0.90457		0.79534		0.74569		0.89637		0.81412		0.60312
77		12009.76		0.91016		0.90553		0.82383		0.79904		0.86528		0.83085		0.64991
AUC improved at epoch  77 ;	best_auc: 0.9101586619775027
78		12011.18		0.91256		0.911		0.8057		0.77064		0.87047		0.81752		0.61659
AUC improved at epoch  78 ;	best_auc: 0.9125614110445918
79		12013.25		0.91296		0.91494		0.79016		0.73529		0.90674		0.81206		0.59676
AUC improved at epoch  79 ;	best_auc: 0.9129641064189643
80		12014.73		0.91648		0.91764		0.83679		0.825		0.85492		0.83969		0.67402
AUC improved at epoch  80 ;	best_auc: 0.9164809793551505
81		12016.07		0.91299		0.91313		0.82383		0.79343		0.87565		0.83251		0.65117
82		12017.4		0.91508		0.91683		0.79793		0.75109		0.89119		0.81517		0.6065
83		12019.12		0.91925		0.92254		0.8342		0.82741		0.84456		0.8359		0.66854
AUC improved at epoch  83 ;	best_auc: 0.9192461542591747
84		12020.79		0.91919		0.9224		0.81865		0.79426		0.8601		0.82587		0.63951
85		12022.02		0.92086		0.92321		0.79275		0.74459		0.89119		0.81132		0.59718
AUC improved at epoch  85 ;	best_auc: 0.9208569357566646
86		12023.3		0.92223		0.92047		0.8342		0.80282		0.88601		0.84236		0.67201
AUC improved at epoch  86 ;	best_auc: 0.9222261000295311
87		12024.53		0.92572		0.92294		0.84197		0.82673		0.86528		0.84557		0.68468
AUC improved at epoch  87 ;	best_auc: 0.9257161266074257
88		12025.92		0.92837		0.92844		0.81865		0.77578		0.89637		0.83173		0.64515
AUC improved at epoch  88 ;	best_auc: 0.928373916078284
89		12027.56		0.92829		0.93009		0.82902		0.78995		0.89637		0.83981		0.66408
90		12029.42		0.92819		0.92933		0.84974		0.83582		0.87047		0.85279		0.70008
91		12030.89		0.9309		0.93109		0.8342		0.80282		0.88601		0.84236		0.67201
AUC improved at epoch  91 ;	best_auc: 0.9308974737576847
92		12032.48		0.93176		0.93174		0.82902		0.78475		0.90674		0.84135		0.66613
AUC improved at epoch  92 ;	best_auc: 0.9317565572230128
93		12033.84		0.93506		0.93614		0.84715		0.83168		0.87047		0.85063		0.69506
AUC improved at epoch  93 ;	best_auc: 0.935058659292867
94		12035.65		0.93168		0.93403		0.85492		0.83744		0.88083		0.85859		0.7108
95		12037.28		0.93611		0.93829		0.82902		0.77729		0.92228		0.8436		0.66979
AUC improved at epoch  95 ;	best_auc: 0.9361056672662353
96		12039.14		0.9382		0.93787		0.85233		0.81776		0.90674		0.85995		0.70887
AUC improved at epoch  96 ;	best_auc: 0.9381996832129722
97		12040.35		0.9356		0.9348		0.85751		0.84158		0.88083		0.86076		0.7158
98		12041.53		0.93667		0.93619		0.84715		0.81308		0.90155		0.85504		0.69845
99		12042.82		0.94252		0.94344		0.85233		0.81193		0.9171		0.86131		0.71065
AUC improved at epoch  99 ;	best_auc: 0.9425219468979034
100		12044.67		0.94062		0.94241		0.85751		0.83173		0.89637		0.86284		0.7172
101		12046.01		0.93705		0.93941		0.84974		0.81991		0.89637		0.85644		0.70254
102		12047.19		0.93801		0.9395		0.85492		0.83092		0.89119		0.86		0.71172
103		12048.34		0.94343		0.94388		0.84715		0.81019		0.90674		0.85575		0.69928
AUC improved at epoch  103 ;	best_auc: 0.9434347230798142
104		12049.86		0.94523		0.94641		0.87047		0.85572		0.89119		0.8731		0.74157
AUC improved at epoch  104 ;	best_auc: 0.9452334290853445
105		12051.71		0.94851		0.94971		0.85492		0.81279		0.92228		0.86408		0.71637
AUC improved at epoch  105 ;	best_auc: 0.9485086847969073
106		12053.56		0.94752		0.94767		0.8601		0.82326		0.9171		0.86765		0.72493
107		12055.4		0.94607		0.9458		0.87047		0.86294		0.88083		0.87179		0.74109
108		12057.06		0.94601		0.94555		0.84715		0.80455		0.9171		0.85714		0.7012
109		12058.39		0.94633		0.94715		0.8601		0.83254		0.90155		0.86567		0.72269
110		12059.68		0.94821		0.9488		0.87047		0.85222		0.89637		0.87374		0.74193
111		12060.99		0.95079		0.95065		0.87047		0.84211		0.91192		0.87562		0.74349
AUC improved at epoch  111 ;	best_auc: 0.9507906252516846
112		12062.31		0.94977		0.94884		0.86528		0.83099		0.9171		0.87192		0.73452
113		12063.63		0.95025		0.94856		0.87824		0.85437		0.91192		0.88221		0.7582
114		12065.05		0.95291		0.95242		0.86788		0.84804		0.89637		0.87154		0.73695
AUC improved at epoch  114 ;	best_auc: 0.9529114875567128
115		12066.65		0.95111		0.95196		0.87565		0.85024		0.91192		0.88		0.75328
116		12068.12		0.95407		0.95366		0.86528		0.84058		0.90155		0.87		0.7325
AUC improved at epoch  116 ;	best_auc: 0.9540658809632474
117		12069.63		0.95697		0.9555		0.88601		0.85646		0.92746		0.89055		0.77469
AUC improved at epoch  117 ;	best_auc: 0.9569652876587291
118		12071.26		0.95393		0.95278		0.87306		0.83028		0.93782		0.88078		0.75245
119		12073.13		0.95369		0.95266		0.87565		0.86432		0.89119		0.87755		0.75166
120		12074.41		0.95796		0.95729		0.8601		0.80617		0.94819		0.87143		0.73165
AUC improved at epoch  120 ;	best_auc: 0.9579586029155145
121		12075.78		0.95595		0.95513		0.87306		0.84615		0.91192		0.87781		0.74838
122		12077.23		0.95541		0.95518		0.88601		0.88601		0.88601		0.88601		0.77202
123		12078.85		0.95358		0.95498		0.88083		0.84186		0.93782		0.88725		0.76666
124		12080.16		0.96298		0.96281		0.89637		0.87685		0.92228		0.89899		0.79381
AUC improved at epoch  124 ;	best_auc: 0.9629788719160246
125		12081.79		0.96046		0.96075		0.89378		0.86893		0.92746		0.89724		0.78936
126		12083.2		0.95705		0.95805		0.88601		0.8599		0.92228		0.89		0.77406
127		12084.93		0.94725		0.94922		0.87306		0.84615		0.91192		0.87781		0.74838
128		12086.92		0.9557		0.95566		0.87824		0.865		0.89637		0.88041		0.75697
129		12088.58		0.9585		0.95819		0.86528		0.83099		0.9171		0.87192		0.73452
130		12090.1		0.96107		0.96115		0.87047		0.82949		0.93264		0.87805		0.74673
131		12091.37		0.96365		0.96469		0.89119		0.86473		0.92746		0.895		0.78445
AUC improved at epoch  131 ;	best_auc: 0.963650030873312
132		12093.21		0.95866		0.96061		0.89637		0.8806		0.9171		0.89848		0.79343
133		12094.49		0.95961		0.96061		0.89378		0.87255		0.92228		0.89673		0.78885
134		12095.66		0.95995		0.96062		0.88601		0.8599		0.92228		0.89		0.77406
135		12096.75		0.96097		0.96118		0.88601		0.85646		0.92746		0.89055		0.77469
136		12097.93		0.96223		0.96262		0.88601		0.85646		0.92746		0.89055		0.77469
137		12099.26		0.96209		0.96324		0.88601		0.8599		0.92228		0.89		0.77406
138		12100.42		0.96158		0.9634		0.8886		0.85714		0.93264		0.8933		0.78023
139		12101.55		0.96255		0.96401		0.89119		0.86124		0.93264		0.89552		0.78509
140		12102.71		0.96191		0.96334		0.88342		0.85577		0.92228		0.88778		0.76917
141		12104.54		0.96263		0.9644		0.89119		0.86829		0.92228		0.89447		0.7839
142		12106.32		0.96588		0.96817		0.89896		0.88119		0.92228		0.90127		0.7988
AUC improved at epoch  142 ;	best_auc: 0.9658782786115063
143		12108.34		0.96768		0.96961		0.89896		0.87745		0.92746		0.90176		0.79923
AUC improved at epoch  143 ;	best_auc: 0.9676769846170367
144		12109.76		0.96709		0.96855		0.8886		0.86058		0.92746		0.89277		0.77956
145		12111.1		0.96531		0.96653		0.88601		0.8599		0.92228		0.89		0.77406
146		12112.75		0.96019		0.96109		0.88342		0.84906		0.93264		0.88889		0.77058
147		12114.42		0.95695		0.95873		0.88083		0.85507		0.9171		0.885		0.76367
148		12116.14		0.96127		0.96299		0.8886		0.86765		0.9171		0.89169		0.77847
149		12117.65		0.96564		0.96743		0.88342		0.85238		0.92746		0.88834		0.76983
150		12119.26		0.96846		0.97037		0.90155		0.8744		0.93782		0.905		0.80523
AUC improved at epoch  150 ;	best_auc: 0.9684555290074902
151		12120.92		0.96698		0.96916		0.89896		0.87379		0.93264		0.90226		0.79974
152		12122.72		0.96298		0.96569		0.89119		0.85446		0.94301		0.89655		0.78662
153		12124.25		0.96497		0.96684		0.89637		0.86957		0.93264		0.9		0.79484
154		12125.94		0.96502		0.96697		0.89896		0.87379		0.93264		0.90226		0.79974
155		12127.62		0.96494		0.96736		0.8886		0.84722		0.94819		0.89487		0.78278
156		12128.86		0.9666		0.96959		0.90155		0.88177		0.92746		0.90404		0.80419
157		12130.14		0.96561		0.96854		0.89896		0.885		0.9171		0.90076		0.79845
158		12131.67		0.96157		0.96475		0.87306		0.84286		0.9171		0.87841		0.74903
159		12133.0		0.96393		0.96545		0.88342		0.84906		0.93264		0.88889		0.77058
160		12134.86		0.96522		0.96645		0.90155		0.88177		0.92746		0.90404		0.80419
161		12136.4		0.96578		0.9674		0.8886		0.86058		0.92746		0.89277		0.77956
162		12137.77		0.96389		0.9664		0.88342		0.84906		0.93264		0.88889		0.77058
163		12139.05		0.96521		0.96777		0.8886		0.85714		0.93264		0.8933		0.78023
164		12140.28		0.96596		0.96864		0.89119		0.86829		0.92228		0.89447		0.7839
165		12141.54		0.96651		0.96902		0.89896		0.88119		0.92228		0.90127		0.7988
166		12143.22		0.96444		0.96674		0.8886		0.86058		0.92746		0.89277		0.77956
167		12144.84		0.96279		0.96512		0.87824		0.85096		0.9171		0.88279		0.75877
168		12146.24		0.96607		0.96822		0.89119		0.87562		0.91192		0.8934		0.78306
169		12147.62		0.9686		0.97043		0.8886		0.86408		0.92228		0.89223		0.77897
AUC improved at epoch  169 ;	best_auc: 0.9686031839780934
170		12149.11		0.96915		0.97137		0.88083		0.84507		0.93264		0.8867		0.76578
AUC improved at epoch  170 ;	best_auc: 0.969153534323069
171		12150.58		0.96929		0.97151		0.90674		0.8867		0.93264		0.90909		0.81457
AUC improved at epoch  171 ;	best_auc: 0.9692877661145266
172		12151.94		0.9691		0.97146		0.90415		0.88614		0.92746		0.90633		0.80917
173		12153.38		0.96786		0.9706		0.89378		0.86893		0.92746		0.89724		0.78936
174		12154.73		0.96757		0.9701		0.88601		0.85646		0.92746		0.89055		0.77469
175		12156.42		0.96471		0.96774		0.88083		0.85167		0.92228		0.88557		0.76429
176		12157.84		0.96407		0.96705		0.88342		0.85922		0.9171		0.88722		0.76858
177		12159.17		0.96523		0.96784		0.8886		0.86765		0.9171		0.89169		0.77847
178		12160.57		0.96711		0.96909		0.89378		0.86893		0.92746		0.89724		0.78936
179		12162.0		0.96883		0.9707		0.89119		0.86124		0.93264		0.89552		0.78509
180		12163.46		0.96973		0.9717		0.89637		0.86603		0.93782		0.9005		0.79548
AUC improved at epoch  180 ;	best_auc: 0.9697307310263362
181		12164.91		0.96804		0.97077		0.90155		0.88177		0.92746		0.90404		0.80419
182		12166.3		0.96529		0.96868		0.89378		0.87255		0.92228		0.89673		0.78885
183		12167.89		0.96421		0.96752		0.90155		0.87805		0.93264		0.90452		0.80467
184		12169.54		0.96573		0.96854		0.90155		0.8744		0.93782		0.905		0.80523
185		12171.19		0.96768		0.96982		0.89896		0.86667		0.94301		0.90323		0.80104
186		12172.99		0.96795		0.97002		0.89637		0.87317		0.92746		0.8995		0.79428
187		12174.47		0.96521		0.96818		0.89119		0.86473		0.92746		0.895		0.78445
188		12175.66		0.9615		0.96552		0.8886		0.86058		0.92746		0.89277		0.77956
189		12176.93		0.96337		0.96705		0.88083		0.84834		0.92746		0.88614		0.76499
190		12178.05		0.96687		0.96991		0.88083		0.84834		0.92746		0.88614		0.76499
191		12179.24		0.96976		0.9719		0.89119		0.86473		0.92746		0.895		0.78445
AUC improved at epoch  191 ;	best_auc: 0.9697575773846278
192		12180.37		0.96944		0.97162		0.89637		0.86957		0.93264		0.9		0.79484
193		12181.6		0.96737		0.97001		0.89896		0.87019		0.93782		0.90274		0.80035
194		12182.76		0.96435		0.96759		0.90415		0.87864		0.93782		0.90727		0.81013
195		12184.42		0.9627		0.96635		0.89378		0.87624		0.9171		0.8962		0.78842
196		12185.88		0.96599		0.96897		0.89637		0.87317		0.92746		0.8995		0.79428
197		12186.98		0.97013		0.97226		0.88601		0.8599		0.92228		0.89		0.77406
AUC improved at epoch  197 ;	best_auc: 0.9701334264007088
198		12188.21		0.97335		0.9748		0.89637		0.85253		0.95855		0.90244		0.79895
AUC improved at epoch  198 ;	best_auc: 0.9733549893956884
199		12189.9		0.97284		0.97422		0.89896		0.85981		0.95337		0.90418		0.80269
200		12191.43		0.96884		0.97123		0.90674		0.87923		0.94301		0.91		0.81562
201		12192.61		0.96417		0.96792		0.89637		0.87317		0.92746		0.8995		0.79428
202		12194.22		0.96288		0.96728		0.89378		0.86893		0.92746		0.89724		0.78936
203		12196.16		0.96471		0.96872		0.8886		0.85714		0.93264		0.8933		0.78023
204		12197.76		0.9671		0.97058		0.88342		0.84906		0.93264		0.88889		0.77058
205		12199.26		0.96863		0.97168		0.89637		0.85915		0.94819		0.90148		0.79704
206		12200.44		0.97003		0.97295		0.89378		0.85849		0.94301		0.89877		0.79141
207		12201.69		0.97119		0.974		0.89896		0.87019		0.93782		0.90274		0.80035
208		12203.06		0.97055		0.97336		0.89637		0.86603		0.93782		0.9005		0.79548
209		12204.82		0.96958		0.9726		0.89637		0.86256		0.94301		0.90099		0.79622
210		12206.11		0.96961		0.97217		0.89637		0.86256		0.94301		0.90099		0.79622
211		12207.47		0.96958		0.97195		0.90155		0.87805		0.93264		0.90452		0.80467
212		12208.85		0.96946		0.97185		0.90933		0.89109		0.93264		0.91139		0.81954
213		12210.62		0.9706		0.97275		0.89637		0.87685		0.92228		0.89899		0.79381
214		12212.42		0.96973		0.97185		0.89637		0.86603		0.93782		0.9005		0.79548
215		12214.0		0.96918		0.97138		0.89637		0.86256		0.94301		0.90099		0.79622
216		12215.24		0.96766		0.97021		0.8886		0.85377		0.93782		0.89383		0.781
217		12216.41		0.96592		0.96884		0.89119		0.86124		0.93264		0.89552		0.78509
218		12217.62		0.96544		0.9686		0.89378		0.86538		0.93264		0.89776		0.78995
219		12218.82		0.9657		0.96939		0.89896		0.87745		0.92746		0.90176		0.79923
220		12220.21		0.9653		0.96939		0.89896		0.885		0.9171		0.90076		0.79845
221		12221.38		0.96541		0.96955		0.8886		0.86765		0.9171		0.89169		0.77847
222		12222.52		0.96722		0.97092		0.88083		0.84834		0.92746		0.88614		0.76499
223		12223.89		0.96988		0.97258		0.88601		0.85308		0.93264		0.89109		0.7754
224		12225.68		0.97076		0.97292		0.89637		0.86957		0.93264		0.9		0.79484
225		12227.83		0.97023		0.97211		0.90415		0.88235		0.93264		0.9068		0.80961
226		12229.68		0.96856		0.97062		0.89896		0.87379		0.93264		0.90226		0.79974
227		12231.22		0.9675		0.96982		0.89378		0.86538		0.93264		0.89776		0.78995
228		12232.53		0.96725		0.97014		0.89896		0.87019		0.93782		0.90274		0.80035
229		12233.79		0.96601		0.9691		0.89378		0.86538		0.93264		0.89776		0.78995
230		12235.0		0.96588		0.96903		0.8886		0.86058		0.92746		0.89277		0.77956
231		12237.05		0.96648		0.96917		0.88601		0.86341		0.9171		0.88945		0.77352
232		12238.79		0.96789		0.97022		0.89119		0.87192		0.9171		0.89394		0.78344
233		12240.42		0.96914		0.97112		0.88601		0.86341		0.9171		0.88945		0.77352
234		12241.8		0.96981		0.97136		0.88601		0.85646		0.92746		0.89055		0.77469
235		12243.0		0.97003		0.97137		0.89119		0.85446		0.94301		0.89655		0.78662
236		12244.38		0.97013		0.97156		0.89119		0.85116		0.94819		0.89706		0.78752
237		12245.55		0.97008		0.97181		0.8886		0.85047		0.94301		0.89435		0.78184
238		12246.72		0.96913		0.97128		0.8886		0.85377		0.93782		0.89383		0.781
239		12248.09		0.96835		0.97073		0.89637		0.86603		0.93782		0.9005		0.79548
240		12249.71		0.96831		0.97082		0.90415		0.875		0.94301		0.90773		0.81074
241		12251.76		0.96889		0.97121		0.90155		0.8744		0.93782		0.905		0.80523
242		12253.33		0.9694		0.97172		0.90155		0.8744		0.93782		0.905		0.80523
243		12254.49		0.96969		0.97202		0.90674		0.88293		0.93782		0.90955		0.81505
244		12255.65		0.96986		0.97236		0.90415		0.87864		0.93782		0.90727		0.81013
245		12257.01		0.97008		0.97253		0.89637		0.86603		0.93782		0.9005		0.79548
246		12258.52		0.96958		0.97205		0.89119		0.85782		0.93782		0.89604		0.78581
247		12260.08		0.96914		0.97186		0.88601		0.85646		0.92746		0.89055		0.77469
248		12261.59		0.96942		0.97196		0.8886		0.86058		0.92746		0.89277		0.77956
249		12263.12		0.96941		0.97186		0.89637		0.87317		0.92746		0.8995		0.79428
250		12265.24		0.96995		0.97228		0.89637		0.87317		0.92746		0.8995		0.79428
251		12266.56		0.97009		0.97239		0.89637		0.87317		0.92746		0.8995		0.79428
252		12268.53		0.96984		0.97228		0.89637		0.87317		0.92746		0.8995		0.79428
253		12270.33		0.97009		0.97226		0.90155		0.87805		0.93264		0.90452		0.80467
254		12272.0		0.96866		0.97111		0.89119		0.86473		0.92746		0.895		0.78445
255		12273.28		0.96791		0.97031		0.89119		0.86124		0.93264		0.89552		0.78509
256		12274.46		0.9674		0.96978		0.89119		0.86473		0.92746		0.895		0.78445
257		12275.75		0.96667		0.96923		0.89896		0.87745		0.92746		0.90176		0.79923
258		12277.61		0.9665		0.96909		0.90155		0.88177		0.92746		0.90404		0.80419
259		12278.98		0.96627		0.96852		0.89637		0.87317		0.92746		0.8995		0.79428
260		12280.28		0.96772		0.96956		0.89119		0.86473		0.92746		0.895		0.78445
261		12281.53		0.9689		0.97048		0.89378		0.85849		0.94301		0.89877		0.79141
262		12282.8		0.97011		0.97148		0.89119		0.85116		0.94819		0.89706		0.78752
263		12284.17		0.97001		0.97157		0.89119		0.85446		0.94301		0.89655		0.78662
264		12285.43		0.9685		0.97035		0.89637		0.86957		0.93264		0.9		0.79484
265		12286.68		0.9676		0.97009		0.90155		0.88557		0.92228		0.90355		0.8038
266		12288.25		0.96573		0.96859		0.90415		0.89		0.92228		0.90585		0.80882
267		12290.28		0.96462		0.9677		0.89896		0.88119		0.92228		0.90127		0.7988
268		12291.83		0.9651		0.96785		0.89637		0.87317		0.92746		0.8995		0.79428
269		12293.11		0.96604		0.96831		0.89637		0.86957		0.93264		0.9		0.79484
270		12294.4		0.96701		0.96896		0.89896		0.86667		0.94301		0.90323		0.80104
271		12295.92		0.96752		0.96972		0.89896		0.87019		0.93782		0.90274		0.80035
272		12297.54		0.9682		0.97045		0.89378		0.86893		0.92746		0.89724		0.78936
273		12298.94		0.96934		0.97157		0.89378		0.87255		0.92228		0.89673		0.78885
274		12300.56		0.97021		0.97236		0.89378		0.87255		0.92228		0.89673		0.78885
275		12302.21		0.97007		0.97225		0.89119		0.86473		0.92746		0.895		0.78445
276		12303.61		0.97013		0.97244		0.8886		0.86058		0.92746		0.89277		0.77956
277		12305.28		0.96985		0.97223		0.8886		0.86058		0.92746		0.89277		0.77956
278		12306.89		0.97024		0.97265		0.89378		0.86893		0.92746		0.89724		0.78936
279		12308.28		0.97007		0.97248		0.90415		0.87864		0.93782		0.90727		0.81013
280		12309.78		0.97047		0.97279		0.89119		0.86473		0.92746		0.895		0.78445
281		12311.25		0.9704		0.97261		0.8886		0.86408		0.92228		0.89223		0.77897
282		12313.16		0.96887		0.9711		0.87824		0.84762		0.92228		0.88337		0.75943
283		12314.31		0.96829		0.97082		0.87824		0.84762		0.92228		0.88337		0.75943
284		12315.64		0.9677		0.97042		0.89378		0.86893		0.92746		0.89724		0.78936
285		12317.5		0.96797		0.97042		0.8886		0.86765		0.9171		0.89169		0.77847
286		12319.0		0.96817		0.97041		0.89637		0.8806		0.9171		0.89848		0.79343
287		12320.22		0.96935		0.97106		0.89637		0.8806		0.9171		0.89848		0.79343
288		12321.39		0.96992		0.97125		0.90415		0.87864		0.93782		0.90727		0.81013
289		12322.61		0.97072		0.97183		0.89378		0.85849		0.94301		0.89877		0.79141
290		12324.1		0.97056		0.9717		0.89896		0.86667		0.94301		0.90323		0.80104
291		12325.46		0.96871		0.97063		0.88601		0.85646		0.92746		0.89055		0.77469
292		12327.09		0.96697		0.96914		0.88342		0.85577		0.92228		0.88778		0.76917
293		12328.79		0.96612		0.96834		0.89119		0.86124		0.93264		0.89552		0.78509
294		12330.24		0.96666		0.96869		0.89896		0.86667		0.94301		0.90323		0.80104
295		12331.43		0.96672		0.96872		0.90674		0.87923		0.94301		0.91		0.81562
296		12332.7		0.96837		0.97041		0.90674		0.87923		0.94301		0.91		0.81562
297		12334.2		0.96953		0.97155		0.90415		0.875		0.94301		0.90773		0.81074
298		12336.34		0.97024		0.9723		0.90415		0.87864		0.93782		0.90727		0.81013
299		12338.11		0.97012		0.97237		0.89896		0.87379		0.93264		0.90226		0.79974
300		12340.24		0.96867		0.97151		0.8886		0.86408		0.92228		0.89223		0.77897
301		12341.83		0.96693		0.97015		0.88601		0.86341		0.9171		0.88945		0.77352
302		12343.27		0.96631		0.96936		0.88083		0.85167		0.92228		0.88557		0.76429
303		12344.6		0.96729		0.96985		0.8886		0.86058		0.92746		0.89277		0.77956
304		12346.18		0.96847		0.97078		0.8886		0.85377		0.93782		0.89383		0.781
305		12347.37		0.96887		0.97084		0.89378		0.85849		0.94301		0.89877		0.79141
306		12348.84		0.96966		0.97137		0.89378		0.86538		0.93264		0.89776		0.78995
307		12350.14		0.96993		0.9716		0.89378		0.86538		0.93264		0.89776		0.78995
308		12351.38		0.97048		0.97221		0.90415		0.88235		0.93264		0.9068		0.80961
309		12352.52		0.97036		0.97229		0.90674		0.8867		0.93264		0.90909		0.81457
310		12354.37		0.96931		0.97152		0.90155		0.88557		0.92228		0.90355		0.8038
311		12356.02		0.96919		0.97143		0.8886		0.86058		0.92746		0.89277		0.77956
312		12357.93		0.96917		0.97138		0.8886		0.85714		0.93264		0.8933		0.78023
313		12359.11		0.96919		0.97119		0.88083		0.84834		0.92746		0.88614		0.76499
314		12360.3		0.9688		0.97032		0.89119		0.86473		0.92746		0.895		0.78445
315		12361.57		0.968		0.96961		0.90155		0.88177		0.92746		0.90404		0.80419
316		12362.75		0.96815		0.97012		0.90155		0.87805		0.93264		0.90452		0.80467
317		12364.0		0.96805		0.97034		0.89378		0.86538		0.93264		0.89776		0.78995
318		12365.22		0.96893		0.97134		0.89637		0.86957		0.93264		0.9		0.79484
319		12366.77		0.97009		0.97208		0.89119		0.86124		0.93264		0.89552		0.78509
320		12368.4		0.97089		0.97315		0.89378		0.86538		0.93264		0.89776		0.78995
321		12369.86		0.97093		0.97332		0.89378		0.86538		0.93264		0.89776		0.78995
322		12371.45		0.97102		0.97345		0.89637		0.87317		0.92746		0.8995		0.79428
323		12372.8		0.97109		0.97346		0.89896		0.87745		0.92746		0.90176		0.79923
324		12374.26		0.96929		0.97175		0.89119		0.86829		0.92228		0.89447		0.7839
325		12375.77		0.96703		0.96941		0.89378		0.86893		0.92746		0.89724		0.78936
326		12377.26		0.96443		0.96679		0.89378		0.86893		0.92746		0.89724		0.78936
327		12378.82		0.96444		0.96682		0.89378		0.87624		0.9171		0.8962		0.78842
328		12380.12		0.96609		0.96841		0.89896		0.885		0.9171		0.90076		0.79845
329		12381.76		0.96676		0.96905		0.90155		0.88557		0.92228		0.90355		0.8038
330		12383.38		0.96679		0.96918		0.89896		0.87379		0.93264		0.90226		0.79974
331		12384.73		0.96698		0.96963		0.8886		0.85377		0.93782		0.89383		0.781
332		12386.11		0.96617		0.969		0.8886		0.85377		0.93782		0.89383		0.781
333		12387.62		0.96733		0.96973		0.89378		0.8619		0.93782		0.89826		0.79064
334		12389.05		0.9685		0.97073		0.90155		0.8744		0.93782		0.905		0.80523
335		12390.54		0.96922		0.97148		0.89896		0.87379		0.93264		0.90226		0.79974
336		12391.88		0.96922		0.97178		0.90155		0.88557		0.92228		0.90355		0.8038
337		12393.3		0.96911		0.97184		0.89637		0.87317		0.92746		0.8995		0.79428
338		12394.75		0.96862		0.9716		0.8886		0.86058		0.92746		0.89277		0.77956
339		12396.08		0.96831		0.97131		0.8886		0.85714		0.93264		0.8933		0.78023
340		12397.93		0.9678		0.97102		0.8886		0.86058		0.92746		0.89277		0.77956
341		12399.16		0.96756		0.97088		0.89119		0.86829		0.92228		0.89447		0.7839
342		12400.42		0.9678		0.97098		0.89119		0.86829		0.92228		0.89447		0.7839
343		12401.65		0.96788		0.97104		0.89378		0.87255		0.92228		0.89673		0.78885
344		12402.78		0.96714		0.96996		0.8886		0.86408		0.92228		0.89223		0.77897
345		12403.95		0.9667		0.9693		0.89119		0.86124		0.93264		0.89552		0.78509
346		12405.12		0.96619		0.96876		0.88083		0.84834		0.92746		0.88614		0.76499
347		12406.73		0.9656		0.96824		0.88601		0.85646		0.92746		0.89055		0.77469
348		12408.68		0.96684		0.96938		0.89896		0.87745		0.92746		0.90176		0.79923
349		12410.27		0.96766		0.97034		0.90674		0.89055		0.92746		0.90863		0.81417
350		12411.43		0.96835		0.97104		0.90415		0.89		0.92228		0.90585		0.80882
351		12413.25		0.96905		0.97134		0.89896		0.88119		0.92228		0.90127		0.7988
352		12414.91		0.96942		0.97165		0.90415		0.88235		0.93264		0.9068		0.80961
353		12416.37		0.96929		0.9716		0.89119		0.86124		0.93264		0.89552		0.78509
354		12417.76		0.96821		0.97112		0.89378		0.86538		0.93264		0.89776		0.78995
355		12419.38		0.96706		0.97031		0.89378		0.86538		0.93264		0.89776		0.78995
356		12421.18		0.96581		0.9692		0.89637		0.87685		0.92228		0.89899		0.79381
357		12422.35		0.96625		0.96936		0.89119		0.86829		0.92228		0.89447		0.7839
358		12423.6		0.96871		0.97137		0.87824		0.84434		0.92746		0.88395		0.76017
359		12425.39		0.97042		0.97266		0.87565		0.83105		0.94301		0.8835		0.75821
360		12427.07		0.97156		0.97362		0.88083		0.83258		0.95337		0.88889		0.7698
361		12428.43		0.97258		0.97458		0.89637		0.85915		0.94819		0.90148		0.79704
362		12429.56		0.97138		0.97358		0.90933		0.895		0.92746		0.91094		0.81919
363		12430.69		0.96948		0.97164		0.9171		0.9005		0.93782		0.91878		0.83491
364		12431.96		0.96697		0.96919		0.90674		0.88293		0.93782		0.90955		0.81505
365		12433.7		0.96568		0.96796		0.89637		0.86256		0.94301		0.90099		0.79622
366		12435.44		0.96803		0.97049		0.8886		0.85047		0.94301		0.89435		0.78184
367		12437.14		0.97084		0.97299		0.88601		0.85646		0.92746		0.89055		0.77469
368		12438.72		0.9708		0.97265		0.8886		0.86765		0.9171		0.89169		0.77847
369		12440.63		0.97013		0.97189		0.89119		0.86829		0.92228		0.89447		0.7839
370		12441.89		0.96966		0.97152		0.88601		0.85646		0.92746		0.89055		0.77469
371		12443.09		0.96788		0.97035		0.88083		0.84834		0.92746		0.88614		0.76499
372		12444.33		0.96729		0.96949		0.87306		0.83962		0.92228		0.87901		0.74976
373		12445.46		0.9668		0.96933		0.88342		0.86275		0.91192		0.88665		0.76809
374		12446.61		0.9675		0.97045		0.89119		0.87192		0.9171		0.89394		0.78344
375		12448.5		0.96878		0.97165		0.89378		0.87255		0.92228		0.89673		0.78885
376		12450.03		0.97032		0.97271		0.89896		0.87745		0.92746		0.90176		0.79923
377		12451.22		0.97102		0.97364		0.89119		0.86124		0.93264		0.89552		0.78509
378		12452.41		0.97158		0.97451		0.8886		0.86058		0.92746		0.89277		0.77956
379		12454.22		0.97068		0.97389		0.89119		0.86124		0.93264		0.89552		0.78509
380		12456.12		0.96864		0.97201		0.89119		0.86124		0.93264		0.89552		0.78509
381		12457.91		0.9676		0.97097		0.89378		0.86893		0.92746		0.89724		0.78936
382		12459.13		0.96789		0.9711		0.88601		0.85646		0.92746		0.89055		0.77469
383		12460.47		0.96854		0.97114		0.8886		0.86408		0.92228		0.89223		0.77897
384		12461.75		0.96897		0.97131		0.8886		0.86058		0.92746		0.89277		0.77956
385		12463.6		0.96836		0.9705		0.88083		0.85167		0.92228		0.88557		0.76429
386		12465.1		0.96831		0.97023		0.88083		0.84834		0.92746		0.88614		0.76499
387		12466.33		0.96772		0.96975		0.8886		0.85714		0.93264		0.8933		0.78023
388		12467.48		0.96599		0.96825		0.89119		0.86124		0.93264		0.89552		0.78509
389		12468.67		0.96447		0.96713		0.89896		0.87379		0.93264		0.90226		0.79974
390		12469.98		0.96348		0.96645		0.89637		0.87317		0.92746		0.8995		0.79428
391		12472.02		0.96427		0.96756		0.89637		0.86957		0.93264		0.9		0.79484
392		12473.24		0.96616		0.96918		0.89637		0.86957		0.93264		0.9		0.79484
393		12475.09		0.96851		0.97124		0.89896		0.87019		0.93782		0.90274		0.80035
394		12477.24		0.96982		0.97257		0.89637		0.86957		0.93264		0.9		0.79484
395		12478.37		0.96875		0.97206		0.89119		0.86473		0.92746		0.895		0.78445
396		12479.55		0.96872		0.97206		0.8886		0.86408		0.92228		0.89223		0.77897
397		12480.74		0.96914		0.97227		0.88601		0.8599		0.92228		0.89		0.77406
398		12482.04		0.96862		0.97178		0.88342		0.85577		0.92228		0.88778		0.76917
399		12483.46		0.96773		0.97096		0.88601		0.86341		0.9171		0.88945		0.77352
400		12484.95		0.96592		0.96951		0.8886		0.86408		0.92228		0.89223		0.77897
401		12486.3		0.96408		0.96816		0.89378		0.87255		0.92228		0.89673		0.78885
402		12487.74		0.96397		0.96801		0.89378		0.87255		0.92228		0.89673		0.78885
403		12489.44		0.96467		0.96844		0.89378		0.86893		0.92746		0.89724		0.78936
404		12491.23		0.96582		0.96921		0.89637		0.87317		0.92746		0.8995		0.79428
405		12495.36		0.96726		0.9701		0.89378		0.87255		0.92228		0.89673		0.78885
406		12501.36		0.96815		0.9708		0.90155		0.88557		0.92228		0.90355		0.8038
407		12507.34		0.96792		0.97054		0.89896		0.87745		0.92746		0.90176		0.79923
408		12508.57		0.96706		0.96968		0.89119		0.86473		0.92746		0.895		0.78445
409		12509.74		0.96651		0.96908		0.88601		0.85646		0.92746		0.89055		0.77469
410		12510.87		0.9666		0.96899		0.88083		0.84507		0.93264		0.8867		0.76578
411		12512.41		0.96702		0.96932		0.88601		0.84977		0.93782		0.89163		0.7762
412		12514.33		0.96835		0.97041		0.89637		0.86603		0.93782		0.9005		0.79548
413		12515.65		0.9696		0.97133		0.89896		0.87379		0.93264		0.90226		0.79974
414		12517.35		0.97039		0.97209		0.89896		0.87745		0.92746		0.90176		0.79923
415		12518.92		0.97056		0.97231		0.90155		0.87805		0.93264		0.90452		0.80467
416		12520.95		0.96872		0.971		0.90674		0.88293		0.93782		0.90955		0.81505
417		12522.32		0.96686		0.96967		0.90155		0.8744		0.93782		0.905		0.80523
418		12523.47		0.96684		0.96981		0.90155		0.8744		0.93782		0.905		0.80523
419		12524.69		0.96774		0.97076		0.89896		0.87379		0.93264		0.90226		0.79974
420		12525.85		0.96777		0.97086		0.89896		0.87745		0.92746		0.90176		0.79923
421		12527.56		0.96847		0.97128		0.90155		0.88557		0.92228		0.90355		0.8038
422		12529.17		0.9685		0.97097		0.89378		0.86538		0.93264		0.89776		0.78995
423		12530.52		0.96915		0.97093		0.8886		0.85377		0.93782		0.89383		0.781
424		12532.36		0.96825		0.9696		0.89896		0.85981		0.95337		0.90418		0.80269
425		12534.13		0.96774		0.96901		0.90674		0.87204		0.95337		0.91089		0.81703
426		12535.58		0.96827		0.96959		0.91451		0.88835		0.94819		0.91729		0.8309
427		12536.8		0.96876		0.96995		0.91192		0.89552		0.93264		0.91371		0.82454
428		12537.95		0.96855		0.96982		0.91192		0.8995		0.92746		0.91327		0.82423
429		12539.07		0.96957		0.97064		0.90674		0.89055		0.92746		0.90863		0.81417
430		12540.38		0.96984		0.97082		0.89896		0.87745		0.92746		0.90176		0.79923
431		12541.59		0.96949		0.97053		0.89637		0.87317		0.92746		0.8995		0.79428
432		12542.79		0.96887		0.97003		0.89637		0.86957		0.93264		0.9		0.79484
433		12544.07		0.96829		0.96979		0.89637		0.86957		0.93264		0.9		0.79484
434		12545.84		0.96713		0.96893		0.89637		0.86957		0.93264		0.9		0.79484
435		12547.37		0.96642		0.96883		0.90155		0.8744		0.93782		0.905		0.80523
436		12549.03		0.96589		0.96855		0.89637		0.86957		0.93264		0.9		0.79484
437		12550.48		0.96611		0.96888		0.89378		0.86538		0.93264		0.89776		0.78995
438		12552.42		0.96624		0.96899		0.8886		0.86058		0.92746		0.89277		0.77956
439		12554.18		0.96613		0.96926		0.89378		0.86538		0.93264		0.89776		0.78995
440		12555.71		0.96615		0.96936		0.89637		0.86957		0.93264		0.9		0.79484
441		12557.68		0.96684		0.9701		0.89896		0.87745		0.92746		0.90176		0.79923
442		12559.02		0.96697		0.97022		0.89896		0.87745		0.92746		0.90176		0.79923
443		12560.17		0.96699		0.97015		0.89378		0.86893		0.92746		0.89724		0.78936
444		12561.35		0.96856		0.97137		0.89896		0.87019		0.93782		0.90274		0.80035
445		12562.75		0.96976		0.97202		0.90415		0.87864		0.93782		0.90727		0.81013
446		12564.64		0.97033		0.97219		0.90415		0.88614		0.92746		0.90633		0.80917
447		12565.77		0.97017		0.97196		0.90674		0.89447		0.92228		0.90816		0.81386
448		12567.01		0.96884		0.97033		0.90933		0.89109		0.93264		0.91139		0.81954
449		12568.13		0.96679		0.96824		0.90155		0.88177		0.92746		0.90404		0.80419
450		12569.39		0.9649		0.96677		0.90155		0.88177		0.92746		0.90404		0.80419
451		12570.74		0.96348		0.96587		0.90155		0.88177		0.92746		0.90404		0.80419
452		12572.28		0.96326		0.96572		0.89378		0.87624		0.9171		0.8962		0.78842
453		12574.22		0.9658		0.96762		0.89119		0.86829		0.92228		0.89447		0.7839
454		12576.16		0.96745		0.96903		0.88601		0.8599		0.92228		0.89		0.77406
455		12577.75		0.96823		0.96956		0.88601		0.85308		0.93264		0.89109		0.7754
456		12579.14		0.9684		0.96998		0.88601		0.85646		0.92746		0.89055		0.77469
457		12580.28		0.96793		0.96962		0.89119		0.86473		0.92746		0.895		0.78445
458		12581.52		0.96729		0.96955		0.89637		0.87685		0.92228		0.89899		0.79381
459		12583.31		0.96613		0.96895		0.89378		0.87255		0.92228		0.89673		0.78885
460		12585.78		0.96458		0.96805		0.90155		0.88177		0.92746		0.90404		0.80419
461		12587.57		0.96309		0.96698		0.89378		0.86893		0.92746		0.89724		0.78936
462		12589.02		0.96331		0.96734		0.89637		0.87317		0.92746		0.8995		0.79428
463		12590.41		0.96424		0.96814		0.89896		0.87745		0.92746		0.90176		0.79923
464		12592.35		0.96701		0.9703		0.89378		0.86893		0.92746		0.89724		0.78936
465		12594.2		0.96882		0.9713		0.89378		0.86893		0.92746		0.89724		0.78936
466		12596.26		0.9698		0.97183		0.8886		0.86765		0.9171		0.89169		0.77847
467		12597.75		0.97068		0.97245		0.88601		0.86341		0.9171		0.88945		0.77352
468		12599.06		0.97013		0.97197		0.88601		0.86341		0.9171		0.88945		0.77352
469		12600.52		0.96866		0.97056		0.88601		0.86341		0.9171		0.88945		0.77352
470		12601.79		0.96569		0.96797		0.88083		0.85507		0.9171		0.885		0.76367
471		12603.1		0.96404		0.96662		0.89119		0.86473		0.92746		0.895		0.78445
472		12604.23		0.96227		0.96503		0.89896		0.87745		0.92746		0.90176		0.79923
473		12605.51		0.96235		0.96538		0.89637		0.8806		0.9171		0.89848		0.79343
474		12607.24		0.96369		0.96622		0.89896		0.87745		0.92746		0.90176		0.79923
475		12608.93		0.96556		0.96765		0.89896		0.87745		0.92746		0.90176		0.79923
476		12610.2		0.96683		0.96855		0.89378		0.86538		0.93264		0.89776		0.78995
477		12611.5		0.96753		0.96859		0.8886		0.86058		0.92746		0.89277		0.77956
478		12612.84		0.9677		0.9685		0.89119		0.86473		0.92746		0.895		0.78445
479		12614.34		0.96746		0.96847		0.89378		0.86893		0.92746		0.89724		0.78936
480		12616.25		0.96714		0.96858		0.89896		0.88119		0.92228		0.90127		0.7988
481		12617.81		0.96719		0.9689		0.90155		0.88945		0.9171		0.90306		0.8035
482		12619.63		0.96741		0.96956		0.90674		0.89055		0.92746		0.90863		0.81417
483		12621.22		0.96664		0.96909		0.90155		0.87805		0.93264		0.90452		0.80467
484		12622.61		0.96642		0.96903		0.89378		0.86538		0.93264		0.89776		0.78995
485		12624.2		0.96581		0.9689		0.89896		0.87379		0.93264		0.90226		0.79974
486		12625.89		0.96565		0.96905		0.90415		0.88614		0.92746		0.90633		0.80917
487		12627.5		0.96581		0.96902		0.90933		0.895		0.92746		0.91094		0.81919
488		12628.81		0.96578		0.96906		0.90674		0.89055		0.92746		0.90863		0.81417
489		12629.96		0.96546		0.96872		0.90933		0.89109		0.93264		0.91139		0.81954
490		12631.1		0.96588		0.96893		0.89896		0.87379		0.93264		0.90226		0.79974
491		12632.61		0.96564		0.9687		0.89637		0.86957		0.93264		0.9		0.79484
492		12634.25		0.96588		0.96864		0.89378		0.86893		0.92746		0.89724		0.78936
493		12636.22		0.96697		0.96967		0.89119		0.86473		0.92746		0.895		0.78445
494		12637.8		0.96768		0.97014		0.89637		0.87317		0.92746		0.8995		0.79428
495		12639.55		0.96843		0.97086		0.89637		0.87685		0.92228		0.89899		0.79381
496		12640.74		0.96855		0.97105		0.90155		0.88557		0.92228		0.90355		0.8038
497		12641.9		0.96934		0.97163		0.89896		0.88119		0.92228		0.90127		0.7988
498		12643.2		0.96946		0.97177		0.89637		0.87317		0.92746		0.8995		0.79428
499		12645.08		0.96851		0.971		0.89378		0.86893		0.92746		0.89724		0.78936
500		12646.52		0.96745		0.97011		0.89378		0.87255		0.92228		0.89673		0.78885
501		12647.75		0.96646		0.96939		0.89637		0.8806		0.9171		0.89848		0.79343
502		12649.03		0.96542		0.96891		0.89637		0.8806		0.9171		0.89848		0.79343
503		12650.91		0.96458		0.96819		0.89896		0.88119		0.92228		0.90127		0.7988
504		12652.19		0.96417		0.96793		0.89378		0.86893		0.92746		0.89724		0.78936
505		12653.4		0.96412		0.968		0.89378		0.86893		0.92746		0.89724		0.78936
506		12654.67		0.96458		0.96808		0.89119		0.86473		0.92746		0.895		0.78445
507		12655.9		0.96607		0.96932		0.90155		0.88177		0.92746		0.90404		0.80419
508		12658.09		0.96762		0.97037		0.89896		0.88119		0.92228		0.90127		0.7988
509		12660.14		0.96803		0.97066		0.89896		0.88119		0.92228		0.90127		0.7988
510		12661.31		0.96809		0.97034		0.89378		0.86893		0.92746		0.89724		0.78936
511		12662.74		0.96566		0.96838		0.89378		0.86893		0.92746		0.89724		0.78936
512		12664.58		0.96346		0.96635		0.89378		0.86893		0.92746		0.89724		0.78936
513		12665.72		0.96425		0.96733		0.89896		0.87745		0.92746		0.90176		0.79923
514		12666.88		0.96577		0.96852		0.90155		0.88557		0.92228		0.90355		0.8038
515		12667.98		0.9662		0.96872		0.89637		0.8806		0.9171		0.89848		0.79343
516		12669.48		0.96714		0.96936		0.88601		0.86341		0.9171		0.88945		0.77352
517		12671.36		0.96711		0.96938		0.88601		0.84977		0.93782		0.89163		0.7762
518		12672.51		0.96769		0.97052		0.88601		0.85646		0.92746		0.89055		0.77469
519		12673.76		0.96746		0.97047		0.89378		0.86893		0.92746		0.89724		0.78936
520		12675.69		0.96682		0.97008		0.89378		0.87255		0.92228		0.89673		0.78885
521		12677.75		0.96619		0.96972		0.89378		0.87624		0.9171		0.8962		0.78842
522		12679.35		0.96527		0.96894		0.89896		0.88119		0.92228		0.90127		0.7988
523		12680.5		0.9653		0.9688		0.89378		0.86893		0.92746		0.89724		0.78936
524		12681.62		0.96627		0.96896		0.89119		0.86473		0.92746		0.895		0.78445
525		12682.85		0.96663		0.96881		0.89637		0.86957		0.93264		0.9		0.79484
526		12684.03		0.96584		0.96795		0.89896		0.87745		0.92746		0.90176		0.79923
527		12685.19		0.96568		0.96751		0.89637		0.87685		0.92228		0.89899		0.79381
528		12687.06		0.96527		0.96719		0.89637		0.87685		0.92228		0.89899		0.79381
529		12688.46		0.96517		0.96702		0.89896		0.87745		0.92746		0.90176		0.79923
530		12690.21		0.96487		0.96684		0.89637		0.87685		0.92228		0.89899		0.79381
531		12692.04		0.96549		0.96773		0.89637		0.87685		0.92228		0.89899		0.79381
532		12693.21		0.966		0.96812		0.8886		0.86408		0.92228		0.89223		0.77897
533		12694.37		0.96711		0.96952		0.89896		0.87745		0.92746		0.90176		0.79923
534		12695.98		0.96761		0.97038		0.89896		0.87745		0.92746		0.90176		0.79923
535		12697.87		0.96813		0.97067		0.90415		0.88235		0.93264		0.9068		0.80961
536		12700.0		0.96792		0.97043		0.90415		0.87864		0.93782		0.90727		0.81013
537		12701.22		0.96656		0.96953		0.90415		0.88235		0.93264		0.9068		0.80961
538		12702.39		0.96537		0.96869		0.90933		0.89109		0.93264		0.91139		0.81954
539		12703.89		0.96323		0.967		0.89896		0.88119		0.92228		0.90127		0.7988
540		12705.67		0.96294		0.96657		0.89378		0.87255		0.92228		0.89673		0.78885
541		12706.86		0.96378		0.96699		0.89637		0.86957		0.93264		0.9		0.79484
542		12707.99		0.96725		0.96976		0.89378		0.86538		0.93264		0.89776		0.78995
543		12709.21		0.96915		0.97131		0.89896		0.87019		0.93782		0.90274		0.80035
544		12710.35		0.96952		0.97159		0.89637		0.86957		0.93264		0.9		0.79484
545		12711.48		0.96921		0.97132		0.89637		0.86957		0.93264		0.9		0.79484
546		12712.69		0.96801		0.97025		0.89378		0.87255		0.92228		0.89673		0.78885
547		12713.85		0.96506		0.96755		0.89378		0.86538		0.93264		0.89776		0.78995
548		12715.61		0.96158		0.96359		0.88601		0.85646		0.92746		0.89055		0.77469
549		12717.37		0.96109		0.96305		0.88601		0.85646		0.92746		0.89055		0.77469
550		12718.7		0.96315		0.96539		0.90155		0.88177		0.92746		0.90404		0.80419
551		12720.13		0.96597		0.96819		0.91192		0.8995		0.92746		0.91327		0.82423
552		12721.62		0.96774		0.9696		0.90933		0.895		0.92746		0.91094		0.81919
553		12722.94		0.96897		0.9702		0.89896		0.87019		0.93782		0.90274		0.80035
554		12724.57		0.96907		0.97033		0.89637		0.85581		0.95337		0.90196		0.79795
555		12725.98		0.96785		0.96958		0.89378		0.86538		0.93264		0.89776		0.78995
556		12727.3		0.96667		0.96918		0.89637		0.8806		0.9171		0.89848		0.79343
557		12728.8		0.96529		0.96849		0.90155		0.88945		0.9171		0.90306		0.8035
558		12730.59		0.96444		0.96751		0.8886		0.85714		0.93264		0.8933		0.78023
559		12732.55		0.96309		0.96557		0.88342		0.83636		0.95337		0.89104		0.77446
560		12734.62		0.96526		0.96747		0.89637		0.87685		0.92228		0.89899		0.79381
561		12736.97		0.96472		0.96645		0.90415		0.89796		0.91192		0.90488		0.80839
562		12738.56		0.96435		0.96619		0.89896		0.87745		0.92746		0.90176		0.79923
563		12739.67		0.9628		0.96481		0.88083		0.84507		0.93264		0.8867		0.76578
564		12740.8		0.96382		0.96606		0.8886		0.85377		0.93782		0.89383		0.781
565		12742.38		0.96667		0.96856		0.90155		0.87805		0.93264		0.90452		0.80467
566		12744.21		0.96691		0.96861		0.89637		0.86957		0.93264		0.9		0.79484
567		12745.42		0.96381		0.96514		0.88601		0.84651		0.94301		0.89216		0.77709
568		12746.61		0.96591		0.96761		0.89378		0.85849		0.94301		0.89877		0.79141
569		12747.71		0.96636		0.96833		0.8886		0.86058		0.92746		0.89277		0.77956
570		12748.95		0.96644		0.96848		0.8886		0.86058		0.92746		0.89277		0.77956
571		12750.11		0.9647		0.96709		0.88342		0.85238		0.92746		0.88834		0.76983
572		12751.33		0.96668		0.96951		0.8886		0.86058		0.92746		0.89277		0.77956
573		12752.98		0.96691		0.96977		0.90415		0.88614		0.92746		0.90633		0.80917
574		12754.94		0.96691		0.96929		0.90674		0.89055		0.92746		0.90863		0.81417
575		12756.78		0.96615		0.96824		0.90415		0.88235		0.93264		0.9068		0.80961
576		12757.98		0.96545		0.96736		0.8886		0.85377		0.93782		0.89383		0.781
577		12759.13		0.96582		0.96768		0.89378		0.86893		0.92746		0.89724		0.78936
578		12760.35		0.96549		0.96727		0.89637		0.87685		0.92228		0.89899		0.79381
579		12761.66		0.96572		0.96717		0.90155		0.88557		0.92228		0.90355		0.8038
580		12763.1		0.96625		0.96682		0.89896		0.87379		0.93264		0.90226		0.79974
581		12764.54		0.96679		0.96713		0.89119		0.86473		0.92746		0.895		0.78445
582		12766.41		0.96753		0.96808		0.8886		0.86058		0.92746		0.89277		0.77956
583		12767.79		0.96782		0.96915		0.90155		0.88945		0.9171		0.90306		0.8035
584		12769.41		0.96756		0.96942		0.90933		0.895		0.92746		0.91094		0.81919
585		12771.5		0.96772		0.96969		0.90674		0.89055		0.92746		0.90863		0.81417
586		12773.04		0.96801		0.96964		0.89896		0.87379		0.93264		0.90226		0.79974
587		12774.4		0.96749		0.96917		0.8886		0.85714		0.93264		0.8933		0.78023
588		12776.53		0.96671		0.96841		0.88083		0.84186		0.93782		0.88725		0.76666
589		12778.24		0.96607		0.96822		0.87824		0.84434		0.92746		0.88395		0.76017
590		12779.49		0.96569		0.96816		0.89637		0.87317		0.92746		0.8995		0.79428
591		12780.95		0.966		0.96853		0.89896		0.88119		0.92228		0.90127		0.7988
592		12782.11		0.96693		0.96916		0.90155		0.88557		0.92228		0.90355		0.8038
593		12783.39		0.97027		0.97156		0.89119		0.86473		0.92746		0.895		0.78445
594		12784.71		0.97243		0.97334		0.88342		0.84579		0.93782		0.88943		0.77142
595		12786.53		0.97267		0.97346		0.88601		0.84018		0.95337		0.8932		0.77912
596		12787.99		0.97189		0.97289		0.8886		0.84722		0.94819		0.89487		0.78278
597		12789.66		0.96986		0.97149		0.89896		0.87379		0.93264		0.90226		0.79974
598		12790.95		0.96644		0.9687		0.89896		0.88119		0.92228		0.90127		0.7988
599		12792.12		0.96535		0.96804		0.89896		0.87745		0.92746		0.90176		0.79923
600		12793.53		0.96486		0.96772		0.90155		0.87805		0.93264		0.90452		0.80467
601		12795.49		0.96468		0.96762		0.90155		0.87805		0.93264		0.90452		0.80467
602		12797.44		0.96546		0.96821		0.90933		0.8835		0.94301		0.91228		0.82052
603		12798.59		0.96662		0.96904		0.90674		0.8867		0.93264		0.90909		0.81457
604		12799.88		0.96689		0.96927		0.90415		0.88614		0.92746		0.90633		0.80917
605		12801.61		0.96674		0.96896		0.89637		0.87317		0.92746		0.8995		0.79428
606		12803.24		0.96565		0.96777		0.89378		0.86538		0.93264		0.89776		0.78995
607		12804.89		0.96435		0.96649		0.8886		0.86058		0.92746		0.89277		0.77956
608		12806.46		0.96405		0.96579		0.89378		0.87255		0.92228		0.89673		0.78885
609		12808.05		0.96427		0.96562		0.89896		0.885		0.9171		0.90076		0.79845
610		12809.35		0.96564		0.96677		0.89378		0.86893		0.92746		0.89724		0.78936
611		12810.65		0.96656		0.96772		0.8886		0.86058		0.92746		0.89277		0.77956
612		12811.94		0.96774		0.96862		0.88601		0.85646		0.92746		0.89055		0.77469
613		12813.46		0.96862		0.96959		0.89119		0.85782		0.93782		0.89604		0.78581
614		12815.12		0.96907		0.96978		0.89119		0.85782		0.93782		0.89604		0.78581
615		12816.85		0.96879		0.96988		0.8886		0.87129		0.91192		0.89114		0.77805
616		12818.49		0.96768		0.96913		0.89896		0.885		0.9171		0.90076		0.79845
617		12819.68		0.96652		0.96834		0.89378		0.87624		0.9171		0.8962		0.78842
618		12820.97		0.96564		0.96768		0.8886		0.86765		0.9171		0.89169		0.77847
619		12822.09		0.96417		0.96615		0.8886		0.86408		0.92228		0.89223		0.77897
620		12823.27		0.96325		0.96506		0.88083		0.85167		0.92228		0.88557		0.76429
621		12824.52		0.96393		0.96568		0.88083		0.85167		0.92228		0.88557		0.76429
622		12825.89		0.96586		0.96751		0.8886		0.86058		0.92746		0.89277		0.77956
623		12827.09		0.96748		0.96899		0.90155		0.87805		0.93264		0.90452		0.80467
624		12828.85		0.96808		0.96922		0.90415		0.88235		0.93264		0.9068		0.80961
625		12830.26		0.96835		0.96925		0.90674		0.88293		0.93782		0.90955		0.81505
626		12831.7		0.96727		0.96771		0.90155		0.8744		0.93782		0.905		0.80523
627		12833.42		0.9666		0.96716		0.89378		0.8619		0.93782		0.89826		0.79064
628		12834.94		0.96558		0.96595		0.89378		0.8619		0.93782		0.89826		0.79064
629		12836.43		0.9653		0.96605		0.89119		0.86124		0.93264		0.89552		0.78509
630		12837.81		0.96415		0.96504		0.89896		0.87745		0.92746		0.90176		0.79923
631		12839.51		0.96432		0.9647		0.90155		0.87805		0.93264		0.90452		0.80467
632		12840.98		0.96479		0.96502		0.90155		0.87805		0.93264		0.90452		0.80467
633		12842.57		0.96499		0.96549		0.89378		0.87255		0.92228		0.89673		0.78885
634		12844.12		0.96486		0.96543		0.89896		0.87379		0.93264		0.90226		0.79974
635		12846.34		0.96452		0.96532		0.89896		0.87019		0.93782		0.90274		0.80035
636		12848.15		0.96455		0.96569		0.89637		0.86957		0.93264		0.9		0.79484
637		12849.56		0.96384		0.96542		0.89378		0.87255		0.92228		0.89673		0.78885
638		12850.86		0.96297		0.96498		0.89378		0.87255		0.92228		0.89673		0.78885
639		12852.53		0.96259		0.96497		0.89119		0.86829		0.92228		0.89447		0.7839
640		12854.17		0.96279		0.96504		0.89378		0.87255		0.92228		0.89673		0.78885
641		12855.38		0.96303		0.9654		0.8886		0.86058		0.92746		0.89277		0.77956
642		12856.64		0.96548		0.9677		0.89637		0.87685		0.92228		0.89899		0.79381
643		12857.79		0.96745		0.96945		0.89896		0.88119		0.92228		0.90127		0.7988
644		12859.15		0.96969		0.97153		0.89637		0.87685		0.92228		0.89899		0.79381
645		12860.41		0.97086		0.97238		0.89896		0.87745		0.92746		0.90176		0.79923
646		12861.61		0.96989		0.97166		0.90415		0.88235		0.93264		0.9068		0.80961
647		12863.12		0.96808		0.97025		0.90933		0.89109		0.93264		0.91139		0.81954
648		12865.14		0.96595		0.96866		0.91451		0.89604		0.93782		0.91646		0.82992
649		12866.96		0.96252		0.96578		0.90415		0.88614		0.92746		0.90633		0.80917
650		12868.16		0.96144		0.96441		0.90155		0.88177		0.92746		0.90404		0.80419
651		12869.41		0.96236		0.96455		0.89378		0.87255		0.92228		0.89673		0.78885
652		12870.87		0.96463		0.96646		0.89378		0.87255		0.92228		0.89673		0.78885
653		12872.58		0.96648		0.96791		0.89896		0.87379		0.93264		0.90226		0.79974
654		12874.06		0.96662		0.96783		0.89378		0.86893		0.92746		0.89724		0.78936
655		12875.4		0.96683		0.96802		0.89119		0.86473		0.92746		0.895		0.78445
656		12877.15		0.96678		0.96808		0.89119		0.86473		0.92746		0.895		0.78445
657		12878.48		0.96619		0.96761		0.90155		0.87805		0.93264		0.90452		0.80467
658		12880.81		0.96415		0.9654		0.89896		0.87745		0.92746		0.90176		0.79923
659		12882.27		0.96342		0.96504		0.90155		0.87805		0.93264		0.90452		0.80467
660		12883.94		0.96452		0.96668		0.89896		0.87379		0.93264		0.90226		0.79974
661		12885.51		0.96595		0.96817		0.89896		0.87379		0.93264		0.90226		0.79974
662		12886.64		0.96758		0.96984		0.89378		0.86538		0.93264		0.89776		0.78995
663		12887.79		0.96756		0.96973		0.8886		0.85377		0.93782		0.89383		0.781
664		12888.94		0.96731		0.96945		0.8886		0.85377		0.93782		0.89383		0.781
665		12890.22		0.96745		0.96942		0.8886		0.85047		0.94301		0.89435		0.78184
666		12891.76		0.96671		0.96874		0.88342		0.84259		0.94301		0.88998		0.77234
667		12893.48		0.96691		0.96927		0.8886		0.85377		0.93782		0.89383		0.781
668		12894.66		0.96553		0.968		0.89637		0.86957		0.93264		0.9		0.79484
669		12895.85		0.96459		0.96688		0.90155		0.88557		0.92228		0.90355		0.8038
670		12897.18		0.96415		0.96614		0.89896		0.88119		0.92228		0.90127		0.7988
671		12898.46		0.96388		0.96537		0.8886		0.85714		0.93264		0.8933		0.78023
672		12899.71		0.96417		0.96584		0.88342		0.84579		0.93782		0.88943		0.77142
673		12901.49		0.96369		0.96561		0.8886		0.85377		0.93782		0.89383		0.781
674		12903.61		0.96395		0.96605		0.89119		0.86124		0.93264		0.89552		0.78509
675		12905.39		0.96386		0.96617		0.89637		0.87317		0.92746		0.8995		0.79428
676		12907.21		0.96519		0.96739		0.89637		0.87317		0.92746		0.8995		0.79428
677		12908.38		0.96633		0.96826		0.89378		0.86538		0.93264		0.89776		0.78995
678		12909.99		0.96698		0.96851		0.88601		0.85308		0.93264		0.89109		0.7754
679		12911.75		0.96701		0.96851		0.8886		0.85377		0.93782		0.89383		0.781
680		12913.13		0.96699		0.96851		0.8886		0.85377		0.93782		0.89383		0.781
681		12914.58		0.9662		0.96807		0.89378		0.86538		0.93264		0.89776		0.78995
682		12915.91		0.96589		0.96792		0.89896		0.87379		0.93264		0.90226		0.79974
683		12917.71		0.96518		0.96749		0.89637		0.86957		0.93264		0.9		0.79484
684		12919.4		0.96472		0.96734		0.89637		0.86957		0.93264		0.9		0.79484
685		12921.29		0.96454		0.96718		0.89896		0.87019		0.93782		0.90274		0.80035
686		12922.87		0.96466		0.96766		0.89896		0.87379		0.93264		0.90226		0.79974
687		12924.05		0.96493		0.96814		0.90155		0.88177		0.92746		0.90404		0.80419
688		12925.32		0.9657		0.96892		0.90155		0.88177		0.92746		0.90404		0.80419
689		12926.47		0.96589		0.96885		0.90415		0.88235		0.93264		0.9068		0.80961
690		12927.65		0.96686		0.9695		0.90674		0.87923		0.94301		0.91		0.81562
691		12928.9		0.96693		0.96933		0.90415		0.875		0.94301		0.90773		0.81074
692		12930.32		0.96646		0.96887		0.89896		0.87019		0.93782		0.90274		0.80035
693		12931.72		0.96593		0.96816		0.89637		0.86957		0.93264		0.9		0.79484
694		12933.2		0.96458		0.9669		0.90415		0.88614		0.92746		0.90633		0.80917
695		12934.68		0.96423		0.9663		0.90155		0.88177		0.92746		0.90404		0.80419
696		12936.39		0.96327		0.96535		0.89896		0.87745		0.92746		0.90176		0.79923
697		12938.1		0.96258		0.96445		0.89378		0.86893		0.92746		0.89724		0.78936
698		12940.1		0.96334		0.96494		0.89378		0.86893		0.92746		0.89724		0.78936
699		12941.6		0.96446		0.96599		0.89896		0.87379		0.93264		0.90226		0.79974
700		12942.93		0.9655		0.96694		0.89637		0.87317		0.92746		0.8995		0.79428
701		12944.86		0.96652		0.96794		0.90155		0.88177		0.92746		0.90404		0.80419
702		12946.47		0.96742		0.96858		0.90933		0.88725		0.93782		0.91184		0.81999
703		12947.85		0.96737		0.96848		0.90155		0.8744		0.93782		0.905		0.80523
704		12949.18		0.9671		0.96822		0.90415		0.875		0.94301		0.90773		0.81074
705		12951.21		0.96533		0.96704		0.91451		0.89604		0.93782		0.91646		0.82992
706		12952.46		0.96405		0.96594		0.90674		0.89055		0.92746		0.90863		0.81417
707		12953.62		0.96305		0.96526		0.91192		0.90355		0.92228		0.91282		0.82401
708		12954.78		0.96201		0.96435		0.91192		0.90355		0.92228		0.91282		0.82401
709		12955.97		0.96201		0.96427		0.90155		0.88557		0.92228		0.90355		0.8038
710		12957.22		0.96305		0.96499		0.90674		0.89055		0.92746		0.90863		0.81417
711		12959.03		0.96437		0.96587		0.89896		0.87745		0.92746		0.90176		0.79923
712		12960.53		0.9655		0.96679		0.89637		0.86957		0.93264		0.9		0.79484
713		12961.77		0.96637		0.96768		0.89896		0.87745		0.92746		0.90176		0.79923
714		12963.36		0.96721		0.96845		0.90415		0.88235		0.93264		0.9068		0.80961
715		12965.07		0.9671		0.9685		0.90155		0.88177		0.92746		0.90404		0.80419
716		12966.8		0.96631		0.96824		0.90155		0.88177		0.92746		0.90404		0.80419
717		12968.57		0.96574		0.96786		0.89896		0.885		0.9171		0.90076		0.79845
718		12970.95		0.9648		0.96722		0.90674		0.89848		0.9171		0.90769		0.81365
719		12972.13		0.9642		0.96664		0.90674		0.89848		0.9171		0.90769		0.81365
720		12973.32		0.96376		0.96622		0.90155		0.88945		0.9171		0.90306		0.8035
721		12974.56		0.96459		0.96658		0.90155		0.87805		0.93264		0.90452		0.80467
722		12976.13		0.96517		0.96698		0.89896		0.87379		0.93264		0.90226		0.79974
723		12977.79		0.96542		0.96688		0.89378		0.86538		0.93264		0.89776		0.78995
724		12979.77		0.96531		0.96676		0.89378		0.86538		0.93264		0.89776		0.78995
725		12981.21		0.9647		0.96613		0.90933		0.89109		0.93264		0.91139		0.81954
726		12983.07		0.96416		0.96549		0.91192		0.90355		0.92228		0.91282		0.82401
727		12984.49		0.96331		0.96466		0.90674		0.89848		0.9171		0.90769		0.81365
728		12985.68		0.9628		0.96409		0.90674		0.89848		0.9171		0.90769		0.81365
729		12986.92		0.96276		0.96422		0.90674		0.89055		0.92746		0.90863		0.81417
730		12988.3		0.9625		0.96418		0.89896		0.87019		0.93782		0.90274		0.80035
731		12989.84		0.96397		0.96554		0.90155		0.87805		0.93264		0.90452		0.80467
732		12991.23		0.96515		0.96713		0.90155		0.88177		0.92746		0.90404		0.80419
733		12992.39		0.96558		0.96794		0.89896		0.87745		0.92746		0.90176		0.79923
734		12993.57		0.96494		0.96773		0.89637		0.87685		0.92228		0.89899		0.79381
735		12995.5		0.96364		0.96677		0.89896		0.88119		0.92228		0.90127		0.7988
736		12996.87		0.96424		0.96701		0.90415		0.89		0.92228		0.90585		0.80882
737		12998.16		0.96354		0.96596		0.90415		0.89796		0.91192		0.90488		0.80839
738		12999.54		0.96311		0.96514		0.89896		0.89286		0.90674		0.89974		0.79802
739		13001.21		0.96364		0.96524		0.89378		0.87624		0.9171		0.8962		0.78842
740		13002.62		0.96409		0.9656		0.8886		0.86765		0.9171		0.89169		0.77847
741		13004.29		0.96466		0.96625		0.89119		0.86124		0.93264		0.89552		0.78509
742		13006.23		0.96656		0.96841		0.89119		0.86124		0.93264		0.89552		0.78509
743		13007.88		0.96731		0.96949		0.89637		0.86957		0.93264		0.9		0.79484
744		13009.55		0.96639		0.96867		0.89896		0.87379		0.93264		0.90226		0.79974
745		13011.48		0.96487		0.96749		0.89378		0.86893		0.92746		0.89724		0.78936
746		13013.06		0.96333		0.96606		0.89378		0.86893		0.92746		0.89724		0.78936
747		13014.2		0.96229		0.96483		0.89896		0.88119		0.92228		0.90127		0.7988
748		13015.45		0.96225		0.96446		0.89896		0.88119		0.92228		0.90127		0.7988
749		13017.07		0.96185		0.96375		0.90155		0.88557		0.92228		0.90355		0.8038
750		13018.7		0.96176		0.96319		0.90155		0.88557		0.92228		0.90355		0.8038
751		13019.87		0.96219		0.96316		0.90415		0.89		0.92228		0.90585		0.80882
752		13021.0		0.96248		0.9634		0.90415		0.88614		0.92746		0.90633		0.80917
753		13022.22		0.96295		0.96373		0.90155		0.8744		0.93782		0.905		0.80523
754		13023.35		0.96256		0.96352		0.89637		0.86957		0.93264		0.9		0.79484
755		13024.99		0.96299		0.96393		0.89637		0.87685		0.92228		0.89899		0.79381
756		13026.8		0.96374		0.96511		0.90674		0.89055		0.92746		0.90863		0.81417
757		13028.19		0.96432		0.96583		0.90674		0.89447		0.92228		0.90816		0.81386
758		13029.99		0.96424		0.96576		0.90415		0.88235		0.93264		0.9068		0.80961
759		13031.75		0.96475		0.96622		0.89637		0.86603		0.93782		0.9005		0.79548
760		13033.18		0.96537		0.96686		0.89378		0.86538		0.93264		0.89776		0.78995
761		13034.77		0.96617		0.96774		0.89378		0.87624		0.9171		0.8962		0.78842
762		13036.66		0.96632		0.96812		0.89896		0.885		0.9171		0.90076		0.79845
763		13038.27		0.96389		0.96582		0.89637		0.86957		0.93264		0.9		0.79484
764		13039.59		0.96209		0.964		0.89637		0.86957		0.93264		0.9		0.79484
765		13040.86		0.96256		0.96419		0.90933		0.89899		0.92228		0.91049		0.81893
766		13042.45		0.96439		0.96583		0.91451		0.91237		0.9171		0.91473		0.82903
767		13044.1		0.96478		0.96565		0.90155		0.88945		0.9171		0.90306		0.8035
768		13045.38		0.96517		0.96565		0.89119		0.86124		0.93264		0.89552		0.78509
769		13047.04		0.9654		0.96589		0.89637		0.86957		0.93264		0.9		0.79484
770		13048.42		0.96491		0.96557		0.90155		0.87805		0.93264		0.90452		0.80467
771		13049.97		0.96405		0.96489		0.90155		0.88177		0.92746		0.90404		0.80419
772		13051.44		0.96378		0.96306		0.90415		0.88614		0.92746		0.90633		0.80917
773		13052.82		0.96447		0.96358		0.89378		0.86893		0.92746		0.89724		0.78936
774		13054.39		0.96513		0.9658		0.89637		0.86603		0.93782		0.9005		0.79548
775		13055.85		0.96511		0.96551		0.89637		0.86603		0.93782		0.9005		0.79548
776		13057.27		0.96455		0.96539		0.89896		0.87019		0.93782		0.90274		0.80035
777		13058.96		0.96378		0.96515		0.89637		0.88832		0.90674		0.89744		0.79292
778		13060.5		0.96044		0.96228		0.90155		0.8934		0.91192		0.90256		0.80328
779		13062.21		0.95697		0.95896		0.89896		0.885		0.9171		0.90076		0.79845
780		13064.51		0.95721		0.95919		0.90155		0.88945		0.9171		0.90306		0.8035
781		13065.89		0.9591		0.96073		0.90415		0.89394		0.9171		0.90537		0.80856
782		13067.16		0.96079		0.96177		0.90674		0.8867		0.93264		0.90909		0.81457
783		13068.35		0.96169		0.96278		0.89896		0.86321		0.94819		0.9037		0.80182
784		13070.05		0.96215		0.96313		0.89896		0.86321		0.94819		0.9037		0.80182
785		13071.7		0.96287		0.96375		0.90415		0.87864		0.93782		0.90727		0.81013
786		13072.9		0.96331		0.96403		0.90155		0.87805		0.93264		0.90452		0.80467
787		13074.24		0.96319		0.96378		0.90415		0.88235		0.93264		0.9068		0.80961
788		13076.19		0.96176		0.9629		0.90415		0.88235		0.93264		0.9068		0.80961
789		13077.7		0.96105		0.96247		0.90155		0.87805		0.93264		0.90452		0.80467
790		13079.16		0.96115		0.9624		0.90415		0.87864		0.93782		0.90727		0.81013
791		13080.91		0.96247		0.9635		0.89637		0.87317		0.92746		0.8995		0.79428
792		13082.81		0.96298		0.96449		0.89637		0.87685		0.92228		0.89899		0.79381
793		13084.07		0.96252		0.96407		0.89119		0.86829		0.92228		0.89447		0.7839
794		13085.33		0.96127		0.96329		0.8886		0.86408		0.92228		0.89223		0.77897
795		13086.51		0.9606		0.96276		0.8886		0.86765		0.9171		0.89169		0.77847
796		13087.81		0.96091		0.96345		0.89378		0.87624		0.9171		0.8962		0.78842
797		13089.36		0.96103		0.96382		0.89378		0.87624		0.9171		0.8962		0.78842
798		13091.04		0.96106		0.96397		0.89637		0.8806		0.9171		0.89848		0.79343
799		13092.43		0.96146		0.96406		0.89637		0.88442		0.91192		0.89796		0.79313
800		13093.89		0.96219		0.96449		0.89896		0.88119		0.92228		0.90127		0.7988
801		13095.69		0.96256		0.96434		0.90155		0.88177		0.92746		0.90404		0.80419
802		13096.84		0.96313		0.96447		0.90155		0.88177		0.92746		0.90404		0.80419
803		13098.76		0.9631		0.96378		0.90155		0.88557		0.92228		0.90355		0.8038
804		13100.53		0.96221		0.9628		0.89378		0.87255		0.92228		0.89673		0.78885
805		13102.23		0.96157		0.96223		0.89119		0.87192		0.9171		0.89394		0.78344
806		13104.23		0.96093		0.96148		0.89119		0.87192		0.9171		0.89394		0.78344
807		13105.65		0.9606		0.96085		0.89378		0.87255		0.92228		0.89673		0.78885
808		13106.89		0.96117		0.9617		0.8886		0.86408		0.92228		0.89223		0.77897
809		13108.17		0.96055		0.96061		0.88601		0.8599		0.92228		0.89		0.77406
810		13109.46		0.96162		0.96213		0.89378		0.87255		0.92228		0.89673		0.78885
811		13110.74		0.962		0.96255		0.89378		0.87255		0.92228		0.89673		0.78885
812		13111.89		0.96192		0.96245		0.89637		0.87317		0.92746		0.8995		0.79428
813		13113.05		0.962		0.96271		0.89896		0.87745		0.92746		0.90176		0.79923
814		13114.35		0.96126		0.96162		0.89637		0.87317		0.92746		0.8995		0.79428
815		13115.66		0.96078		0.96086		0.90155		0.87805		0.93264		0.90452		0.80467
816		13117.18		0.96072		0.96077		0.89896		0.87745		0.92746		0.90176		0.79923
817		13118.96		0.96009		0.96005		0.89378		0.87255		0.92228		0.89673		0.78885
818		13120.54		0.96079		0.96114		0.89119		0.86829		0.92228		0.89447		0.7839
819		13122.32		0.96135		0.96153		0.89378		0.87255		0.92228		0.89673		0.78885
820		13123.51		0.96203		0.96228		0.89378		0.86893		0.92746		0.89724		0.78936
821		13124.95		0.96197		0.96241		0.89378		0.87255		0.92228		0.89673		0.78885
822		13126.37		0.9635		0.96431		0.89378		0.87255		0.92228		0.89673		0.78885
823		13128.29		0.96471		0.96557		0.90155		0.88557		0.92228		0.90355		0.8038
824		13129.56		0.96411		0.96519		0.89637		0.87685		0.92228		0.89899		0.79381
825		13131.34		0.96247		0.96348		0.89637		0.87685		0.92228		0.89899		0.79381
826		13132.74		0.96158		0.9629		0.89378		0.87255		0.92228		0.89673		0.78885
827		13134.18		0.96107		0.96257		0.89896		0.87745		0.92746		0.90176		0.79923
828		13135.98		0.96076		0.96253		0.89896		0.87745		0.92746		0.90176		0.79923
829		13137.8		0.96071		0.96286		0.89637		0.8806		0.9171		0.89848		0.79343
830		13139.61		0.96158		0.96357		0.90415		0.89394		0.9171		0.90537		0.80856
831		13141.36		0.96204		0.96387		0.90155		0.87805		0.93264		0.90452		0.80467
832		13143.05		0.9622		0.96378		0.89378		0.86538		0.93264		0.89776		0.78995
833		13144.7		0.96225		0.96344		0.89637		0.86603		0.93782		0.9005		0.79548
834		13145.99		0.9631		0.96435		0.89896		0.87379		0.93264		0.90226		0.79974
835		13147.3		0.96384		0.96487		0.89896		0.88119		0.92228		0.90127		0.7988
836		13148.56		0.96433		0.9655		0.90674		0.89447		0.92228		0.90816		0.81386
837		13149.84		0.96474		0.9657		0.90155		0.8934		0.91192		0.90256		0.80328
838		13151.02		0.96376		0.96439		0.90155		0.88177		0.92746		0.90404		0.80419
839		13152.55		0.96333		0.9639		0.89896		0.87379		0.93264		0.90226		0.79974
840		13154.23		0.96298		0.96352		0.89637		0.86957		0.93264		0.9		0.79484
841		13155.64		0.96385		0.96472		0.89896		0.87745		0.92746		0.90176		0.79923
842		13157.01		0.9637		0.96479		0.90933		0.89899		0.92228		0.91049		0.81893
843		13158.57		0.96329		0.96464		0.90674		0.89447		0.92228		0.90816		0.81386
844		13160.57		0.96305		0.96438		0.90155		0.88557		0.92228		0.90355		0.8038
845		13162.04		0.9631		0.96421		0.89637		0.87317		0.92746		0.8995		0.79428
846		13163.36		0.96288		0.96399		0.89119		0.86829		0.92228		0.89447		0.7839
847		13164.86		0.96342		0.96465		0.89637		0.87685		0.92228		0.89899		0.79381
848		13166.35		0.964		0.96528		0.89896		0.88119		0.92228		0.90127		0.7988
849		13167.68		0.96388		0.96539		0.89896		0.88119		0.92228		0.90127		0.7988
850		13169.13		0.96407		0.96561		0.89896		0.88119		0.92228		0.90127		0.7988
851		13170.56		0.96458		0.96571		0.89896		0.87745		0.92746		0.90176		0.79923
852		13171.91		0.96451		0.96513		0.90155		0.8744		0.93782		0.905		0.80523
853		13173.56		0.96443		0.96499		0.90415		0.87864		0.93782		0.90727		0.81013
854		13174.98		0.96432		0.96467		0.90415		0.88614		0.92746		0.90633		0.80917
855		13176.27		0.96287		0.96329		0.90415		0.88235		0.93264		0.9068		0.80961
856		13177.71		0.96123		0.96165		0.89896		0.87745		0.92746		0.90176		0.79923
857		13179.21		0.96139		0.96167		0.90415		0.88614		0.92746		0.90633		0.80917
858		13180.64		0.96223		0.96246		0.90933		0.89899		0.92228		0.91049		0.81893
859		13182.21		0.96361		0.9643		0.90933		0.89899		0.92228		0.91049		0.81893
860		13183.5		0.96404		0.96432		0.90415		0.88614		0.92746		0.90633		0.80917
861		13184.93		0.9647		0.96494		0.90155		0.8744		0.93782		0.905		0.80523
862		13186.39		0.96633		0.96701		0.90933		0.89109		0.93264		0.91139		0.81954
863		13187.68		0.96709		0.96802		0.90674		0.89447		0.92228		0.90816		0.81386
864		13189.2		0.96647		0.96748		0.90674		0.8867		0.93264		0.90909		0.81457
865		13190.77		0.96462		0.96581		0.90155		0.8744		0.93782		0.905		0.80523
866		13192.55		0.9622		0.96343		0.89896		0.87019		0.93782		0.90274		0.80035
867		13194.06		0.96048		0.96183		0.90155		0.8744		0.93782		0.905		0.80523
868		13195.51		0.96009		0.96146		0.90155		0.87805		0.93264		0.90452		0.80467
869		13196.83		0.96127		0.96265		0.91192		0.90355		0.92228		0.91282		0.82401
870		13198.15		0.96168		0.96257		0.90155		0.88557		0.92228		0.90355		0.8038
871		13200.04		0.96278		0.9631		0.89637		0.87685		0.92228		0.89899		0.79381
872		13201.88		0.96362		0.96342		0.89637		0.86256		0.94301		0.90099		0.79622
873		13203.49		0.96388		0.96399		0.89637		0.86957		0.93264		0.9		0.79484
874		13204.64		0.96321		0.96383		0.90933		0.89109		0.93264		0.91139		0.81954
875		13205.9		0.96229		0.96309		0.90674		0.89055		0.92746		0.90863		0.81417
876		13207.09		0.96164		0.9624		0.90415		0.89		0.92228		0.90585		0.80882
877		13208.39		0.96252		0.96338		0.89896		0.87379		0.93264		0.90226		0.79974
878		13209.66		0.9622		0.96295		0.89637		0.86603		0.93782		0.9005		0.79548
879		13211.06		0.96326		0.96395		0.90415		0.87864		0.93782		0.90727		0.81013
880		13213.0		0.96301		0.96396		0.90674		0.88293		0.93782		0.90955		0.81505
881		13214.52		0.96333		0.96406		0.89896		0.885		0.9171		0.90076		0.79845
882		13216.07		0.96334		0.96412		0.89637		0.87317		0.92746		0.8995		0.79428
883		13217.9		0.96286		0.96324		0.89896		0.87379		0.93264		0.90226		0.79974
884		13219.65		0.96331		0.96305		0.89896		0.86321		0.94819		0.9037		0.80182
885		13221.19		0.96373		0.96343		0.90933		0.87981		0.94819		0.91272		0.82114
886		13222.75		0.96377		0.96387		0.91192		0.89163		0.93782		0.91414		0.82494
887		13224.18		0.96293		0.96332		0.90933		0.89109		0.93264		0.91139		0.81954
888		13225.96		0.96152		0.96205		0.90155		0.88177		0.92746		0.90404		0.80419
889		13227.95		0.9604		0.96093		0.90155		0.87805		0.93264		0.90452		0.80467
890		13229.67		0.96417		0.96502		0.90933		0.89109		0.93264		0.91139		0.81954
891		13231.0		0.96494		0.96641		0.91192		0.89552		0.93264		0.91371		0.82454
892		13232.27		0.96325		0.96468		0.89119		0.85446		0.94301		0.89655		0.78662
893		13233.65		0.96058		0.9622		0.87565		0.83105		0.94301		0.8835		0.75821
894		13235.2		0.96212		0.9644		0.90155		0.88177		0.92746		0.90404		0.80419
895		13237.12		0.96227		0.96493		0.89896		0.89286		0.90674		0.89974		0.79802
896		13238.41		0.96358		0.96584		0.89896		0.885		0.9171		0.90076		0.79845
897		13239.7		0.96342		0.96533		0.89637		0.86957		0.93264		0.9		0.79484
898		13240.99		0.96498		0.96643		0.88601		0.84651		0.94301		0.89216		0.77709
899		13242.91		0.96569		0.96753		0.89637		0.86603		0.93782		0.9005		0.79548
900		13244.01		0.96474		0.96735		0.89896		0.89286		0.90674		0.89974		0.79802
901		13245.19		0.96411		0.96676		0.89896		0.89286		0.90674		0.89974		0.79802
902		13246.42		0.96231		0.96456		0.89637		0.86957		0.93264		0.9		0.79484
903		13247.6		0.9608		0.96296		0.89378		0.8619		0.93782		0.89826		0.79064
904		13248.81		0.96201		0.96427		0.89119		0.86829		0.92228		0.89447		0.7839
905		13250.0		0.96266		0.965		0.89378		0.87624		0.9171		0.8962		0.78842
906		13251.53		0.96373		0.96586		0.89378		0.87255		0.92228		0.89673		0.78885
907		13253.59		0.96478		0.96642		0.89637		0.86603		0.93782		0.9005		0.79548
908		13255.14		0.96439		0.96583		0.89378		0.8619		0.93782		0.89826		0.79064
909		13256.48		0.96395		0.96548		0.89896		0.87379		0.93264		0.90226		0.79974
910		13257.87		0.96349		0.96523		0.90674		0.89447		0.92228		0.90816		0.81386
911		13259.36		0.9626		0.96446		0.90933		0.90306		0.9171		0.91003		0.81875
912		13260.7		0.96311		0.96487		0.90155		0.88557		0.92228		0.90355		0.8038
913		13262.32		0.96341		0.96462		0.89119		0.85782		0.93782		0.89604		0.78581
914		13263.64		0.96417		0.9652		0.90155		0.88177		0.92746		0.90404		0.80419
915		13265.24		0.96404		0.96511		0.90155		0.88945		0.9171		0.90306		0.8035
916		13266.62		0.96416		0.96529		0.90415		0.89		0.92228		0.90585		0.80882
917		13268.33		0.96448		0.96568		0.90415		0.88614		0.92746		0.90633		0.80917
918		13269.78		0.964		0.96535		0.90155		0.87805		0.93264		0.90452		0.80467
919		13271.17		0.96374		0.96533		0.89896		0.87379		0.93264		0.90226		0.79974
920		13272.94		0.96357		0.96538		0.90155		0.87805		0.93264		0.90452		0.80467
921		13274.81		0.96327		0.96521		0.90155		0.88557		0.92228		0.90355		0.8038
922		13276.41		0.96282		0.96495		0.90674		0.89447		0.92228		0.90816		0.81386
923		13277.76		0.96227		0.96432		0.90933		0.89899		0.92228		0.91049		0.81893
924		13279.18		0.96164		0.96376		0.90933		0.895		0.92746		0.91094		0.81919
925		13280.42		0.9609		0.96324		0.90415		0.88235		0.93264		0.9068		0.80961
926		13281.68		0.96137		0.96381		0.90674		0.8867		0.93264		0.90909		0.81457
927		13283.02		0.96056		0.9632		0.89378		0.87255		0.92228		0.89673		0.78885
928		13284.5		0.96039		0.96255		0.89896		0.88119		0.92228		0.90127		0.7988
929		13285.96		0.96048		0.96217		0.90155		0.88177		0.92746		0.90404		0.80419
930		13287.4		0.95914		0.96064		0.89896		0.88119		0.92228		0.90127		0.7988
931		13289.07		0.95871		0.95997		0.89637		0.87685		0.92228		0.89899		0.79381
932		13290.84		0.9597		0.96066		0.90155		0.88557		0.92228		0.90355		0.8038
933		13292.43		0.96064		0.96151		0.90415		0.88614		0.92746		0.90633		0.80917
934		13294.26		0.9616		0.96255		0.90415		0.88235		0.93264		0.9068		0.80961
935		13296.22		0.96181		0.9628		0.89896		0.87379		0.93264		0.90226		0.79974
936		13297.87		0.96123		0.96244		0.89378		0.8619		0.93782		0.89826		0.79064
937		13299.06		0.96052		0.96228		0.90155		0.88177		0.92746		0.90404		0.80419
938		13300.26		0.95973		0.9619		0.89896		0.88889		0.91192		0.90026		0.7982
939		13301.69		0.96005		0.96252		0.90415		0.89796		0.91192		0.90488		0.80839
940		13303.57		0.96048		0.96271		0.89637		0.88442		0.91192		0.89796		0.79313
941		13305.67		0.96027		0.96233		0.89637		0.8806		0.9171		0.89848		0.79343
942		13307.04		0.95995		0.96184		0.89119		0.86473		0.92746		0.895		0.78445
943		13308.24		0.96083		0.96284		0.89378		0.86893		0.92746		0.89724		0.78936
944		13309.46		0.96236		0.96412		0.89119		0.87562		0.91192		0.8934		0.78306
945		13310.89		0.96233		0.96445		0.89637		0.88832		0.90674		0.89744		0.79292
946		13312.73		0.96009		0.96221		0.90155		0.88557		0.92228		0.90355		0.8038
947		13313.9		0.9588		0.96072		0.8886		0.86408		0.92228		0.89223		0.77897
948		13315.41		0.9588		0.96058		0.8886		0.86408		0.92228		0.89223		0.77897
949		13317.16		0.96071		0.96247		0.89637		0.87685		0.92228		0.89899		0.79381
950		13318.68		0.96195		0.96362		0.90415		0.89394		0.9171		0.90537		0.80856
951		13320.1		0.96201		0.96338		0.90155		0.87081		0.94301		0.90547		0.80588
952		13321.47		0.96095		0.96204		0.8886		0.84722		0.94819		0.89487		0.78278
953		13322.74		0.96083		0.96239		0.89637		0.85581		0.95337		0.90196		0.79795
954		13324.77		0.96134		0.96319		0.89637		0.8806		0.9171		0.89848		0.79343
955		13326.42		0.96161		0.9633		0.90415		0.89394		0.9171		0.90537		0.80856
956		13328.33		0.96138		0.96284		0.89637		0.8806		0.9171		0.89848		0.79343
957		13330.04		0.96105		0.96275		0.89119		0.86124		0.93264		0.89552		0.78509
958		13331.9		0.96278		0.96443		0.8886		0.86058		0.92746		0.89277		0.77956
959		13334.18		0.96463		0.96641		0.90415		0.88235		0.93264		0.9068		0.80961
960		13335.43		0.9656		0.96731		0.91192		0.89552		0.93264		0.91371		0.82454
961		13336.93		0.96401		0.96608		0.89896		0.87745		0.92746		0.90176		0.79923
962		13338.31		0.9615		0.96395		0.89637		0.86256		0.94301		0.90099		0.79622
963		13339.8		0.96037		0.96311		0.89378		0.8619		0.93782		0.89826		0.79064
964		13341.07		0.95935		0.96258		0.89637		0.86957		0.93264		0.9		0.79484
965		13342.25		0.96001		0.96329		0.89896		0.88119		0.92228		0.90127		0.7988
966		13343.81		0.96117		0.96401		0.89637		0.87685		0.92228		0.89899		0.79381
967		13345.49		0.9617		0.96394		0.89637		0.86957		0.93264		0.9		0.79484
968		13347.35		0.96115		0.96301		0.89378		0.8619		0.93782		0.89826		0.79064
969		13349.18		0.96127		0.96294		0.90155		0.8673		0.94819		0.90594		0.80662
970		13350.99		0.9609		0.96314		0.89637		0.87317		0.92746		0.8995		0.79428
971		13352.26		0.95966		0.96183		0.89896		0.885		0.9171		0.90076		0.79845
972		13353.78		0.95823		0.96016		0.89637		0.8806		0.9171		0.89848		0.79343
973		13355.02		0.9575		0.95912		0.89119		0.87562		0.91192		0.8934		0.78306
974		13356.52		0.95788		0.95945		0.89119		0.8794		0.90674		0.89286		0.78276
975		13358.04		0.96012		0.96164		0.89119		0.86829		0.92228		0.89447		0.7839
976		13359.48		0.96192		0.96317		0.89637		0.87317		0.92746		0.8995		0.79428
977		13360.91		0.9627		0.96379		0.90415		0.88614		0.92746		0.90633		0.80917
978		13362.28		0.96298		0.96403		0.90415		0.88614		0.92746		0.90633		0.80917
979		13363.83		0.96166		0.96262		0.89378		0.86538		0.93264		0.89776		0.78995
980		13365.15		0.95891		0.9596		0.8886		0.85714		0.93264		0.8933		0.78023
981		13366.67		0.95726		0.95829		0.89378		0.86893		0.92746		0.89724		0.78936
982		13367.96		0.95721		0.95914		0.89378		0.88384		0.90674		0.89514		0.78783
983		13369.25		0.95597		0.95774		0.89378		0.87624		0.9171		0.8962		0.78842
984		13370.65		0.95627		0.9576		0.89378		0.87255		0.92228		0.89673		0.78885
985		13372.27		0.96188		0.96312		0.90415		0.89		0.92228		0.90585		0.80882
986		13373.63		0.96376		0.96462		0.89637		0.87685		0.92228		0.89899		0.79381
987		13374.97		0.96395		0.96383		0.89637		0.85915		0.94819		0.90148		0.79704
988		13376.31		0.96153		0.96179		0.88601		0.84977		0.93782		0.89163		0.7762
989		13377.72		0.95921		0.9606		0.89119		0.87192		0.9171		0.89394		0.78344
990		13379.25		0.9582		0.96007		0.8886		0.87879		0.90155		0.89003		0.77746
991		13380.6		0.9605		0.9623		0.89896		0.885		0.9171		0.90076		0.79845
992		13382.12		0.96286		0.96438		0.89896		0.87019		0.93782		0.90274		0.80035
993		13383.56		0.96373		0.96551		0.90155		0.8744		0.93782		0.905		0.80523
994		13385.08		0.96327		0.96532		0.90155		0.87805		0.93264		0.90452		0.80467
995		13386.64		0.96176		0.9641		0.90674		0.89055		0.92746		0.90863		0.81417
996		13388.11		0.96054		0.96309		0.90674		0.89055		0.92746		0.90863		0.81417
997		13389.5		0.9604		0.96254		0.90415		0.87864		0.93782		0.90727		0.81013
998		13391.12		0.96097		0.96251		0.8886		0.84722		0.94819		0.89487		0.78278
999		13392.57		0.96117		0.96277		0.89896		0.86667		0.94301		0.90323		0.80104
1000		13394.41		0.96019		0.96203		0.90155		0.88557		0.92228		0.90355		0.8038
fold: 9
Epoch		Time		AUC		AUPR		Accuracy		Precision		Recall		F1-score		Mcc
1		13397.69		0.79406		0.78751		0.62953		0.89062		0.29534		0.44358		0.3483
AUC improved at epoch  1 ;	best_auc: 0.7940615855459208
2		13399.35		0.80118		0.80725		0.71244		0.78472		0.58549		0.67062		0.43926
AUC improved at epoch  2 ;	best_auc: 0.8011758704931677
3		13400.75		0.80834		0.81299		0.72798		0.7619		0.66321		0.70914		0.45983
AUC improved at epoch  3 ;	best_auc: 0.8083438481569974
4		13402.0		0.80783		0.81148		0.73057		0.77301		0.65285		0.70787		0.46681
5		13403.28		0.807		0.81308		0.73316		0.77778		0.65285		0.70986		0.47246
6		13404.51		0.80923		0.81258		0.72021		0.75449		0.65285		0.7		0.44447
AUC improved at epoch  6 ;	best_auc: 0.8092297779806169
7		13405.72		0.80714		0.80619		0.72539		0.75439		0.66839		0.70879		0.45373
8		13407.03		0.80706		0.80563		0.72021		0.73743		0.68394		0.70968		0.44158
9		13408.64		0.80429		0.79706		0.71244		0.72283		0.68912		0.70557		0.42533
10		13410.37		0.80789		0.8004		0.71503		0.72432		0.6943		0.70899		0.43042
11		13412.84		0.81573		0.80775		0.73834		0.75275		0.70984		0.73067		0.47746
AUC improved at epoch  11 ;	best_auc: 0.8157265966871594
12		13414.07		0.82408		0.81262		0.76166		0.74634		0.79275		0.76884		0.52433
AUC improved at epoch  12 ;	best_auc: 0.8240758141158151
13		13415.25		0.82308		0.81413		0.76166		0.78212		0.72539		0.75269		0.5247
14		13416.53		0.82402		0.81301		0.74611		0.72727		0.78756		0.75622		0.49393
15		13417.81		0.8201		0.8057		0.71762		0.67647		0.8342		0.7471		0.44757
16		13419.16		0.81906		0.8042		0.74611		0.72727		0.78756		0.75622		0.49393
17		13420.44		0.82123		0.8062		0.74093		0.71628		0.79793		0.7549		0.48503
18		13422.0		0.82824		0.81056		0.73057		0.69264		0.82902		0.75472		0.47035
AUC improved at epoch  18 ;	best_auc: 0.8282369996509974
19		13423.42		0.83197		0.81433		0.75907		0.74752		0.78238		0.76456		0.5187
AUC improved at epoch  19 ;	best_auc: 0.8319686434535156
20		13425.13		0.83726		0.81887		0.76166		0.74396		0.79793		0.77		0.5247
AUC improved at epoch  20 ;	best_auc: 0.8372573760369406
21		13426.53		0.83911		0.82043		0.74352		0.70614		0.8342		0.76485		0.49526
AUC improved at epoch  21 ;	best_auc: 0.839109774759054
22		13427.92		0.84091		0.82109		0.76166		0.73709		0.81347		0.7734		0.52615
AUC improved at epoch  22 ;	best_auc: 0.8409084807645844
23		13429.43		0.84252		0.82059		0.77202		0.75362		0.80829		0.78		0.54548
AUC improved at epoch  23 ;	best_auc: 0.8425192622620741
24		13430.84		0.8437		0.82271		0.75907		0.72936		0.82383		0.77372		0.52254
AUC improved at epoch  24 ;	best_auc: 0.8437005020269
25		13432.15		0.84539		0.82492		0.75648		0.71806		0.84456		0.77619		0.5211
AUC improved at epoch  25 ;	best_auc: 0.8453918225992644
26		13433.49		0.84612		0.82759		0.75907		0.72727		0.82902		0.77482		0.52328
AUC improved at epoch  26 ;	best_auc: 0.8461166742731348
27		13435.12		0.84571		0.82886		0.75907		0.73364		0.81347		0.7715		0.52123
28		13436.4		0.84641		0.8284		0.76166		0.73709		0.81347		0.7734		0.52615
AUC improved at epoch  28 ;	best_auc: 0.8464119842143413
29		13437.71		0.84681		0.82816		0.75648		0.73239		0.80829		0.76847		0.51573
AUC improved at epoch  29 ;	best_auc: 0.8468146795887138
30		13439.11		0.84754		0.83106		0.7772		0.73778		0.8601		0.79426		0.56219
AUC improved at epoch  30 ;	best_auc: 0.8475395312625842
31		13440.8		0.84757		0.83085		0.76943		0.73636		0.83938		0.7845		0.54421
AUC improved at epoch  31 ;	best_auc: 0.8475663776208756
32		13442.33		0.84829		0.83058		0.76684		0.74408		0.81347		0.77723		0.53602
AUC improved at epoch  32 ;	best_auc: 0.8482912292947461
33		13443.78		0.8502		0.83455		0.77461		0.74537		0.8342		0.78729		0.55316
AUC improved at epoch  33 ;	best_auc: 0.8501973207334426
34		13445.3		0.85272		0.83754		0.75648		0.71064		0.86528		0.78037		0.52555
AUC improved at epoch  34 ;	best_auc: 0.8527208784128432
35		13446.7		0.85353		0.83997		0.76943		0.74762		0.81347		0.77916		0.54096
AUC improved at epoch  35 ;	best_auc: 0.8535262691615881
36		13449.01		0.85414		0.84155		0.77461		0.76238		0.79793		0.77975		0.54982
AUC improved at epoch  36 ;	best_auc: 0.8541437354022926
37		13450.73		0.85508		0.84284		0.76943		0.72609		0.86528		0.7896		0.54904
AUC improved at epoch  37 ;	best_auc: 0.8550833579424951
38		13452.37		0.85455		0.84231		0.78238		0.74222		0.86528		0.79904		0.57269
39		13453.66		0.85334		0.84211		0.76684		0.75122		0.79793		0.77387		0.53471
40		13454.78		0.85385		0.84585		0.78497		0.75		0.85492		0.79903		0.57561
41		13456.27		0.85366		0.84588		0.75648		0.70711		0.87565		0.78241		0.52817
42		13457.65		0.85355		0.84698		0.77202		0.74419		0.82902		0.78431		0.54761
43		13458.82		0.8542		0.84876		0.76166		0.74877		0.78756		0.76768		0.52402
44		13459.99		0.85366		0.84701		0.7772		0.7316		0.87565		0.79717		0.56547
45		13461.95		0.85369		0.84651		0.76943		0.72222		0.87565		0.79157		0.55145
46		13463.17		0.85812		0.85103		0.77979		0.75234		0.8342		0.79115		0.56293
AUC improved at epoch  46 ;	best_auc: 0.8581169964294344
47		13464.38		0.85978		0.853		0.7772		0.75117		0.82902		0.78818		0.55741
AUC improved at epoch  47 ;	best_auc: 0.8597814706435072
48		13465.83		0.85873		0.85314		0.77979		0.73478		0.87565		0.79905		0.57016
49		13467.29		0.85873		0.8541		0.78497		0.73707		0.88601		0.80471		0.58195
50		13468.92		0.86542		0.86095		0.79275		0.76279		0.84974		0.80392		0.58933
AUC improved at epoch  50 ;	best_auc: 0.8654192058847218
51		13470.7		0.87022		0.86598		0.79534		0.76389		0.85492		0.80685		0.59491
AUC improved at epoch  51 ;	best_auc: 0.8702247040188998
52		13471.9		0.87122		0.86553		0.79534		0.7395		0.91192		0.81671		0.60742
AUC improved at epoch  52 ;	best_auc: 0.8712180192756853
53		13473.54		0.87425		0.8687		0.79534		0.76887		0.84456		0.80494		0.59356
AUC improved at epoch  53 ;	best_auc: 0.8742516577626245
54		13475.2		0.87796		0.87204		0.79534		0.76887		0.84456		0.80494		0.59356
AUC improved at epoch  54 ;	best_auc: 0.8779564552068512
55		13476.61		0.879		0.87381		0.78756		0.73418		0.90155		0.8093		0.59068
AUC improved at epoch  55 ;	best_auc: 0.8790034631802196
56		13477.96		0.87455		0.87116		0.79275		0.76777		0.83938		0.80198		0.58806
57		13479.85		0.88056		0.87804		0.79793		0.75109		0.89119		0.81517		0.6065
AUC improved at epoch  57 ;	best_auc: 0.8805605519611264
58		13481.68		0.88682		0.88355		0.79275		0.73251		0.92228		0.81651		0.60619
AUC improved at epoch  58 ;	best_auc: 0.8868157534430455
59		13483.45		0.88628		0.88462		0.80311		0.80628		0.79793		0.80208		0.60625
60		13485.07		0.88896		0.88666		0.79793		0.74468		0.90674		0.81776		0.61049
AUC improved at epoch  60 ;	best_auc: 0.8889634621063652
61		13486.48		0.89213		0.89023		0.81347		0.7814		0.87047		0.82353		0.63106
AUC improved at epoch  61 ;	best_auc: 0.892131332384762
62		13487.7		0.89345		0.89499		0.81088		0.77523		0.87565		0.82238		0.62704
AUC improved at epoch  62 ;	best_auc: 0.8934468039410454
63		13489.46		0.8921		0.89372		0.8057		0.75877		0.89637		0.82185		0.62171
64		13491.26		0.90005		0.90268		0.81088		0.78037		0.86528		0.82064		0.62548
AUC improved at epoch  64 ;	best_auc: 0.9000510080807538
65		13492.75		0.90445		0.90802		0.82124		0.78972		0.87565		0.83047		0.64632
AUC improved at epoch  65 ;	best_auc: 0.9044538108405595
66		13494.64		0.90483		0.90862		0.81088		0.76786		0.89119		0.82494		0.62994
AUC improved at epoch  66 ;	best_auc: 0.9048296598566404
67		13495.91		0.90717		0.91327		0.8342		0.8209		0.85492		0.83756		0.66897
AUC improved at epoch  67 ;	best_auc: 0.9071652930280006
68		13497.25		0.90853		0.91456		0.79793		0.74468		0.90674		0.81776		0.61049
AUC improved at epoch  68 ;	best_auc: 0.908534457300867
69		13498.44		0.90129		0.90683		0.82902		0.8191		0.84456		0.83163		0.65835
70		13499.79		0.9095		0.91516		0.80829		0.75758		0.90674		0.82547		0.62889
AUC improved at epoch  70 ;	best_auc: 0.9095009261993611
71		13501.04		0.90845		0.91446		0.82642		0.79439		0.88083		0.83538		0.65675
72		13502.2		0.90781		0.91301		0.81865		0.79147		0.86528		0.82673		0.6401
73		13503.46		0.91331		0.91808		0.80311		0.74894		0.91192		0.82243		0.6211
AUC improved at epoch  73 ;	best_auc: 0.9133131090767538
74		13505.19		0.91573		0.92309		0.8342		0.81159		0.87047		0.84		0.67016
AUC improved at epoch  74 ;	best_auc: 0.9157292813229885
75		13507.12		0.91525		0.92095		0.80311		0.75107		0.90674		0.8216		0.61967
76		13508.92		0.90384		0.90846		0.81347		0.77626		0.88083		0.82524		0.63271
77		13510.9		0.91372		0.92051		0.81865		0.82199		0.81347		0.81771		0.63734
78		13512.61		0.92389		0.93058		0.81606		0.75847		0.92746		0.8345		0.64842
AUC improved at epoch  78 ;	best_auc: 0.9238905742436039
79		13514.34		0.92682		0.93363		0.82902		0.78475		0.90674		0.84135		0.66613
AUC improved at epoch  79 ;	best_auc: 0.9268168272973771
80		13516.01		0.92601		0.93093		0.84715		0.82843		0.87565		0.85139		0.69543
81		13517.79		0.92104		0.92472		0.82642		0.78378		0.90155		0.83855		0.66035
82		13519.02		0.92725		0.93249		0.84197		0.80841		0.89637		0.85012		0.68802
AUC improved at epoch  82 ;	best_auc: 0.9272463690300411
83		13521.09		0.92596		0.93196		0.8342		0.79452		0.90155		0.84466		0.67454
84		13522.45		0.92821		0.93438		0.83161		0.78829		0.90674		0.84337		0.67083
AUC improved at epoch  84 ;	best_auc: 0.9282128379285349
85		13523.66		0.92998		0.93516		0.83938		0.79638		0.91192		0.85024		0.68601
AUC improved at epoch  85 ;	best_auc: 0.9299846975757738
86		13525.02		0.92714		0.93172		0.84197		0.80556		0.90155		0.85086		0.68885
87		13526.38		0.93082		0.93569		0.84974		0.81395		0.90674		0.85784		0.70407
AUC improved at epoch  87 ;	best_auc: 0.9308169346828103
88		13528.38		0.93165		0.93752		0.84715		0.80455		0.9171		0.85714		0.7012
AUC improved at epoch  88 ;	best_auc: 0.9316491717898467
89		13529.71		0.92566		0.93101		0.83161		0.78829		0.90674		0.84337		0.67083
90		13530.95		0.92314		0.9291		0.8342		0.81463		0.86528		0.8392		0.66969
91		13532.5		0.92692		0.93169		0.82902		0.77253		0.93264		0.84507		0.67264
92		13534.3		0.93318		0.93938		0.85233		0.84		0.87047		0.85496		0.70513
AUC improved at epoch  92 ;	best_auc: 0.9331794142124621
93		13536.1		0.93503		0.94087		0.83679		0.79018		0.9171		0.84892		0.68244
AUC improved at epoch  93 ;	best_auc: 0.9350318129345755
94		13537.33		0.9339		0.93962		0.82383		0.77533		0.91192		0.8381		0.65796
95		13538.54		0.92907		0.93498		0.84715		0.83168		0.87047		0.85063		0.69506
96		13539.84		0.93165		0.93673		0.83161		0.79358		0.89637		0.84185		0.66885
97		13541.92		0.93605		0.94099		0.83938		0.79638		0.91192		0.85024		0.68601
AUC improved at epoch  97 ;	best_auc: 0.9360519745496524
98		13543.41		0.93747		0.94404		0.86528		0.85075		0.88601		0.86802		0.7312
AUC improved at epoch  98 ;	best_auc: 0.9374748315391016
99		13545.12		0.9356		0.94133		0.83679		0.79279		0.91192		0.84819		0.68131
100		13547.09		0.92913		0.93403		0.84715		0.80734		0.91192		0.85645		0.7002
101		13548.98		0.92862		0.93402		0.84715		0.835		0.86528		0.84987		0.69476
102		13550.8		0.9357		0.941		0.82642		0.77632		0.9171		0.84086		0.66386
103		13551.98		0.93619		0.94235		0.83679		0.79545		0.90674		0.84746		0.68026
104		13553.23		0.93433		0.94119		0.85492		0.8408		0.87565		0.85787		0.71046
105		13554.66		0.9353		0.94207		0.84197		0.7973		0.9171		0.85301		0.69179
106		13556.03		0.93629		0.94399		0.86269		0.83019		0.91192		0.86914		0.72893
107		13557.43		0.93535		0.94335		0.82902		0.79263		0.89119		0.83902		0.66318
108		13558.61		0.93313		0.93898		0.82902		0.78222		0.91192		0.84211		0.66727
109		13560.54		0.93449		0.93974		0.85751		0.845		0.87565		0.86005		0.7155
110		13562.58		0.94091		0.94743		0.8342		0.78414		0.92228		0.84762		0.67901
AUC improved at epoch  110 ;	best_auc: 0.9409111654004134
111		13563.95		0.93731		0.94539		0.85233		0.8301		0.88601		0.85714		0.70627
112		13565.17		0.93519		0.94273		0.85233		0.81776		0.90674		0.85995		0.70887
113		13566.39		0.94115		0.94809		0.84197		0.79204		0.92746		0.85442		0.69416
AUC improved at epoch  113 ;	best_auc: 0.9411527826250369
114		13568.34		0.9426		0.94966		0.87565		0.86802		0.88601		0.87692		0.75146
AUC improved at epoch  114 ;	best_auc: 0.9426024859727777
115		13569.68		0.94295		0.94956		0.83938		0.79372		0.9171		0.85096		0.68711
AUC improved at epoch  115 ;	best_auc: 0.9429514886305672
116		13571.53		0.93925		0.94584		0.8342		0.78414		0.92228		0.84762		0.67901
117		13573.13		0.9353		0.94218		0.85751		0.83495		0.89119		0.86216		0.71665
118		13574.37		0.94153		0.94838		0.84197		0.8		0.91192		0.8523		0.69073
119		13575.75		0.94564		0.95242		0.85751		0.82547		0.90674		0.8642		0.71852
AUC improved at epoch  119 ;	best_auc: 0.945636124459717
120		13577.16		0.94556		0.9524		0.85751		0.82243		0.91192		0.86486		0.7193
121		13578.87		0.94505		0.9509		0.85492		0.81279		0.92228		0.86408		0.71637
122		13580.76		0.94241		0.948		0.85751		0.83495		0.89119		0.86216		0.71665
123		13582.65		0.9419		0.94764		0.83679		0.79018		0.9171		0.84892		0.68244
124		13584.22		0.93858		0.94258		0.8601		0.83254		0.90155		0.86567		0.72269
125		13586.03		0.9433		0.94795		0.85751		0.82243		0.91192		0.86486		0.7193
126		13587.31		0.94588		0.95166		0.8601		0.82629		0.91192		0.867		0.72411
AUC improved at epoch  126 ;	best_auc: 0.9458777416843406
127		13588.79		0.94335		0.94967		0.8601		0.82938		0.90674		0.86634		0.72336
128		13590.03		0.93766		0.94492		0.84974		0.8169		0.90155		0.85714		0.70327
129		13591.19		0.93868		0.94604		0.82902		0.77974		0.9171		0.84286		0.66849
130		13592.41		0.94411		0.95113		0.88083		0.86935		0.89637		0.88265		0.76203
131		13594.55		0.94633		0.95313		0.85233		0.80909		0.92228		0.86199		0.71166
AUC improved at epoch  131 ;	best_auc: 0.9463341297752961
132		13596.24		0.9465		0.9523		0.8342		0.78414		0.92228		0.84762		0.67901
AUC improved at epoch  132 ;	best_auc: 0.9464952079250449
133		13598.28		0.94314		0.94963		0.85233		0.82692		0.89119		0.85786		0.7068
134		13599.94		0.94475		0.95169		0.85492		0.82464		0.90155		0.86139		0.71295
135		13601.21		0.9444		0.95186		0.83679		0.78261		0.93264		0.85106		0.6863
136		13602.61		0.94258		0.95115		0.8601		0.83254		0.90155		0.86567		0.72269
137		13603.75		0.94109		0.94842		0.85233		0.82075		0.90155		0.85926		0.7081
138		13604.95		0.94698		0.95414		0.84456		0.80365		0.91192		0.85437		0.69546
AUC improved at epoch  138 ;	best_auc: 0.946978442374292
139		13606.09		0.94827		0.95505		0.86788		0.84135		0.90674		0.87282		0.73798
AUC improved at epoch  139 ;	best_auc: 0.9482670675722839
140		13607.42		0.94684		0.95393		0.87306		0.84951		0.90674		0.87719		0.74781
141		13608.62		0.944		0.95189		0.84197		0.7973		0.9171		0.85301		0.69179
142		13610.52		0.94029		0.94863		0.85233		0.80631		0.92746		0.86265		0.71276
143		13611.88		0.93943		0.9479		0.84197		0.82039		0.87565		0.84712		0.68549
144		13613.17		0.94062		0.94836		0.84456		0.81517		0.89119		0.85149		0.69214
145		13614.93		0.94299		0.95027		0.84974		0.80269		0.92746		0.86058		0.70809
146		13616.8		0.94813		0.95623		0.85492		0.81279		0.92228		0.86408		0.71637
147		13618.51		0.95047		0.95919		0.85751		0.81944		0.9171		0.86553		0.72016
AUC improved at epoch  147 ;	best_auc: 0.9504684689521865
148		13620.24		0.94972		0.95851		0.85751		0.81651		0.92228		0.86618		0.7211
149		13621.69		0.9487		0.95752		0.84974		0.81106		0.91192		0.85854		0.70495
150		13623.02		0.94561		0.95455		0.85492		0.8216		0.90674		0.86207		0.71369
151		13624.63		0.94188		0.95033		0.85751		0.82547		0.90674		0.8642		0.71852
152		13626.44		0.94421		0.95231		0.84974		0.81395		0.90674		0.85784		0.70407
153		13628.24		0.94692		0.95498		0.84715		0.80734		0.91192		0.85645		0.7002
154		13629.82		0.94899		0.95671		0.85492		0.81279		0.92228		0.86408		0.71637
155		13630.97		0.94931		0.95704		0.84974		0.80822		0.9171		0.85922		0.70592
156		13632.29		0.94753		0.95546		0.84715		0.80455		0.9171		0.85714		0.7012
157		13634.31		0.94637		0.95414		0.83938		0.79372		0.9171		0.85096		0.68711
158		13635.76		0.94505		0.95351		0.83679		0.79279		0.91192		0.84819		0.68131
159		13636.92		0.94268		0.95188		0.84456		0.8093		0.90155		0.85294		0.69364
160		13638.28		0.94133		0.95031		0.8342		0.79452		0.90155		0.84466		0.67454
161		13639.86		0.94207		0.95064		0.83938		0.79372		0.9171		0.85096		0.68711
162		13641.67		0.94303		0.95082		0.84197		0.8		0.91192		0.8523		0.69073
163		13643.24		0.94409		0.95185		0.85233		0.81776		0.90674		0.85995		0.70887
164		13644.66		0.94462		0.95241		0.84715		0.81019		0.90674		0.85575		0.69928
165		13646.0		0.94561		0.95354		0.85492		0.8216		0.90674		0.86207		0.71369
166		13647.42		0.94515		0.95372		0.86269		0.83654		0.90155		0.86783		0.72759
167		13649.51		0.94403		0.95287		0.85751		0.82547		0.90674		0.8642		0.71852
168		13651.24		0.94505		0.95371		0.83679		0.79545		0.90674		0.84746		0.68026
169		13652.58		0.9479		0.95648		0.84715		0.80455		0.9171		0.85714		0.7012
170		13654.14		0.94911		0.95765		0.86269		0.8271		0.9171		0.86978		0.72972
171		13655.54		0.95035		0.95912		0.87306		0.84286		0.9171		0.87841		0.74903
172		13656.99		0.94977		0.95869		0.87306		0.83962		0.92228		0.87901		0.74976
173		13658.38		0.94702		0.95578		0.85492		0.8216		0.90674		0.86207		0.71369
174		13660.18		0.94394		0.95238		0.84974		0.81395		0.90674		0.85784		0.70407
175		13661.92		0.94054		0.94909		0.84715		0.81019		0.90674		0.85575		0.69928
176		13663.88		0.9391		0.94798		0.85233		0.81776		0.90674		0.85995		0.70887
177		13665.2		0.93965		0.94885		0.84974		0.81395		0.90674		0.85784		0.70407
178		13666.69		0.94146		0.95044		0.86269		0.8271		0.9171		0.86978		0.72972
179		13668.07		0.94292		0.95211		0.86269		0.8271		0.9171		0.86978		0.72972
180		13669.44		0.94454		0.9536		0.8601		0.82028		0.92228		0.86829		0.72584
181		13670.62		0.94553		0.95431		0.8601		0.82028		0.92228		0.86829		0.72584
182		13671.83		0.94494		0.95256		0.86269		0.82407		0.92228		0.87042		0.7306
183		13673.22		0.94495		0.95259		0.8601		0.82326		0.9171		0.86765		0.72493
184		13674.86		0.94546		0.9534		0.86269		0.82407		0.92228		0.87042		0.7306
185		13676.23		0.9477		0.95627		0.85233		0.80909		0.92228		0.86199		0.71166
186		13678.23		0.94839		0.95679		0.85492		0.81279		0.92228		0.86408		0.71637
187		13679.39		0.94886		0.95736		0.8601		0.82028		0.92228		0.86829		0.72584
188		13680.59		0.94844		0.9568		0.86528		0.82791		0.92228		0.87255		0.73536
189		13681.86		0.94652		0.95475		0.84715		0.81019		0.90674		0.85575		0.69928
190		13683.73		0.94564		0.95366		0.85751		0.82857		0.90155		0.86352		0.71782
191		13685.12		0.94697		0.95527		0.86269		0.83019		0.91192		0.86914		0.72893
192		13686.36		0.94671		0.95534		0.84974		0.81106		0.91192		0.85854		0.70495
193		13687.71		0.94799		0.95665		0.86528		0.82791		0.92228		0.87255		0.73536
194		13689.51		0.94863		0.95677		0.85751		0.81944		0.9171		0.86553		0.72016
195		13690.94		0.94545		0.95412		0.85492		0.81567		0.9171		0.86341		0.7154
196		13692.38		0.94192		0.95001		0.84974		0.81991		0.89637		0.85644		0.70254
197		13694.13		0.94152		0.94869		0.85233		0.82381		0.89637		0.85856		0.70741
198		13695.77		0.94338		0.95043		0.85492		0.8216		0.90674		0.86207		0.71369
199		13697.09		0.94617		0.95364		0.85751		0.81944		0.9171		0.86553		0.72016
200		13698.52		0.94948		0.95751		0.85233		0.81193		0.9171		0.86131		0.71065
201		13700.09		0.9511		0.95954		0.84974		0.80822		0.9171		0.85922		0.70592
AUC improved at epoch  201 ;	best_auc: 0.951099358372037
202		13701.55		0.95092		0.95973		0.8601		0.82326		0.9171		0.86765		0.72493
203		13703.12		0.94962		0.95882		0.86528		0.83412		0.91192		0.87129		0.73377
204		13704.98		0.94844		0.95788		0.8601		0.82629		0.91192		0.867		0.72411
205		13706.64		0.94776		0.95693		0.85233		0.81481		0.91192		0.86064		0.70972
206		13708.01		0.94721		0.95595		0.84197		0.8		0.91192		0.8523		0.69073
207		13709.5		0.9473		0.9556		0.85233		0.81481		0.91192		0.86064		0.70972
208		13710.79		0.94761		0.95586		0.85751		0.82243		0.91192		0.86486		0.7193
209		13712.07		0.94738		0.95561		0.8601		0.82629		0.91192		0.867		0.72411
210		13713.38		0.94835		0.95647		0.85751		0.82243		0.91192		0.86486		0.7193
211		13714.75		0.94946		0.95732		0.85492		0.81567		0.9171		0.86341		0.7154
212		13716.19		0.94903		0.95699		0.84974		0.81106		0.91192		0.85854		0.70495
213		13717.67		0.9476		0.95603		0.85233		0.81776		0.90674		0.85995		0.70887
214		13719.14		0.94757		0.95612		0.84456		0.8093		0.90155		0.85294		0.69364
215		13720.66		0.94631		0.95527		0.84197		0.8		0.91192		0.8523		0.69073
216		13722.1		0.946		0.95519		0.83679		0.79279		0.91192		0.84819		0.68131
217		13723.59		0.94752		0.9566		0.84974		0.80543		0.92228		0.8599		0.70696
218		13724.98		0.94852		0.9574		0.85492		0.81567		0.9171		0.86341		0.7154
219		13726.72		0.94986		0.95845		0.86269		0.83019		0.91192		0.86914		0.72893
220		13728.1		0.95007		0.95841		0.85492		0.8216		0.90674		0.86207		0.71369
221		13729.76		0.95		0.95798		0.85492		0.8216		0.90674		0.86207		0.71369
222		13731.12		0.94946		0.95726		0.85233		0.81481		0.91192		0.86064		0.70972
223		13732.51		0.94705		0.95502		0.85233		0.81481		0.91192		0.86064		0.70972
224		13734.04		0.94462		0.9532		0.84715		0.80734		0.91192		0.85645		0.7002
225		13735.45		0.94365		0.95261		0.84715		0.80734		0.91192		0.85645		0.7002
226		13737.02		0.94627		0.95533		0.84715		0.80734		0.91192		0.85645		0.7002
227		13738.33		0.94835		0.95722		0.85233		0.80909		0.92228		0.86199		0.71166
228		13739.73		0.94977		0.95846		0.84715		0.80455		0.9171		0.85714		0.7012
229		13741.13		0.95021		0.95883		0.85492		0.81567		0.9171		0.86341		0.7154
230		13742.41		0.94964		0.95829		0.86269		0.83019		0.91192		0.86914		0.72893
231		13743.86		0.94883		0.95738		0.86528		0.83412		0.91192		0.87129		0.73377
232		13745.42		0.94773		0.95625		0.8601		0.82629		0.91192		0.867		0.72411
233		13746.88		0.94679		0.95522		0.85233		0.81776		0.90674		0.85995		0.70887
234		13748.6		0.94612		0.95529		0.84715		0.81308		0.90155		0.85504		0.69845
235		13750.37		0.94709		0.95628		0.83938		0.79909		0.90674		0.84951		0.685
236		13751.73		0.94741		0.95657		0.84715		0.81019		0.90674		0.85575		0.69928
237		13753.14		0.94794		0.95687		0.84715		0.80734		0.91192		0.85645		0.7002
238		13754.38		0.94762		0.95647		0.84715		0.81019		0.90674		0.85575		0.69928
239		13755.75		0.9475		0.956		0.84456		0.80645		0.90674		0.85366		0.69451
240		13757.07		0.94748		0.95584		0.85492		0.8216		0.90674		0.86207		0.71369
241		13758.72		0.94781		0.95593		0.85492		0.82464		0.90155		0.86139		0.71295
242		13760.62		0.94746		0.95558		0.85492		0.82775		0.89637		0.8607		0.7123
243		13762.16		0.94817		0.95645		0.85233		0.82381		0.89637		0.85856		0.70741
244		13763.72		0.94854		0.95695		0.84715		0.81019		0.90674		0.85575		0.69928
245		13765.38		0.94954		0.95814		0.85233		0.81193		0.9171		0.86131		0.71065
246		13766.89		0.94954		0.95802		0.84715		0.80734		0.91192		0.85645		0.7002
247		13768.14		0.94888		0.95736		0.84197		0.7973		0.9171		0.85301		0.69179
248		13769.38		0.94698		0.95491		0.83938		0.79638		0.91192		0.85024		0.68601
249		13770.63		0.94654		0.95395		0.84715		0.80734		0.91192		0.85645		0.7002
250		13772.42		0.94692		0.95401		0.84715		0.81019		0.90674		0.85575		0.69928
251		13774.02		0.94746		0.95471		0.84715		0.81019		0.90674		0.85575		0.69928
252		13775.2		0.94867		0.95627		0.85492		0.8216		0.90674		0.86207		0.71369
253		13776.7		0.95046		0.95841		0.8601		0.82326		0.9171		0.86765		0.72493
254		13778.41		0.95174		0.96005		0.85751		0.81651		0.92228		0.86618		0.7211
AUC improved at epoch  254 ;	best_auc: 0.9517436709710327
255		13779.97		0.95079		0.95947		0.85751		0.81651		0.92228		0.86618		0.7211
256		13781.38		0.94876		0.95763		0.85751		0.82243		0.91192		0.86486		0.7193
257		13782.81		0.94662		0.95595		0.84974		0.81991		0.89637		0.85644		0.70254
258		13784.15		0.9456		0.95492		0.84715		0.81604		0.89637		0.85432		0.69769
259		13785.91		0.94499		0.95416		0.84197		0.80841		0.89637		0.85012		0.68802
260		13787.21		0.94574		0.95462		0.84456		0.80645		0.90674		0.85366		0.69451
261		13788.53		0.94619		0.95471		0.84456		0.80645		0.90674		0.85366		0.69451
262		13789.82		0.94643		0.95477		0.84715		0.81308		0.90155		0.85504		0.69845
263		13792.08		0.94682		0.95512		0.85233		0.82381		0.89637		0.85856		0.70741
264		13795.5		0.94768		0.95587		0.85492		0.82775		0.89637		0.8607		0.7123
265		13798.5		0.94914		0.95742		0.85492		0.8216		0.90674		0.86207		0.71369
266		13801.34		0.95028		0.95887		0.8601		0.82028		0.92228		0.86829		0.72584
267		13804.28		0.95056		0.95916		0.85751		0.81364		0.92746		0.86683		0.72213
268		13806.22		0.94996		0.95863		0.84974		0.8		0.93264		0.86124		0.7093
269		13808.93		0.94942		0.95815		0.84974		0.81106		0.91192		0.85854		0.70495
270		13811.31		0.94925		0.95782		0.84974		0.81395		0.90674		0.85784		0.70407
271		13814.49		0.94984		0.95816		0.85233		0.82075		0.90155		0.85926		0.7081
272		13818.76		0.95106		0.95923		0.84974		0.8169		0.90155		0.85714		0.70327
273		13819.96		0.95135		0.95936		0.85492		0.81567		0.9171		0.86341		0.7154
274		13821.12		0.95142		0.95939		0.84715		0.80734		0.91192		0.85645		0.7002
275		13822.31		0.95181		0.9601		0.85751		0.82547		0.90674		0.8642		0.71852
AUC improved at epoch  275 ;	best_auc: 0.9518107868667615
276		13823.69		0.95145		0.95998		0.86269		0.83654		0.90155		0.86783		0.72759
277		13824.95		0.95025		0.95895		0.86528		0.84058		0.90155		0.87		0.7325
278		13826.56		0.94945		0.95806		0.86269		0.83333		0.90674		0.86849		0.72822
279		13827.88		0.94835		0.95651		0.85233		0.81481		0.91192		0.86064		0.70972
280		13829.36		0.94758		0.95509		0.84974		0.80822		0.9171		0.85922		0.70592
281		13830.74		0.94794		0.95464		0.85492		0.8186		0.91192		0.86275		0.7145
282		13832.46		0.94674		0.95326		0.85492		0.82464		0.90155		0.86139		0.71295
283		13833.91		0.9471		0.95351		0.86269		0.83654		0.90155		0.86783		0.72759
284		13835.51		0.9479		0.95477		0.85751		0.82547		0.90674		0.8642		0.71852
285		13836.91		0.94867		0.95598		0.8601		0.82629		0.91192		0.867		0.72411
286		13838.93		0.9486		0.95617		0.85492		0.81567		0.9171		0.86341		0.7154
287		13840.44		0.94835		0.95592		0.84974		0.80543		0.92228		0.8599		0.70696
288		13842.06		0.94631		0.95412		0.84715		0.8018		0.92228		0.85783		0.70227
289		13843.86		0.94545		0.95346		0.83938		0.79638		0.91192		0.85024		0.68601
290		13845.26		0.9442		0.95248		0.8342		0.79186		0.90674		0.84541		0.67554
291		13846.52		0.94408		0.95218		0.8342		0.78924		0.91192		0.84615		0.67662
292		13848.57		0.94611		0.95399		0.84715		0.80734		0.91192		0.85645		0.7002
293		13849.91		0.94725		0.95511		0.86269		0.8271		0.9171		0.86978		0.72972
294		13851.4		0.94817		0.9565		0.86269		0.83019		0.91192		0.86914		0.72893
295		13853.04		0.94933		0.95756		0.86788		0.83491		0.9171		0.87407		0.73934
296		13854.62		0.95102		0.95903		0.86788		0.83491		0.9171		0.87407		0.73934
297		13855.84		0.95162		0.95936		0.85751		0.81364		0.92746		0.86683		0.72213
298		13857.55		0.952		0.95974		0.85233		0.80631		0.92746		0.86265		0.71276
AUC improved at epoch  298 ;	best_auc: 0.9519987113748021
299		13859.3		0.95097		0.95886		0.84974		0.80269		0.92746		0.86058		0.70809
300		13860.74		0.94964		0.95787		0.85751		0.81944		0.9171		0.86553		0.72016
301		13862.2		0.94808		0.95644		0.84974		0.81991		0.89637		0.85644		0.70254
302		13863.56		0.94641		0.95492		0.84456		0.81221		0.89637		0.85222		0.69285
303		13865.22		0.94561		0.95421		0.83938		0.80465		0.89637		0.84804		0.68321
304		13866.87		0.94601		0.9548		0.84197		0.8		0.91192		0.8523		0.69073
305		13868.27		0.94601		0.95499		0.84715		0.8018		0.92228		0.85783		0.70227
306		13869.52		0.9479		0.95718		0.84974		0.80822		0.9171		0.85922		0.70592
307		13871.26		0.9488		0.95824		0.86788		0.83491		0.9171		0.87407		0.73934
308		13873.49		0.94946		0.95897		0.87306		0.84615		0.91192		0.87781		0.74838
309		13875.22		0.94964		0.95895		0.88083		0.85854		0.91192		0.88442		0.76313
310		13876.92		0.95029		0.95925		0.86788		0.83491		0.9171		0.87407		0.73934
311		13878.69		0.95035		0.95902		0.85492		0.81279		0.92228		0.86408		0.71637
312		13880.76		0.94985		0.95848		0.84974		0.80543		0.92228		0.8599		0.70696
313		13881.96		0.94918		0.95763		0.84456		0.8009		0.9171		0.85507		0.69649
314		13883.1		0.94825		0.95661		0.84715		0.81019		0.90674		0.85575		0.69928
315		13884.25		0.94735		0.9557		0.84197		0.80841		0.89637		0.85012		0.68802
316		13885.56		0.9475		0.95592		0.84456		0.81221		0.89637		0.85222		0.69285
317		13886.76		0.9469		0.95532		0.84197		0.80841		0.89637		0.85012		0.68802
318		13888.3		0.94734		0.95597		0.84456		0.80645		0.90674		0.85366		0.69451
319		13890.07		0.94876		0.95712		0.85233		0.81481		0.91192		0.86064		0.70972
320		13892.16		0.94921		0.95708		0.85751		0.81944		0.9171		0.86553		0.72016
321		13893.66		0.94973		0.95732		0.86788		0.83491		0.9171		0.87407		0.73934
322		13894.99		0.94972		0.9572		0.87047		0.83886		0.9171		0.87624		0.74418
323		13896.25		0.94953		0.95713		0.86788		0.83491		0.9171		0.87407		0.73934
324		13897.41		0.94856		0.95607		0.86528		0.83099		0.9171		0.87192		0.73452
325		13898.76		0.94801		0.95552		0.8601		0.82629		0.91192		0.867		0.72411
326		13899.99		0.94786		0.95604		0.85751		0.82243		0.91192		0.86486		0.7193
327		13901.39		0.9489		0.95734		0.8601		0.82326		0.9171		0.86765		0.72493
328		13903.12		0.94907		0.95773		0.86528		0.83099		0.9171		0.87192		0.73452
329		13904.79		0.94899		0.95777		0.86269		0.8271		0.9171		0.86978		0.72972
330		13906.15		0.94819		0.95705		0.86269		0.82407		0.92228		0.87042		0.7306
331		13907.82		0.94727		0.95601		0.84974		0.80822		0.9171		0.85922		0.70592
332		13909.39		0.94639		0.95477		0.84456		0.8009		0.9171		0.85507		0.69649
333		13911.23		0.94604		0.95412		0.84715		0.80734		0.91192		0.85645		0.7002
334		13912.93		0.94561		0.95308		0.84715		0.81019		0.90674		0.85575		0.69928
335		13914.39		0.94483		0.9519		0.84456		0.80645		0.90674		0.85366		0.69451
336		13915.9		0.94529		0.9524		0.84715		0.81019		0.90674		0.85575		0.69928
337		13917.61		0.94662		0.95404		0.84715		0.81308		0.90155		0.85504		0.69845
338		13919.0		0.94745		0.95515		0.84456		0.81221		0.89637		0.85222		0.69285
339		13920.29		0.94876		0.95702		0.85233		0.81776		0.90674		0.85995		0.70887
340		13921.9		0.94958		0.9582		0.84974		0.81395		0.90674		0.85784		0.70407
341		13923.41		0.95019		0.9589		0.85233		0.81481		0.91192		0.86064		0.70972
342		13925.3		0.9516		0.9605		0.85751		0.82243		0.91192		0.86486		0.7193
343		13926.99		0.9517		0.96092		0.85492		0.82464		0.90155		0.86139		0.71295
344		13928.93		0.9528		0.96208		0.85233		0.81776		0.90674		0.85995		0.70887
AUC improved at epoch  344 ;	best_auc: 0.9528041021235469
345		13930.27		0.95305		0.96201		0.85492		0.8186		0.91192		0.86275		0.7145
AUC improved at epoch  345 ;	best_auc: 0.9530457193481705
346		13931.66		0.9526		0.9612		0.85233		0.81481		0.91192		0.86064		0.70972
347		13932.84		0.95173		0.96023		0.85492		0.8186		0.91192		0.86275		0.7145
348		13934.12		0.95129		0.95951		0.86788		0.8381		0.91192		0.87345		0.73862
349		13935.36		0.95113		0.95907		0.87306		0.84615		0.91192		0.87781		0.74838
350		13936.95		0.95142		0.95917		0.87565		0.84689		0.9171		0.8806		0.75389
351		13938.18		0.95169		0.95924		0.87047		0.83256		0.92746		0.87745		0.74579
352		13939.84		0.95213		0.96002		0.86528		0.82791		0.92228		0.87255		0.73536
353		13941.18		0.95182		0.95997		0.86788		0.83178		0.92228		0.87469		0.74015
354		13942.84		0.95109		0.95934		0.86528		0.83732		0.90674		0.87065		0.73309
355		13944.44		0.95033		0.95826		0.86269		0.83333		0.90674		0.86849		0.72822
356		13946.16		0.95		0.95746		0.85492		0.8186		0.91192		0.86275		0.7145
357		13947.83		0.94848		0.95599		0.83938		0.79372		0.9171		0.85096		0.68711
358		13949.56		0.94934		0.95736		0.84456		0.80645		0.90674		0.85366		0.69451
359		13950.93		0.94958		0.95805		0.86528		0.84058		0.90155		0.87		0.7325
360		13952.14		0.95111		0.95988		0.87047		0.84878		0.90155		0.87437		0.74237
361		13953.74		0.95254		0.961		0.87565		0.85024		0.91192		0.88		0.75328
362		13954.96		0.95376		0.96131		0.8601		0.81735		0.92746		0.86893		0.72683
AUC improved at epoch  362 ;	best_auc: 0.9537571478428951
363		13956.14		0.95306		0.95997		0.85751		0.81081		0.93264		0.86747		0.72324
364		13957.65		0.95209		0.95918		0.87565		0.85024		0.91192		0.88		0.75328
365		13959.67		0.94977		0.95691		0.87565		0.85366		0.90674		0.8794		0.75275
366		13961.93		0.94786		0.95517		0.85751		0.82547		0.90674		0.8642		0.71852
367		13963.71		0.946		0.95362		0.84715		0.81019		0.90674		0.85575		0.69928
368		13965.11		0.94392		0.95087		0.84456		0.8009		0.9171		0.85507		0.69649
369		13966.25		0.94458		0.95217		0.84197		0.80556		0.90155		0.85086		0.68885
370		13967.42		0.94569		0.95348		0.85492		0.8216		0.90674		0.86207		0.71369
371		13968.67		0.94718		0.95523		0.8601		0.82938		0.90674		0.86634		0.72336
372		13969.86		0.94746		0.95521		0.84715		0.80455		0.9171		0.85714		0.7012
373		13971.17		0.9468		0.95467		0.83679		0.79279		0.91192		0.84819		0.68131
374		13972.66		0.94635		0.95493		0.84197		0.8		0.91192		0.8523		0.69073
375		13974.73		0.94715		0.95588		0.85492		0.8216		0.90674		0.86207		0.71369
376		13976.42		0.94811		0.95678		0.8601		0.83575		0.89637		0.865		0.72211
377		13978.06		0.94915		0.95783		0.8601		0.83902		0.89119		0.86432		0.7216
378		13979.83		0.94985		0.95817		0.8601		0.82938		0.90674		0.86634		0.72336
379		13981.27		0.95154		0.95949		0.85233		0.81193		0.9171		0.86131		0.71065
380		13982.54		0.9518		0.95956		0.84974		0.80822		0.9171		0.85922		0.70592
381		13983.89		0.95064		0.95835		0.8601		0.82326		0.9171		0.86765		0.72493
382		13985.88		0.94902		0.95632		0.86788		0.84135		0.90674		0.87282		0.73798
383		13987.79		0.94888		0.95606		0.87306		0.85294		0.90155		0.87657		0.74733
384		13989.26		0.94905		0.95641		0.86788		0.84466		0.90155		0.87218		0.73743
385		13990.5		0.9499		0.95762		0.85233		0.81776		0.90674		0.85995		0.70887
386		13992.02		0.95107		0.95909		0.84974		0.81106		0.91192		0.85854		0.70495
387		13993.67		0.95051		0.95855		0.84456		0.80365		0.91192		0.85437		0.69546
388		13995.37		0.94996		0.95804		0.84197		0.80275		0.90674		0.85158		0.68975
389		13996.72		0.94875		0.95699		0.85233		0.81776		0.90674		0.85995		0.70887
390		13998.25		0.94823		0.95632		0.85751		0.82857		0.90155		0.86352		0.71782
391		13999.83		0.9489		0.95699		0.85233		0.82075		0.90155		0.85926		0.7081
392		14001.6		0.94794		0.95601		0.84456		0.8093		0.90155		0.85294		0.69364
393		14003.04		0.94662		0.95509		0.84715		0.80734		0.91192		0.85645		0.7002
394		14004.47		0.94538		0.95395		0.85492		0.8186		0.91192		0.86275		0.7145
395		14006.19		0.9469		0.95567		0.8601		0.82938		0.90674		0.86634		0.72336
396		14007.76		0.94911		0.95796		0.86528		0.83732		0.90674		0.87065		0.73309
397		14009.18		0.95168		0.96025		0.87306		0.84615		0.91192		0.87781		0.74838
398		14010.71		0.95186		0.95995		0.86269		0.83019		0.91192		0.86914		0.72893
399		14012.69		0.95176		0.95945		0.85751		0.82243		0.91192		0.86486		0.7193
400		14014.06		0.95168		0.95917		0.85233		0.81481		0.91192		0.86064		0.70972
401		14016.56		0.95121		0.95852		0.85751		0.82547		0.90674		0.8642		0.71852
402		14017.97		0.95058		0.95752		0.85751		0.82547		0.90674		0.8642		0.71852
403		14019.26		0.94966		0.95656		0.85492		0.82775		0.89637		0.8607		0.7123
404		14020.39		0.94931		0.9564		0.85751		0.82857		0.90155		0.86352		0.71782
405		14021.6		0.95013		0.95754		0.85492		0.82464		0.90155		0.86139		0.71295
406		14022.79		0.94958		0.95725		0.85492		0.82464		0.90155		0.86139		0.71295
407		14024.04		0.95005		0.95785		0.85751		0.82547		0.90674		0.8642		0.71852
408		14025.25		0.95009		0.95771		0.84974		0.81106		0.91192		0.85854		0.70495
409		14026.64		0.95088		0.95831		0.85492		0.8216		0.90674		0.86207		0.71369
410		14028.34		0.95097		0.95803		0.8601		0.82629		0.91192		0.867		0.72411
411		14030.28		0.95072		0.95765		0.86528		0.83412		0.91192		0.87129		0.73377
412		14032.03		0.94984		0.95667		0.86788		0.8381		0.91192		0.87345		0.73862
413		14033.32		0.94927		0.95563		0.86528		0.83732		0.90674		0.87065		0.73309
414		14034.67		0.94965		0.95591		0.8601		0.83254		0.90155		0.86567		0.72269
415		14035.83		0.94986		0.95637		0.8601		0.82938		0.90674		0.86634		0.72336
416		14037.32		0.9495		0.95632		0.8601		0.82326		0.9171		0.86765		0.72493
417		14038.67		0.94878		0.95605		0.85751		0.81944		0.9171		0.86553		0.72016
418		14040.3		0.94977		0.9577		0.85492		0.8186		0.91192		0.86275		0.7145
419		14041.92		0.95037		0.95895		0.86269		0.83654		0.90155		0.86783		0.72759
420		14043.92		0.94999		0.95901		0.86528		0.84058		0.90155		0.87		0.7325
421		14045.98		0.95		0.95882		0.86269		0.83333		0.90674		0.86849		0.72822
422		14047.89		0.94909		0.95769		0.86269		0.83019		0.91192		0.86914		0.72893
423		14049.86		0.94859		0.95692		0.85492		0.8186		0.91192		0.86275		0.7145
424		14051.2		0.9488		0.95666		0.86528		0.82791		0.92228		0.87255		0.73536
425		14052.5		0.94941		0.95749		0.85492		0.80995		0.92746		0.86473		0.71743
426		14053.71		0.94943		0.95751		0.85233		0.81776		0.90674		0.85995		0.70887
427		14054.89		0.94992		0.95831		0.86788		0.84135		0.90674		0.87282		0.73798
428		14056.05		0.94961		0.95788		0.8601		0.83575		0.89637		0.865		0.72211
429		14057.89		0.94935		0.95741		0.85233		0.83333		0.88083		0.85642		0.70581
430		14059.24		0.94843		0.95625		0.84456		0.81818		0.88601		0.85075		0.6915
431		14060.44		0.94929		0.95686		0.84974		0.81106		0.91192		0.85854		0.70495
432		14061.85		0.94878		0.95618		0.84197		0.8		0.91192		0.8523		0.69073
433		14063.86		0.94852		0.956		0.84197		0.8		0.91192		0.8523		0.69073
434		14065.18		0.94917		0.95651		0.84974		0.81106		0.91192		0.85854		0.70495
435		14066.36		0.95023		0.95808		0.85233		0.81481		0.91192		0.86064		0.70972
436		14067.58		0.95005		0.95808		0.85492		0.8216		0.90674		0.86207		0.71369
437		14068.92		0.94996		0.95781		0.85233		0.82075		0.90155		0.85926		0.7081
438		14070.61		0.94938		0.95735		0.84974		0.81106		0.91192		0.85854		0.70495
439		14071.94		0.94821		0.95629		0.84715		0.81019		0.90674		0.85575		0.69928
440		14073.54		0.94805		0.95607		0.84974		0.8169		0.90155		0.85714		0.70327
441		14075.3		0.94761		0.95566		0.84974		0.8169		0.90155		0.85714		0.70327
442		14076.59		0.94887		0.95661		0.84974		0.8169		0.90155		0.85714		0.70327
443		14078.03		0.94958		0.95721		0.84974		0.81106		0.91192		0.85854		0.70495
444		14079.41		0.95058		0.95817		0.86528		0.83412		0.91192		0.87129		0.73377
445		14080.87		0.95142		0.95887		0.87565		0.85024		0.91192		0.88		0.75328
446		14082.19		0.95033		0.95764		0.87565		0.84689		0.9171		0.8806		0.75389
447		14083.7		0.95021		0.9573		0.88083		0.84834		0.92746		0.88614		0.76499
448		14085.08		0.94918		0.95597		0.87047		0.83886		0.9171		0.87624		0.74418
449		14086.44		0.948		0.95436		0.87047		0.83568		0.92228		0.87685		0.74494
450		14087.81		0.94725		0.95389		0.85751		0.81364		0.92746		0.86683		0.72213
451		14089.36		0.94769		0.95499		0.84974		0.81106		0.91192		0.85854		0.70495
452		14091.2		0.94878		0.95674		0.84974		0.81395		0.90674		0.85784		0.70407
453		14092.97		0.95047		0.95874		0.86269		0.83019		0.91192		0.86914		0.72893
454		14094.93		0.9513		0.95944		0.86269		0.8271		0.9171		0.86978		0.72972
455		14096.56		0.95092		0.95885		0.85492		0.81567		0.9171		0.86341		0.7154
456		14098.02		0.94921		0.95689		0.85492		0.81567		0.9171		0.86341		0.7154
457		14099.2		0.94817		0.95543		0.85233		0.81193		0.9171		0.86131		0.71065
458		14100.33		0.94658		0.95386		0.86269		0.83333		0.90674		0.86849		0.72822
459		14102.21		0.94556		0.95287		0.85751		0.82857		0.90155		0.86352		0.71782
460		14103.48		0.94659		0.95415		0.86269		0.83981		0.89637		0.86717		0.72704
461		14104.8		0.94766		0.95548		0.86528		0.84058		0.90155		0.87		0.7325
462		14105.92		0.94862		0.95644		0.86269		0.83333		0.90674		0.86849		0.72822
463		14107.06		0.94925		0.95714		0.86788		0.83178		0.92228		0.87469		0.74015
464		14108.37		0.94933		0.95731		0.85492		0.8216		0.90674		0.86207		0.71369
465		14110.34		0.94886		0.95684		0.85751		0.82547		0.90674		0.8642		0.71852
466		14111.56		0.94817		0.95577		0.86269		0.83333		0.90674		0.86849		0.72822
467		14113.27		0.94817		0.95564		0.8601		0.83254		0.90155		0.86567		0.72269
468		14114.92		0.94941		0.95688		0.8601		0.83254		0.90155		0.86567		0.72269
469		14116.33		0.95016		0.95765		0.86269		0.83333		0.90674		0.86849		0.72822
470		14117.75		0.95043		0.95834		0.87047		0.83886		0.9171		0.87624		0.74418
471		14119.45		0.95031		0.95817		0.87047		0.83886		0.9171		0.87624		0.74418
472		14121.15		0.94985		0.95775		0.86788		0.83491		0.9171		0.87407		0.73934
473		14122.97		0.94923		0.95688		0.86528		0.83412		0.91192		0.87129		0.73377
474		14124.9		0.94839		0.95597		0.8601		0.82326		0.9171		0.86765		0.72493
475		14127.13		0.94807		0.95617		0.86269		0.82407		0.92228		0.87042		0.7306
476		14128.41		0.94866		0.95693		0.85492		0.8186		0.91192		0.86275		0.7145
477		14129.72		0.94974		0.95799		0.85233		0.81481		0.91192		0.86064		0.70972
478		14130.85		0.95023		0.95855		0.84456		0.8093		0.90155		0.85294		0.69364
479		14132.01		0.95029		0.95841		0.84456		0.80645		0.90674		0.85366		0.69451
480		14133.15		0.95059		0.95899		0.84715		0.81019		0.90674		0.85575		0.69928
481		14134.5		0.95039		0.95892		0.85233		0.81481		0.91192		0.86064		0.70972
482		14135.73		0.95068		0.95936		0.85233		0.81481		0.91192		0.86064		0.70972
483		14137.13		0.94988		0.95882		0.85233		0.81481		0.91192		0.86064		0.70972
484		14138.97		0.94875		0.95779		0.85233		0.81776		0.90674		0.85995		0.70887
485		14140.68		0.94756		0.95628		0.85233		0.81776		0.90674		0.85995		0.70887
486		14142.61		0.94809		0.95658		0.84197		0.80841		0.89637		0.85012		0.68802
487		14144.18		0.94757		0.95604		0.84715		0.81604		0.89637		0.85432		0.69769
488		14145.55		0.94792		0.95609		0.85751		0.82547		0.90674		0.8642		0.71852
489		14146.93		0.94954		0.95738		0.85751		0.82243		0.91192		0.86486		0.7193
490		14148.69		0.95067		0.95813		0.84974		0.80822		0.9171		0.85922		0.70592
491		14150.44		0.9513		0.95829		0.85492		0.81279		0.92228		0.86408		0.71637
492		14151.72		0.95066		0.9577		0.85233		0.81776		0.90674		0.85995		0.70887
493		14153.08		0.94997		0.95682		0.86788		0.84466		0.90155		0.87218		0.73743
494		14154.36		0.94943		0.95646		0.87824		0.85784		0.90674		0.88161		0.75771
495		14155.96		0.94892		0.95572		0.87047		0.83886		0.9171		0.87624		0.74418
496		14157.38		0.9487		0.95551		0.84715		0.79646		0.93264		0.85919		0.70468
497		14158.74		0.94966		0.95654		0.86788		0.8381		0.91192		0.87345		0.73862
498		14160.37		0.95029		0.95765		0.86269		0.83333		0.90674		0.86849		0.72822
499		14161.92		0.95135		0.9584		0.8601		0.82629		0.91192		0.867		0.72411
500		14163.39		0.95142		0.95851		0.85492		0.81279		0.92228		0.86408		0.71637
501		14164.76		0.94981		0.95659		0.86269		0.82407		0.92228		0.87042		0.7306
502		14166.2		0.94927		0.95626		0.86528		0.8439		0.89637		0.86935		0.73199
503		14167.58		0.94937		0.95687		0.86788		0.84804		0.89637		0.87154		0.73695
504		14169.28		0.95015		0.95783		0.86528		0.83732		0.90674		0.87065		0.73309
505		14170.68		0.95063		0.95807		0.8601		0.82629		0.91192		0.867		0.72411
506		14172.64		0.9513		0.95912		0.85233		0.81481		0.91192		0.86064		0.70972
507		14174.33		0.95024		0.95757		0.85751		0.82547		0.90674		0.8642		0.71852
508		14175.69		0.94797		0.95482		0.85751		0.82857		0.90155		0.86352		0.71782
509		14176.87		0.94777		0.9539		0.85233		0.81776		0.90674		0.85995		0.70887
510		14178.04		0.94737		0.95393		0.85492		0.80995		0.92746		0.86473		0.71743
511		14179.24		0.9505		0.95784		0.86269		0.8211		0.92746		0.87105		0.73155
512		14180.51		0.95154		0.95967		0.85492		0.8216		0.90674		0.86207		0.71369
513		14181.84		0.95138		0.95962		0.85492		0.81279		0.92228		0.86408		0.71637
514		14183.3		0.9499		0.95789		0.85233		0.81776		0.90674		0.85995		0.70887
515		14185.16		0.9467		0.9544		0.85751		0.82547		0.90674		0.8642		0.71852
516		14186.51		0.94553		0.95209		0.84974		0.8169		0.90155		0.85714		0.70327
517		14188.35		0.94554		0.95241		0.85492		0.82464		0.90155		0.86139		0.71295
518		14189.97		0.9457		0.95289		0.87047		0.85572		0.89119		0.8731		0.74157
519		14191.76		0.94703		0.95465		0.86269		0.84314		0.89119		0.8665		0.72657
520		14192.91		0.95031		0.95821		0.85751		0.83173		0.89637		0.86284		0.7172
521		14194.2		0.95189		0.95972		0.86788		0.8381		0.91192		0.87345		0.73862
522		14195.46		0.95262		0.9604		0.86269		0.83019		0.91192		0.86914		0.72893
523		14197.44		0.95314		0.96103		0.86528		0.82791		0.92228		0.87255		0.73536
524		14198.6		0.95267		0.96063		0.86528		0.83412		0.91192		0.87129		0.73377
525		14199.78		0.95291		0.96071		0.85751		0.83495		0.89119		0.86216		0.71665
526		14201.84		0.95236		0.96		0.85751		0.82243		0.91192		0.86486		0.7193
527		14203.5		0.95119		0.95863		0.85751		0.81364		0.92746		0.86683		0.72213
528		14205.36		0.95051		0.95817		0.86269		0.83019		0.91192		0.86914		0.72893
529		14206.78		0.94973		0.95718		0.86528		0.83732		0.90674		0.87065		0.73309
530		14208.25		0.94841		0.95536		0.87565		0.85714		0.90155		0.87879		0.75231
531		14210.24		0.94731		0.95355		0.86269		0.83981		0.89637		0.86717		0.72704
532		14211.42		0.94847		0.95529		0.85751		0.81944		0.9171		0.86553		0.72016
533		14212.57		0.94964		0.95749		0.84715		0.81019		0.90674		0.85575		0.69928
534		14213.77		0.94788		0.95586		0.85492		0.8216		0.90674		0.86207		0.71369
535		14215.03		0.94735		0.9555		0.86269		0.83654		0.90155		0.86783		0.72759
536		14216.25		0.94992		0.95785		0.86269		0.83654		0.90155		0.86783		0.72759
537		14218.27		0.95165		0.95934		0.86788		0.84466		0.90155		0.87218		0.73743
538		14220.34		0.95221		0.95984		0.87047		0.84878		0.90155		0.87437		0.74237
539		14221.77		0.95254		0.9598		0.87565		0.85366		0.90674		0.8794		0.75275
540		14223.25		0.95393		0.96131		0.86788		0.83178		0.92228		0.87469		0.74015
AUC improved at epoch  540 ;	best_auc: 0.9539316491717899
541		14224.66		0.95318		0.96055		0.8601		0.82629		0.91192		0.867		0.72411
542		14226.11		0.95177		0.95943		0.8601		0.83254		0.90155		0.86567		0.72269
543		14227.58		0.95001		0.95745		0.85492		0.82464		0.90155		0.86139		0.71295
544		14229.0		0.94958		0.95704		0.85233		0.82075		0.90155		0.85926		0.7081
545		14230.34		0.9495		0.95692		0.84715		0.81308		0.90155		0.85504		0.69845
546		14231.89		0.9488		0.95608		0.84456		0.8093		0.90155		0.85294		0.69364
547		14233.46		0.94966		0.95713		0.84715		0.81308		0.90155		0.85504		0.69845
548		14234.94		0.95063		0.95818		0.84974		0.81991		0.89637		0.85644		0.70254
549		14236.23		0.95129		0.95888		0.84974		0.8169		0.90155		0.85714		0.70327
550		14237.61		0.9506		0.95792		0.84974		0.8169		0.90155		0.85714		0.70327
551		14239.14		0.94965		0.95676		0.86269		0.83333		0.90674		0.86849		0.72822
552		14240.51		0.9493		0.95646		0.85751		0.82857		0.90155		0.86352		0.71782
553		14242.16		0.94829		0.95533		0.85492		0.82464		0.90155		0.86139		0.71295
554		14243.44		0.94655		0.9541		0.85492		0.82464		0.90155		0.86139		0.71295
555		14244.73		0.9457		0.95351		0.85233		0.81776		0.90674		0.85995		0.70887
556		14246.22		0.94609		0.9543		0.84974		0.8169		0.90155		0.85714		0.70327
557		14247.64		0.94772		0.95619		0.84715		0.81604		0.89637		0.85432		0.69769
558		14249.32		0.94973		0.95808		0.84974		0.82297		0.89119		0.85572		0.7019
559		14251.26		0.95146		0.95947		0.85751		0.83495		0.89119		0.86216		0.71665
560		14253.21		0.95173		0.95959		0.85751		0.83173		0.89637		0.86284		0.7172
561		14254.78		0.95195		0.9597		0.85233		0.82075		0.90155		0.85926		0.7081
562		14255.96		0.95148		0.95915		0.85492		0.82464		0.90155		0.86139		0.71295
563		14257.29		0.9508		0.95847		0.85492		0.82464		0.90155		0.86139		0.71295
564		14258.61		0.95033		0.95823		0.85751		0.82857		0.90155		0.86352		0.71782
565		14260.13		0.94945		0.95744		0.85751		0.83173		0.89637		0.86284		0.7172
566		14261.94		0.94931		0.95721		0.85751		0.82857		0.90155		0.86352		0.71782
567		14263.33		0.94854		0.95645		0.85751		0.82547		0.90674		0.8642		0.71852
568		14264.5		0.94743		0.9551		0.85233		0.81776		0.90674		0.85995		0.70887
569		14265.99		0.94697		0.95387		0.85233		0.81193		0.9171		0.86131		0.71065
570		14267.53		0.94619		0.95294		0.84715		0.80734		0.91192		0.85645		0.7002
571		14269.35		0.94813		0.9549		0.85751		0.82547		0.90674		0.8642		0.71852
572		14270.83		0.94949		0.95632		0.85751		0.82857		0.90155		0.86352		0.71782
573		14272.23		0.95013		0.95727		0.8601		0.83902		0.89119		0.86432		0.7216
574		14273.98		0.95109		0.95824		0.85751		0.83173		0.89637		0.86284		0.7172
575		14275.8		0.95156		0.95855		0.85492		0.82464		0.90155		0.86139		0.71295
576		14277.35		0.9522		0.9592		0.84974		0.80822		0.9171		0.85922		0.70592
577		14278.63		0.95192		0.95917		0.84974		0.80822		0.9171		0.85922		0.70592
578		14280.37		0.95111		0.95858		0.8601		0.82938		0.90674		0.86634		0.72336
579		14281.97		0.94988		0.95776		0.8601		0.83575		0.89637		0.865		0.72211
580		14283.88		0.94929		0.95707		0.86788		0.85149		0.89119		0.87089		0.73655
581		14285.27		0.94872		0.95619		0.85751		0.83495		0.89119		0.86216		0.71665
582		14286.88		0.94847		0.95584		0.85751		0.82857		0.90155		0.86352		0.71782
583		14288.4		0.94785		0.9555		0.85492		0.8216		0.90674		0.86207		0.71369
584		14289.75		0.94792		0.95556		0.85233		0.81776		0.90674		0.85995		0.70887
585		14291.14		0.94848		0.9559		0.85233		0.82381		0.89637		0.85856		0.70741
586		14293.11		0.94836		0.95602		0.85751		0.83173		0.89637		0.86284		0.7172
587		14294.75		0.94921		0.95695		0.85233		0.82381		0.89637		0.85856		0.70741
588		14296.83		0.95064		0.95859		0.85492		0.8216		0.90674		0.86207		0.71369
589		14298.51		0.95118		0.95924		0.8601		0.82028		0.92228		0.86829		0.72584
590		14299.89		0.95125		0.95908		0.85751		0.82857		0.90155		0.86352		0.71782
591		14301.16		0.95016		0.95797		0.86269		0.83654		0.90155		0.86783		0.72759
592		14302.54		0.94931		0.95683		0.86269		0.84314		0.89119		0.8665		0.72657
593		14303.75		0.94836		0.9552		0.85751		0.83173		0.89637		0.86284		0.7172
594		14305.0		0.94739		0.95343		0.85233		0.81481		0.91192		0.86064		0.70972
595		14306.2		0.94643		0.95248		0.84715		0.81019		0.90674		0.85575		0.69928
596		14307.55		0.94672		0.95343		0.85492		0.8216		0.90674		0.86207		0.71369
597		14308.85		0.94862		0.95597		0.8601		0.82938		0.90674		0.86634		0.72336
598		14310.87		0.94875		0.95625		0.85751		0.82547		0.90674		0.8642		0.71852
599		14312.49		0.94978		0.9573		0.85751		0.82547		0.90674		0.8642		0.71852
600		14315.06		0.94969		0.95729		0.85233		0.81481		0.91192		0.86064		0.70972
601		14316.44		0.9493		0.95675		0.85751		0.82857		0.90155		0.86352		0.71782
602		14317.84		0.94843		0.95607		0.85751		0.83824		0.88601		0.86146		0.71619
603		14319.58		0.94794		0.95527		0.85751		0.83495		0.89119		0.86216		0.71665
604		14321.2		0.9478		0.95512		0.84974		0.81991		0.89637		0.85644		0.70254
605		14322.75		0.94807		0.95527		0.84715		0.81019		0.90674		0.85575		0.69928
606		14324.25		0.94841		0.95518		0.84974		0.81395		0.90674		0.85784		0.70407
607		14325.82		0.94756		0.95489		0.84974		0.8169		0.90155		0.85714		0.70327
608		14327.49		0.94825		0.95588		0.85751		0.82857		0.90155		0.86352		0.71782
609		14329.48		0.95025		0.958		0.8601		0.82938		0.90674		0.86634		0.72336
610		14331.51		0.9507		0.95856		0.85492		0.81567		0.9171		0.86341		0.7154
611		14333.03		0.9515		0.95907		0.84456		0.80365		0.91192		0.85437		0.69546
612		14334.24		0.95146		0.95887		0.84715		0.80734		0.91192		0.85645		0.7002
613		14335.57		0.95067		0.95809		0.85233		0.82075		0.90155		0.85926		0.7081
614		14336.92		0.94997		0.95711		0.86269		0.83654		0.90155		0.86783		0.72759
615		14338.2		0.94875		0.95576		0.87047		0.84878		0.90155		0.87437		0.74237
616		14339.48		0.94808		0.95488		0.87047		0.84541		0.90674		0.875		0.74289
617		14341.54		0.94753		0.95424		0.8601		0.83254		0.90155		0.86567		0.72269
618		14342.84		0.94797		0.95494		0.85751		0.81944		0.9171		0.86553		0.72016
619		14343.99		0.9498		0.95708		0.85492		0.82464		0.90155		0.86139		0.71295
620		14345.53		0.95178		0.95963		0.8601		0.83575		0.89637		0.865		0.72211
621		14347.35		0.9519		0.95988		0.86788		0.84804		0.89637		0.87154		0.73695
622		14349.52		0.95256		0.96063		0.86269		0.83981		0.89637		0.86717		0.72704
623		14350.76		0.95196		0.96004		0.85492		0.8216		0.90674		0.86207		0.71369
624		14351.94		0.94969		0.95775		0.84197		0.7973		0.9171		0.85301		0.69179
625		14353.19		0.94616		0.95368		0.83938		0.79909		0.90674		0.84951		0.685
626		14355.39		0.94437		0.95161		0.84974		0.82609		0.88601		0.855		0.70133
627		14356.61		0.94408		0.9512		0.85492		0.83744		0.88083		0.85859		0.7108
628		14357.81		0.94509		0.9524		0.85492		0.83415		0.88601		0.8593		0.71122
629		14358.96		0.94794		0.95506		0.85492		0.82464		0.90155		0.86139		0.71295
630		14360.71		0.94946		0.95649		0.8601		0.82326		0.9171		0.86765		0.72493
631		14362.53		0.95052		0.95811		0.86269		0.81818		0.93264		0.87167		0.73259
632		14364.17		0.95178		0.95959		0.86269		0.82407		0.92228		0.87042		0.7306
633		14365.73		0.95156		0.95999		0.85233		0.82692		0.89119		0.85786		0.7068
634		14367.51		0.95072		0.95844		0.85492		0.82775		0.89637		0.8607		0.7123
635		14369.48		0.94887		0.95578		0.85233		0.82381		0.89637		0.85856		0.70741
636		14370.78		0.94754		0.95371		0.86528		0.83732		0.90674		0.87065		0.73309
637		14372.32		0.94514		0.95089		0.86269		0.83654		0.90155		0.86783		0.72759
638		14373.5		0.94662		0.95344		0.8601		0.82629		0.91192		0.867		0.72411
639		14374.83		0.94878		0.95649		0.86269		0.83019		0.91192		0.86914		0.72893
640		14376.02		0.9497		0.95859		0.86788		0.8381		0.91192		0.87345		0.73862
641		14377.4		0.95082		0.95974		0.85751		0.82547		0.90674		0.8642		0.71852
642		14379.23		0.94997		0.95829		0.84715		0.81019		0.90674		0.85575		0.69928
643		14380.78		0.94722		0.95484		0.84715		0.81019		0.90674		0.85575		0.69928
644		14382.82		0.94715		0.95485		0.85233		0.81776		0.90674		0.85995		0.70887
645		14384.6		0.94717		0.95437		0.84456		0.81221		0.89637		0.85222		0.69285
646		14386.27		0.94658		0.95372		0.84456		0.81221		0.89637		0.85222		0.69285
647		14387.76		0.94488		0.95181		0.84197		0.81132		0.89119		0.84938		0.68728
648		14389.28		0.9453		0.95196		0.84456		0.8093		0.90155		0.85294		0.69364
649		14390.47		0.94792		0.95469		0.84715		0.81604		0.89637		0.85432		0.69769
650		14391.68		0.94938		0.95627		0.85751		0.82857		0.90155		0.86352		0.71782
651		14392.88		0.94811		0.95497		0.85492		0.83092		0.89119		0.86		0.71172
652		14394.05		0.94922		0.95588		0.86788		0.8287		0.92746		0.87531		0.74103
653		14395.51		0.94988		0.95621		0.85751		0.81364		0.92746		0.86683		0.72213
654		14397.16		0.95019		0.95627		0.8601		0.82629		0.91192		0.867		0.72411
655		14399.05		0.94925		0.95544		0.86528		0.83732		0.90674		0.87065		0.73309
656		14400.56		0.94839		0.95406		0.8601		0.83902		0.89119		0.86432		0.7216
657		14402.37		0.94906		0.95528		0.86269		0.83981		0.89637		0.86717		0.72704
658		14404.08		0.9496		0.95627		0.85751		0.82243		0.91192		0.86486		0.7193
659		14405.64		0.95063		0.95732		0.85492		0.81279		0.92228		0.86408		0.71637
660		14407.14		0.95164		0.95897		0.8601		0.82326		0.9171		0.86765		0.72493
661		14408.6		0.95211		0.95943		0.85492		0.82775		0.89637		0.8607		0.7123
662		14410.35		0.9519		0.95904		0.85492		0.83092		0.89119		0.86		0.71172
663		14412.12		0.95084		0.95731		0.85233		0.82692		0.89119		0.85786		0.7068
664		14413.7		0.94827		0.95381		0.84456		0.81517		0.89119		0.85149		0.69214
665		14415.48		0.94745		0.9523		0.85492		0.81567		0.9171		0.86341		0.7154
666		14417.15		0.94996		0.95509		0.86269		0.8211		0.92746		0.87105		0.73155
667		14418.99		0.95055		0.9565		0.86269		0.83019		0.91192		0.86914		0.72893
668		14420.43		0.95244		0.959		0.86528		0.83732		0.90674		0.87065		0.73309
669		14421.68		0.95247		0.95909		0.87306		0.84286		0.9171		0.87841		0.74903
670		14423.06		0.95142		0.95773		0.8601		0.82326		0.9171		0.86765		0.72493
671		14424.27		0.94886		0.95489		0.85233		0.81481		0.91192		0.86064		0.70972
672		14425.47		0.9464		0.95198		0.84715		0.81905		0.89119		0.8536		0.69701
673		14426.76		0.94545		0.95147		0.85492		0.83092		0.89119		0.86		0.71172
674		14428.43		0.94527		0.95178		0.85233		0.82692		0.89119		0.85786		0.7068
675		14430.26		0.94632		0.95324		0.83938		0.80465		0.89637		0.84804		0.68321
676		14431.73		0.9476		0.95481		0.84456		0.79821		0.92228		0.85577		0.6976
677		14433.15		0.94797		0.95525		0.84456		0.8009		0.9171		0.85507		0.69649
678		14434.92		0.94734		0.95467		0.8601		0.82629		0.91192		0.867		0.72411
679		14436.72		0.9462		0.95292		0.86788		0.84135		0.90674		0.87282		0.73798
680		14438.7		0.94566		0.95212		0.87306		0.84951		0.90674		0.87719		0.74781
681		14440.42		0.94617		0.9527		0.87565		0.85366		0.90674		0.8794		0.75275
682		14441.94		0.94794		0.9547		0.86788		0.84135		0.90674		0.87282		0.73798
683		14443.48		0.95019		0.95672		0.85492		0.8216		0.90674		0.86207		0.71369
684		14445.49		0.94978		0.95644		0.85233		0.81776		0.90674		0.85995		0.70887
685		14446.9		0.94907		0.95589		0.84715		0.80734		0.91192		0.85645		0.7002
686		14448.74		0.94832		0.95513		0.84456		0.80365		0.91192		0.85437		0.69546
687		14450.49		0.94749		0.95433		0.84974		0.8169		0.90155		0.85714		0.70327
688		14452.6		0.94654		0.9534		0.85751		0.83173		0.89637		0.86284		0.7172
689		14454.04		0.94782		0.95453		0.8601		0.83254		0.90155		0.86567		0.72269
690		14455.42		0.95047		0.95678		0.8601		0.82326		0.9171		0.86765		0.72493
691		14457.02		0.95083		0.95708		0.8601		0.82629		0.91192		0.867		0.72411
692		14458.3		0.95068		0.9571		0.85751		0.82547		0.90674		0.8642		0.71852
693		14459.55		0.94992		0.95672		0.85233		0.82075		0.90155		0.85926		0.7081
694		14460.8		0.94731		0.95396		0.85233		0.82692		0.89119		0.85786		0.7068
695		14462.08		0.94529		0.95183		0.84974		0.82297		0.89119		0.85572		0.7019
696		14463.7		0.94292		0.94971		0.84974		0.81991		0.89637		0.85644		0.70254
697		14465.66		0.94287		0.94996		0.84974		0.82297		0.89119		0.85572		0.7019
698		14467.33		0.94361		0.95123		0.84715		0.82212		0.88601		0.85287		0.69641
699		14468.86		0.94521		0.95308		0.84974		0.82297		0.89119		0.85572		0.7019
700		14470.88		0.94675		0.95462		0.85233		0.82381		0.89637		0.85856		0.70741
701		14472.56		0.94754		0.95504		0.85492		0.8216		0.90674		0.86207		0.71369
702		14474.19		0.9479		0.95498		0.85751		0.81944		0.9171		0.86553		0.72016
703		14475.57		0.94825		0.95539		0.8601		0.82326		0.9171		0.86765		0.72493
704		14477.26		0.94946		0.95654		0.86269		0.83333		0.90674		0.86849		0.72822
705		14479.06		0.95051		0.95771		0.87047		0.84878		0.90155		0.87437		0.74237
706		14480.55		0.95125		0.95861		0.86528		0.83732		0.90674		0.87065		0.73309
707		14482.29		0.95162		0.95898		0.86269		0.8271		0.9171		0.86978		0.72972
708		14483.96		0.95119		0.95879		0.86269		0.8271		0.9171		0.86978		0.72972
709		14485.64		0.95091		0.95896		0.8601		0.82629		0.91192		0.867		0.72411
710		14487.25		0.95011		0.95813		0.85492		0.82464		0.90155		0.86139		0.71295
711		14488.89		0.95015		0.95784		0.85233		0.82381		0.89637		0.85856		0.70741
712		14490.22		0.9486		0.95573		0.85233		0.82381		0.89637		0.85856		0.70741
713		14491.54		0.94781		0.95477		0.85233		0.82692		0.89119		0.85786		0.7068
714		14492.85		0.9473		0.95373		0.85233		0.82381		0.89637		0.85856		0.70741
715		14494.01		0.94721		0.95329		0.84715		0.81604		0.89637		0.85432		0.69769
716		14495.97		0.94872		0.95472		0.85751		0.83173		0.89637		0.86284		0.7172
717		14497.35		0.94883		0.95554		0.86788		0.84804		0.89637		0.87154		0.73695
718		14498.88		0.94941		0.95681		0.87047		0.84878		0.90155		0.87437		0.74237
719		14500.3		0.94968		0.95718		0.86269		0.83654		0.90155		0.86783		0.72759
720		14501.78		0.94933		0.95691		0.85233		0.81776		0.90674		0.85995		0.70887
721		14503.37		0.9487		0.95632		0.85492		0.82464		0.90155		0.86139		0.71295
722		14505.02		0.94719		0.95481		0.85492		0.83092		0.89119		0.86		0.71172
723		14506.8		0.94601		0.95388		0.85233		0.8301		0.88601		0.85714		0.70627
724		14508.39		0.94522		0.95316		0.85492		0.83415		0.88601		0.8593		0.71122
725		14509.82		0.94664		0.95397		0.8601		0.83575		0.89637		0.865		0.72211
726		14511.16		0.94801		0.95471		0.8601		0.82938		0.90674		0.86634		0.72336
727		14512.85		0.94839		0.95479		0.84974		0.81106		0.91192		0.85854		0.70495
728		14514.18		0.94923		0.95541		0.84974		0.81106		0.91192		0.85854		0.70495
729		14515.47		0.95015		0.95705		0.86269		0.83981		0.89637		0.86717		0.72704
730		14516.79		0.94942		0.95604		0.87047		0.85222		0.89637		0.87374		0.74193
731		14518.24		0.94843		0.9549		0.86269		0.83981		0.89637		0.86717		0.72704
732		14520.1		0.94722		0.9538		0.84456		0.81221		0.89637		0.85222		0.69285
733		14521.76		0.94737		0.95425		0.84715		0.81308		0.90155		0.85504		0.69845
734		14523.18		0.94892		0.95526		0.85751		0.82857		0.90155		0.86352		0.71782
735		14524.5		0.94841		0.95395		0.86788		0.84466		0.90155		0.87218		0.73743
736		14526.0		0.94769		0.95262		0.8601		0.83254		0.90155		0.86567		0.72269
737		14527.4		0.94748		0.95193		0.8601		0.82938		0.90674		0.86634		0.72336
738		14528.79		0.94703		0.95187		0.85233		0.81776		0.90674		0.85995		0.70887
739		14530.3		0.94695		0.95278		0.84715		0.81308		0.90155		0.85504		0.69845
740		14531.82		0.94841		0.95562		0.84715		0.81905		0.89119		0.8536		0.69701
741		14533.15		0.94855		0.95644		0.85233		0.8301		0.88601		0.85714		0.70627
742		14534.49		0.94796		0.95618		0.84974		0.82609		0.88601		0.855		0.70133
743		14535.89		0.94868		0.95662		0.85233		0.82075		0.90155		0.85926		0.7081
744		14537.5		0.94785		0.95482		0.84974		0.81395		0.90674		0.85784		0.70407
745		14538.96		0.94765		0.95394		0.84456		0.80645		0.90674		0.85366		0.69451
746		14540.64		0.94819		0.95403		0.84974		0.81395		0.90674		0.85784		0.70407
747		14542.17		0.95115		0.95786		0.8601		0.83254		0.90155		0.86567		0.72269
748		14543.54		0.95251		0.95967		0.85751		0.82857		0.90155		0.86352		0.71782
749		14545.27		0.95251		0.95985		0.86269		0.83654		0.90155		0.86783		0.72759
750		14546.62		0.95135		0.95899		0.8601		0.82326		0.9171		0.86765		0.72493
751		14547.97		0.94867		0.95699		0.84974		0.80822		0.9171		0.85922		0.70592
752		14549.36		0.94805		0.95638		0.84974		0.81395		0.90674		0.85784		0.70407
753		14550.87		0.94706		0.95496		0.85492		0.83415		0.88601		0.8593		0.71122
754		14552.7		0.94698		0.95446		0.86269		0.84653		0.88601		0.86582		0.72618
755		14553.92		0.94958		0.95671		0.86788		0.84135		0.90674		0.87282		0.73798
756		14555.37		0.95025		0.95737		0.86269		0.82407		0.92228		0.87042		0.7306
757		14557.39		0.95076		0.95809		0.86269		0.8211		0.92746		0.87105		0.73155
758		14558.79		0.95025		0.95764		0.8601		0.82629		0.91192		0.867		0.72411
759		14560.7		0.94734		0.95473		0.85233		0.8301		0.88601		0.85714		0.70627
760		14562.3		0.94459		0.95212		0.84715		0.82212		0.88601		0.85287		0.69641
761		14563.86		0.94609		0.95344		0.84197		0.81132		0.89119		0.84938		0.68728
762		14565.94		0.94786		0.95488		0.84197		0.7973		0.9171		0.85301		0.69179
763		14567.7		0.94868		0.95591		0.84456		0.8009		0.9171		0.85507		0.69649
764		14569.32		0.94915		0.95674		0.85751		0.82857		0.90155		0.86352		0.71782
765		14570.76		0.95074		0.95917		0.86528		0.8439		0.89637		0.86935		0.73199
766		14572.51		0.94848		0.95686		0.86269		0.84653		0.88601		0.86582		0.72618
767		14574.42		0.94867		0.95687		0.84456		0.81221		0.89637		0.85222		0.69285
768		14575.66		0.94911		0.95719		0.85233		0.82075		0.90155		0.85926		0.7081
769		14577.6		0.94883		0.95666		0.86269		0.83333		0.90674		0.86849		0.72822
770		14579.08		0.94794		0.95589		0.87565		0.85024		0.91192		0.88		0.75328
771		14580.28		0.94738		0.95522		0.86528		0.84058		0.90155		0.87		0.7325
772		14581.54		0.94847		0.9556		0.85492		0.81567		0.9171		0.86341		0.7154
773		14582.74		0.94953		0.95681		0.85751		0.81081		0.93264		0.86747		0.72324
774		14584.04		0.95117		0.95845		0.84456		0.81221		0.89637		0.85222		0.69285
775		14585.41		0.95079		0.95825		0.85233		0.8301		0.88601		0.85714		0.70627
776		14586.7		0.94961		0.95689		0.85751		0.84158		0.88083		0.86076		0.7158
777		14588.26		0.95052		0.95743		0.85492		0.83092		0.89119		0.86		0.71172
778		14589.59		0.94935		0.95584		0.86528		0.82488		0.92746		0.87317		0.73628
779		14591.04		0.94766		0.95378		0.86269		0.8211		0.92746		0.87105		0.73155
780		14592.39		0.94672		0.95256		0.8601		0.82629		0.91192		0.867		0.72411
781		14593.83		0.94773		0.95344		0.8601		0.82938		0.90674		0.86634		0.72336
782		14595.11		0.94797		0.95424		0.86788		0.84135		0.90674		0.87282		0.73798
783		14596.68		0.94909		0.95525		0.8601		0.82938		0.90674		0.86634		0.72336
784		14598.11		0.95051		0.95662		0.85233		0.81481		0.91192		0.86064		0.70972
785		14599.43		0.95036		0.95633		0.85233		0.80909		0.92228		0.86199		0.71166
786		14600.88		0.94841		0.95431		0.84974		0.81991		0.89637		0.85644		0.70254
787		14602.27		0.94615		0.95198		0.8601		0.83902		0.89119		0.86432		0.7216
788		14603.66		0.94459		0.95027		0.85492		0.8408		0.87565		0.85787		0.71046
789		14605.16		0.94876		0.95475		0.84715		0.81019		0.90674		0.85575		0.69928
790		14606.55		0.95125		0.95764		0.84197		0.8		0.91192		0.8523		0.69073
791		14607.86		0.95388		0.96071		0.85492		0.81279		0.92228		0.86408		0.71637
792		14609.35		0.95353		0.96087		0.85492		0.8216		0.90674		0.86207		0.71369
793		14611.12		0.95211		0.95971		0.87306		0.85294		0.90155		0.87657		0.74733
794		14612.41		0.95131		0.95854		0.87047		0.85222		0.89637		0.87374		0.74193
795		14613.72		0.94821		0.95529		0.86788		0.84804		0.89637		0.87154		0.73695
796		14615.28		0.94682		0.95347		0.86528		0.83099		0.9171		0.87192		0.73452
797		14616.74		0.94777		0.95515		0.84715		0.80734		0.91192		0.85645		0.7002
798		14618.1		0.94844		0.95627		0.85492		0.81567		0.9171		0.86341		0.7154
799		14619.61		0.94808		0.9558		0.85492		0.8216		0.90674		0.86207		0.71369
800		14620.99		0.94809		0.95571		0.85233		0.82075		0.90155		0.85926		0.7081
801		14622.31		0.94839		0.95612		0.85233		0.82381		0.89637		0.85856		0.70741
802		14623.97		0.94832		0.956		0.85233		0.82381		0.89637		0.85856		0.70741
803		14625.92		0.9498		0.9578		0.8601		0.82938		0.90674		0.86634		0.72336
804		14627.34		0.9505		0.95869		0.86269		0.83019		0.91192		0.86914		0.72893
805		14628.69		0.95102		0.95932		0.86269		0.83019		0.91192		0.86914		0.72893
806		14630.1		0.9505		0.9591		0.85751		0.82547		0.90674		0.8642		0.71852
807		14631.58		0.95079		0.95946		0.85751		0.82857		0.90155		0.86352		0.71782
808		14632.88		0.95041		0.95906		0.85751		0.82857		0.90155		0.86352		0.71782
809		14634.43		0.9498		0.9582		0.85751		0.82857		0.90155		0.86352		0.71782
810		14636.48		0.94883		0.95687		0.85492		0.82464		0.90155		0.86139		0.71295
811		14638.25		0.94812		0.9558		0.84715		0.81308		0.90155		0.85504		0.69845
812		14639.84		0.9476		0.95509		0.84715		0.81308		0.90155		0.85504		0.69845
813		14641.11		0.9487		0.95636		0.85492		0.83092		0.89119		0.86		0.71172
814		14642.26		0.94948		0.95732		0.85233		0.8301		0.88601		0.85714		0.70627
815		14643.54		0.94945		0.95756		0.85492		0.83092		0.89119		0.86		0.71172
816		14644.73		0.94976		0.95794		0.85492		0.82464		0.90155		0.86139		0.71295
817		14646.05		0.95051		0.95868		0.85233		0.82075		0.90155		0.85926		0.7081
818		14648.04		0.95067		0.95858		0.85751		0.82243		0.91192		0.86486		0.7193
819		14649.35		0.95016		0.95814		0.85751		0.82243		0.91192		0.86486		0.7193
820		14650.54		0.9493		0.95727		0.8601		0.82938		0.90674		0.86634		0.72336
821		14651.94		0.94829		0.95615		0.85492		0.82464		0.90155		0.86139		0.71295
822		14653.35		0.94738		0.95451		0.85233		0.82075		0.90155		0.85926		0.7081
823		14654.82		0.94766		0.95481		0.85492		0.82775		0.89637		0.8607		0.7123
824		14656.13		0.94899		0.95611		0.85751		0.82857		0.90155		0.86352		0.71782
825		14657.46		0.95041		0.95755		0.85751		0.82857		0.90155		0.86352		0.71782
826		14659.35		0.9518		0.95905		0.86788		0.84466		0.90155		0.87218		0.73743
827		14660.81		0.95208		0.95927		0.86269		0.83981		0.89637		0.86717		0.72704
828		14662.19		0.95224		0.95935		0.8601		0.83575		0.89637		0.865		0.72211
829		14663.66		0.95213		0.95938		0.86269		0.83981		0.89637		0.86717		0.72704
830		14664.97		0.95243		0.9598		0.86269		0.83654		0.90155		0.86783		0.72759
831		14666.5		0.95197		0.95936		0.86269		0.83333		0.90674		0.86849		0.72822
832		14668.05		0.95121		0.95874		0.85751		0.82547		0.90674		0.8642		0.71852
833		14669.32		0.95087		0.9584		0.85751		0.82547		0.90674		0.8642		0.71852
834		14670.73		0.9499		0.95757		0.85751		0.82857		0.90155		0.86352		0.71782
835		14672.04		0.94943		0.9571		0.85751		0.82857		0.90155		0.86352		0.71782
836		14673.51		0.94887		0.95663		0.8601		0.83254		0.90155		0.86567		0.72269
837		14674.89		0.94825		0.95617		0.8601		0.83575		0.89637		0.865		0.72211
838		14676.34		0.9485		0.9564		0.86269		0.83981		0.89637		0.86717		0.72704
839		14677.97		0.948		0.95602		0.8601		0.83902		0.89119		0.86432		0.7216
840		14679.41		0.94867		0.95672		0.85233		0.82381		0.89637		0.85856		0.70741
841		14680.86		0.94899		0.95733		0.85233		0.82381		0.89637		0.85856		0.70741
842		14682.34		0.94931		0.95762		0.85233		0.82381		0.89637		0.85856		0.70741
843		14683.75		0.9496		0.95821		0.85233		0.8301		0.88601		0.85714		0.70627
844		14685.18		0.94953		0.95827		0.85233		0.8301		0.88601		0.85714		0.70627
845		14686.79		0.95058		0.95936		0.85233		0.8301		0.88601		0.85714		0.70627
846		14688.31		0.95101		0.95961		0.85492		0.82775		0.89637		0.8607		0.7123
847		14689.63		0.95133		0.95972		0.84974		0.8169		0.90155		0.85714		0.70327
848		14691.07		0.95153		0.95964		0.83938		0.80465		0.89637		0.84804		0.68321
849		14692.95		0.95143		0.95919		0.84456		0.81221		0.89637		0.85222		0.69285
850		14694.16		0.95062		0.95829		0.85492		0.82775		0.89637		0.8607		0.7123
851		14695.59		0.94984		0.95706		0.85492		0.83092		0.89119		0.86		0.71172
852		14696.72		0.94943		0.95648		0.85751		0.83495		0.89119		0.86216		0.71665
853		14697.86		0.94925		0.95607		0.85233		0.82692		0.89119		0.85786		0.7068
854		14699.17		0.94874		0.95572		0.85492		0.82464		0.90155		0.86139		0.71295
855		14700.33		0.9484		0.95544		0.85492		0.8216		0.90674		0.86207		0.71369
856		14701.64		0.94905		0.95652		0.85751		0.82547		0.90674		0.8642		0.71852
857		14703.6		0.94972		0.95742		0.8601		0.83575		0.89637		0.865		0.72211
858		14705.79		0.95123		0.95925		0.85751		0.83173		0.89637		0.86284		0.7172
859		14707.3		0.9519		0.95973		0.8601		0.83575		0.89637		0.865		0.72211
860		14709.09		0.95229		0.96001		0.85751		0.83495		0.89119		0.86216		0.71665
861		14710.69		0.95243		0.96007		0.85233		0.82692		0.89119		0.85786		0.7068
862		14711.95		0.95135		0.95904		0.84974		0.81395		0.90674		0.85784		0.70407
863		14713.34		0.95027		0.95829		0.84974		0.81395		0.90674		0.85784		0.70407
864		14714.53		0.94921		0.95731		0.85233		0.82381		0.89637		0.85856		0.70741
865		14716.25		0.94709		0.95499		0.85751		0.83173		0.89637		0.86284		0.7172
866		14717.77		0.94472		0.95242		0.86788		0.85149		0.89119		0.87089		0.73655
867		14719.12		0.94462		0.95216		0.86528		0.8439		0.89637		0.86935		0.73199
868		14720.59		0.94498		0.95195		0.85492		0.82775		0.89637		0.8607		0.7123
869		14722.15		0.94668		0.95353		0.85492		0.82775		0.89637		0.8607		0.7123
870		14723.82		0.94871		0.95543		0.8601		0.83575		0.89637		0.865		0.72211
871		14725.78		0.94966		0.95658		0.85233		0.82692		0.89119		0.85786		0.7068
872		14727.68		0.95016		0.95711		0.85751		0.83495		0.89119		0.86216		0.71665
873		14729.37		0.95047		0.95763		0.85751		0.83495		0.89119		0.86216		0.71665
874		14731.32		0.9504		0.95788		0.85751		0.83495		0.89119		0.86216		0.71665
875		14732.73		0.94958		0.95712		0.86528		0.84058		0.90155		0.87		0.7325
876		14734.2		0.94856		0.95612		0.86528		0.84058		0.90155		0.87		0.7325
877		14735.46		0.94786		0.95558		0.86269		0.83981		0.89637		0.86717		0.72704
878		14736.66		0.94707		0.95487		0.8601		0.83575		0.89637		0.865		0.72211
879		14737.93		0.94705		0.95484		0.85751		0.83173		0.89637		0.86284		0.7172
880		14739.24		0.94714		0.95502		0.85492		0.83092		0.89119		0.86		0.71172
881		14741.09		0.94773		0.9556		0.85233		0.82692		0.89119		0.85786		0.7068
882		14742.63		0.94829		0.95608		0.85751		0.82857		0.90155		0.86352		0.71782
883		14744.02		0.94919		0.95723		0.85751		0.82857		0.90155		0.86352		0.71782
884		14745.39		0.94982		0.95785		0.86528		0.83732		0.90674		0.87065		0.73309
885		14746.87		0.95012		0.95825		0.86269		0.83333		0.90674		0.86849		0.72822
886		14748.31		0.95		0.958		0.86269		0.83333		0.90674		0.86849		0.72822
887		14749.99		0.95067		0.95846		0.85751		0.82857		0.90155		0.86352		0.71782
888		14751.54		0.95095		0.9588		0.85492		0.83092		0.89119		0.86		0.71172
889		14753.2		0.95119		0.95898		0.85492		0.82775		0.89637		0.8607		0.7123
890		14754.99		0.9518		0.95942		0.85492		0.82464		0.90155		0.86139		0.71295
891		14756.75		0.95177		0.95947		0.85492		0.8216		0.90674		0.86207		0.71369
892		14757.92		0.95199		0.95978		0.85751		0.82547		0.90674		0.8642		0.71852
893		14759.22		0.9515		0.95947		0.85751		0.82857		0.90155		0.86352		0.71782
894		14760.59		0.95154		0.9595		0.86269		0.83654		0.90155		0.86783		0.72759
895		14762.36		0.95029		0.95757		0.86788		0.84466		0.90155		0.87218		0.73743
896		14763.85		0.94813		0.95509		0.85233		0.81776		0.90674		0.85995		0.70887
897		14765.15		0.94666		0.95372		0.85233		0.81481		0.91192		0.86064		0.70972
898		14766.34		0.94746		0.95536		0.85492		0.83092		0.89119		0.86		0.71172
899		14768.27		0.94792		0.95605		0.85492		0.83092		0.89119		0.86		0.71172
900		14770.04		0.9482		0.95636		0.84456		0.80365		0.91192		0.85437		0.69546
901		14771.9		0.94738		0.95568		0.84197		0.8		0.91192		0.8523		0.69073
902		14773.07		0.94982		0.95849		0.85233		0.8301		0.88601		0.85714		0.70627
903		14774.41		0.95031		0.95942		0.86269		0.84653		0.88601		0.86582		0.72618
904		14775.8		0.94871		0.95688		0.85492		0.83092		0.89119		0.86		0.71172
905		14777.17		0.94607		0.95339		0.83938		0.80184		0.90155		0.84878		0.68407
906		14778.96		0.94686		0.95506		0.85233		0.82075		0.90155		0.85926		0.7081
907		14780.65		0.94717		0.95571		0.85492		0.82775		0.89637		0.8607		0.7123
908		14782.65		0.94852		0.95721		0.85233		0.82381		0.89637		0.85856		0.70741
909		14783.84		0.94969		0.95818		0.85233		0.81481		0.91192		0.86064		0.70972
910		14785.52		0.94982		0.9575		0.85233		0.80909		0.92228		0.86199		0.71166
911		14787.23		0.95012		0.9574		0.84974		0.81395		0.90674		0.85784		0.70407
912		14788.51		0.95017		0.95738		0.86528		0.84058		0.90155		0.87		0.7325
913		14789.87		0.95063		0.958		0.86528		0.8439		0.89637		0.86935		0.73199
914		14791.33		0.95012		0.95739		0.85492		0.82775		0.89637		0.8607		0.7123
915		14793.06		0.95044		0.95781		0.84715		0.81308		0.90155		0.85504		0.69845
916		14795.25		0.95041		0.95771		0.84456		0.8093		0.90155		0.85294		0.69364
917		14796.78		0.95098		0.9584		0.84974		0.8169		0.90155		0.85714		0.70327
918		14798.08		0.95122		0.95909		0.8601		0.83254		0.90155		0.86567		0.72269
919		14799.76		0.95114		0.95911		0.8601		0.82938		0.90674		0.86634		0.72336
920		14801.57		0.95101		0.95896		0.85492		0.82464		0.90155		0.86139		0.71295
921		14802.9		0.95195		0.95969		0.85233		0.81776		0.90674		0.85995		0.70887
922		14804.05		0.95134		0.95853		0.8601		0.82629		0.91192		0.867		0.72411
923		14805.29		0.94926		0.95628		0.86269		0.83981		0.89637		0.86717		0.72704
924		14806.88		0.94996		0.95699		0.86269		0.84314		0.89119		0.8665		0.72657
925		14809.24		0.95046		0.95752		0.87047		0.84541		0.90674		0.875		0.74289
926		14810.81		0.95092		0.95815		0.86788		0.84135		0.90674		0.87282		0.73798
927		14812.0		0.95133		0.95886		0.86528		0.83732		0.90674		0.87065		0.73309
928		14813.31		0.95137		0.95901		0.8601		0.82629		0.91192		0.867		0.72411
929		14814.8		0.95103		0.95866		0.85751		0.82243		0.91192		0.86486		0.7193
930		14816.35		0.94999		0.95754		0.85233		0.81776		0.90674		0.85995		0.70887
931		14818.08		0.94847		0.9558		0.85233		0.81776		0.90674		0.85995		0.70887
932		14819.37		0.94805		0.95544		0.85233		0.82075		0.90155		0.85926		0.7081
933		14821.28		0.94824		0.95601		0.85492		0.82775		0.89637		0.8607		0.7123
934		14822.77		0.94927		0.95728		0.85751		0.83173		0.89637		0.86284		0.7172
935		14824.07		0.95041		0.95866		0.85751		0.82857		0.90155		0.86352		0.71782
936		14825.62		0.95172		0.95971		0.85233		0.82381		0.89637		0.85856		0.70741
937		14827.44		0.95192		0.9598		0.84974		0.81991		0.89637		0.85644		0.70254
938		14828.61		0.95195		0.96007		0.84715		0.81604		0.89637		0.85432		0.69769
939		14829.87		0.95176		0.95974		0.84974		0.81991		0.89637		0.85644		0.70254
940		14831.65		0.95031		0.9581		0.85492		0.82775		0.89637		0.8607		0.7123
941		14833.37		0.94903		0.95638		0.85492		0.83092		0.89119		0.86		0.71172
942		14834.97		0.94714		0.954		0.85233		0.82692		0.89119		0.85786		0.7068
943		14836.72		0.94576		0.95211		0.84456		0.81221		0.89637		0.85222		0.69285
944		14837.97		0.94723		0.95391		0.84456		0.81221		0.89637		0.85222		0.69285
945		14839.86		0.9487		0.95613		0.85233		0.82692		0.89119		0.85786		0.7068
946		14841.44		0.95082		0.95848		0.84974		0.81991		0.89637		0.85644		0.70254
947		14842.72		0.95189		0.95969		0.85233		0.82381		0.89637		0.85856		0.70741
948		14843.95		0.95211		0.95993		0.85233		0.81776		0.90674		0.85995		0.70887
949		14845.46		0.9517		0.95926		0.84974		0.8169		0.90155		0.85714		0.70327
950		14847.42		0.95119		0.9584		0.85233		0.82075		0.90155		0.85926		0.7081
951		14849.42		0.94984		0.95659		0.85492		0.82464		0.90155		0.86139		0.71295
952		14850.77		0.94941		0.95617		0.85233		0.82075		0.90155		0.85926		0.7081
953		14852.05		0.94956		0.95642		0.85233		0.82075		0.90155		0.85926		0.7081
954		14853.31		0.94954		0.9564		0.85492		0.82464		0.90155		0.86139		0.71295
955		14855.0		0.94917		0.95606		0.86528		0.84058		0.90155		0.87		0.7325
956		14856.56		0.94852		0.95492		0.86528		0.8439		0.89637		0.86935		0.73199
957		14858.06		0.94856		0.95494		0.86528		0.8439		0.89637		0.86935		0.73199
958		14859.25		0.94845		0.95502		0.86528		0.8439		0.89637		0.86935		0.73199
959		14861.01		0.94949		0.95663		0.86269		0.83981		0.89637		0.86717		0.72704
960		14862.57		0.9502		0.95749		0.84715		0.81905		0.89119		0.8536		0.69701
961		14864.32		0.95103		0.95869		0.84456		0.81517		0.89119		0.85149		0.69214
962		14866.43		0.95196		0.95968		0.84715		0.81905		0.89119		0.8536		0.69701
963		14868.05		0.95216		0.95993		0.85233		0.82692		0.89119		0.85786		0.7068
964		14869.69		0.95186		0.95956		0.85233		0.82692		0.89119		0.85786		0.7068
965		14871.35		0.95106		0.95864		0.85233		0.82381		0.89637		0.85856		0.70741
966		14872.59		0.95071		0.95822		0.85751		0.83173		0.89637		0.86284		0.7172
967		14874.08		0.95121		0.95861		0.85751		0.83495		0.89119		0.86216		0.71665
968		14875.46		0.95157		0.95919		0.85233		0.82692		0.89119		0.85786		0.7068
969		14877.5		0.9516		0.9592		0.84715		0.81604		0.89637		0.85432		0.69769
970		14878.75		0.95143		0.95889		0.84715		0.81308		0.90155		0.85504		0.69845
971		14880.42		0.95048		0.95762		0.85492		0.82775		0.89637		0.8607		0.7123
972		14882.16		0.94918		0.95584		0.85751		0.83173		0.89637		0.86284		0.7172
973		14883.39		0.94778		0.95408		0.8601		0.83575		0.89637		0.865		0.72211
974		14884.67		0.94633		0.9521		0.85492		0.83092		0.89119		0.86		0.71172
975		14886.06		0.94491		0.95077		0.85492		0.82775		0.89637		0.8607		0.7123
976		14887.68		0.94529		0.95129		0.85492		0.8216		0.90674		0.86207		0.71369
977		14889.18		0.94766		0.95444		0.85492		0.82775		0.89637		0.8607		0.7123
978		14890.68		0.94977		0.95723		0.85751		0.83173		0.89637		0.86284		0.7172
979		14892.73		0.95041		0.95828		0.85751		0.83495		0.89119		0.86216		0.71665
980		14894.12		0.95024		0.95843		0.86788		0.84135		0.90674		0.87282		0.73798
981		14895.39		0.9496		0.95743		0.86788		0.84135		0.90674		0.87282		0.73798
982		14896.75		0.94897		0.95601		0.86788		0.84466		0.90155		0.87218		0.73743
983		14898.86		0.94823		0.95468		0.86788		0.84466		0.90155		0.87218		0.73743
984		14900.77		0.94809		0.95395		0.86528		0.8439		0.89637		0.86935		0.73199
985		14902.32		0.94792		0.95365		0.86788		0.84135		0.90674		0.87282		0.73798
986		14903.56		0.94762		0.95365		0.86269		0.83019		0.91192		0.86914		0.72893
987		14905.61		0.94674		0.95347		0.85751		0.81944		0.9171		0.86553		0.72016
988		14906.98		0.94601		0.95308		0.85751		0.82243		0.91192		0.86486		0.7193
989		14908.6		0.94525		0.95259		0.85751		0.83173		0.89637		0.86284		0.7172
990		14909.91		0.94585		0.9532		0.85492		0.83092		0.89119		0.86		0.71172
991		14911.14		0.94769		0.95522		0.8601		0.83254		0.90155		0.86567		0.72269
992		14912.33		0.94831		0.95561		0.8601		0.82629		0.91192		0.867		0.72411
993		14913.54		0.94915		0.95615		0.8601		0.82629		0.91192		0.867		0.72411
994		14914.85		0.94935		0.95605		0.8601		0.83254		0.90155		0.86567		0.72269
995		14916.49		0.94925		0.9561		0.8601		0.83254		0.90155		0.86567		0.72269
996		14918.26		0.9485		0.95547		0.8601		0.83254		0.90155		0.86567		0.72269
997		14920.15		0.948		0.95524		0.85751		0.83173		0.89637		0.86284		0.7172
998		14921.62		0.94711		0.9549		0.85751		0.83173		0.89637		0.86284		0.7172
999		14923.22		0.94718		0.95514		0.85751		0.83173		0.89637		0.86284		0.7172
1000		14924.74		0.94735		0.95546		0.85492		0.82775		0.89637		0.8607		0.7123
AUC: [0.9642914374232145, 0.952059184872603, 0.9596709577479836, 0.9587495326104376, 0.9464371561348219, 0.9573740718978687, 0.9485086847969073, 0.9635694917984375, 0.9733549893956884, 0.9539316491717899]
Mean AUC: 0.9577947155849751 ( 0.007650690011150736 )
AUPR: [0.9635289845576029, 0.9612431832886731, 0.9607795161802801, 0.958505174195875, 0.9445752692737234, 0.9595027311842464, 0.9491541180871564, 0.9682827450390616, 0.9747959976900754, 0.961314031152304]
Mean AUPR: 0.9601681750648998 ( 0.008133962118482878 )
Accuracy: [0.9095607235142119, 0.8785529715762274, 0.9043927648578811, 0.8863049095607235, 0.8837209302325582, 0.8888888888888888, 0.8730569948186528, 0.8911917098445595, 0.8963730569948186, 0.8678756476683938]
Mean Accuracy: 0.8879918597956916 ( 0.012463487354941485 )
Precision: [0.8878048780487805, 0.8450704225352113, 0.8866995073891626, 0.8706467661691543, 0.8775510204081632, 0.8826530612244898, 0.8529411764705882, 0.8871794871794871, 0.8525345622119815, 0.8317757009345794]
Mean Precision: 0.8674856582571598 ( 0.019297577278270032 )
Recall: [0.9381443298969072, 0.9278350515463918, 0.9278350515463918, 0.9067357512953368, 0.8911917098445595, 0.8963730569948186, 0.9015544041450777, 0.8963730569948186, 0.9585492227979274, 0.9222797927461139]
Mean Recall: 0.9166871427808344 ( 0.02072690360373022 )
F1: [0.9122807017543859, 0.8845208845208845, 0.906801007556675, 0.8883248730964467, 0.884318766066838, 0.8894601542416453, 0.8765743073047859, 0.8917525773195877, 0.9024390243902439, 0.8746928746928747]
Mean F1: 0.8911165170944366 ( 0.011849009219951027 )
MCC: [0.8204207996618913, 0.7607207290964859, 0.8096377228236104, 0.7732936361276004, 0.7675418705695957, 0.777878685154452, 0.7473287919023364, 0.7824254313639435, 0.7989474438094306, 0.7401457236523206]
Mean MCC: 0.7778340834161666 ( 0.02462184763072056 )
