Dataset: F-dataset
fold: 0
Epoch		Time		AUC		AUPR		Accuracy		Precision		Recall		F1-score		Mcc
1		3.54		0.78895		0.79161		0.68475		0.83333		0.46392		0.59603		0.41317
AUC improved at epoch  1 ;	best_auc: 0.7889535815394477
2		5.23		0.79072		0.79515		0.67959		0.79661		0.48454		0.60256		0.39119
AUC improved at epoch  2 ;	best_auc: 0.7907163078895358
3		6.5		0.78583		0.7882		0.70543		0.73529		0.64433		0.68681		0.41423
4		9.74		0.7831		0.78175		0.71835		0.70936		0.74227		0.72544		0.43709
5		15.41		0.78035		0.77512		0.71318		0.70244		0.74227		0.7218		0.42696
6		20.86		0.77947		0.77294		0.69767		0.70811		0.67526		0.69129		0.39585
7		22.69		0.78177		0.77777		0.69509		0.7043		0.67526		0.68947		0.39058
8		24.31		0.78513		0.78841		0.71059		0.70297		0.73196		0.71717		0.42148
9		25.62		0.78847		0.79707		0.70284		0.68203		0.76289		0.72019		0.4084
10		27.27		0.79376		0.80505		0.71318		0.70244		0.74227		0.7218		0.42696
AUC improved at epoch  10 ;	best_auc: 0.793761017039688
11		28.94		0.79673		0.80658		0.71576		0.69626		0.76804		0.73039		0.43369
AUC improved at epoch  11 ;	best_auc: 0.7967256022648362
12		30.46		0.80386		0.81477		0.72351		0.70233		0.77835		0.73839		0.44953
AUC improved at epoch  12 ;	best_auc: 0.8038566315901929
13		31.83		0.81454		0.82485		0.73385		0.70776		0.79897		0.75061		0.47147
AUC improved at epoch  13 ;	best_auc: 0.814539821590727
14		33.31		0.828		0.83425		0.73902		0.70852		0.81443		0.75779		0.48329
AUC improved at epoch  14 ;	best_auc: 0.8280006409914
15		35.18		0.84312		0.84134		0.75969		0.73934		0.80412		0.77037		0.52128
AUC improved at epoch  15 ;	best_auc: 0.8431173548421559
16		36.94		0.85765		0.84957		0.76486		0.71369		0.8866		0.7908		0.54578
AUC improved at epoch  16 ;	best_auc: 0.8576464932428822
17		38.51		0.86424		0.85128		0.79587		0.7533		0.88144		0.81235		0.60035
AUC improved at epoch  17 ;	best_auc: 0.8642433630682123
18		39.99		0.86512		0.85145		0.78811		0.77451		0.81443		0.79397		0.57694
AUC improved at epoch  18 ;	best_auc: 0.8651247262432562
19		41.14		0.86817		0.85638		0.79328		0.7375		0.91237		0.81567		0.60363
AUC improved at epoch  19 ;	best_auc: 0.8681694353934085
20		42.41		0.86603		0.85627		0.79845		0.76126		0.87113		0.8125		0.6031
21		43.55		0.86379		0.85514		0.78553		0.75113		0.85567		0.8		0.57655
22		44.66		0.8651		0.85645		0.78553		0.7382		0.8866		0.80562		0.58281
23		46.57		0.86611		0.85777		0.78553		0.7382		0.8866		0.80562		0.58281
24		47.66		0.86745		0.8568		0.78811		0.74348		0.88144		0.8066		0.58627
25		48.99		0.8694		0.8566		0.79587		0.75556		0.87629		0.81146		0.59931
AUC improved at epoch  25 ;	best_auc: 0.8693980022434699
26		50.15		0.8714		0.8577		0.78811		0.73729		0.89691		0.8093		0.59007
AUC improved at epoch  26 ;	best_auc: 0.8714011003685701
27		51.28		0.87212		0.85841		0.7907		0.74043		0.89691		0.81119		0.59468
AUC improved at epoch  27 ;	best_auc: 0.8721222156936063
28		52.45		0.87207		0.85932		0.78811		0.74561		0.87629		0.80569		0.58514
29		53.68		0.87218		0.86043		0.78553		0.74026		0.88144		0.80471		0.58159
AUC improved at epoch  29 ;	best_auc: 0.8721756316436088
30		54.81		0.87292		0.86177		0.78811		0.73932		0.89175		0.80841		0.58873
AUC improved at epoch  30 ;	best_auc: 0.8729234549436461
31		56.16		0.87399		0.86285		0.78811		0.73932		0.89175		0.80841		0.58873
AUC improved at epoch  31 ;	best_auc: 0.8739917739436995
32		57.6		0.87616		0.86456		0.7907		0.74459		0.8866		0.80941		0.59212
AUC improved at epoch  32 ;	best_auc: 0.8761551199188078
33		59.24		0.87893		0.86688		0.78295		0.73109		0.89691		0.80556		0.58087
AUC improved at epoch  33 ;	best_auc: 0.8789327493189466
34		60.36		0.87997		0.86719		0.7907		0.74249		0.89175		0.8103		0.59336
AUC improved at epoch  34 ;	best_auc: 0.8799743603439987
35		61.6		0.88086		0.86702		0.79845		0.77885		0.83505		0.80597		0.59839
AUC improved at epoch  35 ;	best_auc: 0.8808557235190427
36		63.45		0.88222		0.86985		0.78811		0.73729		0.89691		0.8093		0.59007
AUC improved at epoch  36 ;	best_auc: 0.8822178302441108
37		65.19		0.8812		0.87046		0.78036		0.72614		0.90206		0.8046		0.57777
38		66.73		0.87987		0.87091		0.79845		0.77358		0.84536		0.80788		0.5994
39		68.37		0.88011		0.87249		0.78553		0.74667		0.86598		0.80191		0.57836
40		69.63		0.88128		0.87355		0.78811		0.7314		0.91237		0.81193		0.59456
41		71.64		0.88529		0.87531		0.79845		0.75439		0.8866		0.81517		0.60615
AUC improved at epoch  41 ;	best_auc: 0.8852892473692645
42		72.95		0.88676		0.87351		0.81654		0.7971		0.85052		0.82294		0.63444
AUC improved at epoch  42 ;	best_auc: 0.886758185994338
43		74.11		0.88938		0.87359		0.80879		0.77027		0.88144		0.82212		0.624
AUC improved at epoch  43 ;	best_auc: 0.8893755675444689
44		75.31		0.89084		0.87712		0.79587		0.74468		0.90206		0.81585		0.60526
AUC improved at epoch  44 ;	best_auc: 0.8908445061695422
45		76.44		0.89047		0.8797		0.81395		0.78505		0.86598		0.82353		0.63119
46		77.9		0.89015		0.88196		0.8062		0.77169		0.87113		0.8184		0.61745
47		79.11		0.88983		0.88285		0.78811		0.73729		0.89691		0.8093		0.59007
48		80.35		0.89165		0.88268		0.79328		0.74569		0.89175		0.81221		0.59801
AUC improved at epoch  48 ;	best_auc: 0.8916457454195823
49		82.15		0.8944		0.88415		0.81137		0.78947		0.85052		0.81886		0.62454
AUC improved at epoch  49 ;	best_auc: 0.8943966668447199
50		83.76		0.89303		0.88382		0.8062		0.76211		0.89175		0.82185		0.62134
51		85.06		0.89349		0.88375		0.80103		0.75546		0.89175		0.81797		0.61198
52		86.25		0.89584		0.88566		0.82171		0.80193		0.85567		0.82793		0.6448
AUC improved at epoch  52 ;	best_auc: 0.895838897494792
53		87.41		0.89741		0.88655		0.82171		0.80193		0.85567		0.82793		0.6448
AUC improved at epoch  53 ;	best_auc: 0.8974146680198708
54		88.61		0.89282		0.88116		0.80103		0.74274		0.92268		0.82299		0.62042
55		90.1		0.89223		0.88329		0.8062		0.77674		0.86082		0.81663		0.61593
56		91.76		0.894		0.88498		0.81912		0.83333		0.79897		0.81579		0.63883
57		93.33		0.89181		0.87739		0.82171		0.77533		0.90722		0.8361		0.65282
58		94.63		0.89165		0.88085		0.80879		0.77027		0.88144		0.82212		0.624
59		96.74		0.89381		0.88663		0.82429		0.81818		0.83505		0.82653		0.6487
60		98.13		0.89683		0.88505		0.82429		0.79439		0.87629		0.83333		0.65198
61		99.48		0.89715		0.88455		0.82946		0.79091		0.89691		0.84058		0.66483
62		101.12		0.89688		0.8879		0.82946		0.80769		0.86598		0.83582		0.66058
63		102.93		0.89333		0.88779		0.82429		0.815		0.84021		0.82741		0.64886
64		104.45		0.89282		0.88445		0.81654		0.77828		0.8866		0.82892		0.6392
65		106.02		0.89563		0.8861		0.82946		0.79091		0.89691		0.84058		0.66483
66		107.4		0.8999		0.89243		0.83204		0.82741		0.84021		0.83376		0.66415
AUC improved at epoch  66 ;	best_auc: 0.899898509694995
67		108.62		0.90115		0.89394		0.81654		0.79426		0.85567		0.82382		0.63491
AUC improved at epoch  67 ;	best_auc: 0.9011537845200577
68		109.96		0.90051		0.89094		0.82171		0.77293		0.91237		0.83688		0.65404
69		111.09		0.90182		0.89294		0.82429		0.80288		0.86082		0.83085		0.65022
AUC improved at epoch  69 ;	best_auc: 0.901821483895091
70		113.16		0.8999		0.89361		0.81395		0.82105		0.80412		0.8125		0.62806
71		114.39		0.89301		0.88788		0.81395		0.7563		0.92784		0.83333		0.64459
72		115.55		0.89947		0.89518		0.81395		0.79612		0.84536		0.82		0.62906
73		116.86		0.90716		0.89725		0.84496		0.86022		0.82474		0.84211		0.69054
AUC improved at epoch  73 ;	best_auc: 0.9071630788953582
74		118.06		0.90631		0.89589		0.83979		0.81429		0.88144		0.84653		0.68185
75		119.32		0.90217		0.8995		0.81654		0.8		0.84536		0.82206		0.63404
76		120.57		0.9019		0.89942		0.80879		0.79412		0.83505		0.81407		0.61834
77		122.06		0.91202		0.90616		0.84496		0.84184		0.85052		0.84615		0.68995
AUC improved at epoch  77 ;	best_auc: 0.9120239303456011
78		123.52		0.91138		0.90479		0.83979		0.83673		0.84536		0.84103		0.67961
79		124.78		0.90898		0.90723		0.82946		0.82		0.84536		0.83249		0.6592
80		126.21		0.9121		0.91065		0.82946		0.7963		0.8866		0.83902		0.66311
AUC improved at epoch  80 ;	best_auc: 0.9121040542706051
81		128.26		0.92164		0.91765		0.8553		0.845		0.87113		0.85787		0.71091
AUC improved at epoch  81 ;	best_auc: 0.9216388013460819
82		129.89		0.92217		0.91732		0.86305		0.86154		0.86598		0.86375		0.7261
AUC improved at epoch  82 ;	best_auc: 0.9221729608461086
83		131.11		0.92233		0.92132		0.85271		0.81279		0.91753		0.86199		0.71129
AUC improved at epoch  83 ;	best_auc: 0.9223332086961167
84		132.49		0.9164		0.91843		0.84238		0.84817		0.83505		0.84156		0.68485
85		133.66		0.93112		0.92944		0.86822		0.84211		0.90722		0.87345		0.7386
AUC improved at epoch  85 ;	best_auc: 0.9311201324715561
86		135.01		0.93133		0.92723		0.8708		0.85644		0.89175		0.87374		0.74221
AUC improved at epoch  86 ;	best_auc: 0.9313337962715666
87		136.78		0.93254		0.93005		0.87597		0.89247		0.85567		0.87368		0.75261
AUC improved at epoch  87 ;	best_auc: 0.9325356551466267
88		138.46		0.92474		0.92395		0.84755		0.81395		0.90206		0.85575		0.69913
89		139.73		0.92821		0.92871		0.8553		0.85938		0.85052		0.85492		0.71064
90		141.49		0.93617		0.93401		0.8708		0.875		0.86598		0.87047		0.74165
AUC improved at epoch  90 ;	best_auc: 0.9361679397468086
91		143.01		0.93716		0.93228		0.8708		0.83333		0.92784		0.87805		0.74637
AUC improved at epoch  91 ;	best_auc: 0.9371561348218578
92		144.22		0.93724		0.93444		0.87339		0.89617		0.84536		0.87003		0.74801
AUC improved at epoch  92 ;	best_auc: 0.9372362587468619
93		145.37		0.93534		0.93437		0.85271		0.80717		0.92784		0.86331		0.71337
94		146.58		0.93449		0.9347		0.87597		0.87629		0.87629		0.87629		0.75194
95		148.0		0.939		0.93822		0.88114		0.88947		0.87113		0.88021		0.76245
AUC improved at epoch  95 ;	best_auc: 0.9389989850969499
96		149.39		0.94028		0.93872		0.8708		0.83645		0.92268		0.87745		0.74553
AUC improved at epoch  96 ;	best_auc: 0.940280967897014
97		150.73		0.94031		0.93908		0.88114		0.88144		0.88144		0.88144		0.76227
AUC improved at epoch  97 ;	best_auc: 0.9403076758720155
98		152.13		0.94156		0.94053		0.88114		0.86634		0.90206		0.88384		0.7629
AUC improved at epoch  98 ;	best_auc: 0.9415629506970782
99		154.13		0.94183		0.94157		0.89664		0.885		0.91237		0.89848		0.79365
AUC improved at epoch  99 ;	best_auc: 0.9418300304470916
100		155.79		0.94375		0.9434		0.88889		0.88325		0.89691		0.89003		0.77786
AUC improved at epoch  100 ;	best_auc: 0.9437530046471877
101		157.63		0.94359		0.94262		0.87855		0.88083		0.87629		0.87855		0.75712
102		158.8		0.94498		0.94316		0.88372		0.87817		0.89175		0.88491		0.76752
AUC improved at epoch  102 ;	best_auc: 0.944981571497249
103		160.2		0.94461		0.94408		0.88114		0.87		0.89691		0.88325		0.76262
104		161.46		0.94301		0.94304		0.88372		0.8599		0.91753		0.88778		0.76914
105		162.65		0.94306		0.94293		0.87855		0.88482		0.87113		0.87792		0.75721
106		163.9		0.94549		0.94251		0.86047		0.80435		0.95361		0.87264		0.73361
AUC improved at epoch  106 ;	best_auc: 0.9454890230222744
107		166.16		0.94335		0.94172		0.84238		0.91304		0.75773		0.82817		0.69506
108		167.73		0.94445		0.94455		0.8863		0.84404		0.94845		0.8932		0.77855
109		169.18		0.94325		0.94445		0.8708		0.81858		0.95361		0.88095		0.75185
110		170.4		0.93825		0.9407		0.85271		0.86631		0.83505		0.85039		0.70591
111		171.78		0.94132		0.94237		0.86047		0.88462		0.8299		0.85638		0.72236
112		172.9		0.94231		0.94026		0.87855		0.86935		0.89175		0.88041		0.75734
113		174.05		0.94191		0.93927		0.87339		0.83721		0.92784		0.8802		0.75114
114		175.23		0.94124		0.93896		0.88114		0.85238		0.92268		0.88614		0.76484
115		176.92		0.94199		0.94046		0.8863		0.875		0.90206		0.88832		0.77296
116		178.55		0.94455		0.94381		0.88889		0.8794		0.90206		0.89059		0.77802
117		180.16		0.94234		0.94087		0.87597		0.84762		0.91753		0.88119		0.75447
118		181.91		0.939		0.93697		0.86563		0.84135		0.90206		0.87065		0.73314
119		183.41		0.94325		0.94185		0.87597		0.87245		0.88144		0.87692		0.75197
120		185.02		0.94669		0.94509		0.89406		0.86256		0.93814		0.89877		0.79112
AUC improved at epoch  120 ;	best_auc: 0.9466908818973345
121		186.49		0.94704		0.9451		0.87597		0.83486		0.93814		0.8835		0.75771
AUC improved at epoch  121 ;	best_auc: 0.9470380855723519
122		187.97		0.94867		0.94671		0.89922		0.8934		0.90722		0.90026		0.79854
AUC improved at epoch  122 ;	best_auc: 0.9486672720474334
123		189.14		0.94936		0.94701		0.90181		0.90206		0.90206		0.90206		0.80362
AUC improved at epoch  123 ;	best_auc: 0.9493616793974682
124		190.34		0.94677		0.94508		0.86822		0.83256		0.92268		0.87531		0.74074
125		191.73		0.94656		0.94728		0.88372		0.88205		0.8866		0.88432		0.76745
126		193.53		0.94757		0.94772		0.89406		0.87685		0.91753		0.89673		0.78894
127		194.67		0.94825		0.94609		0.89406		0.85581		0.94845		0.89976		0.79274
128		195.83		0.94733		0.94339		0.89406		0.86603		0.93299		0.89826		0.79045
129		197.36		0.94565		0.94243		0.89406		0.88832		0.90206		0.89514		0.7882
130		198.81		0.94586		0.94285		0.88114		0.84259		0.93814		0.8878		0.76718
131		200.25		0.94739		0.94545		0.87855		0.83258		0.94845		0.88675		0.7645
132		201.64		0.94773		0.94634		0.90956		0.89552		0.92784		0.91139		0.81964
133		202.83		0.95004		0.94824		0.90698		0.8835		0.93814		0.91		0.81549
AUC improved at epoch  133 ;	best_auc: 0.9500427327600022
134		204.88		0.95011		0.94816		0.88889		0.84793		0.94845		0.89538		0.78326
AUC improved at epoch  134 ;	best_auc: 0.9501095026975055
135		206.41		0.94808		0.94707		0.89147		0.86538		0.92784		0.89552		0.78496
136		207.75		0.9504		0.94946		0.90181		0.88614		0.92268		0.90404		0.80428
AUC improved at epoch  136 ;	best_auc: 0.9504032904225201
137		208.88		0.95171		0.95037		0.89664		0.85981		0.94845		0.90196		0.7975
AUC improved at epoch  137 ;	best_auc: 0.9517119811975855
138		210.12		0.95067		0.95049		0.89664		0.86321		0.9433		0.90148		0.79669
139		211.29		0.95027		0.95023		0.89406		0.87317		0.92268		0.89724		0.78936
140		212.96		0.94998		0.94972		0.89406		0.87317		0.92268		0.89724		0.78936
141		214.44		0.95139		0.95103		0.89406		0.86957		0.92784		0.89776		0.78986
142		215.74		0.95238		0.952		0.91214		0.89216		0.93814		0.91457		0.82537
AUC improved at epoch  142 ;	best_auc: 0.952379680572619
143		217.85		0.95291		0.95228		0.91731		0.8932		0.94845		0.92		0.83621
AUC improved at epoch  143 ;	best_auc: 0.9529138400726457
144		219.0		0.95301		0.95215		0.90698		0.87619		0.94845		0.91089		0.81671
AUC improved at epoch  144 ;	best_auc: 0.9530073179851504
145		220.25		0.95238		0.95217		0.90439		0.88293		0.93299		0.90727		0.81007
146		221.37		0.95247		0.95255		0.90439		0.8756		0.9433		0.90819		0.81119
147		222.64		0.95255		0.9535		0.90698		0.87619		0.94845		0.91089		0.81671
148		223.77		0.95233		0.95293		0.90698		0.87619		0.94845		0.91089		0.81671
149		224.98		0.95177		0.9518		0.89922		0.87081		0.93814		0.90323		0.80082
150		226.24		0.95123		0.95179		0.89664		0.87019		0.93299		0.9005		0.79533
151		227.57		0.95203		0.95398		0.89664		0.87379		0.92784		0.9		0.79478
152		229.24		0.9551		0.95642		0.89664		0.85981		0.94845		0.90196		0.7975
AUC improved at epoch  152 ;	best_auc: 0.9551038940227552
153		230.53		0.95377		0.95549		0.89406		0.86256		0.93814		0.89877		0.79112
154		231.97		0.9504		0.95365		0.89922		0.87805		0.92784		0.90226		0.79971
155		233.33		0.94899		0.9525		0.88372		0.8599		0.91753		0.88778		0.76914
156		234.91		0.95011		0.95275		0.89147		0.86538		0.92784		0.89552		0.78496
157		236.52		0.95177		0.95397		0.90439		0.8756		0.9433		0.90819		0.81119
158		237.92		0.95185		0.95417		0.90956		0.8878		0.93814		0.91228		0.82042
159		239.1		0.95128		0.95356		0.90956		0.8878		0.93814		0.91228		0.82042
160		240.38		0.95067		0.95325		0.89664		0.885		0.91237		0.89848		0.79365
161		242.02		0.95381		0.95554		0.89664		0.86667		0.93814		0.90099		0.79596
162		243.68		0.95554		0.95696		0.89147		0.85849		0.93814		0.89655		0.7863
AUC improved at epoch  162 ;	best_auc: 0.9555445756102772
163		244.83		0.95484		0.95685		0.89922		0.8673		0.9433		0.9037		0.8015
164		245.95		0.95286		0.95424		0.89406		0.86603		0.93299		0.89826		0.79045
165		247.72		0.95124		0.95236		0.89922		0.88177		0.92268		0.90176		0.79929
166		249.43		0.95106		0.95189		0.89922		0.88177		0.92268		0.90176		0.79929
167		251.17		0.9527		0.95457		0.88889		0.86124		0.92784		0.8933		0.78008
168		252.63		0.95474		0.95791		0.89406		0.87317		0.92268		0.89724		0.78936
169		253.86		0.95432		0.95739		0.89664		0.86667		0.93814		0.90099		0.79596
170		254.97		0.95275		0.95524		0.89147		0.85849		0.93814		0.89655		0.7863
171		256.13		0.95158		0.9539		0.89147		0.85849		0.93814		0.89655		0.7863
172		257.26		0.94925		0.95217		0.8863		0.85047		0.93814		0.89216		0.77671
173		258.52		0.95		0.95356		0.89406		0.88442		0.90722		0.89567		0.78836
174		259.9		0.95289		0.95617		0.8863		0.85714		0.92784		0.89109		0.77522
175		261.85		0.95396		0.95746		0.88372		0.85308		0.92784		0.88889		0.77037
176		263.01		0.95505		0.9588		0.88889		0.86473		0.92268		0.89277		0.7795
177		264.27		0.95584		0.95902		0.8863		0.85714		0.92784		0.89109		0.77522
AUC improved at epoch  177 ;	best_auc: 0.955838363335292
178		265.42		0.95448		0.95632		0.88889		0.85782		0.93299		0.89383		0.78075
179		266.89		0.95441		0.95676		0.90181		0.88235		0.92784		0.90452		0.80467
180		268.46		0.9537		0.95566		0.89922		0.8744		0.93299		0.90274		0.80022
181		270.23		0.95322		0.95483		0.88372		0.85308		0.92784		0.88889		0.77037
182		271.76		0.95262		0.95552		0.89406		0.86957		0.92784		0.89776		0.78986
183		273.2		0.95087		0.95364		0.89922		0.8744		0.93299		0.90274		0.80022
184		274.56		0.95147		0.95463		0.89664		0.87379		0.92784		0.9		0.79478
185		275.81		0.95223		0.95441		0.88889		0.85446		0.93814		0.89435		0.7815
186		277.2		0.95138		0.95291		0.88889		0.85782		0.93299		0.89383		0.78075
187		278.64		0.95055		0.95217		0.89664		0.87379		0.92784		0.9		0.79478
188		280.16		0.95083		0.95293		0.89147		0.88384		0.90206		0.89286		0.7831
189		281.58		0.95201		0.95488		0.89664		0.87379		0.92784		0.9		0.79478
190		283.22		0.95355		0.95671		0.89147		0.8619		0.93299		0.89604		0.78559
191		285.47		0.95368		0.95359		0.88889		0.85782		0.93299		0.89383		0.78075
192		286.73		0.95441		0.95814		0.89147		0.8619		0.93299		0.89604		0.78559
193		287.87		0.95424		0.95791		0.89406		0.87317		0.92268		0.89724		0.78936
194		289.21		0.95542		0.95822		0.88889		0.86473		0.92268		0.89277		0.7795
195		290.62		0.95373		0.95648		0.8863		0.86058		0.92268		0.89055		0.7746
196		291.94		0.95342		0.95545		0.89147		0.87255		0.91753		0.89447		0.78396
197		293.21		0.95363		0.95503		0.89147		0.87255		0.91753		0.89447		0.78396
198		294.5		0.95457		0.95651		0.89922		0.87805		0.92784		0.90226		0.79971
199		295.97		0.95464		0.9572		0.89406		0.86603		0.93299		0.89826		0.79045
200		297.67		0.95433		0.95437		0.8863		0.85047		0.93814		0.89216		0.77671
201		299.36		0.95524		0.95575		0.88114		0.84259		0.93814		0.8878		0.76718
202		300.62		0.95663		0.95677		0.8863		0.85047		0.93814		0.89216		0.77671
AUC improved at epoch  202 ;	best_auc: 0.9566262485978313
203		301.83		0.95668		0.95899		0.89147		0.86538		0.92784		0.89552		0.78496
AUC improved at epoch  203 ;	best_auc: 0.956679664547834
204		303.16		0.95513		0.95739		0.89147		0.87624		0.91237		0.89394		0.78359
205		304.36		0.95534		0.95772		0.8863		0.86765		0.91237		0.88945		0.77361
206		305.65		0.95497		0.95832		0.89147		0.8619		0.93299		0.89604		0.78559
207		307.0		0.95509		0.95886		0.88889		0.85446		0.93814		0.89435		0.7815
208		308.3		0.95378		0.95498		0.89147		0.85849		0.93814		0.89655		0.7863
209		309.77		0.95279		0.95369		0.89922		0.8673		0.9433		0.9037		0.8015
210		311.26		0.95245		0.95335		0.90181		0.87143		0.9433		0.90594		0.80634
211		312.55		0.95189		0.95231		0.89922		0.87081		0.93814		0.90323		0.80082
212		313.89		0.95191		0.95232		0.89922		0.8673		0.9433		0.9037		0.8015
213		315.31		0.95261		0.95392		0.89664		0.86667		0.93814		0.90099		0.79596
214		316.8		0.95241		0.95417		0.89664		0.87379		0.92784		0.9		0.79478
215		318.09		0.95275		0.95717		0.89664		0.87379		0.92784		0.9		0.79478
216		319.53		0.95279		0.95708		0.88889		0.86473		0.92268		0.89277		0.7795
217		320.91		0.95286		0.95714		0.89406		0.87317		0.92268		0.89724		0.78936
218		322.25		0.95342		0.95759		0.89147		0.86893		0.92268		0.895		0.78442
219		323.5		0.95416		0.95839		0.89406		0.86603		0.93299		0.89826		0.79045
220		325.03		0.95534		0.95933		0.89406		0.86256		0.93814		0.89877		0.79112
221		326.43		0.95521		0.95898		0.89406		0.85915		0.9433		0.89926		0.79189
222		327.85		0.95506		0.95881		0.88889		0.85782		0.93299		0.89383		0.78075
223		329.32		0.95436		0.95603		0.89147		0.85849		0.93814		0.89655		0.7863
224		330.68		0.95418		0.95598		0.89664		0.87019		0.93299		0.9005		0.79533
225		332.61		0.95421		0.95583		0.90181		0.87864		0.93299		0.905		0.80514
226		334.04		0.95492		0.95639		0.89922		0.87081		0.93814		0.90323		0.80082
227		335.3		0.95521		0.95621		0.90439		0.88293		0.93299		0.90727		0.81007
228		336.69		0.95578		0.95646		0.90698		0.88725		0.93299		0.90955		0.81502
229		337.95		0.9558		0.95689		0.90181		0.87864		0.93299		0.905		0.80514
230		339.48		0.95639		0.95771		0.90698		0.87981		0.9433		0.91045		0.81606
231		340.88		0.95627		0.95828		0.90181		0.87143		0.9433		0.90594		0.80634
232		342.25		0.95613		0.95868		0.88889		0.85782		0.93299		0.89383		0.78075
233		343.54		0.9556		0.958		0.89922		0.8744		0.93299		0.90274		0.80022
234		344.95		0.95461		0.95724		0.90956		0.89163		0.93299		0.91184		0.81999
235		346.41		0.95432		0.95934		0.90439		0.89055		0.92268		0.90633		0.8093
236		348.06		0.9533		0.95834		0.90698		0.895		0.92268		0.90863		0.81433
237		349.36		0.95259		0.9575		0.89922		0.87805		0.92784		0.90226		0.79971
238		351.28		0.95173		0.954		0.88889		0.85782		0.93299		0.89383		0.78075
239		352.79		0.95368		0.95609		0.89664		0.87019		0.93299		0.9005		0.79533
240		353.91		0.955		0.95732		0.89147		0.86538		0.92784		0.89552		0.78496
241		355.17		0.95569		0.95769		0.90181		0.88235		0.92784		0.90452		0.80467
242		356.29		0.95573		0.95743		0.89406		0.86957		0.92784		0.89776		0.78986
243		357.63		0.95584		0.95716		0.88889		0.85782		0.93299		0.89383		0.78075
244		358.91		0.95461		0.9559		0.8863		0.85714		0.92784		0.89109		0.77522
245		360.03		0.95496		0.95663		0.88889		0.86124		0.92784		0.8933		0.78008
246		361.23		0.95466		0.95701		0.90181		0.88235		0.92784		0.90452		0.80467
247		363.27		0.95442		0.957		0.90181		0.89394		0.91237		0.90306		0.80378
248		364.58		0.9556		0.95761		0.90439		0.89055		0.92268		0.90633		0.8093
249		365.76		0.95701		0.95799		0.89664		0.87379		0.92784		0.9		0.79478
AUC improved at epoch  249 ;	best_auc: 0.9570135142353506
250		367.15		0.95773		0.95802		0.89664		0.86321		0.9433		0.90148		0.79669
AUC improved at epoch  250 ;	best_auc: 0.9577346295603867
251		368.53		0.95648		0.95665		0.89664		0.85981		0.94845		0.90196		0.7975
252		369.88		0.95611		0.95662		0.89922		0.88177		0.92268		0.90176		0.79929
253		371.29		0.95441		0.95554		0.90439		0.89848		0.91237		0.90537		0.80887
254		372.83		0.95317		0.95447		0.90439		0.89848		0.91237		0.90537		0.80887
255		374.54		0.95425		0.95564		0.90698		0.89109		0.92784		0.90909		0.81463
256		376.33		0.95532		0.95671		0.89664		0.85981		0.94845		0.90196		0.7975
257		377.63		0.95616		0.95687		0.8863		0.84091		0.95361		0.89372		0.7796
258		379.1		0.95672		0.95703		0.89147		0.85514		0.9433		0.89706		0.7871
259		380.78		0.95552		0.95553		0.89664		0.87379		0.92784		0.9		0.79478
260		382.48		0.95516		0.95815		0.92248		0.91837		0.92784		0.92308		0.845
261		383.69		0.95438		0.95811		0.90439		0.89447		0.91753		0.90585		0.80904
262		384.92		0.9521		0.95665		0.8863		0.86765		0.91237		0.88945		0.77361
263		386.13		0.95042		0.95343		0.88114		0.85577		0.91753		0.88557		0.76423
264		387.34		0.95384		0.95675		0.89664		0.87379		0.92784		0.9		0.79478
265		388.85		0.9551		0.95824		0.90181		0.875		0.93814		0.90547		0.80569
266		390.23		0.95525		0.95804		0.90439		0.87923		0.93814		0.90773		0.81058
267		391.91		0.9553		0.95754		0.89922		0.8744		0.93299		0.90274		0.80022
268		393.5		0.95504		0.95689		0.90181		0.875		0.93814		0.90547		0.80569
269		394.86		0.95465		0.9563		0.89922		0.87805		0.92784		0.90226		0.79971
270		396.05		0.95354		0.95481		0.90181		0.88614		0.92268		0.90404		0.80428
271		397.43		0.95305		0.95424		0.89664		0.885		0.91237		0.89848		0.79365
272		399.21		0.9545		0.95516		0.89922		0.88557		0.91753		0.90127		0.79895
273		400.63		0.95664		0.95701		0.89922		0.87081		0.93814		0.90323		0.80082
274		402.08		0.95667		0.95696		0.89664		0.86321		0.9433		0.90148		0.79669
275		403.47		0.95526		0.95613		0.90439		0.87923		0.93814		0.90773		0.81058
276		405.24		0.95267		0.95463		0.90956		0.89163		0.93299		0.91184		0.81999
277		406.39		0.94998		0.95218		0.89922		0.8934		0.90722		0.90026		0.79854
278		407.72		0.94885		0.95145		0.89664		0.885		0.91237		0.89848		0.79365
279		409.04		0.95067		0.95321		0.88372		0.86341		0.91237		0.88722		0.76865
280		410.89		0.95327		0.95588		0.89147		0.86893		0.92268		0.895		0.78442
281		412.41		0.95534		0.95807		0.89922		0.87081		0.93814		0.90323		0.80082
282		413.75		0.95644		0.95898		0.89664		0.87019		0.93299		0.9005		0.79533
283		415.04		0.95721		0.95952		0.90181		0.87864		0.93299		0.905		0.80514
284		417.02		0.95716		0.95893		0.89664		0.87745		0.92268		0.8995		0.79431
285		418.15		0.95677		0.9586		0.89406		0.86603		0.93299		0.89826		0.79045
286		419.35		0.9557		0.95738		0.89147		0.86538		0.92784		0.89552		0.78496
287		420.59		0.95522		0.95684		0.89406		0.86957		0.92784		0.89776		0.78986
288		422.34		0.95452		0.95531		0.89664		0.87379		0.92784		0.9		0.79478
289		424.23		0.95401		0.95483		0.89664		0.87379		0.92784		0.9		0.79478
290		425.78		0.95369		0.95433		0.89406		0.87317		0.92268		0.89724		0.78936
291		427.26		0.95386		0.95432		0.89922		0.87081		0.93814		0.90323		0.80082
292		429.27		0.9543		0.95471		0.89922		0.8673		0.9433		0.9037		0.8015
293		430.53		0.95442		0.9548		0.89664		0.86321		0.9433		0.90148		0.79669
294		431.73		0.95476		0.95541		0.88889		0.85116		0.9433		0.89487		0.78234
295		432.87		0.95464		0.95524		0.89664		0.86667		0.93814		0.90099		0.79596
296		434.13		0.95457		0.95512		0.89922		0.87081		0.93814		0.90323		0.80082
297		435.25		0.95429		0.95486		0.90181		0.87864		0.93299		0.905		0.80514
298		436.34		0.9542		0.95519		0.90439		0.88293		0.93299		0.90727		0.81007
299		437.48		0.95425		0.95542		0.90698		0.8835		0.93814		0.91		0.81549
300		438.86		0.95426		0.95549		0.90956		0.88406		0.9433		0.91272		0.82094
301		440.75		0.95417		0.95559		0.90181		0.875		0.93814		0.90547		0.80569
302		441.86		0.95469		0.95604		0.89406		0.86957		0.92784		0.89776		0.78986
303		443.57		0.95425		0.95567		0.89406		0.86957		0.92784		0.89776		0.78986
304		445.05		0.95397		0.95522		0.89664		0.87379		0.92784		0.9		0.79478
305		446.49		0.9535		0.95451		0.89664		0.87745		0.92268		0.8995		0.79431
306		447.86		0.95343		0.95439		0.89406		0.87317		0.92268		0.89724		0.78936
307		449.04		0.95363		0.95452		0.89922		0.87805		0.92784		0.90226		0.79971
308		450.38		0.95426		0.95505		0.89922		0.87805		0.92784		0.90226		0.79971
309		451.93		0.9546		0.95543		0.90181		0.88235		0.92784		0.90452		0.80467
310		453.3		0.95502		0.95588		0.89664		0.87379		0.92784		0.9		0.79478
311		455.1		0.95572		0.95666		0.89664		0.87379		0.92784		0.9		0.79478
312		456.64		0.95631		0.95708		0.90181		0.875		0.93814		0.90547		0.80569
313		458.4		0.9568		0.9575		0.90698		0.87619		0.94845		0.91089		0.81671
314		459.69		0.95691		0.95774		0.90181		0.87143		0.9433		0.90594		0.80634
315		460.9		0.95657		0.95709		0.90181		0.875		0.93814		0.90547		0.80569
316		462.27		0.95581		0.95663		0.90698		0.8835		0.93814		0.91		0.81549
317		463.49		0.95496		0.95589		0.90698		0.8835		0.93814		0.91		0.81549
318		464.69		0.95453		0.95539		0.90439		0.88293		0.93299		0.90727		0.81007
319		465.86		0.9544		0.95548		0.89664		0.87379		0.92784		0.9		0.79478
320		466.99		0.95456		0.95586		0.89664		0.87379		0.92784		0.9		0.79478
321		469.05		0.95437		0.95585		0.89406		0.86603		0.93299		0.89826		0.79045
322		470.24		0.95473		0.95624		0.89406		0.86603		0.93299		0.89826		0.79045
323		471.41		0.95485		0.95658		0.89664		0.87019		0.93299		0.9005		0.79533
324		472.75		0.95441		0.95641		0.89147		0.86538		0.92784		0.89552		0.78496
325		474.25		0.95432		0.95653		0.89147		0.86893		0.92268		0.895		0.78442
326		476.47		0.95482		0.95679		0.89664		0.87019		0.93299		0.9005		0.79533
327		477.69		0.9551		0.95695		0.90181		0.87143		0.9433		0.90594		0.80634
328		478.91		0.95453		0.95622		0.90181		0.87143		0.9433		0.90594		0.80634
329		480.24		0.95337		0.95451		0.90181		0.87864		0.93299		0.905		0.80514
330		482.34		0.95322		0.95441		0.90956		0.89163		0.93299		0.91184		0.81999
331		483.87		0.95317		0.95449		0.90181		0.89		0.91753		0.90355		0.80399
332		485.47		0.95273		0.95433		0.90439		0.89848		0.91237		0.90537		0.80887
333		486.83		0.95327		0.95453		0.90698		0.89109		0.92784		0.90909		0.81463
334		488.01		0.95417		0.95567		0.90181		0.87864		0.93299		0.905		0.80514
335		489.3		0.95465		0.95587		0.89922		0.8673		0.9433		0.9037		0.8015
336		490.58		0.95481		0.95584		0.89664		0.86321		0.9433		0.90148		0.79669
337		492.6		0.95497		0.95591		0.89922		0.87081		0.93814		0.90323		0.80082
338		494.59		0.95501		0.95589		0.90439		0.87923		0.93814		0.90773		0.81058
339		495.94		0.9548		0.95554		0.90698		0.89109		0.92784		0.90909		0.81463
340		497.16		0.95521		0.95612		0.90439		0.8867		0.92784		0.9068		0.80964
341		498.47		0.9558		0.95699		0.90439		0.89055		0.92268		0.90633		0.8093
342		499.65		0.95607		0.9563		0.90181		0.88235		0.92784		0.90452		0.80467
343		500.78		0.95632		0.95635		0.89664		0.87019		0.93299		0.9005		0.79533
344		502.03		0.95576		0.95556		0.89922		0.87081		0.93814		0.90323		0.80082
345		503.59		0.95578		0.95534		0.90181		0.875		0.93814		0.90547		0.80569
346		505.33		0.95577		0.95518		0.90181		0.88235		0.92784		0.90452		0.80467
347		507.06		0.9555		0.955		0.90181		0.88614		0.92268		0.90404		0.80428
348		508.36		0.95513		0.9546		0.90439		0.89447		0.91753		0.90585		0.80904
349		509.62		0.95544		0.95503		0.90439		0.89447		0.91753		0.90585		0.80904
350		511.18		0.95493		0.95509		0.90439		0.8867		0.92784		0.9068		0.80964
351		512.72		0.95481		0.95514		0.90439		0.88293		0.93299		0.90727		0.81007
352		513.86		0.95474		0.95529		0.89922		0.8744		0.93299		0.90274		0.80022
353		515.08		0.95497		0.95557		0.89664		0.87019		0.93299		0.9005		0.79533
354		516.23		0.95537		0.95605		0.89664		0.87019		0.93299		0.9005		0.79533
355		517.74		0.95564		0.95594		0.90181		0.875		0.93814		0.90547		0.80569
356		519.52		0.95592		0.95581		0.90181		0.88235		0.92784		0.90452		0.80467
357		521.07		0.95593		0.95824		0.90698		0.89109		0.92784		0.90909		0.81463
358		522.29		0.95541		0.95779		0.89922		0.87805		0.92784		0.90226		0.79971
359		523.46		0.95477		0.95696		0.90181		0.87864		0.93299		0.905		0.80514
360		524.6		0.95422		0.95658		0.89664		0.87379		0.92784		0.9		0.79478
361		525.78		0.95321		0.95569		0.89147		0.86538		0.92784		0.89552		0.78496
362		527.08		0.95321		0.95572		0.89406		0.86957		0.92784		0.89776		0.78986
363		528.23		0.95338		0.95341		0.89664		0.87379		0.92784		0.9		0.79478
364		529.39		0.95402		0.95431		0.90439		0.88293		0.93299		0.90727		0.81007
365		530.54		0.95465		0.9554		0.90181		0.87864		0.93299		0.905		0.80514
366		532.25		0.95462		0.9554		0.91214		0.89604		0.93299		0.91414		0.82497
367		533.7		0.9551		0.95552		0.90698		0.8835		0.93814		0.91		0.81549
368		535.75		0.95497		0.95558		0.89922		0.87081		0.93814		0.90323		0.80082
369		537.11		0.95422		0.95454		0.89406		0.86256		0.93814		0.89877		0.79112
370		538.75		0.95426		0.95487		0.89664		0.87019		0.93299		0.9005		0.79533
371		540.31		0.95337		0.95443		0.89922		0.88177		0.92268		0.90176		0.79929
372		541.76		0.95227		0.95366		0.90439		0.89055		0.92268		0.90633		0.8093
373		543.19		0.95178		0.95336		0.90698		0.895		0.92268		0.90863		0.81433
374		544.64		0.9517		0.95315		0.91214		0.9		0.92784		0.91371		0.82467
375		545.97		0.95191		0.95317		0.90956		0.89552		0.92784		0.91139		0.81964
376		547.64		0.9519		0.953		0.90698		0.8835		0.93814		0.91		0.81549
377		549.42		0.95226		0.95269		0.90181		0.875		0.93814		0.90547		0.80569
378		550.74		0.95253		0.95279		0.90181		0.87864		0.93299		0.905		0.80514
379		552.19		0.95303		0.95415		0.90698		0.88725		0.93299		0.90955		0.81502
380		553.46		0.95235		0.9539		0.90181		0.88614		0.92268		0.90404		0.80428
381		554.83		0.95154		0.95342		0.89406		0.8806		0.91237		0.8962		0.78861
382		556.12		0.95169		0.95312		0.89147		0.87624		0.91237		0.89394		0.78359
383		557.36		0.95263		0.95323		0.89922		0.87805		0.92784		0.90226		0.79971
384		558.55		0.95357		0.95353		0.89664		0.87379		0.92784		0.9		0.79478
385		560.17		0.95438		0.95437		0.89922		0.87805		0.92784		0.90226		0.79971
386		561.92		0.95484		0.95479		0.90181		0.87864		0.93299		0.905		0.80514
387		563.52		0.95486		0.9552		0.90956		0.8878		0.93814		0.91228		0.82042
388		565.13		0.95414		0.95543		0.90698		0.8835		0.93814		0.91		0.81549
389		566.65		0.95353		0.95493		0.90181		0.875		0.93814		0.90547		0.80569
390		568.63		0.95281		0.95402		0.90439		0.87204		0.94845		0.90864		0.81188
391		570.67		0.95169		0.95268		0.89664		0.87019		0.93299		0.9005		0.79533
392		572.08		0.95078		0.95145		0.89664		0.87379		0.92784		0.9		0.79478
393		573.8		0.94983		0.94977		0.89664		0.88119		0.91753		0.89899		0.79394
394		575.61		0.95048		0.95065		0.8863		0.87129		0.90722		0.88889		0.77325
395		576.75		0.9515		0.95154		0.8863		0.86765		0.91237		0.88945		0.77361
396		578.04		0.95229		0.95232		0.88889		0.87562		0.90722		0.89114		0.77827
397		579.26		0.95342		0.95366		0.88889		0.87192		0.91237		0.89169		0.77859
398		580.39		0.95456		0.95482		0.89406		0.87317		0.92268		0.89724		0.78936
399		581.59		0.95553		0.9558		0.89922		0.8744		0.93299		0.90274		0.80022
400		582.85		0.95568		0.95579		0.89922		0.87081		0.93814		0.90323		0.80082
401		584.08		0.95608		0.95579		0.89922		0.8673		0.9433		0.9037		0.8015
402		585.28		0.95513		0.95424		0.90181		0.875		0.93814		0.90547		0.80569
403		587.03		0.95414		0.9535		0.90181		0.89		0.91753		0.90355		0.80399
404		588.45		0.95309		0.95223		0.89664		0.89286		0.90206		0.89744		0.79332
405		589.67		0.95254		0.95265		0.8863		0.87129		0.90722		0.88889		0.77325
406		590.85		0.95233		0.95305		0.89147		0.86893		0.92268		0.895		0.78442
407		592.02		0.95238		0.95339		0.88889		0.86124		0.92784		0.8933		0.78008
408		593.18		0.95189		0.95338		0.89406		0.86957		0.92784		0.89776		0.78986
409		594.64		0.95246		0.95372		0.89406		0.87317		0.92268		0.89724		0.78936
410		596.21		0.95339		0.95384		0.89922		0.88177		0.92268		0.90176		0.79929
411		597.71		0.95386		0.95372		0.89406		0.87317		0.92268		0.89724		0.78936
412		599.24		0.95426		0.95387		0.89664		0.87745		0.92268		0.8995		0.79431
413		600.48		0.95434		0.95372		0.89922		0.87805		0.92784		0.90226		0.79971
414		601.96		0.9548		0.95438		0.90181		0.88614		0.92268		0.90404		0.80428
415		603.23		0.95517		0.9544		0.89922		0.88557		0.91753		0.90127		0.79895
416		604.62		0.95573		0.95559		0.90439		0.8867		0.92784		0.9068		0.80964
417		605.92		0.95583		0.95603		0.90181		0.87864		0.93299		0.905		0.80514
418		607.6		0.95516		0.95528		0.90181		0.875		0.93814		0.90547		0.80569
419		609.23		0.95452		0.95462		0.90439		0.87923		0.93814		0.90773		0.81058
420		611.05		0.95416		0.95419		0.90181		0.875		0.93814		0.90547		0.80569
421		612.55		0.95322		0.95226		0.89922		0.8744		0.93299		0.90274		0.80022
422		613.79		0.95213		0.95084		0.89922		0.8744		0.93299		0.90274		0.80022
423		615.0		0.95104		0.95027		0.90439		0.89055		0.92268		0.90633		0.8093
424		616.14		0.95031		0.9496		0.90439		0.89447		0.91753		0.90585		0.80904
425		617.34		0.95031		0.94989		0.90181		0.89		0.91753		0.90355		0.80399
426		618.68		0.95079		0.95055		0.89664		0.88119		0.91753		0.89899		0.79394
427		620.03		0.95118		0.95113		0.89147		0.87255		0.91753		0.89447		0.78396
428		621.28		0.95179		0.9517		0.89406		0.87317		0.92268		0.89724		0.78936
429		622.94		0.95245		0.95253		0.89406		0.87317		0.92268		0.89724		0.78936
430		624.3		0.95372		0.95653		0.89406		0.86957		0.92784		0.89776		0.78986
431		625.48		0.9544		0.95682		0.89922		0.8744		0.93299		0.90274		0.80022
432		626.93		0.95433		0.95396		0.90439		0.88293		0.93299		0.90727		0.81007
433		628.26		0.95489		0.95453		0.90439		0.88293		0.93299		0.90727		0.81007
434		629.59		0.95473		0.95381		0.90439		0.8867		0.92784		0.9068		0.80964
435		630.95		0.95461		0.95395		0.90181		0.88235		0.92784		0.90452		0.80467
436		632.27		0.95453		0.95398		0.89406		0.86957		0.92784		0.89776		0.78986
437		633.41		0.95412		0.95317		0.89406		0.86957		0.92784		0.89776		0.78986
438		634.8		0.95378		0.95362		0.89664		0.87019		0.93299		0.9005		0.79533
439		636.05		0.9533		0.95265		0.89922		0.8744		0.93299		0.90274		0.80022
440		637.43		0.95314		0.95273		0.89922		0.8744		0.93299		0.90274		0.80022
441		638.83		0.95357		0.95336		0.89922		0.87805		0.92784		0.90226		0.79971
442		640.33		0.95382		0.95378		0.89664		0.87379		0.92784		0.9		0.79478
443		641.59		0.95412		0.95447		0.89922		0.8744		0.93299		0.90274		0.80022
444		642.99		0.9546		0.95549		0.89406		0.86957		0.92784		0.89776		0.78986
445		644.35		0.95461		0.95575		0.89406		0.86957		0.92784		0.89776		0.78986
446		645.77		0.95504		0.9561		0.89406		0.86957		0.92784		0.89776		0.78986
447		647.16		0.95517		0.956		0.89664		0.87379		0.92784		0.9		0.79478
448		648.45		0.95492		0.95539		0.89664		0.87379		0.92784		0.9		0.79478
449		649.95		0.95406		0.95408		0.89406		0.87317		0.92268		0.89724		0.78936
450		651.41		0.95342		0.95355		0.89922		0.88177		0.92268		0.90176		0.79929
451		652.9		0.95373		0.95378		0.88889		0.86829		0.91753		0.89223		0.779
452		654.2		0.95393		0.95402		0.89147		0.86893		0.92268		0.895		0.78442
453		655.73		0.95347		0.95388		0.89147		0.86893		0.92268		0.895		0.78442
454		657.09		0.9535		0.95389		0.88889		0.86473		0.92268		0.89277		0.7795
455		658.44		0.95307		0.95337		0.88889		0.86473		0.92268		0.89277		0.7795
456		659.84		0.95287		0.95333		0.89147		0.86893		0.92268		0.895		0.78442
457		661.38		0.95301		0.95342		0.89147		0.86893		0.92268		0.895		0.78442
458		662.72		0.95337		0.95358		0.89147		0.86893		0.92268		0.895		0.78442
459		663.98		0.95361		0.95373		0.89406		0.87317		0.92268		0.89724		0.78936
460		665.34		0.95302		0.95287		0.89406		0.87317		0.92268		0.89724		0.78936
461		666.75		0.95287		0.95277		0.89147		0.87255		0.91753		0.89447		0.78396
462		668.09		0.95282		0.95259		0.89406		0.87317		0.92268		0.89724		0.78936
463		669.33		0.95295		0.95267		0.89664		0.87745		0.92268		0.8995		0.79431
464		670.89		0.9533		0.95381		0.89664		0.87745		0.92268		0.8995		0.79431
465		672.31		0.95388		0.9547		0.89664		0.87745		0.92268		0.8995		0.79431
466		673.83		0.95445		0.95548		0.89664		0.87745		0.92268		0.8995		0.79431
467		675.2		0.95457		0.95574		0.89664		0.87745		0.92268		0.8995		0.79431
468		676.67		0.95516		0.95601		0.90181		0.87864		0.93299		0.905		0.80514
469		678.22		0.95506		0.95543		0.89922		0.8744		0.93299		0.90274		0.80022
470		679.95		0.95533		0.95562		0.90181		0.875		0.93814		0.90547		0.80569
471		681.15		0.95494		0.95516		0.90439		0.88293		0.93299		0.90727		0.81007
472		682.31		0.95482		0.95517		0.90439		0.88293		0.93299		0.90727		0.81007
473		683.65		0.95509		0.95554		0.90439		0.8867		0.92784		0.9068		0.80964
474		684.73		0.95458		0.95547		0.90181		0.88614		0.92268		0.90404		0.80428
475		685.96		0.95421		0.95465		0.89664		0.88119		0.91753		0.89899		0.79394
476		687.11		0.95393		0.95392		0.89922		0.87805		0.92784		0.90226		0.79971
477		688.2		0.95318		0.95283		0.90181		0.87864		0.93299		0.905		0.80514
478		689.34		0.95217		0.95153		0.89922		0.8744		0.93299		0.90274		0.80022
479		691.36		0.95169		0.95105		0.89922		0.8744		0.93299		0.90274		0.80022
480		692.47		0.95075		0.95062		0.89922		0.8744		0.93299		0.90274		0.80022
481		693.64		0.95016		0.95042		0.89664		0.87379		0.92784		0.9		0.79478
482		694.78		0.9496		0.94978		0.89147		0.87255		0.91753		0.89447		0.78396
483		696.42		0.94975		0.94995		0.88889		0.86829		0.91753		0.89223		0.779
484		698.11		0.95023		0.95054		0.89922		0.87805		0.92784		0.90226		0.79971
485		699.39		0.95095		0.95121		0.89922		0.87805		0.92784		0.90226		0.79971
486		700.7		0.95171		0.95111		0.90439		0.88293		0.93299		0.90727		0.81007
487		702.06		0.9523		0.95138		0.90439		0.88293		0.93299		0.90727		0.81007
488		704.13		0.95277		0.9519		0.90439		0.88293		0.93299		0.90727		0.81007
489		705.54		0.95258		0.95162		0.90181		0.87864		0.93299		0.905		0.80514
490		707.12		0.95265		0.95166		0.90439		0.88293		0.93299		0.90727		0.81007
491		708.93		0.9529		0.95222		0.90439		0.88293		0.93299		0.90727		0.81007
492		710.07		0.95309		0.95242		0.89922		0.87805		0.92784		0.90226		0.79971
493		711.33		0.95314		0.95298		0.89664		0.87379		0.92784		0.9		0.79478
494		712.5		0.95286		0.95297		0.89664		0.87745		0.92268		0.8995		0.79431
495		713.71		0.95291		0.95278		0.89922		0.88177		0.92268		0.90176		0.79929
496		714.92		0.95285		0.95259		0.90181		0.88614		0.92268		0.90404		0.80428
497		716.46		0.95235		0.95218		0.89664		0.87745		0.92268		0.8995		0.79431
498		718.22		0.95159		0.95137		0.89406		0.87317		0.92268		0.89724		0.78936
499		719.41		0.9502		0.95033		0.89406		0.87317		0.92268		0.89724		0.78936
500		720.64		0.94971		0.9501		0.89147		0.86893		0.92268		0.895		0.78442
501		721.84		0.9501		0.95045		0.89147		0.86893		0.92268		0.895		0.78442
502		723.3		0.95023		0.94997		0.89406		0.87317		0.92268		0.89724		0.78936
503		724.96		0.95018		0.94983		0.89922		0.88177		0.92268		0.90176		0.79929
504		726.41		0.95023		0.95004		0.90439		0.88293		0.93299		0.90727		0.81007
505		727.75		0.95044		0.95036		0.90698		0.88725		0.93299		0.90955		0.81502
506		729.35		0.95096		0.95076		0.90698		0.8835		0.93814		0.91		0.81549
507		731.04		0.95194		0.9525		0.89922		0.8744		0.93299		0.90274		0.80022
508		732.16		0.95219		0.95287		0.89664		0.87745		0.92268		0.8995		0.79431
509		733.28		0.95335		0.95366		0.89922		0.88177		0.92268		0.90176		0.79929
510		734.52		0.95442		0.95462		0.90439		0.8867		0.92784		0.9068		0.80964
511		736.2		0.95576		0.95559		0.90181		0.87864		0.93299		0.905		0.80514
512		737.74		0.95685		0.95914		0.90698		0.88725		0.93299		0.90955		0.81502
513		738.9		0.95592		0.95778		0.90439		0.88293		0.93299		0.90727		0.81007
514		740.65		0.95541		0.95726		0.90956		0.89163		0.93299		0.91184		0.81999
515		742.84		0.95468		0.95318		0.90439		0.8867		0.92784		0.9068		0.80964
516		744.62		0.95476		0.95324		0.90956		0.8878		0.93814		0.91228		0.82042
517		745.73		0.95456		0.95347		0.90439		0.87923		0.93814		0.90773		0.81058
518		746.85		0.95441		0.95394		0.90698		0.8835		0.93814		0.91		0.81549
519		748.04		0.95338		0.95281		0.90439		0.87923		0.93814		0.90773		0.81058
520		749.18		0.95277		0.95227		0.90439		0.88293		0.93299		0.90727		0.81007
521		750.74		0.95197		0.95116		0.89922		0.8744		0.93299		0.90274		0.80022
522		752.24		0.95174		0.95408		0.90181		0.88235		0.92784		0.90452		0.80467
523		753.86		0.9508		0.95312		0.89922		0.88177		0.92268		0.90176		0.79929
524		755.34		0.95075		0.95291		0.89922		0.88557		0.91753		0.90127		0.79895
525		757.12		0.95038		0.9521		0.89922		0.88557		0.91753		0.90127		0.79895
526		758.35		0.95075		0.94993		0.89664		0.88119		0.91753		0.89899		0.79394
527		759.7		0.9515		0.95076		0.89406		0.87685		0.91753		0.89673		0.78894
528		761.07		0.95249		0.952		0.90181		0.87864		0.93299		0.905		0.80514
529		762.43		0.95306		0.95249		0.90181		0.87864		0.93299		0.905		0.80514
530		763.6		0.95277		0.95194		0.90698		0.88725		0.93299		0.90955		0.81502
531		765.07		0.95202		0.95454		0.90439		0.8867		0.92784		0.9068		0.80964
532		766.35		0.9511		0.95355		0.90698		0.89109		0.92784		0.90909		0.81463
533		768.2		0.95022		0.94925		0.90181		0.88614		0.92268		0.90404		0.80428
534		769.85		0.95138		0.95042		0.89664		0.87745		0.92268		0.8995		0.79431
535		771.59		0.95219		0.9521		0.88889		0.86473		0.92268		0.89277		0.7795
536		772.94		0.95329		0.95327		0.89664		0.87745		0.92268		0.8995		0.79431
537		774.12		0.95226		0.95179		0.90439		0.89447		0.91753		0.90585		0.80904
538		775.24		0.95205		0.9513		0.91473		0.90452		0.92784		0.91603		0.82972
539		776.5		0.95217		0.95383		0.90439		0.8867		0.92784		0.9068		0.80964
540		777.88		0.95131		0.95228		0.89664		0.87379		0.92784		0.9		0.79478
541		779.07		0.95194		0.95301		0.89922		0.87805		0.92784		0.90226		0.79971
542		780.34		0.95221		0.95381		0.90698		0.895		0.92268		0.90863		0.81433
543		782.19		0.95158		0.95396		0.89922		0.8934		0.90722		0.90026		0.79854
544		783.65		0.95151		0.95425		0.89664		0.88119		0.91753		0.89899		0.79394
545		785.33		0.95106		0.95077		0.88372		0.85646		0.92268		0.88834		0.76971
546		786.66		0.95151		0.95103		0.8863		0.85714		0.92784		0.89109		0.77522
547		787.99		0.95214		0.95132		0.8863		0.85377		0.93299		0.89163		0.77592
548		789.6		0.95265		0.9515		0.90181		0.87864		0.93299		0.905		0.80514
549		791.1		0.95262		0.95142		0.90698		0.88725		0.93299		0.90955		0.81502
550		792.27		0.9533		0.95234		0.91473		0.9005		0.93299		0.91646		0.82998
551		793.54		0.95339		0.95209		0.90956		0.8878		0.93814		0.91228		0.82042
552		794.78		0.95349		0.95204		0.90439		0.87923		0.93814		0.90773		0.81058
553		796.0		0.95317		0.95144		0.90181		0.875		0.93814		0.90547		0.80569
554		797.32		0.95408		0.95254		0.90181		0.87864		0.93299		0.905		0.80514
555		798.51		0.95414		0.95277		0.90698		0.89109		0.92784		0.90909		0.81463
556		799.78		0.9545		0.95323		0.90439		0.89055		0.92268		0.90633		0.8093
557		801.21		0.955		0.95401		0.90439		0.8867		0.92784		0.9068		0.80964
558		802.9		0.95542		0.95426		0.90698		0.8835		0.93814		0.91		0.81549
559		804.29		0.95573		0.95457		0.90439		0.87923		0.93814		0.90773		0.81058
560		805.62		0.95583		0.95412		0.90439		0.87923		0.93814		0.90773		0.81058
561		807.12		0.95526		0.95314		0.90956		0.8878		0.93814		0.91228		0.82042
562		808.49		0.95494		0.95291		0.91214		0.89216		0.93814		0.91457		0.82537
563		809.9		0.95521		0.9535		0.9199		0.90547		0.93814		0.92152		0.84033
564		811.32		0.95481		0.95346		0.91731		0.90099		0.93814		0.91919		0.83532
565		812.69		0.95474		0.95425		0.90698		0.88725		0.93299		0.90955		0.81502
566		814.6		0.95349		0.95367		0.90698		0.89109		0.92784		0.90909		0.81463
567		816.45		0.95266		0.95246		0.90439		0.8867		0.92784		0.9068		0.80964
568		817.58		0.95278		0.95206		0.90439		0.8867		0.92784		0.9068		0.80964
569		818.74		0.95261		0.95147		0.90698		0.89109		0.92784		0.90909		0.81463
570		820.18		0.954		0.95268		0.90181		0.88235		0.92784		0.90452		0.80467
571		821.97		0.95488		0.95321		0.90181		0.87864		0.93299		0.905		0.80514
572		823.56		0.95449		0.9525		0.89664		0.87019		0.93299		0.9005		0.79533
573		825.44		0.95446		0.95216		0.90181		0.875		0.93814		0.90547		0.80569
574		826.66		0.9542		0.95198		0.89922		0.8744		0.93299		0.90274		0.80022
575		827.84		0.95365		0.95175		0.89922		0.87805		0.92784		0.90226		0.79971
576		829.15		0.95298		0.95096		0.89922		0.88177		0.92268		0.90176		0.79929
577		830.35		0.95309		0.95104		0.89664		0.87745		0.92268		0.8995		0.79431
578		831.71		0.95237		0.94991		0.89922		0.87805		0.92784		0.90226		0.79971
579		832.87		0.95079		0.94796		0.89406		0.86957		0.92784		0.89776		0.78986
580		834.34		0.95074		0.94791		0.89406		0.87317		0.92268		0.89724		0.78936
581		835.59		0.95222		0.95079		0.90698		0.895		0.92268		0.90863		0.81433
582		837.58		0.95154		0.95148		0.90698		0.89899		0.91753		0.90816		0.81412
583		838.73		0.95095		0.95174		0.89922		0.88557		0.91753		0.90127		0.79895
584		839.92		0.95048		0.95097		0.88889		0.86124		0.92784		0.8933		0.78008
585		841.16		0.949		0.94801		0.89147		0.86538		0.92784		0.89552		0.78496
586		842.47		0.94775		0.94613		0.89922		0.88177		0.92268		0.90176		0.79929
587		844.12		0.94807		0.9456		0.90698		0.895		0.92268		0.90863		0.81433
588		845.64		0.95048		0.94868		0.89922		0.87805		0.92784		0.90226		0.79971
589		847.07		0.95225		0.95167		0.89406		0.86603		0.93299		0.89826		0.79045
590		848.62		0.95291		0.95319		0.89664		0.86667		0.93814		0.90099		0.79596
591		850.11		0.95357		0.95354		0.89922		0.87081		0.93814		0.90323		0.80082
592		851.47		0.95424		0.95285		0.90439		0.88293		0.93299		0.90727		0.81007
593		853.0		0.95301		0.9541		0.91214		0.9		0.92784		0.91371		0.82467
594		854.59		0.95122		0.95234		0.90698		0.89899		0.91753		0.90816		0.81412
595		855.86		0.95186		0.95415		0.90698		0.89109		0.92784		0.90909		0.81463
596		857.41		0.95242		0.95234		0.90439		0.88293		0.93299		0.90727		0.81007
597		859.13		0.95266		0.95347		0.88889		0.86124		0.92784		0.8933		0.78008
598		860.25		0.95205		0.95347		0.89406		0.86957		0.92784		0.89776		0.78986
599		861.43		0.95195		0.95363		0.89664		0.87379		0.92784		0.9		0.79478
600		862.57		0.95287		0.95413		0.90181		0.88235		0.92784		0.90452		0.80467
601		863.82		0.95335		0.95389		0.90439		0.8867		0.92784		0.9068		0.80964
602		864.97		0.95299		0.95293		0.90956		0.89163		0.93299		0.91184		0.81999
603		866.08		0.95213		0.95133		0.91214		0.89216		0.93814		0.91457		0.82537
604		867.34		0.95166		0.95053		0.90956		0.89163		0.93299		0.91184		0.81999
605		869.19		0.95102		0.94941		0.89664		0.87379		0.92784		0.9		0.79478
606		870.56		0.95066		0.94959		0.89147		0.86538		0.92784		0.89552		0.78496
607		871.72		0.95122		0.9508		0.89147		0.86538		0.92784		0.89552		0.78496
608		872.82		0.94929		0.94968		0.88889		0.86829		0.91753		0.89223		0.779
609		873.98		0.94889		0.94951		0.89147		0.86893		0.92268		0.895		0.78442
610		875.82		0.95071		0.95071		0.88889		0.86124		0.92784		0.8933		0.78008
611		877.46		0.9521		0.95192		0.88889		0.86124		0.92784		0.8933		0.78008
612		878.68		0.95299		0.95239		0.89922		0.8744		0.93299		0.90274		0.80022
613		881.17		0.95424		0.95375		0.90956		0.8878		0.93814		0.91228		0.82042
614		882.55		0.95452		0.9571		0.91214		0.9		0.92784		0.91371		0.82467
615		884.59		0.9541		0.95675		0.91214		0.9		0.92784		0.91371		0.82467
616		886.23		0.95369		0.95631		0.90439		0.8867		0.92784		0.9068		0.80964
617		887.33		0.95295		0.95561		0.90181		0.88235		0.92784		0.90452		0.80467
618		888.47		0.95298		0.95253		0.90181		0.88235		0.92784		0.90452		0.80467
619		889.68		0.95353		0.95354		0.90698		0.89109		0.92784		0.90909		0.81463
620		890.77		0.95315		0.95346		0.90698		0.89109		0.92784		0.90909		0.81463
621		891.96		0.95335		0.95377		0.90439		0.8867		0.92784		0.9068		0.80964
622		893.77		0.9538		0.95413		0.90698		0.89109		0.92784		0.90909		0.81463
623		895.02		0.95334		0.95314		0.90181		0.87864		0.93299		0.905		0.80514
624		896.35		0.95274		0.95248		0.89922		0.8744		0.93299		0.90274		0.80022
625		897.71		0.95148		0.95122		0.90181		0.88235		0.92784		0.90452		0.80467
626		898.98		0.95115		0.95108		0.90956		0.89552		0.92784		0.91139		0.81964
627		900.23		0.95151		0.95148		0.91214		0.9		0.92784		0.91371		0.82467
628		901.56		0.95157		0.95147		0.91214		0.90404		0.92268		0.91327		0.82446
629		902.72		0.95157		0.95172		0.90698		0.89899		0.91753		0.90816		0.81412
630		904.05		0.95106		0.9513		0.89922		0.88177		0.92268		0.90176		0.79929
631		905.68		0.95167		0.9521		0.89406		0.87317		0.92268		0.89724		0.78936
632		907.4		0.95207		0.95267		0.89406		0.8806		0.91237		0.8962		0.78861
633		908.95		0.95198		0.95251		0.89664		0.885		0.91237		0.89848		0.79365
634		910.33		0.95191		0.95229		0.89664		0.88889		0.90722		0.89796		0.79344
635		911.67		0.95223		0.95165		0.90181		0.89796		0.90722		0.90256		0.80365
636		913.07		0.95302		0.95166		0.90181		0.89394		0.91237		0.90306		0.80378
637		914.44		0.95269		0.95113		0.90181		0.88614		0.92268		0.90404		0.80428
638		915.8		0.95285		0.95139		0.90698		0.89109		0.92784		0.90909		0.81463
639		917.61		0.95286		0.95128		0.90698		0.89109		0.92784		0.90909		0.81463
640		919.22		0.95306		0.95144		0.90439		0.8867		0.92784		0.9068		0.80964
641		920.66		0.95334		0.9517		0.90698		0.88725		0.93299		0.90955		0.81502
642		922.14		0.95373		0.95258		0.90181		0.87864		0.93299		0.905		0.80514
643		923.34		0.95306		0.95143		0.90956		0.89552		0.92784		0.91139		0.81964
644		924.41		0.95239		0.95091		0.90956		0.8995		0.92268		0.91094		0.81938
645		925.58		0.95209		0.95078		0.90698		0.895		0.92268		0.90863		0.81433
646		927.36		0.95157		0.95036		0.90698		0.89109		0.92784		0.90909		0.81463
647		928.68		0.95131		0.95005		0.89922		0.87805		0.92784		0.90226		0.79971
648		929.78		0.95151		0.95029		0.89922		0.87805		0.92784		0.90226		0.79971
649		930.88		0.95225		0.9514		0.90181		0.88235		0.92784		0.90452		0.80467
650		932.1		0.95309		0.95208		0.90181		0.88235		0.92784		0.90452		0.80467
651		933.28		0.95333		0.95256		0.90181		0.88235		0.92784		0.90452		0.80467
652		934.4		0.95319		0.95262		0.90181		0.88235		0.92784		0.90452		0.80467
653		935.52		0.95388		0.95641		0.89922		0.87805		0.92784		0.90226		0.79971
654		936.66		0.95305		0.95233		0.89406		0.86957		0.92784		0.89776		0.78986
655		938.7		0.9529		0.95231		0.89406		0.86957		0.92784		0.89776		0.78986
656		940.05		0.95283		0.95184		0.89664		0.87379		0.92784		0.9		0.79478
657		941.54		0.95317		0.95203		0.90181		0.87864		0.93299		0.905		0.80514
658		943.32		0.95372		0.95273		0.91214		0.89216		0.93814		0.91457		0.82537
659		944.79		0.95354		0.95261		0.91473		0.9005		0.93299		0.91646		0.82998
660		946.18		0.9539		0.9528		0.90956		0.89163		0.93299		0.91184		0.81999
661		947.85		0.95385		0.9526		0.90698		0.88725		0.93299		0.90955		0.81502
662		949.24		0.95362		0.95228		0.90439		0.87923		0.93814		0.90773		0.81058
663		950.72		0.95346		0.95217		0.89922		0.87081		0.93814		0.90323		0.80082
664		952.08		0.95349		0.95209		0.89147		0.86538		0.92784		0.89552		0.78496
665		953.34		0.95262		0.95122		0.89406		0.86957		0.92784		0.89776		0.78986
666		954.63		0.95269		0.95412		0.89922		0.87805		0.92784		0.90226		0.79971
667		956.35		0.95254		0.95362		0.89922		0.87805		0.92784		0.90226		0.79971
668		957.71		0.9521		0.94957		0.89922		0.87081		0.93814		0.90323		0.80082
669		959.07		0.95265		0.9497		0.90181		0.875		0.93814		0.90547		0.80569
670		960.51		0.954		0.9513		0.90439		0.87923		0.93814		0.90773		0.81058
671		961.95		0.95385		0.95138		0.90698		0.8835		0.93814		0.91		0.81549
672		963.3		0.9539		0.95218		0.90439		0.87923		0.93814		0.90773		0.81058
673		964.82		0.95359		0.95189		0.89147		0.8619		0.93299		0.89604		0.78559
674		966.46		0.9523		0.95085		0.88889		0.86124		0.92784		0.8933		0.78008
675		967.76		0.95195		0.95026		0.89147		0.87624		0.91237		0.89394		0.78359
676		969.36		0.95201		0.94978		0.89406		0.89231		0.89691		0.8946		0.78812
677		970.63		0.95291		0.95092		0.89664		0.88119		0.91753		0.89899		0.79394
678		971.89		0.95376		0.95199		0.90439		0.88293		0.93299		0.90727		0.81007
679		973.42		0.95481		0.95312		0.90698		0.87981		0.9433		0.91045		0.81606
680		974.98		0.9549		0.95349		0.90439		0.88293		0.93299		0.90727		0.81007
681		976.28		0.95337		0.95293		0.90956		0.90769		0.91237		0.91003		0.81913
682		977.63		0.95202		0.95081		0.90439		0.8867		0.92784		0.9068		0.80964
683		979.24		0.94928		0.94805		0.89406		0.86957		0.92784		0.89776		0.78986
684		980.64		0.95108		0.95065		0.90439		0.89447		0.91753		0.90585		0.80904
685		981.88		0.95102		0.95085		0.89664		0.88889		0.90722		0.89796		0.79344
686		983.07		0.9501		0.94858		0.8863		0.84722		0.9433		0.89268		0.77759
687		984.17		0.94848		0.95074		0.90181		0.91053		0.89175		0.90104		0.8038
688		985.27		0.94325		0.9413		0.87855		0.83871		0.93814		0.88564		0.76244
689		986.5		0.95043		0.9512		0.85788		0.91124		0.79381		0.84848		0.7219
690		987.64		0.94831		0.94672		0.81395		0.74016		0.96907		0.83929		0.6602
691		989.63		0.91624		0.92414		0.74677		0.95283		0.52062		0.67333		0.55466
692		990.8		0.88266		0.88515		0.63824		0.58282		0.97938		0.73077		0.37696
693		991.87		0.90495		0.9161		0.82946		0.86364		0.78351		0.82162		0.66186
694		993.06		0.91072		0.92036		0.77003		0.97297		0.5567		0.7082		0.59826
695		994.16		0.92255		0.92425		0.83979		0.87079		0.79897		0.83333		0.68199
696		995.32		0.92265		0.91654		0.71576		0.64189		0.97938		0.77551		0.50716
697		996.62		0.9323		0.92863		0.81654		0.74308		0.96907		0.84116		0.66448
698		997.83		0.93595		0.93656		0.85271		0.90533		0.78866		0.84298		0.71148
699		998.96		0.93152		0.93302		0.77778		0.94262		0.59278		0.72785		0.5989
700		1000.86		0.92621		0.92731		0.7907		0.93798		0.62371		0.74923		0.61758
701		1001.96		0.92089		0.91948		0.81395		0.8631		0.74742		0.8011		0.63378
702		1003.45		0.91221		0.91075		0.82946		0.79907		0.88144		0.83824		0.66237
703		1005.23		0.90866		0.90795		0.81137		0.75527		0.92268		0.83063		0.6385
704		1006.36		0.90783		0.90782		0.81395		0.75207		0.93814		0.83486		0.64794
705		1007.6		0.91064		0.9113		0.81395		0.76068		0.91753		0.83178		0.64158
706		1009.34		0.91544		0.9181		0.83979		0.8		0.90722		0.85024		0.6857
707		1011.11		0.91998		0.92354		0.83721		0.82587		0.85567		0.84051		0.67483
708		1012.98		0.92442		0.92755		0.84238		0.85946		0.81959		0.83905		0.68553
709		1014.05		0.92733		0.92767		0.85271		0.88268		0.81443		0.84718		0.70761
710		1015.14		0.93109		0.92782		0.86563		0.89011		0.83505		0.8617		0.73272
711		1016.25		0.934		0.92704		0.86563		0.85859		0.87629		0.86735		0.73141
712		1017.41		0.93614		0.92664		0.87339		0.85024		0.90722		0.87781		0.74842
713		1018.48		0.93694		0.92654		0.87597		0.84112		0.92784		0.88235		0.75592
714		1019.57		0.9394		0.93014		0.8863		0.86058		0.92268		0.89055		0.7746
715		1020.67		0.94218		0.93578		0.8863		0.87129		0.90722		0.88889		0.77325
716		1022.38		0.94405		0.94009		0.89147		0.9		0.88144		0.89062		0.78312
717		1023.87		0.9453		0.94358		0.89147		0.91304		0.86598		0.88889		0.78402
718		1024.96		0.94602		0.94479		0.89147		0.9		0.88144		0.89062		0.78312
719		1026.08		0.94645		0.94477		0.89922		0.88177		0.92268		0.90176		0.79929
720		1027.27		0.94602		0.94359		0.8863		0.86058		0.92268		0.89055		0.7746
721		1028.73		0.94581		0.94217		0.88889		0.8794		0.90206		0.89059		0.77802
722		1030.34		0.94693		0.94359		0.88114		0.88947		0.87113		0.88021		0.76245
723		1031.81		0.94768		0.9443		0.89147		0.9086		0.87113		0.88947		0.78364
724		1033.7		0.94942		0.9465		0.8863		0.89474		0.87629		0.88542		0.77279
725		1035.32		0.95075		0.94843		0.90439		0.89848		0.91237		0.90537		0.80887
726		1037.18		0.95195		0.95012		0.89922		0.88557		0.91753		0.90127		0.79895
727		1039.14		0.95233		0.95091		0.90698		0.89899		0.91753		0.90816		0.81412
728		1040.92		0.95198		0.95031		0.90698		0.90722		0.90722		0.90722		0.81395
729		1042.64		0.9519		0.9496		0.89406		0.89637		0.89175		0.89406		0.78813
730		1044.17		0.95112		0.94802		0.89406		0.89231		0.89691		0.8946		0.78812
731		1046.29		0.95046		0.94709		0.89147		0.88384		0.90206		0.89286		0.7831
732		1047.39		0.94998		0.94669		0.89406		0.89637		0.89175		0.89406		0.78813
733		1048.63		0.95022		0.94735		0.89147		0.89583		0.8866		0.89119		0.78299
734		1049.84		0.94976		0.94733		0.88889		0.8794		0.90206		0.89059		0.77802
735		1051.17		0.94955		0.94677		0.88889		0.87562		0.90722		0.89114		0.77827
736		1052.32		0.94963		0.9467		0.89406		0.88442		0.90722		0.89567		0.78836
737		1053.52		0.94896		0.94658		0.89147		0.88384		0.90206		0.89286		0.7831
738		1054.66		0.9488		0.94645		0.88889		0.88325		0.89691		0.89003		0.77786
739		1055.75		0.94811		0.94591		0.88889		0.88325		0.89691		0.89003		0.77786
740		1057.38		0.94714		0.94505		0.89147		0.88		0.90722		0.8934		0.7833
741		1059.11		0.94768		0.94625		0.89406		0.8806		0.91237		0.8962		0.78861
742		1060.65		0.94845		0.94715		0.89406		0.8806		0.91237		0.8962		0.78861
743		1062.1		0.9495		0.94752		0.89406		0.8806		0.91237		0.8962		0.78861
744		1063.49		0.95022		0.94729		0.89406		0.87685		0.91753		0.89673		0.78894
745		1064.59		0.95071		0.94648		0.89922		0.88177		0.92268		0.90176		0.79929
746		1065.87		0.95155		0.94724		0.89922		0.88177		0.92268		0.90176		0.79929
747		1066.94		0.95201		0.94725		0.89922		0.88177		0.92268		0.90176		0.79929
748		1068.8		0.95237		0.94783		0.89147		0.88		0.90722		0.8934		0.7833
749		1069.89		0.95233		0.9481		0.89664		0.88119		0.91753		0.89899		0.79394
750		1071.14		0.95246		0.94848		0.89922		0.88177		0.92268		0.90176		0.79929
751		1072.69		0.95238		0.94879		0.89664		0.87745		0.92268		0.8995		0.79431
752		1074.42		0.95193		0.94845		0.89406		0.87317		0.92268		0.89724		0.78936
753		1075.5		0.95169		0.94869		0.89406		0.87317		0.92268		0.89724		0.78936
754		1076.58		0.95151		0.94869		0.89664		0.87745		0.92268		0.8995		0.79431
755		1077.83		0.95108		0.94803		0.89664		0.87745		0.92268		0.8995		0.79431
756		1078.98		0.95134		0.94806		0.89664		0.88119		0.91753		0.89899		0.79394
757		1080.69		0.95111		0.94824		0.89664		0.88119		0.91753		0.89899		0.79394
758		1082.08		0.95108		0.94861		0.89922		0.88177		0.92268		0.90176		0.79929
759		1083.3		0.95103		0.94862		0.90181		0.88235		0.92784		0.90452		0.80467
760		1084.45		0.95098		0.94854		0.90181		0.88235		0.92784		0.90452		0.80467
761		1085.59		0.95131		0.94906		0.90181		0.88235		0.92784		0.90452		0.80467
762		1086.96		0.95167		0.9498		0.90181		0.88614		0.92268		0.90404		0.80428
763		1088.43		0.95178		0.94994		0.90439		0.89055		0.92268		0.90633		0.8093
764		1090.12		0.95203		0.95031		0.90439		0.89055		0.92268		0.90633		0.8093
765		1091.23		0.95209		0.95038		0.90439		0.89055		0.92268		0.90633		0.8093
766		1092.53		0.95199		0.95019		0.90439		0.8867		0.92784		0.9068		0.80964
767		1094.27		0.95217		0.95012		0.90439		0.8867		0.92784		0.9068		0.80964
768		1095.75		0.95217		0.95002		0.90181		0.88235		0.92784		0.90452		0.80467
769		1097.0		0.95209		0.94991		0.90439		0.8867		0.92784		0.9068		0.80964
770		1098.06		0.95186		0.94956		0.90181		0.88614		0.92268		0.90404		0.80428
771		1099.36		0.95186		0.94928		0.90181		0.88614		0.92268		0.90404		0.80428
772		1100.54		0.95205		0.94975		0.90181		0.88614		0.92268		0.90404		0.80428
773		1101.91		0.95261		0.95074		0.90181		0.88614		0.92268		0.90404		0.80428
774		1103.44		0.95258		0.95063		0.90181		0.88614		0.92268		0.90404		0.80428
775		1105.11		0.95235		0.9499		0.90181		0.88614		0.92268		0.90404		0.80428
776		1107.05		0.95245		0.94991		0.90181		0.88614		0.92268		0.90404		0.80428
777		1109.24		0.95254		0.95036		0.90181		0.88614		0.92268		0.90404		0.80428
778		1110.42		0.95261		0.95034		0.90439		0.8867		0.92784		0.9068		0.80964
779		1111.58		0.95277		0.95061		0.90956		0.8878		0.93814		0.91228		0.82042
780		1112.8		0.95285		0.95094		0.90956		0.8878		0.93814		0.91228		0.82042
781		1114.06		0.95283		0.95042		0.90698		0.88725		0.93299		0.90955		0.81502
782		1115.34		0.95307		0.95086		0.90698		0.88725		0.93299		0.90955		0.81502
783		1116.78		0.9533		0.95134		0.90698		0.88725		0.93299		0.90955		0.81502
784		1118.3		0.95329		0.95156		0.90956		0.89163		0.93299		0.91184		0.81999
785		1119.55		0.95329		0.95188		0.90956		0.89163		0.93299		0.91184		0.81999
786		1120.97		0.95314		0.95187		0.90956		0.89163		0.93299		0.91184		0.81999
787		1122.71		0.95291		0.95125		0.90439		0.88293		0.93299		0.90727		0.81007
788		1124.2		0.95286		0.95121		0.90439		0.88293		0.93299		0.90727		0.81007
789		1125.58		0.95282		0.95104		0.90439		0.88293		0.93299		0.90727		0.81007
790		1127.22		0.95277		0.95097		0.90181		0.88235		0.92784		0.90452		0.80467
791		1128.57		0.95242		0.95073		0.90181		0.88235		0.92784		0.90452		0.80467
792		1129.67		0.95225		0.95069		0.90181		0.88235		0.92784		0.90452		0.80467
793		1130.8		0.95211		0.95076		0.90181		0.88235		0.92784		0.90452		0.80467
794		1131.93		0.95191		0.95049		0.90181		0.88235		0.92784		0.90452		0.80467
795		1133.13		0.95191		0.95086		0.90181		0.88235		0.92784		0.90452		0.80467
796		1134.33		0.95161		0.95065		0.90698		0.89109		0.92784		0.90909		0.81463
797		1135.95		0.95169		0.95089		0.90698		0.89109		0.92784		0.90909		0.81463
798		1137.68		0.95169		0.95085		0.90698		0.89109		0.92784		0.90909		0.81463
799		1139.25		0.95181		0.95106		0.90698		0.89109		0.92784		0.90909		0.81463
800		1141.17		0.95177		0.95095		0.90698		0.89109		0.92784		0.90909		0.81463
801		1142.45		0.95203		0.95131		0.90698		0.89109		0.92784		0.90909		0.81463
802		1143.91		0.95211		0.95175		0.90439		0.8867		0.92784		0.9068		0.80964
803		1145.32		0.95221		0.95177		0.90181		0.88235		0.92784		0.90452		0.80467
804		1146.62		0.95209		0.95035		0.90181		0.88614		0.92268		0.90404		0.80428
805		1147.78		0.95221		0.95048		0.90181		0.88614		0.92268		0.90404		0.80428
806		1149.45		0.95239		0.95065		0.90181		0.88614		0.92268		0.90404		0.80428
807		1151.22		0.95231		0.95056		0.90181		0.88614		0.92268		0.90404		0.80428
808		1153.22		0.95245		0.95063		0.89664		0.885		0.91237		0.89848		0.79365
809		1154.58		0.95269		0.95082		0.89922		0.88557		0.91753		0.90127		0.79895
810		1155.92		0.9529		0.95087		0.89922		0.88557		0.91753		0.90127		0.79895
811		1157.43		0.95287		0.95082		0.89922		0.88557		0.91753		0.90127		0.79895
812		1158.6		0.95273		0.95085		0.89922		0.88557		0.91753		0.90127		0.79895
813		1159.93		0.95283		0.95121		0.90181		0.88614		0.92268		0.90404		0.80428
814		1161.56		0.95287		0.95138		0.90439		0.8867		0.92784		0.9068		0.80964
815		1163.27		0.9529		0.95153		0.90181		0.88235		0.92784		0.90452		0.80467
816		1165.37		0.95281		0.95159		0.90439		0.8867		0.92784		0.9068		0.80964
817		1167.04		0.95299		0.95181		0.90698		0.88725		0.93299		0.90955		0.81502
818		1168.45		0.95297		0.95211		0.90698		0.88725		0.93299		0.90955		0.81502
819		1169.67		0.95289		0.9521		0.90698		0.88725		0.93299		0.90955		0.81502
820		1170.93		0.95289		0.95213		0.90698		0.88725		0.93299		0.90955		0.81502
821		1172.1		0.95301		0.9524		0.90439		0.8867		0.92784		0.9068		0.80964
822		1173.21		0.95283		0.95228		0.90956		0.89163		0.93299		0.91184		0.81999
823		1174.33		0.95273		0.95222		0.90956		0.89163		0.93299		0.91184		0.81999
824		1175.46		0.95271		0.95248		0.90956		0.89163		0.93299		0.91184		0.81999
825		1177.56		0.95282		0.95276		0.90439		0.8867		0.92784		0.9068		0.80964
826		1179.02		0.9527		0.95266		0.90439		0.8867		0.92784		0.9068		0.80964
827		1180.59		0.95246		0.95238		0.90439		0.8867		0.92784		0.9068		0.80964
828		1182.18		0.95265		0.95267		0.90439		0.8867		0.92784		0.9068		0.80964
829		1183.51		0.95273		0.95279		0.90439		0.8867		0.92784		0.9068		0.80964
830		1184.64		0.95291		0.95302		0.90439		0.8867		0.92784		0.9068		0.80964
831		1185.78		0.95298		0.95317		0.90439		0.8867		0.92784		0.9068		0.80964
832		1186.95		0.95274		0.95047		0.90439		0.8867		0.92784		0.9068		0.80964
833		1188.33		0.95265		0.95022		0.90439		0.8867		0.92784		0.9068		0.80964
834		1190.14		0.95234		0.94978		0.90181		0.88614		0.92268		0.90404		0.80428
835		1191.2		0.95229		0.94976		0.90181		0.88614		0.92268		0.90404		0.80428
836		1192.32		0.95221		0.94957		0.90181		0.88614		0.92268		0.90404		0.80428
837		1193.43		0.95207		0.94934		0.90181		0.88614		0.92268		0.90404		0.80428
838		1194.62		0.95202		0.94966		0.90181		0.88614		0.92268		0.90404		0.80428
839		1195.7		0.95202		0.94967		0.90181		0.88614		0.92268		0.90404		0.80428
840		1197.45		0.95186		0.94962		0.90181		0.88614		0.92268		0.90404		0.80428
841		1198.91		0.95193		0.94971		0.89922		0.88177		0.92268		0.90176		0.79929
842		1200.12		0.95194		0.94985		0.90181		0.88235		0.92784		0.90452		0.80467
843		1201.73		0.95193		0.94994		0.90181		0.88235		0.92784		0.90452		0.80467
844		1203.39		0.95198		0.94991		0.90439		0.8867		0.92784		0.9068		0.80964
845		1204.55		0.95226		0.95046		0.90439		0.8867		0.92784		0.9068		0.80964
846		1205.82		0.95245		0.9506		0.90698		0.89109		0.92784		0.90909		0.81463
847		1207.5		0.95246		0.95072		0.90698		0.89109		0.92784		0.90909		0.81463
848		1209.02		0.95246		0.95069		0.90698		0.89109		0.92784		0.90909		0.81463
849		1210.49		0.95254		0.95077		0.90698		0.89109		0.92784		0.90909		0.81463
850		1211.81		0.95246		0.9507		0.90698		0.89109		0.92784		0.90909		0.81463
851		1212.98		0.95238		0.95063		0.90698		0.89109		0.92784		0.90909		0.81463
852		1214.93		0.95221		0.95063		0.90698		0.89109		0.92784		0.90909		0.81463
853		1216.01		0.95202		0.95047		0.90439		0.8867		0.92784		0.9068		0.80964
854		1217.13		0.95178		0.95026		0.90439		0.8867		0.92784		0.9068		0.80964
855		1218.19		0.95167		0.95047		0.90439		0.8867		0.92784		0.9068		0.80964
856		1219.47		0.95138		0.95015		0.90439		0.8867		0.92784		0.9068		0.80964
857		1221.15		0.95124		0.95001		0.90439		0.8867		0.92784		0.9068		0.80964
858		1222.82		0.95118		0.95016		0.90439		0.8867		0.92784		0.9068		0.80964
859		1223.99		0.9512		0.95021		0.90439		0.8867		0.92784		0.9068		0.80964
860		1225.22		0.95118		0.95023		0.90439		0.8867		0.92784		0.9068		0.80964
861		1226.74		0.95115		0.95021		0.90439		0.8867		0.92784		0.9068		0.80964
862		1228.6		0.95112		0.95027		0.90439		0.8867		0.92784		0.9068		0.80964
863		1230.59		0.95118		0.95035		0.90439		0.8867		0.92784		0.9068		0.80964
864		1231.76		0.95124		0.95042		0.90439		0.8867		0.92784		0.9068		0.80964
865		1233.0		0.95127		0.95053		0.90439		0.8867		0.92784		0.9068		0.80964
866		1234.12		0.95139		0.95055		0.90439		0.8867		0.92784		0.9068		0.80964
867		1235.49		0.95143		0.95046		0.90181		0.88614		0.92268		0.90404		0.80428
868		1236.9		0.95126		0.95051		0.90439		0.8867		0.92784		0.9068		0.80964
869		1238.49		0.95132		0.95033		0.90439		0.8867		0.92784		0.9068		0.80964
870		1239.7		0.95132		0.95068		0.90439		0.8867		0.92784		0.9068		0.80964
871		1240.82		0.95142		0.95073		0.90439		0.8867		0.92784		0.9068		0.80964
872		1241.99		0.95138		0.9507		0.90439		0.8867		0.92784		0.9068		0.80964
873		1243.88		0.95144		0.95076		0.90439		0.8867		0.92784		0.9068		0.80964
874		1245.07		0.95178		0.95108		0.90439		0.8867		0.92784		0.9068		0.80964
875		1246.21		0.95189		0.95135		0.90698		0.89109		0.92784		0.90909		0.81463
876		1247.32		0.95202		0.95177		0.90698		0.89109		0.92784		0.90909		0.81463
877		1248.48		0.95218		0.95198		0.90698		0.89109		0.92784		0.90909		0.81463
878		1249.56		0.95206		0.95181		0.90698		0.89109		0.92784		0.90909		0.81463
879		1250.61		0.95213		0.95185		0.90698		0.89109		0.92784		0.90909		0.81463
880		1251.69		0.95213		0.95186		0.90698		0.89109		0.92784		0.90909		0.81463
881		1252.94		0.95205		0.95188		0.90698		0.89109		0.92784		0.90909		0.81463
882		1254.01		0.95189		0.95182		0.90439		0.8867		0.92784		0.9068		0.80964
883		1255.57		0.95186		0.95188		0.90439		0.8867		0.92784		0.9068		0.80964
884		1257.02		0.95181		0.95169		0.90439		0.8867		0.92784		0.9068		0.80964
885		1258.55		0.95174		0.95125		0.90181		0.88235		0.92784		0.90452		0.80467
886		1260.44		0.95187		0.9513		0.90181		0.88235		0.92784		0.90452		0.80467
887		1262.02		0.95199		0.95118		0.90439		0.8867		0.92784		0.9068		0.80964
888		1263.43		0.95191		0.95105		0.90439		0.8867		0.92784		0.9068		0.80964
889		1264.7		0.95195		0.95103		0.90439		0.8867		0.92784		0.9068		0.80964
890		1266.13		0.95218		0.9513		0.90698		0.89109		0.92784		0.90909		0.81463
891		1267.27		0.95209		0.95105		0.90698		0.89109		0.92784		0.90909		0.81463
892		1268.58		0.95218		0.95122		0.90698		0.89109		0.92784		0.90909		0.81463
893		1270.35		0.9521		0.95106		0.90698		0.89109		0.92784		0.90909		0.81463
894		1271.46		0.95193		0.9509		0.90439		0.8867		0.92784		0.9068		0.80964
895		1272.62		0.95159		0.95039		0.90439		0.8867		0.92784		0.9068		0.80964
896		1273.8		0.95146		0.95006		0.90439		0.8867		0.92784		0.9068		0.80964
897		1275.01		0.95134		0.94997		0.90439		0.8867		0.92784		0.9068		0.80964
898		1276.12		0.9512		0.94981		0.90439		0.8867		0.92784		0.9068		0.80964
899		1277.35		0.95114		0.9499		0.90439		0.8867		0.92784		0.9068		0.80964
900		1278.46		0.95108		0.94978		0.90181		0.88614		0.92268		0.90404		0.80428
901		1279.64		0.95131		0.94983		0.90181		0.88614		0.92268		0.90404		0.80428
902		1281.3		0.95144		0.94997		0.90181		0.88614		0.92268		0.90404		0.80428
903		1283.55		0.95159		0.95021		0.90181		0.88614		0.92268		0.90404		0.80428
904		1285.29		0.95169		0.95028		0.90181		0.88614		0.92268		0.90404		0.80428
905		1286.93		0.95175		0.95058		0.90181		0.88614		0.92268		0.90404		0.80428
906		1288.45		0.95182		0.9506		0.90181		0.88614		0.92268		0.90404		0.80428
907		1290.21		0.95182		0.95063		0.90698		0.895		0.92268		0.90863		0.81433
908		1291.89		0.95187		0.95083		0.90439		0.89055		0.92268		0.90633		0.8093
909		1293.11		0.95175		0.95094		0.90439		0.89055		0.92268		0.90633		0.8093
910		1294.29		0.95181		0.95094		0.90439		0.89055		0.92268		0.90633		0.8093
911		1295.51		0.95182		0.95113		0.90698		0.89109		0.92784		0.90909		0.81463
912		1297.38		0.95167		0.95114		0.90439		0.8867		0.92784		0.9068		0.80964
913		1298.72		0.95158		0.95086		0.90698		0.89109		0.92784		0.90909		0.81463
914		1299.98		0.95154		0.95076		0.90439		0.89055		0.92268		0.90633		0.8093
915		1301.16		0.95139		0.95036		0.90439		0.89055		0.92268		0.90633		0.8093
916		1302.29		0.95122		0.95015		0.90181		0.89		0.91753		0.90355		0.80399
917		1303.48		0.95114		0.95001		0.90439		0.89447		0.91753		0.90585		0.80904
918		1304.7		0.95098		0.94996		0.90439		0.89447		0.91753		0.90585		0.80904
919		1305.86		0.95095		0.94989		0.90439		0.89447		0.91753		0.90585		0.80904
920		1307.23		0.95087		0.94981		0.90181		0.89		0.91753		0.90355		0.80399
921		1308.54		0.95091		0.95009		0.90439		0.89447		0.91753		0.90585		0.80904
922		1310.07		0.9509		0.95008		0.90439		0.89447		0.91753		0.90585		0.80904
923		1311.93		0.9512		0.95028		0.90698		0.895		0.92268		0.90863		0.81433
924		1313.14		0.95122		0.95047		0.90956		0.89552		0.92784		0.91139		0.81964
925		1314.42		0.95135		0.95059		0.90956		0.89552		0.92784		0.91139		0.81964
926		1315.74		0.95153		0.95111		0.90956		0.89552		0.92784		0.91139		0.81964
927		1317.14		0.95165		0.95133		0.90956		0.89552		0.92784		0.91139		0.81964
928		1318.82		0.95167		0.95146		0.90956		0.89552		0.92784		0.91139		0.81964
929		1320.2		0.95171		0.95151		0.90439		0.8867		0.92784		0.9068		0.80964
930		1321.94		0.95169		0.95149		0.90439		0.8867		0.92784		0.9068		0.80964
931		1323.75		0.95175		0.95131		0.90956		0.89552		0.92784		0.91139		0.81964
932		1325.56		0.95178		0.95138		0.90956		0.89552		0.92784		0.91139		0.81964
933		1327.03		0.95166		0.95106		0.90698		0.89109		0.92784		0.90909		0.81463
934		1328.3		0.9515		0.95093		0.90439		0.89055		0.92268		0.90633		0.8093
935		1329.79		0.95131		0.9507		0.90439		0.89055		0.92268		0.90633		0.8093
936		1331.02		0.95136		0.95073		0.90439		0.89055		0.92268		0.90633		0.8093
937		1332.24		0.95108		0.95033		0.90439		0.89055		0.92268		0.90633		0.8093
938		1333.45		0.9508		0.9499		0.90439		0.89055		0.92268		0.90633		0.8093
939		1334.75		0.95095		0.95053		0.90439		0.89055		0.92268		0.90633		0.8093
940		1336.52		0.9509		0.95044		0.90181		0.88614		0.92268		0.90404		0.80428
941		1338.39		0.95103		0.95089		0.90181		0.88614		0.92268		0.90404		0.80428
942		1339.9		0.95096		0.95063		0.90181		0.88614		0.92268		0.90404		0.80428
943		1341.22		0.95099		0.95062		0.90956		0.89163		0.93299		0.91184		0.81999
944		1342.38		0.95115		0.95073		0.90956		0.89163		0.93299		0.91184		0.81999
945		1343.56		0.95112		0.95073		0.91214		0.89604		0.93299		0.91414		0.82497
946		1344.83		0.95132		0.95083		0.91214		0.89604		0.93299		0.91414		0.82497
947		1346.08		0.95136		0.95084		0.90956		0.89163		0.93299		0.91184		0.81999
948		1347.29		0.95123		0.95053		0.90698		0.88725		0.93299		0.90955		0.81502
949		1348.57		0.95119		0.95049		0.90439		0.8867		0.92784		0.9068		0.80964
950		1349.98		0.95114		0.95047		0.90439		0.8867		0.92784		0.9068		0.80964
951		1351.49		0.95104		0.95038		0.90181		0.88614		0.92268		0.90404		0.80428
952		1352.99		0.95108		0.95049		0.90181		0.88614		0.92268		0.90404		0.80428
953		1354.35		0.95103		0.95032		0.89922		0.88557		0.91753		0.90127		0.79895
954		1355.84		0.95096		0.95026		0.89922		0.88557		0.91753		0.90127		0.79895
955		1357.21		0.95086		0.95014		0.89922		0.88557		0.91753		0.90127		0.79895
956		1358.63		0.95094		0.95048		0.89922		0.88557		0.91753		0.90127		0.79895
957		1360.19		0.95096		0.95065		0.89922		0.88557		0.91753		0.90127		0.79895
958		1361.45		0.95098		0.95066		0.89922		0.88557		0.91753		0.90127		0.79895
959		1362.79		0.95106		0.95076		0.89922		0.88557		0.91753		0.90127		0.79895
960		1364.16		0.95116		0.95079		0.89922		0.88557		0.91753		0.90127		0.79895
961		1365.74		0.95119		0.95091		0.89664		0.885		0.91237		0.89848		0.79365
962		1366.99		0.9512		0.951		0.89664		0.885		0.91237		0.89848		0.79365
963		1368.24		0.95148		0.95127		0.90181		0.89394		0.91237		0.90306		0.80378
964		1369.52		0.95174		0.95179		0.90181		0.89394		0.91237		0.90306		0.80378
965		1371.17		0.9519		0.95195		0.90181		0.89394		0.91237		0.90306		0.80378
966		1372.7		0.95181		0.95192		0.90181		0.89394		0.91237		0.90306		0.80378
967		1374.0		0.95199		0.95224		0.90439		0.89447		0.91753		0.90585		0.80904
968		1375.51		0.95198		0.95223		0.90439		0.89447		0.91753		0.90585		0.80904
969		1377.27		0.95183		0.95193		0.90439		0.89447		0.91753		0.90585		0.80904
970		1378.38		0.95181		0.95189		0.90698		0.89899		0.91753		0.90816		0.81412
971		1379.58		0.95174		0.95173		0.90956		0.8995		0.92268		0.91094		0.81938
972		1380.7		0.95167		0.9516		0.90439		0.89055		0.92268		0.90633		0.8093
973		1381.76		0.95158		0.9514		0.90439		0.89055		0.92268		0.90633		0.8093
974		1383.06		0.95151		0.95137		0.90439		0.89055		0.92268		0.90633		0.8093
975		1384.21		0.95143		0.9513		0.90439		0.89055		0.92268		0.90633		0.8093
976		1385.4		0.95147		0.95137		0.90439		0.89055		0.92268		0.90633		0.8093
977		1386.54		0.95134		0.95124		0.90439		0.89055		0.92268		0.90633		0.8093
978		1387.89		0.95136		0.95124		0.90698		0.895		0.92268		0.90863		0.81433
979		1389.75		0.95136		0.95122		0.90698		0.895		0.92268		0.90863		0.81433
980		1390.91		0.95163		0.95148		0.90698		0.895		0.92268		0.90863		0.81433
981		1392.17		0.95171		0.95161		0.90698		0.895		0.92268		0.90863		0.81433
982		1393.45		0.95159		0.95148		0.90698		0.895		0.92268		0.90863		0.81433
983		1395.44		0.95163		0.95154		0.90698		0.895		0.92268		0.90863		0.81433
984		1396.76		0.95151		0.95157		0.90698		0.895		0.92268		0.90863		0.81433
985		1398.07		0.9514		0.95149		0.90698		0.895		0.92268		0.90863		0.81433
986		1399.36		0.95138		0.9515		0.90956		0.89552		0.92784		0.91139		0.81964
987		1400.64		0.95136		0.95161		0.90698		0.89109		0.92784		0.90909		0.81463
988		1402.36		0.95134		0.95156		0.90698		0.89109		0.92784		0.90909		0.81463
989		1403.69		0.95148		0.95165		0.90698		0.895		0.92268		0.90863		0.81433
990		1405.01		0.95147		0.95163		0.90698		0.895		0.92268		0.90863		0.81433
991		1406.3		0.95154		0.95156		0.90698		0.895		0.92268		0.90863		0.81433
992		1408.16		0.95158		0.9514		0.90439		0.89055		0.92268		0.90633		0.8093
993		1409.55		0.95158		0.95137		0.90439		0.89055		0.92268		0.90633		0.8093
994		1410.81		0.95127		0.95099		0.90181		0.89		0.91753		0.90355		0.80399
995		1412.07		0.95123		0.95092		0.90181		0.89		0.91753		0.90355		0.80399
996		1413.81		0.95102		0.95055		0.90439		0.89447		0.91753		0.90585		0.80904
997		1415.32		0.95075		0.95027		0.90181		0.89		0.91753		0.90355		0.80399
998		1417.03		0.95087		0.95036		0.90181		0.89		0.91753		0.90355		0.80399
999		1418.54		0.95086		0.95029		0.90181		0.89		0.91753		0.90355		0.80399
1000		1420.05		0.9508		0.9502		0.90181		0.89		0.91753		0.90355		0.80399
fold: 1
Epoch		Time		AUC		AUPR		Accuracy		Precision		Recall		F1-score		Mcc
1		1422.29		0.77312		0.75193		0.70543		0.72222		0.6701		0.69519		0.41204
AUC improved at epoch  1 ;	best_auc: 0.7731157523636558
2		1423.66		0.78754		0.77638		0.73385		0.74595		0.71134		0.72823		0.46827
AUC improved at epoch  2 ;	best_auc: 0.787538058864377
3		1424.88		0.78556		0.77357		0.73643		0.75556		0.70103		0.72727		0.47421
4		1426.59		0.78313		0.76879		0.73643		0.74731		0.71649		0.73158		0.47333
5		1428.09		0.78075		0.76412		0.71318		0.7546		0.63402		0.68908		0.43217
6		1429.43		0.78033		0.76408		0.72093		0.74432		0.67526		0.70811		0.44391
7		1430.59		0.77926		0.76401		0.72351		0.74576		0.68041		0.71159		0.44889
8		1431.68		0.78038		0.76578		0.72351		0.74302		0.68557		0.71314		0.44848
9		1432.81		0.78081		0.76656		0.72351		0.74302		0.68557		0.71314		0.44848
10		1433.95		0.7842		0.76887		0.73127		0.75		0.69588		0.72193		0.46384
11		1435.48		0.78748		0.76837		0.75452		0.73913		0.78866		0.76309		0.51011
12		1436.81		0.79253		0.77086		0.73643		0.75556		0.70103		0.72727		0.47421
AUC improved at epoch  12 ;	best_auc: 0.7925324501896267
13		1438.27		0.79747		0.77096		0.72868		0.7486		0.69072		0.7185		0.45885
AUC improved at epoch  13 ;	best_auc: 0.7974734255648737
14		1440.03		0.79937		0.77236		0.74419		0.71111		0.82474		0.76372		0.49455
AUC improved at epoch  14 ;	best_auc: 0.7993696917899684
15		1441.75		0.79536		0.76799		0.7416		0.71364		0.80928		0.75845		0.48744
16		1443.26		0.7987		0.77324		0.73127		0.725		0.74742		0.73604		0.46271
17		1444.74		0.80033		0.77203		0.75194		0.72477		0.81443		0.76699		0.50764
AUC improved at epoch  17 ;	best_auc: 0.8003311788900165
18		1446.03		0.8037		0.77342		0.75452		0.72811		0.81443		0.76886		0.51253
AUC improved at epoch  18 ;	best_auc: 0.8036963837401848
19		1447.47		0.80519		0.77377		0.74419		0.73869		0.75773		0.74809		0.4885
AUC improved at epoch  19 ;	best_auc: 0.8051920303402598
20		1448.77		0.80679		0.77657		0.74677		0.73529		0.7732		0.75377		0.49413
AUC improved at epoch  20 ;	best_auc: 0.8067945088403397
21		1450.38		0.80824		0.77952		0.75969		0.73059		0.82474		0.77482		0.52361
AUC improved at epoch  21 ;	best_auc: 0.8082367394904119
22		1451.74		0.80912		0.77953		0.74419		0.73171		0.7732		0.75188		0.48908
AUC improved at epoch  22 ;	best_auc: 0.809118102665456
23		1453.18		0.80981		0.77984		0.73902		0.73367		0.75258		0.743		0.47816
AUC improved at epoch  23 ;	best_auc: 0.8098125100154906
24		1454.56		0.81091		0.77966		0.76227		0.73394		0.82474		0.7767		0.52848
AUC improved at epoch  24 ;	best_auc: 0.8109075369905453
25		1455.95		0.81115		0.7783		0.75969		0.73272		0.81959		0.77372		0.52294
AUC improved at epoch  25 ;	best_auc: 0.8111479087655574
26		1457.41		0.81104		0.77974		0.74935		0.74619		0.75773		0.75192		0.49874
27		1458.86		0.81125		0.77839		0.75969		0.74877		0.78351		0.76574		0.51988
AUC improved at epoch  27 ;	best_auc: 0.8112547406655628
28		1460.15		0.81168		0.77836		0.75969		0.73272		0.81959		0.77372		0.52294
AUC improved at epoch  28 ;	best_auc: 0.8116820682655841
29		1461.55		0.81291		0.77952		0.76486		0.73733		0.82474		0.77859		0.53335
AUC improved at epoch  29 ;	best_auc: 0.8129106351156455
30		1462.91		0.81435		0.78157		0.77003		0.75362		0.80412		0.77805		0.54119
AUC improved at epoch  30 ;	best_auc: 0.8143528657657177
31		1464.49		0.81427		0.78088		0.77519		0.75598		0.81443		0.78412		0.55196
32		1465.99		0.81555		0.78188		0.76486		0.73953		0.81959		0.77751		0.53273
AUC improved at epoch  32 ;	best_auc: 0.8155547246407777
33		1467.4		0.81847		0.78513		0.77003		0.74648		0.81959		0.78133		0.54256
AUC improved at epoch  33 ;	best_auc: 0.8184658939159233
34		1468.79		0.82058		0.78943		0.76744		0.74762		0.80928		0.77723		0.53662
AUC improved at epoch  34 ;	best_auc: 0.8205758239410288
35		1470.07		0.82143		0.79214		0.77003		0.74648		0.81959		0.78133		0.54256
AUC improved at epoch  35 ;	best_auc: 0.8214304791410716
36		1471.67		0.82351		0.79641		0.77003		0.74648		0.81959		0.78133		0.54256
AUC improved at epoch  36 ;	best_auc: 0.8235137011911757
37		1473.02		0.82768		0.80048		0.78036		0.75829		0.82474		0.79012		0.5628
AUC improved at epoch  37 ;	best_auc: 0.8276801452913841
38		1474.81		0.82883		0.80036		0.77778		0.75234		0.8299		0.78922		0.55843
AUC improved at epoch  38 ;	best_auc: 0.8288285882164413
39		1476.92		0.82979		0.80199		0.77778		0.74771		0.84021		0.79126		0.55974
AUC improved at epoch  39 ;	best_auc: 0.8297900753164895
40		1480.05		0.83048		0.80164		0.79328		0.77404		0.8299		0.801		0.58802
AUC improved at epoch  40 ;	best_auc: 0.8304844826665243
41		1483.19		0.83286		0.80354		0.79328		0.76887		0.84021		0.80296		0.58902
AUC improved at epoch  41 ;	best_auc: 0.8328614924416431
42		1488.72		0.8354		0.80488		0.77003		0.73543		0.84536		0.78657		0.54604
AUC improved at epoch  42 ;	best_auc: 0.8353987500667699
43		1494.51		0.83721		0.80879		0.78811		0.77184		0.81959		0.795		0.57727
AUC improved at epoch  43 ;	best_auc: 0.8372148923668608
44		1498.45		0.84026		0.81069		0.78036		0.76077		0.81959		0.78908		0.56233
AUC improved at epoch  44 ;	best_auc: 0.840259601517013
45		1499.82		0.84336		0.81454		0.78036		0.74886		0.84536		0.79419		0.56532
AUC improved at epoch  45 ;	best_auc: 0.8433577266171678
46		1501.03		0.84344		0.81371		0.78811		0.76667		0.8299		0.79703		0.57811
AUC improved at epoch  46 ;	best_auc: 0.8434378505421719
47		1502.24		0.84467		0.8133		0.78036		0.77949		0.78351		0.78149		0.56072
AUC improved at epoch  47 ;	best_auc: 0.8446664173922335
48		1503.43		0.8475		0.81877		0.78295		0.75229		0.84536		0.79612		0.57015
AUC improved at epoch  48 ;	best_auc: 0.847497462742375
49		1504.92		0.84926		0.81942		0.78295		0.75229		0.84536		0.79612		0.57015
AUC improved at epoch  49 ;	best_auc: 0.8492601890924629
50		1506.53		0.84931		0.81838		0.78295		0.775		0.79897		0.7868		0.56613
AUC improved at epoch  50 ;	best_auc: 0.8493136050424657
51		1508.18		0.85236		0.82325		0.77778		0.74545		0.84536		0.79227		0.56048
AUC improved at epoch  51 ;	best_auc: 0.8523583141926179
52		1509.71		0.85487		0.82681		0.78295		0.75943		0.8299		0.7931		0.56825
AUC improved at epoch  52 ;	best_auc: 0.8548688638427434
53		1511.21		0.85778		0.82852		0.78811		0.77723		0.80928		0.79293		0.57667
AUC improved at epoch  53 ;	best_auc: 0.857780033117889
54		1512.67		0.86133		0.83146		0.7907		0.76279		0.84536		0.80196		0.58473
AUC improved at epoch  54 ;	best_auc: 0.8613321937930666
55		1514.0		0.86229		0.83154		0.79328		0.76887		0.84021		0.80296		0.58902
AUC improved at epoch  55 ;	best_auc: 0.8622936808931146
56		1515.7		0.86272		0.83127		0.7907		0.76777		0.83505		0.8		0.58356
AUC improved at epoch  56 ;	best_auc: 0.8627210084931359
57		1517.01		0.86577		0.83664		0.78553		0.75814		0.84021		0.79707		0.57433
AUC improved at epoch  57 ;	best_auc: 0.8657657176432882
58		1518.42		0.86756		0.83859		0.79845		0.78431		0.82474		0.80402		0.59764
AUC improved at epoch  58 ;	best_auc: 0.8675551519683778
59		1520.04		0.86948		0.84428		0.79328		0.76887		0.84021		0.80296		0.58902
AUC improved at epoch  59 ;	best_auc: 0.869478126168474
60		1521.86		0.87111		0.84719		0.80879		0.8125		0.80412		0.80829		0.61761
AUC improved at epoch  60 ;	best_auc: 0.8711073126435553
61		1523.42		0.8729		0.85037		0.79587		0.76018		0.86598		0.80964		0.59743
AUC improved at epoch  61 ;	best_auc: 0.8728967469686447
62		1524.92		0.8714		0.84749		0.80879		0.8125		0.80412		0.80829		0.61761
63		1526.26		0.87551		0.85899		0.78036		0.73593		0.87629		0.8		0.57105
AUC improved at epoch  63 ;	best_auc: 0.8755141285187757
64		1527.41		0.87861		0.86237		0.80103		0.80628		0.79381		0.8		0.60215
AUC improved at epoch  64 ;	best_auc: 0.8786122536189306
65		1528.57		0.87915		0.86479		0.81137		0.82353		0.79381		0.8084		0.62318
AUC improved at epoch  65 ;	best_auc: 0.8791464131189574
66		1529.77		0.88248		0.87108		0.79587		0.75556		0.87629		0.81146		0.59931
AUC improved at epoch  66 ;	best_auc: 0.8824849099941243
67		1531.27		0.87827		0.86658		0.81137		0.801		0.8299		0.81519		0.62311
68		1532.56		0.88377		0.87542		0.81395		0.80198		0.83505		0.81818		0.6284
AUC improved at epoch  68 ;	best_auc: 0.8837668927941883
69		1534.15		0.88307		0.87732		0.79587		0.7533		0.88144		0.81235		0.60035
70		1535.41		0.88849		0.88242		0.82687		0.82234		0.83505		0.82864		0.65381
AUC improved at epoch  70 ;	best_auc: 0.8884942043694247
71		1536.97		0.88473		0.87917		0.81654		0.81218		0.82474		0.81841		0.63313
72		1538.53		0.8897		0.88682		0.81654		0.78605		0.87113		0.82641		0.63673
AUC improved at epoch  72 ;	best_auc: 0.8896960632444849
73		1539.81		0.89223		0.89048		0.81654		0.78605		0.87113		0.82641		0.63673
AUC improved at epoch  73 ;	best_auc: 0.8922333208696117
74		1541.48		0.89541		0.89397		0.83721		0.8359		0.84021		0.83805		0.67442
AUC improved at epoch  74 ;	best_auc: 0.8954115698947706
75		1543.06		0.89482		0.89313		0.81137		0.78673		0.85567		0.81975		0.62507
76		1544.51		0.8972		0.89585		0.82171		0.79904		0.86082		0.82878		0.64528
AUC improved at epoch  76 ;	best_auc: 0.8972010042198602
77		1545.88		0.90337		0.90308		0.85013		0.84343		0.86082		0.85204		0.70039
AUC improved at epoch  77 ;	best_auc: 0.9033705464451685
78		1547.19		0.905		0.90455		0.82429		0.78378		0.89691		0.83654		0.65535
AUC improved at epoch  78 ;	best_auc: 0.9049997329202499
79		1548.59		0.90348		0.90433		0.83204		0.82412		0.84536		0.83461		0.66428
80		1550.4		0.90337		0.90427		0.81395		0.79612		0.84536		0.82		0.62906
81		1551.89		0.91058		0.91041		0.82429		0.8		0.86598		0.83168		0.65073
AUC improved at epoch  81 ;	best_auc: 0.910581699695529
82		1553.35		0.91309		0.91252		0.83979		0.81132		0.8866		0.84729		0.68247
AUC improved at epoch  82 ;	best_auc: 0.9130922493456547
83		1555.15		0.91552		0.91588		0.84238		0.81517		0.8866		0.84938		0.68734
AUC improved at epoch  83 ;	best_auc: 0.9155226750707762
84		1556.74		0.914		0.91513		0.83979		0.83		0.85567		0.84264		0.67989
85		1558.27		0.9187		0.91937		0.82946		0.79358		0.89175		0.83981		0.66393
AUC improved at epoch  85 ;	best_auc: 0.9187009240959351
86		1559.98		0.9218		0.92218		0.84755		0.83251		0.87113		0.85139		0.6958
AUC improved at epoch  86 ;	best_auc: 0.92179904919609
87		1561.61		0.92257		0.92313		0.82946		0.78829		0.90206		0.84135		0.6658
AUC improved at epoch  87 ;	best_auc: 0.9225735804711287
88		1563.14		0.92126		0.92399		0.84238		0.83085		0.86082		0.84557		0.68517
89		1564.55		0.9234		0.92582		0.84496		0.81604		0.89175		0.85222		0.69285
AUC improved at epoch  89 ;	best_auc: 0.92340152769617
90		1565.85		0.9253		0.92787		0.83979		0.80841		0.89175		0.84804		0.68316
AUC improved at epoch  90 ;	best_auc: 0.9252977939212649
91		1567.12		0.92669		0.92963		0.85271		0.85128		0.85567		0.85347		0.70543
AUC improved at epoch  91 ;	best_auc: 0.9266866086213345
92		1568.97		0.92813		0.93106		0.8062		0.74689		0.92784		0.82759		0.63108
AUC improved at epoch  92 ;	best_auc: 0.9281288392714064
93		1570.53		0.92428		0.92907		0.86047		0.9023		0.80928		0.85326		0.72488
94		1571.72		0.92511		0.93055		0.83721		0.81643		0.87113		0.84289		0.67589
95		1572.89		0.92792		0.93207		0.79845		0.73577		0.93299		0.82273		0.61944
96		1574.05		0.92877		0.934		0.85271		0.85492		0.85052		0.85271		0.70544
AUC improved at epoch  96 ;	best_auc: 0.9287698306714385
97		1575.36		0.9336		0.93855		0.87339		0.8836		0.86082		0.87206		0.74703
AUC improved at epoch  97 ;	best_auc: 0.9336039741466802
98		1576.56		0.93518		0.93963		0.84238		0.8009		0.91237		0.85301		0.69141
AUC improved at epoch  98 ;	best_auc: 0.935179744671759
99		1577.84		0.9335		0.93802		0.82429		0.77876		0.90722		0.8381		0.65749
100		1579.14		0.92978		0.93513		0.83463		0.82178		0.85567		0.83838		0.66979
101		1580.84		0.93107		0.93704		0.85013		0.85052		0.85052		0.85052		0.70026
102		1582.67		0.93283		0.93755		0.84238		0.83085		0.86082		0.84557		0.68517
103		1584.41		0.93307		0.93792		0.84496		0.81308		0.89691		0.85294		0.69355
104		1585.95		0.93515		0.94172		0.85271		0.8408		0.87113		0.8557		0.70586
105		1587.11		0.93176		0.93838		0.83721		0.82266		0.86082		0.84131		0.67511
106		1588.51		0.93411		0.93943		0.85013		0.82075		0.89691		0.85714		0.70324
107		1589.63		0.93777		0.94257		0.85788		0.83575		0.89175		0.86284		0.71733
AUC improved at epoch  107 ;	best_auc: 0.9377704182468886
108		1590.86		0.93897		0.94478		0.86047		0.85354		0.87113		0.86224		0.72107
AUC improved at epoch  108 ;	best_auc: 0.9389722771219488
109		1592.41		0.93611		0.94312		0.83979		0.82673		0.86082		0.84343		0.68013
110		1594.19		0.93579		0.94375		0.84238		0.81818		0.88144		0.84864		0.68676
111		1595.79		0.93595		0.94318		0.85013		0.83663		0.87113		0.85354		0.70082
112		1597.45		0.93806		0.94436		0.85013		0.84		0.86598		0.85279		0.70057
113		1598.7		0.9398		0.94587		0.86047		0.83019		0.90722		0.867		0.724
AUC improved at epoch  113 ;	best_auc: 0.9398002243469901
114		1600.1		0.93665		0.94336		0.84496		0.82212		0.88144		0.85075		0.69168
115		1601.72		0.93358		0.93949		0.8553		0.85567		0.85567		0.85567		0.71059
116		1603.19		0.93521		0.94092		0.83721		0.8134		0.87629		0.84367		0.67639
117		1604.81		0.9382		0.94569		0.84238		0.82759		0.86598		0.84635		0.68546
118		1606.44		0.94103		0.94888		0.86305		0.84729		0.8866		0.8665		0.72685
AUC improved at epoch  118 ;	best_auc: 0.9410287911970515
119		1608.2		0.94084		0.94841		0.85013		0.80909		0.91753		0.8599		0.70656
120		1609.42		0.93836		0.94601		0.84238		0.82126		0.87629		0.84788		0.68625
121		1610.62		0.93614		0.94409		0.84496		0.835		0.86082		0.84772		0.69023
122		1611.86		0.93732		0.94457		0.84755		0.8169		0.89691		0.85504		0.69839
123		1613.08		0.9426		0.95073		0.84238		0.81221		0.89175		0.85012		0.688
AUC improved at epoch  123 ;	best_auc: 0.9426045617221304
124		1614.55		0.94194		0.94942		0.8553		0.83173		0.89175		0.8607		0.71241
125		1616.05		0.94207		0.94992		0.8553		0.83824		0.88144		0.8593		0.7115
126		1617.72		0.93876		0.94713		0.85013		0.8301		0.88144		0.855		0.70156
127		1619.58		0.93708		0.94504		0.83204		0.81159		0.86598		0.83791		0.66553
128		1621.09		0.93726		0.9446		0.86047		0.83333		0.90206		0.86634		0.72335
129		1622.34		0.94001		0.94781		0.8553		0.83824		0.88144		0.8593		0.7115
130		1623.7		0.9433		0.95147		0.83979		0.79204		0.92268		0.85238		0.68894
AUC improved at epoch  130 ;	best_auc: 0.9432989690721649
131		1624.95		0.94108		0.95008		0.86305		0.84729		0.8866		0.8665		0.72685
132		1626.29		0.94007		0.94853		0.86047		0.84314		0.8866		0.86432		0.72186
133		1627.59		0.9392		0.9484		0.83204		0.77922		0.92784		0.84706		0.67641
134		1628.79		0.93585		0.94639		0.86047		0.85354		0.87113		0.86224		0.72107
135		1629.92		0.93657		0.94704		0.86563		0.84466		0.89691		0.87		0.73263
136		1631.49		0.93905		0.94762		0.83463		0.78017		0.93299		0.84977		0.68238
137		1633.2		0.93838		0.94509		0.8553		0.85204		0.86082		0.85641		0.71062
138		1634.57		0.94044		0.94742		0.84755		0.82297		0.8866		0.8536		0.69713
139		1636.08		0.9421		0.95032		0.83721		0.79111		0.91753		0.84964		0.68311
140		1637.68		0.94242		0.95215		0.86563		0.85149		0.8866		0.86869		0.73186
141		1639.11		0.94218		0.95204		0.86563		0.84804		0.89175		0.86935		0.73221
142		1640.41		0.93999		0.94906		0.84238		0.80645		0.90206		0.85158		0.68955
143		1641.55		0.93801		0.94641		0.85013		0.82381		0.89175		0.85644		0.7026
144		1642.69		0.94036		0.94879		0.85788		0.83254		0.89691		0.86352		0.71786
145		1643.84		0.94244		0.95115		0.85013		0.81193		0.91237		0.85922		0.70561
146		1645.43		0.94378		0.95285		0.85788		0.82938		0.90206		0.8642		0.71848
AUC improved at epoch  146 ;	best_auc: 0.943779712622189
147		1646.87		0.94477		0.95374		0.86047		0.83654		0.89691		0.86567		0.72277
AUC improved at epoch  147 ;	best_auc: 0.9447679076972384
148		1648.29		0.9429		0.95206		0.85013		0.82692		0.8866		0.85572		0.70204
149		1649.7		0.94143		0.95025		0.85013		0.81776		0.90206		0.85784		0.70395
150		1651.08		0.94188		0.95034		0.85271		0.83092		0.8866		0.85786		0.70697
151		1652.47		0.94359		0.9519		0.86563		0.85149		0.8866		0.86869		0.73186
152		1654.0		0.94506		0.95296		0.87339		0.84038		0.92268		0.87961		0.75033
AUC improved at epoch  152 ;	best_auc: 0.9450616954222532
153		1655.49		0.94447		0.95167		0.86305		0.82488		0.92268		0.87105		0.7312
154		1656.87		0.94306		0.95011		0.86822		0.84878		0.89691		0.87218		0.73759
155		1658.26		0.94194		0.94977		0.85271		0.83092		0.8866		0.85786		0.70697
156		1659.65		0.94146		0.94961		0.84755		0.80269		0.92268		0.85851		0.70292
157		1661.01		0.94127		0.95024		0.85013		0.81776		0.90206		0.85784		0.70395
158		1662.39		0.94119		0.95128		0.8553		0.845		0.87113		0.85787		0.71091
159		1663.76		0.94191		0.95246		0.86047		0.84653		0.88144		0.86364		0.72152
160		1665.12		0.94146		0.952		0.8553		0.82857		0.89691		0.86139		0.71297
161		1666.54		0.94349		0.95407		0.86305		0.85075		0.88144		0.86582		0.72655
162		1667.85		0.94477		0.95433		0.85788		0.84577		0.87629		0.86076		0.7162
163		1669.27		0.9466		0.95496		0.85788		0.82629		0.90722		0.86486		0.71917
AUC improved at epoch  163 ;	best_auc: 0.9465974039848298
164		1670.75		0.94552		0.95312		0.86047		0.82407		0.91753		0.86829		0.72555
165		1672.16		0.94295		0.95116		0.85271		0.8408		0.87113		0.8557		0.70586
166		1673.84		0.9429		0.95179		0.86047		0.85714		0.86598		0.86154		0.72096
167		1675.55		0.94378		0.95345		0.86047		0.83019		0.90722		0.867		0.724
168		1676.77		0.94568		0.95619		0.8553		0.81944		0.91237		0.86341		0.71515
169		1678.3		0.9452		0.95585		0.86047		0.83019		0.90722		0.867		0.724
170		1679.8		0.94503		0.95533		0.86563		0.84804		0.89175		0.86935		0.73221
171		1681.37		0.9464		0.95624		0.8708		0.84951		0.90206		0.875		0.74299
172		1682.5		0.94618		0.95551		0.86822		0.83886		0.91237		0.87407		0.73923
173		1683.64		0.94418		0.9533		0.86822		0.83886		0.91237		0.87407		0.73923
174		1685.06		0.94199		0.95076		0.86563		0.83491		0.91237		0.87192		0.73439
175		1686.83		0.94127		0.95085		0.86047		0.83654		0.89691		0.86567		0.72277
176		1688.3		0.94518		0.95466		0.86305		0.83099		0.91237		0.86978		0.72955
177		1689.66		0.94875		0.95834		0.87339		0.84038		0.92268		0.87961		0.75033
AUC improved at epoch  177 ;	best_auc: 0.9487473959724374
178		1690.95		0.95118		0.96078		0.86822		0.83886		0.91237		0.87407		0.73923
AUC improved at epoch  178 ;	best_auc: 0.9511778216975589
179		1692.37		0.95225		0.96198		0.8708		0.84286		0.91237		0.87624		0.74409
AUC improved at epoch  179 ;	best_auc: 0.9522461406976124
180		1693.69		0.95099		0.96076		0.87597		0.86139		0.89691		0.87879		0.75255
181		1694.85		0.94832		0.95822		0.86822		0.85222		0.89175		0.87154		0.7372
182		1696.07		0.94749		0.95694		0.86047		0.83981		0.89175		0.865		0.72227
183		1697.23		0.94656		0.95564		0.86563		0.84135		0.90206		0.87065		0.73314
184		1698.91		0.94677		0.95575		0.86822		0.84541		0.90206		0.87282		0.73805
185		1700.34		0.94797		0.95678		0.86822		0.84211		0.90722		0.87345		0.7386
186		1701.92		0.94769		0.95654		0.87339		0.84689		0.91237		0.87841		0.74897
187		1703.59		0.94677		0.95565		0.8708		0.84286		0.91237		0.87624		0.74409
188		1705.15		0.9452		0.95394		0.86822		0.83886		0.91237		0.87407		0.73923
189		1706.39		0.94341		0.95227		0.86047		0.83333		0.90206		0.86634		0.72335
190		1707.58		0.94242		0.95158		0.8553		0.82857		0.89691		0.86139		0.71297
191		1709.07		0.94148		0.95073		0.8553		0.83495		0.8866		0.86		0.71192
192		1710.7		0.94194		0.95167		0.8553		0.83173		0.89175		0.8607		0.71241
193		1712.08		0.94325		0.95314		0.86047		0.83654		0.89691		0.86567		0.72277
194		1713.76		0.94457		0.95446		0.86305		0.84058		0.89691		0.86783		0.72769
195		1715.46		0.94509		0.95469		0.86822		0.84541		0.90206		0.87282		0.73805
196		1716.73		0.94605		0.95559		0.86822		0.84878		0.89691		0.87218		0.73759
197		1718.27		0.94677		0.95604		0.86563		0.84466		0.89691		0.87		0.73263
198		1720.24		0.94685		0.95595		0.87339		0.85366		0.90206		0.87719		0.74794
199		1721.87		0.94517		0.95412		0.86563		0.84466		0.89691		0.87		0.73263
200		1723.1		0.94337		0.95185		0.86822		0.84211		0.90722		0.87345		0.7386
201		1724.29		0.94288		0.95084		0.85788		0.82938		0.90206		0.8642		0.71848
202		1725.51		0.94311		0.9515		0.85788		0.82938		0.90206		0.8642		0.71848
203		1727.53		0.94327		0.95273		0.8553		0.83173		0.89175		0.8607		0.71241
204		1728.67		0.94282		0.95294		0.85788		0.83902		0.8866		0.86216		0.71688
205		1729.9		0.9421		0.95253		0.86305		0.84058		0.89691		0.86783		0.72769
206		1731.08		0.94232		0.95251		0.8553		0.82243		0.90722		0.86275		0.71434
207		1732.84		0.94395		0.9533		0.86047		0.82407		0.91753		0.86829		0.72555
208		1734.53		0.94459		0.95369		0.86047		0.8271		0.91237		0.86765		0.72474
209		1735.76		0.94482		0.95359		0.86047		0.83981		0.89175		0.865		0.72227
210		1736.94		0.9453		0.95408		0.87339		0.8607		0.89175		0.87595		0.74723
211		1738.48		0.9464		0.95479		0.86305		0.8439		0.89175		0.86717		0.72723
212		1740.05		0.94685		0.95537		0.85788		0.83254		0.89691		0.86352		0.71786
213		1741.75		0.9466		0.95527		0.86305		0.83099		0.91237		0.86978		0.72955
214		1743.39		0.9468		0.95602		0.86305		0.83412		0.90722		0.86914		0.72885
215		1744.92		0.9465		0.95605		0.86563		0.8381		0.90722		0.87129		0.73372
216		1746.51		0.94656		0.95642		0.86047		0.8271		0.91237		0.86765		0.72474
217		1747.73		0.94576		0.95582		0.85788		0.82629		0.90722		0.86486		0.71917
218		1748.84		0.94414		0.95421		0.86047		0.83333		0.90206		0.86634		0.72335
219		1749.96		0.94501		0.95511		0.85788		0.83254		0.89691		0.86352		0.71786
220		1751.22		0.94642		0.95602		0.86305		0.84058		0.89691		0.86783		0.72769
221		1752.7		0.94819		0.95729		0.87339		0.84689		0.91237		0.87841		0.74897
222		1754.37		0.94763		0.95623		0.87339		0.85366		0.90206		0.87719		0.74794
223		1755.56		0.94573		0.9538		0.86305		0.84729		0.8866		0.8665		0.72685
224		1756.71		0.94562		0.95371		0.86822		0.8593		0.88144		0.87023		0.73666
225		1758.08		0.94648		0.95476		0.8708		0.84615		0.90722		0.87562		0.7435
226		1759.27		0.94614		0.95474		0.86563		0.84135		0.90206		0.87065		0.73314
227		1760.92		0.94568		0.95409		0.86047		0.83654		0.89691		0.86567		0.72277
228		1762.35		0.94569		0.95383		0.8553		0.83173		0.89175		0.8607		0.71241
229		1763.95		0.9461		0.95407		0.8553		0.82547		0.90206		0.86207		0.71362
230		1765.69		0.94689		0.95498		0.85788		0.82028		0.91753		0.86618		0.72079
231		1767.12		0.94677		0.95487		0.86563		0.8287		0.92268		0.87317		0.73596
232		1768.74		0.94747		0.95576		0.86563		0.8381		0.90722		0.87129		0.73372
233		1770.4		0.94749		0.95619		0.85788		0.83902		0.8866		0.86216		0.71688
234		1771.59		0.94747		0.95647		0.85788		0.83902		0.8866		0.86216		0.71688
235		1772.81		0.94714		0.95648		0.86047		0.83654		0.89691		0.86567		0.72277
236		1774.01		0.9459		0.95525		0.86047		0.83654		0.89691		0.86567		0.72277
237		1775.57		0.94502		0.9547		0.85788		0.83254		0.89691		0.86352		0.71786
238		1777.14		0.94466		0.95446		0.86563		0.84466		0.89691		0.87		0.73263
239		1778.55		0.94447		0.95427		0.86563		0.84804		0.89175		0.86935		0.73221
240		1780.08		0.94542		0.95515		0.85788		0.82938		0.90206		0.8642		0.71848
241		1782.33		0.94629		0.95579		0.85788		0.82629		0.90722		0.86486		0.71917
242		1783.5		0.9465		0.95608		0.85788		0.82326		0.91237		0.86553		0.71994
243		1784.64		0.94747		0.95703		0.85788		0.82326		0.91237		0.86553		0.71994
244		1785.95		0.94733		0.95707		0.86047		0.83333		0.90206		0.86634		0.72335
245		1787.07		0.94645		0.95601		0.86563		0.84466		0.89691		0.87		0.73263
246		1788.5		0.94526		0.95464		0.8708		0.85644		0.89175		0.87374		0.74221
247		1789.88		0.94497		0.95401		0.86822		0.85222		0.89175		0.87154		0.7372
248		1791.38		0.94402		0.95319		0.86822		0.84878		0.89691		0.87218		0.73759
249		1793.03		0.94465		0.95368		0.86305		0.83732		0.90206		0.86849		0.72823
250		1795.1		0.94578		0.95495		0.86047		0.83019		0.90722		0.867		0.724
251		1796.39		0.94604		0.95514		0.86305		0.83099		0.91237		0.86978		0.72955
252		1797.7		0.94641		0.95546		0.86305		0.83099		0.91237		0.86978		0.72955
253		1798.88		0.94618		0.95545		0.86305		0.83099		0.91237		0.86978		0.72955
254		1800.16		0.94637		0.95563		0.86047		0.83333		0.90206		0.86634		0.72335
255		1801.56		0.94629		0.95555		0.85788		0.83575		0.89175		0.86284		0.71733
256		1802.92		0.94633		0.95553		0.8553		0.83173		0.89175		0.8607		0.71241
257		1804.2		0.94638		0.95575		0.85271		0.82775		0.89175		0.85856		0.7075
258		1805.59		0.94706		0.9563		0.85788		0.83254		0.89691		0.86352		0.71786
259		1807.53		0.94784		0.95721		0.85788		0.83254		0.89691		0.86352		0.71786
260		1808.67		0.94807		0.95756		0.86047		0.83654		0.89691		0.86567		0.72277
261		1810.24		0.94752		0.95731		0.86563		0.84135		0.90206		0.87065		0.73314
262		1811.88		0.94712		0.95718		0.86305		0.84058		0.89691		0.86783		0.72769
263		1813.24		0.9468		0.95685		0.86305		0.83732		0.90206		0.86849		0.72823
264		1814.55		0.94621		0.95624		0.8553		0.82547		0.90206		0.86207		0.71362
265		1816.19		0.94629		0.95648		0.84496		0.81019		0.90206		0.85366		0.69433
266		1817.98		0.94597		0.95619		0.84755		0.8169		0.89691		0.85504		0.69839
267		1819.64		0.94681		0.9568		0.84755		0.8169		0.89691		0.85504		0.69839
268		1821.46		0.94723		0.95716		0.86047		0.83654		0.89691		0.86567		0.72277
269		1822.81		0.94733		0.95717		0.86563		0.84466		0.89691		0.87		0.73263
270		1824.18		0.94698		0.95674		0.86563		0.85149		0.8866		0.86869		0.73186
271		1825.75		0.94749		0.9571		0.8708		0.84951		0.90206		0.875		0.74299
272		1827.61		0.94804		0.9575		0.85788		0.82629		0.90722		0.86486		0.71917
273		1828.96		0.94831		0.95764		0.8553		0.82243		0.90722		0.86275		0.71434
274		1830.1		0.94836		0.95757		0.8553		0.81944		0.91237		0.86341		0.71515
275		1831.28		0.94833		0.95754		0.86047		0.8271		0.91237		0.86765		0.72474
276		1832.76		0.94966		0.95885		0.86563		0.84135		0.90206		0.87065		0.73314
277		1834.01		0.95014		0.9591		0.87339		0.86432		0.8866		0.87532		0.747
278		1835.14		0.94984		0.95868		0.87597		0.86139		0.89691		0.87879		0.75255
279		1836.29		0.94824		0.95721		0.8708		0.83645		0.92268		0.87745		0.74553
280		1838.19		0.94677		0.95586		0.86305		0.82791		0.91753		0.87042		0.73034
281		1839.38		0.94552		0.95438		0.86563		0.83178		0.91753		0.87255		0.73513
282		1840.7		0.94431		0.9535		0.85271		0.82464		0.89691		0.85926		0.7081
283		1842.34		0.94453		0.9539		0.85788		0.84236		0.88144		0.86146		0.7165
284		1844.04		0.94495		0.95462		0.86563		0.86224		0.87113		0.86667		0.7313
285		1845.42		0.94586		0.95523		0.86822		0.85572		0.8866		0.87089		0.73689
286		1846.96		0.94629		0.95593		0.87339		0.84038		0.92268		0.87961		0.75033
287		1848.16		0.94608		0.95576		0.86822		0.83256		0.92268		0.87531		0.74074
288		1849.57		0.94629		0.95579		0.86305		0.82791		0.91753		0.87042		0.73034
289		1851.29		0.94414		0.95349		0.86563		0.84135		0.90206		0.87065		0.73314
290		1852.59		0.9435		0.95282		0.86305		0.83732		0.90206		0.86849		0.72823
291		1854.13		0.94528		0.95465		0.86822		0.84541		0.90206		0.87282		0.73805
292		1855.71		0.94755		0.95673		0.86563		0.83491		0.91237		0.87192		0.73439
293		1857.21		0.94885		0.95822		0.8708		0.83645		0.92268		0.87745		0.74553
294		1858.36		0.94897		0.95866		0.86822		0.84878		0.89691		0.87218		0.73759
295		1859.65		0.94765		0.95786		0.86047		0.85714		0.86598		0.86154		0.72096
296		1861.07		0.94743		0.95752		0.86047		0.85354		0.87113		0.86224		0.72107
297		1862.8		0.94678		0.95671		0.8553		0.83824		0.88144		0.8593		0.7115
298		1864.28		0.94552		0.95545		0.86563		0.8381		0.90722		0.87129		0.73372
299		1865.87		0.94474		0.95462		0.86563		0.83491		0.91237		0.87192		0.73439
300		1867.65		0.94369		0.95358		0.86563		0.8381		0.90722		0.87129		0.73372
301		1869.13		0.94243		0.95222		0.86305		0.84058		0.89691		0.86783		0.72769
302		1870.44		0.94228		0.95163		0.86305		0.83732		0.90206		0.86849		0.72823
303		1871.91		0.94426		0.95344		0.86305		0.83099		0.91237		0.86978		0.72955
304		1873.56		0.94581		0.95492		0.86563		0.83491		0.91237		0.87192		0.73439
305		1875.08		0.94597		0.9551		0.8708		0.83645		0.92268		0.87745		0.74553
306		1876.29		0.94673		0.9558		0.86822		0.83886		0.91237		0.87407		0.73923
307		1877.52		0.9464		0.95553		0.86563		0.8381		0.90722		0.87129		0.73372
308		1878.92		0.94489		0.95426		0.86822		0.84541		0.90206		0.87282		0.73805
309		1880.71		0.94386		0.95351		0.86563		0.84466		0.89691		0.87		0.73263
310		1881.88		0.94132		0.95106		0.86305		0.84058		0.89691		0.86783		0.72769
311		1883.68		0.94029		0.9502		0.85788		0.82938		0.90206		0.8642		0.71848
312		1885.24		0.94049		0.95047		0.86563		0.83491		0.91237		0.87192		0.73439
313		1886.45		0.94214		0.95208		0.86047		0.83654		0.89691		0.86567		0.72277
314		1887.58		0.94314		0.95324		0.86822		0.85222		0.89175		0.87154		0.7372
315		1888.8		0.94378		0.95396		0.86047		0.85354		0.87113		0.86224		0.72107
316		1890.2		0.94458		0.95479		0.85271		0.83744		0.87629		0.85642		0.70615
317		1891.41		0.94474		0.95499		0.8553		0.83495		0.8866		0.86		0.71192
318		1893.04		0.94433		0.95455		0.8553		0.82243		0.90722		0.86275		0.71434
319		1894.4		0.94389		0.95418		0.84755		0.81106		0.90722		0.85645		0.69996
320		1895.61		0.94362		0.95395		0.84496		0.81308		0.89691		0.85294		0.69355
321		1896.79		0.94385		0.95415		0.85013		0.82381		0.89175		0.85644		0.7026
322		1897.89		0.94552		0.95547		0.8553		0.83495		0.8866		0.86		0.71192
323		1899.12		0.94696		0.95665		0.86047		0.84653		0.88144		0.86364		0.72152
324		1900.38		0.94731		0.95647		0.85788		0.83575		0.89175		0.86284		0.71733
325		1901.63		0.94752		0.9565		0.85788		0.83254		0.89691		0.86352		0.71786
326		1902.98		0.9471		0.95648		0.8553		0.82857		0.89691		0.86139		0.71297
327		1904.94		0.9462		0.95587		0.86563		0.84135		0.90206		0.87065		0.73314
328		1906.62		0.9449		0.95482		0.86047		0.83654		0.89691		0.86567		0.72277
329		1908.67		0.94442		0.95406		0.85788		0.82938		0.90206		0.8642		0.71848
330		1909.92		0.94402		0.95404		0.86047		0.83333		0.90206		0.86634		0.72335
331		1911.28		0.94469		0.95456		0.86822		0.83886		0.91237		0.87407		0.73923
332		1912.57		0.94538		0.95521		0.86563		0.8381		0.90722		0.87129		0.73372
333		1914.2		0.94532		0.95502		0.86822		0.84211		0.90722		0.87345		0.7386
334		1915.65		0.94554		0.95514		0.86305		0.8439		0.89175		0.86717		0.72723
335		1917.35		0.94569		0.95492		0.86047		0.83981		0.89175		0.865		0.72227
336		1919.13		0.94554		0.95462		0.85788		0.83254		0.89691		0.86352		0.71786
337		1920.24		0.94558		0.95463		0.86047		0.83333		0.90206		0.86634		0.72335
338		1921.47		0.94549		0.95464		0.86047		0.83333		0.90206		0.86634		0.72335
339		1922.83		0.94544		0.95472		0.86305		0.83732		0.90206		0.86849		0.72823
340		1924.16		0.94528		0.9548		0.86305		0.83732		0.90206		0.86849		0.72823
341		1926.03		0.94536		0.95504		0.86305		0.83732		0.90206		0.86849		0.72823
342		1927.48		0.94544		0.95523		0.86305		0.83732		0.90206		0.86849		0.72823
343		1928.76		0.94546		0.95543		0.86305		0.83732		0.90206		0.86849		0.72823
344		1929.89		0.94533		0.95518		0.86563		0.84135		0.90206		0.87065		0.73314
345		1931.05		0.9465		0.95596		0.86305		0.83412		0.90722		0.86914		0.72885
346		1932.41		0.94622		0.95547		0.86563		0.83491		0.91237		0.87192		0.73439
347		1933.75		0.94674		0.95585		0.86822		0.84211		0.90722		0.87345		0.7386
348		1934.9		0.94672		0.9559		0.8708		0.84615		0.90722		0.87562		0.7435
349		1936.27		0.9472		0.95644		0.87597		0.85096		0.91237		0.8806		0.75387
350		1937.85		0.94747		0.95699		0.86822		0.84211		0.90722		0.87345		0.7386
351		1939.71		0.94773		0.95758		0.8708		0.84951		0.90206		0.875		0.74299
352		1941.69		0.94763		0.95754		0.87339		0.85024		0.90722		0.87781		0.74842
353		1942.79		0.94819		0.95806		0.8708		0.84615		0.90722		0.87562		0.7435
354		1944.34		0.94857		0.95816		0.86563		0.8381		0.90722		0.87129		0.73372
355		1945.93		0.94904		0.95823		0.86305		0.83412		0.90722		0.86914		0.72885
356		1947.34		0.94975		0.95834		0.86563		0.83491		0.91237		0.87192		0.73439
357		1948.52		0.95014		0.95827		0.87339		0.8436		0.91753		0.87901		0.74961
358		1949.69		0.9498		0.95795		0.87597		0.85096		0.91237		0.8806		0.75387
359		1950.9		0.94946		0.95765		0.87855		0.85854		0.90722		0.88221		0.7583
360		1952.41		0.94919		0.95745		0.87597		0.85437		0.90722		0.88		0.75335
361		1954.52		0.9484		0.95679		0.87597		0.85437		0.90722		0.88		0.75335
362		1956.26		0.94781		0.9564		0.87339		0.85366		0.90206		0.87719		0.74794
363		1957.4		0.94827		0.95693		0.86563		0.84135		0.90206		0.87065		0.73314
364		1958.63		0.94859		0.95729		0.86563		0.83491		0.91237		0.87192		0.73439
365		1959.89		0.94821		0.9572		0.86563		0.83491		0.91237		0.87192		0.73439
366		1961.15		0.94714		0.95643		0.86563		0.83491		0.91237		0.87192		0.73439
367		1962.29		0.94649		0.95567		0.86563		0.84135		0.90206		0.87065		0.73314
368		1963.51		0.94549		0.95475		0.86305		0.84058		0.89691		0.86783		0.72769
369		1965.23		0.94569		0.95465		0.86563		0.84466		0.89691		0.87		0.73263
370		1967.09		0.94685		0.9553		0.85788		0.83575		0.89175		0.86284		0.71733
371		1969.16		0.9469		0.95505		0.85788		0.82938		0.90206		0.8642		0.71848
372		1970.31		0.94552		0.95402		0.86563		0.84135		0.90206		0.87065		0.73314
373		1971.99		0.94439		0.95292		0.8708		0.85294		0.89691		0.87437		0.74256
374		1973.35		0.94415		0.9529		0.87339		0.85366		0.90206		0.87719		0.74794
375		1974.91		0.94621		0.95532		0.85788		0.83575		0.89175		0.86284		0.71733
376		1976.36		0.94649		0.9556		0.86305		0.83732		0.90206		0.86849		0.72823
377		1977.66		0.94597		0.95469		0.8553		0.82547		0.90206		0.86207		0.71362
378		1978.82		0.94525		0.9549		0.8553		0.82547		0.90206		0.86207		0.71362
379		1980.02		0.94626		0.95603		0.85788		0.83902		0.8866		0.86216		0.71688
380		1981.77		0.94618		0.9564		0.86822		0.8593		0.88144		0.87023		0.73666
381		1983.21		0.94458		0.95503		0.86563		0.84804		0.89175		0.86935		0.73221
382		1984.29		0.94562		0.9554		0.87339		0.84038		0.92268		0.87961		0.75033
383		1985.39		0.9461		0.95574		0.86563		0.83491		0.91237		0.87192		0.73439
384		1986.56		0.9449		0.95492		0.86822		0.84878		0.89691		0.87218		0.73759
385		1987.78		0.94514		0.95509		0.86305		0.83412		0.90722		0.86914		0.72885
386		1989.13		0.94517		0.95513		0.8708		0.84615		0.90722		0.87562		0.7435
387		1990.32		0.94541		0.95537		0.86822		0.84211		0.90722		0.87345		0.7386
388		1991.53		0.9453		0.95503		0.86047		0.83019		0.90722		0.867		0.724
389		1993.11		0.9441		0.95414		0.86822		0.83886		0.91237		0.87407		0.73923
390		1994.76		0.9437		0.95385		0.86822		0.84541		0.90206		0.87282		0.73805
391		1996.36		0.9445		0.95443		0.86305		0.8439		0.89175		0.86717		0.72723
392		1998.13		0.94562		0.95504		0.85788		0.82938		0.90206		0.8642		0.71848
393		1999.92		0.9451		0.95395		0.86305		0.82791		0.91753		0.87042		0.73034
394		2001.57		0.94455		0.95301		0.86305		0.82791		0.91753		0.87042		0.73034
395		2003.29		0.94541		0.95405		0.86047		0.83333		0.90206		0.86634		0.72335
396		2005.02		0.94554		0.9545		0.86563		0.84466		0.89691		0.87		0.73263
397		2006.53		0.94421		0.95326		0.8708		0.85644		0.89175		0.87374		0.74221
398		2007.9		0.94447		0.95295		0.86822		0.84211		0.90722		0.87345		0.7386
399		2009.2		0.94383		0.95212		0.86305		0.82791		0.91753		0.87042		0.73034
400		2010.99		0.94341		0.95157		0.86305		0.82791		0.91753		0.87042		0.73034
401		2012.46		0.94386		0.95255		0.86305		0.83732		0.90206		0.86849		0.72823
402		2013.69		0.94367		0.95304		0.86563		0.84466		0.89691		0.87		0.73263
403		2015.03		0.94379		0.95378		0.8708		0.86		0.8866		0.8731		0.74194
404		2016.53		0.94469		0.95444		0.87339		0.8607		0.89175		0.87595		0.74723
405		2017.74		0.9452		0.95452		0.86305		0.84058		0.89691		0.86783		0.72769
406		2019.1		0.94477		0.95388		0.8553		0.82547		0.90206		0.86207		0.71362
407		2020.29		0.94505		0.95393		0.86047		0.82407		0.91753		0.86829		0.72555
408		2021.71		0.94469		0.95374		0.86305		0.83099		0.91237		0.86978		0.72955
409		2023.39		0.94485		0.95372		0.86563		0.84466		0.89691		0.87		0.73263
410		2024.95		0.94426		0.9532		0.8708		0.85294		0.89691		0.87437		0.74256
411		2026.11		0.9429		0.95249		0.87339		0.85714		0.89691		0.87657		0.74755
412		2027.28		0.9426		0.95257		0.86822		0.85222		0.89175		0.87154		0.7372
413		2028.54		0.94349		0.95305		0.86305		0.83412		0.90722		0.86914		0.72885
414		2029.68		0.94466		0.95426		0.86563		0.83178		0.91753		0.87255		0.73513
415		2031.17		0.94466		0.95446		0.85271		0.81279		0.91753		0.86199		0.71129
416		2032.73		0.94461		0.95478		0.86822		0.84541		0.90206		0.87282		0.73805
417		2034.45		0.94477		0.95528		0.88114		0.87374		0.89175		0.88265		0.76242
418		2035.73		0.94455		0.95521		0.87855		0.87692		0.88144		0.87918		0.75711
419		2036.98		0.94594		0.95549		0.87339		0.85366		0.90206		0.87719		0.74794
420		2038.25		0.94616		0.95527		0.87597		0.84112		0.92784		0.88235		0.75592
421		2039.57		0.94529		0.95534		0.86822		0.84541		0.90206		0.87282		0.73805
422		2041.33		0.94254		0.9532		0.86305		0.85427		0.87629		0.86514		0.72632
423		2042.61		0.94701		0.95611		0.86047		0.8271		0.91237		0.86765		0.72474
424		2044.0		0.94723		0.95538		0.8553		0.80804		0.93299		0.86603		0.71918
425		2045.54		0.94723		0.95633		0.87339		0.85366		0.90206		0.87719		0.74794
426		2047.08		0.94415		0.95451		0.8708		0.86735		0.87629		0.87179		0.74163
427		2048.35		0.94447		0.95464		0.87339		0.86432		0.8866		0.87532		0.747
428		2049.7		0.94437		0.95451		0.86822		0.84878		0.89691		0.87218		0.73759
429		2051.24		0.94391		0.95383		0.85788		0.82629		0.90722		0.86486		0.71917
430		2052.71		0.94351		0.95351		0.86047		0.8271		0.91237		0.86765		0.72474
431		2054.0		0.94343		0.95356		0.86047		0.83981		0.89175		0.865		0.72227
432		2055.41		0.94299		0.95312		0.85788		0.83902		0.8866		0.86216		0.71688
433		2056.74		0.94338		0.95317		0.86563		0.84804		0.89175		0.86935		0.73221
434		2058.39		0.94494		0.95423		0.86305		0.83732		0.90206		0.86849		0.72823
435		2059.96		0.946		0.9548		0.86822		0.83886		0.91237		0.87407		0.73923
436		2061.25		0.94556		0.95413		0.86305		0.83412		0.90722		0.86914		0.72885
437		2062.59		0.94485		0.95392		0.86822		0.84878		0.89691		0.87218		0.73759
438		2063.85		0.94335		0.95309		0.86305		0.8439		0.89175		0.86717		0.72723
439		2065.67		0.94263		0.95243		0.85788		0.83575		0.89175		0.86284		0.71733
440		2067.3		0.94284		0.95272		0.85788		0.83575		0.89175		0.86284		0.71733
441		2068.61		0.94393		0.95356		0.85788		0.83254		0.89691		0.86352		0.71786
442		2069.91		0.94479		0.95441		0.86047		0.83019		0.90722		0.867		0.724
443		2071.28		0.94509		0.95481		0.86047		0.8271		0.91237		0.86765		0.72474
444		2072.53		0.94482		0.95465		0.86822		0.83568		0.91753		0.87469		0.73994
445		2073.85		0.94298		0.95329		0.86047		0.83333		0.90206		0.86634		0.72335
446		2075.1		0.94119		0.95194		0.86047		0.84314		0.8866		0.86432		0.72186
447		2077.05		0.93971		0.95054		0.86563		0.85149		0.8866		0.86869		0.73186
448		2078.27		0.93953		0.95031		0.86305		0.83412		0.90722		0.86914		0.72885
449		2079.41		0.93999		0.9505		0.86047		0.83019		0.90722		0.867		0.724
450		2080.56		0.94138		0.95193		0.8708		0.84286		0.91237		0.87624		0.74409
451		2081.85		0.94236		0.95312		0.86563		0.84466		0.89691		0.87		0.73263
452		2083.1		0.94301		0.95363		0.87597		0.85784		0.90206		0.8794		0.75291
453		2084.95		0.94311		0.95367		0.87339		0.85366		0.90206		0.87719		0.74794
454		2086.3		0.94239		0.95323		0.87339		0.85366		0.90206		0.87719		0.74794
455		2087.45		0.94194		0.95317		0.8708		0.85644		0.89175		0.87374		0.74221
456		2089.32		0.94196		0.95319		0.86822		0.85222		0.89175		0.87154		0.7372
457		2091.09		0.94178		0.95318		0.86822		0.84878		0.89691		0.87218		0.73759
458		2092.66		0.94147		0.95248		0.87339		0.85024		0.90722		0.87781		0.74842
459		2094.1		0.94148		0.95229		0.86305		0.83412		0.90722		0.86914		0.72885
460		2095.32		0.94156		0.95227		0.86305		0.83412		0.90722		0.86914		0.72885
461		2096.45		0.94262		0.95272		0.85788		0.82938		0.90206		0.8642		0.71848
462		2097.55		0.94279		0.95277		0.8553		0.82857		0.89691		0.86139		0.71297
463		2098.64		0.94313		0.95265		0.86822		0.83886		0.91237		0.87407		0.73923
464		2099.73		0.94297		0.95259		0.86305		0.83732		0.90206		0.86849		0.72823
465		2100.92		0.94266		0.95244		0.86563		0.84804		0.89175		0.86935		0.73221
466		2102.04		0.94196		0.95196		0.86047		0.84653		0.88144		0.86364		0.72152
467		2103.87		0.94159		0.95151		0.86047		0.84314		0.8866		0.86432		0.72186
468		2105.79		0.94195		0.95149		0.86563		0.8381		0.90722		0.87129		0.73372
469		2107.06		0.94219		0.95139		0.85271		0.81567		0.91237		0.86131		0.71037
470		2108.15		0.94351		0.95264		0.8553		0.81944		0.91237		0.86341		0.71515
471		2109.31		0.94395		0.95321		0.8708		0.84286		0.91237		0.87624		0.74409
472		2110.5		0.94466		0.95409		0.86305		0.8439		0.89175		0.86717		0.72723
473		2111.63		0.94552		0.95505		0.8708		0.86735		0.87629		0.87179		0.74163
474		2112.85		0.94637		0.95589		0.87339		0.86432		0.8866		0.87532		0.747
475		2114.22		0.9471		0.95656		0.86563		0.84466		0.89691		0.87		0.73263
476		2116.04		0.94676		0.95621		0.86563		0.83178		0.91753		0.87255		0.73513
477		2118.07		0.94645		0.95608		0.86047		0.82407		0.91753		0.86829		0.72555
478		2120.21		0.94637		0.95613		0.85788		0.82326		0.91237		0.86553		0.71994
479		2121.54		0.94525		0.95558		0.86047		0.83019		0.90722		0.867		0.724
480		2122.88		0.94407		0.95468		0.85788		0.83575		0.89175		0.86284		0.71733
481		2124.12		0.94366		0.95465		0.86822		0.85572		0.8866		0.87089		0.73689
482		2125.23		0.94373		0.95469		0.86822		0.85572		0.8866		0.87089		0.73689
483		2126.57		0.94466		0.95527		0.86822		0.85222		0.89175		0.87154		0.7372
484		2127.85		0.94505		0.95528		0.87339		0.85366		0.90206		0.87719		0.74794
485		2129.03		0.94517		0.95523		0.8708		0.84951		0.90206		0.875		0.74299
486		2130.35		0.94475		0.95466		0.8708		0.85294		0.89691		0.87437		0.74256
487		2131.91		0.94373		0.95363		0.87597		0.86139		0.89691		0.87879		0.75255
488		2133.86		0.9435		0.95343		0.86563		0.85149		0.8866		0.86869		0.73186
489		2135.08		0.94345		0.95298		0.87597		0.86869		0.8866		0.87755		0.75208
490		2136.22		0.94373		0.95287		0.87855		0.86567		0.89691		0.88101		0.75758
491		2137.45		0.94453		0.95357		0.8708		0.84615		0.90722		0.87562		0.7435
492		2138.76		0.94506		0.95395		0.86047		0.8271		0.91237		0.86765		0.72474
493		2139.91		0.94383		0.9528		0.8553		0.81651		0.91753		0.86408		0.71603
494		2141.67		0.94407		0.95318		0.85788		0.82629		0.90722		0.86486		0.71917
495		2143.4		0.94369		0.95339		0.86563		0.84135		0.90206		0.87065		0.73314
496		2145.33		0.94434		0.95443		0.86822		0.85572		0.8866		0.87089		0.73689
497		2146.61		0.9447		0.95486		0.8708		0.84615		0.90722		0.87562		0.7435
498		2147.95		0.94506		0.95497		0.8708		0.83962		0.91753		0.87685		0.74477
499		2149.21		0.94497		0.95479		0.86563		0.8287		0.92268		0.87317		0.73596
500		2150.87		0.94429		0.9542		0.86563		0.8287		0.92268		0.87317		0.73596
501		2152.22		0.94282		0.95339		0.86047		0.83654		0.89691		0.86567		0.72277
502		2153.54		0.94178		0.95297		0.86563		0.855		0.88144		0.86802		0.73159
503		2155.0		0.94231		0.95322		0.86822		0.85222		0.89175		0.87154		0.7372
504		2156.37		0.94196		0.95205		0.86822		0.84541		0.90206		0.87282		0.73805
505		2157.94		0.941		0.95013		0.85788		0.82629		0.90722		0.86486		0.71917
506		2159.36		0.9425		0.95176		0.86305		0.83099		0.91237		0.86978		0.72955
507		2160.89		0.94305		0.95276		0.86047		0.83981		0.89175		0.865		0.72227
508		2162.52		0.94391		0.95386		0.85788		0.84236		0.88144		0.86146		0.7165
509		2164.11		0.94426		0.95424		0.86305		0.85075		0.88144		0.86582		0.72655
510		2165.46		0.94306		0.95332		0.86822		0.85572		0.8866		0.87089		0.73689
511		2166.81		0.94311		0.95349		0.86563		0.84466		0.89691		0.87		0.73263
512		2167.98		0.94386		0.95402		0.85788		0.83575		0.89175		0.86284		0.71733
513		2169.37		0.94383		0.95363		0.85788		0.82629		0.90722		0.86486		0.71917
514		2170.5		0.94375		0.95314		0.8553		0.82243		0.90722		0.86275		0.71434
515		2171.75		0.94288		0.95197		0.8553		0.82547		0.90206		0.86207		0.71362
516		2173.45		0.94275		0.95185		0.8553		0.82857		0.89691		0.86139		0.71297
517		2175.19		0.94244		0.95187		0.85788		0.83902		0.8866		0.86216		0.71688
518		2176.35		0.9417		0.95153		0.86563		0.84804		0.89175		0.86935		0.73221
519		2177.55		0.94087		0.95095		0.86563		0.84804		0.89175		0.86935		0.73221
520		2178.92		0.94164		0.95156		0.86047		0.83333		0.90206		0.86634		0.72335
521		2180.26		0.94219		0.9518		0.86822		0.83886		0.91237		0.87407		0.73923
522		2181.4		0.94359		0.95289		0.86822		0.83886		0.91237		0.87407		0.73923
523		2183.01		0.94522		0.95406		0.8708		0.84286		0.91237		0.87624		0.74409
524		2184.55		0.94598		0.9545		0.87339		0.8436		0.91753		0.87901		0.74961
525		2186.79		0.94637		0.95462		0.86822		0.83886		0.91237		0.87407		0.73923
526		2188.73		0.94585		0.95412		0.87855		0.85507		0.91237		0.88279		0.75878
527		2189.85		0.94545		0.95394		0.87339		0.85024		0.90722		0.87781		0.74842
528		2191.31		0.94516		0.95362		0.87597		0.84762		0.91753		0.88119		0.75447
529		2192.91		0.94445		0.95337		0.86822		0.83886		0.91237		0.87407		0.73923
530		2194.48		0.94442		0.95348		0.86563		0.83491		0.91237		0.87192		0.73439
531		2195.73		0.94415		0.9533		0.8708		0.83962		0.91753		0.87685		0.74477
532		2196.96		0.94423		0.9535		0.8708		0.84615		0.90722		0.87562		0.7435
533		2198.23		0.94442		0.95392		0.87855		0.85854		0.90722		0.88221		0.7583
534		2199.49		0.9449		0.95443		0.87597		0.85784		0.90206		0.8794		0.75291
535		2201.43		0.94453		0.954		0.87855		0.86207		0.90206		0.88161		0.7579
536		2202.75		0.94433		0.95394		0.8708		0.85294		0.89691		0.87437		0.74256
537		2203.92		0.94431		0.95418		0.86822		0.84541		0.90206		0.87282		0.73805
538		2205.11		0.94414		0.95413		0.86305		0.83732		0.90206		0.86849		0.72823
539		2206.37		0.94391		0.95418		0.86305		0.83732		0.90206		0.86849		0.72823
540		2207.5		0.94355		0.95396		0.86305		0.8439		0.89175		0.86717		0.72723
541		2208.66		0.94274		0.9531		0.86047		0.84653		0.88144		0.86364		0.72152
542		2209.8		0.94236		0.95239		0.85788		0.83575		0.89175		0.86284		0.71733
543		2210.99		0.94203		0.95144		0.85788		0.83575		0.89175		0.86284		0.71733
544		2212.37		0.94191		0.95065		0.8553		0.83173		0.89175		0.8607		0.71241
545		2213.93		0.9422		0.9511		0.86563		0.84804		0.89175		0.86935		0.73221
546		2215.6		0.94167		0.95092		0.86305		0.85075		0.88144		0.86582		0.72655
547		2216.97		0.94207		0.95136		0.86305		0.84729		0.8866		0.8665		0.72685
548		2218.62		0.94275		0.95177		0.8708		0.84951		0.90206		0.875		0.74299
549		2219.92		0.94325		0.95238		0.86563		0.84135		0.90206		0.87065		0.73314
550		2221.63		0.94383		0.95328		0.86305		0.83732		0.90206		0.86849		0.72823
551		2223.32		0.94391		0.95367		0.86305		0.84058		0.89691		0.86783		0.72769
552		2224.51		0.94473		0.95478		0.86305		0.84729		0.8866		0.8665		0.72685
553		2226.44		0.94461		0.95487		0.86563		0.85149		0.8866		0.86869		0.73186
554		2228.1		0.94389		0.95422		0.86305		0.85427		0.87629		0.86514		0.72632
555		2229.79		0.94338		0.95382		0.86047		0.85354		0.87113		0.86224		0.72107
556		2231.2		0.94333		0.95348		0.86047		0.85		0.87629		0.86294		0.72125
557		2232.87		0.94231		0.95219		0.85013		0.83333		0.87629		0.85427		0.70115
558		2234.65		0.94138		0.95109		0.8553		0.82857		0.89691		0.86139		0.71297
559		2236.09		0.94076		0.95045		0.8553		0.83173		0.89175		0.8607		0.71241
560		2237.22		0.94084		0.95066		0.8553		0.83495		0.8866		0.86		0.71192
561		2238.38		0.94092		0.9507		0.86563		0.85149		0.8866		0.86869		0.73186
562		2239.72		0.94158		0.95135		0.86563		0.855		0.88144		0.86802		0.73159
563		2241.0		0.94267		0.9521		0.86305		0.84729		0.8866		0.8665		0.72685
564		2242.49		0.94363		0.95266		0.86563		0.84466		0.89691		0.87		0.73263
565		2243.99		0.94474		0.95322		0.86822		0.84211		0.90722		0.87345		0.7386
566		2245.96		0.94538		0.95393		0.86822		0.84211		0.90722		0.87345		0.7386
567		2247.32		0.94565		0.95399		0.86305		0.84058		0.89691		0.86783		0.72769
568		2248.98		0.94586		0.95428		0.86822		0.84878		0.89691		0.87218		0.73759
569		2250.47		0.94493		0.95406		0.8708		0.85644		0.89175		0.87374		0.74221
570		2252.15		0.94446		0.95379		0.8708		0.86		0.8866		0.8731		0.74194
571		2253.52		0.94433		0.95344		0.86822		0.85222		0.89175		0.87154		0.7372
572		2255.28		0.94469		0.95338		0.86563		0.83178		0.91753		0.87255		0.73513
573		2256.67		0.94494		0.95315		0.86047		0.81818		0.92784		0.86957		0.72743
574		2258.04		0.94556		0.95356		0.86305		0.82192		0.92784		0.87167		0.73215
575		2259.86		0.94503		0.95385		0.87855		0.85854		0.90722		0.88221		0.7583
576		2261.08		0.94386		0.95349		0.8863		0.87879		0.89691		0.88776		0.77276
577		2262.27		0.94373		0.95301		0.8863		0.87879		0.89691		0.88776		0.77276
578		2263.63		0.94379		0.95272		0.86822		0.85222		0.89175		0.87154		0.7372
579		2264.9		0.94379		0.95245		0.86563		0.8381		0.90722		0.87129		0.73372
580		2266.1		0.94345		0.9518		0.86305		0.83099		0.91237		0.86978		0.72955
581		2267.48		0.94325		0.95205		0.86563		0.84135		0.90206		0.87065		0.73314
582		2269.48		0.94252		0.95233		0.86822		0.85222		0.89175		0.87154		0.7372
583		2271.44		0.94202		0.95223		0.87339		0.86432		0.8866		0.87532		0.747
584		2272.61		0.94276		0.95276		0.86047		0.84314		0.8866		0.86432		0.72186
585		2273.74		0.9435		0.95345		0.85788		0.83575		0.89175		0.86284		0.71733
586		2275.18		0.94437		0.95395		0.86563		0.83491		0.91237		0.87192		0.73439
587		2276.95		0.94489		0.95446		0.86047		0.83019		0.90722		0.867		0.724
588		2278.25		0.94501		0.95458		0.86563		0.84135		0.90206		0.87065		0.73314
589		2279.38		0.94525		0.95453		0.86822		0.84878		0.89691		0.87218		0.73759
590		2280.54		0.9457		0.95476		0.86305		0.84058		0.89691		0.86783		0.72769
591		2282.25		0.94613		0.95492		0.86305		0.84058		0.89691		0.86783		0.72769
592		2283.91		0.94586		0.95521		0.86047		0.83654		0.89691		0.86567		0.72277
593		2285.72		0.94463		0.95475		0.8708		0.85294		0.89691		0.87437		0.74256
594		2287.03		0.94429		0.95492		0.8708		0.85294		0.89691		0.87437		0.74256
595		2288.28		0.94402		0.95507		0.86563		0.84804		0.89175		0.86935		0.73221
596		2289.56		0.94378		0.95489		0.86822		0.85222		0.89175		0.87154		0.7372
597		2290.72		0.94399		0.955		0.86822		0.85222		0.89175		0.87154		0.7372
598		2291.89		0.94502		0.95558		0.86563		0.84804		0.89175		0.86935		0.73221
599		2293.19		0.94648		0.95657		0.86563		0.8381		0.90722		0.87129		0.73372
600		2295.09		0.9467		0.9565		0.86563		0.8381		0.90722		0.87129		0.73372
601		2296.29		0.9468		0.95645		0.86563		0.84135		0.90206		0.87065		0.73314
602		2297.44		0.94674		0.95644		0.86305		0.84058		0.89691		0.86783		0.72769
603		2298.63		0.9471		0.95669		0.87339		0.85024		0.90722		0.87781		0.74842
604		2300.01		0.94682		0.95643		0.86822		0.84878		0.89691		0.87218		0.73759
605		2301.55		0.94626		0.95612		0.86047		0.83019		0.90722		0.867		0.724
606		2302.95		0.94544		0.95542		0.85271		0.8186		0.90722		0.86064		0.70954
607		2304.7		0.94418		0.95424		0.8553		0.81944		0.91237		0.86341		0.71515
608		2306.51		0.94365		0.95371		0.86047		0.83019		0.90722		0.867		0.724
609		2308.24		0.94374		0.9537		0.86047		0.83981		0.89175		0.865		0.72227
610		2309.68		0.94373		0.95354		0.86047		0.84653		0.88144		0.86364		0.72152
611		2311.55		0.9441		0.9536		0.86822		0.85572		0.8866		0.87089		0.73689
612		2313.17		0.94359		0.95271		0.86822		0.84541		0.90206		0.87282		0.73805
613		2315.13		0.94367		0.95259		0.86822		0.84541		0.90206		0.87282		0.73805
614		2316.72		0.94402		0.95296		0.86563		0.84135		0.90206		0.87065		0.73314
615		2317.85		0.94439		0.95351		0.8708		0.85294		0.89691		0.87437		0.74256
616		2318.99		0.9441		0.9533		0.8708		0.85644		0.89175		0.87374		0.74221
617		2320.14		0.94381		0.95329		0.8708		0.85294		0.89691		0.87437		0.74256
618		2321.39		0.94314		0.95271		0.86563		0.8381		0.90722		0.87129		0.73372
619		2323.2		0.94215		0.95182		0.86305		0.83412		0.90722		0.86914		0.72885
620		2324.66		0.94216		0.95164		0.86047		0.83019		0.90722		0.867		0.724
621		2325.93		0.9417		0.95115		0.85788		0.82629		0.90722		0.86486		0.71917
622		2327.27		0.94179		0.95096		0.85788		0.82629		0.90722		0.86486		0.71917
623		2328.71		0.94222		0.95124		0.85788		0.82938		0.90206		0.8642		0.71848
624		2329.94		0.94248		0.95112		0.86047		0.83019		0.90722		0.867		0.724
625		2331.19		0.94248		0.95062		0.86047		0.83019		0.90722		0.867		0.724
626		2332.61		0.94252		0.95085		0.86305		0.83099		0.91237		0.86978		0.72955
627		2334.11		0.94244		0.95103		0.86047		0.83019		0.90722		0.867		0.724
628		2335.54		0.94195		0.95092		0.85788		0.82629		0.90722		0.86486		0.71917
629		2336.91		0.9419		0.95129		0.8553		0.82547		0.90206		0.86207		0.71362
630		2338.35		0.94228		0.95187		0.86305		0.83099		0.91237		0.86978		0.72955
631		2340.39		0.94286		0.95215		0.86305		0.82791		0.91753		0.87042		0.73034
632		2341.67		0.94276		0.9519		0.86822		0.83256		0.92268		0.87531		0.74074
633		2342.92		0.94287		0.95229		0.87339		0.85366		0.90206		0.87719		0.74794
634		2344.46		0.94325		0.95292		0.88114		0.85577		0.91753		0.88557		0.76423
635		2346.01		0.94301		0.95249		0.86305		0.83099		0.91237		0.86978		0.72955
636		2347.3		0.94227		0.95179		0.8708		0.84615		0.90722		0.87562		0.7435
637		2348.52		0.94301		0.95241		0.86822		0.84211		0.90722		0.87345		0.7386
638		2349.7		0.94298		0.95178		0.87855		0.85854		0.90722		0.88221		0.7583
639		2351.14		0.94258		0.95104		0.87339		0.8607		0.89175		0.87595		0.74723
640		2352.69		0.94242		0.95065		0.8708		0.85294		0.89691		0.87437		0.74256
641		2354.48		0.94266		0.95132		0.8708		0.86		0.8866		0.8731		0.74194
642		2356.38		0.9422		0.9513		0.87339		0.8607		0.89175		0.87595		0.74723
643		2357.81		0.94154		0.95125		0.86563		0.84466		0.89691		0.87		0.73263
644		2359.09		0.94072		0.95077		0.8553		0.82857		0.89691		0.86139		0.71297
645		2360.46		0.94096		0.95096		0.85788		0.82028		0.91753		0.86618		0.72079
646		2361.86		0.94139		0.95171		0.85788		0.82326		0.91237		0.86553		0.71994
647		2363.21		0.94223		0.95246		0.86305		0.83412		0.90722		0.86914		0.72885
648		2364.56		0.94266		0.95302		0.86822		0.84541		0.90206		0.87282		0.73805
649		2366.31		0.9425		0.95286		0.87339		0.85024		0.90722		0.87781		0.74842
650		2368.34		0.94426		0.9532		0.86822		0.83886		0.91237		0.87407		0.73923
651		2370.04		0.94406		0.9524		0.8553		0.82243		0.90722		0.86275		0.71434
652		2371.96		0.94389		0.95272		0.86563		0.84135		0.90206		0.87065		0.73314
653		2373.3		0.94381		0.95328		0.86822		0.84878		0.89691		0.87218		0.73759
654		2374.49		0.94426		0.95371		0.87339		0.85366		0.90206		0.87719		0.74794
655		2375.8		0.94489		0.95415		0.8708		0.84951		0.90206		0.875		0.74299
656		2376.99		0.94513		0.95408		0.86563		0.84135		0.90206		0.87065		0.73314
657		2378.24		0.94528		0.95412		0.86563		0.84466		0.89691		0.87		0.73263
658		2379.53		0.94477		0.95434		0.86563		0.84804		0.89175		0.86935		0.73221
659		2381.37		0.94398		0.95439		0.8708		0.86		0.8866		0.8731		0.74194
660		2382.55		0.94338		0.95452		0.8708		0.86		0.8866		0.8731		0.74194
661		2383.85		0.94429		0.95408		0.86822		0.84541		0.90206		0.87282		0.73805
662		2384.97		0.94414		0.95258		0.85788		0.82326		0.91237		0.86553		0.71994
663		2386.11		0.94353		0.952		0.86305		0.83732		0.90206		0.86849		0.72823
664		2387.31		0.94158		0.95025		0.86305		0.8439		0.89175		0.86717		0.72723
665		2388.44		0.94114		0.94984		0.86047		0.83981		0.89175		0.865		0.72227
666		2389.81		0.9418		0.94989		0.86305		0.83099		0.91237		0.86978		0.72955
667		2391.48		0.94223		0.94987		0.85788		0.82326		0.91237		0.86553		0.71994
668		2392.73		0.94319		0.95101		0.86305		0.83099		0.91237		0.86978		0.72955
669		2394.09		0.94327		0.9518		0.86822		0.84878		0.89691		0.87218		0.73759
670		2395.51		0.94343		0.95283		0.86563		0.85149		0.8866		0.86869		0.73186
671		2396.85		0.9433		0.953		0.86563		0.85149		0.8866		0.86869		0.73186
672		2398.46		0.94282		0.95267		0.86563		0.84466		0.89691		0.87		0.73263
673		2399.85		0.9427		0.95265		0.85788		0.82938		0.90206		0.8642		0.71848
674		2401.09		0.94306		0.95274		0.85788		0.82629		0.90722		0.86486		0.71917
675		2402.46		0.94184		0.95185		0.86563		0.83491		0.91237		0.87192		0.73439
676		2403.86		0.94156		0.95154		0.87339		0.84689		0.91237		0.87841		0.74897
677		2405.17		0.94234		0.95212		0.87339		0.84689		0.91237		0.87841		0.74897
678		2406.62		0.94319		0.95249		0.87339		0.85024		0.90722		0.87781		0.74842
679		2408.11		0.94402		0.95295		0.8708		0.84615		0.90722		0.87562		0.7435
680		2409.65		0.94498		0.95358		0.86305		0.83412		0.90722		0.86914		0.72885
681		2411.27		0.94482		0.95343		0.86305		0.83732		0.90206		0.86849		0.72823
682		2412.91		0.94451		0.95329		0.86563		0.85149		0.8866		0.86869		0.73186
683		2414.2		0.94378		0.95295		0.8708		0.86		0.8866		0.8731		0.74194
684		2415.69		0.94426		0.95276		0.8708		0.85294		0.89691		0.87437		0.74256
685		2416.95		0.94427		0.95241		0.86305		0.83732		0.90206		0.86849		0.72823
686		2418.55		0.94398		0.9519		0.87339		0.84038		0.92268		0.87961		0.75033
687		2419.99		0.94327		0.95158		0.86563		0.84135		0.90206		0.87065		0.73314
688		2421.43		0.94258		0.95141		0.86047		0.84314		0.8866		0.86432		0.72186
689		2422.97		0.94162		0.95127		0.8708		0.86		0.8866		0.8731		0.74194
690		2425.14		0.94196		0.95165		0.86563		0.84466		0.89691		0.87		0.73263
691		2426.59		0.94276		0.95169		0.86305		0.83099		0.91237		0.86978		0.72955
692		2427.69		0.94251		0.95183		0.85271		0.81567		0.91237		0.86131		0.71037
693		2428.91		0.94222		0.95202		0.85788		0.82938		0.90206		0.8642		0.71848
694		2430.11		0.94239		0.95236		0.86822		0.8593		0.88144		0.87023		0.73666
695		2431.28		0.94208		0.95235		0.86305		0.85427		0.87629		0.86514		0.72632
696		2432.62		0.94246		0.9527		0.86563		0.84135		0.90206		0.87065		0.73314
697		2434.02		0.94202		0.95156		0.85271		0.8216		0.90206		0.85995		0.70878
698		2435.83		0.94075		0.9499		0.86047		0.83333		0.90206		0.86634		0.72335
699		2437.05		0.94092		0.94969		0.8708		0.84615		0.90722		0.87562		0.7435
700		2438.25		0.94114		0.9506		0.86563		0.855		0.88144		0.86802		0.73159
701		2439.51		0.94164		0.95167		0.86047		0.85		0.87629		0.86294		0.72125
702		2440.82		0.9416		0.9518		0.86563		0.85149		0.8866		0.86869		0.73186
703		2442.14		0.9409		0.9509		0.86822		0.84541		0.90206		0.87282		0.73805
704		2443.45		0.94111		0.95033		0.86047		0.83019		0.90722		0.867		0.724
705		2444.79		0.94041		0.94904		0.85271		0.82464		0.89691		0.85926		0.7081
706		2446.75		0.94043		0.94881		0.85271		0.82775		0.89175		0.85856		0.7075
707		2448.19		0.94015		0.9491		0.86822		0.85572		0.8866		0.87089		0.73689
708		2449.43		0.94024		0.94942		0.8708		0.875		0.86598		0.87047		0.74165
709		2450.76		0.93993		0.94913		0.86822		0.86667		0.87113		0.86889		0.73644
710		2452.22		0.93976		0.94863		0.86822		0.85572		0.8866		0.87089		0.73689
711		2453.73		0.94072		0.94919		0.86047		0.83333		0.90206		0.86634		0.72335
712		2454.97		0.94127		0.94976		0.86563		0.83491		0.91237		0.87192		0.73439
713		2456.24		0.94232		0.95106		0.86563		0.8381		0.90722		0.87129		0.73372
714		2457.48		0.94187		0.95126		0.86305		0.85075		0.88144		0.86582		0.72655
715		2458.96		0.94135		0.95122		0.86563		0.855		0.88144		0.86802		0.73159
716		2460.35		0.94252		0.95192		0.86563		0.84466		0.89691		0.87		0.73263
717		2461.73		0.94247		0.95143		0.8553		0.82243		0.90722		0.86275		0.71434
718		2463.18		0.94276		0.95095		0.86047		0.82407		0.91753		0.86829		0.72555
719		2464.67		0.94218		0.95107		0.86047		0.83019		0.90722		0.867		0.724
720		2466.02		0.94226		0.95163		0.8708		0.84951		0.90206		0.875		0.74299
721		2467.4		0.9419		0.95145		0.86563		0.84804		0.89175		0.86935		0.73221
722		2468.89		0.94239		0.95164		0.86822		0.84541		0.90206		0.87282		0.73805
723		2470.82		0.94238		0.95138		0.86563		0.84135		0.90206		0.87065		0.73314
724		2472.4		0.94252		0.9513		0.86305		0.83732		0.90206		0.86849		0.72823
725		2473.84		0.94282		0.95125		0.8708		0.85294		0.89691		0.87437		0.74256
726		2475.07		0.94231		0.95081		0.87339		0.85714		0.89691		0.87657		0.74755
727		2476.44		0.9418		0.95002		0.87339		0.85366		0.90206		0.87719		0.74794
728		2477.57		0.94126		0.94952		0.86822		0.84541		0.90206		0.87282		0.73805
729		2478.78		0.94096		0.94893		0.86822		0.84211		0.90722		0.87345		0.7386
730		2480.48		0.94135		0.94938		0.8708		0.84615		0.90722		0.87562		0.7435
731		2482.15		0.94095		0.94904		0.8708		0.84951		0.90206		0.875		0.74299
732		2483.27		0.94063		0.94854		0.86563		0.85149		0.8866		0.86869		0.73186
733		2484.46		0.93985		0.94768		0.86305		0.8439		0.89175		0.86717		0.72723
734		2485.63		0.93987		0.94749		0.8553		0.83173		0.89175		0.8607		0.71241
735		2486.78		0.9406		0.94826		0.86047		0.83019		0.90722		0.867		0.724
736		2488.3		0.9406		0.94842		0.85788		0.82326		0.91237		0.86553		0.71994
737		2489.68		0.94084		0.94905		0.86305		0.82791		0.91753		0.87042		0.73034
738		2491.12		0.94004		0.94867		0.86563		0.84804		0.89175		0.86935		0.73221
739		2493.06		0.94012		0.94906		0.86563		0.85149		0.8866		0.86869		0.73186
740		2494.33		0.94143		0.95		0.86563		0.84804		0.89175		0.86935		0.73221
741		2495.52		0.9411		0.949		0.86047		0.83019		0.90722		0.867		0.724
742		2496.81		0.94059		0.9483		0.86047		0.82407		0.91753		0.86829		0.72555
743		2498.79		0.94174		0.95046		0.86563		0.84466		0.89691		0.87		0.73263
744		2500.54		0.94238		0.95189		0.87855		0.86935		0.89175		0.88041		0.75734
745		2502.14		0.94219		0.95166		0.87339		0.86432		0.8866		0.87532		0.747
746		2504.01		0.94211		0.95104		0.86563		0.84135		0.90206		0.87065		0.73314
747		2505.48		0.94183		0.95021		0.86305		0.83412		0.90722		0.86914		0.72885
748		2506.76		0.94075		0.94841		0.87339		0.85024		0.90722		0.87781		0.74842
749		2508.37		0.94031		0.9476		0.86822		0.85222		0.89175		0.87154		0.7372
750		2509.96		0.94043		0.9481		0.86822		0.86294		0.87629		0.86957		0.73651
751		2511.39		0.94162		0.94964		0.87597		0.87245		0.88144		0.87692		0.75197
752		2512.71		0.94134		0.94977		0.86563		0.8381		0.90722		0.87129		0.73372
753		2513.79		0.94043		0.94894		0.8553		0.81944		0.91237		0.86341		0.71515
754		2515.01		0.94039		0.95011		0.86563		0.84135		0.90206		0.87065		0.73314
755		2516.13		0.94029		0.95064		0.87339		0.86432		0.8866		0.87532		0.747
756		2517.33		0.94012		0.95023		0.86563		0.86224		0.87113		0.86667		0.7313
757		2518.48		0.93967		0.94861		0.86563		0.85149		0.8866		0.86869		0.73186
758		2519.75		0.93786		0.94635		0.84496		0.81905		0.8866		0.85149		0.69223
759		2521.0		0.93733		0.94579		0.84496		0.81905		0.8866		0.85149		0.69223
760		2522.99		0.93788		0.94768		0.86047		0.85		0.87629		0.86294		0.72125
761		2524.13		0.93788		0.94832		0.8708		0.86		0.8866		0.8731		0.74194
762		2525.26		0.93909		0.94889		0.8708		0.84951		0.90206		0.875		0.74299
763		2526.81		0.9394		0.94908		0.86047		0.83019		0.90722		0.867		0.724
764		2528.51		0.94045		0.95048		0.86047		0.83333		0.90206		0.86634		0.72335
765		2530.33		0.94052		0.95088		0.86822		0.85222		0.89175		0.87154		0.7372
766		2532.14		0.94183		0.95143		0.86563		0.84135		0.90206		0.87065		0.73314
767		2533.53		0.9427		0.95146		0.86305		0.83732		0.90206		0.86849		0.72823
768		2535.33		0.94327		0.95131		0.86305		0.83099		0.91237		0.86978		0.72955
769		2536.79		0.94216		0.95124		0.86822		0.84878		0.89691		0.87218		0.73759
770		2537.92		0.94114		0.95048		0.86305		0.8439		0.89175		0.86717		0.72723
771		2539.12		0.94104		0.94987		0.85271		0.82464		0.89691		0.85926		0.7081
772		2540.34		0.93971		0.94834		0.85013		0.81776		0.90206		0.85784		0.70395
773		2541.44		0.93909		0.94765		0.8553		0.82857		0.89691		0.86139		0.71297
774		2542.94		0.93972		0.94836		0.8553		0.82857		0.89691		0.86139		0.71297
775		2544.54		0.94012		0.94791		0.85013		0.81776		0.90206		0.85784		0.70395
776		2546.0		0.94025		0.94787		0.85271		0.82464		0.89691		0.85926		0.7081
777		2547.83		0.93987		0.94721		0.86563		0.84135		0.90206		0.87065		0.73314
778		2548.99		0.93983		0.94738		0.86822		0.84878		0.89691		0.87218		0.73759
779		2550.15		0.93977		0.94797		0.86822		0.85222		0.89175		0.87154		0.7372
780		2551.37		0.94012		0.94882		0.86822		0.85572		0.8866		0.87089		0.73689
781		2552.66		0.94013		0.94911		0.86563		0.84466		0.89691		0.87		0.73263
782		2553.84		0.94078		0.94977		0.86563		0.8381		0.90722		0.87129		0.73372
783		2555.13		0.94127		0.95055		0.86305		0.83412		0.90722		0.86914		0.72885
784		2556.68		0.94155		0.9512		0.86822		0.83886		0.91237		0.87407		0.73923
785		2558.45		0.94071		0.95031		0.8708		0.84615		0.90722		0.87562		0.7435
786		2559.74		0.94051		0.94992		0.87339		0.85024		0.90722		0.87781		0.74842
787		2561.27		0.94049		0.94976		0.87597		0.85437		0.90722		0.88		0.75335
788		2562.56		0.93929		0.94856		0.87597		0.85437		0.90722		0.88		0.75335
789		2564.02		0.93854		0.94795		0.87339		0.85024		0.90722		0.87781		0.74842
790		2565.46		0.93742		0.94695		0.86822		0.84541		0.90206		0.87282		0.73805
791		2567.42		0.93672		0.9461		0.86563		0.84466		0.89691		0.87		0.73263
792		2569.15		0.93674		0.94584		0.86305		0.84058		0.89691		0.86783		0.72769
793		2570.57		0.9375		0.94624		0.8553		0.82547		0.90206		0.86207		0.71362
794		2571.92		0.93838		0.94716		0.86047		0.83654		0.89691		0.86567		0.72277
795		2573.01		0.93929		0.94847		0.86822		0.84878		0.89691		0.87218		0.73759
796		2574.41		0.94037		0.94978		0.87597		0.86139		0.89691		0.87879		0.75255
797		2575.85		0.94082		0.95061		0.87339		0.87179		0.87629		0.87404		0.74677
798		2577.26		0.94252		0.95173		0.87855		0.85507		0.91237		0.88279		0.75878
799		2578.54		0.94254		0.95143		0.86305		0.83099		0.91237		0.86978		0.72955
800		2580.03		0.94297		0.95236		0.8708		0.84286		0.91237		0.87624		0.74409
801		2581.9		0.94299		0.95319		0.87855		0.86935		0.89175		0.88041		0.75734
802		2583.26		0.94266		0.95335		0.87855		0.87692		0.88144		0.87918		0.75711
803		2584.97		0.94417		0.95327		0.87855		0.85854		0.90722		0.88221		0.7583
804		2586.28		0.94398		0.95131		0.86822		0.83886		0.91237		0.87407		0.73923
805		2587.46		0.94367		0.94853		0.86047		0.82407		0.91753		0.86829		0.72555
806		2588.77		0.94361		0.95168		0.87855		0.85507		0.91237		0.88279		0.75878
807		2590.19		0.94288		0.95204		0.87597		0.87629		0.87629		0.87629		0.75194
808		2591.82		0.94255		0.95078		0.87339		0.85024		0.90722		0.87781		0.74842
809		2593.39		0.94211		0.94919		0.86563		0.83178		0.91753		0.87255		0.73513
810		2594.69		0.9417		0.9497		0.87339		0.84689		0.91237		0.87841		0.74897
811		2596.68		0.94059		0.94954		0.8708		0.86		0.8866		0.8731		0.74194
812		2598.61		0.93936		0.94922		0.86822		0.86294		0.87629		0.86957		0.73651
813		2600.19		0.93905		0.94849		0.8708		0.85644		0.89175		0.87374		0.74221
814		2601.43		0.93967		0.94871		0.86563		0.8381		0.90722		0.87129		0.73372
815		2602.72		0.9406		0.94947		0.86305		0.83412		0.90722		0.86914		0.72885
816		2603.92		0.94118		0.95081		0.86305		0.84058		0.89691		0.86783		0.72769
817		2605.04		0.941		0.95106		0.8708		0.875		0.86598		0.87047		0.74165
818		2606.16		0.94227		0.9518		0.87597		0.87245		0.88144		0.87692		0.75197
819		2607.44		0.9428		0.95144		0.87855		0.86207		0.90206		0.88161		0.7579
820		2608.89		0.94288		0.95036		0.87339		0.85024		0.90722		0.87781		0.74842
821		2610.76		0.94264		0.94977		0.87339		0.85024		0.90722		0.87781		0.74842
822		2611.9		0.94315		0.95059		0.87339		0.85366		0.90206		0.87719		0.74794
823		2613.04		0.94327		0.95082		0.86822		0.85222		0.89175		0.87154		0.7372
824		2614.3		0.94343		0.95108		0.87855		0.86935		0.89175		0.88041		0.75734
825		2615.52		0.94366		0.95127		0.86563		0.84804		0.89175		0.86935		0.73221
826		2616.88		0.94371		0.95085		0.86563		0.83178		0.91753		0.87255		0.73513
827		2618.24		0.94334		0.9506		0.86305		0.82791		0.91753		0.87042		0.73034
828		2619.93		0.94288		0.9505		0.86563		0.83178		0.91753		0.87255		0.73513
829		2621.24		0.9425		0.95037		0.8708		0.84615		0.90722		0.87562		0.7435
830		2622.6		0.94196		0.95046		0.87339		0.85366		0.90206		0.87719		0.74794
831		2623.92		0.94152		0.95028		0.87339		0.8607		0.89175		0.87595		0.74723
832		2625.33		0.94163		0.95024		0.87339		0.86432		0.8866		0.87532		0.747
833		2626.81		0.9423		0.95038		0.86822		0.85222		0.89175		0.87154		0.7372
834		2628.06		0.9419		0.94952		0.86822		0.84878		0.89691		0.87218		0.73759
835		2629.45		0.94143		0.94873		0.86563		0.84466		0.89691		0.87		0.73263
836		2630.86		0.94207		0.94976		0.86563		0.84466		0.89691		0.87		0.73263
837		2632.32		0.94199		0.95047		0.86563		0.84466		0.89691		0.87		0.73263
838		2633.6		0.94135		0.95054		0.8708		0.84951		0.90206		0.875		0.74299
839		2634.94		0.941		0.95042		0.87339		0.85366		0.90206		0.87719		0.74794
840		2636.64		0.941		0.95052		0.8708		0.85294		0.89691		0.87437		0.74256
841		2638.02		0.94067		0.94994		0.8708		0.85294		0.89691		0.87437		0.74256
842		2639.57		0.94007		0.94896		0.86563		0.84466		0.89691		0.87		0.73263
843		2641.02		0.93993		0.94828		0.85788		0.83254		0.89691		0.86352		0.71786
844		2642.37		0.94001		0.94764		0.86305		0.83412		0.90722		0.86914		0.72885
845		2643.7		0.94056		0.94795		0.85788		0.82938		0.90206		0.8642		0.71848
846		2645.52		0.94083		0.94822		0.86563		0.84135		0.90206		0.87065		0.73314
847		2646.99		0.94135		0.94965		0.87339		0.85714		0.89691		0.87657		0.74755
848		2648.31		0.94032		0.94938		0.88114		0.87374		0.89175		0.88265		0.76242
849		2649.84		0.94041		0.9493		0.87855		0.8731		0.8866		0.8798		0.75719
850		2651.23		0.94091		0.94922		0.87855		0.86567		0.89691		0.88101		0.75758
851		2652.63		0.94134		0.94894		0.87597		0.85784		0.90206		0.8794		0.75291
852		2654.27		0.94158		0.94838		0.87339		0.85024		0.90722		0.87781		0.74842
853		2656.04		0.94162		0.94802		0.86563		0.8381		0.90722		0.87129		0.73372
854		2657.52		0.94247		0.94939		0.87597		0.85437		0.90722		0.88		0.75335
855		2659.01		0.94307		0.95055		0.87339		0.85366		0.90206		0.87719		0.74794
856		2660.15		0.94369		0.95129		0.8708		0.86		0.8866		0.8731		0.74194
857		2661.27		0.94399		0.95151		0.8708		0.85644		0.89175		0.87374		0.74221
858		2662.37		0.94414		0.95169		0.8708		0.84951		0.90206		0.875		0.74299
859		2663.6		0.94375		0.95106		0.8708		0.84615		0.90722		0.87562		0.7435
860		2664.76		0.94362		0.95115		0.86305		0.84058		0.89691		0.86783		0.72769
861		2666.18		0.94325		0.95117		0.86563		0.84466		0.89691		0.87		0.73263
862		2667.72		0.94294		0.95121		0.86305		0.84058		0.89691		0.86783		0.72769
863		2669.31		0.94314		0.95152		0.86305		0.84058		0.89691		0.86783		0.72769
864		2671.05		0.94282		0.95131		0.86822		0.84541		0.90206		0.87282		0.73805
865		2672.68		0.94235		0.95021		0.86305		0.83732		0.90206		0.86849		0.72823
866		2674.4		0.94211		0.94945		0.86305		0.83732		0.90206		0.86849		0.72823
867		2675.74		0.94184		0.94891		0.86305		0.8439		0.89175		0.86717		0.72723
868		2676.86		0.9415		0.94824		0.86563		0.85149		0.8866		0.86869		0.73186
869		2677.98		0.94056		0.94731		0.86822		0.8593		0.88144		0.87023		0.73666
870		2679.22		0.93987		0.9467		0.86822		0.85572		0.8866		0.87089		0.73689
871		2680.63		0.93967		0.94654		0.86305		0.84058		0.89691		0.86783		0.72769
872		2681.9		0.93916		0.94621		0.85788		0.83254		0.89691		0.86352		0.71786
873		2683.37		0.93908		0.94645		0.85788		0.82629		0.90722		0.86486		0.71917
874		2685.02		0.93996		0.94848		0.86305		0.83412		0.90722		0.86914		0.72885
875		2687.35		0.94075		0.94981		0.86305		0.83412		0.90722		0.86914		0.72885
876		2688.9		0.94222		0.9513		0.8708		0.84615		0.90722		0.87562		0.7435
877		2690.1		0.94309		0.95198		0.86822		0.84211		0.90722		0.87345		0.7386
878		2691.89		0.94363		0.95165		0.86305		0.84058		0.89691		0.86783		0.72769
879		2693.36		0.94367		0.95138		0.8708		0.85294		0.89691		0.87437		0.74256
880		2694.65		0.94307		0.95056		0.86047		0.84314		0.8866		0.86432		0.72186
881		2695.86		0.94176		0.94987		0.8553		0.83173		0.89175		0.8607		0.71241
882		2696.97		0.94011		0.94853		0.8553		0.83173		0.89175		0.8607		0.71241
883		2698.09		0.9392		0.94732		0.85271		0.82464		0.89691		0.85926		0.7081
884		2699.23		0.93991		0.94781		0.8553		0.82547		0.90206		0.86207		0.71362
885		2700.72		0.94172		0.94972		0.85788		0.83254		0.89691		0.86352		0.71786
886		2702.59		0.94252		0.9502		0.86563		0.84466		0.89691		0.87		0.73263
887		2703.86		0.94278		0.95033		0.87339		0.85714		0.89691		0.87657		0.74755
888		2705.4		0.94314		0.95083		0.87597		0.86869		0.8866		0.87755		0.75208
889		2707.07		0.94317		0.95057		0.87855		0.86207		0.90206		0.88161		0.7579
890		2708.45		0.94235		0.95015		0.87339		0.85366		0.90206		0.87719		0.74794
891		2709.9		0.94134		0.94948		0.86563		0.84466		0.89691		0.87		0.73263
892		2711.09		0.94103		0.94911		0.86305		0.8439		0.89175		0.86717		0.72723
893		2712.4		0.94198		0.95011		0.86047		0.83981		0.89175		0.865		0.72227
894		2713.84		0.94231		0.95074		0.86822		0.84878		0.89691		0.87218		0.73759
895		2715.12		0.94294		0.95077		0.87339		0.8607		0.89175		0.87595		0.74723
896		2716.81		0.94407		0.95097		0.87597		0.86139		0.89691		0.87879		0.75255
897		2718.35		0.9439		0.95114		0.87597		0.86139		0.89691		0.87879		0.75255
898		2720.27		0.94361		0.95141		0.87339		0.85714		0.89691		0.87657		0.74755
899		2721.74		0.94309		0.95139		0.87855		0.86207		0.90206		0.88161		0.7579
900		2722.93		0.94231		0.95098		0.87339		0.85024		0.90722		0.87781		0.74842
901		2724.17		0.94215		0.95111		0.87339		0.85366		0.90206		0.87719		0.74794
902		2725.4		0.94274		0.95141		0.87339		0.85714		0.89691		0.87657		0.74755
903		2726.78		0.94362		0.95168		0.8708		0.85644		0.89175		0.87374		0.74221
904		2728.01		0.94219		0.95011		0.86563		0.84466		0.89691		0.87		0.73263
905		2729.26		0.94151		0.94939		0.85788		0.83254		0.89691		0.86352		0.71786
906		2730.84		0.94195		0.94982		0.85788		0.82938		0.90206		0.8642		0.71848
907		2732.37		0.94248		0.95096		0.86047		0.83333		0.90206		0.86634		0.72335
908		2733.9		0.94243		0.95127		0.86822		0.84878		0.89691		0.87218		0.73759
909		2735.17		0.94343		0.95209		0.8708		0.85644		0.89175		0.87374		0.74221
910		2736.76		0.94359		0.95222		0.8708		0.86		0.8866		0.8731		0.74194
911		2738.09		0.94391		0.9524		0.87597		0.86139		0.89691		0.87879		0.75255
912		2739.46		0.94371		0.95201		0.87597		0.86139		0.89691		0.87879		0.75255
913		2741.16		0.94321		0.95136		0.88114		0.86634		0.90206		0.88384		0.7629
914		2742.45		0.94275		0.95067		0.88114		0.86275		0.90722		0.88442		0.76326
915		2743.75		0.94191		0.94961		0.87339		0.85024		0.90722		0.87781		0.74842
916		2745.22		0.94122		0.94856		0.86822		0.84211		0.90722		0.87345		0.7386
917		2746.75		0.94136		0.94843		0.87339		0.85366		0.90206		0.87719		0.74794
918		2748.04		0.9411		0.94866		0.87855		0.8731		0.8866		0.8798		0.75719
919		2749.64		0.94112		0.94857		0.87597		0.87245		0.88144		0.87692		0.75197
920		2751.4		0.94152		0.94861		0.8708		0.86		0.8866		0.8731		0.74194
921		2752.57		0.94168		0.94858		0.86563		0.84135		0.90206		0.87065		0.73314
922		2754.31		0.94123		0.94849		0.86047		0.83333		0.90206		0.86634		0.72335
923		2755.78		0.94118		0.94908		0.85788		0.83575		0.89175		0.86284		0.71733
924		2756.92		0.9411		0.94962		0.86047		0.83654		0.89691		0.86567		0.72277
925		2758.2		0.94112		0.9501		0.86047		0.83654		0.89691		0.86567		0.72277
926		2759.39		0.94068		0.95022		0.86563		0.84135		0.90206		0.87065		0.73314
927		2760.5		0.94068		0.95018		0.8708		0.84951		0.90206		0.875		0.74299
928		2762.13		0.94067		0.95007		0.86822		0.84878		0.89691		0.87218		0.73759
929		2763.76		0.94082		0.94965		0.86822		0.84878		0.89691		0.87218		0.73759
930		2764.86		0.94016		0.94907		0.87339		0.85714		0.89691		0.87657		0.74755
931		2765.99		0.93968		0.94873		0.87339		0.86432		0.8866		0.87532		0.747
932		2767.11		0.93891		0.94759		0.87339		0.8607		0.89175		0.87595		0.74723
933		2768.3		0.93764		0.94666		0.86822		0.8593		0.88144		0.87023		0.73666
934		2769.38		0.93822		0.94616		0.86822		0.84541		0.90206		0.87282		0.73805
935		2770.47		0.93844		0.94529		0.86047		0.83019		0.90722		0.867		0.724
936		2771.59		0.93967		0.94621		0.86047		0.83019		0.90722		0.867		0.724
937		2772.82		0.94047		0.9478		0.87339		0.85366		0.90206		0.87719		0.74794
938		2773.97		0.94025		0.94848		0.86822		0.8593		0.88144		0.87023		0.73666
939		2775.85		0.9411		0.94843		0.87855		0.86567		0.89691		0.88101		0.75758
940		2777.25		0.94048		0.94704		0.87597		0.85437		0.90722		0.88		0.75335
941		2778.62		0.94092		0.94758		0.8708		0.84615		0.90722		0.87562		0.7435
942		2780.12		0.94154		0.94964		0.8708		0.84951		0.90206		0.875		0.74299
943		2781.4		0.94138		0.9506		0.87597		0.86139		0.89691		0.87879		0.75255
944		2782.92		0.94104		0.95073		0.87339		0.8607		0.89175		0.87595		0.74723
945		2784.18		0.9416		0.9503		0.8708		0.84951		0.90206		0.875		0.74299
946		2785.61		0.94152		0.94923		0.87339		0.85024		0.90722		0.87781		0.74842
947		2786.98		0.9409		0.94892		0.86822		0.85222		0.89175		0.87154		0.7372
948		2788.37		0.94074		0.94931		0.86563		0.84804		0.89175		0.86935		0.73221
949		2789.74		0.93968		0.94876		0.86822		0.85572		0.8866		0.87089		0.73689
950		2791.19		0.93971		0.94858		0.86563		0.84804		0.89175		0.86935		0.73221
951		2792.49		0.93983		0.94849		0.86047		0.83654		0.89691		0.86567		0.72277
952		2794.16		0.94023		0.94923		0.8553		0.82857		0.89691		0.86139		0.71297
953		2795.51		0.93925		0.94837		0.8708		0.85294		0.89691		0.87437		0.74256
954		2796.98		0.93948		0.94859		0.8708		0.86		0.8866		0.8731		0.74194
955		2798.49		0.93956		0.94843		0.87339		0.8607		0.89175		0.87595		0.74723
956		2799.84		0.93937		0.94774		0.8708		0.85644		0.89175		0.87374		0.74221
957		2801.24		0.93877		0.94707		0.86305		0.8439		0.89175		0.86717		0.72723
958		2802.71		0.9388		0.94716		0.86563		0.84466		0.89691		0.87		0.73263
959		2804.21		0.93854		0.94706		0.86305		0.84058		0.89691		0.86783		0.72769
960		2805.64		0.93857		0.94711		0.86305		0.8439		0.89175		0.86717		0.72723
961		2807.08		0.93891		0.94704		0.85788		0.82938		0.90206		0.8642		0.71848
962		2808.44		0.93959		0.9475		0.85788		0.82629		0.90722		0.86486		0.71917
963		2809.7		0.94012		0.94798		0.86305		0.84058		0.89691		0.86783		0.72769
964		2811.11		0.9406		0.94851		0.8708		0.85644		0.89175		0.87374		0.74221
965		2812.75		0.94095		0.9492		0.87339		0.85714		0.89691		0.87657		0.74755
966		2814.09		0.94051		0.94934		0.8708		0.85294		0.89691		0.87437		0.74256
967		2815.66		0.93969		0.9485		0.8708		0.85294		0.89691		0.87437		0.74256
968		2817.44		0.93929		0.94794		0.8708		0.84951		0.90206		0.875		0.74299
969		2818.56		0.93903		0.94741		0.86047		0.83019		0.90722		0.867		0.724
970		2819.66		0.93837		0.94665		0.86305		0.83732		0.90206		0.86849		0.72823
971		2820.8		0.9374		0.94555		0.86822		0.84541		0.90206		0.87282		0.73805
972		2821.9		0.93752		0.94514		0.87339		0.85714		0.89691		0.87657		0.74755
973		2823.2		0.93797		0.94654		0.87855		0.86935		0.89175		0.88041		0.75734
974		2824.3		0.93817		0.94737		0.87597		0.86869		0.8866		0.87755		0.75208
975		2825.47		0.93757		0.94702		0.87339		0.85714		0.89691		0.87657		0.74755
976		2826.7		0.93798		0.94765		0.8708		0.84615		0.90722		0.87562		0.7435
977		2828.67		0.9385		0.94857		0.86047		0.83333		0.90206		0.86634		0.72335
978		2829.79		0.93923		0.94888		0.86822		0.84541		0.90206		0.87282		0.73805
979		2830.96		0.94016		0.94924		0.87339		0.85366		0.90206		0.87719		0.74794
980		2832.13		0.93959		0.9488		0.87339		0.8607		0.89175		0.87595		0.74723
981		2833.37		0.94016		0.94857		0.87597		0.86139		0.89691		0.87879		0.75255
982		2834.6		0.94016		0.94778		0.87597		0.86139		0.89691		0.87879		0.75255
983		2835.71		0.94021		0.94655		0.86822		0.84541		0.90206		0.87282		0.73805
984		2837.01		0.93925		0.94633		0.8708		0.85644		0.89175		0.87374		0.74221
985		2838.39		0.93896		0.94632		0.87339		0.85366		0.90206		0.87719		0.74794
986		2840.48		0.93884		0.94708		0.87339		0.85366		0.90206		0.87719		0.74794
987		2842.24		0.93777		0.94558		0.86563		0.84135		0.90206		0.87065		0.73314
988		2843.45		0.93722		0.94504		0.85788		0.82938		0.90206		0.8642		0.71848
989		2845.0		0.93662		0.94473		0.86822		0.85222		0.89175		0.87154		0.7372
990		2846.83		0.93635		0.9446		0.86305		0.85427		0.87629		0.86514		0.72632
991		2848.7		0.93665		0.94419		0.87339		0.86432		0.8866		0.87532		0.747
992		2849.99		0.93688		0.94352		0.8708		0.86364		0.88144		0.87245		0.74175
993		2851.14		0.93724		0.94321		0.87597		0.865		0.89175		0.87817		0.75228
994		2852.27		0.9382		0.94381		0.87597		0.86139		0.89691		0.87879		0.75255
995		2853.69		0.93812		0.94403		0.8708		0.85294		0.89691		0.87437		0.74256
996		2855.51		0.9382		0.94503		0.86563		0.84466		0.89691		0.87		0.73263
997		2856.98		0.94024		0.94687		0.85788		0.83254		0.89691		0.86352		0.71786
998		2862.38		0.94094		0.94769		0.86563		0.8381		0.90722		0.87129		0.73372
999		2868.22		0.94053		0.94776		0.87339		0.85366		0.90206		0.87719		0.74794
1000		2871.03		0.93985		0.94747		0.87339		0.85714		0.89691		0.87657		0.74755
fold: 2
Epoch		Time		AUC		AUPR		Accuracy		Precision		Recall		F1-score		Mcc
1		2873.5		0.83559		0.8157		0.76486		0.71193		0.89175		0.79176		0.54727
AUC improved at epoch  1 ;	best_auc: 0.8355857058917793
2		2874.81		0.84532		0.82226		0.73127		0.65734		0.96907		0.78333		0.52519
AUC improved at epoch  2 ;	best_auc: 0.8453207627797661
3		2876.25		0.84622		0.82116		0.7907		0.73444		0.91237		0.81379		0.59909
AUC improved at epoch  3 ;	best_auc: 0.8462154799423108
4		2877.85		0.84691		0.82037		0.73902		0.75691		0.70619		0.73067		0.47921
AUC improved at epoch  4 ;	best_auc: 0.8469098872923454
5		2879.9		0.8432		0.8209		0.73127		0.75		0.69588		0.72193		0.46384
6		2881.54		0.83711		0.81277		0.75969		0.73709		0.80928		0.7715		0.52178
7		2882.71		0.83721		0.81519		0.74935		0.73892		0.7732		0.75567		0.49918
8		2883.82		0.83778		0.81971		0.73127		0.74194		0.71134		0.72632		0.46298
9		2885.24		0.83975		0.82065		0.7416		0.75		0.7268		0.73822		0.48347
10		2887.09		0.84085		0.82315		0.77261		0.75		0.81959		0.78325		0.54748
11		2888.67		0.84921		0.82832		0.77261		0.76238		0.79381		0.77778		0.54563
AUC improved at epoch  11 ;	best_auc: 0.8492067731424604
12		2890.18		0.85404		0.83172		0.78036		0.76077		0.81959		0.78908		0.56233
AUC improved at epoch  12 ;	best_auc: 0.8540409166177021
13		2892.13		0.86323		0.84163		0.7907		0.76526		0.84021		0.80098		0.58411
AUC improved at epoch  13 ;	best_auc: 0.8632284600181614
14		2893.61		0.86625		0.84619		0.78036		0.75349		0.83505		0.79218		0.56393
AUC improved at epoch  14 ;	best_auc: 0.8662464611933124
15		2894.79		0.86745		0.84788		0.77003		0.72727		0.86598		0.79059		0.54998
AUC improved at epoch  15 ;	best_auc: 0.8674483200683725
16		2896.02		0.86932		0.84966		0.7907		0.79894		0.77835		0.78851		0.58161
AUC improved at epoch  16 ;	best_auc: 0.8693178783184659
17		2897.2		0.87119		0.85025		0.79587		0.74059		0.91237		0.81755		0.60818
AUC improved at epoch  17 ;	best_auc: 0.8711874365685592
18		2898.47		0.87145		0.85113		0.80103		0.75325		0.89691		0.81882		0.61319
AUC improved at epoch  18 ;	best_auc: 0.8714545163185726
19		2899.59		0.87103		0.85096		0.79587		0.79793		0.79381		0.79587		0.59174
20		2900.7		0.87319		0.85416		0.79587		0.75556		0.87629		0.81146		0.59931
AUC improved at epoch  20 ;	best_auc: 0.8731905346936595
21		2902.36		0.87535		0.858		0.78553		0.71937		0.93814		0.81432		0.5993
AUC improved at epoch  21 ;	best_auc: 0.8753538806687676
22		2904.42		0.87477		0.85841		0.80103		0.74684		0.91237		0.82135		0.61729
23		2905.91		0.87287		0.85683		0.78811		0.78283		0.79897		0.79082		0.57633
24		2907.51		0.87244		0.85619		0.7907		0.77833		0.81443		0.79597		0.58197
25		2909.26		0.8737		0.85845		0.80362		0.75		0.91237		0.82326		0.62185
26		2911.25		0.87618		0.86139		0.80103		0.74274		0.92268		0.82299		0.62042
AUC improved at epoch  26 ;	best_auc: 0.876181827893809
27		2912.58		0.87851		0.86278		0.79845		0.75		0.89691		0.8169		0.60855
AUC improved at epoch  27 ;	best_auc: 0.8785054217189254
28		2913.84		0.878		0.86143		0.80103		0.7799		0.84021		0.80893		0.6038
29		2915.1		0.87829		0.86231		0.78811		0.78		0.80412		0.79188		0.57647
30		2916.91		0.87931		0.86379		0.80103		0.75325		0.89691		0.81882		0.61319
AUC improved at epoch  30 ;	best_auc: 0.8793066609689654
31		2918.59		0.87995		0.86544		0.79587		0.73663		0.92268		0.81922		0.61142
AUC improved at epoch  31 ;	best_auc: 0.8799476523689974
32		2919.83		0.8781		0.86397		0.79845		0.75		0.89691		0.8169		0.60855
33		2921.08		0.87778		0.86406		0.79845		0.77619		0.84021		0.80693		0.59886
34		2922.46		0.87981		0.86657		0.80103		0.78261		0.83505		0.80798		0.60336
35		2923.89		0.88281		0.87215		0.80879		0.75641		0.91237		0.8271		0.63101
AUC improved at epoch  35 ;	best_auc: 0.8828054056941403
36		2925.14		0.88281		0.87264		0.79845		0.7377		0.92784		0.82192		0.61763
37		2926.85		0.88005		0.869		0.79587		0.7533		0.88144		0.81235		0.60035
38		2928.5		0.88048		0.8695		0.80103		0.77465		0.85052		0.81081		0.60489
39		2930.37		0.88251		0.87228		0.7907		0.76037		0.85052		0.80292		0.58542
40		2931.88		0.88358		0.87474		0.79845		0.74576		0.90722		0.8186		0.61126
AUC improved at epoch  40 ;	best_auc: 0.8835799369691789
41		2933.22		0.88281		0.87364		0.79845		0.73967		0.92268		0.8211		0.61591
42		2934.48		0.8815		0.87172		0.7907		0.76279		0.84536		0.80196		0.58473
43		2935.96		0.8819		0.87183		0.80103		0.77725		0.84536		0.80988		0.60431
44		2937.79		0.88238		0.87181		0.78811		0.73333		0.90722		0.81106		0.59299
45		2939.32		0.88305		0.87336		0.7907		0.7384		0.90206		0.81206		0.59607
46		2941.29		0.88297		0.87379		0.79587		0.76744		0.85052		0.80685		0.59513
47		2942.53		0.88342		0.8744		0.8062		0.77934		0.85567		0.81572		0.61528
48		2944.12		0.88532		0.87752		0.78295		0.73109		0.89691		0.80556		0.58087
AUC improved at epoch  48 ;	best_auc: 0.8853159553442658
49		2945.88		0.88692		0.87967		0.78295		0.73109		0.89691		0.80556		0.58087
AUC improved at epoch  49 ;	best_auc: 0.8869184338443459
50		2947.06		0.88636		0.87803		0.81137		0.77376		0.88144		0.8241		0.62876
51		2948.23		0.88793		0.88086		0.80362		0.75652		0.89691		0.82075		0.61784
AUC improved at epoch  51 ;	best_auc: 0.8879333368943967
52		2949.36		0.88959		0.88384		0.79587		0.74059		0.91237		0.81755		0.60818
AUC improved at epoch  52 ;	best_auc: 0.8895892313444794
53		2950.65		0.89103		0.88657		0.81137		0.78404		0.86082		0.82064		0.62567
AUC improved at epoch  53 ;	best_auc: 0.8910314619945515
54		2951.78		0.89125		0.88515		0.8062		0.75758		0.90206		0.82353		0.62373
AUC improved at epoch  54 ;	best_auc: 0.8912451257945623
55		2952.96		0.89461		0.89154		0.79328		0.7375		0.91237		0.81567		0.60363
AUC improved at epoch  55 ;	best_auc: 0.8946103306447305
56		2954.18		0.89584		0.8939		0.81654		0.79147		0.86082		0.82469		0.63545
AUC improved at epoch  56 ;	best_auc: 0.8958388974947921
57		2955.52		0.89776		0.89578		0.81654		0.77333		0.89691		0.83055		0.64121
AUC improved at epoch  57 ;	best_auc: 0.8977618716948882
58		2957.07		0.89835		0.89703		0.79587		0.74059		0.91237		0.81755		0.60818
AUC improved at epoch  58 ;	best_auc: 0.8983494471449175
59		2958.92		0.89728		0.89552		0.82429		0.815		0.84021		0.82741		0.64886
60		2960.07		0.9003		0.90139		0.79587		0.74059		0.91237		0.81755		0.60818
AUC improved at epoch  60 ;	best_auc: 0.900299129320015
61		2961.37		0.90193		0.90374		0.8062		0.75758		0.90206		0.82353		0.62373
AUC improved at epoch  61 ;	best_auc: 0.9019283157950965
62		2963.43		0.90273		0.90649		0.83204		0.81463		0.86082		0.83709		0.66511
AUC improved at epoch  62 ;	best_auc: 0.9027295550451365
63		2964.62		0.90393		0.90668		0.77519		0.71315		0.92268		0.80449		0.57562
AUC improved at epoch  63 ;	best_auc: 0.9039314139201967
64		2966.09		0.90345		0.90563		0.81395		0.78505		0.86598		0.82353		0.63119
65		2967.78		0.90388		0.90665		0.82171		0.80193		0.85567		0.82793		0.6448
66		2969.18		0.90545		0.9089		0.79328		0.73171		0.92784		0.81818		0.6087
AUC improved at epoch  66 ;	best_auc: 0.9054537684952727
67		2971.0		0.90703		0.91112		0.81912		0.78972		0.87113		0.82843		0.64158
AUC improved at epoch  67 ;	best_auc: 0.9070295390203515
68		2972.71		0.90866		0.91312		0.8062		0.76682		0.88144		0.82014		0.61925
AUC improved at epoch  68 ;	best_auc: 0.908658725495433
69		2974.15		0.90895		0.91362		0.81137		0.76889		0.89175		0.82578		0.63073
AUC improved at epoch  69 ;	best_auc: 0.9089525132204477
70		2975.64		0.91045		0.91296		0.82429		0.79439		0.87629		0.83333		0.65198
AUC improved at epoch  70 ;	best_auc: 0.9104481598205224
71		2977.34		0.912		0.91528		0.79845		0.74576		0.90722		0.8186		0.61126
AUC improved at epoch  71 ;	best_auc: 0.9119972223705999
72		2978.47		0.91445		0.91906		0.82946		0.80769		0.86598		0.83582		0.66058
AUC improved at epoch  72 ;	best_auc: 0.9144543560707227
73		2979.73		0.91619		0.91953		0.82687		0.79263		0.8866		0.83698		0.65831
AUC improved at epoch  73 ;	best_auc: 0.9161903744458095
74		2981.0		0.91696		0.92098		0.83463		0.80374		0.8866		0.84314		0.67277
AUC improved at epoch  74 ;	best_auc: 0.9169649057208482
75		2982.34		0.91696		0.91841		0.82429		0.78899		0.8866		0.83495		0.65351
76		2983.52		0.92086		0.924		0.85271		0.83415		0.88144		0.85714		0.70652
AUC improved at epoch  76 ;	best_auc: 0.9208642700710432
77		2984.69		0.92175		0.92318		0.81137		0.75966		0.91237		0.82904		0.6356
AUC improved at epoch  77 ;	best_auc: 0.9217456332460873
78		2985.85		0.92292		0.92491		0.85013		0.83663		0.87113		0.85354		0.70082
AUC improved at epoch  78 ;	best_auc: 0.922920784146146
79		2987.03		0.91157		0.91714		0.8062		0.75105		0.91753		0.82599		0.6279
80		2989.06		0.92519		0.92673		0.86822		0.87831		0.85567		0.86684		0.7367
AUC improved at epoch  80 ;	best_auc: 0.9251909620212596
81		2990.32		0.92653		0.92788		0.82687		0.76793		0.93814		0.84455		0.67033
AUC improved at epoch  81 ;	best_auc: 0.9265263607713263
82		2991.49		0.92444		0.92922		0.83979		0.81132		0.8866		0.84729		0.68247
83		2992.83		0.92303		0.92516		0.84755		0.84615		0.85052		0.84833		0.69509
84		2994.53		0.91162		0.91328		0.82171		0.78281		0.89175		0.83373		0.64964
85		2996.37		0.92618		0.92874		0.84496		0.81308		0.89691		0.85294		0.69355
86		2997.92		0.93368		0.93858		0.8553		0.83173		0.89175		0.8607		0.71241
AUC improved at epoch  86 ;	best_auc: 0.9336840980716842
87		2999.63		0.93192		0.93718		0.84755		0.82609		0.88144		0.85287		0.69661
88		3001.7		0.92842		0.93076		0.86822		0.84541		0.90206		0.87282		0.73805
89		3003.49		0.92471		0.92599		0.85788		0.83575		0.89175		0.86284		0.71733
90		3005.18		0.93096		0.93325		0.85788		0.83902		0.8866		0.86216		0.71688
91		3006.36		0.93678		0.94037		0.86563		0.8381		0.90722		0.87129		0.73372
AUC improved at epoch  91 ;	best_auc: 0.9367822231718391
92		3007.6		0.93523		0.9391		0.86047		0.83333		0.90206		0.86634		0.72335
93		3008.72		0.93299		0.93568		0.85271		0.81279		0.91753		0.86199		0.71129
94		3009.86		0.92898		0.93184		0.86305		0.83412		0.90722		0.86914		0.72885
95		3011.18		0.93208		0.93644		0.8708		0.86364		0.88144		0.87245		0.74175
96		3012.7		0.93537		0.93858		0.83979		0.78448		0.93814		0.85446		0.69293
97		3014.07		0.93798		0.93985		0.86563		0.85859		0.87629		0.86735		0.73141
AUC improved at epoch  97 ;	best_auc: 0.9379840820468992
98		3016.01		0.93929		0.94213		0.86563		0.82569		0.92784		0.87379		0.73687
AUC improved at epoch  98 ;	best_auc: 0.9392927728219647
99		3017.56		0.93892		0.94352		0.86305		0.82791		0.91753		0.87042		0.73034
100		3018.78		0.93697		0.94133		0.8553		0.84158		0.87629		0.85859		0.71117
101		3020.13		0.93483		0.93796		0.84755		0.81395		0.90206		0.85575		0.69913
102		3021.46		0.93483		0.93667		0.85271		0.81279		0.91753		0.86199		0.71129
103		3022.65		0.94044		0.94288		0.85788		0.80617		0.9433		0.86936		0.72628
AUC improved at epoch  103 ;	best_auc: 0.9404412157470221
104		3024.03		0.94466		0.94901		0.8708		0.85294		0.89691		0.87437		0.74256
AUC improved at epoch  104 ;	best_auc: 0.944661075797233
105		3025.86		0.94397		0.94835		0.87597		0.86139		0.89691		0.87879		0.75255
106		3027.61		0.94151		0.94482		0.83204		0.77682		0.93299		0.84778		0.67783
107		3029.05		0.9409		0.94185		0.86305		0.85787		0.87113		0.86445		0.72617
108		3030.35		0.94573		0.94727		0.86563		0.8287		0.92268		0.87317		0.73596
AUC improved at epoch  108 ;	best_auc: 0.9457293947972865
109		3031.76		0.94503		0.94895		0.83721		0.78855		0.92268		0.85036		0.68431
110		3033.36		0.94869		0.95254		0.8708		0.84951		0.90206		0.875		0.74299
AUC improved at epoch  110 ;	best_auc: 0.9486939800224347
111		3035.2		0.94848		0.95143		0.8708		0.84615		0.90722		0.87562		0.7435
112		3036.96		0.94522		0.94847		0.85271		0.80717		0.92784		0.86331		0.71337
113		3038.72		0.94549		0.94898		0.86563		0.83491		0.91237		0.87192		0.73439
114		3040.1		0.94741		0.95116		0.88114		0.87755		0.8866		0.88205		0.76231
115		3041.43		0.94666		0.94958		0.85788		0.81448		0.92784		0.86747		0.72273
116		3042.77		0.9472		0.94995		0.86305		0.83099		0.91237		0.86978		0.72955
117		3044.04		0.94693		0.95009		0.85788		0.84925		0.87113		0.86005		0.71598
118		3045.51		0.94501		0.94842		0.86305		0.819		0.93299		0.87229		0.73318
119		3046.73		0.948		0.94982		0.86822		0.83568		0.91753		0.87469		0.73994
120		3048.7		0.9503		0.95223		0.87855		0.84834		0.92268		0.88395		0.75999
AUC improved at epoch  120 ;	best_auc: 0.9502964585225149
121		3049.95		0.95072		0.95299		0.8553		0.80804		0.93299		0.86603		0.71918
AUC improved at epoch  121 ;	best_auc: 0.9507237861225362
122		3051.12		0.95054		0.95319		0.87855		0.86935		0.89175		0.88041		0.75734
123		3052.35		0.94861		0.9512		0.84496		0.79646		0.92784		0.85714		0.69943
124		3053.48		0.95128		0.95378		0.87339		0.86432		0.8866		0.87532		0.747
AUC improved at epoch  124 ;	best_auc: 0.9512846535975643
125		3054.88		0.95006		0.95312		0.8553		0.82857		0.89691		0.86139		0.71297
126		3056.07		0.94995		0.95281		0.85788		0.81448		0.92784		0.86747		0.72273
127		3057.21		0.95401		0.95631		0.87855		0.8731		0.8866		0.8798		0.75719
AUC improved at epoch  127 ;	best_auc: 0.9540088670477004
128		3059.15		0.95214		0.95526		0.8553		0.8		0.94845		0.86792		0.72309
129		3060.76		0.95046		0.95408		0.86305		0.83732		0.90206		0.86849		0.72823
130		3062.12		0.95128		0.95427		0.87597		0.86869		0.8866		0.87755		0.75208
131		3063.74		0.95072		0.95331		0.86305		0.81614		0.93814		0.8729		0.73429
132		3065.22		0.95396		0.95648		0.87339		0.8341		0.93299		0.88078		0.75203
133		3067.28		0.95372		0.95653		0.87339		0.8607		0.89175		0.87595		0.74723
134		3069.14		0.95289		0.95622		0.85788		0.82629		0.90722		0.86486		0.71917
135		3070.24		0.95462		0.95748		0.86822		0.84211		0.90722		0.87345		0.7386
AUC improved at epoch  135 ;	best_auc: 0.9546231504727312
136		3071.91		0.95412		0.95517		0.87597		0.85437		0.90722		0.88		0.75335
137		3073.45		0.95134		0.95358		0.85788		0.80889		0.93814		0.86874		0.72502
138		3074.58		0.95211		0.95566		0.88372		0.87437		0.89691		0.8855		0.76768
139		3075.74		0.95377		0.95747		0.8708		0.83962		0.91753		0.87685		0.74477
140		3076.85		0.95517		0.95805		0.86305		0.82488		0.92268		0.87105		0.7312
AUC improved at epoch  140 ;	best_auc: 0.9551706639602585
141		3078.26		0.95496		0.95696		0.88114		0.87		0.89691		0.88325		0.76262
142		3079.48		0.95241		0.95491		0.87597		0.84762		0.91753		0.88119		0.75447
143		3081.3		0.95313		0.9561		0.89147		0.87255		0.91753		0.89447		0.78396
144		3082.53		0.95497		0.95789		0.88372		0.8599		0.91753		0.88778		0.76914
145		3083.75		0.95647		0.95858		0.8863		0.85377		0.93299		0.89163		0.77592
AUC improved at epoch  145 ;	best_auc: 0.9564660007478233
146		3084.95		0.95652		0.95857		0.88889		0.86473		0.92268		0.89277		0.7795
AUC improved at epoch  146 ;	best_auc: 0.9565194166978259
147		3086.11		0.95615		0.95837		0.88372		0.8599		0.91753		0.88778		0.76914
148		3087.31		0.955		0.95809		0.87339		0.8436		0.91753		0.87901		0.74961
149		3088.56		0.95695		0.96		0.89147		0.87255		0.91753		0.89447		0.78396
AUC improved at epoch  149 ;	best_auc: 0.9569467442978473
150		3090.94		0.95697		0.96012		0.87855		0.85167		0.91753		0.88337		0.75934
AUC improved at epoch  150 ;	best_auc: 0.9569734522728487
151		3092.45		0.95692		0.9598		0.87855		0.84507		0.92784		0.88452		0.76072
152		3094.09		0.95815		0.96054		0.88889		0.87192		0.91237		0.89169		0.77859
AUC improved at epoch  152 ;	best_auc: 0.9581486031729075
153		3096.11		0.95713		0.95971		0.89147		0.88		0.90722		0.8934		0.7833
154		3098.11		0.9562		0.95915		0.88889		0.86829		0.91753		0.89223		0.779
155		3099.23		0.95665		0.95944		0.89406		0.87685		0.91753		0.89673		0.78894
156		3100.39		0.9558		0.95872		0.8863		0.86058		0.92268		0.89055		0.7746
157		3101.5		0.95476		0.95739		0.87597		0.83796		0.93299		0.88293		0.75677
158		3102.78		0.95701		0.95899		0.88889		0.85782		0.93299		0.89383		0.78075
159		3104.05		0.95863		0.96061		0.89664		0.87379		0.92784		0.9		0.79478
AUC improved at epoch  159 ;	best_auc: 0.9586293467229315
160		3105.46		0.95717		0.95983		0.86822		0.82949		0.92784		0.87591		0.74161
161		3107.39		0.9593		0.96198		0.89406		0.8806		0.91237		0.8962		0.78861
AUC improved at epoch  161 ;	best_auc: 0.9592970460979648
162		3109.01		0.95932		0.96211		0.89406		0.8806		0.91237		0.8962		0.78861
AUC improved at epoch  162 ;	best_auc: 0.9593237540729661
163		3110.91		0.95719		0.96039		0.87339		0.82805		0.9433		0.88193		0.75406
164		3112.22		0.95874		0.9619		0.89406		0.87685		0.91753		0.89673		0.78894
165		3113.41		0.96018		0.96347		0.8863		0.86408		0.91753		0.89		0.77406
AUC improved at epoch  165 ;	best_auc: 0.9601784092730089
166		3115.24		0.96042		0.96378		0.87597		0.84762		0.91753		0.88119		0.75447
AUC improved at epoch  166 ;	best_auc: 0.960418781048021
167		3116.93		0.96023		0.96322		0.88889		0.86829		0.91753		0.89223		0.779
168		3118.12		0.9605		0.9628		0.89147		0.88384		0.90206		0.89286		0.7831
AUC improved at epoch  168 ;	best_auc: 0.9604989049730249
169		3119.41		0.95931		0.96112		0.89406		0.8806		0.91237		0.8962		0.78861
170		3120.65		0.95924		0.96089		0.8863		0.85714		0.92784		0.89109		0.77522
171		3122.53		0.95903		0.96053		0.88889		0.86124		0.92784		0.8933		0.78008
172		3123.91		0.95918		0.96097		0.88372		0.85646		0.92268		0.88834		0.76971
173		3125.19		0.95914		0.96087		0.88372		0.8599		0.91753		0.88778		0.76914
174		3126.7		0.95773		0.95958		0.88372		0.86341		0.91237		0.88722		0.76865
175		3128.53		0.95828		0.95961		0.8863		0.86408		0.91753		0.89		0.77406
176		3129.87		0.95915		0.9606		0.88114		0.85238		0.92268		0.88614		0.76484
177		3131.37		0.95919		0.96107		0.8863		0.86058		0.92268		0.89055		0.7746
178		3132.68		0.95832		0.96054		0.89147		0.87624		0.91237		0.89394		0.78359
179		3134.08		0.95671		0.95941		0.89922		0.8934		0.90722		0.90026		0.79854
180		3135.52		0.95643		0.95909		0.89147		0.88		0.90722		0.8934		0.7833
181		3136.75		0.95757		0.95974		0.88889		0.87562		0.90722		0.89114		0.77827
182		3137.9		0.95883		0.96078		0.88889		0.86473		0.92268		0.89277		0.7795
183		3139.16		0.95944		0.96099		0.89406		0.87685		0.91753		0.89673		0.78894
184		3140.55		0.95888		0.9601		0.89922		0.87805		0.92784		0.90226		0.79971
185		3141.98		0.95847		0.95969		0.89922		0.87805		0.92784		0.90226		0.79971
186		3143.56		0.95854		0.95997		0.88372		0.85308		0.92784		0.88889		0.77037
187		3144.82		0.95876		0.96083		0.88889		0.86124		0.92784		0.8933		0.78008
188		3146.17		0.95894		0.96147		0.88889		0.86124		0.92784		0.8933		0.78008
189		3147.57		0.95939		0.96164		0.89147		0.87255		0.91753		0.89447		0.78396
190		3148.93		0.95978		0.96195		0.89147		0.87624		0.91237		0.89394		0.78359
191		3150.23		0.96018		0.96215		0.89664		0.88119		0.91753		0.89899		0.79394
192		3151.73		0.95984		0.96194		0.89147		0.86893		0.92268		0.895		0.78442
193		3153.24		0.95852		0.96084		0.89147		0.86893		0.92268		0.895		0.78442
194		3154.55		0.95847		0.96075		0.88372		0.85646		0.92268		0.88834		0.76971
195		3155.84		0.95834		0.96068		0.89922		0.88177		0.92268		0.90176		0.79929
196		3157.32		0.95789		0.96021		0.89664		0.88119		0.91753		0.89899		0.79394
197		3159.24		0.95838		0.96065		0.89406		0.87685		0.91753		0.89673		0.78894
198		3160.99		0.95916		0.96132		0.89406		0.87317		0.92268		0.89724		0.78936
199		3163.14		0.9592		0.96116		0.8863		0.85714		0.92784		0.89109		0.77522
200		3165.06		0.96012		0.96162		0.87855		0.85167		0.91753		0.88337		0.75934
201		3166.26		0.96042		0.9618		0.88372		0.85646		0.92268		0.88834		0.76971
202		3167.55		0.9609		0.96227		0.89922		0.88557		0.91753		0.90127		0.79895
AUC improved at epoch  202 ;	best_auc: 0.9608995245980451
203		3168.76		0.96097		0.9628		0.88889		0.8794		0.90206		0.89059		0.77802
AUC improved at epoch  203 ;	best_auc: 0.9609662945355483
204		3169.9		0.9597		0.96187		0.89406		0.88442		0.90722		0.89567		0.78836
205		3170.99		0.95898		0.96145		0.88889		0.86829		0.91753		0.89223		0.779
206		3172.5		0.9583		0.96127		0.8863		0.86408		0.91753		0.89		0.77406
207		3174.17		0.9582		0.96133		0.89922		0.88557		0.91753		0.90127		0.79895
208		3175.41		0.95862		0.96151		0.88889		0.88325		0.89691		0.89003		0.77786
209		3176.55		0.95863		0.96142		0.89664		0.88119		0.91753		0.89899		0.79394
210		3177.81		0.95874		0.96151		0.89406		0.87685		0.91753		0.89673		0.78894
211		3179.28		0.95894		0.96193		0.88889		0.86473		0.92268		0.89277		0.7795
212		3180.48		0.95935		0.96225		0.88372		0.85646		0.92268		0.88834		0.76971
213		3181.63		0.95907		0.96226		0.88372		0.85646		0.92268		0.88834		0.76971
214		3182.78		0.95838		0.96162		0.89147		0.86893		0.92268		0.895		0.78442
215		3184.04		0.95836		0.96131		0.89147		0.87255		0.91753		0.89447		0.78396
216		3185.5		0.95871		0.96177		0.88889		0.87192		0.91237		0.89169		0.77859
217		3187.46		0.95939		0.96207		0.89406		0.8806		0.91237		0.8962		0.78861
218		3189.33		0.95987		0.96237		0.89664		0.885		0.91237		0.89848		0.79365
219		3190.96		0.9599		0.96209		0.89922		0.88945		0.91237		0.90076		0.7987
220		3192.5		0.95962		0.96174		0.89922		0.88177		0.92268		0.90176		0.79929
221		3193.94		0.959		0.96131		0.89664		0.87745		0.92268		0.8995		0.79431
222		3195.7		0.95842		0.96117		0.89664		0.88119		0.91753		0.89899		0.79394
223		3197.18		0.95803		0.96131		0.89406		0.8806		0.91237		0.8962		0.78861
224		3198.58		0.95785		0.96125		0.89406		0.8806		0.91237		0.8962		0.78861
225		3200.11		0.95752		0.96098		0.89664		0.87745		0.92268		0.8995		0.79431
226		3201.97		0.95795		0.96135		0.88889		0.86473		0.92268		0.89277		0.7795
227		3203.13		0.95878		0.96191		0.8863		0.86058		0.92268		0.89055		0.7746
228		3204.38		0.9595		0.9625		0.88889		0.86829		0.91753		0.89223		0.779
229		3205.48		0.96018		0.96291		0.89147		0.87624		0.91237		0.89394		0.78359
230		3206.7		0.95999		0.96217		0.89922		0.88945		0.91237		0.90076		0.7987
231		3207.96		0.96014		0.96242		0.90181		0.89394		0.91237		0.90306		0.80378
232		3209.37		0.95946		0.96119		0.88889		0.86473		0.92268		0.89277		0.7795
233		3210.48		0.96		0.96209		0.8863		0.86058		0.92268		0.89055		0.7746
234		3212.05		0.96018		0.96295		0.89147		0.86893		0.92268		0.895		0.78442
235		3213.57		0.96073		0.96379		0.89406		0.87317		0.92268		0.89724		0.78936
236		3215.57		0.96035		0.96384		0.89406		0.87685		0.91753		0.89673		0.78894
237		3216.94		0.95995		0.96365		0.90181		0.89		0.91753		0.90355		0.80399
238		3218.68		0.95912		0.96294		0.88889		0.86829		0.91753		0.89223		0.779
239		3220.62		0.95872		0.96245		0.88372		0.85308		0.92784		0.88889		0.77037
240		3221.9		0.95878		0.9622		0.8863		0.85714		0.92784		0.89109		0.77522
241		3223.51		0.95946		0.96276		0.90439		0.88293		0.93299		0.90727		0.81007
242		3224.77		0.95946		0.96309		0.90698		0.89109		0.92784		0.90909		0.81463
243		3225.91		0.95952		0.96322		0.90181		0.88614		0.92268		0.90404		0.80428
244		3227.12		0.9583		0.96199		0.89406		0.87685		0.91753		0.89673		0.78894
245		3228.44		0.95697		0.96103		0.89406		0.87685		0.91753		0.89673		0.78894
246		3229.96		0.95688		0.96057		0.89147		0.87255		0.91753		0.89447		0.78396
247		3231.33		0.9572		0.96072		0.88889		0.86829		0.91753		0.89223		0.779
248		3232.88		0.95787		0.96121		0.89664		0.87745		0.92268		0.8995		0.79431
249		3234.24		0.95765		0.96086		0.89664		0.87745		0.92268		0.8995		0.79431
250		3236.4		0.95759		0.96052		0.88889		0.86473		0.92268		0.89277		0.7795
251		3237.64		0.95692		0.95973		0.88372		0.85646		0.92268		0.88834		0.76971
252		3238.76		0.95737		0.95984		0.88372		0.85646		0.92268		0.88834		0.76971
253		3239.91		0.95751		0.95996		0.8863		0.86408		0.91753		0.89		0.77406
254		3241.13		0.95828		0.9607		0.8863		0.86408		0.91753		0.89		0.77406
255		3242.27		0.9589		0.96134		0.8863		0.86408		0.91753		0.89		0.77406
256		3243.46		0.9598		0.9623		0.88889		0.86473		0.92268		0.89277		0.7795
257		3244.65		0.96034		0.96229		0.89406		0.86957		0.92784		0.89776		0.78986
258		3245.98		0.96043		0.96218		0.89664		0.87745		0.92268		0.8995		0.79431
259		3247.4		0.96075		0.96293		0.90181		0.88235		0.92784		0.90452		0.80467
260		3249.13		0.96085		0.96306		0.90181		0.88614		0.92268		0.90404		0.80428
261		3250.52		0.96023		0.96216		0.90181		0.88614		0.92268		0.90404		0.80428
262		3252.05		0.9599		0.96213		0.89147		0.86893		0.92268		0.895		0.78442
263		3253.42		0.95903		0.96169		0.87855		0.84834		0.92268		0.88395		0.75999
264		3254.74		0.9587		0.96169		0.88114		0.85238		0.92268		0.88614		0.76484
265		3256.33		0.95858		0.9615		0.89147		0.86893		0.92268		0.895		0.78442
266		3257.64		0.95811		0.96089		0.89664		0.88119		0.91753		0.89899		0.79394
267		3258.92		0.95804		0.9607		0.90181		0.88614		0.92268		0.90404		0.80428
268		3260.59		0.95751		0.95981		0.90181		0.88614		0.92268		0.90404		0.80428
269		3261.84		0.95745		0.95972		0.89664		0.87745		0.92268		0.8995		0.79431
270		3263.11		0.95616		0.95818		0.87855		0.84834		0.92268		0.88395		0.75999
271		3264.7		0.95556		0.95774		0.8863		0.86058		0.92268		0.89055		0.7746
272		3266.39		0.95557		0.95886		0.89406		0.87685		0.91753		0.89673		0.78894
273		3267.73		0.95518		0.95889		0.90181		0.89		0.91753		0.90355		0.80399
274		3269.16		0.95488		0.95924		0.90439		0.89447		0.91753		0.90585		0.80904
275		3271.17		0.95456		0.95937		0.90439		0.89848		0.91237		0.90537		0.80887
276		3272.48		0.95546		0.95969		0.90181		0.89		0.91753		0.90355		0.80399
277		3273.96		0.95696		0.9606		0.88889		0.86829		0.91753		0.89223		0.779
278		3275.33		0.95874		0.96183		0.87597		0.84762		0.91753		0.88119		0.75447
279		3276.74		0.95938		0.96167		0.8863		0.86058		0.92268		0.89055		0.7746
280		3278.71		0.95927		0.96083		0.89406		0.87685		0.91753		0.89673		0.78894
281		3280.32		0.95883		0.96072		0.89664		0.88119		0.91753		0.89899		0.79394
282		3282.12		0.95656		0.95829		0.89406		0.87317		0.92268		0.89724		0.78936
283		3283.24		0.9554		0.95763		0.87855		0.84834		0.92268		0.88395		0.75999
284		3284.63		0.95715		0.95903		0.8863		0.86408		0.91753		0.89		0.77406
285		3285.92		0.95796		0.96012		0.89406		0.87685		0.91753		0.89673		0.78894
286		3287.26		0.95808		0.9605		0.89147		0.86893		0.92268		0.895		0.78442
287		3288.56		0.95649		0.95928		0.88114		0.85238		0.92268		0.88614		0.76484
288		3289.81		0.95392		0.9567		0.8708		0.83333		0.92784		0.87805		0.74637
289		3291.13		0.95305		0.95598		0.87855		0.85167		0.91753		0.88337		0.75934
290		3292.6		0.95421		0.95718		0.89664		0.885		0.91237		0.89848		0.79365
291		3294.61		0.95566		0.95878		0.89406		0.8806		0.91237		0.8962		0.78861
292		3296.13		0.95657		0.95933		0.89406		0.87685		0.91753		0.89673		0.78894
293		3298.34		0.95684		0.95914		0.88372		0.85646		0.92268		0.88834		0.76971
294		3299.93		0.95587		0.95742		0.88372		0.85646		0.92268		0.88834		0.76971
295		3301.12		0.95537		0.95714		0.88114		0.86275		0.90722		0.88442		0.76326
296		3302.33		0.95323		0.95513		0.87855		0.85854		0.90722		0.88221		0.7583
297		3303.46		0.95179		0.95406		0.87855		0.85507		0.91237		0.88279		0.75878
298		3304.81		0.95351		0.95588		0.8863		0.86408		0.91753		0.89		0.77406
299		3306.55		0.95514		0.95754		0.90439		0.89055		0.92268		0.90633		0.8093
300		3307.77		0.95643		0.95874		0.90181		0.88235		0.92784		0.90452		0.80467
301		3309.08		0.95748		0.95976		0.89664		0.87379		0.92784		0.9		0.79478
302		3310.71		0.95795		0.96		0.89147		0.8619		0.93299		0.89604		0.78559
303		3312.47		0.95811		0.96017		0.89147		0.86893		0.92268		0.895		0.78442
304		3313.55		0.95847		0.9601		0.88889		0.86473		0.92268		0.89277		0.7795
305		3314.68		0.95896		0.96064		0.89147		0.87255		0.91753		0.89447		0.78396
306		3315.96		0.96003		0.96177		0.89664		0.88119		0.91753		0.89899		0.79394
307		3317.09		0.96085		0.96258		0.90439		0.89055		0.92268		0.90633		0.8093
308		3318.24		0.96042		0.96209		0.90181		0.89		0.91753		0.90355		0.80399
309		3320.07		0.95966		0.96146		0.89406		0.87685		0.91753		0.89673		0.78894
310		3321.75		0.95895		0.961		0.89147		0.86538		0.92784		0.89552		0.78496
311		3323.47		0.95784		0.95959		0.89147		0.8619		0.93299		0.89604		0.78559
312		3324.56		0.95703		0.95936		0.8863		0.85714		0.92784		0.89109		0.77522
313		3326.14		0.95743		0.95956		0.89147		0.86893		0.92268		0.895		0.78442
314		3327.9		0.95814		0.9606		0.90181		0.88614		0.92268		0.90404		0.80428
315		3329.22		0.95834		0.96044		0.90181		0.88614		0.92268		0.90404		0.80428
316		3330.52		0.95785		0.9597		0.89664		0.87745		0.92268		0.8995		0.79431
317		3331.84		0.95733		0.9591		0.89147		0.86893		0.92268		0.895		0.78442
318		3333.63		0.95624		0.95784		0.8863		0.86058		0.92268		0.89055		0.7746
319		3334.85		0.95548		0.95692		0.87597		0.84762		0.91753		0.88119		0.75447
320		3336.1		0.95576		0.95744		0.88114		0.84906		0.92784		0.8867		0.76554
321		3337.27		0.95608		0.95782		0.88114		0.84906		0.92784		0.8867		0.76554
322		3338.42		0.95701		0.95919		0.8863		0.86058		0.92268		0.89055		0.7746
323		3339.67		0.95788		0.96002		0.89147		0.87255		0.91753		0.89447		0.78396
324		3341.0		0.95768		0.95998		0.89922		0.88557		0.91753		0.90127		0.79895
325		3342.24		0.95842		0.96008		0.89922		0.88557		0.91753		0.90127		0.79895
326		3343.51		0.9587		0.96032		0.89664		0.87745		0.92268		0.8995		0.79431
327		3345.11		0.95838		0.96012		0.89406		0.87317		0.92268		0.89724		0.78936
328		3346.65		0.95806		0.95969		0.89406		0.87685		0.91753		0.89673		0.78894
329		3348.29		0.95783		0.95945		0.89406		0.87685		0.91753		0.89673		0.78894
330		3349.55		0.95759		0.95921		0.89406		0.8806		0.91237		0.8962		0.78861
331		3351.14		0.95759		0.95938		0.89922		0.88177		0.92268		0.90176		0.79929
332		3352.4		0.95697		0.95897		0.89147		0.86893		0.92268		0.895		0.78442
333		3353.95		0.95685		0.95879		0.88889		0.86473		0.92268		0.89277		0.7795
334		3355.51		0.95665		0.95865		0.89147		0.86893		0.92268		0.895		0.78442
335		3357.01		0.95608		0.95787		0.8863		0.86408		0.91753		0.89		0.77406
336		3358.73		0.95599		0.95751		0.88114		0.85577		0.91753		0.88557		0.76423
337		3360.35		0.95583		0.95724		0.87855		0.85167		0.91753		0.88337		0.75934
338		3362.22		0.95528		0.95666		0.87339		0.8436		0.91753		0.87901		0.74961
339		3363.51		0.95607		0.95735		0.87855		0.85167		0.91753		0.88337		0.75934
340		3364.63		0.95644		0.95772		0.88114		0.85577		0.91753		0.88557		0.76423
341		3365.96		0.95709		0.95827		0.88114		0.85577		0.91753		0.88557		0.76423
342		3367.21		0.95735		0.9585		0.8863		0.86408		0.91753		0.89		0.77406
343		3368.52		0.95729		0.95861		0.8863		0.86408		0.91753		0.89		0.77406
344		3370.38		0.95701		0.95841		0.8863		0.86408		0.91753		0.89		0.77406
345		3371.55		0.95709		0.95859		0.88372		0.8599		0.91753		0.88778		0.76914
346		3372.83		0.95661		0.95832		0.88372		0.8599		0.91753		0.88778		0.76914
347		3374.24		0.95637		0.95805		0.88889		0.86829		0.91753		0.89223		0.779
348		3375.69		0.95624		0.95771		0.89664		0.88119		0.91753		0.89899		0.79394
349		3377.08		0.95619		0.95773		0.89664		0.88119		0.91753		0.89899		0.79394
350		3378.38		0.95601		0.95765		0.89147		0.87255		0.91753		0.89447		0.78396
351		3379.77		0.95557		0.95709		0.88889		0.86473		0.92268		0.89277		0.7795
352		3380.95		0.95564		0.95708		0.89147		0.86893		0.92268		0.895		0.78442
353		3382.74		0.95635		0.95835		0.88889		0.86473		0.92268		0.89277		0.7795
354		3384.14		0.95684		0.95866		0.89147		0.86893		0.92268		0.895		0.78442
355		3385.54		0.95703		0.95876		0.89664		0.88119		0.91753		0.89899		0.79394
356		3387.25		0.95699		0.95936		0.89922		0.88557		0.91753		0.90127		0.79895
357		3388.72		0.95736		0.95993		0.90439		0.89447		0.91753		0.90585		0.80904
358		3390.36		0.95732		0.96006		0.89664		0.88119		0.91753		0.89899		0.79394
359		3391.63		0.95667		0.95921		0.89664		0.87745		0.92268		0.8995		0.79431
360		3393.31		0.95651		0.95929		0.89147		0.86893		0.92268		0.895		0.78442
361		3394.97		0.95572		0.95865		0.8863		0.86408		0.91753		0.89		0.77406
362		3396.72		0.9555		0.95808		0.88372		0.8599		0.91753		0.88778		0.76914
363		3398.1		0.95639		0.9586		0.88889		0.86473		0.92268		0.89277		0.7795
364		3399.83		0.95711		0.95904		0.89406		0.87685		0.91753		0.89673		0.78894
365		3401.69		0.95712		0.95893		0.89147		0.87255		0.91753		0.89447		0.78396
366		3402.95		0.95681		0.95845		0.88889		0.87192		0.91237		0.89169		0.77859
367		3404.03		0.95725		0.95898		0.88114		0.85577		0.91753		0.88557		0.76423
368		3405.21		0.95685		0.95864		0.88372		0.8599		0.91753		0.88778		0.76914
369		3406.32		0.9564		0.95843		0.88372		0.8599		0.91753		0.88778		0.76914
370		3407.41		0.95656		0.95849		0.88372		0.8599		0.91753		0.88778		0.76914
371		3408.55		0.95689		0.95927		0.88889		0.86829		0.91753		0.89223		0.779
372		3409.75		0.95731		0.95974		0.89406		0.87685		0.91753		0.89673		0.78894
373		3410.85		0.95717		0.9595		0.90181		0.88614		0.92268		0.90404		0.80428
374		3411.99		0.95733		0.95971		0.89664		0.87745		0.92268		0.8995		0.79431
375		3413.57		0.95773		0.95995		0.89406		0.87317		0.92268		0.89724		0.78936
376		3415.3		0.95755		0.95943		0.89147		0.86538		0.92784		0.89552		0.78496
377		3416.42		0.95723		0.95887		0.88889		0.86124		0.92784		0.8933		0.78008
378		3417.6		0.95721		0.95878		0.8863		0.85714		0.92784		0.89109		0.77522
379		3418.85		0.95663		0.95865		0.89406		0.87317		0.92268		0.89724		0.78936
380		3420.19		0.95509		0.95721		0.89406		0.87685		0.91753		0.89673		0.78894
381		3421.9		0.95413		0.95633		0.89664		0.88119		0.91753		0.89899		0.79394
382		3423.52		0.95505		0.95711		0.89406		0.87317		0.92268		0.89724		0.78936
383		3424.97		0.95562		0.95699		0.8863		0.86058		0.92268		0.89055		0.7746
384		3426.89		0.95671		0.95786		0.88889		0.85446		0.93814		0.89435		0.7815
385		3428.45		0.95712		0.95843		0.89147		0.86538		0.92784		0.89552		0.78496
386		3429.78		0.95651		0.95768		0.89664		0.88119		0.91753		0.89899		0.79394
387		3431.13		0.95619		0.95755		0.89406		0.8806		0.91237		0.8962		0.78861
388		3432.6		0.95608		0.95794		0.89406		0.8806		0.91237		0.8962		0.78861
389		3434.18		0.95536		0.95759		0.88889		0.86829		0.91753		0.89223		0.779
390		3435.67		0.95476		0.95686		0.8863		0.86058		0.92268		0.89055		0.7746
391		3437.3		0.95401		0.95622		0.88372		0.85646		0.92268		0.88834		0.76971
392		3439.14		0.95413		0.95656		0.89147		0.87255		0.91753		0.89447		0.78396
393		3440.56		0.95464		0.95705		0.89922		0.88945		0.91237		0.90076		0.7987
394		3442.0		0.95508		0.9573		0.90181		0.89394		0.91237		0.90306		0.80378
395		3443.48		0.95537		0.95761		0.89147		0.87255		0.91753		0.89447		0.78396
396		3445.29		0.95573		0.9578		0.87597		0.84434		0.92268		0.88177		0.75515
397		3446.68		0.95647		0.95852		0.89406		0.87317		0.92268		0.89724		0.78936
398		3447.95		0.9585		0.96012		0.89922		0.88945		0.91237		0.90076		0.7987
399		3449.28		0.95846		0.95974		0.89922		0.88945		0.91237		0.90076		0.7987
400		3450.47		0.95916		0.96061		0.89922		0.88557		0.91753		0.90127		0.79895
401		3451.78		0.95898		0.9599		0.89664		0.87745		0.92268		0.8995		0.79431
402		3452.95		0.95948		0.9612		0.89922		0.87805		0.92784		0.90226		0.79971
403		3454.28		0.95927		0.96099		0.89922		0.87805		0.92784		0.90226		0.79971
404		3455.71		0.9593		0.96087		0.89664		0.87745		0.92268		0.8995		0.79431
405		3457.39		0.95903		0.96068		0.89922		0.88177		0.92268		0.90176		0.79929
406		3458.91		0.95858		0.9604		0.89922		0.88177		0.92268		0.90176		0.79929
407		3460.37		0.95735		0.95935		0.88372		0.85646		0.92268		0.88834		0.76971
408		3462.04		0.9562		0.95852		0.8863		0.86058		0.92268		0.89055		0.7746
409		3463.5		0.95667		0.95876		0.89406		0.87317		0.92268		0.89724		0.78936
410		3464.81		0.95676		0.9585		0.89664		0.87745		0.92268		0.8995		0.79431
411		3466.66		0.95713		0.95915		0.89406		0.86957		0.92784		0.89776		0.78986
412		3468.1		0.9572		0.95905		0.89406		0.86957		0.92784		0.89776		0.78986
413		3469.42		0.9568		0.95818		0.89406		0.86957		0.92784		0.89776		0.78986
414		3470.56		0.9564		0.95731		0.89922		0.88945		0.91237		0.90076		0.7987
415		3471.78		0.95501		0.95636		0.90439		0.89447		0.91753		0.90585		0.80904
416		3473.19		0.9548		0.95639		0.89406		0.8806		0.91237		0.8962		0.78861
417		3475.0		0.95568		0.95735		0.88114		0.85577		0.91753		0.88557		0.76423
418		3476.6		0.95707		0.95875		0.88372		0.8599		0.91753		0.88778		0.76914
419		3478.4		0.95838		0.96026		0.88372		0.85308		0.92784		0.88889		0.77037
420		3479.55		0.95826		0.96016		0.8863		0.85714		0.92784		0.89109		0.77522
421		3481.15		0.95669		0.95894		0.89147		0.86538		0.92784		0.89552		0.78496
422		3482.36		0.95561		0.95835		0.88889		0.86473		0.92268		0.89277		0.7795
423		3484.34		0.95452		0.95771		0.88889		0.86829		0.91753		0.89223		0.779
424		3485.5		0.95347		0.95658		0.88889		0.86829		0.91753		0.89223		0.779
425		3486.93		0.95235		0.95537		0.88889		0.86829		0.91753		0.89223		0.779
426		3488.15		0.95326		0.95614		0.8863		0.86408		0.91753		0.89		0.77406
427		3489.8		0.9539		0.95661		0.88889		0.86829		0.91753		0.89223		0.779
428		3491.27		0.95461		0.95723		0.89406		0.87685		0.91753		0.89673		0.78894
429		3492.49		0.95404		0.95652		0.88114		0.85577		0.91753		0.88557		0.76423
430		3493.97		0.95481		0.95692		0.87597		0.84112		0.92784		0.88235		0.75592
431		3495.36		0.95537		0.95783		0.88372		0.85308		0.92784		0.88889		0.77037
432		3496.72		0.95532		0.95745		0.88372		0.85646		0.92268		0.88834		0.76971
433		3498.26		0.95398		0.95595		0.8863		0.86408		0.91753		0.89		0.77406
434		3499.75		0.95323		0.95511		0.88372		0.8599		0.91753		0.88778		0.76914
435		3500.89		0.95444		0.95577		0.88372		0.8599		0.91753		0.88778		0.76914
436		3502.09		0.95589		0.95647		0.8863		0.86408		0.91753		0.89		0.77406
437		3503.72		0.95677		0.95792		0.88372		0.8599		0.91753		0.88778		0.76914
438		3506.04		0.95769		0.95918		0.89147		0.86538		0.92784		0.89552		0.78496
439		3507.34		0.95733		0.95857		0.88889		0.86829		0.91753		0.89223		0.779
440		3508.53		0.95636		0.95741		0.89406		0.87685		0.91753		0.89673		0.78894
441		3509.83		0.9551		0.95658		0.89406		0.87685		0.91753		0.89673		0.78894
442		3511.2		0.95414		0.95572		0.89922		0.88177		0.92268		0.90176		0.79929
443		3512.35		0.95473		0.95674		0.88372		0.85646		0.92268		0.88834		0.76971
444		3513.52		0.95629		0.95821		0.88889		0.86473		0.92268		0.89277		0.7795
445		3514.67		0.95729		0.95936		0.89664		0.87379		0.92784		0.9		0.79478
446		3516.31		0.95832		0.96128		0.90181		0.89		0.91753		0.90355		0.80399
447		3517.9		0.95856		0.96052		0.89664		0.88119		0.91753		0.89899		0.79394
448		3519.04		0.95732		0.95878		0.89147		0.86893		0.92268		0.895		0.78442
449		3520.14		0.95565		0.95725		0.87339		0.85024		0.90722		0.87781		0.74842
450		3521.31		0.95416		0.95565		0.87339		0.85024		0.90722		0.87781		0.74842
451		3523.18		0.95494		0.95684		0.87855		0.86207		0.90206		0.88161		0.7579
452		3525.19		0.95655		0.95855		0.88889		0.86473		0.92268		0.89277		0.7795
453		3526.66		0.95709		0.95963		0.88372		0.85646		0.92268		0.88834		0.76971
454		3528.32		0.95611		0.95819		0.88372		0.85646		0.92268		0.88834		0.76971
455		3529.81		0.95534		0.95771		0.8863		0.86058		0.92268		0.89055		0.7746
456		3531.63		0.95502		0.95806		0.89147		0.87255		0.91753		0.89447		0.78396
457		3533.38		0.95518		0.95783		0.89147		0.87255		0.91753		0.89447		0.78396
458		3535.22		0.9568		0.95959		0.89406		0.87317		0.92268		0.89724		0.78936
459		3536.44		0.95771		0.95949		0.89664		0.88119		0.91753		0.89899		0.79394
460		3537.89		0.95836		0.96004		0.89406		0.8806		0.91237		0.8962		0.78861
461		3539.28		0.95926		0.96081		0.89406		0.87685		0.91753		0.89673		0.78894
462		3540.61		0.95947		0.96108		0.89664		0.87745		0.92268		0.8995		0.79431
463		3541.89		0.95986		0.96142		0.89664		0.87745		0.92268		0.8995		0.79431
464		3543.39		0.9595		0.9602		0.89922		0.88177		0.92268		0.90176		0.79929
465		3545.14		0.95902		0.96056		0.89922		0.87805		0.92784		0.90226		0.79971
466		3546.31		0.95772		0.95924		0.89664		0.87745		0.92268		0.8995		0.79431
467		3547.44		0.95668		0.95798		0.89406		0.87685		0.91753		0.89673		0.78894
468		3548.61		0.95632		0.95806		0.89922		0.88557		0.91753		0.90127		0.79895
469		3549.93		0.95604		0.9575		0.89664		0.885		0.91237		0.89848		0.79365
470		3551.14		0.95661		0.95837		0.89406		0.87685		0.91753		0.89673		0.78894
471		3552.45		0.95729		0.95848		0.89664		0.87379		0.92784		0.9		0.79478
472		3554.06		0.95784		0.95902		0.89664		0.87745		0.92268		0.8995		0.79431
473		3555.84		0.95871		0.95999		0.90181		0.89394		0.91237		0.90306		0.80378
474		3557.77		0.95898		0.96038		0.89664		0.885		0.91237		0.89848		0.79365
475		3559.17		0.95922		0.96122		0.88114		0.85922		0.91237		0.885		0.7637
476		3560.87		0.9585		0.96059		0.8708		0.83645		0.92268		0.87745		0.74553
477		3561.98		0.95736		0.9593		0.8708		0.83962		0.91753		0.87685		0.74477
478		3563.33		0.958		0.95989		0.89406		0.87685		0.91753		0.89673		0.78894
479		3565.21		0.95814		0.95992		0.89664		0.88119		0.91753		0.89899		0.79394
480		3566.72		0.95701		0.95862		0.89664		0.88119		0.91753		0.89899		0.79394
481		3568.7		0.9566		0.95836		0.8863		0.86058		0.92268		0.89055		0.7746
482		3569.94		0.95621		0.95802		0.88372		0.85646		0.92268		0.88834		0.76971
483		3571.15		0.9555		0.95715		0.87597		0.84434		0.92268		0.88177		0.75515
484		3572.31		0.95529		0.95661		0.87855		0.84834		0.92268		0.88395		0.75999
485		3573.47		0.95557		0.95707		0.88889		0.86473		0.92268		0.89277		0.7795
486		3574.67		0.95612		0.95794		0.88889		0.86829		0.91753		0.89223		0.779
487		3575.95		0.95577		0.95768		0.8863		0.86058		0.92268		0.89055		0.7746
488		3577.04		0.95621		0.95818		0.8863		0.86408		0.91753		0.89		0.77406
489		3578.2		0.95713		0.95935		0.88372		0.8599		0.91753		0.88778		0.76914
490		3579.49		0.95749		0.96001		0.8863		0.86058		0.92268		0.89055		0.7746
491		3581.18		0.95814		0.96052		0.89147		0.87255		0.91753		0.89447		0.78396
492		3583.31		0.95835		0.96072		0.89664		0.885		0.91237		0.89848		0.79365
493		3585.04		0.9588		0.96119		0.89922		0.88945		0.91237		0.90076		0.7987
494		3586.29		0.95983		0.96198		0.89406		0.8806		0.91237		0.8962		0.78861
495		3587.59		0.9603		0.96198		0.89147		0.87624		0.91237		0.89394		0.78359
496		3588.93		0.95992		0.96136		0.89406		0.87685		0.91753		0.89673		0.78894
497		3590.12		0.95891		0.96026		0.88889		0.86829		0.91753		0.89223		0.779
498		3591.32		0.95793		0.95939		0.88114		0.85238		0.92268		0.88614		0.76484
499		3592.69		0.95735		0.9587		0.88372		0.85646		0.92268		0.88834		0.76971
500		3594.35		0.95689		0.95815		0.8863		0.86408		0.91753		0.89		0.77406
501		3595.69		0.95699		0.95897		0.89147		0.87255		0.91753		0.89447		0.78396
502		3597.0		0.95725		0.95924		0.89406		0.87317		0.92268		0.89724		0.78936
503		3598.29		0.958		0.96025		0.88889		0.86473		0.92268		0.89277		0.7795
504		3599.84		0.95828		0.96021		0.88372		0.85308		0.92784		0.88889		0.77037
505		3601.21		0.95683		0.95877		0.87855		0.85167		0.91753		0.88337		0.75934
506		3602.61		0.95576		0.95816		0.88889		0.8794		0.90206		0.89059		0.77802
507		3603.89		0.95504		0.95755		0.89406		0.89231		0.89691		0.8946		0.78812
508		3605.28		0.95568		0.95827		0.8863		0.87129		0.90722		0.88889		0.77325
509		3606.76		0.95621		0.95827		0.87339		0.83721		0.92784		0.8802		0.75114
510		3608.26		0.95707		0.95938		0.8708		0.83645		0.92268		0.87745		0.74553
511		3609.56		0.95842		0.96117		0.89406		0.87317		0.92268		0.89724		0.78936
512		3610.99		0.95895		0.96169		0.90439		0.89848		0.91237		0.90537		0.80887
513		3612.36		0.95948		0.96172		0.89664		0.88119		0.91753		0.89899		0.79394
514		3613.97		0.95986		0.96204		0.89147		0.87255		0.91753		0.89447		0.78396
515		3615.28		0.95902		0.96116		0.88889		0.85782		0.93299		0.89383		0.78075
516		3616.78		0.95892		0.96144		0.89406		0.86256		0.93814		0.89877		0.79112
517		3618.24		0.95876		0.96128		0.89664		0.885		0.91237		0.89848		0.79365
518		3619.51		0.95828		0.96086		0.90181		0.90206		0.90206		0.90206		0.80362
519		3620.91		0.95723		0.96		0.89922		0.89744		0.90206		0.89974		0.79846
520		3622.36		0.95683		0.95967		0.88889		0.87562		0.90722		0.89114		0.77827
521		3623.87		0.95591		0.95932		0.8863		0.86408		0.91753		0.89		0.77406
522		3625.15		0.95569		0.95875		0.88114		0.86275		0.90722		0.88442		0.76326
523		3626.39		0.95717		0.96012		0.88114		0.86634		0.90206		0.88384		0.7629
524		3627.76		0.95701		0.95905		0.88889		0.86124		0.92784		0.8933		0.78008
525		3629.28		0.95761		0.95958		0.8863		0.86058		0.92268		0.89055		0.7746
526		3631.95		0.9578		0.95981		0.8863		0.85714		0.92784		0.89109		0.77522
527		3633.67		0.95771		0.96061		0.87597		0.84434		0.92268		0.88177		0.75515
528		3634.8		0.95751		0.96012		0.89664		0.87745		0.92268		0.8995		0.79431
529		3636.02		0.95741		0.96021		0.89406		0.87685		0.91753		0.89673		0.78894
530		3637.28		0.95736		0.95989		0.89147		0.87255		0.91753		0.89447		0.78396
531		3638.64		0.95748		0.95929		0.89147		0.86893		0.92268		0.895		0.78442
532		3640.55		0.95761		0.95929		0.87597		0.84434		0.92268		0.88177		0.75515
533		3641.75		0.95768		0.95841		0.86563		0.8287		0.92268		0.87317		0.73596
534		3643.19		0.95828		0.95926		0.86822		0.83256		0.92268		0.87531		0.74074
535		3644.46		0.95867		0.96043		0.89147		0.86893		0.92268		0.895		0.78442
536		3645.84		0.95787		0.96004		0.89664		0.88119		0.91753		0.89899		0.79394
537		3647.16		0.95644		0.95925		0.89147		0.87255		0.91753		0.89447		0.78396
538		3648.51		0.95488		0.95806		0.88114		0.85577		0.91753		0.88557		0.76423
539		3650.09		0.9551		0.95852		0.87339		0.84038		0.92268		0.87961		0.75033
540		3651.91		0.95655		0.95949		0.88114		0.85238		0.92268		0.88614		0.76484
541		3653.14		0.95781		0.9606		0.8863		0.86765		0.91237		0.88945		0.77361
542		3655.25		0.95824		0.9613		0.89922		0.88557		0.91753		0.90127		0.79895
543		3656.69		0.95739		0.96034		0.89147		0.87624		0.91237		0.89394		0.78359
544		3657.83		0.95526		0.95821		0.87597		0.84112		0.92784		0.88235		0.75592
545		3659.0		0.95506		0.95842		0.89147		0.86538		0.92784		0.89552		0.78496
546		3660.65		0.95625		0.96033		0.90181		0.88614		0.92268		0.90404		0.80428
547		3662.18		0.95781		0.96156		0.89922		0.88177		0.92268		0.90176		0.79929
548		3663.81		0.95793		0.96158		0.89147		0.86538		0.92784		0.89552		0.78496
549		3665.11		0.95856		0.96186		0.88889		0.85446		0.93814		0.89435		0.7815
550		3666.49		0.95816		0.96088		0.88372		0.85308		0.92784		0.88889		0.77037
551		3667.9		0.95798		0.96017		0.89922		0.88177		0.92268		0.90176		0.79929
552		3669.64		0.95725		0.95895		0.89664		0.89286		0.90206		0.89744		0.79332
553		3670.93		0.95701		0.95877		0.87855		0.85854		0.90722		0.88221		0.7583
554		3672.44		0.95752		0.95919		0.8708		0.83962		0.91753		0.87685		0.74477
555		3674.28		0.95918		0.96105		0.88889		0.86473		0.92268		0.89277		0.7795
556		3675.93		0.95946		0.96155		0.90956		0.90355		0.91753		0.91049		0.81921
557		3677.24		0.95883		0.9613		0.90956		0.90355		0.91753		0.91049		0.81921
558		3678.44		0.95792		0.96008		0.91214		0.90404		0.92268		0.91327		0.82446
559		3679.71		0.95701		0.95924		0.8863		0.85714		0.92784		0.89109		0.77522
560		3681.04		0.95502		0.95711		0.86822		0.82648		0.93299		0.87651		0.74257
561		3682.4		0.95484		0.95703		0.8863		0.86058		0.92268		0.89055		0.7746
562		3683.55		0.95441		0.95608		0.89406		0.88442		0.90722		0.89567		0.78836
563		3685.22		0.95456		0.95664		0.89406		0.87317		0.92268		0.89724		0.78936
564		3686.83		0.95461		0.95687		0.87597		0.84434		0.92268		0.88177		0.75515
565		3688.68		0.95485		0.95684		0.86822		0.83256		0.92268		0.87531		0.74074
566		3690.37		0.95595		0.95787		0.87597		0.84434		0.92268		0.88177		0.75515
567		3691.57		0.95627		0.95834		0.88114		0.85577		0.91753		0.88557		0.76423
568		3692.76		0.95636		0.9585		0.89664		0.87745		0.92268		0.8995		0.79431
569		3694.03		0.95585		0.95813		0.89406		0.87317		0.92268		0.89724		0.78936
570		3695.67		0.95464		0.95708		0.8863		0.86058		0.92268		0.89055		0.7746
571		3697.32		0.95416		0.95656		0.87855		0.84507		0.92784		0.88452		0.76072
572		3698.68		0.95696		0.95883		0.87855		0.84507		0.92784		0.88452		0.76072
573		3699.97		0.95887		0.9607		0.88114		0.84906		0.92784		0.8867		0.76554
574		3701.22		0.95934		0.96099		0.89406		0.87317		0.92268		0.89724		0.78936
575		3703.05		0.95903		0.9606		0.89922		0.88177		0.92268		0.90176		0.79929
576		3704.4		0.95886		0.96087		0.89406		0.87685		0.91753		0.89673		0.78894
577		3705.74		0.95822		0.96015		0.88372		0.8599		0.91753		0.88778		0.76914
578		3707.21		0.95643		0.95837		0.88114		0.85577		0.91753		0.88557		0.76423
579		3708.45		0.95578		0.95781		0.88114		0.85577		0.91753		0.88557		0.76423
580		3709.77		0.95615		0.958		0.89147		0.88		0.90722		0.8934		0.7833
581		3711.37		0.95604		0.9577		0.8863		0.86765		0.91237		0.88945		0.77361
582		3713.65		0.95553		0.95631		0.89147		0.86893		0.92268		0.895		0.78442
583		3715.55		0.95588		0.95714		0.89922		0.87805		0.92784		0.90226		0.79971
584		3717.25		0.95656		0.95878		0.88889		0.86829		0.91753		0.89223		0.779
585		3718.4		0.95736		0.96026		0.89406		0.8806		0.91237		0.8962		0.78861
586		3719.73		0.95737		0.96028		0.89147		0.87624		0.91237		0.89394		0.78359
587		3720.9		0.95732		0.96018		0.88889		0.87192		0.91237		0.89169		0.77859
588		3722.03		0.95775		0.96078		0.89147		0.87624		0.91237		0.89394		0.78359
589		3723.6		0.95811		0.9609		0.88889		0.86829		0.91753		0.89223		0.779
590		3725.14		0.95787		0.96039		0.8863		0.86408		0.91753		0.89		0.77406
591		3726.97		0.95737		0.9599		0.88372		0.8599		0.91753		0.88778		0.76914
592		3728.69		0.957		0.95954		0.8863		0.86408		0.91753		0.89		0.77406
593		3729.86		0.95692		0.95956		0.89147		0.87255		0.91753		0.89447		0.78396
594		3731.08		0.95677		0.95943		0.89147		0.87255		0.91753		0.89447		0.78396
595		3732.55		0.95683		0.95966		0.88889		0.86829		0.91753		0.89223		0.779
596		3733.81		0.95737		0.96016		0.89922		0.88557		0.91753		0.90127		0.79895
597		3734.93		0.95811		0.96068		0.90181		0.89		0.91753		0.90355		0.80399
598		3736.06		0.9585		0.96068		0.89922		0.8934		0.90722		0.90026		0.79854
599		3737.43		0.95851		0.96055		0.90181		0.89394		0.91237		0.90306		0.80378
600		3739.76		0.95838		0.9602		0.90181		0.88614		0.92268		0.90404		0.80428
601		3741.53		0.95824		0.95973		0.89406		0.86957		0.92784		0.89776		0.78986
602		3742.67		0.9581		0.95975		0.89406		0.86957		0.92784		0.89776		0.78986
603		3743.79		0.95781		0.95942		0.89664		0.87745		0.92268		0.8995		0.79431
604		3745.1		0.95751		0.95917		0.89664		0.88119		0.91753		0.89899		0.79394
605		3746.41		0.95787		0.95992		0.89406		0.8806		0.91237		0.8962		0.78861
606		3748.23		0.95804		0.95963		0.89664		0.88119		0.91753		0.89899		0.79394
607		3749.69		0.95826		0.95892		0.88889		0.87192		0.91237		0.89169		0.77859
608		3751.03		0.9578		0.95819		0.8863		0.86408		0.91753		0.89		0.77406
609		3752.7		0.95795		0.95834		0.88889		0.86473		0.92268		0.89277		0.7795
610		3753.98		0.95776		0.95818		0.89664		0.87745		0.92268		0.8995		0.79431
611		3755.59		0.95716		0.95823		0.88889		0.87192		0.91237		0.89169		0.77859
612		3756.97		0.95695		0.95864		0.88889		0.87192		0.91237		0.89169		0.77859
613		3759.23		0.95639		0.95856		0.89406		0.8806		0.91237		0.8962		0.78861
614		3760.8		0.95607		0.95847		0.89664		0.885		0.91237		0.89848		0.79365
615		3762.06		0.95525		0.95812		0.89406		0.8806		0.91237		0.8962		0.78861
616		3763.21		0.95517		0.95809		0.88889		0.87192		0.91237		0.89169		0.77859
617		3764.31		0.95529		0.95813		0.89147		0.87624		0.91237		0.89394		0.78359
618		3765.55		0.95565		0.95707		0.88889		0.86829		0.91753		0.89223		0.779
619		3767.25		0.95595		0.95811		0.87597		0.84434		0.92268		0.88177		0.75515
620		3768.85		0.95545		0.95696		0.87597		0.84434		0.92268		0.88177		0.75515
621		3770.66		0.95544		0.95695		0.8863		0.85714		0.92784		0.89109		0.77522
622		3771.91		0.95538		0.95712		0.89406		0.8806		0.91237		0.8962		0.78861
623		3773.07		0.9556		0.95769		0.89664		0.88889		0.90722		0.89796		0.79344
624		3774.19		0.95521		0.95791		0.90181		0.89		0.91753		0.90355		0.80399
625		3775.38		0.95528		0.95825		0.89147		0.87255		0.91753		0.89447		0.78396
626		3776.55		0.95554		0.95827		0.8863		0.86408		0.91753		0.89		0.77406
627		3777.83		0.95648		0.95929		0.88889		0.86473		0.92268		0.89277		0.7795
628		3778.95		0.95723		0.96004		0.90698		0.895		0.92268		0.90863		0.81433
629		3780.33		0.95741		0.96041		0.90439		0.89055		0.92268		0.90633		0.8093
630		3781.87		0.95773		0.96022		0.89664		0.87745		0.92268		0.8995		0.79431
631		3783.46		0.957		0.95928		0.88889		0.86124		0.92784		0.8933		0.78008
632		3785.03		0.95617		0.95868		0.87339		0.83721		0.92784		0.8802		0.75114
633		3786.3		0.95492		0.95723		0.87597		0.84434		0.92268		0.88177		0.75515
634		3787.92		0.95436		0.95665		0.89406		0.88442		0.90722		0.89567		0.78836
635		3789.5		0.95382		0.95603		0.89922		0.8934		0.90722		0.90026		0.79854
636		3791.35		0.95372		0.95602		0.8863		0.87129		0.90722		0.88889		0.77325
637		3792.61		0.95321		0.9559		0.86822		0.84541		0.90206		0.87282		0.73805
638		3793.97		0.95385		0.95669		0.88114		0.85922		0.91237		0.885		0.7637
639		3795.57		0.95338		0.95619		0.87855		0.85854		0.90722		0.88221		0.7583
640		3797.33		0.954		0.95618		0.8863		0.88265		0.89175		0.88718		0.77264
641		3798.82		0.9557		0.95742		0.89664		0.88889		0.90722		0.89796		0.79344
642		3800.6		0.95566		0.95685		0.87597		0.84762		0.91753		0.88119		0.75447
643		3801.8		0.95494		0.95493		0.87597		0.83796		0.93299		0.88293		0.75677
644		3803.0		0.95512		0.95609		0.8863		0.86408		0.91753		0.89		0.77406
645		3804.1		0.95534		0.95673		0.90181		0.89796		0.90722		0.90256		0.80365
646		3805.22		0.95509		0.95702		0.89922		0.89744		0.90206		0.89974		0.79846
647		3806.41		0.95416		0.95689		0.89664		0.88889		0.90722		0.89796		0.79344
648		3807.85		0.9541		0.95696		0.87855		0.85854		0.90722		0.88221		0.7583
649		3809.0		0.95404		0.95698		0.8863		0.86765		0.91237		0.88945		0.77361
650		3810.29		0.95464		0.95753		0.88889		0.8794		0.90206		0.89059		0.77802
651		3811.97		0.95536		0.95777		0.89406		0.87685		0.91753		0.89673		0.78894
652		3813.62		0.95544		0.95764		0.88889		0.86829		0.91753		0.89223		0.779
653		3814.77		0.95572		0.95793		0.8863		0.86408		0.91753		0.89		0.77406
654		3816.27		0.95578		0.95785		0.88372		0.8599		0.91753		0.88778		0.76914
655		3817.7		0.95572		0.9573		0.88372		0.8599		0.91753		0.88778		0.76914
656		3819.57		0.95581		0.95765		0.8863		0.86408		0.91753		0.89		0.77406
657		3820.89		0.95577		0.95763		0.89147		0.87255		0.91753		0.89447		0.78396
658		3822.19		0.95518		0.95714		0.89406		0.87685		0.91753		0.89673		0.78894
659		3823.49		0.955		0.95689		0.89147		0.86893		0.92268		0.895		0.78442
660		3825.12		0.95597		0.95751		0.89147		0.86538		0.92784		0.89552		0.78496
661		3827.19		0.95661		0.95796		0.8863		0.85377		0.93299		0.89163		0.77592
662		3828.49		0.95672		0.95774		0.89664		0.87745		0.92268		0.8995		0.79431
663		3829.75		0.95717		0.95882		0.89664		0.88889		0.90722		0.89796		0.79344
664		3831.15		0.95756		0.95913		0.89147		0.86893		0.92268		0.895		0.78442
665		3832.77		0.95822		0.95984		0.88114		0.85238		0.92268		0.88614		0.76484
666		3834.61		0.95879		0.96033		0.88372		0.84651		0.93814		0.88998		0.77194
667		3836.2		0.9592		0.96103		0.89147		0.85849		0.93814		0.89655		0.7863
668		3837.75		0.95772		0.95965		0.89664		0.87019		0.93299		0.9005		0.79533
669		3839.07		0.95741		0.95959		0.89406		0.86957		0.92784		0.89776		0.78986
670		3840.53		0.95725		0.95937		0.89922		0.88557		0.91753		0.90127		0.79895
671		3841.83		0.95765		0.95957		0.90439		0.89055		0.92268		0.90633		0.8093
672		3843.31		0.95748		0.95908		0.89406		0.87317		0.92268		0.89724		0.78936
673		3844.9		0.95747		0.95894		0.88889		0.86473		0.92268		0.89277		0.7795
674		3846.21		0.95744		0.95895		0.8863		0.85714		0.92784		0.89109		0.77522
675		3847.43		0.95644		0.95714		0.88889		0.86124		0.92784		0.8933		0.78008
676		3848.93		0.95633		0.95725		0.89664		0.87745		0.92268		0.8995		0.79431
677		3850.48		0.9562		0.95738		0.89147		0.86538		0.92784		0.89552		0.78496
678		3851.88		0.95588		0.95718		0.87339		0.83721		0.92784		0.8802		0.75114
679		3853.17		0.95508		0.95682		0.86563		0.82569		0.92784		0.87379		0.73687
680		3854.53		0.95541		0.95709		0.88114		0.85238		0.92268		0.88614		0.76484
681		3856.27		0.95593		0.95728		0.89922		0.88557		0.91753		0.90127		0.79895
682		3857.43		0.95588		0.95718		0.89922		0.88945		0.91237		0.90076		0.7987
683		3858.69		0.95593		0.95726		0.87597		0.84434		0.92268		0.88177		0.75515
684		3859.84		0.95593		0.95727		0.8708		0.83028		0.93299		0.87864		0.74729
685		3860.99		0.95649		0.95775		0.88889		0.86124		0.92784		0.8933		0.78008
686		3862.22		0.95665		0.95778		0.89664		0.87745		0.92268		0.8995		0.79431
687		3863.53		0.9572		0.95884		0.89664		0.87745		0.92268		0.8995		0.79431
688		3865.41		0.95768		0.95951		0.90181		0.89		0.91753		0.90355		0.80399
689		3867.21		0.9576		0.95868		0.89664		0.88119		0.91753		0.89899		0.79394
690		3868.71		0.95737		0.95746		0.88889		0.86124		0.92784		0.8933		0.78008
691		3870.08		0.95715		0.95717		0.89664		0.87379		0.92784		0.9		0.79478
692		3871.54		0.95781		0.95768		0.89406		0.8806		0.91237		0.8962		0.78861
693		3872.87		0.95779		0.95773		0.90181		0.89394		0.91237		0.90306		0.80378
694		3874.38		0.95752		0.95767		0.89147		0.87255		0.91753		0.89447		0.78396
695		3875.91		0.95716		0.95747		0.88372		0.8599		0.91753		0.88778		0.76914
696		3877.56		0.95611		0.95718		0.87855		0.84834		0.92268		0.88395		0.75999
697		3879.13		0.95485		0.95583		0.8863		0.86408		0.91753		0.89		0.77406
698		3880.52		0.95493		0.95639		0.88889		0.87562		0.90722		0.89114		0.77827
699		3881.8		0.95496		0.95644		0.88889		0.88718		0.89175		0.88946		0.77778
700		3883.49		0.95522		0.95675		0.88889		0.86473		0.92268		0.89277		0.7795
701		3885.0		0.95544		0.95717		0.8863		0.85714		0.92784		0.89109		0.77522
702		3886.58		0.95625		0.95727		0.88372		0.85308		0.92784		0.88889		0.77037
703		3888.03		0.95711		0.95882		0.89922		0.88177		0.92268		0.90176		0.79929
704		3889.51		0.95651		0.9575		0.89664		0.88119		0.91753		0.89899		0.79394
705		3891.06		0.95633		0.95769		0.89922		0.88557		0.91753		0.90127		0.79895
706		3892.61		0.9556		0.95673		0.89664		0.87379		0.92784		0.9		0.79478
707		3894.46		0.95526		0.95656		0.8863		0.85714		0.92784		0.89109		0.77522
708		3895.62		0.95516		0.95639		0.88372		0.84977		0.93299		0.88943		0.77111
709		3896.79		0.95544		0.95694		0.88889		0.86473		0.92268		0.89277		0.7795
710		3898.13		0.95501		0.95687		0.88372		0.867		0.90722		0.88665		0.76824
711		3899.56		0.95486		0.95672		0.8863		0.87129		0.90722		0.88889		0.77325
712		3901.12		0.9551		0.95696		0.88114		0.85922		0.91237		0.885		0.7637
713		3902.3		0.955		0.95617		0.88114		0.85238		0.92268		0.88614		0.76484
714		3903.58		0.9556		0.95698		0.87339		0.8436		0.91753		0.87901		0.74961
715		3904.86		0.95713		0.95851		0.88372		0.86341		0.91237		0.88722		0.76865
716		3906.07		0.95831		0.95934		0.89664		0.885		0.91237		0.89848		0.79365
717		3907.26		0.95847		0.95921		0.90181		0.89		0.91753		0.90355		0.80399
718		3908.51		0.95878		0.95965		0.89406		0.87317		0.92268		0.89724		0.78936
719		3909.64		0.95894		0.95977		0.88372		0.85646		0.92268		0.88834		0.76971
720		3910.85		0.9585		0.95824		0.88372		0.85308		0.92784		0.88889		0.77037
721		3912.69		0.9589		0.95922		0.90698		0.89899		0.91753		0.90816		0.81412
722		3913.95		0.95851		0.95828		0.90439		0.90674		0.90206		0.90439		0.8088
723		3915.82		0.95729		0.95729		0.90439		0.89447		0.91753		0.90585		0.80904
724		3917.91		0.95589		0.95626		0.88372		0.8599		0.91753		0.88778		0.76914
725		3919.62		0.95633		0.95626		0.89406		0.87685		0.91753		0.89673		0.78894
726		3921.41		0.9564		0.95655		0.89922		0.88945		0.91237		0.90076		0.7987
727		3922.7		0.95584		0.95749		0.89406		0.88442		0.90722		0.89567		0.78836
728		3924.48		0.95516		0.95653		0.88889		0.87192		0.91237		0.89169		0.77859
729		3925.88		0.95289		0.95523		0.87855		0.85854		0.90722		0.88221		0.7583
730		3927.17		0.9513		0.95393		0.87597		0.85784		0.90206		0.8794		0.75291
731		3928.59		0.95178		0.95434		0.88889		0.88325		0.89691		0.89003		0.77786
732		3929.89		0.95309		0.95498		0.88889		0.87562		0.90722		0.89114		0.77827
733		3931.04		0.95418		0.95585		0.8863		0.87129		0.90722		0.88889		0.77325
734		3932.17		0.9548		0.95596		0.89147		0.87255		0.91753		0.89447		0.78396
735		3933.45		0.95574		0.95705		0.89664		0.88119		0.91753		0.89899		0.79394
736		3935.01		0.956		0.95782		0.89922		0.88557		0.91753		0.90127		0.79895
737		3936.62		0.95566		0.95715		0.89147		0.88		0.90722		0.8934		0.7833
738		3937.97		0.95498		0.95722		0.89147		0.88		0.90722		0.8934		0.7833
739		3939.25		0.95469		0.95724		0.89147		0.88384		0.90206		0.89286		0.7831
740		3940.51		0.95408		0.95694		0.88114		0.87		0.89691		0.88325		0.76262
741		3941.81		0.95452		0.95661		0.88889		0.87562		0.90722		0.89114		0.77827
742		3942.96		0.95513		0.95686		0.8863		0.87129		0.90722		0.88889		0.77325
743		3944.78		0.95556		0.95679		0.89147		0.87624		0.91237		0.89394		0.78359
744		3946.33		0.95572		0.95714		0.89406		0.87317		0.92268		0.89724		0.78936
745		3947.82		0.95485		0.95659		0.8863		0.875		0.90206		0.88832		0.77296
746		3949.22		0.95396		0.95685		0.88372		0.87817		0.89175		0.88491		0.76752
747		3950.88		0.95124		0.95437		0.88114		0.87374		0.89175		0.88265		0.76242
748		3952.91		0.94996		0.95298		0.86563		0.83178		0.91753		0.87255		0.73513
749		3954.83		0.95128		0.95388		0.86047		0.82407		0.91753		0.86829		0.72555
750		3956.51		0.95291		0.95522		0.86822		0.84211		0.90722		0.87345		0.7386
751		3957.76		0.95305		0.95485		0.87855		0.86567		0.89691		0.88101		0.75758
752		3958.86		0.95311		0.95491		0.88114		0.87		0.89691		0.88325		0.76262
753		3960.07		0.95307		0.95498		0.88114		0.86275		0.90722		0.88442		0.76326
754		3961.21		0.95321		0.9551		0.88114		0.85922		0.91237		0.885		0.7637
755		3962.39		0.95322		0.95498		0.87855		0.85167		0.91753		0.88337		0.75934
756		3964.11		0.95362		0.95569		0.88372		0.867		0.90722		0.88665		0.76824
757		3965.46		0.9546		0.9566		0.89147		0.88		0.90722		0.8934		0.7833
758		3966.73		0.95532		0.95754		0.90181		0.89796		0.90722		0.90256		0.80365
759		3967.85		0.95595		0.95824		0.90181		0.89796		0.90722		0.90256		0.80365
760		3968.99		0.95572		0.95803		0.87597		0.84434		0.92268		0.88177		0.75515
761		3970.16		0.95605		0.95782		0.8708		0.83028		0.93299		0.87864		0.74729
762		3971.57		0.95647		0.95823		0.90181		0.89796		0.90722		0.90256		0.80365
763		3972.8		0.95574		0.95795		0.90439		0.90256		0.90722		0.90488		0.80879
764		3974.51		0.95339		0.95561		0.87597		0.85096		0.91237		0.8806		0.75387
765		3976.05		0.95148		0.95348		0.87339		0.84038		0.92268		0.87961		0.75033
766		3978.08		0.9562		0.95813		0.89406		0.90476		0.88144		0.89295		0.78839
767		3979.72		0.95639		0.95887		0.89147		0.88		0.90722		0.8934		0.7833
768		3981.42		0.9551		0.95783		0.88889		0.85446		0.93814		0.89435		0.7815
769		3982.88		0.95404		0.95683		0.88114		0.85577		0.91753		0.88557		0.76423
770		3984.03		0.95474		0.957		0.89664		0.89691		0.89691		0.89691		0.79328
771		3985.54		0.95595		0.95791		0.90181		0.90625		0.89691		0.90155		0.80366
772		3986.9		0.95578		0.95699		0.88114		0.85922		0.91237		0.885		0.7637
773		3988.56		0.95464		0.95501		0.87597		0.84762		0.91753		0.88119		0.75447
774		3990.15		0.95337		0.95463		0.87855		0.85507		0.91237		0.88279		0.75878
775		3991.48		0.95302		0.95378		0.87855		0.86567		0.89691		0.88101		0.75758
776		3993.54		0.9529		0.9534		0.88372		0.87065		0.90206		0.88608		0.76792
777		3994.68		0.95325		0.95286		0.87855		0.85507		0.91237		0.88279		0.75878
778		3995.82		0.9548		0.95515		0.87339		0.84038		0.92268		0.87961		0.75033
779		3996.95		0.95588		0.95626		0.87339		0.84038		0.92268		0.87961		0.75033
780		3998.22		0.95648		0.95742		0.8863		0.86765		0.91237		0.88945		0.77361
781		3999.37		0.95652		0.95863		0.8863		0.87129		0.90722		0.88889		0.77325
782		4001.23		0.95608		0.95865		0.88889		0.8794		0.90206		0.89059		0.77802
783		4002.34		0.95464		0.95737		0.8863		0.875		0.90206		0.88832		0.77296
784		4003.8		0.95438		0.95685		0.88889		0.87562		0.90722		0.89114		0.77827
785		4005.38		0.95412		0.95648		0.88889		0.87562		0.90722		0.89114		0.77827
786		4006.77		0.95436		0.95638		0.87855		0.85507		0.91237		0.88279		0.75878
787		4008.05		0.95454		0.95622		0.88114		0.85577		0.91753		0.88557		0.76423
788		4009.86		0.95468		0.95624		0.88372		0.85646		0.92268		0.88834		0.76971
789		4011.16		0.95545		0.95697		0.88372		0.85646		0.92268		0.88834		0.76971
790		4013.04		0.95595		0.95732		0.8863		0.85714		0.92784		0.89109		0.77522
791		4014.4		0.95482		0.95636		0.88372		0.867		0.90722		0.88665		0.76824
792		4015.62		0.95406		0.95569		0.88372		0.87065		0.90206		0.88608		0.76792
793		4016.7		0.95362		0.95535		0.88372		0.8599		0.91753		0.88778		0.76914
794		4017.77		0.95261		0.95434		0.88114		0.85577		0.91753		0.88557		0.76423
795		4018.9		0.95241		0.95431		0.87855		0.85167		0.91753		0.88337		0.75934
796		4020.16		0.95209		0.95384		0.88114		0.85577		0.91753		0.88557		0.76423
797		4021.27		0.95233		0.95407		0.8863		0.86765		0.91237		0.88945		0.77361
798		4022.42		0.95287		0.9547		0.88372		0.87065		0.90206		0.88608		0.76792
799		4024.39		0.9533		0.95527		0.88372		0.87065		0.90206		0.88608		0.76792
800		4025.54		0.95424		0.95622		0.8863		0.87129		0.90722		0.88889		0.77325
801		4026.81		0.95442		0.95639		0.87855		0.85507		0.91237		0.88279		0.75878
802		4027.9		0.95414		0.95644		0.87597		0.84762		0.91753		0.88119		0.75447
803		4029.15		0.95454		0.9571		0.88372		0.86341		0.91237		0.88722		0.76865
804		4031.23		0.95508		0.95763		0.89147		0.88384		0.90206		0.89286		0.7831
805		4032.83		0.95603		0.95789		0.88372		0.87437		0.89691		0.8855		0.76768
806		4034.51		0.95661		0.9584		0.8863		0.87129		0.90722		0.88889		0.77325
807		4035.84		0.95597		0.95756		0.8863		0.86408		0.91753		0.89		0.77406
808		4037.35		0.95564		0.95566		0.88889		0.86473		0.92268		0.89277		0.7795
809		4038.65		0.95689		0.9579		0.89664		0.87745		0.92268		0.8995		0.79431
810		4040.06		0.95764		0.95935		0.89406		0.87685		0.91753		0.89673		0.78894
811		4041.67		0.95784		0.95964		0.89406		0.87685		0.91753		0.89673		0.78894
812		4042.92		0.95672		0.95843		0.8863		0.87879		0.89691		0.88776		0.77276
813		4044.21		0.95647		0.9583		0.8863		0.87879		0.89691		0.88776		0.77276
814		4045.58		0.95672		0.95858		0.88114		0.85922		0.91237		0.885		0.7637
815		4047.23		0.95704		0.9588		0.88114		0.85922		0.91237		0.885		0.7637
816		4048.57		0.95675		0.95825		0.88114		0.85922		0.91237		0.885		0.7637
817		4050.43		0.956		0.95726		0.88372		0.86341		0.91237		0.88722		0.76865
818		4052.04		0.95558		0.95769		0.8863		0.86765		0.91237		0.88945		0.77361
819		4053.49		0.95446		0.95697		0.8863		0.86765		0.91237		0.88945		0.77361
820		4054.78		0.95425		0.95679		0.88372		0.867		0.90722		0.88665		0.76824
821		4056.14		0.95374		0.95607		0.8863		0.86765		0.91237		0.88945		0.77361
822		4057.46		0.95337		0.95578		0.87855		0.85507		0.91237		0.88279		0.75878
823		4058.98		0.95309		0.95525		0.88114		0.85577		0.91753		0.88557		0.76423
824		4060.29		0.95366		0.95598		0.88372		0.8599		0.91753		0.88778		0.76914
825		4061.51		0.95339		0.95536		0.88372		0.86341		0.91237		0.88722		0.76865
826		4063.41		0.95368		0.95553		0.8863		0.86765		0.91237		0.88945		0.77361
827		4064.78		0.95412		0.9559		0.8863		0.86765		0.91237		0.88945		0.77361
828		4066.09		0.95458		0.9564		0.88372		0.867		0.90722		0.88665		0.76824
829		4067.25		0.95486		0.95691		0.88114		0.86634		0.90206		0.88384		0.7629
830		4068.39		0.95524		0.95746		0.89147		0.88384		0.90206		0.89286		0.7831
831		4069.61		0.95528		0.95741		0.89922		0.89744		0.90206		0.89974		0.79846
832		4071.3		0.95468		0.95685		0.88889		0.87562		0.90722		0.89114		0.77827
833		4072.98		0.95444		0.95636		0.87339		0.85024		0.90722		0.87781		0.74842
834		4074.26		0.95381		0.95579		0.87339		0.84689		0.91237		0.87841		0.74897
835		4075.85		0.95481		0.95628		0.88114		0.85922		0.91237		0.885		0.7637
836		4077.18		0.95574		0.9572		0.89922		0.88945		0.91237		0.90076		0.7987
837		4078.62		0.95593		0.95759		0.90181		0.89796		0.90722		0.90256		0.80365
838		4079.95		0.95548		0.95755		0.8863		0.86765		0.91237		0.88945		0.77361
839		4081.54		0.95462		0.95717		0.87597		0.85096		0.91237		0.8806		0.75387
840		4082.83		0.95357		0.95642		0.87339		0.84689		0.91237		0.87841		0.74897
841		4084.37		0.95365		0.95686		0.88372		0.867		0.90722		0.88665		0.76824
842		4085.62		0.95392		0.95709		0.89406		0.88442		0.90722		0.89567		0.78836
843		4086.9		0.95377		0.95705		0.89406		0.89231		0.89691		0.8946		0.78812
844		4088.48		0.95413		0.95736		0.89406		0.89231		0.89691		0.8946		0.78812
845		4089.94		0.9547		0.95778		0.89147		0.87624		0.91237		0.89394		0.78359
846		4091.44		0.95478		0.95762		0.88889		0.86473		0.92268		0.89277		0.7795
847		4092.71		0.95533		0.95838		0.88889		0.87192		0.91237		0.89169		0.77859
848		4094.24		0.95426		0.95739		0.89147		0.88		0.90722		0.8934		0.7833
849		4095.51		0.95408		0.95741		0.89922		0.8934		0.90722		0.90026		0.79854
850		4097.04		0.95429		0.9575		0.8863		0.87129		0.90722		0.88889		0.77325
851		4098.67		0.95453		0.95746		0.87855		0.85507		0.91237		0.88279		0.75878
852		4099.96		0.95461		0.95714		0.88114		0.85577		0.91753		0.88557		0.76423
853		4101.17		0.95449		0.95704		0.88372		0.867		0.90722		0.88665		0.76824
854		4102.52		0.95397		0.9566		0.88372		0.87437		0.89691		0.8855		0.76768
855		4103.81		0.95285		0.95567		0.88372		0.87437		0.89691		0.8855		0.76768
856		4105.16		0.95199		0.95502		0.88372		0.87065		0.90206		0.88608		0.76792
857		4106.3		0.95119		0.95439		0.87597		0.85784		0.90206		0.8794		0.75291
858		4107.9		0.95079		0.95395		0.8708		0.84615		0.90722		0.87562		0.7435
859		4109.48		0.95158		0.95438		0.87597		0.85784		0.90206		0.8794		0.75291
860		4110.61		0.95215		0.95496		0.88372		0.867		0.90722		0.88665		0.76824
861		4111.8		0.95243		0.9552		0.87855		0.85854		0.90722		0.88221		0.7583
862		4113.04		0.95199		0.95495		0.87597		0.84762		0.91753		0.88119		0.75447
863		4114.19		0.95107		0.9543		0.87339		0.84689		0.91237		0.87841		0.74897
864		4116.29		0.95082		0.95431		0.87597		0.85784		0.90206		0.8794		0.75291
865		4117.52		0.95194		0.95533		0.88114		0.87		0.89691		0.88325		0.76262
866		4118.88		0.95238		0.95581		0.8863		0.875		0.90206		0.88832		0.77296
867		4120.45		0.95341		0.95648		0.8863		0.875		0.90206		0.88832		0.77296
868		4122.09		0.9549		0.95768		0.87855		0.86207		0.90206		0.88161		0.7579
869		4123.76		0.95496		0.95738		0.88114		0.85238		0.92268		0.88614		0.76484
870		4125.33		0.95474		0.95698		0.87855		0.84834		0.92268		0.88395		0.75999
871		4127.09		0.9544		0.95714		0.88114		0.84906		0.92784		0.8867		0.76554
872		4128.76		0.95465		0.95726		0.8863		0.85714		0.92784		0.89109		0.77522
873		4130.29		0.95335		0.95612		0.8863		0.86765		0.91237		0.88945		0.77361
874		4131.43		0.95342		0.95616		0.88114		0.86634		0.90206		0.88384		0.7629
875		4132.74		0.95318		0.9559		0.88114		0.86634		0.90206		0.88384		0.7629
876		4134.71		0.95326		0.95581		0.87855		0.86207		0.90206		0.88161		0.7579
877		4135.88		0.95353		0.95575		0.88372		0.867		0.90722		0.88665		0.76824
878		4137.01		0.95385		0.95574		0.88372		0.86341		0.91237		0.88722		0.76865
879		4138.2		0.95444		0.95626		0.89147		0.87624		0.91237		0.89394		0.78359
880		4139.41		0.9548		0.95645		0.8863		0.87879		0.89691		0.88776		0.77276
881		4140.58		0.95461		0.95615		0.8863		0.875		0.90206		0.88832		0.77296
882		4141.76		0.95498		0.95659		0.88114		0.86275		0.90722		0.88442		0.76326
883		4142.94		0.9547		0.95639		0.88114		0.85577		0.91753		0.88557		0.76423
884		4144.27		0.9548		0.95662		0.87339		0.84038		0.92268		0.87961		0.75033
885		4145.9		0.95513		0.957		0.87855		0.85167		0.91753		0.88337		0.75934
886		4147.52		0.95544		0.95676		0.88372		0.8599		0.91753		0.88778		0.76914
887		4148.74		0.95584		0.95719		0.88889		0.87562		0.90722		0.89114		0.77827
888		4149.9		0.95593		0.95769		0.88889		0.87562		0.90722		0.89114		0.77827
889		4151.71		0.95581		0.95752		0.87339		0.85024		0.90722		0.87781		0.74842
890		4153.03		0.95532		0.95702		0.87339		0.84689		0.91237		0.87841		0.74897
891		4154.53		0.95508		0.95676		0.87597		0.85437		0.90722		0.88		0.75335
892		4156.39		0.95546		0.95745		0.88114		0.86275		0.90722		0.88442		0.76326
893		4158.18		0.95566		0.95748		0.89147		0.88		0.90722		0.8934		0.7833
894		4159.68		0.95604		0.95787		0.89147		0.87624		0.91237		0.89394		0.78359
895		4161.45		0.95597		0.95767		0.88114		0.85922		0.91237		0.885		0.7637
896		4162.8		0.95562		0.95747		0.88114		0.85577		0.91753		0.88557		0.76423
897		4164.15		0.95565		0.95753		0.88372		0.86341		0.91237		0.88722		0.76865
898		4165.62		0.95576		0.95781		0.89406		0.8806		0.91237		0.8962		0.78861
899		4166.97		0.95568		0.95785		0.89664		0.88889		0.90722		0.89796		0.79344
900		4168.27		0.95528		0.95741		0.89922		0.8934		0.90722		0.90026		0.79854
901		4169.51		0.95485		0.95695		0.88889		0.87562		0.90722		0.89114		0.77827
902		4170.84		0.9542		0.95622		0.87597		0.84434		0.92268		0.88177		0.75515
903		4172.35		0.95409		0.9559		0.8708		0.83645		0.92268		0.87745		0.74553
904		4174.02		0.95446		0.95603		0.8863		0.86408		0.91753		0.89		0.77406
905		4175.15		0.95453		0.95638		0.88889		0.87562		0.90722		0.89114		0.77827
906		4176.33		0.95445		0.95605		0.89406		0.88442		0.90722		0.89567		0.78836
907		4177.59		0.95408		0.95598		0.88114		0.86275		0.90722		0.88442		0.76326
908		4179.23		0.95323		0.95529		0.86822		0.83256		0.92268		0.87531		0.74074
909		4180.85		0.95251		0.95453		0.86563		0.8287		0.92268		0.87317		0.73596
910		4181.99		0.95339		0.95547		0.87855		0.86207		0.90206		0.88161		0.7579
911		4183.38		0.95388		0.95603		0.8863		0.875		0.90206		0.88832		0.77296
912		4184.74		0.95441		0.95664		0.88889		0.87562		0.90722		0.89114		0.77827
913		4185.99		0.95437		0.95711		0.88114		0.86275		0.90722		0.88442		0.76326
914		4187.45		0.95382		0.95642		0.87855		0.85507		0.91237		0.88279		0.75878
915		4188.88		0.9535		0.95618		0.87855		0.85507		0.91237		0.88279		0.75878
916		4190.33		0.95362		0.95615		0.87855		0.85854		0.90722		0.88221		0.7583
917		4191.97		0.95396		0.95639		0.89147		0.88		0.90722		0.8934		0.7833
918		4193.86		0.95425		0.95658		0.89406		0.88442		0.90722		0.89567		0.78836
919		4198.45		0.95416		0.9564		0.89406		0.8806		0.91237		0.8962		0.78861
920		4202.69		0.95372		0.95596		0.88889		0.87192		0.91237		0.89169		0.77859
921		4208.17		0.9531		0.95528		0.8863		0.86408		0.91753		0.89		0.77406
922		4209.64		0.9527		0.95508		0.88114		0.85922		0.91237		0.885		0.7637
923		4211.23		0.95325		0.9556		0.88372		0.867		0.90722		0.88665		0.76824
924		4212.89		0.95424		0.95647		0.8863		0.875		0.90206		0.88832		0.77296
925		4214.12		0.9546		0.957		0.89664		0.88889		0.90722		0.89796		0.79344
926		4216.0		0.95509		0.95737		0.89922		0.87805		0.92784		0.90226		0.79971
927		4217.51		0.9553		0.95755		0.89147		0.8619		0.93299		0.89604		0.78559
928		4218.74		0.95496		0.9567		0.88372		0.85308		0.92784		0.88889		0.77037
929		4219.83		0.95414		0.95616		0.88889		0.86829		0.91753		0.89223		0.779
930		4220.92		0.9531		0.95517		0.88114		0.86275		0.90722		0.88442		0.76326
931		4222.91		0.95243		0.95455		0.88114		0.86275		0.90722		0.88442		0.76326
932		4224.19		0.95186		0.95341		0.87597		0.85096		0.91237		0.8806		0.75387
933		4225.31		0.95238		0.95381		0.87855		0.84834		0.92268		0.88395		0.75999
934		4226.46		0.95275		0.95397		0.88114		0.85238		0.92268		0.88614		0.76484
935		4227.8		0.95386		0.95517		0.87855		0.84834		0.92268		0.88395		0.75999
936		4229.34		0.95461		0.95657		0.88114		0.84906		0.92784		0.8867		0.76554
937		4230.73		0.95453		0.95655		0.88372		0.8599		0.91753		0.88778		0.76914
938		4231.89		0.95359		0.95579		0.88889		0.87562		0.90722		0.89114		0.77827
939		4233.29		0.95309		0.95545		0.88114		0.86634		0.90206		0.88384		0.7629
940		4234.86		0.95299		0.955		0.87339		0.84689		0.91237		0.87841		0.74897
941		4236.75		0.95183		0.95346		0.86305		0.83099		0.91237		0.86978		0.72955
942		4238.68		0.95247		0.9538		0.87855		0.86207		0.90206		0.88161		0.7579
943		4239.98		0.95266		0.95409		0.87855		0.86567		0.89691		0.88101		0.75758
944		4241.58		0.95263		0.95415		0.88372		0.86341		0.91237		0.88722		0.76865
945		4243.52		0.95345		0.95519		0.88889		0.86473		0.92268		0.89277		0.7795
946		4245.08		0.95408		0.95604		0.87855		0.84834		0.92268		0.88395		0.75999
947		4247.12		0.9541		0.95644		0.88372		0.84977		0.93299		0.88943		0.77111
948		4248.82		0.95529		0.95785		0.88372		0.867		0.90722		0.88665		0.76824
949		4249.95		0.95601		0.95835		0.89922		0.90576		0.89175		0.8987		0.79855
950		4251.21		0.95643		0.95882		0.89664		0.88889		0.90722		0.89796		0.79344
951		4252.33		0.95528		0.95755		0.8863		0.85377		0.93299		0.89163		0.77592
952		4253.49		0.9553		0.95795		0.88889		0.86473		0.92268		0.89277		0.7795
953		4254.75		0.95522		0.95805		0.89664		0.88889		0.90722		0.89796		0.79344
954		4256.07		0.95417		0.95678		0.88889		0.87562		0.90722		0.89114		0.77827
955		4257.47		0.95279		0.95582		0.88372		0.867		0.90722		0.88665		0.76824
956		4259.01		0.9517		0.95499		0.87855		0.85167		0.91753		0.88337		0.75934
957		4260.69		0.9509		0.95433		0.87339		0.84689		0.91237		0.87841		0.74897
958		4262.28		0.95036		0.95397		0.87597		0.85096		0.91237		0.8806		0.75387
959		4263.55		0.95066		0.95402		0.87597		0.86139		0.89691		0.87879		0.75255
960		4265.17		0.95062		0.95366		0.88372		0.87437		0.89691		0.8855		0.76768
961		4266.69		0.9506		0.95329		0.87855		0.85507		0.91237		0.88279		0.75878
962		4268.34		0.94968		0.95225		0.87339		0.84038		0.92268		0.87961		0.75033
963		4270.33		0.95094		0.95338		0.88889		0.86829		0.91753		0.89223		0.779
964		4271.56		0.95194		0.95435		0.89406		0.88442		0.90722		0.89567		0.78836
965		4272.84		0.95233		0.95477		0.88889		0.8794		0.90206		0.89059		0.77802
966		4274.53		0.95027		0.95264		0.86305		0.82791		0.91753		0.87042		0.73034
967		4276.11		0.95186		0.95417		0.86822		0.83568		0.91753		0.87469		0.73994
968		4277.5		0.95279		0.95527		0.8863		0.86408		0.91753		0.89		0.77406
969		4278.7		0.95333		0.9557		0.89664		0.89286		0.90206		0.89744		0.79332
970		4279.98		0.95329		0.9555		0.88372		0.867		0.90722		0.88665		0.76824
971		4281.38		0.95271		0.95509		0.86822		0.82353		0.93814		0.87711		0.74362
972		4283.13		0.95122		0.95382		0.86822		0.82353		0.93814		0.87711		0.74362
973		4284.75		0.95342		0.957		0.88889		0.89529		0.88144		0.88831		0.77788
974		4286.2		0.95257		0.95605		0.87339		0.8341		0.93299		0.88078		0.75203
975		4287.96		0.9519		0.95547		0.86822		0.82353		0.93814		0.87711		0.74362
976		4289.38		0.95365		0.95763		0.89406		0.92737		0.85567		0.89008		0.79053
977		4290.75		0.85765		0.85048		0.68217		0.61639		0.96907		0.75351		0.44397
978		4292.01		0.90014		0.91067		0.66667		0.97101		0.34536		0.50951		0.43761
979		4293.18		0.92157		0.93097		0.57364		0.54039		1.0		0.70163		0.28
980		4294.87		0.90467		0.91318		0.79587		0.75109		0.8866		0.81324		0.60147
981		4296.73		0.89691		0.90611		0.75969		0.89764		0.58763		0.71028		0.55401
982		4298.43		0.9022		0.91		0.76744		0.90625		0.59794		0.7205		0.56937
983		4300.21		0.91291		0.91737		0.82171		0.76596		0.92784		0.83916		0.65817
984		4301.84		0.91496		0.91508		0.59432		0.55301		0.99485		0.71087		0.31346
985		4303.59		0.91643		0.91601		0.59948		0.55652		0.98969		0.71243		0.31658
986		4305.07		0.91961		0.92155		0.78036		0.70566		0.96392		0.81481		0.6024
987		4306.29		0.91715		0.91999		0.84496		0.89412		0.78351		0.83516		0.69539
988		4307.49		0.91459		0.91809		0.76486		0.94017		0.56701		0.7074		0.57781
989		4308.63		0.91007		0.91366		0.71059		0.94565		0.44845		0.60839		0.49631
990		4309.94		0.90473		0.90764		0.70026		0.95349		0.42268		0.58571		0.48342
991		4311.21		0.9007		0.90341		0.70801		0.92632		0.45361		0.609		0.48486
992		4312.36		0.89621		0.89797		0.7416		0.91964		0.53093		0.6732		0.53397
993		4313.7		0.89341		0.89449		0.78295		0.88732		0.64948		0.75		0.58778
994		4315.57		0.89162		0.89222		0.79328		0.82022		0.75258		0.78495		0.58866
995		4316.99		0.89028		0.89023		0.81654		0.78873		0.86598		0.82555		0.63605
996		4318.47		0.88959		0.88912		0.80362		0.75652		0.89691		0.82075		0.61784
997		4319.77		0.89002		0.8893		0.81654		0.75732		0.93299		0.83603		0.65071
998		4321.61		0.89106		0.89016		0.81654		0.75949		0.92784		0.83527		0.64911
999		4323.51		0.89245		0.89168		0.81137		0.76419		0.90206		0.82742		0.63301
1000		4325.0		0.8937		0.89331		0.81137		0.7814		0.86598		0.82152		0.62633
fold: 3
Epoch		Time		AUC		AUPR		Accuracy		Precision		Recall		F1-score		Mcc
1		4327.53		0.82293		0.78976		0.67442		0.85263		0.41969		0.5625		0.40375
AUC improved at epoch  1 ;	best_auc: 0.8229261257411463
2		4329.57		0.838		0.79921		0.51421		0.85714		0.03109		0.06		0.0973
AUC improved at epoch  2 ;	best_auc: 0.8380027776294
3		4331.31		0.83556		0.79852		0.63566		0.83333		0.33679		0.4797		0.33625
4		4333.17		0.83056		0.79252		0.73643		0.76608		0.67876		0.71978		0.4758
5		4334.66		0.82383		0.79106		0.75711		0.74146		0.78756		0.76382		0.51528
6		4335.86		0.82573		0.79417		0.71059		0.73964		0.64767		0.69061		0.42428
7		4337.0		0.82349		0.79196		0.70543		0.7651		0.59067		0.66667		0.42156
8		4338.14		0.82004		0.78753		0.69767		0.74359		0.60104		0.66476		0.40248
9		4339.42		0.81668		0.78517		0.71835		0.73077		0.68912		0.70933		0.43731
10		4340.53		0.81534		0.78153		0.72351		0.72872		0.70984		0.71916		0.44714
11		4341.72		0.81769		0.78408		0.72093		0.73743		0.68394		0.70968		0.44291
12		4342.87		0.82367		0.78912		0.72868		0.73913		0.70466		0.72149		0.45779
13		4344.19		0.83062		0.79572		0.75452		0.74747		0.76684		0.75703		0.50924
14		4345.93		0.83898		0.80324		0.78811		0.77073		0.81865		0.79397		0.5774
AUC improved at epoch  14 ;	best_auc: 0.838977618716949
15		4347.62		0.84512		0.81017		0.78553		0.79891		0.76166		0.77984		0.57162
AUC improved at epoch  15 ;	best_auc: 0.845120452967256
16		4349.01		0.84934		0.81501		0.79328		0.75566		0.86528		0.80676		0.59295
AUC improved at epoch  16 ;	best_auc: 0.8493403130174669
17		4350.59		0.8471		0.81437		0.7907		0.77184		0.82383		0.79699		0.58278
18		4352.41		0.84744		0.81214		0.78553		0.775		0.80311		0.7888		0.57147
19		4353.75		0.85049		0.80951		0.79845		0.76018		0.87047		0.81159		0.60339
AUC improved at epoch  19 ;	best_auc: 0.8504887559425245
20		4354.91		0.85129		0.80875		0.79845		0.76744		0.85492		0.80882		0.60091
AUC improved at epoch  20 ;	best_auc: 0.8512899951925645
21		4356.17		0.84995		0.81057		0.80362		0.79104		0.82383		0.80711		0.60779
22		4357.51		0.85052		0.81091		0.79845		0.76995		0.84974		0.80788		0.60022
23		4358.94		0.85153		0.81377		0.79845		0.76995		0.84974		0.80788		0.60022
AUC improved at epoch  23 ;	best_auc: 0.8515303669675764
24		4360.24		0.85377		0.81477		0.81395		0.801		0.8342		0.81726		0.62848
AUC improved at epoch  24 ;	best_auc: 0.8537738368676888
25		4361.71		0.85626		0.81837		0.80879		0.79602		0.82902		0.81218		0.61814
AUC improved at epoch  25 ;	best_auc: 0.8562576785428129
26		4363.05		0.85735		0.81778		0.79845		0.75785		0.87565		0.8125		0.60436
AUC improved at epoch  26 ;	best_auc: 0.8573527055178676
27		4364.53		0.8569		0.8171		0.80879		0.78744		0.84456		0.815		0.61926
28		4365.79		0.85671		0.81611		0.81137		0.80303		0.82383		0.8133		0.62297
29		4367.43		0.85658		0.81666		0.80879		0.78199		0.85492		0.81683		0.62035
30		4368.71		0.85762		0.81804		0.79587		0.75676		0.87047		0.80964		0.59864
AUC improved at epoch  30 ;	best_auc: 0.857619785267881
31		4370.09		0.85797		0.81977		0.81137		0.78846		0.84974		0.81796		0.62469
AUC improved at epoch  31 ;	best_auc: 0.8579669889428984
32		4371.56		0.85952		0.82175		0.81395		0.80402		0.82902		0.81633		0.62824
AUC improved at epoch  32 ;	best_auc: 0.8595160514929757
33		4373.05		0.86098		0.82309		0.80879		0.78199		0.85492		0.81683		0.62035
AUC improved at epoch  33 ;	best_auc: 0.8609849901180492
34		4374.54		0.86221		0.82429		0.8062		0.7783		0.85492		0.81481		0.61547
AUC improved at epoch  34 ;	best_auc: 0.8622135569681106
35		4375.85		0.86363		0.82553		0.81137		0.78846		0.84974		0.81796		0.62469
AUC improved at epoch  35 ;	best_auc: 0.8636290796431815
36		4377.32		0.86422		0.82697		0.81137		0.78846		0.84974		0.81796		0.62469
AUC improved at epoch  36 ;	best_auc: 0.8642166550932109
37		4378.89		0.86459		0.82673		0.80362		0.77465		0.85492		0.81281		0.61061
AUC improved at epoch  37 ;	best_auc: 0.8645905667432295
38		4380.33		0.86384		0.82656		0.79328		0.75566		0.86528		0.80676		0.59295
39		4381.67		0.86504		0.82883		0.81137		0.79126		0.84456		0.81704		0.62421
AUC improved at epoch  39 ;	best_auc: 0.8650446023182521
40		4383.01		0.86729		0.83008		0.81137		0.78846		0.84974		0.81796		0.62469
AUC improved at epoch  40 ;	best_auc: 0.8672880722183643
41		4385.01		0.86945		0.83209		0.79845		0.76744		0.85492		0.80882		0.60091
AUC improved at epoch  41 ;	best_auc: 0.8694514181934726
42		4386.49		0.87111		0.83257		0.79845		0.76995		0.84974		0.80788		0.60022
AUC improved at epoch  42 ;	best_auc: 0.8711073126435553
43		4387.69		0.8714		0.83315		0.81137		0.79126		0.84456		0.81704		0.62421
AUC improved at epoch  43 ;	best_auc: 0.87140110036857
44		4389.5		0.87148		0.83507		0.79845		0.76744		0.85492		0.80882		0.60091
AUC improved at epoch  44 ;	best_auc: 0.8714812242935741
45		4391.12		0.86977		0.83515		0.79845		0.76498		0.8601		0.80976		0.60167
46		4392.39		0.87129		0.83757		0.81137		0.79703		0.8342		0.81519		0.62346
47		4393.55		0.87413		0.844		0.80879		0.78744		0.84456		0.815		0.61926
AUC improved at epoch  47 ;	best_auc: 0.8741253138187063
48		4394.71		0.8753		0.84692		0.80103		0.77103		0.85492		0.81081		0.60575
AUC improved at epoch  48 ;	best_auc: 0.875300464718765
49		4396.27		0.87538		0.84775		0.81395		0.80711		0.82383		0.81538		0.62806
AUC improved at epoch  49 ;	best_auc: 0.875380588643769
50		4398.12		0.87378		0.84946		0.79328		0.76037		0.85492		0.80488		0.59126
51		4399.28		0.8765		0.85298		0.80103		0.77103		0.85492		0.81081		0.60575
AUC improved at epoch  51 ;	best_auc: 0.8765023235938252
52		4400.42		0.88005		0.85688		0.80362		0.80311		0.80311		0.80311		0.60723
AUC improved at epoch  52 ;	best_auc: 0.8800544842690028
53		4401.68		0.88195		0.86205		0.79845		0.77251		0.84456		0.80693		0.59959
AUC improved at epoch  53 ;	best_auc: 0.8819507504940975
54		4402.82		0.88203		0.86347		0.81137		0.78846		0.84974		0.81796		0.62469
AUC improved at epoch  54 ;	best_auc: 0.8820308744191016
55		4403.96		0.88134		0.8648		0.80879		0.80829		0.80829		0.80829		0.61757
56		4405.12		0.88681		0.87233		0.80879		0.78744		0.84456		0.815		0.61926
AUC improved at epoch  56 ;	best_auc: 0.8868116019443406
57		4406.4		0.88994		0.87629		0.80103		0.77885		0.83938		0.80798		0.60396
AUC improved at epoch  57 ;	best_auc: 0.8899364350194968
58		4407.7		0.891		0.87864		0.80879		0.81818		0.79275		0.80526		0.61784
AUC improved at epoch  58 ;	best_auc: 0.8910047540195501
59		4409.2		0.89143		0.88033		0.80362		0.77209		0.8601		0.81373		0.61131
AUC improved at epoch  59 ;	best_auc: 0.8914320816195717
60		4410.88		0.89381		0.88489		0.80103		0.76126		0.87565		0.81446		0.60909
AUC improved at epoch  60 ;	best_auc: 0.8938090913946904
61		4412.61		0.896		0.88741		0.80879		0.82873		0.7772		0.80214		0.6187
AUC improved at epoch  61 ;	best_auc: 0.8959991453448
62		4414.12		0.89867		0.8913		0.81137		0.79703		0.8342		0.81519		0.62346
AUC improved at epoch  62 ;	best_auc: 0.8986699428449335
63		4415.61		0.89955		0.89674		0.8062		0.76577		0.88083		0.81928		0.61954
AUC improved at epoch  63 ;	best_auc: 0.8995513060199776
64		4416.89		0.89474		0.89077		0.80879		0.81152		0.80311		0.80729		0.61759
65		4418.55		0.90161		0.89873		0.79587		0.77143		0.83938		0.80397		0.59412
AUC improved at epoch  65 ;	best_auc: 0.9016078200950803
66		4420.37		0.90321		0.89944		0.8062		0.78095		0.84974		0.8139		0.61486
AUC improved at epoch  66 ;	best_auc: 0.9032102985951604
67		4421.64		0.90447		0.90114		0.81395		0.82353		0.79793		0.81053		0.62818
AUC improved at epoch  67 ;	best_auc: 0.9044655734202233
68		4422.83		0.90455		0.90336		0.81137		0.78302		0.8601		0.81975		0.62586
AUC improved at epoch  68 ;	best_auc: 0.9045456973452273
69		4424.06		0.90425		0.90658		0.79845		0.76018		0.87047		0.81159		0.60339
70		4425.32		0.90951		0.91214		0.8062		0.795		0.82383		0.80916		0.61284
AUC improved at epoch  70 ;	best_auc: 0.9095133806954757
71		4427.12		0.91197		0.91367		0.82429		0.82051		0.82902		0.82474		0.64862
AUC improved at epoch  71 ;	best_auc: 0.9119705143955985
72		4428.89		0.91574		0.91751		0.80879		0.77169		0.87565		0.82039		0.62335
AUC improved at epoch  72 ;	best_auc: 0.9157363388707868
73		4430.53		0.91232		0.91336		0.81912		0.80905		0.8342		0.82143		0.63858
74		4431.73		0.91656		0.91982		0.81654		0.79612		0.84974		0.82206		0.63457
AUC improved at epoch  74 ;	best_auc: 0.9165642860958283
75		4432.99		0.91998		0.92449		0.81395		0.78673		0.8601		0.82178		0.63073
AUC improved at epoch  75 ;	best_auc: 0.9199829068959992
76		4434.19		0.92164		0.9255		0.83721		0.84574		0.82383		0.83465		0.67462
AUC improved at epoch  76 ;	best_auc: 0.9216388013460819
77		4435.44		0.92386		0.92784		0.82687		0.81188		0.84974		0.83038		0.65449
AUC improved at epoch  77 ;	best_auc: 0.9238555632711928
78		4436.62		0.92583		0.92951		0.81395		0.7814		0.87047		0.82353		0.63211
AUC improved at epoch  78 ;	best_auc: 0.9258319534212917
79		4437.98		0.92853		0.93169		0.83721		0.825		0.85492		0.83969		0.67489
AUC improved at epoch  79 ;	best_auc: 0.9285294588964265
80		4439.19		0.9312		0.9352		0.82429		0.78802		0.88601		0.83415		0.65373
AUC improved at epoch  80 ;	best_auc: 0.93120025639656
81		4440.68		0.93235		0.93592		0.84496		0.8674		0.81347		0.83957		0.6912
AUC improved at epoch  81 ;	best_auc: 0.9323486993216175
82		4442.22		0.93427		0.93752		0.83463		0.80569		0.88083		0.84158		0.67224
AUC improved at epoch  82 ;	best_auc: 0.9342716735217136
83		4443.58		0.93529		0.93804		0.83721		0.81553		0.87047		0.84211		0.676
AUC improved at epoch  83 ;	best_auc: 0.9352865765717643
84		4445.35		0.93513		0.93831		0.84755		0.84536		0.84974		0.84755		0.6951
85		4446.59		0.93507		0.93853		0.84238		0.80556		0.90155		0.85086		0.68974
86		4448.16		0.93908		0.94136		0.86305		0.88462		0.8342		0.85867		0.72723
AUC improved at epoch  86 ;	best_auc: 0.939079109021954
87		4449.45		0.94228		0.94411		0.8553		0.8408		0.87565		0.85787		0.71123
AUC improved at epoch  87 ;	best_auc: 0.9422840660221142
88		4450.85		0.94391		0.94549		0.85013		0.82297		0.89119		0.85572		0.70273
AUC improved at epoch  88 ;	best_auc: 0.9439132524971957
89		4452.46		0.9421		0.94326		0.86563		0.85427		0.88083		0.86735		0.73164
90		4454.0		0.9398		0.942		0.84496		0.80645		0.90674		0.85366		0.69539
91		4455.49		0.94095		0.94258		0.85788		0.845		0.87565		0.86005		0.71626
92		4457.44		0.94463		0.94605		0.86305		0.85354		0.87565		0.86445		0.72636
AUC improved at epoch  92 ;	best_auc: 0.9446343678222316
93		4458.8		0.94517		0.94687		0.85788		0.82857		0.90155		0.86352		0.7186
AUC improved at epoch  93 ;	best_auc: 0.9451685273222584
94		4460.06		0.9452		0.94623		0.86563		0.85427		0.88083		0.86735		0.73164
AUC improved at epoch  94 ;	best_auc: 0.9451952352972597
95		4461.19		0.94319		0.94482		0.85271		0.82692		0.89119		0.85786		0.70761
96		4462.32		0.94536		0.94759		0.86563		0.85075		0.88601		0.86802		0.73192
AUC improved at epoch  96 ;	best_auc: 0.9453554831472678
97		4463.57		0.94773		0.94933		0.87339		0.87895		0.86528		0.87206		0.74685
AUC improved at epoch  97 ;	best_auc: 0.9477324929223866
98		4464.67		0.9429		0.94551		0.84238		0.78448		0.94301		0.85647		0.69925
99		4466.21		0.94204		0.94354		0.8708		0.93865		0.79275		0.85955		0.75058
100		4467.67		0.94202		0.94434		0.84238		0.81429		0.88601		0.84864		0.68748
101		4468.83		0.94824		0.95115		0.84238		0.78448		0.94301		0.85647		0.69925
AUC improved at epoch  101 ;	best_auc: 0.948239944447412
102		4470.1		0.95198		0.95429		0.86822		0.88587		0.84456		0.86472		0.7372
AUC improved at epoch  102 ;	best_auc: 0.951979060947599
103		4472.11		0.95396		0.95539		0.87339		0.90449		0.8342		0.86792		0.74897
AUC improved at epoch  103 ;	best_auc: 0.9539554510976977
104		4473.42		0.94763		0.94895		0.8553		0.8216		0.90674		0.86207		0.71449
105		4474.53		0.9437		0.9448		0.84496		0.8093		0.90155		0.85294		0.69451
106		4475.8		0.94669		0.94786		0.86047		0.86387		0.85492		0.85938		0.72096
107		4477.1		0.95233		0.95315		0.87597		0.86802		0.88601		0.87692		0.75211
108		4478.44		0.95372		0.95399		0.87597		0.85366		0.90674		0.8794		0.75343
109		4480.13		0.95396		0.95415		0.88114		0.88083		0.88083		0.88083		0.76227
110		4481.61		0.95281		0.95279		0.87855		0.87245		0.88601		0.87918		0.75721
111		4483.24		0.95355		0.95472		0.87597		0.84689		0.9171		0.8806		0.75457
112		4484.61		0.95444		0.95558		0.87855		0.86869		0.89119		0.8798		0.75737
AUC improved at epoch  112 ;	best_auc: 0.9544361946477218
113		4485.89		0.95537		0.95671		0.88114		0.88083		0.88083		0.88083		0.76227
AUC improved at epoch  113 ;	best_auc: 0.9553709737727686
114		4487.34		0.95556		0.95706		0.8863		0.87065		0.90674		0.88832		0.77329
AUC improved at epoch  114 ;	best_auc: 0.955557929597778
115		4489.14		0.95396		0.95469		0.87855		0.85784		0.90674		0.88161		0.75837
116		4491.02		0.95566		0.95534		0.87339		0.85644		0.89637		0.87595		0.74761
AUC improved at epoch  116 ;	best_auc: 0.9556647614977832
117		4492.82		0.95409		0.95401		0.87339		0.85294		0.90155		0.87657		0.74801
118		4494.1		0.95454		0.95385		0.8863		0.86341		0.9171		0.88945		0.77413
119		4495.56		0.95396		0.95322		0.89406		0.88		0.91192		0.89567		0.78865
120		4496.81		0.9585		0.95832		0.89664		0.8806		0.9171		0.89848		0.79398
AUC improved at epoch  120 ;	best_auc: 0.9584958068479248
121		4498.54		0.95775		0.95787		0.88372		0.85577		0.92228		0.88778		0.7698
122		4500.05		0.95542		0.95517		0.89147		0.89529		0.88601		0.89062		0.78298
123		4501.69		0.95508		0.95456		0.8708		0.83568		0.92228		0.87685		0.74566
124		4502.98		0.95839		0.95572		0.88114		0.92		0.8342		0.875		0.76554
125		4504.21		0.96207		0.95943		0.88372		0.84906		0.93264		0.88889		0.77122
AUC improved at epoch  125 ;	best_auc: 0.9620746754981038
126		4505.55		0.96229		0.96119		0.88114		0.85167		0.92228		0.88557		0.76494
AUC improved at epoch  126 ;	best_auc: 0.9622883392981144
127		4506.96		0.95721		0.95725		0.90698		0.92896		0.88083		0.90426		0.81502
128		4508.12		0.95608		0.95683		0.88114		0.85167		0.92228		0.88557		0.76494
129		4510.28		0.95655		0.95576		0.8708		0.84211		0.91192		0.87562		0.7442
130		4512.24		0.95764		0.95579		0.87855		0.87629		0.88083		0.87855		0.75712
131		4513.59		0.95922		0.95892		0.8863		0.867		0.91192		0.88889		0.77367
132		4514.7		0.96004		0.96101		0.89147		0.8794		0.90674		0.89286		0.78334
133		4516.04		0.95887		0.95869		0.89406		0.89175		0.89637		0.89406		0.78813
134		4517.43		0.95916		0.95893		0.89922		0.89691		0.90155		0.89922		0.79846
135		4519.36		0.95996		0.95911		0.89147		0.87562		0.91192		0.8934		0.78364
136		4521.48		0.9593		0.95824		0.89147		0.89529		0.88601		0.89062		0.78298
137		4522.74		0.95922		0.95849		0.88114		0.85854		0.91192		0.88442		0.76378
138		4524.54		0.95983		0.95894		0.8863		0.87065		0.90674		0.88832		0.77329
139		4525.83		0.95777		0.95673		0.90439		0.90625		0.90155		0.9039		0.80879
140		4527.17		0.95836		0.95784		0.89664		0.8806		0.9171		0.89848		0.79398
141		4528.32		0.96191		0.96174		0.90956		0.895		0.92746		0.91094		0.81967
142		4529.41		0.96501		0.96453		0.90181		0.90576		0.89637		0.90104		0.80365
AUC improved at epoch  142 ;	best_auc: 0.9650125527482507
143		4530.55		0.96344		0.96298		0.89922		0.88119		0.92228		0.90127		0.79934
144		4531.71		0.96114		0.96077		0.88889		0.87129		0.91192		0.89114		0.77865
145		4532.96		0.96029		0.96035		0.89922		0.88119		0.92228		0.90127		0.79934
146		4534.19		0.95946		0.95952		0.90439		0.89796		0.91192		0.90488		0.80889
147		4535.51		0.96272		0.9624		0.89147		0.87562		0.91192		0.8934		0.78364
148		4537.07		0.96477		0.96392		0.89664		0.87685		0.92228		0.89899		0.79437
149		4538.6		0.96349		0.96276		0.89922		0.88119		0.92228		0.90127		0.79934
150		4539.94		0.96309		0.96188		0.89922		0.88889		0.91192		0.90026		0.79873
151		4541.45		0.96111		0.96027		0.89664		0.88442		0.91192		0.89796		0.79368
152		4542.66		0.96004		0.95964		0.89664		0.88442		0.91192		0.89796		0.79368
153		4544.09		0.96012		0.95999		0.89664		0.88442		0.91192		0.89796		0.79368
154		4545.61		0.96277		0.96264		0.90439		0.90206		0.90674		0.90439		0.8088
155		4547.23		0.96432		0.96409		0.89406		0.89175		0.89637		0.89406		0.78813
156		4549.02		0.96381		0.96329		0.89922		0.87745		0.92746		0.90176		0.79977
157		4550.33		0.96293		0.96182		0.89406		0.88384		0.90674		0.89514		0.78839
158		4551.8		0.96021		0.95882		0.88889		0.8866		0.89119		0.88889		0.77779
159		4553.32		0.95919		0.95908		0.89406		0.86538		0.93264		0.89776		0.79053
160		4554.69		0.9624		0.9619		0.89664		0.89231		0.90155		0.89691		0.79333
161		4556.03		0.96421		0.96372		0.89406		0.88		0.91192		0.89567		0.78865
162		4557.28		0.96413		0.96321		0.89922		0.87745		0.92746		0.90176		0.79977
163		4558.73		0.96386		0.96282		0.89922		0.87379		0.93264		0.90226		0.80029
164		4560.08		0.96262		0.96092		0.89664		0.90052		0.89119		0.89583		0.79332
165		4561.35		0.9639		0.96251		0.89922		0.90526		0.89119		0.89817		0.79854
166		4562.93		0.96352		0.96295		0.90439		0.88614		0.92746		0.90633		0.80968
167		4564.53		0.96134		0.96142		0.90698		0.8867		0.93264		0.90909		0.81507
168		4566.17		0.96097		0.96048		0.89664		0.88832		0.90674		0.89744		0.79346
169		4567.88		0.96066		0.96019		0.89664		0.88442		0.91192		0.89796		0.79368
170		4569.42		0.96129		0.96096		0.89147		0.87192		0.9171		0.89394		0.78402
171		4570.68		0.96074		0.96096		0.89406		0.87255		0.92228		0.89673		0.78942
172		4571.96		0.96337		0.96345		0.89406		0.89175		0.89637		0.89406		0.78813
173		4573.06		0.96309		0.96325		0.89664		0.89637		0.89637		0.89637		0.79328
174		4574.24		0.96413		0.96417		0.89922		0.88119		0.92228		0.90127		0.79934
175		4575.34		0.9625		0.96294		0.89664		0.87317		0.92746		0.8995		0.79484
176		4576.65		0.96012		0.95972		0.89664		0.8806		0.9171		0.89848		0.79398
177		4577.8		0.95772		0.95631		0.89922		0.89691		0.90155		0.89922		0.79846
178		4579.54		0.95808		0.95632		0.89922		0.90104		0.89637		0.8987		0.79846
179		4580.81		0.96043		0.95931		0.89664		0.8806		0.9171		0.89848		0.79398
180		4582.06		0.96173		0.96114		0.90181		0.87805		0.93264		0.90452		0.8052
181		4583.22		0.963		0.9623		0.90439		0.89		0.92228		0.90585		0.80933
182		4584.3		0.96293		0.96268		0.89664		0.90476		0.88601		0.89529		0.79344
183		4585.42		0.96193		0.96212		0.89147		0.88325		0.90155		0.89231		0.78312
184		4587.04		0.96125		0.96188		0.89406		0.88		0.91192		0.89567		0.78865
185		4588.68		0.96157		0.96216		0.90439		0.88235		0.93264		0.9068		0.81012
186		4590.08		0.96195		0.96253		0.89406		0.88384		0.90674		0.89514		0.78839
187		4591.97		0.96133		0.96184		0.89406		0.9086		0.87565		0.89182		0.78861
188		4593.29		0.96067		0.96083		0.89147		0.90374		0.87565		0.88947		0.7833
189		4594.51		0.96021		0.96031		0.89922		0.885		0.9171		0.90076		0.79899
190		4595.95		0.96034		0.95994		0.89406		0.87624		0.9171		0.8962		0.78899
191		4597.69		0.96042		0.95983		0.90181		0.8934		0.91192		0.90256		0.8038
192		4598.85		0.96071		0.95957		0.89147		0.89119		0.89119		0.89119		0.78294
193		4600.17		0.96063		0.95979		0.89664		0.89637		0.89637		0.89637		0.79328
194		4601.29		0.96017		0.96039		0.90439		0.89394		0.9171		0.90537		0.80907
195		4602.51		0.96095		0.9614		0.90698		0.89447		0.92228		0.90816		0.81436
196		4604.49		0.96225		0.96232		0.90181		0.88557		0.92228		0.90355		0.80432
197		4606.25		0.96389		0.9632		0.90439		0.90625		0.90155		0.9039		0.80879
198		4607.77		0.96382		0.96255		0.90439		0.91053		0.89637		0.90339		0.80887
199		4608.88		0.96264		0.96168		0.89922		0.89286		0.90674		0.89974		0.79855
200		4610.01		0.96139		0.96112		0.89664		0.8806		0.9171		0.89848		0.79398
201		4611.4		0.96075		0.96127		0.89922		0.87745		0.92746		0.90176		0.79977
202		4612.55		0.96021		0.96076		0.89922		0.88889		0.91192		0.90026		0.79873
203		4613.79		0.96157		0.96167		0.90439		0.90206		0.90674		0.90439		0.8088
204		4615.14		0.9627		0.96317		0.90181		0.91005		0.89119		0.90052		0.80378
205		4616.67		0.96365		0.96435		0.89922		0.90526		0.89119		0.89817		0.79854
206		4618.38		0.96401		0.96486		0.90956		0.895		0.92746		0.91094		0.81967
207		4620.4		0.96348		0.96486		0.90698		0.8867		0.93264		0.90909		0.81507
208		4621.55		0.96353		0.96456		0.90439		0.88614		0.92746		0.90633		0.80968
209		4622.67		0.96305		0.96377		0.89147		0.88325		0.90155		0.89231		0.78312
210		4624.27		0.96313		0.96373		0.89147		0.89529		0.88601		0.89062		0.78298
211		4625.86		0.96241		0.96288		0.89147		0.89529		0.88601		0.89062		0.78298
212		4627.34		0.96234		0.96274		0.90181		0.89744		0.90674		0.90206		0.80366
213		4628.46		0.96122		0.96147		0.90698		0.89848		0.9171		0.90769		0.81414
214		4629.59		0.9605		0.96057		0.90439		0.89		0.92228		0.90585		0.80933
215		4630.9		0.96007		0.96023		0.90439		0.88614		0.92746		0.90633		0.80968
216		4632.64		0.95995		0.96005		0.89922		0.88119		0.92228		0.90127		0.79934
217		4634.13		0.96061		0.96097		0.89664		0.88442		0.91192		0.89796		0.79368
218		4635.38		0.96034		0.95991		0.89406		0.88776		0.90155		0.8946		0.78822
219		4636.63		0.96077		0.96001		0.89664		0.89637		0.89637		0.89637		0.79328
220		4637.73		0.96149		0.9607		0.90181		0.89744		0.90674		0.90206		0.80366
221		4638.87		0.96151		0.96074		0.89664		0.88832		0.90674		0.89744		0.79346
222		4639.97		0.96091		0.96064		0.89406		0.88		0.91192		0.89567		0.78865
223		4641.1		0.96081		0.96067		0.89664		0.88442		0.91192		0.89796		0.79368
224		4642.54		0.96039		0.96048		0.89406		0.88776		0.90155		0.8946		0.78822
225		4644.23		0.95923		0.95919		0.89147		0.88718		0.89637		0.89175		0.78299
226		4645.64		0.95916		0.95854		0.89147		0.88718		0.89637		0.89175		0.78299
227		4646.89		0.96074		0.95985		0.88889		0.8866		0.89119		0.88889		0.77779
228		4648.99		0.96169		0.96097		0.89664		0.89637		0.89637		0.89637		0.79328
229		4651.14		0.96214		0.96129		0.89406		0.88776		0.90155		0.8946		0.78822
230		4652.44		0.9621		0.96113		0.90439		0.91053		0.89637		0.90339		0.80887
231		4654.16		0.96214		0.96104		0.90698		0.91534		0.89637		0.90576		0.81412
232		4655.67		0.96334		0.96255		0.90181		0.90576		0.89637		0.90104		0.80365
233		4657.16		0.96281		0.96249		0.90439		0.90206		0.90674		0.90439		0.8088
234		4658.3		0.96258		0.96241		0.90698		0.89848		0.9171		0.90769		0.81414
235		4659.45		0.96203		0.96169		0.89664		0.89231		0.90155		0.89691		0.79333
236		4660.58		0.96123		0.96061		0.89922		0.89286		0.90674		0.89974		0.79855
237		4661.8		0.96053		0.9599		0.89664		0.88832		0.90674		0.89744		0.79346
238		4663.6		0.95951		0.95887		0.89406		0.88384		0.90674		0.89514		0.78839
239		4664.87		0.95906		0.95832		0.88889		0.8866		0.89119		0.88889		0.77779
240		4665.97		0.95942		0.95912		0.8863		0.89418		0.87565		0.88482		0.77276
241		4667.12		0.95984		0.95967		0.89147		0.90374		0.87565		0.88947		0.7833
242		4668.37		0.96171		0.96241		0.88114		0.88482		0.87565		0.88021		0.76231
243		4669.51		0.96352		0.96453		0.89922		0.88889		0.91192		0.90026		0.79873
244		4670.73		0.96372		0.96451		0.90181		0.88557		0.92228		0.90355		0.80432
245		4671.92		0.96397		0.96418		0.90181		0.88557		0.92228		0.90355		0.80432
246		4673.81		0.96365		0.96314		0.90181		0.88557		0.92228		0.90355		0.80432
247		4675.29		0.96272		0.96155		0.90698		0.89055		0.92746		0.90863		0.81467
248		4676.98		0.96139		0.95972		0.90439		0.89394		0.9171		0.90537		0.80907
249		4678.5		0.96089		0.95901		0.90181		0.88945		0.9171		0.90306		0.80402
250		4680.17		0.9605		0.95855		0.89922		0.89286		0.90674		0.89974		0.79855
251		4681.48		0.9605		0.95896		0.88889		0.88265		0.89637		0.88946		0.77788
252		4682.92		0.96107		0.96002		0.89147		0.88325		0.90155		0.89231		0.78312
253		4684.74		0.96165		0.96059		0.89147		0.88718		0.89637		0.89175		0.78299
254		4686.56		0.96203		0.96098		0.8863		0.87817		0.89637		0.88718		0.77279
255		4688.39		0.96215		0.96096		0.89406		0.88		0.91192		0.89567		0.78865
256		4690.14		0.96206		0.96043		0.89664		0.8806		0.9171		0.89848		0.79398
257		4691.76		0.96186		0.96015		0.89922		0.88119		0.92228		0.90127		0.79934
258		4693.25		0.96075		0.95893		0.89922		0.88119		0.92228		0.90127		0.79934
259		4694.59		0.95983		0.95778		0.89406		0.88		0.91192		0.89567		0.78865
260		4695.95		0.9601		0.95796		0.89406		0.88384		0.90674		0.89514		0.78839
261		4697.27		0.95996		0.95795		0.89664		0.90476		0.88601		0.89529		0.79344
262		4698.42		0.96034		0.95824		0.89922		0.91398		0.88083		0.8971		0.79895
263		4699.84		0.9613		0.95937		0.89664		0.89637		0.89637		0.89637		0.79328
264		4701.47		0.96193		0.96002		0.89922		0.88889		0.91192		0.90026		0.79873
265		4703.12		0.9632		0.96187		0.90181		0.8934		0.91192		0.90256		0.8038
266		4704.41		0.96334		0.96177		0.90698		0.89447		0.92228		0.90816		0.81436
267		4705.7		0.96272		0.96093		0.90956		0.895		0.92746		0.91094		0.81967
268		4706.92		0.96191		0.96005		0.89922		0.89286		0.90674		0.89974		0.79855
269		4708.11		0.96102		0.95943		0.90181		0.8934		0.91192		0.90256		0.8038
270		4709.26		0.96017		0.95835		0.90439		0.89		0.92228		0.90585		0.80933
271		4710.64		0.95874		0.9569		0.90698		0.89848		0.9171		0.90769		0.81414
272		4712.1		0.95815		0.95644		0.90439		0.90206		0.90674		0.90439		0.8088
273		4713.61		0.95775		0.95639		0.89922		0.90104		0.89637		0.8987		0.79846
274		4714.97		0.95918		0.95858		0.89664		0.89231		0.90155		0.89691		0.79333
275		4716.22		0.96041		0.96011		0.89664		0.89231		0.90155		0.89691		0.79333
276		4717.72		0.96222		0.96245		0.89664		0.88832		0.90674		0.89744		0.79346
277		4718.96		0.96349		0.964		0.90439		0.89		0.92228		0.90585		0.80933
278		4720.29		0.96449		0.96461		0.90956		0.89109		0.93264		0.91139		0.82003
279		4721.69		0.96495		0.96487		0.91214		0.89552		0.93264		0.91371		0.82501
280		4723.09		0.96488		0.9648		0.91473		0.89604		0.93782		0.91646		0.83038
281		4724.57		0.96377		0.96354		0.90181		0.88945		0.9171		0.90306		0.80402
282		4725.83		0.96262		0.96213		0.89664		0.88832		0.90674		0.89744		0.79346
283		4727.19		0.9611		0.95992		0.90439		0.89796		0.91192		0.90488		0.80889
284		4728.55		0.96094		0.95938		0.90698		0.90674		0.90674		0.90674		0.81395
285		4730.26		0.96051		0.95899		0.89922		0.89286		0.90674		0.89974		0.79855
286		4731.88		0.96008		0.95814		0.90698		0.89055		0.92746		0.90863		0.81467
287		4733.39		0.96047		0.95909		0.90439		0.87864		0.93782		0.90727		0.81065
288		4735.32		0.96061		0.95966		0.90698		0.87923		0.94301		0.91		0.81613
289		4737.0		0.9619		0.96126		0.90439		0.89		0.92228		0.90585		0.80933
290		4738.17		0.96214		0.96143		0.90698		0.91099		0.90155		0.90625		0.81399
291		4739.6		0.96214		0.96168		0.89922		0.90957		0.88601		0.89764		0.7987
292		4740.82		0.96185		0.9608		0.90181		0.90155		0.90155		0.90155		0.80362
293		4741.99		0.96181		0.96042		0.89664		0.88832		0.90674		0.89744		0.79346
294		4743.46		0.96151		0.96011		0.89406		0.88		0.91192		0.89567		0.78865
295		4745.37		0.96117		0.95988		0.89922		0.88889		0.91192		0.90026		0.79873
296		4746.73		0.96137		0.95971		0.89922		0.89286		0.90674		0.89974		0.79855
297		4748.06		0.96129		0.95967		0.89406		0.89583		0.89119		0.89351		0.78812
298		4749.44		0.96141		0.96045		0.89922		0.90957		0.88601		0.89764		0.7987
299		4750.56		0.9617		0.96086		0.89406		0.89583		0.89119		0.89351		0.78812
300		4751.69		0.96205		0.96154		0.89664		0.88832		0.90674		0.89744		0.79346
301		4753.04		0.96214		0.96181		0.90181		0.88557		0.92228		0.90355		0.80432
302		4754.22		0.96337		0.96334		0.90698		0.8867		0.93264		0.90909		0.81507
303		4755.97		0.96317		0.96321		0.90439		0.89796		0.91192		0.90488		0.80889
304		4757.54		0.96227		0.96261		0.90181		0.89744		0.90674		0.90206		0.80366
305		4759.14		0.96127		0.96143		0.90439		0.91053		0.89637		0.90339		0.80887
306		4760.52		0.96101		0.96063		0.89406		0.9		0.88601		0.89295		0.7882
307		4761.97		0.96089		0.96034		0.90181		0.90155		0.90155		0.90155		0.80362
308		4763.45		0.96113		0.96		0.90439		0.89		0.92228		0.90585		0.80933
309		4765.51		0.96155		0.96032		0.90956		0.895		0.92746		0.91094		0.81967
310		4767.04		0.96219		0.96068		0.90698		0.89848		0.9171		0.90769		0.81414
311		4768.36		0.96214		0.96073		0.90956		0.90306		0.9171		0.91003		0.81923
312		4769.77		0.96256		0.96147		0.90439		0.89394		0.9171		0.90537		0.80907
313		4771.04		0.96217		0.96136		0.90698		0.89447		0.92228		0.90816		0.81436
314		4772.19		0.96349		0.96289		0.90956		0.895		0.92746		0.91094		0.81967
315		4773.53		0.96396		0.96369		0.90698		0.89848		0.9171		0.90769		0.81414
316		4775.67		0.96344		0.96286		0.90698		0.90256		0.91192		0.90722		0.814
317		4777.53		0.96282		0.96219		0.90181		0.90155		0.90155		0.90155		0.80362
318		4778.74		0.96246		0.96129		0.89922		0.90526		0.89119		0.89817		0.79854
319		4779.93		0.96179		0.96073		0.89922		0.89286		0.90674		0.89974		0.79855
320		4781.33		0.96197		0.96133		0.90181		0.88557		0.92228		0.90355		0.80432
321		4782.55		0.9628		0.96253		0.89664		0.87685		0.92228		0.89899		0.79437
322		4783.86		0.96461		0.96481		0.89922		0.88119		0.92228		0.90127		0.79934
323		4785.06		0.96539		0.96578		0.90956		0.90306		0.9171		0.91003		0.81923
AUC improved at epoch  323 ;	best_auc: 0.9653864643982693
324		4786.26		0.96609		0.96644		0.91473		0.91667		0.91192		0.91429		0.82947
AUC improved at epoch  324 ;	best_auc: 0.9660942257358046
325		4787.62		0.96663		0.967		0.91214		0.91623		0.90674		0.91146		0.82433
AUC improved at epoch  325 ;	best_auc: 0.9666283852358314
326		4789.45		0.96483		0.96506		0.90439		0.89		0.92228		0.90585		0.80933
327		4791.03		0.96305		0.96315		0.89922		0.88119		0.92228		0.90127		0.79934
328		4792.3		0.96111		0.96121		0.90439		0.88235		0.93264		0.9068		0.81012
329		4793.69		0.96043		0.96024		0.90181		0.88945		0.9171		0.90306		0.80402
330		4795.04		0.95987		0.95992		0.89147		0.89119		0.89119		0.89119		0.78294
331		4796.33		0.96		0.95977		0.89922		0.88889		0.91192		0.90026		0.79873
332		4797.85		0.96018		0.95937		0.90439		0.88235		0.93264		0.9068		0.81012
333		4799.45		0.96015		0.9594		0.90181		0.8744		0.93782		0.905		0.80576
334		4800.84		0.96046		0.95951		0.90439		0.88235		0.93264		0.9068		0.81012
335		4802.3		0.96177		0.96038		0.90698		0.89848		0.9171		0.90769		0.81414
336		4803.8		0.96214		0.96085		0.90181		0.91444		0.88601		0.9		0.80399
337		4805.43		0.96253		0.96112		0.90956		0.92021		0.89637		0.90814		0.81938
338		4806.73		0.96296		0.96154		0.90698		0.90256		0.91192		0.90722		0.814
339		4808.39		0.96241		0.96072		0.89922		0.885		0.9171		0.90076		0.79899
340		4809.68		0.96193		0.95998		0.89922		0.88119		0.92228		0.90127		0.79934
341		4811.56		0.96145		0.95912		0.89922		0.88889		0.91192		0.90026		0.79873
342		4813.19		0.96222		0.96049		0.89922		0.89286		0.90674		0.89974		0.79855
343		4814.45		0.96302		0.96148		0.89922		0.89286		0.90674		0.89974		0.79855
344		4816.11		0.96358		0.96215		0.90181		0.8934		0.91192		0.90256		0.8038
345		4817.68		0.96326		0.96214		0.89922		0.89691		0.90155		0.89922		0.79846
346		4819.03		0.96274		0.9617		0.89406		0.88776		0.90155		0.8946		0.78822
347		4820.21		0.96318		0.9621		0.89664		0.88442		0.91192		0.89796		0.79368
348		4821.31		0.9638		0.96279		0.90181		0.88945		0.9171		0.90306		0.80402
349		4822.46		0.96385		0.9627		0.90439		0.89394		0.9171		0.90537		0.80907
350		4824.1		0.96329		0.96202		0.89922		0.90104		0.89637		0.8987		0.79846
351		4825.77		0.96324		0.96222		0.89922		0.88889		0.91192		0.90026		0.79873
352		4826.93		0.96314		0.96249		0.89922		0.885		0.9171		0.90076		0.79899
353		4828.06		0.96248		0.96185		0.89922		0.885		0.9171		0.90076		0.79899
354		4829.29		0.96193		0.9617		0.89664		0.88442		0.91192		0.89796		0.79368
355		4830.54		0.96201		0.96188		0.89922		0.88889		0.91192		0.90026		0.79873
356		4831.81		0.96248		0.96268		0.90181		0.90155		0.90155		0.90155		0.80362
357		4833.44		0.96308		0.96274		0.90956		0.90306		0.9171		0.91003		0.81923
358		4834.97		0.96313		0.96259		0.90439		0.88614		0.92746		0.90633		0.80968
359		4836.47		0.96284		0.96248		0.90439		0.88614		0.92746		0.90633		0.80968
360		4837.76		0.9619		0.96051		0.89664		0.88442		0.91192		0.89796		0.79368
361		4839.27		0.96041		0.95872		0.89664		0.89231		0.90155		0.89691		0.79333
362		4840.62		0.95858		0.9563		0.89922		0.89691		0.90155		0.89922		0.79846
363		4841.96		0.95864		0.95597		0.89406		0.88776		0.90155		0.8946		0.78822
364		4843.52		0.95916		0.95721		0.89922		0.88119		0.92228		0.90127		0.79934
365		4844.76		0.95912		0.95704		0.89922		0.87745		0.92746		0.90176		0.79977
366		4846.17		0.95974		0.95731		0.90181		0.87805		0.93264		0.90452		0.8052
367		4847.52		0.96118		0.95889		0.90181		0.90155		0.90155		0.90155		0.80362
368		4848.87		0.96187		0.95997		0.88889		0.89894		0.87565		0.88714		0.77802
369		4850.33		0.96175		0.95992		0.89147		0.89947		0.88083		0.89005		0.7831
370		4851.58		0.96113		0.95995		0.90439		0.89796		0.91192		0.90488		0.80889
371		4852.97		0.95915		0.95768		0.89664		0.8806		0.9171		0.89848		0.79398
372		4854.3		0.95847		0.95744		0.89406		0.87624		0.9171		0.8962		0.78899
373		4855.81		0.95854		0.95741		0.89406		0.88384		0.90674		0.89514		0.78839
374		4857.27		0.95834		0.95769		0.89664		0.90052		0.89119		0.89583		0.79332
375		4858.72		0.95919		0.95874		0.89664		0.90909		0.88083		0.89474		0.79365
376		4860.25		0.96033		0.96026		0.89664		0.89637		0.89637		0.89637		0.79328
377		4861.68		0.96195		0.96208		0.90181		0.88557		0.92228		0.90355		0.80432
378		4862.96		0.96306		0.96326		0.90181		0.88557		0.92228		0.90355		0.80432
379		4864.7		0.9639		0.96403		0.90698		0.89055		0.92746		0.90863		0.81467
380		4866.49		0.96414		0.9638		0.90181		0.8934		0.91192		0.90256		0.8038
381		4867.88		0.96385		0.96315		0.90439		0.89796		0.91192		0.90488		0.80889
382		4869.27		0.96305		0.96195		0.90439		0.89796		0.91192		0.90488		0.80889
383		4870.54		0.96276		0.96144		0.90698		0.89055		0.92746		0.90863		0.81467
384		4871.75		0.96213		0.96059		0.89664		0.8806		0.9171		0.89848		0.79398
385		4872.86		0.96134		0.96029		0.89664		0.8806		0.9171		0.89848		0.79398
386		4874.33		0.95978		0.9595		0.89922		0.88889		0.91192		0.90026		0.79873
387		4875.61		0.95964		0.95956		0.89922		0.88889		0.91192		0.90026		0.79873
388		4877.55		0.96086		0.96099		0.90181		0.8934		0.91192		0.90256		0.8038
389		4878.7		0.96202		0.96248		0.89922		0.88889		0.91192		0.90026		0.79873
390		4880.01		0.96272		0.96297		0.89147		0.89119		0.89119		0.89119		0.78294
391		4881.46		0.96324		0.96323		0.90181		0.90576		0.89637		0.90104		0.80365
392		4882.68		0.96293		0.96284		0.89922		0.90526		0.89119		0.89817		0.79854
393		4883.89		0.96202		0.96142		0.90698		0.90256		0.91192		0.90722		0.814
394		4885.53		0.96161		0.96064		0.90439		0.89796		0.91192		0.90488		0.80889
395		4887.44		0.9611		0.95959		0.90439		0.89394		0.9171		0.90537		0.80907
396		4888.9		0.96115		0.95969		0.90181		0.88945		0.9171		0.90306		0.80402
397		4890.39		0.96027		0.95862		0.90439		0.89		0.92228		0.90585		0.80933
398		4892.66		0.96085		0.95924		0.90439		0.89		0.92228		0.90585		0.80933
399		4893.97		0.96142		0.96011		0.90439		0.89		0.92228		0.90585		0.80933
400		4895.09		0.96169		0.96064		0.90181		0.88945		0.9171		0.90306		0.80402
401		4896.38		0.96082		0.95983		0.89922		0.89286		0.90674		0.89974		0.79855
402		4898.21		0.95966		0.95724		0.90439		0.89796		0.91192		0.90488		0.80889
403		4899.8		0.95867		0.95589		0.90439		0.89796		0.91192		0.90488		0.80889
404		4901.06		0.95684		0.95358		0.90698		0.90256		0.91192		0.90722		0.814
405		4902.75		0.95872		0.95567		0.90439		0.90206		0.90674		0.90439		0.8088
406		4904.39		0.96021		0.95637		0.90698		0.89848		0.9171		0.90769		0.81414
407		4905.82		0.96199		0.95862		0.90698		0.89848		0.9171		0.90769		0.81414
408		4907.02		0.96309		0.96026		0.91214		0.90355		0.92228		0.91282		0.82447
409		4908.15		0.96404		0.96256		0.90956		0.89899		0.92228		0.91049		0.81941
410		4909.27		0.96357		0.9627		0.91473		0.9		0.93264		0.91603		0.83002
411		4910.58		0.96245		0.96174		0.90956		0.90306		0.9171		0.91003		0.81923
412		4911.7		0.9621		0.96152		0.90956		0.90722		0.91192		0.90956		0.81913
413		4913.37		0.96153		0.96038		0.90698		0.89447		0.92228		0.90816		0.81436
414		4915.01		0.96117		0.95954		0.90439		0.89		0.92228		0.90585		0.80933
415		4916.35		0.9603		0.95834		0.90956		0.89109		0.93264		0.91139		0.82003
416		4917.76		0.9601		0.95742		0.90439		0.88235		0.93264		0.9068		0.81012
417		4919.19		0.96099		0.95807		0.90956		0.89109		0.93264		0.91139		0.82003
418		4920.81		0.96199		0.95885		0.90956		0.89899		0.92228		0.91049		0.81941
419		4922.45		0.96277		0.96004		0.91214		0.91192		0.91192		0.91192		0.82429
420		4924.2		0.96297		0.95988		0.90956		0.90722		0.91192		0.90956		0.81913
421		4925.91		0.96241		0.96003		0.91473		0.90816		0.92228		0.91517		0.82956
422		4927.24		0.96217		0.96043		0.90439		0.88614		0.92746		0.90633		0.80968
423		4928.63		0.96166		0.96002		0.90181		0.88557		0.92228		0.90355		0.80432
424		4929.92		0.96073		0.95915		0.90439		0.88235		0.93264		0.9068		0.81012
425		4931.32		0.9599		0.95805		0.89147		0.87192		0.9171		0.89394		0.78402
426		4932.74		0.95903		0.95689		0.89922		0.885		0.9171		0.90076		0.79899
427		4934.3		0.95891		0.95658		0.89406		0.87624		0.9171		0.8962		0.78899
428		4936.14		0.95963		0.95746		0.89147		0.87192		0.9171		0.89394		0.78402
429		4937.99		0.96071		0.95829		0.90181		0.88945		0.9171		0.90306		0.80402
430		4939.58		0.96191		0.95964		0.90956		0.90306		0.9171		0.91003		0.81923
431		4940.81		0.9631		0.96044		0.90698		0.89848		0.9171		0.90769		0.81414
432		4941.97		0.96364		0.96128		0.90698		0.89447		0.92228		0.90816		0.81436
433		4943.44		0.96432		0.96197		0.90698		0.89447		0.92228		0.90816		0.81436
434		4945.03		0.96451		0.96263		0.90181		0.89744		0.90674		0.90206		0.80366
435		4946.79		0.96409		0.96186		0.90181		0.89744		0.90674		0.90206		0.80366
436		4948.05		0.96328		0.96136		0.90439		0.89394		0.9171		0.90537		0.80907
437		4949.29		0.96252		0.96045		0.90181		0.88557		0.92228		0.90355		0.80432
438		4951.31		0.96106		0.95903		0.90181		0.88177		0.92746		0.90404		0.80472
439		4952.57		0.95948		0.95733		0.90181		0.88557		0.92228		0.90355		0.80432
440		4954.23		0.95887		0.95632		0.89664		0.88442		0.91192		0.89796		0.79368
441		4955.88		0.95971		0.95698		0.89664		0.88832		0.90674		0.89744		0.79346
442		4957.12		0.96102		0.95848		0.89922		0.89286		0.90674		0.89974		0.79855
443		4958.54		0.96155		0.95935		0.89664		0.8806		0.9171		0.89848		0.79398
444		4959.81		0.96272		0.96053		0.89922		0.87379		0.93264		0.90226		0.80029
445		4961.07		0.96321		0.96117		0.90181		0.87805		0.93264		0.90452		0.8052
446		4962.39		0.96374		0.96151		0.90698		0.89447		0.92228		0.90816		0.81436
447		4964.51		0.96368		0.96121		0.90439		0.90625		0.90155		0.9039		0.80879
448		4965.81		0.96386		0.96155		0.90698		0.91534		0.89637		0.90576		0.81412
449		4967.11		0.96386		0.96125		0.89664		0.89231		0.90155		0.89691		0.79333
450		4968.39		0.964		0.96202		0.90439		0.88235		0.93264		0.9068		0.81012
451		4970.22		0.96304		0.96086		0.90181		0.87805		0.93264		0.90452		0.8052
452		4972.0		0.96194		0.9594		0.90439		0.89394		0.9171		0.90537		0.80907
453		4973.65		0.96195		0.96007		0.89922		0.89691		0.90155		0.89922		0.79846
454		4975.15		0.96118		0.9591		0.90181		0.8934		0.91192		0.90256		0.8038
455		4976.43		0.96095		0.95897		0.89664		0.88832		0.90674		0.89744		0.79346
456		4978.52		0.96046		0.95749		0.90439		0.88614		0.92746		0.90633		0.80968
457		4979.78		0.96079		0.95789		0.90439		0.88614		0.92746		0.90633		0.80968
458		4981.07		0.96141		0.95924		0.90698		0.89055		0.92746		0.90863		0.81467
459		4982.64		0.96165		0.95933		0.90181		0.8934		0.91192		0.90256		0.8038
460		4984.24		0.9617		0.95937		0.89664		0.89231		0.90155		0.89691		0.79333
461		4985.89		0.96057		0.95895		0.89664		0.88832		0.90674		0.89744		0.79346
462		4987.25		0.96012		0.95856		0.89664		0.8806		0.9171		0.89848		0.79398
463		4988.51		0.95958		0.95801		0.89147		0.87192		0.9171		0.89394		0.78402
464		4990.17		0.95938		0.95727		0.89406		0.87255		0.92228		0.89673		0.78942
465		4991.89		0.95896		0.95686		0.89664		0.87685		0.92228		0.89899		0.79437
466		4993.23		0.9594		0.9569		0.89664		0.89231		0.90155		0.89691		0.79333
467		4994.52		0.95988		0.95775		0.89664		0.89231		0.90155		0.89691		0.79333
468		4995.82		0.9603		0.95823		0.89664		0.89637		0.89637		0.89637		0.79328
469		4997.62		0.96082		0.95896		0.89664		0.88832		0.90674		0.89744		0.79346
470		4999.11		0.96019		0.95751		0.90439		0.89		0.92228		0.90585		0.80933
471		5000.39		0.95976		0.95668		0.90181		0.88945		0.9171		0.90306		0.80402
472		5001.63		0.95891		0.95498		0.89922		0.885		0.9171		0.90076		0.79899
473		5003.57		0.9589		0.95471		0.90181		0.88557		0.92228		0.90355		0.80432
474		5005.25		0.95863		0.9541		0.90698		0.8867		0.93264		0.90909		0.81507
475		5006.64		0.95863		0.95468		0.90439		0.88235		0.93264		0.9068		0.81012
476		5008.24		0.95898		0.95507		0.90439		0.88235		0.93264		0.9068		0.81012
477		5009.65		0.96015		0.95654		0.90698		0.89447		0.92228		0.90816		0.81436
478		5011.13		0.96133		0.95814		0.89922		0.90526		0.89119		0.89817		0.79854
479		5012.61		0.96217		0.95942		0.89406		0.9		0.88601		0.89295		0.7882
480		5014.2		0.96169		0.95935		0.90698		0.89848		0.9171		0.90769		0.81414
481		5015.68		0.96113		0.95865		0.90698		0.88293		0.93782		0.90955		0.81555
482		5017.17		0.96065		0.9582		0.90698		0.87923		0.94301		0.91		0.81613
483		5018.93		0.96018		0.95728		0.89922		0.87745		0.92746		0.90176		0.79977
484		5020.31		0.95944		0.95608		0.89406		0.88384		0.90674		0.89514		0.78839
485		5022.08		0.95907		0.95515		0.89406		0.89175		0.89637		0.89406		0.78813
486		5023.64		0.95935		0.95531		0.89147		0.88325		0.90155		0.89231		0.78312
487		5024.92		0.95983		0.9557		0.89406		0.88384		0.90674		0.89514		0.78839
488		5026.19		0.96047		0.95629		0.90181		0.88177		0.92746		0.90404		0.80472
489		5027.46		0.96053		0.95695		0.90181		0.87805		0.93264		0.90452		0.8052
490		5028.97		0.96091		0.95746		0.90439		0.88614		0.92746		0.90633		0.80968
491		5030.57		0.96103		0.95808		0.89922		0.885		0.9171		0.90076		0.79899
492		5032.04		0.96131		0.95855		0.90439		0.89796		0.91192		0.90488		0.80889
493		5033.31		0.96179		0.95964		0.90698		0.89848		0.9171		0.90769		0.81414
494		5034.51		0.96219		0.96031		0.90181		0.88557		0.92228		0.90355		0.80432
495		5035.9		0.96249		0.96021		0.90698		0.89055		0.92746		0.90863		0.81467
496		5037.23		0.96248		0.95963		0.89406		0.88384		0.90674		0.89514		0.78839
497		5038.72		0.96308		0.96071		0.89922		0.885		0.9171		0.90076		0.79899
498		5040.07		0.96384		0.96186		0.89664		0.8806		0.9171		0.89848		0.79398
499		5041.89		0.96281		0.96101		0.89664		0.87685		0.92228		0.89899		0.79437
500		5043.24		0.96219		0.96063		0.89664		0.88442		0.91192		0.89796		0.79368
501		5044.62		0.96209		0.96022		0.90181		0.90155		0.90155		0.90155		0.80362
502		5045.99		0.96284		0.96077		0.90439		0.89394		0.9171		0.90537		0.80907
503		5047.4		0.96324		0.96155		0.90698		0.89055		0.92746		0.90863		0.81467
504		5048.85		0.9629		0.9611		0.90698		0.87923		0.94301		0.91		0.81613
505		5050.14		0.96249		0.96031		0.90698		0.8756		0.94819		0.91045		0.81679
506		5051.56		0.96151		0.95841		0.90698		0.87923		0.94301		0.91		0.81613
507		5052.99		0.96033		0.95682		0.90439		0.89		0.92228		0.90585		0.80933
508		5054.53		0.96055		0.95682		0.90181		0.90155		0.90155		0.90155		0.80362
509		5055.91		0.96117		0.95799		0.90698		0.90256		0.91192		0.90722		0.814
510		5057.25		0.96146		0.95848		0.90956		0.89899		0.92228		0.91049		0.81941
511		5058.77		0.96185		0.95954		0.91214		0.89552		0.93264		0.91371		0.82501
512		5060.23		0.96272		0.96089		0.90698		0.89447		0.92228		0.90816		0.81436
513		5061.73		0.96309		0.96129		0.90698		0.90674		0.90674		0.90674		0.81395
514		5063.17		0.96257		0.96104		0.90698		0.90674		0.90674		0.90674		0.81395
515		5064.5		0.96286		0.96149		0.90698		0.89055		0.92746		0.90863		0.81467
516		5066.0		0.96288		0.96177		0.90181		0.8744		0.93782		0.905		0.80576
517		5067.69		0.96361		0.96283		0.91473		0.89604		0.93782		0.91646		0.83038
518		5069.11		0.96428		0.96298		0.90698		0.90674		0.90674		0.90674		0.81395
519		5070.47		0.96492		0.9638		0.89147		0.90374		0.87565		0.88947		0.7833
520		5071.8		0.96465		0.96359		0.89406		0.9		0.88601		0.89295		0.7882
521		5073.36		0.96404		0.96281		0.89922		0.89286		0.90674		0.89974		0.79855
522		5075.01		0.96341		0.96177		0.89664		0.88832		0.90674		0.89744		0.79346
523		5076.54		0.96368		0.96157		0.8863		0.89005		0.88083		0.88542		0.77264
524		5077.84		0.96336		0.9607		0.89147		0.89119		0.89119		0.89119		0.78294
525		5079.17		0.96229		0.95994		0.89664		0.89231		0.90155		0.89691		0.79333
526		5080.5		0.96138		0.9594		0.89406		0.87624		0.9171		0.8962		0.78899
527		5081.62		0.96062		0.95869		0.89664		0.87685		0.92228		0.89899		0.79437
528		5082.77		0.96042		0.95882		0.89406		0.88776		0.90155		0.8946		0.78822
529		5084.2		0.95838		0.95747		0.88889		0.89894		0.87565		0.88714		0.77802
530		5086.07		0.95755		0.95601		0.89406		0.88384		0.90674		0.89514		0.78839
531		5087.92		0.957		0.95464		0.89922		0.87379		0.93264		0.90226		0.80029
532		5089.24		0.95719		0.95439		0.89147		0.86829		0.92228		0.89447		0.78449
533		5090.49		0.9576		0.95496		0.89922		0.88889		0.91192		0.90026		0.79873
534		5091.74		0.9593		0.95678		0.89922		0.90526		0.89119		0.89817		0.79854
535		5093.4		0.96022		0.95766		0.89922		0.90526		0.89119		0.89817		0.79854
536		5095.18		0.96067		0.95795		0.91214		0.8995		0.92746		0.91327		0.8247
537		5096.73		0.96018		0.95677		0.91214		0.8878		0.94301		0.91457		0.82591
538		5098.01		0.96041		0.95649		0.90698		0.87923		0.94301		0.91		0.81613
539		5100.09		0.9603		0.95677		0.89664		0.90052		0.89119		0.89583		0.79332
540		5101.53		0.95769		0.95505		0.89147		0.91257		0.86528		0.8883		0.78396
541		5103.02		0.95907		0.95703		0.89664		0.89231		0.90155		0.89691		0.79333
542		5104.56		0.96157		0.95951		0.90439		0.88235		0.93264		0.9068		0.81012
543		5106.37		0.963		0.96044		0.90439		0.88235		0.93264		0.9068		0.81012
544		5107.82		0.96203		0.95942		0.90956		0.89899		0.92228		0.91049		0.81941
545		5109.18		0.96046		0.95758		0.89406		0.89583		0.89119		0.89351		0.78812
546		5110.57		0.9564		0.9533		0.89664		0.90476		0.88601		0.89529		0.79344
547		5112.28		0.95613		0.95434		0.89664		0.89231		0.90155		0.89691		0.79333
548		5113.63		0.95623		0.9551		0.89406		0.87255		0.92228		0.89673		0.78942
549		5115.07		0.95955		0.95817		0.89664		0.87685		0.92228		0.89899		0.79437
550		5116.43		0.96137		0.95966		0.90181		0.89744		0.90674		0.90206		0.80366
551		5118.04		0.96278		0.96089		0.89922		0.89286		0.90674		0.89974		0.79855
552		5119.57		0.96234		0.9593		0.90181		0.89744		0.90674		0.90206		0.80366
553		5120.91		0.96244		0.95862		0.90698		0.89447		0.92228		0.90816		0.81436
554		5122.63		0.96121		0.9567		0.90439		0.88614		0.92746		0.90633		0.80968
555		5124.37		0.96082		0.95741		0.90181		0.88557		0.92228		0.90355		0.80432
556		5125.9		0.96045		0.95745		0.89922		0.88889		0.91192		0.90026		0.79873
557		5127.12		0.95943		0.95719		0.89922		0.89286		0.90674		0.89974		0.79855
558		5128.41		0.95854		0.95687		0.89664		0.89637		0.89637		0.89637		0.79328
559		5129.65		0.95779		0.95619		0.89922		0.89691		0.90155		0.89922		0.79846
560		5131.05		0.95735		0.95589		0.89922		0.88889		0.91192		0.90026		0.79873
561		5132.44		0.95699		0.95517		0.89664		0.8806		0.9171		0.89848		0.79398
562		5134.38		0.95672		0.95415		0.89147		0.87192		0.9171		0.89394		0.78402
563		5136.05		0.95745		0.95416		0.89147		0.87562		0.91192		0.8934		0.78364
564		5137.91		0.95839		0.95519		0.89664		0.88442		0.91192		0.89796		0.79368
565		5139.31		0.95908		0.95606		0.90439		0.88614		0.92746		0.90633		0.80968
566		5140.85		0.96022		0.95753		0.90698		0.89055		0.92746		0.90863		0.81467
567		5142.27		0.96111		0.95899		0.90439		0.89394		0.9171		0.90537		0.80907
568		5144.04		0.96122		0.95923		0.90181		0.89744		0.90674		0.90206		0.80366
569		5145.66		0.96087		0.95882		0.90181		0.89744		0.90674		0.90206		0.80366
570		5147.19		0.96075		0.95882		0.90181		0.89744		0.90674		0.90206		0.80366
571		5148.81		0.96083		0.95908		0.90181		0.8934		0.91192		0.90256		0.8038
572		5150.58		0.96121		0.95905		0.89406		0.88384		0.90674		0.89514		0.78839
573		5152.22		0.9613		0.959		0.90181		0.88945		0.9171		0.90306		0.80402
574		5153.89		0.96135		0.95888		0.89922		0.88889		0.91192		0.90026		0.79873
575		5155.45		0.96071		0.95803		0.90181		0.89744		0.90674		0.90206		0.80366
576		5156.87		0.96026		0.95773		0.90181		0.89744		0.90674		0.90206		0.80366
577		5158.4		0.95987		0.9573		0.89922		0.89286		0.90674		0.89974		0.79855
578		5160.33		0.95971		0.95768		0.88889		0.875		0.90674		0.89059		0.77831
579		5162.49		0.96012		0.95819		0.89664		0.87685		0.92228		0.89899		0.79437
580		5164.56		0.96034		0.95867		0.89922		0.88119		0.92228		0.90127		0.79934
581		5166.23		0.95992		0.95814		0.90181		0.88557		0.92228		0.90355		0.80432
582		5167.6		0.9605		0.95884		0.90181		0.88945		0.9171		0.90306		0.80402
583		5169.03		0.96142		0.9603		0.90181		0.88557		0.92228		0.90355		0.80432
584		5170.46		0.96162		0.96055		0.89922		0.88119		0.92228		0.90127		0.79934
585		5171.7		0.96166		0.96041		0.90956		0.895		0.92746		0.91094		0.81967
586		5173.64		0.96157		0.96033		0.90181		0.8934		0.91192		0.90256		0.8038
587		5175.37		0.96098		0.95957		0.90698		0.90674		0.90674		0.90674		0.81395
588		5177.29		0.96015		0.95858		0.90439		0.90625		0.90155		0.9039		0.80879
589		5178.73		0.95976		0.95814		0.90181		0.90155		0.90155		0.90155		0.80362
590		5180.07		0.95942		0.95767		0.90439		0.89796		0.91192		0.90488		0.80889
591		5181.52		0.95974		0.9579		0.88889		0.87129		0.91192		0.89114		0.77865
592		5183.27		0.9597		0.95769		0.89147		0.87192		0.9171		0.89394		0.78402
593		5184.94		0.95976		0.95782		0.89406		0.87624		0.9171		0.8962		0.78899
594		5186.58		0.96011		0.95793		0.89922		0.885		0.9171		0.90076		0.79899
595		5187.81		0.96047		0.95825		0.90439		0.89394		0.9171		0.90537		0.80907
596		5190.01		0.96014		0.95759		0.90181		0.8934		0.91192		0.90256		0.8038
597		5191.33		0.96006		0.95791		0.90181		0.88945		0.9171		0.90306		0.80402
598		5192.89		0.96051		0.95863		0.90181		0.88557		0.92228		0.90355		0.80432
599		5194.57		0.96077		0.95869		0.90439		0.88614		0.92746		0.90633		0.80968
600		5196.23		0.96046		0.95846		0.90439		0.89394		0.9171		0.90537		0.80907
601		5197.67		0.96025		0.95806		0.90439		0.89796		0.91192		0.90488		0.80889
602		5198.95		0.95978		0.95753		0.90956		0.90722		0.91192		0.90956		0.81913
603		5200.3		0.95952		0.95696		0.90956		0.90722		0.91192		0.90956		0.81913
604		5202.02		0.95988		0.95685		0.90181		0.90155		0.90155		0.90155		0.80362
605		5203.87		0.96047		0.95734		0.90439		0.89796		0.91192		0.90488		0.80889
606		5205.35		0.96107		0.95793		0.89664		0.88442		0.91192		0.89796		0.79368
607		5207.15		0.96154		0.95831		0.90181		0.88557		0.92228		0.90355		0.80432
608		5208.76		0.96113		0.95787		0.89922		0.885		0.9171		0.90076		0.79899
609		5210.49		0.96022		0.95684		0.90181		0.90155		0.90155		0.90155		0.80362
610		5212.11		0.95996		0.95686		0.89406		0.89583		0.89119		0.89351		0.78812
611		5213.94		0.96002		0.95726		0.89406		0.89583		0.89119		0.89351		0.78812
612		5215.21		0.96059		0.95833		0.89406		0.89175		0.89637		0.89406		0.78813
613		5217.41		0.96019		0.9578		0.89922		0.88889		0.91192		0.90026		0.79873
614		5218.62		0.96018		0.95775		0.89922		0.885		0.9171		0.90076		0.79899
615		5219.9		0.96037		0.95807		0.89922		0.885		0.9171		0.90076		0.79899
616		5221.53		0.96041		0.95778		0.89922		0.885		0.9171		0.90076		0.79899
617		5223.34		0.96066		0.9577		0.90181		0.88945		0.9171		0.90306		0.80402
618		5224.93		0.96037		0.95678		0.89664		0.88832		0.90674		0.89744		0.79346
619		5226.51		0.95942		0.95535		0.89406		0.88776		0.90155		0.8946		0.78822
620		5227.87		0.95946		0.9557		0.90181		0.88945		0.9171		0.90306		0.80402
621		5229.76		0.95972		0.95527		0.89922		0.885		0.9171		0.90076		0.79899
622		5231.48		0.96018		0.95627		0.90439		0.89		0.92228		0.90585		0.80933
623		5232.76		0.96039		0.95636		0.90181		0.88945		0.9171		0.90306		0.80402
624		5234.24		0.96047		0.95655		0.89922		0.88889		0.91192		0.90026		0.79873
625		5235.43		0.96087		0.95682		0.90439		0.89		0.92228		0.90585		0.80933
626		5236.91		0.96049		0.95698		0.89664		0.8806		0.9171		0.89848		0.79398
627		5238.64		0.96003		0.95595		0.89922		0.885		0.9171		0.90076		0.79899
628		5240.72		0.95914		0.95508		0.89406		0.88384		0.90674		0.89514		0.78839
629		5242.45		0.95874		0.95461		0.89147		0.88325		0.90155		0.89231		0.78312
630		5243.93		0.95859		0.95545		0.89922		0.885		0.9171		0.90076		0.79899
631		5245.43		0.95991		0.95696		0.90181		0.88177		0.92746		0.90404		0.80472
632		5247.14		0.96069		0.95838		0.90698		0.89848		0.9171		0.90769		0.81414
633		5249.42		0.96113		0.95865		0.90956		0.90306		0.9171		0.91003		0.81923
634		5251.19		0.96202		0.95952		0.90956		0.89899		0.92228		0.91049		0.81941
635		5252.66		0.96155		0.9594		0.90181		0.88177		0.92746		0.90404		0.80472
636		5254.15		0.96142		0.95977		0.90439		0.875		0.94301		0.90773		0.81126
637		5255.77		0.96115		0.95982		0.89664		0.87685		0.92228		0.89899		0.79437
638		5257.38		0.9613		0.96042		0.91214		0.90769		0.9171		0.91237		0.82434
639		5259.15		0.96079		0.9606		0.90956		0.90722		0.91192		0.90956		0.81913
640		5260.43		0.95991		0.95928		0.89664		0.87685		0.92228		0.89899		0.79437
641		5261.92		0.95863		0.95786		0.89922		0.87379		0.93264		0.90226		0.80029
642		5263.85		0.95781		0.95687		0.89406		0.87624		0.9171		0.8962		0.78899
643		5265.14		0.95643		0.9549		0.89664		0.88442		0.91192		0.89796		0.79368
644		5266.5		0.95561		0.95348		0.89147		0.88718		0.89637		0.89175		0.78299
645		5267.76		0.95665		0.95393		0.89922		0.88889		0.91192		0.90026		0.79873
646		5269.01		0.95815		0.95549		0.90439		0.88614		0.92746		0.90633		0.80968
647		5270.45		0.96027		0.95772		0.90439		0.88614		0.92746		0.90633		0.80968
648		5272.18		0.96194		0.95981		0.90698		0.8867		0.93264		0.90909		0.81507
649		5273.97		0.96201		0.96031		0.90439		0.89		0.92228		0.90585		0.80933
650		5275.82		0.96254		0.96072		0.89664		0.88442		0.91192		0.89796		0.79368
651		5277.32		0.9625		0.96078		0.90439		0.89796		0.91192		0.90488		0.80889
652		5278.98		0.96186		0.96004		0.91214		0.90769		0.9171		0.91237		0.82434
653		5280.52		0.96167		0.95976		0.91214		0.90355		0.92228		0.91282		0.82447
654		5282.54		0.96254		0.96015		0.90181		0.88177		0.92746		0.90404		0.80472
655		5284.26		0.96272		0.9603		0.90698		0.8867		0.93264		0.90909		0.81507
656		5285.76		0.9632		0.96049		0.90181		0.88557		0.92228		0.90355		0.80432
657		5287.74		0.96272		0.96025		0.90956		0.90306		0.9171		0.91003		0.81923
658		5288.95		0.96297		0.96039		0.90439		0.90206		0.90674		0.90439		0.8088
659		5290.18		0.96223		0.96038		0.90439		0.89796		0.91192		0.90488		0.80889
660		5291.4		0.96087		0.9592		0.89664		0.88442		0.91192		0.89796		0.79368
661		5292.76		0.95936		0.95806		0.88889		0.875		0.90674		0.89059		0.77831
662		5294.69		0.95903		0.9575		0.89147		0.88718		0.89637		0.89175		0.78299
663		5296.65		0.95826		0.95627		0.89406		0.89583		0.89119		0.89351		0.78812
664		5298.0		0.95863		0.95629		0.89922		0.89286		0.90674		0.89974		0.79855
665		5299.33		0.95864		0.95637		0.90181		0.87805		0.93264		0.90452		0.8052
666		5300.72		0.95884		0.9564		0.89922		0.86667		0.94301		0.90323		0.80159
667		5302.16		0.96051		0.95782		0.90439		0.88235		0.93264		0.9068		0.81012
668		5303.9		0.96101		0.95833		0.89922		0.89691		0.90155		0.89922		0.79846
669		5305.44		0.96043		0.95797		0.89922		0.89691		0.90155		0.89922		0.79846
670		5306.82		0.95895		0.95702		0.89406		0.87624		0.9171		0.8962		0.78899
671		5308.43		0.95755		0.95548		0.89147		0.86829		0.92228		0.89447		0.78449
672		5310.27		0.95771		0.95564		0.89147		0.87562		0.91192		0.8934		0.78364
673		5311.49		0.9584		0.95638		0.89147		0.8794		0.90674		0.89286		0.78334
674		5312.75		0.9591		0.95741		0.89147		0.88325		0.90155		0.89231		0.78312
675		5314.31		0.95852		0.95626		0.89922		0.88889		0.91192		0.90026		0.79873
676		5315.97		0.9582		0.95596		0.89922		0.87745		0.92746		0.90176		0.79977
677		5317.47		0.95769		0.95541		0.89664		0.87685		0.92228		0.89899		0.79437
678		5318.96		0.95785		0.95469		0.89922		0.885		0.9171		0.90076		0.79899
679		5320.87		0.95796		0.95445		0.89922		0.89691		0.90155		0.89922		0.79846
680		5322.52		0.95772		0.95438		0.89147		0.8794		0.90674		0.89286		0.78334
681		5323.96		0.95792		0.9547		0.89664		0.8806		0.9171		0.89848		0.79398
682		5325.65		0.95964		0.95655		0.89922		0.88889		0.91192		0.90026		0.79873
683		5327.2		0.96062		0.9573		0.89664		0.89637		0.89637		0.89637		0.79328
684		5328.77		0.96163		0.95838		0.89406		0.88384		0.90674		0.89514		0.78839
685		5330.45		0.96181		0.95795		0.90698		0.89447		0.92228		0.90816		0.81436
686		5332.67		0.96147		0.95764		0.90698		0.89055		0.92746		0.90863		0.81467
687		5334.59		0.96113		0.95679		0.90956		0.89109		0.93264		0.91139		0.82003
688		5335.9		0.96043		0.9558		0.90439		0.88614		0.92746		0.90633		0.80968
689		5337.2		0.95954		0.95455		0.90698		0.89447		0.92228		0.90816		0.81436
690		5338.63		0.9592		0.95443		0.90439		0.89796		0.91192		0.90488		0.80889
691		5340.06		0.95894		0.95495		0.88889		0.89474		0.88083		0.88773		0.77786
692		5341.58		0.95932		0.95553		0.89406		0.89583		0.89119		0.89351		0.78812
693		5343.57		0.95982		0.95635		0.89922		0.89286		0.90674		0.89974		0.79855
694		5345.17		0.9605		0.95753		0.90956		0.895		0.92746		0.91094		0.81967
695		5346.48		0.96134		0.95868		0.90956		0.89109		0.93264		0.91139		0.82003
696		5347.97		0.96199		0.95906		0.90698		0.89055		0.92746		0.90863		0.81467
697		5349.49		0.96215		0.95959		0.90698		0.89055		0.92746		0.90863		0.81467
698		5350.77		0.96174		0.95942		0.90698		0.8867		0.93264		0.90909		0.81507
699		5352.0		0.96069		0.95861		0.90439		0.88614		0.92746		0.90633		0.80968
700		5353.39		0.96018		0.95851		0.90439		0.89		0.92228		0.90585		0.80933
701		5354.79		0.95963		0.95816		0.89664		0.89231		0.90155		0.89691		0.79333
702		5356.29		0.95912		0.95817		0.89406		0.89583		0.89119		0.89351		0.78812
703		5357.72		0.9586		0.95777		0.89664		0.90052		0.89119		0.89583		0.79332
704		5359.19		0.95818		0.95738		0.89664		0.89637		0.89637		0.89637		0.79328
705		5361.05		0.95868		0.95777		0.90181		0.88177		0.92746		0.90404		0.80472
706		5362.48		0.95891		0.95776		0.89664		0.87317		0.92746		0.8995		0.79484
707		5364.1		0.95866		0.95725		0.89922		0.87379		0.93264		0.90226		0.80029
708		5365.85		0.95848		0.95707		0.90439		0.89		0.92228		0.90585		0.80933
709		5367.41		0.95888		0.9572		0.90439		0.89394		0.9171		0.90537		0.80907
710		5368.75		0.95911		0.9575		0.89922		0.88889		0.91192		0.90026		0.79873
711		5370.2		0.95954		0.95772		0.89922		0.87379		0.93264		0.90226		0.80029
712		5371.62		0.95972		0.95756		0.89406		0.86538		0.93264		0.89776		0.79053
713		5373.05		0.96077		0.95799		0.90439		0.89394		0.9171		0.90537		0.80907
714		5374.7		0.9607		0.95708		0.89406		0.89583		0.89119		0.89351		0.78812
715		5376.05		0.96042		0.95658		0.89664		0.90476		0.88601		0.89529		0.79344
716		5377.52		0.9603		0.9573		0.89922		0.88889		0.91192		0.90026		0.79873
717		5379.22		0.95982		0.95783		0.89406		0.8619		0.93782		0.89826		0.79122
718		5380.67		0.95984		0.95842		0.90181		0.87805		0.93264		0.90452		0.8052
719		5382.08		0.95903		0.95718		0.89664		0.88832		0.90674		0.89744		0.79346
720		5383.72		0.95844		0.95623		0.88889		0.89474		0.88083		0.88773		0.77786
721		5385.54		0.95781		0.95583		0.89406		0.88384		0.90674		0.89514		0.78839
722		5387.55		0.95704		0.95504		0.89147		0.87562		0.91192		0.8934		0.78364
723		5389.49		0.95659		0.95474		0.89147		0.87192		0.9171		0.89394		0.78402
724		5391.44		0.95763		0.95532		0.89147		0.88718		0.89637		0.89175		0.78299
725		5393.39		0.95927		0.95692		0.88889		0.89062		0.88601		0.88831		0.77778
726		5395.4		0.95968		0.95739		0.89664		0.89231		0.90155		0.89691		0.79333
727		5397.38		0.9601		0.95757		0.89664		0.88442		0.91192		0.89796		0.79368
728		5398.81		0.95919		0.95637		0.89664		0.87685		0.92228		0.89899		0.79437
729		5400.5		0.95822		0.9548		0.89922		0.87745		0.92746		0.90176		0.79977
730		5401.87		0.95711		0.95376		0.89664		0.8806		0.9171		0.89848		0.79398
731		5403.56		0.95756		0.95422		0.89406		0.89175		0.89637		0.89406		0.78813
732		5405.19		0.95792		0.95533		0.89922		0.89286		0.90674		0.89974		0.79855
733		5407.04		0.95878		0.95691		0.89922		0.885		0.9171		0.90076		0.79899
734		5408.43		0.95874		0.95705		0.89664		0.8806		0.9171		0.89848		0.79398
735		5409.68		0.9586		0.95697		0.89664		0.88442		0.91192		0.89796		0.79368
736		5411.04		0.95808		0.95647		0.89406		0.89583		0.89119		0.89351		0.78812
737		5412.39		0.95717		0.95546		0.88372		0.89362		0.87047		0.88189		0.76768
738		5413.76		0.95548		0.95358		0.89147		0.89529		0.88601		0.89062		0.78298
739		5415.15		0.95548		0.95288		0.89406		0.88		0.91192		0.89567		0.78865
740		5416.55		0.95637		0.95292		0.89147		0.87562		0.91192		0.8934		0.78364
741		5418.15		0.95751		0.95365		0.89147		0.8794		0.90674		0.89286		0.78334
742		5419.95		0.95727		0.95306		0.89147		0.88718		0.89637		0.89175		0.78299
743		5421.42		0.95763		0.95356		0.89664		0.89637		0.89637		0.89637		0.79328
744		5422.65		0.95898		0.95553		0.89664		0.8806		0.9171		0.89848		0.79398
745		5424.16		0.95888		0.95592		0.89922		0.88119		0.92228		0.90127		0.79934
746		5425.86		0.95874		0.95562		0.89922		0.88119		0.92228		0.90127		0.79934
747		5427.39		0.95931		0.95559		0.90181		0.88945		0.9171		0.90306		0.80402
748		5429.65		0.95986		0.95546		0.90439		0.90206		0.90674		0.90439		0.8088
749		5431.44		0.95952		0.9553		0.90439		0.90206		0.90674		0.90439		0.8088
750		5433.04		0.95874		0.95459		0.90181		0.8934		0.91192		0.90256		0.8038
751		5434.84		0.95814		0.95432		0.90181		0.88945		0.9171		0.90306		0.80402
752		5436.19		0.95785		0.95351		0.89406		0.88		0.91192		0.89567		0.78865
753		5438.09		0.95814		0.95406		0.89922		0.88889		0.91192		0.90026		0.79873
754		5439.86		0.95918		0.95535		0.90181		0.8934		0.91192		0.90256		0.8038
755		5441.09		0.95958		0.95601		0.90439		0.89796		0.91192		0.90488		0.80889
756		5442.33		0.9599		0.95632		0.89664		0.8806		0.9171		0.89848		0.79398
757		5443.64		0.95922		0.95591		0.90439		0.88235		0.93264		0.9068		0.81012
758		5445.33		0.95951		0.95576		0.90439		0.88614		0.92746		0.90633		0.80968
759		5446.95		0.95895		0.95515		0.90181		0.88557		0.92228		0.90355		0.80432
760		5448.27		0.95792		0.95377		0.89922		0.89286		0.90674		0.89974		0.79855
761		5449.72		0.95725		0.95239		0.89922		0.89286		0.90674		0.89974		0.79855
762		5450.98		0.95701		0.95296		0.89922		0.87745		0.92746		0.90176		0.79977
763		5452.74		0.95632		0.95227		0.89922		0.87745		0.92746		0.90176		0.79977
764		5454.64		0.95601		0.95218		0.89406		0.88384		0.90674		0.89514		0.78839
765		5456.28		0.95577		0.95211		0.88889		0.89062		0.88601		0.88831		0.77778
766		5458.07		0.95597		0.95211		0.8863		0.89418		0.87565		0.88482		0.77276
767		5459.92		0.95627		0.95234		0.89664		0.88832		0.90674		0.89744		0.79346
768		5461.77		0.95645		0.95232		0.90181		0.88557		0.92228		0.90355		0.80432
769		5463.22		0.95687		0.9532		0.89922		0.87379		0.93264		0.90226		0.80029
770		5464.8		0.95757		0.9537		0.89664		0.87317		0.92746		0.8995		0.79484
771		5466.55		0.95791		0.95467		0.89922		0.885		0.9171		0.90076		0.79899
772		5471.51		0.95765		0.95408		0.88889		0.8866		0.89119		0.88889		0.77779
773		5477.77		0.95684		0.95337		0.89664		0.88442		0.91192		0.89796		0.79368
774		5482.8		0.95393		0.95002		0.88889		0.86765		0.9171		0.89169		0.77907
775		5488.25		0.95353		0.94941		0.88372		0.86275		0.91192		0.88665		0.76872
776		5490.78		0.95481		0.95018		0.88372		0.86634		0.90674		0.88608		0.7683
777		5492.13		0.95624		0.95197		0.89664		0.89231		0.90155		0.89691		0.79333
778		5493.96		0.95748		0.95345		0.89922		0.89691		0.90155		0.89922		0.79846
779		5495.52		0.95807		0.95412		0.89664		0.88442		0.91192		0.89796		0.79368
780		5496.71		0.95851		0.95494		0.89406		0.86893		0.92746		0.89724		0.78993
781		5497.95		0.95884		0.95544		0.89406		0.86538		0.93264		0.89776		0.79053
782		5499.14		0.96103		0.95743		0.89922		0.88889		0.91192		0.90026		0.79873
783		5500.33		0.96004		0.9565		0.90181		0.91005		0.89119		0.90052		0.80378
784		5501.77		0.95986		0.9568		0.90439		0.90625		0.90155		0.9039		0.80879
785		5503.69		0.95975		0.957		0.89664		0.87685		0.92228		0.89899		0.79437
786		5505.54		0.95923		0.95723		0.89922		0.87019		0.93782		0.90274		0.8009
787		5506.89		0.95911		0.95725		0.90439		0.87864		0.93782		0.90727		0.81065
788		5508.51		0.95844		0.95538		0.90439		0.89		0.92228		0.90585		0.80933
789		5510.09		0.95824		0.95443		0.89664		0.89637		0.89637		0.89637		0.79328
790		5511.48		0.95815		0.95446		0.8863		0.88601		0.88601		0.88601		0.77261
791		5513.75		0.95823		0.9548		0.89922		0.88889		0.91192		0.90026		0.79873
792		5515.39		0.95822		0.95473		0.90181		0.88557		0.92228		0.90355		0.80432
793		5516.75		0.95822		0.95488		0.89664		0.8806		0.9171		0.89848		0.79398
794		5517.97		0.95824		0.955		0.89406		0.87624		0.9171		0.8962		0.78899
795		5519.24		0.95866		0.95565		0.89664		0.87685		0.92228		0.89899		0.79437
796		5520.74		0.95866		0.9556		0.89664		0.87685		0.92228		0.89899		0.79437
797		5522.32		0.95916		0.95582		0.89922		0.88119		0.92228		0.90127		0.79934
798		5524.05		0.95886		0.95516		0.89922		0.87745		0.92746		0.90176		0.79977
799		5526.18		0.9584		0.95459		0.90181		0.88177		0.92746		0.90404		0.80472
800		5527.57		0.95832		0.95484		0.90698		0.89055		0.92746		0.90863		0.81467
801		5529.01		0.95831		0.95482		0.90439		0.89		0.92228		0.90585		0.80933
802		5530.65		0.95777		0.95463		0.89922		0.885		0.9171		0.90076		0.79899
803		5532.09		0.95772		0.95434		0.90181		0.8934		0.91192		0.90256		0.8038
804		5533.32		0.95683		0.95285		0.90181		0.90155		0.90155		0.90155		0.80362
805		5534.6		0.95709		0.95341		0.90439		0.90206		0.90674		0.90439		0.8088
806		5536.61		0.95764		0.95382		0.90439		0.89796		0.91192		0.90488		0.80889
807		5538.12		0.95864		0.95522		0.90181		0.88177		0.92746		0.90404		0.80472
808		5539.35		0.9587		0.95547		0.90439		0.87864		0.93782		0.90727		0.81065
809		5541.04		0.9584		0.95534		0.90181		0.88177		0.92746		0.90404		0.80472
810		5542.7		0.95864		0.95542		0.90439		0.89796		0.91192		0.90488		0.80889
811		5543.96		0.95918		0.95561		0.89406		0.89175		0.89637		0.89406		0.78813
812		5545.48		0.95959		0.95565		0.90181		0.88945		0.9171		0.90306		0.80402
813		5547.02		0.95964		0.95536		0.90439		0.89		0.92228		0.90585		0.80933
814		5548.68		0.95852		0.95369		0.89922		0.88119		0.92228		0.90127		0.79934
815		5550.07		0.95834		0.95387		0.90698		0.89447		0.92228		0.90816		0.81436
816		5551.56		0.95844		0.95422		0.90181		0.89744		0.90674		0.90206		0.80366
817		5552.91		0.95834		0.95369		0.89922		0.89691		0.90155		0.89922		0.79846
818		5554.67		0.95763		0.95315		0.89147		0.88325		0.90155		0.89231		0.78312
819		5556.34		0.95871		0.95446		0.89664		0.8806		0.9171		0.89848		0.79398
820		5557.8		0.96003		0.9561		0.90181		0.88557		0.92228		0.90355		0.80432
821		5559.75		0.96008		0.95652		0.89406		0.87624		0.9171		0.8962		0.78899
822		5561.7		0.95967		0.95594		0.89922		0.88889		0.91192		0.90026		0.79873
823		5563.87		0.95907		0.95515		0.90181		0.89744		0.90674		0.90206		0.80366
824		5565.44		0.95729		0.95313		0.89922		0.88889		0.91192		0.90026		0.79873
825		5566.7		0.9556		0.9518		0.89406		0.87624		0.9171		0.8962		0.78899
826		5568.31		0.95562		0.95198		0.89406		0.88		0.91192		0.89567		0.78865
827		5570.22		0.95629		0.95245		0.89664		0.88442		0.91192		0.89796		0.79368
828		5571.55		0.9572		0.95403		0.89664		0.88832		0.90674		0.89744		0.79346
829		5572.79		0.95852		0.95575		0.89922		0.88889		0.91192		0.90026		0.79873
830		5574.25		0.95886		0.95591		0.89664		0.8806		0.9171		0.89848		0.79398
831		5575.87		0.95887		0.95525		0.89147		0.86829		0.92228		0.89447		0.78449
832		5577.14		0.95892		0.95538		0.89147		0.86829		0.92228		0.89447		0.78449
833		5578.76		0.95951		0.95638		0.89922		0.88119		0.92228		0.90127		0.79934
834		5580.64		0.95996		0.95736		0.89406		0.88384		0.90674		0.89514		0.78839
835		5582.23		0.9603		0.9581		0.89406		0.88776		0.90155		0.8946		0.78822
836		5584.27		0.95982		0.95786		0.89406		0.88776		0.90155		0.8946		0.78822
837		5585.54		0.95947		0.95707		0.89922		0.885		0.9171		0.90076		0.79899
838		5586.78		0.96014		0.95743		0.89922		0.87745		0.92746		0.90176		0.79977
839		5588.44		0.96045		0.95695		0.89664		0.8806		0.9171		0.89848		0.79398
840		5590.01		0.9596		0.95509		0.90181		0.88945		0.9171		0.90306		0.80402
841		5591.91		0.95804		0.95262		0.90181		0.88945		0.9171		0.90306		0.80402
842		5593.73		0.958		0.95349		0.89664		0.88442		0.91192		0.89796		0.79368
843		5595.54		0.9585		0.95501		0.89922		0.88889		0.91192		0.90026		0.79873
844		5597.82		0.95904		0.9562		0.90181		0.8934		0.91192		0.90256		0.8038
845		5599.49		0.95904		0.95704		0.89147		0.8794		0.90674		0.89286		0.78334
846		5600.74		0.95899		0.95727		0.89147		0.88718		0.89637		0.89175		0.78299
847		5602.06		0.95922		0.95779		0.88889		0.88265		0.89637		0.88946		0.77788
848		5603.34		0.9593		0.95742		0.89664		0.8806		0.9171		0.89848		0.79398
849		5604.73		0.95922		0.95668		0.89922		0.885		0.9171		0.90076		0.79899
850		5605.94		0.95866		0.95531		0.89406		0.88384		0.90674		0.89514		0.78839
851		5607.36		0.95818		0.95497		0.89664		0.88442		0.91192		0.89796		0.79368
852		5608.62		0.95728		0.95405		0.89664		0.88442		0.91192		0.89796		0.79368
853		5610.37		0.95703		0.9531		0.89406		0.88		0.91192		0.89567		0.78865
854		5611.99		0.95759		0.95445		0.89147		0.8794		0.90674		0.89286		0.78334
855		5613.72		0.9583		0.95554		0.88889		0.87879		0.90155		0.89003		0.77805
856		5615.33		0.9589		0.95642		0.89147		0.8794		0.90674		0.89286		0.78334
857		5617.36		0.95951		0.95696		0.88889		0.87879		0.90155		0.89003		0.77805
858		5619.36		0.9597		0.95687		0.89406		0.88		0.91192		0.89567		0.78865
859		5621.36		0.95992		0.95724		0.89922		0.88119		0.92228		0.90127		0.79934
860		5623.1		0.9592		0.95607		0.89406		0.87624		0.9171		0.8962		0.78899
861		5625.15		0.95799		0.95407		0.89406		0.88		0.91192		0.89567		0.78865
862		5626.93		0.95717		0.95326		0.89147		0.88325		0.90155		0.89231		0.78312
863		5629.05		0.95636		0.95269		0.89147		0.88325		0.90155		0.89231		0.78312
864		5630.81		0.9566		0.95304		0.89406		0.88		0.91192		0.89567		0.78865
865		5632.6		0.95712		0.95383		0.89664		0.87685		0.92228		0.89899		0.79437
866		5634.71		0.95692		0.95375		0.89406		0.87624		0.9171		0.8962		0.78899
867		5636.28		0.95697		0.95396		0.89406		0.88384		0.90674		0.89514		0.78839
868		5637.74		0.95701		0.95397		0.89664		0.89231		0.90155		0.89691		0.79333
869		5639.13		0.95715		0.95411		0.90181		0.89744		0.90674		0.90206		0.80366
870		5640.45		0.95521		0.95177		0.89922		0.88119		0.92228		0.90127		0.79934
871		5641.88		0.95508		0.95172		0.89406		0.87624		0.9171		0.8962		0.78899
872		5643.27		0.95673		0.95321		0.89664		0.89637		0.89637		0.89637		0.79328
873		5644.61		0.95737		0.95361		0.89922		0.90957		0.88601		0.89764		0.7987
874		5646.25		0.95773		0.95402		0.89922		0.90957		0.88601		0.89764		0.7987
875		5648.13		0.9583		0.9552		0.89664		0.88832		0.90674		0.89744		0.79346
876		5649.99		0.95715		0.95414		0.90181		0.8744		0.93782		0.905		0.80576
877		5651.89		0.95934		0.95617		0.90181		0.91005		0.89119		0.90052		0.80378
878		5653.63		0.95987		0.95657		0.90956		0.90306		0.9171		0.91003		0.81923
879		5655.34		0.95939		0.95613		0.90439		0.88614		0.92746		0.90633		0.80968
880		5656.84		0.95715		0.95304		0.90439		0.89		0.92228		0.90585		0.80933
881		5658.11		0.95612		0.9521		0.90698		0.89848		0.9171		0.90769		0.81414
882		5659.89		0.95578		0.95129		0.90439		0.90206		0.90674		0.90439		0.8088
883		5661.77		0.95783		0.95334		0.90181		0.88945		0.9171		0.90306		0.80402
884		5663.54		0.95836		0.9535		0.90181		0.87805		0.93264		0.90452		0.8052
885		5665.02		0.95899		0.95505		0.90956		0.8835		0.94301		0.91228		0.82101
886		5666.39		0.95907		0.95529		0.90181		0.88177		0.92746		0.90404		0.80472
887		5667.64		0.95882		0.95479		0.89922		0.89286		0.90674		0.89974		0.79855
888		5668.87		0.95784		0.95366		0.89664		0.89231		0.90155		0.89691		0.79333
889		5670.23		0.95656		0.95213		0.88889		0.89474		0.88083		0.88773		0.77786
890		5671.6		0.95554		0.95098		0.89664		0.88832		0.90674		0.89744		0.79346
891		5673.61		0.9556		0.95083		0.89922		0.88119		0.92228		0.90127		0.79934
892		5675.51		0.95593		0.95086		0.89664		0.87685		0.92228		0.89899		0.79437
893		5677.23		0.95755		0.95231		0.89664		0.8806		0.9171		0.89848		0.79398
894		5678.46		0.95749		0.95266		0.89406		0.90426		0.88083		0.89239		0.78836
895		5679.76		0.95793		0.95246		0.90181		0.88177		0.92746		0.90404		0.80472
896		5681.01		0.95789		0.95333		0.88889		0.85714		0.93264		0.8933		0.78084
897		5682.39		0.95892		0.95431		0.89664		0.86957		0.93264		0.9		0.7954
898		5683.89		0.9603		0.9558		0.90698		0.90256		0.91192		0.90722		0.814
899		5685.91		0.96002		0.95574		0.90439		0.90625		0.90155		0.9039		0.80879
900		5687.31		0.95996		0.95625		0.90698		0.90256		0.91192		0.90722		0.814
901		5689.81		0.95832		0.9549		0.90181		0.8744		0.93782		0.905		0.80576
902		5691.56		0.95844		0.955		0.90439		0.875		0.94301		0.90773		0.81126
903		5693.17		0.95776		0.95398		0.90181		0.87805		0.93264		0.90452		0.8052
904		5694.4		0.95749		0.95346		0.89922		0.88889		0.91192		0.90026		0.79873
905		5695.71		0.9574		0.95314		0.89922		0.90104		0.89637		0.8987		0.79846
906		5697.25		0.9574		0.95315		0.89922		0.89691		0.90155		0.89922		0.79846
907		5699.15		0.95812		0.95379		0.91214		0.89552		0.93264		0.91371		0.82501
908		5700.36		0.95827		0.95375		0.90439		0.87864		0.93782		0.90727		0.81065
909		5701.86		0.95911		0.95492		0.90956		0.88725		0.93782		0.91184		0.82047
910		5703.79		0.95946		0.95523		0.90439		0.89394		0.9171		0.90537		0.80907
911		5705.09		0.96		0.95623		0.89664		0.89637		0.89637		0.89637		0.79328
912		5706.34		0.96021		0.95634		0.90181		0.90155		0.90155		0.90155		0.80362
913		5707.67		0.95916		0.95514		0.90698		0.90256		0.91192		0.90722		0.814
914		5709.05		0.9578		0.95351		0.89922		0.885		0.9171		0.90076		0.79899
915		5710.52		0.95776		0.95382		0.89664		0.87685		0.92228		0.89899		0.79437
916		5711.85		0.95751		0.9525		0.89406		0.87255		0.92228		0.89673		0.78942
917		5713.27		0.95727		0.95279		0.89664		0.87685		0.92228		0.89899		0.79437
918		5715.38		0.95712		0.95222		0.89922		0.88889		0.91192		0.90026		0.79873
919		5717.21		0.95644		0.95088		0.90181		0.90576		0.89637		0.90104		0.80365
920		5718.58		0.95659		0.95042		0.90439		0.91053		0.89637		0.90339		0.80887
921		5720.02		0.95717		0.95117		0.90181		0.8934		0.91192		0.90256		0.8038
922		5721.94		0.95781		0.95163		0.90439		0.88614		0.92746		0.90633		0.80968
923		5723.52		0.9584		0.95287		0.89664		0.87317		0.92746		0.8995		0.79484
924		5725.01		0.95895		0.95357		0.89664		0.87317		0.92746		0.8995		0.79484
925		5726.45		0.95884		0.95335		0.90439		0.89394		0.9171		0.90537		0.80907
926		5727.83		0.95923		0.95411		0.90956		0.90306		0.9171		0.91003		0.81923
927		5729.36		0.95915		0.95377		0.90181		0.90155		0.90155		0.90155		0.80362
928		5731.18		0.95916		0.95407		0.90698		0.89447		0.92228		0.90816		0.81436
929		5732.93		0.95932		0.95445		0.90956		0.895		0.92746		0.91094		0.81967
930		5734.47		0.95944		0.95518		0.90698		0.8867		0.93264		0.90909		0.81507
931		5736.34		0.95907		0.9548		0.90181		0.88557		0.92228		0.90355		0.80432
932		5737.91		0.95879		0.95507		0.89147		0.8794		0.90674		0.89286		0.78334
933		5739.65		0.95798		0.95459		0.89406		0.88		0.91192		0.89567		0.78865
934		5740.98		0.95842		0.95568		0.89406		0.88384		0.90674		0.89514		0.78839
935		5742.19		0.95755		0.95384		0.89406		0.88		0.91192		0.89567		0.78865
936		5743.76		0.95753		0.95283		0.90181		0.87805		0.93264		0.90452		0.8052
937		5745.72		0.95615		0.95046		0.90439		0.88235		0.93264		0.9068		0.81012
938		5746.91		0.95672		0.9513		0.90698		0.89055		0.92746		0.90863		0.81467
939		5748.24		0.95724		0.95213		0.89922		0.89286		0.90674		0.89974		0.79855
940		5749.49		0.957		0.9523		0.89922		0.88889		0.91192		0.90026		0.79873
941		5750.76		0.95728		0.95277		0.90439		0.88614		0.92746		0.90633		0.80968
942		5752.14		0.95792		0.95335		0.90956		0.88725		0.93782		0.91184		0.82047
943		5753.52		0.95876		0.95416		0.90439		0.89394		0.9171		0.90537		0.80907
944		5754.87		0.95867		0.95377		0.89922		0.89691		0.90155		0.89922		0.79846
945		5756.99		0.95874		0.95367		0.89922		0.89691		0.90155		0.89922		0.79846
946		5758.47		0.95931		0.95465		0.90698		0.89447		0.92228		0.90816		0.81436
947		5759.8		0.95964		0.95552		0.90439		0.88235		0.93264		0.9068		0.81012
948		5761.55		0.9585		0.95482		0.90439		0.87864		0.93782		0.90727		0.81065
949		5763.49		0.95779		0.95461		0.90439		0.88235		0.93264		0.9068		0.81012
950		5764.99		0.95696		0.9531		0.89664		0.88832		0.90674		0.89744		0.79346
951		5766.48		0.95596		0.95178		0.89664		0.90909		0.88083		0.89474		0.79365
952		5767.81		0.95644		0.95203		0.89147		0.88718		0.89637		0.89175		0.78299
953		5769.35		0.95687		0.95273		0.89147		0.87562		0.91192		0.8934		0.78364
954		5770.81		0.9572		0.95323		0.89406		0.87255		0.92228		0.89673		0.78942
955		5772.29		0.95904		0.95551		0.89664		0.88832		0.90674		0.89744		0.79346
956		5773.67		0.95867		0.95531		0.8863		0.8984		0.87047		0.88421		0.77296
957		5775.12		0.95644		0.95273		0.89406		0.89583		0.89119		0.89351		0.78812
958		5776.47		0.95497		0.95155		0.89406		0.88384		0.90674		0.89514		0.78839
959		5778.05		0.95609		0.95236		0.89406		0.88384		0.90674		0.89514		0.78839
960		5779.5		0.95683		0.95295		0.90439		0.90206		0.90674		0.90439		0.8088
961		5781.16		0.95749		0.95301		0.90181		0.89744		0.90674		0.90206		0.80366
962		5782.52		0.95755		0.95291		0.89922		0.89691		0.90155		0.89922		0.79846
963		5784.01		0.95697		0.95256		0.89664		0.88442		0.91192		0.89796		0.79368
964		5785.5		0.9562		0.95158		0.89664		0.87685		0.92228		0.89899		0.79437
965		5787.29		0.95631		0.95192		0.89922		0.88119		0.92228		0.90127		0.79934
966		5788.98		0.95588		0.95169		0.90181		0.88557		0.92228		0.90355		0.80432
967		5790.98		0.95513		0.95054		0.90181		0.88945		0.9171		0.90306		0.80402
968		5792.22		0.95534		0.95099		0.90181		0.88557		0.92228		0.90355		0.80432
969		5793.52		0.95542		0.95069		0.90181		0.88557		0.92228		0.90355		0.80432
970		5794.8		0.95589		0.95124		0.89664		0.88442		0.91192		0.89796		0.79368
971		5796.19		0.95552		0.95132		0.89664		0.88442		0.91192		0.89796		0.79368
972		5797.34		0.95506		0.95095		0.89406		0.88776		0.90155		0.8946		0.78822
973		5798.56		0.95473		0.95012		0.89406		0.89175		0.89637		0.89406		0.78813
974		5799.93		0.95549		0.95119		0.89406		0.88776		0.90155		0.8946		0.78822
975		5801.45		0.95636		0.95181		0.89406		0.88384		0.90674		0.89514		0.78839
976		5803.58		0.9568		0.95247		0.89664		0.88442		0.91192		0.89796		0.79368
977		5805.26		0.95703		0.9527		0.90181		0.8934		0.91192		0.90256		0.8038
978		5806.64		0.95759		0.95319		0.90439		0.89796		0.91192		0.90488		0.80889
979		5808.25		0.95791		0.95368		0.90181		0.90155		0.90155		0.90155		0.80362
980		5810.26		0.95791		0.95415		0.90439		0.89796		0.91192		0.90488		0.80889
981		5811.56		0.95724		0.95361		0.89922		0.88889		0.91192		0.90026		0.79873
982		5812.8		0.95637		0.95279		0.89922		0.88119		0.92228		0.90127		0.79934
983		5814.01		0.95649		0.95267		0.89922		0.88119		0.92228		0.90127		0.79934
984		5815.53		0.95655		0.95234		0.89922		0.885		0.9171		0.90076		0.79899
985		5817.2		0.95671		0.9522		0.89922		0.89691		0.90155		0.89922		0.79846
986		5818.85		0.95652		0.95203		0.89406		0.88384		0.90674		0.89514		0.78839
987		5820.36		0.95648		0.95148		0.89147		0.87562		0.91192		0.8934		0.78364
988		5821.75		0.95701		0.95214		0.90181		0.87805		0.93264		0.90452		0.8052
989		5823.56		0.95739		0.95289		0.90181		0.88557		0.92228		0.90355		0.80432
990		5824.92		0.95759		0.95364		0.89922		0.89691		0.90155		0.89922		0.79846
991		5826.44		0.95812		0.95442		0.89922		0.89691		0.90155		0.89922		0.79846
992		5827.87		0.95831		0.95468		0.89922		0.88119		0.92228		0.90127		0.79934
993		5829.65		0.95756		0.95417		0.89922		0.88119		0.92228		0.90127		0.79934
994		5831.61		0.95688		0.95309		0.89406		0.87255		0.92228		0.89673		0.78942
995		5832.96		0.95777		0.95377		0.90439		0.89		0.92228		0.90585		0.80933
996		5834.24		0.95711		0.9524		0.90181		0.90155		0.90155		0.90155		0.80362
997		5835.45		0.95629		0.95205		0.89922		0.89286		0.90674		0.89974		0.79855
998		5836.77		0.95542		0.95105		0.89664		0.88832		0.90674		0.89744		0.79346
999		5838.63		0.9553		0.95095		0.89406		0.87624		0.9171		0.8962		0.78899
1000		5840.17		0.95624		0.95208		0.90439		0.88235		0.93264		0.9068		0.81012
fold: 4
Epoch		Time		AUC		AUPR		Accuracy		Precision		Recall		F1-score		Mcc
1		5843.38		0.79435		0.75741		0.75711		0.71064		0.86528		0.78037		0.52703
AUC improved at epoch  1 ;	best_auc: 0.7943485924897172
2		5844.81		0.79526		0.75863		0.74677		0.70042		0.8601		0.77209		0.5071
AUC improved at epoch  2 ;	best_auc: 0.7952566636397628
3		5846.27		0.79571		0.76473		0.70801		0.73529		0.64767		0.68871		0.41881
AUC improved at epoch  3 ;	best_auc: 0.7957106992147855
4		5847.81		0.79552		0.75945		0.69509		0.7551		0.57513		0.65294		0.40132
5		5849.44		0.79427		0.75551		0.69767		0.75		0.59067		0.66087		0.4042
6		5851.01		0.7916		0.75742		0.72093		0.72727		0.70466		0.71579		0.44202
7		5852.5		0.78992		0.75463		0.70543		0.72316		0.66321		0.69189		0.41213
8		5853.9		0.79232		0.76129		0.70284		0.75		0.60622		0.67049		0.41302
9		5855.42		0.79397		0.76572		0.70543		0.74843		0.61658		0.67614		0.41708
10		5857.49		0.796		0.76913		0.71059		0.72376		0.67876		0.70053		0.4219
AUC improved at epoch  10 ;	best_auc: 0.7960044869398001
11		5858.97		0.80022		0.76734		0.71835		0.74138		0.66839		0.703		0.43867
AUC improved at epoch  11 ;	best_auc: 0.8002243469900112
12		5860.67		0.80626		0.77808		0.7261		0.74857		0.67876		0.71196		0.45403
AUC improved at epoch  12 ;	best_auc: 0.8062603493403131
13		5862.66		0.80866		0.7785		0.73643		0.73822		0.73057		0.73438		0.47288
AUC improved at epoch  13 ;	best_auc: 0.8086640670904333
14		5864.63		0.80746		0.7806		0.74677		0.72947		0.78238		0.755		0.49493
15		5865.95		0.7967		0.7717		0.71576		0.71728		0.70984		0.71354		0.43153
16		5867.51		0.80332		0.77396		0.7416		0.69787		0.84974		0.76636		0.49528
17		5869.08		0.80356		0.77311		0.74677		0.72727		0.78756		0.75622		0.49534
18		5870.99		0.80631		0.77623		0.73643		0.74074		0.72539		0.73298		0.47294
19		5872.65		0.812		0.77816		0.75452		0.72477		0.81865		0.76886		0.51351
AUC improved at epoch  19 ;	best_auc: 0.8120025639656002
20		5874.85		0.8143		0.78002		0.75194		0.71946		0.82383		0.76812		0.50942
AUC improved at epoch  20 ;	best_auc: 0.814299449815715
21		5876.25		0.81686		0.78372		0.74677		0.73869		0.76166		0.75		0.49381
AUC improved at epoch  21 ;	best_auc: 0.8168634154158432
22		5877.61		0.81815		0.78518		0.75194		0.74129		0.77202		0.75635		0.50436
AUC improved at epoch  22 ;	best_auc: 0.8181453982159073
23		5879.11		0.82028		0.787		0.75194		0.72146		0.81865		0.76699		0.50865
AUC improved at epoch  23 ;	best_auc: 0.8202820362160141
24		5880.47		0.8205		0.78634		0.75452		0.72072		0.82902		0.77108		0.51504
AUC improved at epoch  24 ;	best_auc: 0.8204957000160249
25		5881.86		0.82018		0.78185		0.75194		0.71946		0.82383		0.76812		0.50942
26		5883.16		0.819		0.78203		0.75452		0.73113		0.80311		0.76543		0.51164
27		5884.39		0.81972		0.78264		0.74677		0.71889		0.80829		0.76098		0.49754
28		5886.38		0.82031		0.78332		0.75194		0.71946		0.82383		0.76812		0.50942
29		5887.95		0.82204		0.78558		0.74935		0.71818		0.81865		0.76513		0.50381
AUC improved at epoch  29 ;	best_auc: 0.8220447625661023
30		5889.22		0.82159		0.78574		0.7416		0.71628		0.79793		0.7549		0.48651
31		5890.54		0.82194		0.78563		0.74935		0.71818		0.81865		0.76513		0.50381
32		5892.02		0.82261		0.78652		0.75711		0.72		0.83938		0.77512		0.52159
AUC improved at epoch  32 ;	best_auc: 0.8226056300411303
33		5893.5		0.82199		0.7861		0.75194		0.7235		0.81347		0.76585		0.50795
34		5895.24		0.82146		0.78567		0.74935		0.72642		0.79793		0.76049		0.50125
35		5896.65		0.82285		0.78691		0.75711		0.72		0.83938		0.77512		0.52159
AUC improved at epoch  35 ;	best_auc: 0.8228460018161423
36		5898.12		0.82541		0.79003		0.76227		0.72444		0.84456		0.7799		0.53207
AUC improved at epoch  36 ;	best_auc: 0.8254099674162705
37		5899.9		0.82669		0.79166		0.75452		0.72897		0.80829		0.76658		0.5122
AUC improved at epoch  37 ;	best_auc: 0.8266919502163347
38		5901.3		0.82968		0.8017		0.75452		0.72477		0.81865		0.76886		0.51351
AUC improved at epoch  38 ;	best_auc: 0.8296832434164841
39		5902.66		0.83126		0.80373		0.76227		0.72444		0.84456		0.7799		0.53207
AUC improved at epoch  39 ;	best_auc: 0.831259013941563
40		5904.14		0.83182		0.80532		0.75452		0.72897		0.80829		0.76658		0.5122
AUC improved at epoch  40 ;	best_auc: 0.831819881416591
41		5905.72		0.83267		0.80913		0.75711		0.73913		0.79275		0.765		0.51565
AUC improved at epoch  41 ;	best_auc: 0.8326745366166338
42		5907.28		0.83492		0.8127		0.76227		0.72444		0.84456		0.7799		0.53207
AUC improved at epoch  42 ;	best_auc: 0.8349180065167459
43		5908.66		0.83599		0.8153		0.76486		0.73611		0.82383		0.77751		0.53364
AUC improved at epoch  43 ;	best_auc: 0.8359863255167994
44		5910.2		0.83687		0.81713		0.76486		0.73611		0.82383		0.77751		0.53364
AUC improved at epoch  44 ;	best_auc: 0.8368676886918434
45		5911.72		0.8386		0.81944		0.77003		0.73853		0.8342		0.78345		0.54476
AUC improved at epoch  45 ;	best_auc: 0.8386037070669302
46		5913.17		0.84087		0.82263		0.77519		0.75		0.82383		0.78519		0.55317
AUC improved at epoch  46 ;	best_auc: 0.8408738849420436
47		5914.84		0.84322		0.82619		0.77261		0.74194		0.8342		0.78537		0.5496
AUC improved at epoch  47 ;	best_auc: 0.8432241867421614
48		5916.29		0.84368		0.82818		0.77519		0.75		0.82383		0.78519		0.55317
AUC improved at epoch  48 ;	best_auc: 0.8436782223171839
49		5917.92		0.84565		0.83049		0.77778		0.74884		0.8342		0.78922		0.55931
AUC improved at epoch  49 ;	best_auc: 0.8456546124672828
50		5919.34		0.84766		0.8339		0.78295		0.75115		0.84456		0.79512		0.57043
AUC improved at epoch  50 ;	best_auc: 0.8476577105923828
51		5920.76		0.84784		0.83609		0.78553		0.76699		0.81865		0.79198		0.57242
AUC improved at epoch  51 ;	best_auc: 0.8478446664173922
52		5922.14		0.84891		0.83856		0.78553		0.74123		0.87565		0.80285		0.58083
AUC improved at epoch  52 ;	best_auc: 0.8489129854174456
53		5923.86		0.84803		0.83923		0.76227		0.7644		0.75648		0.76042		0.52456
54		5925.38		0.85105		0.84203		0.7907		0.75688		0.85492		0.80292		0.58644
AUC improved at epoch  54 ;	best_auc: 0.8510496234175525
55		5926.99		0.85201		0.84416		0.7907		0.75455		0.8601		0.80387		0.58728
AUC improved at epoch  55 ;	best_auc: 0.8520111105176006
56		5928.49		0.85327		0.84764		0.77261		0.77778		0.76166		0.76963		0.54531
AUC improved at epoch  56 ;	best_auc: 0.8532663853426634
57		5930.04		0.85663		0.84815		0.79587		0.75221		0.88083		0.81146		0.6007
AUC improved at epoch  57 ;	best_auc: 0.8566315901928315
58		5931.56		0.85527		0.84754		0.78553		0.76699		0.81865		0.79198		0.57242
59		5932.9		0.85711		0.8512		0.7907		0.76667		0.8342		0.79901		0.58374
AUC improved at epoch  59 ;	best_auc: 0.8571123337428557
60		5934.46		0.8601		0.85265		0.78295		0.73593		0.88083		0.80189		0.57734
AUC improved at epoch  60 ;	best_auc: 0.8601036269430051
61		5935.87		0.85896		0.8518		0.7907		0.78571		0.79793		0.79177		0.58148
62		5937.37		0.86181		0.85318		0.79328		0.7489		0.88083		0.80952		0.59601
AUC improved at epoch  62 ;	best_auc: 0.8618129373430906
63		5938.87		0.86232		0.85709		0.79845		0.77778		0.8342		0.805		0.59854
AUC improved at epoch  63 ;	best_auc: 0.862320388868116
64		5940.48		0.86379		0.8571		0.80103		0.77619		0.84456		0.80893		0.60449
AUC improved at epoch  64 ;	best_auc: 0.8637893274931894
65		5942.08		0.86569		0.85845		0.80103		0.76364		0.87047		0.81356		0.60815
AUC improved at epoch  65 ;	best_auc: 0.8656855937182842
66		5943.82		0.86737		0.86013		0.81137		0.79126		0.84456		0.81704		0.62421
AUC improved at epoch  66 ;	best_auc: 0.8673681961433684
67		5945.3		0.87137		0.8648		0.81137		0.78037		0.86528		0.82064		0.62654
AUC improved at epoch  67 ;	best_auc: 0.8713743923935687
68		5946.58		0.87559		0.86858		0.81395		0.7788		0.87565		0.82439		0.63291
AUC improved at epoch  68 ;	best_auc: 0.8755942524437796
69		5947.79		0.8738		0.86841		0.81137		0.80928		0.81347		0.81137		0.62275
70		5948.96		0.8784		0.873		0.79328		0.75336		0.87047		0.80769		0.5939
AUC improved at epoch  70 ;	best_auc: 0.8783985898189199
71		5950.35		0.87931		0.87277		0.80879		0.80203		0.81865		0.81026		0.61772
AUC improved at epoch  71 ;	best_auc: 0.8793066609689654
72		5951.57		0.88163		0.8718		0.82429		0.81407		0.83938		0.82653		0.64892
AUC improved at epoch  72 ;	best_auc: 0.8816302547940815
73		5953.08		0.88107		0.87291		0.81137		0.77778		0.87047		0.82152		0.6273
74		5954.93		0.8819		0.87574		0.81654		0.83889		0.78238		0.80965		0.63444
AUC improved at epoch  74 ;	best_auc: 0.8818973345440949
75		5956.18		0.88473		0.87854		0.8062		0.76577		0.88083		0.81928		0.61954
AUC improved at epoch  75 ;	best_auc: 0.8847283798942365
76		5957.59		0.88841		0.88543		0.82429		0.80193		0.8601		0.83		0.65035
AUC improved at epoch  76 ;	best_auc: 0.8884140804444208
77		5959.04		0.89221		0.88914		0.81654		0.83516		0.78756		0.81067		0.63404
AUC improved at epoch  77 ;	best_auc: 0.8922066128946102
78		5960.69		0.89229		0.88761		0.81654		0.78241		0.87565		0.82641		0.6377
AUC improved at epoch  78 ;	best_auc: 0.8922867368196143
79		5962.35		0.8945		0.89225		0.82946		0.82564		0.8342		0.8299		0.65896
AUC improved at epoch  79 ;	best_auc: 0.8945034987447251
80		5964.19		0.89098		0.88908		0.82687		0.82474		0.82902		0.82687		0.65376
81		5966.07		0.89143		0.88858		0.81654		0.78774		0.86528		0.82469		0.63624
82		5968.43		0.89378		0.89008		0.82429		0.81726		0.8342		0.82564		0.64873
83		5970.3		0.89635		0.89597		0.81654		0.82447		0.80311		0.81365		0.63326
AUC improved at epoch  83 ;	best_auc: 0.8963463490198174
84		5972.21		0.89784		0.90194		0.83204		0.80189		0.88083		0.83951		0.66739
AUC improved at epoch  84 ;	best_auc: 0.897841995619892
85		5973.86		0.90361		0.90599		0.82429		0.84153		0.79793		0.81915		0.6494
AUC improved at epoch  85 ;	best_auc: 0.9036109182201806
86		5975.13		0.90153		0.89943		0.82946		0.80095		0.87565		0.83663		0.66186
87		5976.34		0.90014		0.89777		0.83204		0.80769		0.87047		0.83791		0.66615
88		5977.61		0.89947		0.90022		0.80879		0.84795		0.7513		0.7967		0.62149
89		5978.85		0.9022		0.90772		0.80362		0.74894		0.91192		0.82243		0.62227
90		5980.34		0.90882		0.91442		0.82946		0.82902		0.82902		0.82902		0.65891
AUC improved at epoch  90 ;	best_auc: 0.9088189733454409
91		5982.28		0.91066		0.91246		0.83204		0.84043		0.81865		0.8294		0.66428
AUC improved at epoch  91 ;	best_auc: 0.9106618236205329
92		5984.06		0.90738		0.90634		0.82946		0.80095		0.87565		0.83663		0.66186
93		5985.6		0.90294		0.90279		0.83721		0.80952		0.88083		0.84367		0.67711
94		5986.87		0.90604		0.90698		0.84238		0.83		0.8601		0.84478		0.68523
95		5988.29		0.91037		0.91454		0.81912		0.80905		0.8342		0.82143		0.63858
96		5990.27		0.91491		0.9203		0.83979		0.82266		0.86528		0.84343		0.68054
AUC improved at epoch  96 ;	best_auc: 0.9149083916457454
97		5992.4		0.91822		0.92192		0.83463		0.80569		0.88083		0.84158		0.67224
AUC improved at epoch  97 ;	best_auc: 0.918220180545911
98		5994.53		0.91753		0.91746		0.84238		0.83333		0.85492		0.84399		0.685
99		5995.97		0.91587		0.91391		0.84496		0.83085		0.86528		0.84772		0.69054
100		5997.23		0.91734		0.91625		0.83979		0.79909		0.90674		0.84951		0.68591
101		5998.61		0.91969		0.92083		0.83979		0.82266		0.86528		0.84343		0.68054
AUC improved at epoch  101 ;	best_auc: 0.9196891191709844
102		5999.95		0.92052		0.92171		0.84496		0.84817		0.83938		0.84375		0.68995
AUC improved at epoch  102 ;	best_auc: 0.9205170663960259
103		6001.98		0.92105		0.92149		0.83463		0.79186		0.90674		0.84541		0.67649
AUC improved at epoch  103 ;	best_auc: 0.9210512258960525
104		6003.4		0.92017		0.91598		0.84755		0.84184		0.85492		0.84833		0.69518
105		6004.96		0.9202		0.91748		0.84755		0.81604		0.89637		0.85432		0.69854
106		6006.93		0.92046		0.9198		0.82946		0.78475		0.90674		0.84135		0.66711
107		6008.63		0.92279		0.92116		0.86563		0.88108		0.84456		0.86243		0.73186
AUC improved at epoch  107 ;	best_auc: 0.9227872442711393
108		6010.02		0.9238		0.92119		0.8553		0.8186		0.91192		0.86275		0.71531
AUC improved at epoch  108 ;	best_auc: 0.9238021473211901
109		6011.45		0.92396		0.92034		0.8553		0.82775		0.89637		0.8607		0.7131
AUC improved at epoch  109 ;	best_auc: 0.923962395171198
110		6013.17		0.92484		0.92166		0.86822		0.89011		0.83938		0.864		0.73759
AUC improved at epoch  110 ;	best_auc: 0.9248437583462422
111		6014.77		0.92479		0.92406		0.84496		0.8093		0.90155		0.85294		0.69451
112		6016.22		0.92463		0.92329		0.85788		0.82547		0.90674		0.8642		0.71931
113		6017.44		0.92626		0.92344		0.86563		0.85787		0.87565		0.86667		0.73143
AUC improved at epoch  113 ;	best_auc: 0.9262592810213129
114		6018.8		0.92671		0.92261		0.86563		0.8439		0.89637		0.86935		0.73272
AUC improved at epoch  114 ;	best_auc: 0.9267133165963357
115		6020.72		0.92546		0.92328		0.86563		0.83732		0.90674		0.87065		0.73383
116		6023.0		0.92607		0.92521		0.86563		0.86154		0.87047		0.86598		0.73131
117		6024.28		0.92599		0.92432		0.85271		0.82075		0.90155		0.85926		0.70892
118		6025.65		0.92492		0.91879		0.86563		0.84058		0.90155		0.87		0.73324
119		6027.14		0.92607		0.91763		0.86822		0.855		0.88601		0.87023		0.73694
120		6028.4		0.92658		0.91964		0.86563		0.83732		0.90674		0.87065		0.73383
121		6029.93		0.93027		0.92428		0.88372		0.89362		0.87047		0.88189		0.76768
AUC improved at epoch  121 ;	best_auc: 0.9302654772715133
122		6031.72		0.93035		0.92669		0.8553		0.81567		0.9171		0.86341		0.71621
AUC improved at epoch  122 ;	best_auc: 0.9303456011965173
123		6033.45		0.9282		0.92503		0.87339		0.86735		0.88083		0.87404		0.74687
124		6034.87		0.93067		0.92726		0.8553		0.8216		0.90674		0.86207		0.71449
AUC improved at epoch  124 ;	best_auc: 0.9306660968965332
125		6037.09		0.93016		0.92511		0.86822		0.84804		0.89637		0.87154		0.73766
126		6038.82		0.92828		0.92197		0.8708		0.88649		0.84974		0.86772		0.74221
127		6040.61		0.92834		0.92589		0.85013		0.81395		0.90674		0.85784		0.70491
128		6041.95		0.92714		0.92598		0.87597		0.86802		0.88601		0.87692		0.75211
129		6043.17		0.92856		0.92598		0.88114		0.88889		0.87047		0.87958		0.76242
130		6044.4		0.9292		0.92646		0.86305		0.83981		0.89637		0.86717		0.72779
131		6045.65		0.93037		0.9272		0.86305		0.83981		0.89637		0.86717		0.72779
132		6047.3		0.93085		0.92752		0.87855		0.87629		0.88083		0.87855		0.75712
AUC improved at epoch  132 ;	best_auc: 0.9308530527215426
133		6049.13		0.93123		0.92974		0.8708		0.8593		0.88601		0.87245		0.74198
AUC improved at epoch  133 ;	best_auc: 0.9312269643715614
134		6050.42		0.92976		0.92843		0.87597		0.86432		0.89119		0.87755		0.75232
135		6052.13		0.93294		0.93095		0.8863		0.88205		0.89119		0.8866		0.77266
AUC improved at epoch  135 ;	best_auc: 0.9329362747716468
136		6054.11		0.93446		0.93294		0.86822		0.84135		0.90674		0.87282		0.73871
AUC improved at epoch  136 ;	best_auc: 0.9344586293467231
137		6055.56		0.93326		0.93221		0.87597		0.86802		0.88601		0.87692		0.75211
138		6056.75		0.93298		0.93128		0.87597		0.8836		0.86528		0.87435		0.75208
139		6057.96		0.93075		0.93036		0.88114		0.86207		0.90674		0.88384		0.76332
140		6059.17		0.92953		0.92818		0.8708		0.85572		0.89119		0.8731		0.74226
141		6060.99		0.93145		0.92861		0.87855		0.86869		0.89119		0.8798		0.75737
142		6062.68		0.93191		0.92809		0.86563		0.87701		0.84974		0.86316		0.73159
143		6064.0		0.93024		0.92828		0.85788		0.85204		0.86528		0.85861		0.71586
144		6065.32		0.93318		0.93198		0.88114		0.87692		0.88601		0.88144		0.76232
145		6066.87		0.93222		0.93293		0.87597		0.86802		0.88601		0.87692		0.75211
146		6068.43		0.93322		0.93494		0.87597		0.86802		0.88601		0.87692		0.75211
147		6069.75		0.93426		0.93613		0.87339		0.86735		0.88083		0.87404		0.74687
148		6071.29		0.93382		0.9337		0.88372		0.90217		0.8601		0.88064		0.76824
149		6072.75		0.93307		0.93235		0.87597		0.87958		0.87047		0.875		0.75197
150		6074.2		0.93328		0.93335		0.87597		0.87179		0.88083		0.87629		0.75198
151		6075.76		0.93282		0.93378		0.86822		0.87368		0.8601		0.86684		0.73651
152		6077.11		0.93374		0.93437		0.87339		0.8913		0.84974		0.87003		0.74755
153		6078.78		0.93527		0.93532		0.86563		0.85787		0.87565		0.86667		0.73143
AUC improved at epoch  153 ;	best_auc: 0.9352732225842637
154		6080.28		0.93506		0.93581		0.87597		0.85714		0.90155		0.87879		0.75298
155		6081.72		0.93598		0.93723		0.87855		0.87629		0.88083		0.87855		0.75712
AUC improved at epoch  155 ;	best_auc: 0.9359809839217991
156		6083.47		0.93454		0.93607		0.87597		0.87565		0.87565		0.87565		0.75194
157		6085.39		0.93323		0.93494		0.87597		0.87179		0.88083		0.87629		0.75198
158		6086.69		0.93509		0.93535		0.8708		0.87831		0.8601		0.86911		0.74175
159		6088.0		0.93352		0.93364		0.8708		0.86294		0.88083		0.87179		0.74177
160		6089.15		0.93128		0.93202		0.87339		0.85644		0.89637		0.87595		0.74761
161		6090.77		0.93371		0.93564		0.86305		0.85		0.88083		0.86514		0.7266
162		6092.64		0.93382		0.93651		0.86822		0.86598		0.87047		0.86822		0.73645
163		6094.65		0.93392		0.93742		0.86047		0.85279		0.87047		0.86154		0.7211
164		6096.02		0.93497		0.93755		0.86563		0.85427		0.88083		0.86735		0.73164
165		6097.32		0.93519		0.93716		0.87339		0.86364		0.88601		0.87468		0.74703
166		6098.71		0.93383		0.93558		0.87855		0.87245		0.88601		0.87918		0.75721
167		6099.95		0.93426		0.93653		0.87855		0.86869		0.89119		0.8798		0.75737
168		6101.19		0.93626		0.93922		0.88372		0.87374		0.89637		0.88491		0.76771
AUC improved at epoch  168 ;	best_auc: 0.936261417659313
169		6102.44		0.9386		0.9413		0.88372		0.87374		0.89637		0.88491		0.76771
AUC improved at epoch  169 ;	best_auc: 0.93859836547193
170		6103.67		0.93979		0.94179		0.87597		0.86432		0.89119		0.87755		0.75232
AUC improved at epoch  170 ;	best_auc: 0.9397868703594894
171		6105.15		0.94076		0.94265		0.8863		0.88205		0.89119		0.8866		0.77266
AUC improved at epoch  171 ;	best_auc: 0.940761711447038
172		6106.62		0.94007		0.9409		0.8863		0.88601		0.88601		0.88601		0.77261
173		6108.27		0.93936		0.94074		0.88372		0.87755		0.89119		0.88432		0.76754
174		6109.81		0.93814		0.93948		0.87597		0.86432		0.89119		0.87755		0.75232
175		6111.98		0.93658		0.93837		0.87855		0.87245		0.88601		0.87918		0.75721
176		6113.19		0.93665		0.93879		0.87855		0.87629		0.88083		0.87855		0.75712
177		6114.39		0.93648		0.93876		0.87855		0.88421		0.87047		0.87728		0.75719
178		6115.95		0.93635		0.93843		0.88372		0.89362		0.87047		0.88189		0.76768
179		6117.55		0.93579		0.93826		0.88114		0.88889		0.87047		0.87958		0.76242
180		6119.17		0.93563		0.93741		0.87339		0.86735		0.88083		0.87404		0.74687
181		6120.41		0.93529		0.93655		0.87339		0.86735		0.88083		0.87404		0.74687
182		6122.09		0.93382		0.93358		0.88114		0.88083		0.88083		0.88083		0.76227
183		6124.25		0.93491		0.93499		0.88372		0.88542		0.88083		0.88312		0.76745
184		6125.9		0.93666		0.93765		0.88114		0.87692		0.88601		0.88144		0.76232
185		6127.36		0.93814		0.93953		0.88372		0.87755		0.89119		0.88432		0.76754
186		6128.81		0.93859		0.94049		0.88114		0.87692		0.88601		0.88144		0.76232
187		6130.04		0.93838		0.94054		0.87597		0.87958		0.87047		0.875		0.75197
188		6131.29		0.93897		0.94095		0.87597		0.8836		0.86528		0.87435		0.75208
189		6133.06		0.9388		0.94013		0.88114		0.88083		0.88083		0.88083		0.76227
190		6134.7		0.93821		0.9395		0.88114		0.86935		0.89637		0.88265		0.76266
191		6136.2		0.93698		0.938		0.88372		0.87374		0.89637		0.88491		0.76771
192		6137.86		0.93749		0.94037		0.88372		0.87755		0.89119		0.88432		0.76754
193		6139.81		0.93786		0.94056		0.87855		0.86869		0.89119		0.8798		0.75737
194		6141.12		0.93716		0.93972		0.88889		0.8866		0.89119		0.88889		0.77779
195		6142.49		0.93701		0.93827		0.8863		0.88205		0.89119		0.8866		0.77266
196		6143.75		0.93585		0.93597		0.87339		0.875		0.87047		0.87273		0.74677
197		6144.95		0.93554		0.93263		0.88114		0.87692		0.88601		0.88144		0.76232
198		6146.65		0.93494		0.93228		0.87597		0.86802		0.88601		0.87692		0.75211
199		6148.29		0.93569		0.93217		0.88114		0.8731		0.89119		0.88205		0.76245
200		6149.89		0.93621		0.93601		0.8863		0.88205		0.89119		0.8866		0.77266
201		6151.76		0.93598		0.9361		0.87855		0.86869		0.89119		0.8798		0.75737
202		6153.24		0.93539		0.93653		0.8708		0.85572		0.89119		0.8731		0.74226
203		6155.06		0.93538		0.93424		0.87339		0.86		0.89119		0.87532		0.74728
204		6156.23		0.93526		0.93502		0.87339		0.86		0.89119		0.87532		0.74728
205		6157.42		0.93507		0.9359		0.8708		0.8593		0.88601		0.87245		0.74198
206		6158.85		0.93535		0.9363		0.86047		0.8601		0.8601		0.8601		0.72093
207		6160.56		0.93649		0.93995		0.86563		0.87302		0.85492		0.86387		0.73141
208		6162.17		0.93692		0.94072		0.88114		0.87692		0.88601		0.88144		0.76232
209		6163.97		0.93709		0.94102		0.88372		0.87374		0.89637		0.88491		0.76771
210		6165.7		0.93672		0.94096		0.8863		0.87065		0.90674		0.88832		0.77329
211		6167.6		0.93641		0.94007		0.8708		0.84541		0.90674		0.875		0.7436
212		6168.8		0.93585		0.93913		0.8708		0.85222		0.89637		0.87374		0.74263
213		6169.99		0.93613		0.93889		0.88114		0.88083		0.88083		0.88083		0.76227
214		6171.16		0.93635		0.93856		0.87597		0.89189		0.85492		0.87302		0.75255
215		6172.48		0.93676		0.93932		0.88372		0.89785		0.86528		0.88127		0.76792
216		6173.75		0.93756		0.93956		0.87855		0.88021		0.87565		0.87792		0.75711
217		6175.25		0.9382		0.94042		0.88372		0.88144		0.88601		0.88372		0.76745
218		6177.02		0.93884		0.94108		0.88889		0.89062		0.88601		0.88831		0.77778
219		6179.15		0.9394		0.94171		0.89147		0.89947		0.88083		0.89005		0.7831
220		6180.49		0.93911		0.94155		0.8863		0.88205		0.89119		0.8866		0.77266
221		6181.74		0.9388		0.94158		0.88114		0.86935		0.89637		0.88265		0.76266
222		6183.56		0.93912		0.94227		0.87597		0.8607		0.89637		0.87817		0.75261
223		6185.26		0.939		0.94201		0.88114		0.87692		0.88601		0.88144		0.76232
224		6187.23		0.93849		0.94151		0.87855		0.88021		0.87565		0.87792		0.75711
225		6188.79		0.93782		0.94044		0.87597		0.87958		0.87047		0.875		0.75197
226		6190.25		0.93816		0.94138		0.87339		0.875		0.87047		0.87273		0.74677
227		6192.07		0.93761		0.94081		0.87339		0.87895		0.86528		0.87206		0.74685
228		6193.54		0.93778		0.9408		0.88372		0.88947		0.87565		0.88251		0.76752
229		6194.81		0.9375		0.94038		0.88889		0.8866		0.89119		0.88889		0.77779
230		6195.98		0.93804		0.94056		0.88372		0.87755		0.89119		0.88432		0.76754
231		6197.2		0.93745		0.93901		0.8863		0.87437		0.90155		0.88776		0.773
232		6198.5		0.93614		0.93699		0.88372		0.88542		0.88083		0.88312		0.76745
233		6199.72		0.93652		0.93658		0.8863		0.88601		0.88601		0.88601		0.77261
234		6200.95		0.93697		0.93766		0.8863		0.87817		0.89637		0.88718		0.77279
235		6202.32		0.93768		0.93874		0.88114		0.86935		0.89637		0.88265		0.76266
236		6204.68		0.93794		0.93922		0.87597		0.86802		0.88601		0.87692		0.75211
237		6206.33		0.93748		0.93812		0.87855		0.87629		0.88083		0.87855		0.75712
238		6207.88		0.93772		0.93863		0.88114		0.88083		0.88083		0.88083		0.76227
239		6209.26		0.93734		0.93934		0.87855		0.88021		0.87565		0.87792		0.75711
240		6211.07		0.93728		0.93954		0.87855		0.88021		0.87565		0.87792		0.75711
241		6212.98		0.93754		0.94025		0.88114		0.88482		0.87565		0.88021		0.76231
242		6214.79		0.93834		0.94113		0.87855		0.88021		0.87565		0.87792		0.75711
243		6216.58		0.93912		0.94169		0.87855		0.88021		0.87565		0.87792		0.75711
244		6218.42		0.93899		0.94186		0.88114		0.88083		0.88083		0.88083		0.76227
245		6219.73		0.93957		0.94259		0.88372		0.87755		0.89119		0.88432		0.76754
246		6220.95		0.93967		0.94256		0.88372		0.87374		0.89637		0.88491		0.76771
247		6222.11		0.93971		0.94236		0.88372		0.87755		0.89119		0.88432		0.76754
248		6223.27		0.93887		0.94153		0.88889		0.8866		0.89119		0.88889		0.77779
249		6224.44		0.93837		0.94142		0.89664		0.90052		0.89119		0.89583		0.79332
250		6225.72		0.9382		0.94125		0.89664		0.90052		0.89119		0.89583		0.79332
251		6226.98		0.93861		0.94176		0.89406		0.89583		0.89119		0.89351		0.78812
252		6228.48		0.93744		0.94101		0.88889		0.8866		0.89119		0.88889		0.77779
253		6230.35		0.93662		0.9393		0.87855		0.86869		0.89119		0.8798		0.75737
254		6231.64		0.93674		0.93932		0.87339		0.86		0.89119		0.87532		0.74728
255		6232.82		0.93633		0.93913		0.87855		0.865		0.89637		0.88041		0.75762
256		6234.18		0.9359		0.93893		0.87597		0.86802		0.88601		0.87692		0.75211
257		6235.75		0.93583		0.93877		0.87339		0.87113		0.87565		0.87339		0.74678
258		6237.81		0.93557		0.93827		0.87339		0.87113		0.87565		0.87339		0.74678
259		6239.56		0.93583		0.93886		0.8708		0.86667		0.87565		0.87113		0.74165
260		6240.74		0.93618		0.9393		0.87597		0.87179		0.88083		0.87629		0.75198
261		6241.99		0.93622		0.9392		0.87597		0.87179		0.88083		0.87629		0.75198
262		6244.32		0.93635		0.93995		0.87855		0.88021		0.87565		0.87792		0.75711
263		6246.22		0.9359		0.93916		0.88114		0.88482		0.87565		0.88021		0.76231
264		6247.41		0.93619		0.93944		0.8863		0.89005		0.88083		0.88542		0.77264
265		6248.66		0.93658		0.9396		0.88372		0.88542		0.88083		0.88312		0.76745
266		6249.95		0.93717		0.93932		0.88114		0.87692		0.88601		0.88144		0.76232
267		6251.2		0.93877		0.9406		0.88114		0.87692		0.88601		0.88144		0.76232
268		6252.49		0.93909		0.9413		0.88114		0.86935		0.89637		0.88265		0.76266
269		6253.67		0.93911		0.94109		0.8863		0.87817		0.89637		0.88718		0.77279
270		6254.89		0.93911		0.94064		0.89147		0.89119		0.89119		0.89119		0.78294
271		6256.45		0.9382		0.94001		0.88372		0.88947		0.87565		0.88251		0.76752
272		6258.34		0.93814		0.94098		0.88372		0.90217		0.8601		0.88064		0.76824
273		6260.05		0.93756		0.94051		0.88372		0.90217		0.8601		0.88064		0.76824
274		6261.68		0.93782		0.94135		0.88114		0.88889		0.87047		0.87958		0.76242
275		6262.88		0.9378		0.94052		0.87597		0.87565		0.87565		0.87565		0.75194
276		6264.13		0.93817		0.94163		0.87339		0.86735		0.88083		0.87404		0.74687
277		6265.44		0.93792		0.94111		0.8863		0.87437		0.90155		0.88776		0.773
278		6267.14		0.93733		0.94063		0.88889		0.88265		0.89637		0.88946		0.77788
279		6268.71		0.9372		0.94045		0.88889		0.89474		0.88083		0.88773		0.77786
280		6270.28		0.93693		0.94015		0.89406		0.90426		0.88083		0.89239		0.78836
281		6272.39		0.93738		0.94073		0.88889		0.89062		0.88601		0.88831		0.77778
282		6273.55		0.93688		0.94071		0.87339		0.86		0.89119		0.87532		0.74728
283		6274.91		0.93718		0.9404		0.86563		0.84729		0.89119		0.86869		0.73228
284		6276.86		0.93778		0.94053		0.87855		0.86869		0.89119		0.8798		0.75737
285		6278.34		0.93721		0.93982		0.8863		0.89005		0.88083		0.88542		0.77264
286		6279.56		0.93705		0.93945		0.88889		0.89474		0.88083		0.88773		0.77786
287		6280.77		0.93708		0.93989		0.8863		0.87817		0.89637		0.88718		0.77279
288		6282.38		0.93722		0.93998		0.88114		0.86935		0.89637		0.88265		0.76266
289		6284.0		0.93782		0.94056		0.87855		0.865		0.89637		0.88041		0.75762
290		6285.89		0.93826		0.94087		0.87597		0.86432		0.89119		0.87755		0.75232
291		6287.66		0.93837		0.93983		0.88372		0.87755		0.89119		0.88432		0.76754
292		6288.88		0.93856		0.94012		0.88889		0.89474		0.88083		0.88773		0.77786
293		6290.17		0.93825		0.93934		0.88889		0.90323		0.87047		0.88654		0.77827
294		6291.49		0.93844		0.9389		0.88889		0.90323		0.87047		0.88654		0.77827
295		6292.82		0.93859		0.93972		0.87597		0.87958		0.87047		0.875		0.75197
296		6294.03		0.9386		0.94058		0.87339		0.86364		0.88601		0.87468		0.74703
297		6295.2		0.93857		0.94123		0.8708		0.85572		0.89119		0.8731		0.74226
298		6296.47		0.9378		0.9402		0.87855		0.865		0.89637		0.88041		0.75762
299		6298.12		0.93753		0.93982		0.87597		0.86432		0.89119		0.87755		0.75232
300		6300.59		0.93776		0.93954		0.88114		0.88482		0.87565		0.88021		0.76231
301		6301.9		0.93781		0.94072		0.87855		0.89247		0.8601		0.87599		0.75758
302		6303.23		0.93864		0.94224		0.87855		0.89247		0.8601		0.87599		0.75758
303		6304.4		0.93888		0.94202		0.87597		0.87958		0.87047		0.875		0.75197
304		6305.83		0.93859		0.93968		0.87597		0.8607		0.89637		0.87817		0.75261
305		6307.84		0.93863		0.93953		0.87339		0.85294		0.90155		0.87657		0.74801
306		6309.93		0.93812		0.93831		0.87597		0.86432		0.89119		0.87755		0.75232
307		6311.99		0.93772		0.9399		0.88372		0.88947		0.87565		0.88251		0.76752
308		6313.27		0.93637		0.93733		0.88114		0.89305		0.86528		0.87895		0.76262
309		6314.57		0.93605		0.93719		0.88889		0.89474		0.88083		0.88773		0.77786
310		6315.71		0.93693		0.93832		0.89147		0.88718		0.89637		0.89175		0.78299
311		6317.04		0.93762		0.94055		0.89406		0.88776		0.90155		0.8946		0.78822
312		6318.21		0.93891		0.94253		0.88372		0.87		0.90155		0.8855		0.76796
313		6319.38		0.93887		0.94251		0.87855		0.865		0.89637		0.88041		0.75762
314		6320.56		0.93837		0.94225		0.88889		0.88265		0.89637		0.88946		0.77788
315		6322.64		0.93856		0.94212		0.8863		0.89005		0.88083		0.88542		0.77264
316		6323.89		0.93856		0.94199		0.8863		0.88601		0.88601		0.88601		0.77261
317		6325.1		0.93756		0.94069		0.88372		0.88542		0.88083		0.88312		0.76745
318		6326.28		0.93732		0.93996		0.87855		0.87629		0.88083		0.87855		0.75712
319		6327.48		0.93769		0.94041		0.88114		0.8731		0.89119		0.88205		0.76245
320		6329.72		0.93814		0.93981		0.88372		0.87374		0.89637		0.88491		0.76771
321		6331.93		0.9375		0.93926		0.88889		0.88265		0.89637		0.88946		0.77788
322		6333.16		0.93804		0.93985		0.8863		0.89005		0.88083		0.88542		0.77264
323		6335.17		0.93788		0.9398		0.88114		0.88889		0.87047		0.87958		0.76242
324		6337.09		0.93784		0.93949		0.88114		0.88482		0.87565		0.88021		0.76231
325		6338.77		0.93772		0.93979		0.8863		0.89418		0.87565		0.88482		0.77276
326		6339.98		0.93757		0.9392		0.88889		0.8866		0.89119		0.88889		0.77779
327		6341.16		0.93638		0.93658		0.89406		0.89583		0.89119		0.89351		0.78812
328		6342.3		0.93585		0.93596		0.89147		0.89529		0.88601		0.89062		0.78298
329		6343.58		0.93631		0.93711		0.88372		0.88144		0.88601		0.88372		0.76745
330		6344.77		0.93749		0.93791		0.88114		0.86567		0.90155		0.88325		0.76295
331		6346.24		0.93845		0.93985		0.8708		0.85222		0.89637		0.87374		0.74263
332		6347.69		0.9388		0.94086		0.87597		0.8607		0.89637		0.87817		0.75261
333		6349.38		0.93848		0.94112		0.87855		0.87629		0.88083		0.87855		0.75712
334		6351.06		0.93817		0.94083		0.87855		0.8883		0.86528		0.87664		0.75734
335		6353.14		0.93785		0.94031		0.87855		0.89247		0.8601		0.87599		0.75758
336		6354.71		0.93764		0.94019		0.88372		0.88947		0.87565		0.88251		0.76752
337		6355.97		0.93829		0.9415		0.87339		0.86364		0.88601		0.87468		0.74703
338		6357.35		0.93873		0.94264		0.88114		0.8731		0.89119		0.88205		0.76245
339		6358.78		0.93917		0.94295		0.8863		0.88601		0.88601		0.88601		0.77261
340		6360.21		0.93939		0.94306		0.89147		0.88718		0.89637		0.89175		0.78299
341		6361.84		0.94003		0.94398		0.88889		0.88265		0.89637		0.88946		0.77788
342		6363.62		0.9411		0.94539		0.88114		0.87692		0.88601		0.88144		0.76232
AUC improved at epoch  342 ;	best_auc: 0.9410955611345547
343		6365.61		0.94029		0.94463		0.87339		0.87113		0.87565		0.87339		0.74678
344		6366.8		0.93956		0.94393		0.88114		0.88482		0.87565		0.88021		0.76231
345		6368.18		0.93873		0.94356		0.87855		0.88421		0.87047		0.87728		0.75719
346		6370.05		0.93778		0.94227		0.88114		0.88083		0.88083		0.88083		0.76227
347		6371.78		0.93694		0.94157		0.87597		0.87565		0.87565		0.87565		0.75194
348		6372.97		0.93605		0.9395		0.87855		0.87245		0.88601		0.87918		0.75721
349		6374.17		0.93593		0.93873		0.8708		0.86667		0.87565		0.87113		0.74165
350		6375.79		0.93638		0.93879		0.87339		0.87113		0.87565		0.87339		0.74678
351		6377.52		0.9371		0.94018		0.87339		0.86735		0.88083		0.87404		0.74687
352		6378.92		0.93678		0.93932		0.87855		0.86869		0.89119		0.8798		0.75737
353		6380.56		0.9368		0.93934		0.87339		0.86364		0.88601		0.87468		0.74703
354		6382.04		0.93685		0.93969		0.87597		0.87565		0.87565		0.87565		0.75194
355		6384.07		0.93784		0.94091		0.88372		0.88947		0.87565		0.88251		0.76752
356		6385.85		0.93842		0.94106		0.88114		0.88083		0.88083		0.88083		0.76227
357		6387.11		0.93895		0.94178		0.88372		0.88947		0.87565		0.88251		0.76752
358		6388.32		0.94009		0.94349		0.8863		0.88601		0.88601		0.88601		0.77261
359		6389.51		0.94041		0.94287		0.8863		0.88205		0.89119		0.8866		0.77266
360		6390.8		0.94053		0.94243		0.88889		0.89062		0.88601		0.88831		0.77778
361		6392.04		0.94027		0.9424		0.89147		0.89529		0.88601		0.89062		0.78298
362		6393.25		0.93951		0.94293		0.8863		0.89005		0.88083		0.88542		0.77264
363		6394.78		0.93877		0.94238		0.8863		0.88601		0.88601		0.88601		0.77261
364		6396.52		0.93865		0.94309		0.88114		0.88083		0.88083		0.88083		0.76227
365		6398.27		0.93804		0.94219		0.87855		0.88021		0.87565		0.87792		0.75711
366		6400.27		0.93789		0.94169		0.88372		0.88947		0.87565		0.88251		0.76752
367		6402.23		0.93808		0.94224		0.88372		0.88947		0.87565		0.88251		0.76752
368		6403.71		0.93863		0.94287		0.8863		0.88205		0.89119		0.8866		0.77266
369		6404.88		0.93877		0.94261		0.87855		0.87629		0.88083		0.87855		0.75712
370		6406.11		0.93833		0.94242		0.87339		0.86735		0.88083		0.87404		0.74687
371		6407.68		0.93884		0.94295		0.87597		0.86802		0.88601		0.87692		0.75211
372		6409.53		0.93806		0.94211		0.8863		0.88601		0.88601		0.88601		0.77261
373		6411.74		0.9373		0.94053		0.88889		0.89474		0.88083		0.88773		0.77786
374		6413.07		0.93678		0.93999		0.88114		0.88889		0.87047		0.87958		0.76242
375		6414.26		0.9366		0.93932		0.87597		0.89617		0.84974		0.87234		0.75291
376		6415.61		0.93706		0.93961		0.88372		0.88947		0.87565		0.88251		0.76752
377		6416.78		0.93798		0.93993		0.88372		0.88144		0.88601		0.88372		0.76745
378		6417.99		0.93879		0.94094		0.89147		0.8794		0.90674		0.89286		0.78334
379		6419.28		0.93892		0.941		0.88372		0.86634		0.90674		0.88608		0.7683
380		6420.68		0.93903		0.94037		0.88889		0.87879		0.90155		0.89003		0.77805
381		6422.3		0.93935		0.94033		0.88889		0.89894		0.87565		0.88714		0.77802
382		6424.11		0.93959		0.94076		0.89147		0.90811		0.87047		0.88889		0.78359
383		6425.32		0.94063		0.94326		0.8863		0.9027		0.86528		0.8836		0.77325
384		6427.03		0.94106		0.94334		0.88372		0.89362		0.87047		0.88189		0.76768
385		6428.77		0.94124		0.94378		0.88372		0.88542		0.88083		0.88312		0.76745
AUC improved at epoch  385 ;	best_auc: 0.941242454997062
386		6430.16		0.94147		0.9439		0.88889		0.8866		0.89119		0.88889		0.77779
AUC improved at epoch  386 ;	best_auc: 0.9414694727845734
387		6432.26		0.94159		0.94387		0.89147		0.88325		0.90155		0.89231		0.78312
AUC improved at epoch  387 ;	best_auc: 0.9415896586720796
388		6434.34		0.94136		0.94437		0.89147		0.89529		0.88601		0.89062		0.78298
389		6436.36		0.9408		0.94351		0.89147		0.90374		0.87565		0.88947		0.7833
390		6437.66		0.94027		0.943		0.88889		0.90323		0.87047		0.88654		0.77827
391		6438.87		0.94115		0.94423		0.88889		0.89894		0.87565		0.88714		0.77802
392		6440.02		0.94151		0.94381		0.88114		0.88889		0.87047		0.87958		0.76242
393		6441.3		0.94176		0.94427		0.88372		0.88542		0.88083		0.88312		0.76745
AUC improved at epoch  393 ;	best_auc: 0.9417632605095881
394		6442.66		0.94202		0.94495		0.8863		0.88601		0.88601		0.88601		0.77261
AUC improved at epoch  394 ;	best_auc: 0.9420169862721008
395		6443.97		0.94143		0.94448		0.88114		0.88482		0.87565		0.88021		0.76231
396		6445.21		0.94072		0.94441		0.88372		0.89362		0.87047		0.88189		0.76768
397		6446.71		0.93943		0.94298		0.88372		0.90217		0.8601		0.88064		0.76824
398		6448.35		0.93909		0.94268		0.88372		0.88947		0.87565		0.88251		0.76752
399		6449.67		0.93897		0.94253		0.88114		0.88482		0.87565		0.88021		0.76231
400		6450.89		0.93913		0.94173		0.88372		0.88542		0.88083		0.88312		0.76745
401		6452.19		0.93937		0.94199		0.88372		0.88542		0.88083		0.88312		0.76745
402		6453.69		0.93912		0.9419		0.88372		0.88947		0.87565		0.88251		0.76752
403		6455.58		0.93959		0.94245		0.8863		0.88601		0.88601		0.88601		0.77261
404		6457.02		0.93969		0.94397		0.88372		0.88542		0.88083		0.88312		0.76745
405		6458.51		0.94024		0.94471		0.87855		0.87245		0.88601		0.87918		0.75721
406		6460.07		0.93977		0.94445		0.88114		0.86935		0.89637		0.88265		0.76266
407		6461.69		0.93963		0.94407		0.88114		0.88482		0.87565		0.88021		0.76231
408		6463.75		0.93935		0.94352		0.88372		0.89362		0.87047		0.88189		0.76768
409		6465.58		0.93904		0.94265		0.87855		0.89247		0.8601		0.87599		0.75758
410		6467.54		0.93931		0.94302		0.88114		0.89305		0.86528		0.87895		0.76262
411		6468.81		0.93969		0.9434		0.8863		0.89005		0.88083		0.88542		0.77264
412		6470.1		0.94072		0.94384		0.87855		0.87245		0.88601		0.87918		0.75721
413		6471.29		0.94116		0.94434		0.88114		0.87692		0.88601		0.88144		0.76232
414		6472.47		0.94072		0.94502		0.88889		0.89062		0.88601		0.88831		0.77778
415		6473.67		0.94087		0.94545		0.88889		0.89474		0.88083		0.88773		0.77786
416		6474.91		0.94144		0.94634		0.8863		0.89005		0.88083		0.88542		0.77264
417		6477.02		0.9415		0.94643		0.8863		0.89418		0.87565		0.88482		0.77276
418		6478.72		0.94071		0.9456		0.87855		0.88021		0.87565		0.87792		0.75711
419		6480.6		0.94123		0.94594		0.87855		0.87629		0.88083		0.87855		0.75712
420		6482.04		0.94228		0.94704		0.88889		0.89062		0.88601		0.88831		0.77778
AUC improved at epoch  420 ;	best_auc: 0.9422840660221141
421		6483.45		0.94267		0.94708		0.88889		0.8866		0.89119		0.88889		0.77779
AUC improved at epoch  421 ;	best_auc: 0.9426713316596336
422		6484.75		0.9428		0.94704		0.88889		0.8866		0.89119		0.88889		0.77779
AUC improved at epoch  422 ;	best_auc: 0.9428048715346402
423		6485.98		0.94267		0.94658		0.88372		0.88144		0.88601		0.88372		0.76745
424		6487.29		0.942		0.9458		0.88114		0.88083		0.88083		0.88083		0.76227
425		6489.17		0.94171		0.94548		0.88372		0.88542		0.88083		0.88312		0.76745
426		6490.99		0.94111		0.94475		0.88114		0.89305		0.86528		0.87895		0.76262
427		6492.17		0.94035		0.94266		0.88114		0.89305		0.86528		0.87895		0.76262
428		6493.83		0.94009		0.94232		0.87855		0.8883		0.86528		0.87664		0.75734
429		6495.86		0.94013		0.94244		0.88114		0.88482		0.87565		0.88021		0.76231
430		6497.87		0.93961		0.94215		0.8863		0.88601		0.88601		0.88601		0.77261
431		6499.21		0.93891		0.94152		0.89147		0.88718		0.89637		0.89175		0.78299
432		6500.41		0.93859		0.94182		0.89406		0.89175		0.89637		0.89406		0.78813
433		6502.17		0.93867		0.94177		0.8863		0.88205		0.89119		0.8866		0.77266
434		6503.86		0.93925		0.94226		0.88372		0.87755		0.89119		0.88432		0.76754
435		6505.5		0.93965		0.9424		0.8863		0.88601		0.88601		0.88601		0.77261
436		6507.12		0.94008		0.94312		0.8863		0.88601		0.88601		0.88601		0.77261
437		6508.52		0.93929		0.94192		0.88114		0.88482		0.87565		0.88021		0.76231
438		6509.88		0.9384		0.94127		0.87855		0.88421		0.87047		0.87728		0.75719
439		6511.04		0.93784		0.941		0.87597		0.87958		0.87047		0.875		0.75197
440		6512.19		0.93786		0.94094		0.87597		0.87958		0.87047		0.875		0.75197
441		6513.38		0.93753		0.94048		0.8708		0.87831		0.8601		0.86911		0.74175
442		6514.67		0.93825		0.94175		0.87339		0.88298		0.8601		0.87139		0.747
443		6515.83		0.93864		0.94248		0.87339		0.88298		0.8601		0.87139		0.747
444		6517.08		0.93947		0.94354		0.87597		0.8836		0.86528		0.87435		0.75208
445		6518.55		0.93997		0.94425		0.87597		0.87565		0.87565		0.87565		0.75194
446		6520.14		0.94047		0.94456		0.87855		0.88421		0.87047		0.87728		0.75719
447		6521.32		0.94103		0.94494		0.88114		0.88083		0.88083		0.88083		0.76227
448		6522.73		0.94171		0.94563		0.87597		0.87179		0.88083		0.87629		0.75198
449		6524.59		0.94082		0.94388		0.88372		0.88144		0.88601		0.88372		0.76745
450		6526.23		0.94039		0.94324		0.88372		0.88947		0.87565		0.88251		0.76752
451		6527.79		0.93939		0.94131		0.88114		0.88482		0.87565		0.88021		0.76231
452		6529.28		0.93824		0.93949		0.88114		0.89305		0.86528		0.87895		0.76262
453		6530.83		0.93762		0.93881		0.87339		0.87895		0.86528		0.87206		0.74685
454		6532.65		0.93849		0.94033		0.87855		0.88021		0.87565		0.87792		0.75711
455		6534.28		0.93857		0.94035		0.88372		0.88542		0.88083		0.88312		0.76745
456		6535.86		0.93909		0.94089		0.89147		0.89947		0.88083		0.89005		0.7831
457		6537.44		0.93923		0.94105		0.88889		0.89894		0.87565		0.88714		0.77802
458		6539.62		0.93968		0.94135		0.88889		0.89894		0.87565		0.88714		0.77802
459		6540.81		0.93928		0.94103		0.88372		0.88542		0.88083		0.88312		0.76745
460		6542.11		0.93937		0.94144		0.87855		0.87629		0.88083		0.87855		0.75712
461		6543.31		0.93884		0.94154		0.88372		0.88144		0.88601		0.88372		0.76745
462		6544.49		0.93887		0.94205		0.88372		0.88542		0.88083		0.88312		0.76745
463		6545.65		0.93888		0.94267		0.88889		0.89062		0.88601		0.88831		0.77778
464		6546.96		0.93971		0.94438		0.88372		0.88542		0.88083		0.88312		0.76745
465		6548.16		0.94		0.94474		0.8863		0.89005		0.88083		0.88542		0.77264
466		6549.42		0.93983		0.94409		0.87855		0.88421		0.87047		0.87728		0.75719
467		6550.64		0.93869		0.9414		0.8708		0.87047		0.87047		0.87047		0.7416
468		6551.95		0.9377		0.94005		0.8708		0.87047		0.87047		0.87047		0.7416
469		6553.29		0.93793		0.94072		0.87597		0.87958		0.87047		0.875		0.75197
470		6554.51		0.93943		0.94304		0.87855		0.87629		0.88083		0.87855		0.75712
471		6555.76		0.94009		0.94399		0.87597		0.87179		0.88083		0.87629		0.75198
472		6557.42		0.93989		0.94425		0.88114		0.8731		0.89119		0.88205		0.76245
473		6559.1		0.94045		0.94541		0.87339		0.86		0.89119		0.87532		0.74728
474		6560.28		0.94142		0.94566		0.87597		0.87179		0.88083		0.87629		0.75198
475		6561.49		0.9416		0.94529		0.8708		0.87435		0.86528		0.86979		0.74163
476		6563.44		0.94188		0.94504		0.87855		0.88421		0.87047		0.87728		0.75719
477		6564.73		0.94242		0.94575		0.88114		0.88482		0.87565		0.88021		0.76231
478		6566.16		0.94342		0.94663		0.8863		0.87817		0.89637		0.88718		0.77279
AUC improved at epoch  478 ;	best_auc: 0.943419154959671
479		6568.21		0.9431		0.94663		0.87855		0.86869		0.89119		0.8798		0.75737
480		6569.65		0.94203		0.94561		0.88372		0.87374		0.89637		0.88491		0.76771
481		6570.91		0.94095		0.94431		0.8863		0.87817		0.89637		0.88718		0.77279
482		6572.23		0.94052		0.94372		0.8863		0.89418		0.87565		0.88482		0.77276
483		6573.4		0.93951		0.9425		0.87597		0.8836		0.86528		0.87435		0.75208
484		6574.6		0.93971		0.94235		0.87597		0.87565		0.87565		0.87565		0.75194
485		6575.83		0.94065		0.94106		0.86822		0.86979		0.86528		0.86753		0.73644
486		6577.33		0.94082		0.94241		0.86822		0.87766		0.85492		0.86614		0.73666
487		6579.15		0.94142		0.94309		0.87855		0.89674		0.85492		0.87533		0.7579
488		6580.45		0.94151		0.94381		0.87855		0.88421		0.87047		0.87728		0.75719
489		6581.63		0.94087		0.94356		0.87339		0.86364		0.88601		0.87468		0.74703
490		6582.8		0.94111		0.94421		0.87597		0.86432		0.89119		0.87755		0.75232
491		6584.08		0.94061		0.94434		0.87597		0.87565		0.87565		0.87565		0.75194
492		6585.24		0.93972		0.94282		0.87855		0.88421		0.87047		0.87728		0.75719
493		6586.37		0.93897		0.94055		0.88114		0.88083		0.88083		0.88083		0.76227
494		6587.52		0.93778		0.93935		0.88114		0.88482		0.87565		0.88021		0.76231
495		6588.77		0.93682		0.93844		0.88114		0.88083		0.88083		0.88083		0.76227
496		6590.54		0.93674		0.93816		0.87597		0.87179		0.88083		0.87629		0.75198
497		6592.16		0.93725		0.93851		0.87597		0.87565		0.87565		0.87565		0.75194
498		6593.4		0.9371		0.93905		0.87597		0.87565		0.87565		0.87565		0.75194
499		6594.68		0.9377		0.94115		0.87597		0.87179		0.88083		0.87629		0.75198
500		6596.06		0.93829		0.94212		0.87855		0.88421		0.87047		0.87728		0.75719
501		6597.47		0.93859		0.94303		0.87855		0.88421		0.87047		0.87728		0.75719
502		6599.07		0.93852		0.94286		0.87855		0.8883		0.86528		0.87664		0.75734
503		6601.2		0.93853		0.94282		0.87855		0.88421		0.87047		0.87728		0.75719
504		6602.84		0.93971		0.94413		0.88372		0.88144		0.88601		0.88372		0.76745
505		6604.11		0.94123		0.94516		0.8863		0.87437		0.90155		0.88776		0.773
506		6605.44		0.94156		0.94562		0.87855		0.86869		0.89119		0.8798		0.75737
507		6606.59		0.94083		0.94431		0.87339		0.875		0.87047		0.87273		0.74677
508		6607.88		0.94017		0.94261		0.86822		0.88587		0.84456		0.86472		0.7372
509		6609.02		0.93929		0.94113		0.86563		0.8895		0.8342		0.86096		0.73263
510		6610.17		0.93893		0.94033		0.86305		0.88043		0.83938		0.85942		0.72685
511		6611.38		0.93931		0.94224		0.8708		0.87435		0.86528		0.86979		0.74163
512		6612.73		0.93945		0.94274		0.87597		0.87565		0.87565		0.87565		0.75194
513		6614.01		0.93834		0.94169		0.87597		0.8877		0.8601		0.87368		0.75228
514		6615.24		0.93774		0.94127		0.87597		0.8877		0.8601		0.87368		0.75228
515		6616.5		0.93828		0.94252		0.87855		0.8883		0.86528		0.87664		0.75734
516		6618.44		0.93871		0.94262		0.86822		0.86224		0.87565		0.86889		0.73653
517		6619.99		0.93936		0.94343		0.86822		0.85859		0.88083		0.86957		0.7367
518		6621.5		0.94068		0.94473		0.86822		0.86224		0.87565		0.86889		0.73653
519		6623.18		0.94102		0.94431		0.87597		0.87958		0.87047		0.875		0.75197
520		6624.73		0.94143		0.94459		0.88114		0.89305		0.86528		0.87895		0.76262
521		6626.41		0.94147		0.94427		0.88114		0.89305		0.86528		0.87895		0.76262
522		6627.6		0.94116		0.94461		0.88372		0.88947		0.87565		0.88251		0.76752
523		6628.83		0.93975		0.9433		0.88372		0.87755		0.89119		0.88432		0.76754
524		6630.79		0.93863		0.94229		0.8708		0.86294		0.88083		0.87179		0.74177
525		6632.49		0.93828		0.9419		0.86822		0.86979		0.86528		0.86753		0.73644
526		6633.94		0.9384		0.94172		0.87339		0.87895		0.86528		0.87206		0.74685
527		6635.11		0.93911		0.94178		0.86822		0.87368		0.8601		0.86684		0.73651
528		6636.29		0.93919		0.942		0.87339		0.875		0.87047		0.87273		0.74677
529		6637.49		0.93859		0.94072		0.8708		0.87047		0.87047		0.87047		0.7416
530		6638.78		0.93804		0.93997		0.88114		0.86935		0.89637		0.88265		0.76266
531		6640.01		0.93943		0.94179		0.88372		0.88947		0.87565		0.88251		0.76752
532		6641.17		0.93937		0.94174		0.87855		0.8883		0.86528		0.87664		0.75734
533		6642.34		0.93949		0.94166		0.88889		0.89474		0.88083		0.88773		0.77786
534		6643.7		0.93917		0.94259		0.87339		0.86364		0.88601		0.87468		0.74703
535		6645.44		0.93903		0.94323		0.8708		0.85222		0.89637		0.87374		0.74263
536		6647.23		0.9382		0.94238		0.86563		0.86154		0.87047		0.86598		0.73131
537		6648.65		0.93694		0.94113		0.87597		0.89189		0.85492		0.87302		0.75255
538		6650.36		0.93987		0.9436		0.86305		0.86458		0.8601		0.86234		0.7261
539		6651.97		0.94155		0.94409		0.86822		0.86224		0.87565		0.86889		0.73653
540		6653.17		0.94288		0.94684		0.87855		0.86139		0.90155		0.88101		0.75795
541		6654.4		0.94325		0.94654		0.88114		0.8731		0.89119		0.88205		0.76245
542		6655.55		0.94325		0.9468		0.89406		0.89583		0.89119		0.89351		0.78812
543		6656.9		0.94263		0.9466		0.88372		0.88947		0.87565		0.88251		0.76752
544		6658.64		0.94082		0.94457		0.87597		0.87958		0.87047		0.875		0.75197
545		6660.34		0.93972		0.94306		0.87597		0.87958		0.87047		0.875		0.75197
546		6661.82		0.9385		0.94145		0.87597		0.87958		0.87047		0.875		0.75197
547		6663.25		0.93842		0.94144		0.87855		0.88021		0.87565		0.87792		0.75711
548		6664.85		0.93896		0.94122		0.87855		0.88421		0.87047		0.87728		0.75719
549		6666.5		0.93893		0.941		0.87597		0.89189		0.85492		0.87302		0.75255
550		6668.25		0.93916		0.9409		0.88372		0.89785		0.86528		0.88127		0.76792
551		6669.5		0.94052		0.94278		0.87855		0.87245		0.88601		0.87918		0.75721
552		6670.83		0.94003		0.94227		0.88114		0.86935		0.89637		0.88265		0.76266
553		6672.02		0.94021		0.94154		0.87597		0.87958		0.87047		0.875		0.75197
554		6673.24		0.93957		0.94134		0.87597		0.89617		0.84974		0.87234		0.75291
555		6674.43		0.93948		0.94137		0.88114		0.90164		0.85492		0.87766		0.76326
556		6675.7		0.93993		0.94175		0.87339		0.87113		0.87565		0.87339		0.74678
557		6677.19		0.93961		0.94144		0.87597		0.85714		0.90155		0.87879		0.75298
558		6678.82		0.93952		0.94085		0.88372		0.88542		0.88083		0.88312		0.76745
559		6680.39		0.93893		0.94074		0.88889		0.90761		0.86528		0.88594		0.77859
560		6681.58		0.94059		0.94295		0.87855		0.88421		0.87047		0.87728		0.75719
561		6682.95		0.93939		0.94208		0.88372		0.87755		0.89119		0.88432		0.76754
562		6684.11		0.93987		0.94329		0.8708		0.87047		0.87047		0.87047		0.7416
563		6685.29		0.93897		0.9413		0.88114		0.8973		0.8601		0.87831		0.7629
564		6687.19		0.93842		0.94128		0.87597		0.89189		0.85492		0.87302		0.75255
565		6689.52		0.93801		0.94031		0.87339		0.87895		0.86528		0.87206		0.74685
566		6691.1		0.9376		0.94017		0.86822		0.86224		0.87565		0.86889		0.73653
567		6692.3		0.93718		0.93939		0.8708		0.86294		0.88083		0.87179		0.74177
568		6693.48		0.93618		0.93779		0.86047		0.8601		0.8601		0.8601		0.72093
569		6694.66		0.93517		0.93727		0.8553		0.86243		0.84456		0.8534		0.71073
570		6695.96		0.93563		0.93719		0.8553		0.86631		0.83938		0.85263		0.71091
571		6697.27		0.93726		0.93962		0.86047		0.86772		0.84974		0.85864		0.72107
572		6698.55		0.93832		0.94072		0.86822		0.86979		0.86528		0.86753		0.73644
573		6699.73		0.93981		0.94236		0.87597		0.87179		0.88083		0.87629		0.75198
574		6701.03		0.941		0.9428		0.88372		0.87755		0.89119		0.88432		0.76754
575		6702.26		0.9414		0.94307		0.87597		0.87565		0.87565		0.87565		0.75194
576		6703.85		0.94182		0.94274		0.87597		0.87958		0.87047		0.875		0.75197
577		6705.16		0.9414		0.94285		0.87339		0.875		0.87047		0.87273		0.74677
578		6707.35		0.94055		0.94237		0.87339		0.875		0.87047		0.87273		0.74677
579		6708.62		0.94016		0.94261		0.87339		0.875		0.87047		0.87273		0.74677
580		6710.58		0.94083		0.94313		0.87597		0.8877		0.8601		0.87368		0.75228
581		6712.02		0.94152		0.94489		0.88889		0.90323		0.87047		0.88654		0.77827
582		6713.33		0.94263		0.94573		0.88889		0.89062		0.88601		0.88831		0.77778
583		6714.75		0.94282		0.94499		0.88372		0.86634		0.90674		0.88608		0.7683
584		6716.47		0.94307		0.94536		0.87597		0.84689		0.9171		0.8806		0.75457
585		6718.46		0.94317		0.94448		0.87597		0.86432		0.89119		0.87755		0.75232
586		6720.33		0.94291		0.94533		0.87855		0.8883		0.86528		0.87664		0.75734
587		6721.86		0.94222		0.94511		0.88372		0.89785		0.86528		0.88127		0.76792
588		6723.08		0.9423		0.94558		0.86563		0.86528		0.86528		0.86528		0.73126
589		6724.31		0.94236		0.94603		0.86822		0.86598		0.87047		0.86822		0.73645
590		6725.5		0.94144		0.94576		0.8708		0.86667		0.87565		0.87113		0.74165
591		6726.89		0.9416		0.94624		0.87597		0.87958		0.87047		0.875		0.75197
592		6728.41		0.94086		0.94579		0.88372		0.90217		0.8601		0.88064		0.76824
593		6729.59		0.94076		0.94581		0.8863		0.9027		0.86528		0.8836		0.77325
594		6730.94		0.94071		0.94572		0.88372		0.89362		0.87047		0.88189		0.76768
595		6732.68		0.93973		0.94453		0.87339		0.87113		0.87565		0.87339		0.74678
596		6734.43		0.93965		0.94435		0.8708		0.86294		0.88083		0.87179		0.74177
597		6736.24		0.93987		0.94434		0.86563		0.86154		0.87047		0.86598		0.73131
598		6737.86		0.93944		0.94345		0.87597		0.8836		0.86528		0.87435		0.75208
599		6739.27		0.939		0.9431		0.8708		0.89071		0.84456		0.86702		0.74256
600		6740.66		0.93924		0.94345		0.87597		0.89189		0.85492		0.87302		0.75255
601		6742.07		0.93936		0.94384		0.87339		0.88298		0.8601		0.87139		0.747
602		6743.23		0.93988		0.94477		0.87597		0.8836		0.86528		0.87435		0.75208
603		6744.38		0.94031		0.94542		0.87597		0.87958		0.87047		0.875		0.75197
604		6745.65		0.93971		0.94488		0.87339		0.875		0.87047		0.87273		0.74677
605		6746.87		0.93916		0.94449		0.87339		0.875		0.87047		0.87273		0.74677
606		6748.12		0.93916		0.94478		0.87339		0.87895		0.86528		0.87206		0.74685
607		6749.47		0.93903		0.94404		0.87339		0.88298		0.8601		0.87139		0.747
608		6751.38		0.93947		0.94393		0.87597		0.8877		0.8601		0.87368		0.75228
609		6752.96		0.93957		0.9435		0.87339		0.8871		0.85492		0.87071		0.74723
610		6754.52		0.94045		0.94425		0.88114		0.89305		0.86528		0.87895		0.76262
611		6756.16		0.94096		0.94472		0.88372		0.89362		0.87047		0.88189		0.76768
612		6757.82		0.94127		0.94462		0.88372		0.88947		0.87565		0.88251		0.76752
613		6759.16		0.94115		0.9446		0.87855		0.88021		0.87565		0.87792		0.75711
614		6760.39		0.94098		0.94428		0.88372		0.88947		0.87565		0.88251		0.76752
615		6761.61		0.94064		0.94383		0.8863		0.89418		0.87565		0.88482		0.77276
616		6762.83		0.94024		0.94342		0.88372		0.89785		0.86528		0.88127		0.76792
617		6764.0		0.94012		0.94311		0.87339		0.88298		0.8601		0.87139		0.747
618		6765.76		0.93985		0.94303		0.87339		0.87895		0.86528		0.87206		0.74685
619		6767.64		0.93972		0.94402		0.87339		0.87895		0.86528		0.87206		0.74685
620		6769.03		0.93956		0.94409		0.87597		0.87958		0.87047		0.875		0.75197
621		6770.45		0.94		0.94455		0.87597		0.87958		0.87047		0.875		0.75197
622		6771.93		0.93968		0.94495		0.86822		0.86979		0.86528		0.86753		0.73644
623		6773.2		0.93964		0.94497		0.87597		0.86802		0.88601		0.87692		0.75211
624		6774.54		0.93947		0.94464		0.8708		0.86294		0.88083		0.87179		0.74177
625		6775.88		0.93965		0.94459		0.86563		0.86154		0.87047		0.86598		0.73131
626		6777.2		0.93911		0.94351		0.87597		0.87958		0.87047		0.875		0.75197
627		6781.26		0.93917		0.94375		0.87339		0.88298		0.8601		0.87139		0.747
628		6786.4		0.93916		0.9434		0.88114		0.89305		0.86528		0.87895		0.76262
629		6792.26		0.94019		0.94419		0.88372		0.89362		0.87047		0.88189		0.76768
630		6794.45		0.94139		0.94546		0.87855		0.88021		0.87565		0.87792		0.75711
631		6796.52		0.94138		0.94541		0.87597		0.87565		0.87565		0.87565		0.75194
632		6798.23		0.94078		0.94463		0.87597		0.87565		0.87565		0.87565		0.75194
633		6799.63		0.94064		0.94483		0.88114		0.88083		0.88083		0.88083		0.76227
634		6800.85		0.93939		0.94339		0.87597		0.87958		0.87047		0.875		0.75197
635		6802.41		0.93825		0.94317		0.86822		0.86979		0.86528		0.86753		0.73644
636		6804.21		0.93661		0.94156		0.85788		0.86702		0.84456		0.85564		0.71598
637		6805.67		0.93664		0.94211		0.86563		0.87701		0.84974		0.86316		0.73159
638		6807.18		0.93737		0.9423		0.86822		0.87368		0.8601		0.86684		0.73651
639		6808.5		0.93754		0.94237		0.87597		0.87179		0.88083		0.87629		0.75198
640		6809.86		0.93863		0.94339		0.86822		0.86224		0.87565		0.86889		0.73653
641		6811.16		0.94011		0.94484		0.8708		0.87047		0.87047		0.87047		0.7416
642		6812.54		0.94048		0.94503		0.8708		0.88235		0.85492		0.86842		0.74194
643		6814.54		0.9406		0.94505		0.87339		0.8871		0.85492		0.87071		0.74723
644		6816.15		0.93997		0.94445		0.87855		0.89247		0.8601		0.87599		0.75758
645		6817.51		0.93984		0.94447		0.88372		0.88542		0.88083		0.88312		0.76745
646		6818.79		0.93951		0.94414		0.87597		0.87179		0.88083		0.87629		0.75198
647		6820.01		0.93941		0.9437		0.87597		0.87565		0.87565		0.87565		0.75194
648		6821.38		0.93884		0.94291		0.87597		0.8836		0.86528		0.87435		0.75208
649		6822.69		0.93884		0.94273		0.87597		0.87958		0.87047		0.875		0.75197
650		6824.42		0.93965		0.94372		0.87339		0.86735		0.88083		0.87404		0.74687
651		6826.27		0.93983		0.94395		0.86822		0.86598		0.87047		0.86822		0.73645
652		6827.91		0.94029		0.94417		0.8708		0.87047		0.87047		0.87047		0.7416
653		6829.64		0.94096		0.94476		0.87339		0.875		0.87047		0.87273		0.74677
654		6831.32		0.94115		0.94469		0.86822		0.87368		0.8601		0.86684		0.73651
655		6832.59		0.94064		0.94386		0.87339		0.875		0.87047		0.87273		0.74677
656		6834.04		0.93941		0.94202		0.86822		0.86598		0.87047		0.86822		0.73645
657		6835.81		0.93944		0.94286		0.87339		0.86735		0.88083		0.87404		0.74687
658		6837.45		0.94043		0.94428		0.88114		0.88889		0.87047		0.87958		0.76242
659		6839.07		0.94033		0.94477		0.88114		0.88889		0.87047		0.87958		0.76242
660		6840.79		0.94092		0.94526		0.88114		0.88889		0.87047		0.87958		0.76242
661		6842.53		0.94182		0.94644		0.8863		0.89418		0.87565		0.88482		0.77276
662		6843.88		0.94192		0.94616		0.88114		0.88889		0.87047		0.87958		0.76242
663		6845.15		0.94134		0.94537		0.87597		0.87958		0.87047		0.875		0.75197
664		6846.47		0.94069		0.94462		0.87597		0.87958		0.87047		0.875		0.75197
665		6847.81		0.94104		0.94511		0.87855		0.8883		0.86528		0.87664		0.75734
666		6849.29		0.94116		0.94517		0.87855		0.8883		0.86528		0.87664		0.75734
667		6850.56		0.94134		0.94538		0.87339		0.87895		0.86528		0.87206		0.74685
668		6851.88		0.94076		0.94483		0.8708		0.87831		0.8601		0.86911		0.74175
669		6853.56		0.94084		0.94468		0.87339		0.87895		0.86528		0.87206		0.74685
670		6855.18		0.94069		0.94441		0.87339		0.87895		0.86528		0.87206		0.74685
671		6856.67		0.94013		0.9437		0.8708		0.87831		0.8601		0.86911		0.74175
672		6858.28		0.93923		0.94267		0.8708		0.87435		0.86528		0.86979		0.74163
673		6860.22		0.93844		0.94129		0.87339		0.88298		0.8601		0.87139		0.747
674		6862.32		0.93813		0.94083		0.87597		0.8877		0.8601		0.87368		0.75228
675		6863.54		0.93923		0.94191		0.87597		0.89189		0.85492		0.87302		0.75255
676		6864.98		0.93957		0.94263		0.87597		0.8877		0.8601		0.87368		0.75228
677		6866.28		0.93987		0.94274		0.87597		0.8836		0.86528		0.87435		0.75208
678		6867.7		0.94023		0.94264		0.87339		0.875		0.87047		0.87273		0.74677
679		6869.28		0.94092		0.94432		0.87597		0.87179		0.88083		0.87629		0.75198
680		6871.04		0.94083		0.94406		0.88114		0.88083		0.88083		0.88083		0.76227
681		6872.9		0.94059		0.94337		0.87855		0.88421		0.87047		0.87728		0.75719
682		6874.1		0.94065		0.94388		0.87597		0.8877		0.8601		0.87368		0.75228
683		6875.66		0.94048		0.94359		0.88372		0.89362		0.87047		0.88189		0.76768
684		6877.63		0.93987		0.94266		0.8863		0.89005		0.88083		0.88542		0.77264
685		6878.91		0.93889		0.94198		0.87855		0.87629		0.88083		0.87855		0.75712
686		6880.18		0.93857		0.94099		0.87855		0.88021		0.87565		0.87792		0.75711
687		6881.59		0.93732		0.93812		0.8708		0.87047		0.87047		0.87047		0.7416
688		6883.28		0.93665		0.93668		0.86563		0.86528		0.86528		0.86528		0.73126
689		6884.92		0.93593		0.9351		0.86305		0.86842		0.85492		0.86162		0.72617
690		6886.24		0.93653		0.9369		0.8708		0.87831		0.8601		0.86911		0.74175
691		6887.59		0.93786		0.93935		0.88114		0.88889		0.87047		0.87958		0.76242
692		6889.02		0.93937		0.94171		0.88889		0.8866		0.89119		0.88889		0.77779
693		6890.82		0.93983		0.94257		0.87855		0.865		0.89637		0.88041		0.75762
694		6892.47		0.93976		0.94296		0.87339		0.87113		0.87565		0.87339		0.74678
695		6894.01		0.93972		0.94302		0.8708		0.87831		0.8601		0.86911		0.74175
696		6895.27		0.94056		0.94353		0.87597		0.8836		0.86528		0.87435		0.75208
697		6896.62		0.94143		0.94416		0.87339		0.875		0.87047		0.87273		0.74677
698		6897.84		0.94168		0.94507		0.87855		0.87629		0.88083		0.87855		0.75712
699		6899.04		0.94168		0.94482		0.88114		0.8731		0.89119		0.88205		0.76245
700		6900.22		0.94123		0.94289		0.88114		0.87692		0.88601		0.88144		0.76232
701		6902.47		0.94068		0.94178		0.87597		0.87958		0.87047		0.875		0.75197
702		6903.86		0.93985		0.94109		0.8708		0.87831		0.8601		0.86911		0.74175
703		6905.69		0.93912		0.94181		0.8708		0.87831		0.8601		0.86911		0.74175
704		6907.07		0.93883		0.94229		0.86822		0.87368		0.8601		0.86684		0.73651
705		6909.01		0.93901		0.94264		0.87339		0.87895		0.86528		0.87206		0.74685
706		6910.73		0.93936		0.94306		0.86563		0.86911		0.8601		0.86458		0.7313
707		6911.95		0.93991		0.94361		0.87597		0.86432		0.89119		0.87755		0.75232
708		6913.25		0.9394		0.94299		0.8708		0.85222		0.89637		0.87374		0.74263
709		6914.52		0.93875		0.94198		0.87597		0.86432		0.89119		0.87755		0.75232
710		6915.85		0.93808		0.94098		0.87855		0.87245		0.88601		0.87918		0.75721
711		6917.06		0.93746		0.93961		0.87597		0.87958		0.87047		0.875		0.75197
712		6918.3		0.9386		0.94119		0.87597		0.87565		0.87565		0.87565		0.75194
713		6919.76		0.93832		0.94077		0.85788		0.84158		0.88083		0.86076		0.71657
714		6921.69		0.93781		0.93918		0.86563		0.85787		0.87565		0.86667		0.73143
715		6923.2		0.93893		0.94082		0.86047		0.86772		0.84974		0.85864		0.72107
716		6924.48		0.93965		0.94165		0.86822		0.89011		0.83938		0.864		0.73759
717		6926.0		0.93939		0.94177		0.86563		0.87302		0.85492		0.86387		0.73141
718		6928.02		0.93935		0.9411		0.8708		0.85222		0.89637		0.87374		0.74263
719		6929.23		0.93977		0.94193		0.86822		0.84466		0.90155		0.87218		0.73815
720		6930.42		0.94079		0.94254		0.87339		0.86		0.89119		0.87532		0.74728
721		6931.75		0.9417		0.94493		0.86822		0.86979		0.86528		0.86753		0.73644
722		6933.35		0.94143		0.94437		0.86822		0.87766		0.85492		0.86614		0.73666
723		6935.25		0.94146		0.94453		0.8708		0.87435		0.86528		0.86979		0.74163
724		6937.28		0.94156		0.94329		0.86822		0.85859		0.88083		0.86957		0.7367
725		6938.51		0.94024		0.94226		0.86822		0.85149		0.89119		0.87089		0.73726
726		6939.95		0.93846		0.94008		0.86822		0.84466		0.90155		0.87218		0.73815
727		6941.18		0.93785		0.93845		0.87339		0.87113		0.87565		0.87339		0.74678
728		6942.41		0.93793		0.93895		0.87597		0.89189		0.85492		0.87302		0.75255
729		6943.66		0.93801		0.94021		0.86822		0.86598		0.87047		0.86822		0.73645
730		6944.91		0.93696		0.93989		0.86305		0.84314		0.89119		0.8665		0.72731
731		6946.27		0.93909		0.94148		0.88372		0.89785		0.86528		0.88127		0.76792
732		6947.79		0.93724		0.93983		0.87597		0.8836		0.86528		0.87435		0.75208
733		6949.42		0.93469		0.93711		0.87339		0.86364		0.88601		0.87468		0.74703
734		6950.95		0.93555		0.93854		0.87339		0.86		0.89119		0.87532		0.74728
735		6952.65		0.93796		0.94059		0.86822		0.87368		0.8601		0.86684		0.73651
736		6954.49		0.93981		0.94235		0.8708		0.87831		0.8601		0.86911		0.74175
737		6955.69		0.94074		0.94413		0.86563		0.86528		0.86528		0.86528		0.73126
738		6956.96		0.94148		0.9452		0.86822		0.86979		0.86528		0.86753		0.73644
739		6958.19		0.94108		0.94456		0.86822		0.86598		0.87047		0.86822		0.73645
740		6959.47		0.93952		0.94274		0.8708		0.87047		0.87047		0.87047		0.7416
741		6960.75		0.93758		0.94136		0.87339		0.875		0.87047		0.87273		0.74677
742		6962.66		0.93672		0.94042		0.87597		0.87565		0.87565		0.87565		0.75194
743		6964.58		0.93635		0.94032		0.8708		0.86667		0.87565		0.87113		0.74165
744		6966.22		0.93631		0.94009		0.8708		0.86667		0.87565		0.87113		0.74165
745		6967.41		0.9371		0.94075		0.87855		0.88421		0.87047		0.87728		0.75719
746		6968.71		0.93802		0.94157		0.87597		0.87958		0.87047		0.875		0.75197
747		6970.37		0.93935		0.94312		0.87855		0.88421		0.87047		0.87728		0.75719
748		6972.05		0.94003		0.94335		0.87339		0.86		0.89119		0.87532		0.74728
749		6973.53		0.9406		0.94353		0.87597		0.8607		0.89637		0.87817		0.75261
750		6974.81		0.93939		0.9421		0.87339		0.86364		0.88601		0.87468		0.74703
751		6976.14		0.93842		0.94112		0.87597		0.87565		0.87565		0.87565		0.75194
752		6977.49		0.93778		0.94039		0.86822		0.87766		0.85492		0.86614		0.73666
753		6978.83		0.93738		0.94068		0.87339		0.875		0.87047		0.87273		0.74677
754		6980.05		0.93781		0.94217		0.87855		0.86869		0.89119		0.8798		0.75737
755		6981.27		0.93801		0.9423		0.87855		0.87629		0.88083		0.87855		0.75712
756		6982.53		0.93876		0.94298		0.8708		0.87831		0.8601		0.86911		0.74175
757		6984.18		0.93952		0.94358		0.87339		0.88298		0.8601		0.87139		0.747
758		6986.21		0.9396		0.94362		0.87339		0.87895		0.86528		0.87206		0.74685
759		6987.91		0.93895		0.94312		0.8708		0.86667		0.87565		0.87113		0.74165
760		6989.16		0.93895		0.94346		0.8708		0.86667		0.87565		0.87113		0.74165
761		6990.58		0.93943		0.94428		0.87597		0.86802		0.88601		0.87692		0.75211
762		6992.62		0.93999		0.94486		0.86822		0.86979		0.86528		0.86753		0.73644
763		6994.28		0.94004		0.945		0.87597		0.87179		0.88083		0.87629		0.75198
764		6996.12		0.94025		0.94507		0.87597		0.87179		0.88083		0.87629		0.75198
765		6997.61		0.94083		0.94609		0.87597		0.86432		0.89119		0.87755		0.75232
766		6999.04		0.9411		0.94613		0.86822		0.85859		0.88083		0.86957		0.7367
767		7000.53		0.94095		0.94559		0.86822		0.85859		0.88083		0.86957		0.7367
768		7001.71		0.94103		0.94533		0.86563		0.85787		0.87565		0.86667		0.73143
769		7002.99		0.94		0.94332		0.86563		0.85787		0.87565		0.86667		0.73143
770		7004.34		0.93838		0.94157		0.87339		0.875		0.87047		0.87273		0.74677
771		7005.87		0.93761		0.93999		0.87597		0.8836		0.86528		0.87435		0.75208
772		7007.21		0.93697		0.93926		0.86822		0.87368		0.8601		0.86684		0.73651
773		7008.79		0.93678		0.93928		0.8708		0.87047		0.87047		0.87047		0.7416
774		7010.74		0.93684		0.93981		0.87339		0.86364		0.88601		0.87468		0.74703
775		7012.18		0.93724		0.94024		0.87855		0.87245		0.88601		0.87918		0.75721
776		7013.81		0.93733		0.94018		0.87597		0.8836		0.86528		0.87435		0.75208
777		7015.78		0.9376		0.93937		0.8708		0.88235		0.85492		0.86842		0.74194
778		7017.5		0.93758		0.93971		0.87339		0.88298		0.8601		0.87139		0.747
779		7019.27		0.93865		0.94122		0.8708		0.87435		0.86528		0.86979		0.74163
780		7020.96		0.93921		0.94232		0.87597		0.86802		0.88601		0.87692		0.75211
781		7022.44		0.94012		0.9438		0.86305		0.85		0.88083		0.86514		0.7266
782		7023.64		0.94096		0.94493		0.86563		0.85427		0.88083		0.86735		0.73164
783		7024.96		0.94071		0.94444		0.87339		0.87113		0.87565		0.87339		0.74678
784		7026.95		0.94004		0.94338		0.87855		0.88421		0.87047		0.87728		0.75719
785		7028.41		0.94015		0.94362		0.87339		0.88298		0.8601		0.87139		0.747
786		7029.68		0.93952		0.94321		0.8708		0.87831		0.8601		0.86911		0.74175
787		7031.78		0.93822		0.94187		0.86563		0.87701		0.84974		0.86316		0.73159
788		7033.19		0.93869		0.94232		0.86563		0.87701		0.84974		0.86316		0.73159
789		7034.76		0.93905		0.94241		0.86822		0.87766		0.85492		0.86614		0.73666
790		7036.44		0.93989		0.94357		0.86563		0.87701		0.84974		0.86316		0.73159
791		7037.94		0.94108		0.94454		0.86563		0.87701		0.84974		0.86316		0.73159
792		7039.33		0.94052		0.94386		0.8708		0.88649		0.84974		0.86772		0.74221
793		7040.62		0.94067		0.94413		0.87339		0.8871		0.85492		0.87071		0.74723
794		7041.94		0.93987		0.94219		0.87339		0.87895		0.86528		0.87206		0.74685
795		7043.19		0.93913		0.94153		0.87339		0.87113		0.87565		0.87339		0.74678
796		7044.56		0.93935		0.94153		0.87597		0.87958		0.87047		0.875		0.75197
797		7045.81		0.94083		0.94308		0.88114		0.88889		0.87047		0.87958		0.76242
798		7047.5		0.94184		0.94489		0.88114		0.89305		0.86528		0.87895		0.76262
799		7048.85		0.94303		0.94602		0.88114		0.88889		0.87047		0.87958		0.76242
800		7050.48		0.94297		0.94619		0.87339		0.875		0.87047		0.87273		0.74677
801		7052.15		0.94276		0.94571		0.8708		0.87047		0.87047		0.87047		0.7416
802		7053.96		0.94228		0.94462		0.87855		0.88021		0.87565		0.87792		0.75711
803		7055.42		0.94171		0.9432		0.87339		0.87895		0.86528		0.87206		0.74685
804		7056.9		0.94047		0.94163		0.87597		0.89189		0.85492		0.87302		0.75255
805		7059.03		0.93997		0.94157		0.87339		0.8871		0.85492		0.87071		0.74723
806		7060.86		0.93893		0.94039		0.86822		0.86224		0.87565		0.86889		0.73653
807		7062.33		0.9373		0.93828		0.8708		0.86294		0.88083		0.87179		0.74177
808		7064.02		0.93686		0.93754		0.8708		0.87435		0.86528		0.86979		0.74163
809		7065.36		0.93729		0.93743		0.86563		0.88108		0.84456		0.86243		0.73186
810		7066.72		0.93698		0.93844		0.8708		0.87831		0.8601		0.86911		0.74175
811		7067.95		0.93792		0.93991		0.87855		0.88021		0.87565		0.87792		0.75711
812		7069.16		0.93963		0.9415		0.87597		0.87179		0.88083		0.87629		0.75198
813		7070.36		0.9411		0.94357		0.87339		0.875		0.87047		0.87273		0.74677
814		7071.65		0.94196		0.94464		0.87339		0.875		0.87047		0.87273		0.74677
815		7072.82		0.94159		0.944		0.87855		0.88421		0.87047		0.87728		0.75719
816		7074.13		0.94199		0.94431		0.8863		0.87437		0.90155		0.88776		0.773
817		7076.13		0.94134		0.94357		0.88372		0.87755		0.89119		0.88432		0.76754
818		7077.42		0.94027		0.94167		0.88372		0.88144		0.88601		0.88372		0.76745
819		7078.77		0.93937		0.94004		0.87339		0.8913		0.84974		0.87003		0.74755
820		7079.99		0.93826		0.93854		0.86305		0.87634		0.84456		0.86016		0.72655
821		7081.27		0.9371		0.93926		0.86563		0.8439		0.89637		0.86935		0.73272
822		7082.94		0.93947		0.94279		0.86563		0.85787		0.87565		0.86667		0.73143
823		7084.84		0.93947		0.94298		0.88114		0.90164		0.85492		0.87766		0.76326
824		7086.9		0.94011		0.94365		0.87339		0.88298		0.8601		0.87139		0.747
825		7088.9		0.94012		0.9441		0.87339		0.86735		0.88083		0.87404		0.74687
826		7090.76		0.93927		0.94294		0.87339		0.87113		0.87565		0.87339		0.74678
827		7092.17		0.93785		0.94006		0.86822		0.87766		0.85492		0.86614		0.73666
828		7093.97		0.93693		0.9375		0.86563		0.88108		0.84456		0.86243		0.73186
829		7095.54		0.9374		0.9377		0.86563		0.88108		0.84456		0.86243		0.73186
830		7096.93		0.93865		0.93861		0.86563		0.87302		0.85492		0.86387		0.73141
831		7098.23		0.93951		0.93946		0.86822		0.86979		0.86528		0.86753		0.73644
832		7099.56		0.93979		0.94002		0.8708		0.86294		0.88083		0.87179		0.74177
833		7100.71		0.94021		0.94024		0.8708		0.8593		0.88601		0.87245		0.74198
834		7101.94		0.94057		0.94105		0.87597		0.87565		0.87565		0.87565		0.75194
835		7103.25		0.9416		0.94241		0.87339		0.8871		0.85492		0.87071		0.74723
836		7104.64		0.9416		0.94218		0.87597		0.8877		0.8601		0.87368		0.75228
837		7106.47		0.9398		0.94045		0.88114		0.88083		0.88083		0.88083		0.76227
838		7108.16		0.93826		0.93906		0.87597		0.86802		0.88601		0.87692		0.75211
839		7109.82		0.93856		0.9404		0.87597		0.8607		0.89637		0.87817		0.75261
840		7111.11		0.93995		0.94203		0.88114		0.88083		0.88083		0.88083		0.76227
841		7113.25		0.94028		0.9423		0.88114		0.89305		0.86528		0.87895		0.76262
842		7114.87		0.94016		0.94204		0.88114		0.89305		0.86528		0.87895		0.76262
843		7116.53		0.94009		0.94308		0.87597		0.87958		0.87047		0.875		0.75197
844		7118.11		0.94027		0.94345		0.88372		0.87755		0.89119		0.88432		0.76754
845		7120.14		0.94013		0.94323		0.88372		0.87755		0.89119		0.88432		0.76754
846		7121.7		0.94047		0.94425		0.88372		0.87755		0.89119		0.88432		0.76754
847		7123.22		0.94091		0.945		0.87597		0.87958		0.87047		0.875		0.75197
848		7124.7		0.94104		0.94543		0.87855		0.8883		0.86528		0.87664		0.75734
849		7126.15		0.94075		0.94454		0.88114		0.88889		0.87047		0.87958		0.76242
850		7127.61		0.94144		0.94533		0.87339		0.87113		0.87565		0.87339		0.74678
851		7129.07		0.94162		0.94559		0.8708		0.87047		0.87047		0.87047		0.7416
852		7130.55		0.94094		0.94445		0.87597		0.87958		0.87047		0.875		0.75197
853		7131.98		0.94132		0.94478		0.87855		0.8883		0.86528		0.87664		0.75734
854		7133.65		0.94123		0.94458		0.87597		0.8836		0.86528		0.87435		0.75208
855		7134.99		0.94155		0.9445		0.87597		0.8836		0.86528		0.87435		0.75208
856		7136.69		0.94154		0.94399		0.87855		0.88021		0.87565		0.87792		0.75711
857		7138.02		0.94156		0.94369		0.87597		0.87179		0.88083		0.87629		0.75198
858		7140.21		0.9416		0.94372		0.87855		0.86869		0.89119		0.8798		0.75737
859		7141.44		0.94107		0.94236		0.87597		0.86432		0.89119		0.87755		0.75232
860		7142.66		0.94098		0.94224		0.87597		0.86432		0.89119		0.87755		0.75232
861		7143.92		0.94082		0.9418		0.8708		0.86667		0.87565		0.87113		0.74165
862		7145.24		0.94099		0.94173		0.86822		0.86979		0.86528		0.86753		0.73644
863		7146.59		0.94098		0.94185		0.87339		0.88298		0.8601		0.87139		0.747
864		7148.21		0.9404		0.94016		0.8708		0.88235		0.85492		0.86842		0.74194
865		7149.9		0.94036		0.94012		0.87597		0.8836		0.86528		0.87435		0.75208
866		7152.03		0.94015		0.93988		0.87597		0.87958		0.87047		0.875		0.75197
867		7153.6		0.94039		0.94048		0.87339		0.87113		0.87565		0.87339		0.74678
868		7154.9		0.94036		0.93988		0.86822		0.86598		0.87047		0.86822		0.73645
869		7156.21		0.94032		0.94051		0.86822		0.87766		0.85492		0.86614		0.73666
870		7157.88		0.94005		0.94106		0.86563		0.87701		0.84974		0.86316		0.73159
871		7159.78		0.93989		0.94079		0.86822		0.87766		0.85492		0.86614		0.73666
872		7161.28		0.94015		0.9412		0.86822		0.87766		0.85492		0.86614		0.73666
873		7162.9		0.93955		0.94002		0.8708		0.87435		0.86528		0.86979		0.74163
874		7164.32		0.93969		0.94063		0.8708		0.86667		0.87565		0.87113		0.74165
875		7165.82		0.93881		0.93886		0.87339		0.87113		0.87565		0.87339		0.74678
876		7167.24		0.93826		0.93815		0.86563		0.87302		0.85492		0.86387		0.73141
877		7168.67		0.93837		0.94012		0.86563		0.87701		0.84974		0.86316		0.73159
878		7170.06		0.93872		0.9407		0.8708		0.87831		0.8601		0.86911		0.74175
879		7171.44		0.9396		0.94197		0.86305		0.86458		0.8601		0.86234		0.7261
880		7172.8		0.94126		0.94381		0.86563		0.86154		0.87047		0.86598		0.73131
881		7174.06		0.9424		0.94575		0.86822		0.86598		0.87047		0.86822		0.73645
882		7175.87		0.94303		0.94585		0.8708		0.87435		0.86528		0.86979		0.74163
883		7177.84		0.94313		0.94541		0.8708		0.87435		0.86528		0.86979		0.74163
884		7179.86		0.94366		0.94612		0.87339		0.875		0.87047		0.87273		0.74677
AUC improved at epoch  884 ;	best_auc: 0.943659526734683
885		7181.81		0.94313		0.94513		0.87597		0.8836		0.86528		0.87435		0.75208
886		7183.77		0.94255		0.94464		0.87339		0.88298		0.8601		0.87139		0.747
887		7185.08		0.94122		0.94307		0.8708		0.88235		0.85492		0.86842		0.74194
888		7186.23		0.94096		0.94285		0.87855		0.88421		0.87047		0.87728		0.75719
889		7187.62		0.94087		0.94347		0.8863		0.88601		0.88601		0.88601		0.77261
890		7188.85		0.94098		0.94292		0.88114		0.87692		0.88601		0.88144		0.76232
891		7190.13		0.94136		0.94341		0.87597		0.87179		0.88083		0.87629		0.75198
892		7191.57		0.94104		0.94313		0.88114		0.88083		0.88083		0.88083		0.76227
893		7193.3		0.94037		0.94184		0.87597		0.8877		0.8601		0.87368		0.75228
894		7195.15		0.93952		0.94047		0.87855		0.88021		0.87565		0.87792		0.75711
895		7196.46		0.93753		0.93886		0.87339		0.87113		0.87565		0.87339		0.74678
896		7197.85		0.93842		0.93928		0.86563		0.87302		0.85492		0.86387		0.73141
897		7199.22		0.93905		0.94037		0.86047		0.87568		0.83938		0.85714		0.72152
898		7200.62		0.93948		0.9414		0.86563		0.88525		0.83938		0.8617		0.73221
899		7201.92		0.93931		0.94092		0.87855		0.88421		0.87047		0.87728		0.75719
900		7203.24		0.93935		0.93977		0.87597		0.86802		0.88601		0.87692		0.75211
901		7205.07		0.93968		0.9407		0.87339		0.85644		0.89637		0.87595		0.74761
902		7206.74		0.94063		0.94222		0.87855		0.87245		0.88601		0.87918		0.75721
903		7208.41		0.94196		0.94383		0.88372		0.88947		0.87565		0.88251		0.76752
904		7210.27		0.94302		0.94574		0.87855		0.89247		0.8601		0.87599		0.75758
905		7211.73		0.94374		0.94742		0.87339		0.875		0.87047		0.87273		0.74677
AUC improved at epoch  905 ;	best_auc: 0.9437396506596869
906		7213.2		0.94318		0.9459		0.87339		0.86735		0.88083		0.87404		0.74687
907		7214.66		0.94307		0.94523		0.8708		0.86294		0.88083		0.87179		0.74177
908		7216.05		0.94318		0.94571		0.87339		0.875		0.87047		0.87273		0.74677
909		7217.56		0.94274		0.94451		0.87855		0.8883		0.86528		0.87664		0.75734
910		7219.14		0.9426		0.94496		0.8708		0.86294		0.88083		0.87179		0.74177
911		7221.12		0.94191		0.94387		0.8708		0.86294		0.88083		0.87179		0.74177
912		7222.99		0.94183		0.94357		0.87339		0.86735		0.88083		0.87404		0.74687
913		7224.86		0.942		0.94359		0.86822		0.86598		0.87047		0.86822		0.73645
914		7226.11		0.94259		0.94436		0.86822		0.86979		0.86528		0.86753		0.73644
915		7227.45		0.94307		0.94444		0.86822		0.86979		0.86528		0.86753		0.73644
916		7228.69		0.94242		0.94368		0.8708		0.86667		0.87565		0.87113		0.74165
917		7229.95		0.94187		0.94361		0.86822		0.85859		0.88083		0.86957		0.7367
918		7231.24		0.94108		0.94262		0.86563		0.86528		0.86528		0.86528		0.73126
919		7232.42		0.9412		0.94252		0.87597		0.87958		0.87047		0.875		0.75197
920		7233.75		0.94088		0.94202		0.88372		0.89362		0.87047		0.88189		0.76768
921		7235.04		0.94016		0.94068		0.87855		0.88421		0.87047		0.87728		0.75719
922		7236.38		0.93877		0.93902		0.87339		0.875		0.87047		0.87273		0.74677
923		7237.71		0.93833		0.93844		0.86822		0.86598		0.87047		0.86822		0.73645
924		7239.35		0.93953		0.94092		0.8708		0.86667		0.87565		0.87113		0.74165
925		7241.06		0.94083		0.94315		0.8708		0.87047		0.87047		0.87047		0.7416
926		7242.53		0.94195		0.94466		0.86822		0.86979		0.86528		0.86753		0.73644
927		7244.06		0.94203		0.94526		0.8708		0.87047		0.87047		0.87047		0.7416
928		7245.52		0.94172		0.94532		0.86822		0.86224		0.87565		0.86889		0.73653
929		7247.19		0.9415		0.94409		0.86822		0.85859		0.88083		0.86957		0.7367
930		7248.86		0.94078		0.94284		0.87339		0.86735		0.88083		0.87404		0.74687
931		7250.28		0.93997		0.94191		0.86822		0.86979		0.86528		0.86753		0.73644
932		7252.23		0.93944		0.94115		0.8708		0.87047		0.87047		0.87047		0.7416
933		7253.71		0.93935		0.94016		0.86822		0.86979		0.86528		0.86753		0.73644
934		7255.6		0.93991		0.94084		0.86563		0.86528		0.86528		0.86528		0.73126
935		7256.93		0.94017		0.94112		0.86563		0.86528		0.86528		0.86528		0.73126
936		7258.36		0.94005		0.94112		0.86822		0.86598		0.87047		0.86822		0.73645
937		7259.59		0.94059		0.94203		0.8708		0.87435		0.86528		0.86979		0.74163
938		7260.92		0.94039		0.94234		0.8708		0.87831		0.8601		0.86911		0.74175
939		7262.14		0.94013		0.94238		0.87339		0.87895		0.86528		0.87206		0.74685
940		7264.14		0.93987		0.94214		0.87597		0.8836		0.86528		0.87435		0.75208
941		7265.58		0.93981		0.94226		0.87597		0.8836		0.86528		0.87435		0.75208
942		7266.79		0.93997		0.94208		0.8708		0.87435		0.86528		0.86979		0.74163
943		7268.11		0.94019		0.94218		0.86822		0.86979		0.86528		0.86753		0.73644
944		7269.32		0.94049		0.94249		0.86822		0.86979		0.86528		0.86753		0.73644
945		7270.7		0.94051		0.943		0.86822		0.87368		0.8601		0.86684		0.73651
946		7272.39		0.94092		0.9433		0.8708		0.87831		0.8601		0.86911		0.74175
947		7274.18		0.94118		0.94386		0.87339		0.87895		0.86528		0.87206		0.74685
948		7275.43		0.94131		0.94431		0.8708		0.86667		0.87565		0.87113		0.74165
949		7276.71		0.94146		0.94473		0.86305		0.85714		0.87047		0.86375		0.72619
950		7278.1		0.94098		0.94418		0.86047		0.85641		0.86528		0.86082		0.72097
951		7279.96		0.94061		0.94345		0.86047		0.8601		0.8601		0.8601		0.72093
952		7281.54		0.94106		0.94364		0.86822		0.87368		0.8601		0.86684		0.73651
953		7283.05		0.94156		0.94413		0.8708		0.87435		0.86528		0.86979		0.74163
954		7284.64		0.94248		0.94483		0.87339		0.87113		0.87565		0.87339		0.74678
955		7286.0		0.94239		0.94493		0.8708		0.8593		0.88601		0.87245		0.74198
956		7287.76		0.94271		0.94522		0.87339		0.86735		0.88083		0.87404		0.74687
957		7289.1		0.94263		0.94493		0.87597		0.87179		0.88083		0.87629		0.75198
958		7290.55		0.9417		0.94307		0.87597		0.87179		0.88083		0.87629		0.75198
959		7292.21		0.94107		0.94267		0.86822		0.86598		0.87047		0.86822		0.73645
960		7294.09		0.94028		0.94167		0.86822		0.86979		0.86528		0.86753		0.73644
961		7295.92		0.93975		0.94116		0.86822		0.87368		0.8601		0.86684		0.73651
962		7297.5		0.93956		0.94099		0.86563		0.86911		0.8601		0.86458		0.7313
963		7298.89		0.93842		0.93971		0.8708		0.87047		0.87047		0.87047		0.7416
964		7300.21		0.93772		0.93804		0.86563		0.86911		0.8601		0.86458		0.7313
965		7301.93		0.93781		0.93847		0.86563		0.86911		0.8601		0.86458		0.7313
966		7303.65		0.9378		0.93867		0.86305		0.86842		0.85492		0.86162		0.72617
967		7305.09		0.93798		0.93932		0.86047		0.86387		0.85492		0.85938		0.72096
968		7306.47		0.93901		0.94088		0.86047		0.8601		0.8601		0.8601		0.72093
969		7307.76		0.93992		0.94212		0.86563		0.87302		0.85492		0.86387		0.73141
970		7309.74		0.9402		0.9432		0.86047		0.86387		0.85492		0.85938		0.72096
971		7311.05		0.94021		0.94336		0.86047		0.86387		0.85492		0.85938		0.72096
972		7312.37		0.94108		0.94354		0.86047		0.86387		0.85492		0.85938		0.72096
973		7313.56		0.94178		0.94382		0.86305		0.86842		0.85492		0.86162		0.72617
974		7314.92		0.94276		0.945		0.86563		0.85787		0.87565		0.86667		0.73143
975		7316.15		0.94319		0.94556		0.86563		0.85427		0.88083		0.86735		0.73164
976		7317.57		0.94354		0.94582		0.86822		0.85859		0.88083		0.86957		0.7367
977		7318.98		0.9435		0.94565		0.87597		0.87958		0.87047		0.875		0.75197
978		7320.3		0.94334		0.94585		0.87855		0.88421		0.87047		0.87728		0.75719
979		7321.57		0.94264		0.94594		0.87339		0.87113		0.87565		0.87339		0.74678
980		7323.29		0.9418		0.94516		0.86563		0.85787		0.87565		0.86667		0.73143
981		7324.89		0.9422		0.94548		0.86822		0.86979		0.86528		0.86753		0.73644
982		7326.25		0.9427		0.94553		0.87597		0.89189		0.85492		0.87302		0.75255
983		7327.64		0.94232		0.94525		0.88114		0.89305		0.86528		0.87895		0.76262
984		7329.06		0.94184		0.94513		0.87339		0.86364		0.88601		0.87468		0.74703
985		7330.62		0.94123		0.9438		0.8708		0.8593		0.88601		0.87245		0.74198
986		7332.1		0.94049		0.94274		0.86822		0.86598		0.87047		0.86822		0.73645
987		7333.44		0.94035		0.94242		0.87339		0.88298		0.8601		0.87139		0.747
988		7334.86		0.93996		0.94219		0.87597		0.8836		0.86528		0.87435		0.75208
989		7336.46		0.94012		0.9426		0.87597		0.86802		0.88601		0.87692		0.75211
990		7338.12		0.93968		0.94197		0.87339		0.86		0.89119		0.87532		0.74728
991		7339.72		0.93955		0.94225		0.8708		0.8593		0.88601		0.87245		0.74198
992		7341.15		0.93939		0.94185		0.86822		0.86979		0.86528		0.86753		0.73644
993		7342.59		0.93972		0.94239		0.8708		0.88235		0.85492		0.86842		0.74194
994		7344.16		0.94023		0.94267		0.86822		0.87368		0.8601		0.86684		0.73651
995		7345.92		0.94039		0.94303		0.87339		0.87113		0.87565		0.87339		0.74678
996		7347.81		0.94083		0.9435		0.86822		0.86224		0.87565		0.86889		0.73653
997		7349.63		0.94107		0.94394		0.87597		0.87565		0.87565		0.87565		0.75194
998		7351.36		0.94098		0.94386		0.87855		0.87629		0.88083		0.87855		0.75712
999		7353.18		0.94059		0.94347		0.88114		0.88482		0.87565		0.88021		0.76231
1000		7354.51		0.93989		0.94266		0.88372		0.89362		0.87047		0.88189		0.76768
fold: 5
Epoch		Time		AUC		AUPR		Accuracy		Precision		Recall		F1-score		Mcc
1		7357.01		0.75749		0.77066		0.60465		0.84483		0.25389		0.39044		0.29065
AUC improved at epoch  1 ;	best_auc: 0.7574915869878746
2		7358.53		0.77418		0.77965		0.63824		0.77895		0.38342		0.51389		0.31969
AUC improved at epoch  2 ;	best_auc: 0.7741840713637091
3		7360.09		0.77581		0.78003		0.70801		0.75974		0.60622		0.67435		0.42443
AUC improved at epoch  3 ;	best_auc: 0.7758132578387906
4		7361.83		0.77726		0.77805		0.69251		0.685		0.70984		0.6972		0.38532
AUC improved at epoch  4 ;	best_auc: 0.7772554884888627
5		7363.88		0.77683		0.77998		0.69767		0.69588		0.69948		0.69767		0.39536
6		7366.0		0.77672		0.777		0.69767		0.73171		0.62176		0.67227		0.39963
7		7367.35		0.77565		0.77626		0.69767		0.72093		0.64249		0.67945		0.39752
8		7368.59		0.77416		0.77436		0.68475		0.67839		0.69948		0.68878		0.36973
9		7369.98		0.77378		0.77089		0.68475		0.66667		0.73575		0.69951		0.37166
10		7371.19		0.77445		0.77175		0.68217		0.67327		0.70466		0.68861		0.36481
11		7372.58		0.77795		0.76782		0.69251		0.67961		0.72539		0.70175		0.38599
AUC improved at epoch  11 ;	best_auc: 0.7779498958388975
12		7373.85		0.78297		0.7712		0.69509		0.67943		0.73575		0.70647		0.39165
AUC improved at epoch  12 ;	best_auc: 0.7829709951391486
13		7375.12		0.79144		0.78098		0.70284		0.67257		0.78756		0.72554		0.41197
AUC improved at epoch  13 ;	best_auc: 0.791437423214572
14		7376.53		0.8046		0.79513		0.72868		0.7037		0.78756		0.74328		0.46079
AUC improved at epoch  14 ;	best_auc: 0.8046044548902302
15		7377.86		0.81053		0.80033		0.74677		0.73171		0.7772		0.75377		0.49457
AUC improved at epoch  15 ;	best_auc: 0.8105336253405266
16		7379.39		0.81064		0.79774		0.73385		0.69231		0.83938		0.75878		0.47885
AUC improved at epoch  16 ;	best_auc: 0.810640457240532
17		7381.49		0.80858		0.79645		0.72093		0.69231		0.79275		0.73913		0.44676
18		7382.89		0.80728		0.79268		0.73902		0.72772		0.76166		0.7443		0.47861
19		7384.15		0.80736		0.7902		0.73643		0.69697		0.8342		0.75943		0.48252
20		7385.7		0.80808		0.79257		0.73385		0.70089		0.81347		0.753		0.47403
21		7387.47		0.8115		0.79693		0.73127		0.71292		0.77202		0.74129		0.46423
AUC improved at epoch  21 ;	best_auc: 0.8114951124405748
22		7389.05		0.8112		0.79587		0.74935		0.7087		0.84456		0.77069		0.50832
23		7391.17		0.81077		0.79715		0.7416		0.69957		0.84456		0.76526		0.49414
24		7393.25		0.81158		0.79924		0.72868		0.71359		0.76166		0.73684		0.45849
AUC improved at epoch  24 ;	best_auc: 0.8115752363655787
25		7394.76		0.81064		0.79664		0.72868		0.71359		0.76166		0.73684		0.45849
26		7396.16		0.81072		0.79508		0.74677		0.70386		0.84974		0.76995		0.5047
27		7397.6		0.81013		0.79348		0.7416		0.7013		0.83938		0.76415		0.49305
28		7399.72		0.81091		0.7945		0.73127		0.71498		0.76684		0.74		0.46384
29		7400.93		0.81069		0.79444		0.73385		0.71635		0.77202		0.74314		0.46921
30		7402.22		0.81037		0.79318		0.73643		0.70044		0.82383		0.75714		0.48057
31		7403.46		0.81152		0.79575		0.74419		0.70085		0.84974		0.76815		0.49999
32		7404.86		0.81224		0.79568		0.7261		0.70233		0.78238		0.7402		0.4553
AUC improved at epoch  32 ;	best_auc: 0.8122429357406122
33		7406.31		0.81227		0.7963		0.7261		0.70423		0.7772		0.73892		0.45477
AUC improved at epoch  33 ;	best_auc: 0.8122696437156134
34		7407.53		0.81246		0.79685		0.73643		0.70222		0.81865		0.75598		0.47969
AUC improved at epoch  34 ;	best_auc: 0.8124565995406229
35		7408.99		0.81254		0.79694		0.73902		0.70175		0.82902		0.7601		0.48629
AUC improved at epoch  35 ;	best_auc: 0.8125367234656268
36		7410.92		0.81401		0.79966		0.73902		0.70721		0.81347		0.75663		0.48369
AUC improved at epoch  36 ;	best_auc: 0.8140056620907004
37		7412.34		0.81515		0.80169		0.7261		0.70616		0.77202		0.73762		0.45429
AUC improved at epoch  37 ;	best_auc: 0.8151541050157577
38		7413.64		0.81652		0.80383		0.73385		0.70455		0.80311		0.75061		0.47251
AUC improved at epoch  38 ;	best_auc: 0.8165162117408258
39		7415.58		0.81689		0.8028		0.73643		0.69869		0.82902		0.75829		0.48152
AUC improved at epoch  39 ;	best_auc: 0.8168901233908444
40		7417.17		0.81772		0.8049		0.73643		0.70776		0.80311		0.75243		0.47737
AUC improved at epoch  40 ;	best_auc: 0.8177180706158859
41		7418.59		0.81873		0.80571		0.73643		0.70968		0.79793		0.75122		0.47671
AUC improved at epoch  41 ;	best_auc: 0.8187329736659366
42		7420.53		0.81927		0.80609		0.7416		0.71429		0.80311		0.7561		0.48713
AUC improved at epoch  42 ;	best_auc: 0.8192671331659633
43		7422.01		0.81897		0.80451		0.74419		0.71364		0.81347		0.76029		0.49338
44		7423.73		0.81975		0.80524		0.7416		0.71831		0.79275		0.75369		0.48594
AUC improved at epoch  44 ;	best_auc: 0.8197478767159874
45		7425.53		0.82154		0.80757		0.7416		0.71041		0.81347		0.75845		0.48853
AUC improved at epoch  45 ;	best_auc: 0.821537311041077
46		7426.91		0.82266		0.81049		0.74677		0.71889		0.80829		0.76098		0.49754
AUC improved at epoch  46 ;	best_auc: 0.8226590459911328
47		7428.23		0.8237		0.81271		0.7416		0.71429		0.80311		0.7561		0.48713
AUC improved at epoch  47 ;	best_auc: 0.823700657016185
48		7429.53		0.82509		0.81534		0.74935		0.71622		0.82383		0.76627		0.50459
AUC improved at epoch  48 ;	best_auc: 0.8250894717162545
49		7431.26		0.8268		0.81725		0.74935		0.72018		0.81347		0.76399		0.50309
AUC improved at epoch  49 ;	best_auc: 0.82679878211634
50		7432.67		0.82875		0.81957		0.73902		0.71495		0.79275		0.75184		0.48102
AUC improved at epoch  50 ;	best_auc: 0.8287484642914374
51		7434.3		0.83177		0.82429		0.73643		0.70404		0.81347		0.75481		0.47886
AUC improved at epoch  51 ;	best_auc: 0.8317664654665884
52		7436.05		0.83345		0.82648		0.74419		0.72381		0.78756		0.75434		0.49038
AUC improved at epoch  52 ;	best_auc: 0.8334490678916724
53		7437.75		0.83406		0.82711		0.75452		0.73558		0.79275		0.76309		0.51068
AUC improved at epoch  53 ;	best_auc: 0.8340633513167032
54		7439.6		0.83623		0.83028		0.75194		0.71556		0.8342		0.77033		0.51112
AUC improved at epoch  54 ;	best_auc: 0.8362266972918113
55		7441.39		0.83684		0.83127		0.75711		0.74384		0.78238		0.76263		0.51496
AUC improved at epoch  55 ;	best_auc: 0.8368409807168421
56		7442.76		0.8417		0.83712		0.75711		0.71245		0.8601		0.77934		0.52581
AUC improved at epoch  56 ;	best_auc: 0.841701832167085
57		7444.2		0.84141		0.83744		0.76486		0.75248		0.78756		0.76962		0.53034
58		7445.46		0.8448		0.84181		0.75452		0.73558		0.79275		0.76309		0.51068
AUC improved at epoch  58 ;	best_auc: 0.84479995726724
59		7446.69		0.84734		0.84444		0.75969		0.72124		0.84456		0.77804		0.52731
AUC improved at epoch  59 ;	best_auc: 0.8473372148923668
60		7447.92		0.84923		0.84781		0.76227		0.75377		0.7772		0.76531		0.52484
AUC improved at epoch  60 ;	best_auc: 0.8492334811174618
61		7449.42		0.85249		0.85171		0.76744		0.74178		0.81865		0.77833		0.53788
AUC improved at epoch  61 ;	best_auc: 0.8524918540676245
62		7450.62		0.85484		0.85361		0.75969		0.71739		0.85492		0.78014		0.52937
AUC improved at epoch  62 ;	best_auc: 0.854842155867742
63		7451.9		0.85364		0.85355		0.76486		0.77128		0.7513		0.76115		0.52986
64		7453.7		0.85914		0.86012		0.76227		0.72247		0.84974		0.78095		0.53305
AUC improved at epoch  64 ;	best_auc: 0.8591421398429571
65		7455.09		0.86195		0.86509		0.76227		0.72646		0.83938		0.77885		0.53115
AUC improved at epoch  65 ;	best_auc: 0.8619464772180973
66		7456.77		0.86232		0.86874		0.76486		0.75758		0.7772		0.76726		0.52992
AUC improved at epoch  66 ;	best_auc: 0.862320388868116
67		7458.24		0.86411		0.86813		0.78295		0.73799		0.87565		0.80095		0.57615
AUC improved at epoch  67 ;	best_auc: 0.8641098231932055
68		7460.23		0.86606		0.87408		0.76744		0.7641		0.77202		0.76804		0.53492
AUC improved at epoch  68 ;	best_auc: 0.866059505368303
69		7461.94		0.87183		0.88025		0.76227		0.72851		0.8342		0.77778		0.5303
AUC improved at epoch  69 ;	best_auc: 0.8718284279685914
70		7463.67		0.87413		0.88053		0.76486		0.72973		0.83938		0.78072		0.53594
AUC improved at epoch  70 ;	best_auc: 0.8741253138187063
71		7465.08		0.87549		0.88001		0.77003		0.76		0.78756		0.77354		0.54045
AUC improved at epoch  71 ;	best_auc: 0.8754874205437744
72		7466.47		0.88094		0.88826		0.76486		0.73832		0.81865		0.77641		0.53299
AUC improved at epoch  72 ;	best_auc: 0.8809358474440467
73		7468.21		0.88355		0.8892		0.77519		0.75238		0.81865		0.78412		0.55262
AUC improved at epoch  73 ;	best_auc: 0.8835532289941777
74		7469.59		0.88219		0.88726		0.78036		0.76471		0.80829		0.78589		0.56169
75		7471.03		0.88756		0.89671		0.77261		0.74194		0.8342		0.78537		0.5496
AUC improved at epoch  75 ;	best_auc: 0.8875594252443779
76		7472.55		0.88871		0.89797		0.77261		0.75862		0.79793		0.77778		0.54601
AUC improved at epoch  76 ;	best_auc: 0.8887078681694354
77		7474.1		0.88724		0.89611		0.78036		0.75714		0.82383		0.78908		0.563
78		7475.54		0.89643		0.90492		0.78295		0.78836		0.77202		0.7801		0.56599
AUC improved at epoch  78 ;	best_auc: 0.8964264729448213
79		7477.28		0.90022		0.90841		0.77519		0.73874		0.84974		0.79036		0.55684
AUC improved at epoch  79 ;	best_auc: 0.900219005395011
80		7478.65		0.89736		0.90412		0.80362		0.81283		0.78756		0.8		0.60749
81		7480.03		0.89632		0.90282		0.79587		0.7767		0.82902		0.80201		0.59314
82		7481.61		0.90481		0.91221		0.78036		0.75472		0.82902		0.79012		0.56355
AUC improved at epoch  82 ;	best_auc: 0.9048127770952407
83		7483.12		0.90401		0.91223		0.78295		0.79781		0.75648		0.7766		0.56659
84		7484.71		0.90802		0.91482		0.77778		0.72016		0.90674		0.80275		0.57536
AUC improved at epoch  84 ;	best_auc: 0.9080177340954009
85		7486.48		0.90187		0.90934		0.80879		0.86503		0.73057		0.79213		0.62498
86		7487.96		0.916		0.92215		0.8062		0.77064		0.87047		0.81752		0.6177
AUC improved at epoch  86 ;	best_auc: 0.9160034186208001
87		7489.98		0.91902		0.92455		0.79845		0.74468		0.90674		0.81776		0.61169
AUC improved at epoch  87 ;	best_auc: 0.919021419795951
88		7491.36		0.91672		0.92214		0.81137		0.84091		0.76684		0.80217		0.62507
89		7492.57		0.91288		0.91939		0.82429		0.85311		0.78238		0.81622		0.65073
90		7493.81		0.9116		0.9189		0.8062		0.7783		0.85492		0.81481		0.61547
91		7495.09		0.91405		0.9207		0.8062		0.7757		0.8601		0.81572		0.61615
92		7496.42		0.91424		0.91991		0.8062		0.81053		0.79793		0.80418		0.61246
93		7498.41		0.91643		0.92026		0.80362		0.79397		0.81865		0.80612		0.60756
94		7499.65		0.92145		0.92572		0.81395		0.78947		0.85492		0.8209		0.63014
AUC improved at epoch  94 ;	best_auc: 0.9214518455210726
95		7501.01		0.92004		0.92621		0.81912		0.82199		0.81347		0.81771		0.63826
96		7502.26		0.92017		0.92626		0.83463		0.82741		0.84456		0.8359		0.66941
97		7503.63		0.92062		0.92489		0.82946		0.79812		0.88083		0.83744		0.66255
98		7504.88		0.92161		0.92461		0.81912		0.8254		0.80829		0.81675		0.63836
AUC improved at epoch  98 ;	best_auc: 0.9216120933710805
99		7506.23		0.92637		0.92868		0.82687		0.80583		0.8601		0.83208		0.65528
AUC improved at epoch  99 ;	best_auc: 0.9263661129213183
100		7507.56		0.92746		0.93082		0.81654		0.79327		0.85492		0.82294		0.63506
AUC improved at epoch  100 ;	best_auc: 0.927461139896373
101		7509.21		0.92562		0.93087		0.84755		0.88506		0.79793		0.83924		0.69839
102		7511.07		0.92701		0.9299		0.82946		0.78733		0.90155		0.84058		0.66604
103		7512.6		0.92316		0.92561		0.82429		0.82051		0.82902		0.82474		0.64862
104		7514.77		0.92607		0.92944		0.81654		0.81771		0.81347		0.81558		0.63308
105		7516.2		0.9293		0.9337		0.84238		0.80841		0.89637		0.85012		0.68891
AUC improved at epoch  105 ;	best_auc: 0.9293039901714651
106		7518.14		0.92695		0.93294		0.84238		0.87079		0.80311		0.83558		0.68676
107		7519.81		0.9293		0.93467		0.82946		0.82234		0.83938		0.83077		0.65907
108		7521.71		0.92952		0.93396		0.83721		0.82178		0.8601		0.84051		0.67519
AUC improved at epoch  108 ;	best_auc: 0.9295176539714759
109		7523.2		0.9296		0.93333		0.83463		0.84492		0.81865		0.83158		0.66954
AUC improved at epoch  109 ;	best_auc: 0.9295977778964798
110		7524.62		0.9308		0.93378		0.83204		0.81683		0.85492		0.83544		0.66484
AUC improved at epoch  110 ;	best_auc: 0.93079963677154
111		7525.92		0.93352		0.93776		0.83204		0.81068		0.86528		0.83709		0.66564
AUC improved at epoch  111 ;	best_auc: 0.9335238502216762
112		7527.44		0.93035		0.9358		0.83979		0.86188		0.80829		0.83422		0.68084
113		7528.83		0.93222		0.93758		0.83721		0.83505		0.83938		0.83721		0.67443
114		7530.27		0.93168		0.93752		0.83979		0.80465		0.89637		0.84804		0.68411
115		7532.18		0.93141		0.9366		0.83721		0.85714		0.80829		0.832		0.67546
116		7533.48		0.93214		0.93705		0.83463		0.82412		0.84974		0.83673		0.6696
117		7534.97		0.9343		0.93904		0.84238		0.8		0.91192		0.8523		0.69163
AUC improved at epoch  117 ;	best_auc: 0.934298381496715
118		7536.61		0.93363		0.93917		0.8553		0.87845		0.82383		0.85027		0.71192
119		7538.37		0.93149		0.9376		0.8553		0.89143		0.80829		0.84783		0.71362
120		7539.58		0.93067		0.93694		0.83204		0.81683		0.85492		0.83544		0.66484
121		7541.0		0.93197		0.93813		0.83721		0.83505		0.83938		0.83721		0.67443
122		7542.26		0.9351		0.9399		0.85013		0.84615		0.85492		0.85052		0.7003
AUC improved at epoch  122 ;	best_auc: 0.9350996207467549
123		7543.71		0.93555		0.93938		0.83979		0.82915		0.85492		0.84184		0.67994
AUC improved at epoch  123 ;	best_auc: 0.9355536563217777
124		7545.04		0.9355		0.93947		0.84496		0.82439		0.87565		0.84925		0.6913
125		7547.0		0.93593		0.9408		0.82946		0.82234		0.83938		0.83077		0.65907
AUC improved at epoch  125 ;	best_auc: 0.9359275679717964
126		7548.3		0.93953		0.94368		0.84755		0.83168		0.87047		0.85063		0.69588
AUC improved at epoch  126 ;	best_auc: 0.9395331445969766
127		7549.92		0.94111		0.94488		0.85788		0.845		0.87565		0.86005		0.71626
AUC improved at epoch  127 ;	best_auc: 0.9411089151220555
128		7551.72		0.94017		0.94401		0.86305		0.86082		0.86528		0.86305		0.72611
129		7553.76		0.93943		0.94333		0.84755		0.835		0.86528		0.84987		0.69557
130		7555.21		0.94007		0.94344		0.85013		0.83582		0.87047		0.85279		0.70089
131		7556.55		0.94041		0.94405		0.84755		0.84184		0.85492		0.84833		0.69518
132		7558.17		0.93881		0.94332		0.8553		0.84422		0.87047		0.85714		0.71096
133		7559.91		0.939		0.94341		0.8553		0.85492		0.85492		0.85492		0.71059
134		7561.08		0.94164		0.94537		0.85788		0.85938		0.85492		0.85714		0.71577
AUC improved at epoch  134 ;	best_auc: 0.9416430746220821
135		7563.02		0.9406		0.94471		0.8553		0.8408		0.87565		0.85787		0.71123
136		7564.61		0.93873		0.94382		0.85788		0.86316		0.84974		0.8564		0.71584
137		7565.82		0.93836		0.9438		0.86305		0.84653		0.88601		0.86582		0.72692
138		7567.0		0.93913		0.94405		0.86305		0.86082		0.86528		0.86305		0.72611
139		7568.31		0.93849		0.94315		0.86047		0.86772		0.84974		0.85864		0.72107
140		7569.82		0.9371		0.94271		0.8553		0.82464		0.90155		0.86139		0.71376
141		7571.12		0.93809		0.94296		0.86047		0.86387		0.85492		0.85938		0.72096
142		7572.39		0.93889		0.94312		0.8553		0.84422		0.87047		0.85714		0.71096
143		7573.55		0.93697		0.94249		0.85788		0.84158		0.88083		0.86076		0.71657
144		7574.71		0.93697		0.94363		0.85271		0.86957		0.82902		0.84881		0.70615
145		7576.01		0.93985		0.94536		0.85271		0.84		0.87047		0.85496		0.70591
146		7577.3		0.94071		0.94544		0.86305		0.84314		0.89119		0.8665		0.72731
147		7578.91		0.94055		0.94482		0.86047		0.83902		0.89119		0.86432		0.72236
148		7580.36		0.93887		0.94349		0.8553		0.85128		0.8601		0.85567		0.71064
149		7582.04		0.93653		0.9416		0.84755		0.84536		0.84974		0.84755		0.6951
150		7583.39		0.93825		0.94294		0.84496		0.83756		0.85492		0.84615		0.69008
151		7584.96		0.93976		0.9443		0.85013		0.84974		0.84974		0.84974		0.70026
152		7586.47		0.94084		0.94539		0.8553		0.85128		0.8601		0.85567		0.71064
153		7587.86		0.94154		0.94645		0.86563		0.86528		0.86528		0.86528		0.73126
154		7589.32		0.94303		0.94759		0.87597		0.87958		0.87047		0.875		0.75197
AUC improved at epoch  154 ;	best_auc: 0.9430318893221514
155		7590.71		0.94266		0.94772		0.8708		0.87435		0.86528		0.86979		0.74163
156		7592.3		0.94084		0.94672		0.86047		0.84925		0.87565		0.86224		0.7213
157		7593.82		0.93889		0.94515		0.85788		0.845		0.87565		0.86005		0.71626
158		7595.44		0.94036		0.94566		0.86563		0.87701		0.84974		0.86316		0.73159
159		7596.92		0.94244		0.94595		0.87339		0.86735		0.88083		0.87404		0.74687
160		7598.41		0.94135		0.94493		0.8708		0.86667		0.87565		0.87113		0.74165
161		7599.79		0.94123		0.94538		0.87339		0.875		0.87047		0.87273		0.74677
162		7601.17		0.94191		0.94616		0.86305		0.85714		0.87047		0.86375		0.72619
163		7603.21		0.94154		0.94557		0.85788		0.85204		0.86528		0.85861		0.71586
164		7604.67		0.94218		0.94644		0.86047		0.84925		0.87565		0.86224		0.7213
165		7606.87		0.94103		0.94553		0.86563		0.86911		0.8601		0.86458		0.7313
166		7608.44		0.94106		0.94612		0.8553		0.87432		0.82902		0.85106		0.7115
167		7609.74		0.94031		0.94534		0.87339		0.86735		0.88083		0.87404		0.74687
168		7610.91		0.9396		0.94404		0.86563		0.85075		0.88601		0.86802		0.73192
169		7612.07		0.93945		0.94324		0.85788		0.84848		0.87047		0.85934		0.71602
170		7613.23		0.93951		0.9434		0.86822		0.86598		0.87047		0.86822		0.73645
171		7614.55		0.94041		0.94466		0.86822		0.86979		0.86528		0.86753		0.73644
172		7615.96		0.93979		0.94458		0.87597		0.87179		0.88083		0.87629		0.75198
173		7617.21		0.93977		0.94446		0.86822		0.86979		0.86528		0.86753		0.73644
174		7618.8		0.93905		0.94416		0.86047		0.86387		0.85492		0.85938		0.72096
175		7620.45		0.93969		0.94482		0.86305		0.85714		0.87047		0.86375		0.72619
176		7621.81		0.94108		0.94543		0.85788		0.84848		0.87047		0.85934		0.71602
177		7623.04		0.94115		0.94557		0.86822		0.87766		0.85492		0.86614		0.73666
178		7624.54		0.94154		0.9459		0.8708		0.88235		0.85492		0.86842		0.74194
179		7626.06		0.94119		0.94526		0.86047		0.87568		0.83938		0.85714		0.72152
180		7627.79		0.94114		0.94533		0.8708		0.87435		0.86528		0.86979		0.74163
181		7629.04		0.94068		0.94438		0.86822		0.86598		0.87047		0.86822		0.73645
182		7630.31		0.94063		0.94411		0.8708		0.87047		0.87047		0.87047		0.7416
183		7631.48		0.9414		0.94471		0.8708		0.87435		0.86528		0.86979		0.74163
184		7632.69		0.94088		0.94387		0.86563		0.87701		0.84974		0.86316		0.73159
185		7634.76		0.94035		0.94382		0.86305		0.86458		0.8601		0.86234		0.7261
186		7636.49		0.93947		0.94308		0.85788		0.84848		0.87047		0.85934		0.71602
187		7638.33		0.93883		0.94254		0.85788		0.84848		0.87047		0.85934		0.71602
188		7640.2		0.93945		0.94403		0.8553		0.85128		0.8601		0.85567		0.71064
189		7641.98		0.94043		0.94449		0.86563		0.86911		0.8601		0.86458		0.7313
190		7643.33		0.94127		0.9452		0.86822		0.86979		0.86528		0.86753		0.73644
191		7644.57		0.9411		0.94543		0.87339		0.87895		0.86528		0.87206		0.74685
192		7645.75		0.94036		0.94526		0.86305		0.86842		0.85492		0.86162		0.72617
193		7647.19		0.94015		0.94559		0.86563		0.86528		0.86528		0.86528		0.73126
194		7648.97		0.94023		0.94559		0.86305		0.85714		0.87047		0.86375		0.72619
195		7650.5		0.94067		0.94595		0.86305		0.85714		0.87047		0.86375		0.72619
196		7652.2		0.94084		0.94503		0.86563		0.86154		0.87047		0.86598		0.73131
197		7654.08		0.93999		0.94416		0.86822		0.86598		0.87047		0.86822		0.73645
198		7655.34		0.94086		0.94526		0.86563		0.86528		0.86528		0.86528		0.73126
199		7656.58		0.94111		0.94554		0.86047		0.8601		0.8601		0.8601		0.72093
200		7657.97		0.94083		0.94538		0.8553		0.85492		0.85492		0.85492		0.71059
201		7659.6		0.94039		0.94497		0.84755		0.85263		0.83938		0.84595		0.69516
202		7660.91		0.9408		0.94517		0.86305		0.86082		0.86528		0.86305		0.72611
203		7662.2		0.94163		0.94581		0.86563		0.85787		0.87565		0.86667		0.73143
204		7663.42		0.94188		0.9462		0.86047		0.85279		0.87047		0.86154		0.7211
205		7664.75		0.94188		0.94628		0.86047		0.86387		0.85492		0.85938		0.72096
206		7666.29		0.9423		0.94649		0.86305		0.86842		0.85492		0.86162		0.72617
207		7668.38		0.94272		0.94706		0.86563		0.86154		0.87047		0.86598		0.73131
208		7670.33		0.94242		0.94775		0.86047		0.84925		0.87565		0.86224		0.7213
209		7672.21		0.94118		0.94653		0.86563		0.86154		0.87047		0.86598		0.73131
210		7673.92		0.93945		0.94483		0.8553		0.86243		0.84456		0.8534		0.71073
211		7675.33		0.93911		0.94451		0.85013		0.86885		0.82383		0.84574		0.70115
212		7676.94		0.94103		0.94645		0.85788		0.86316		0.84974		0.8564		0.71584
213		7678.58		0.94144		0.94575		0.86563		0.86154		0.87047		0.86598		0.73131
214		7679.99		0.94159		0.94585		0.86047		0.85279		0.87047		0.86154		0.7211
215		7681.58		0.94053		0.94494		0.86305		0.85714		0.87047		0.86375		0.72619
216		7683.58		0.93932		0.9445		0.86305		0.86458		0.8601		0.86234		0.7261
217		7685.15		0.93804		0.94333		0.86047		0.8601		0.8601		0.8601		0.72093
218		7686.31		0.93868		0.94435		0.86047		0.84925		0.87565		0.86224		0.7213
219		7687.71		0.93927		0.94424		0.86305		0.85354		0.87565		0.86445		0.72636
220		7688.89		0.94122		0.94541		0.86822		0.87368		0.8601		0.86684		0.73651
221		7690.09		0.94214		0.94612		0.86563		0.87302		0.85492		0.86387		0.73141
222		7691.29		0.94207		0.94529		0.86305		0.87234		0.84974		0.86089		0.72632
223		7692.52		0.94183		0.94486		0.85788		0.86702		0.84456		0.85564		0.71598
224		7693.9		0.94207		0.94497		0.85271		0.85417		0.84974		0.85195		0.70543
225		7695.19		0.94134		0.9414		0.8553		0.85128		0.8601		0.85567		0.71064
226		7696.63		0.94084		0.94093		0.8553		0.84772		0.86528		0.85641		0.71076
227		7698.53		0.94059		0.94403		0.8553		0.85128		0.8601		0.85567		0.71064
228		7699.99		0.93868		0.94261		0.85271		0.86559		0.8342		0.8496		0.70586
229		7701.39		0.93728		0.94134		0.84755		0.85638		0.8342		0.84514		0.6953
230		7702.95		0.93761		0.94193		0.84755		0.85263		0.83938		0.84595		0.69516
231		7704.48		0.94001		0.94393		0.86047		0.85279		0.87047		0.86154		0.7211
232		7705.89		0.94074		0.94436		0.86563		0.85427		0.88083		0.86735		0.73164
233		7707.47		0.94151		0.94489		0.8708		0.86667		0.87565		0.87113		0.74165
234		7708.98		0.94119		0.94498		0.8708		0.87831		0.8601		0.86911		0.74175
235		7710.52		0.94086		0.94475		0.86822		0.88587		0.84456		0.86472		0.7372
236		7711.98		0.94067		0.94534		0.8708		0.88649		0.84974		0.86772		0.74221
237		7713.78		0.94019		0.94475		0.87339		0.87895		0.86528		0.87206		0.74685
238		7715.54		0.93909		0.94401		0.86305		0.86082		0.86528		0.86305		0.72611
239		7717.05		0.93867		0.9444		0.86047		0.8601		0.8601		0.8601		0.72093
240		7718.46		0.93768		0.94444		0.85788		0.86702		0.84456		0.85564		0.71598
241		7720.34		0.93571		0.94332		0.85271		0.8617		0.83938		0.85039		0.70564
242		7722.02		0.93648		0.94401		0.85013		0.86096		0.8342		0.84737		0.70057
243		7723.53		0.93725		0.94424		0.84496		0.84817		0.83938		0.84375		0.68995
244		7725.34		0.93868		0.94498		0.85013		0.84264		0.8601		0.85128		0.70042
245		7726.77		0.94004		0.94539		0.84496		0.83417		0.8601		0.84694		0.69028
246		7728.4		0.93976		0.94493		0.85271		0.85052		0.85492		0.85271		0.70544
247		7730.0		0.93984		0.94482		0.84755		0.85263		0.83938		0.84595		0.69516
248		7731.93		0.9382		0.94332		0.85271		0.85417		0.84974		0.85195		0.70543
249		7733.98		0.93774		0.94236		0.84755		0.84896		0.84456		0.84675		0.69509
250		7735.55		0.93742		0.94206		0.84496		0.84456		0.84456		0.84456		0.68992
251		7736.9		0.93788		0.94241		0.85013		0.84974		0.84974		0.84974		0.70026
252		7738.22		0.93778		0.94214		0.85788		0.85567		0.8601		0.85788		0.71577
253		7739.42		0.93776		0.9426		0.86047		0.86387		0.85492		0.85938		0.72096
254		7740.62		0.93801		0.94264		0.86047		0.86772		0.84974		0.85864		0.72107
255		7741.97		0.93816		0.9426		0.8553		0.86243		0.84456		0.8534		0.71073
256		7743.28		0.93883		0.94337		0.85788		0.85938		0.85492		0.85714		0.71577
257		7744.86		0.93963		0.94398		0.84755		0.84536		0.84974		0.84755		0.6951
258		7746.54		0.93928		0.94394		0.84755		0.84536		0.84974		0.84755		0.6951
259		7748.04		0.93879		0.94406		0.85271		0.85789		0.84456		0.85117		0.7055
260		7749.46		0.9396		0.94485		0.86047		0.85641		0.86528		0.86082		0.72097
261		7751.13		0.93972		0.9449		0.86305		0.85714		0.87047		0.86375		0.72619
262		7753.0		0.93972		0.94528		0.86822		0.85149		0.89119		0.87089		0.73726
263		7754.47		0.93912		0.94537		0.86305		0.84653		0.88601		0.86582		0.72692
264		7755.74		0.93842		0.94473		0.85271		0.84343		0.86528		0.85422		0.70568
265		7757.0		0.93768		0.94386		0.8553		0.85128		0.8601		0.85567		0.71064
266		7758.25		0.93788		0.9439		0.85271		0.85052		0.85492		0.85271		0.70544
267		7760.03		0.93837		0.94504		0.8553		0.85492		0.85492		0.85492		0.71059
268		7761.93		0.93757		0.94417		0.8553		0.85492		0.85492		0.85492		0.71059
269		7763.82		0.93774		0.94418		0.86305		0.86842		0.85492		0.86162		0.72617
270		7765.9		0.93864		0.94475		0.86305		0.86842		0.85492		0.86162		0.72617
271		7767.4		0.93829		0.94462		0.86305		0.86842		0.85492		0.86162		0.72617
272		7768.75		0.93911		0.94515		0.86305		0.86458		0.8601		0.86234		0.7261
273		7770.17		0.93911		0.94435		0.86305		0.86458		0.8601		0.86234		0.7261
274		7771.47		0.93955		0.94452		0.86563		0.85787		0.87565		0.86667		0.73143
275		7772.84		0.94021		0.94483		0.86563		0.85075		0.88601		0.86802		0.73192
276		7774.46		0.9415		0.94632		0.86305		0.85714		0.87047		0.86375		0.72619
277		7776.19		0.94079		0.94568		0.86305		0.86842		0.85492		0.86162		0.72617
278		7777.56		0.93972		0.94511		0.86305		0.86082		0.86528		0.86305		0.72611
279		7779.31		0.9388		0.94412		0.85013		0.83582		0.87047		0.85279		0.70089
280		7781.2		0.93694		0.94245		0.85013		0.84264		0.8601		0.85128		0.70042
281		7782.47		0.93639		0.94249		0.8553		0.84772		0.86528		0.85641		0.71076
282		7783.66		0.9369		0.94319		0.85788		0.85938		0.85492		0.85714		0.71577
283		7784.87		0.93744		0.94314		0.85788		0.85567		0.8601		0.85788		0.71577
284		7786.13		0.93897		0.94407		0.86047		0.85279		0.87047		0.86154		0.7211
285		7787.46		0.94052		0.94483		0.86563		0.85787		0.87565		0.86667		0.73143
286		7788.67		0.94107		0.945		0.86305		0.86082		0.86528		0.86305		0.72611
287		7789.83		0.94107		0.94558		0.8708		0.88235		0.85492		0.86842		0.74194
288		7791.19		0.94078		0.94523		0.86305		0.87634		0.84456		0.86016		0.72655
289		7793.36		0.94246		0.94697		0.84755		0.84536		0.84974		0.84755		0.6951
290		7795.32		0.94337		0.94706		0.84496		0.83085		0.86528		0.84772		0.69054
AUC improved at epoch  290 ;	best_auc: 0.9433657390096682
291		7797.13		0.94314		0.94756		0.84755		0.83838		0.8601		0.8491		0.69534
292		7798.96		0.94138		0.94687		0.85013		0.8534		0.84456		0.84896		0.70029
293		7800.67		0.94007		0.94616		0.86047		0.87568		0.83938		0.85714		0.72152
294		7802.28		0.94091		0.94714		0.86047		0.87568		0.83938		0.85714		0.72152
295		7803.48		0.9413		0.94674		0.86563		0.86911		0.8601		0.86458		0.7313
296		7805.26		0.94171		0.94609		0.86047		0.84236		0.88601		0.86364		0.72193
297		7806.76		0.94156		0.9462		0.85788		0.845		0.87565		0.86005		0.71626
298		7808.1		0.94035		0.94513		0.85271		0.85052		0.85492		0.85271		0.70544
299		7809.29		0.93995		0.94412		0.85271		0.85417		0.84974		0.85195		0.70543
300		7810.48		0.93907		0.94297		0.85271		0.85417		0.84974		0.85195		0.70543
301		7811.71		0.93871		0.94274		0.86305		0.86082		0.86528		0.86305		0.72611
302		7813.06		0.93891		0.94361		0.86563		0.86154		0.87047		0.86598		0.73131
303		7814.51		0.93917		0.94399		0.8553		0.86243		0.84456		0.8534		0.71073
304		7815.89		0.93875		0.94389		0.85788		0.86316		0.84974		0.8564		0.71584
305		7817.73		0.93943		0.94373		0.86047		0.86387		0.85492		0.85938		0.72096
306		7819.05		0.94045		0.94494		0.85271		0.85052		0.85492		0.85271		0.70544
307		7820.67		0.94084		0.94532		0.8553		0.84772		0.86528		0.85641		0.71076
308		7822.32		0.9414		0.94601		0.85788		0.84848		0.87047		0.85934		0.71602
309		7823.91		0.94242		0.94634		0.86047		0.84577		0.88083		0.86294		0.72158
310		7825.13		0.94232		0.94618		0.86822		0.85859		0.88083		0.86957		0.7367
311		7827.11		0.94166		0.94524		0.87339		0.875		0.87047		0.87273		0.74677
312		7829.27		0.94163		0.94565		0.87339		0.88298		0.8601		0.87139		0.747
313		7831.15		0.9409		0.94444		0.8708		0.88235		0.85492		0.86842		0.74194
314		7832.62		0.94144		0.94531		0.86822		0.88172		0.84974		0.86544		0.73689
315		7833.98		0.94103		0.94515		0.86563		0.86911		0.8601		0.86458		0.7313
316		7835.42		0.94017		0.94424		0.86047		0.85641		0.86528		0.86082		0.72097
317		7836.68		0.9402		0.94389		0.86305		0.85714		0.87047		0.86375		0.72619
318		7837.91		0.93981		0.94335		0.86563		0.86154		0.87047		0.86598		0.73131
319		7839.19		0.93863		0.94204		0.8708		0.87047		0.87047		0.87047		0.7416
320		7841.38		0.93853		0.94177		0.8708		0.87435		0.86528		0.86979		0.74163
321		7843.01		0.93939		0.94267		0.86563		0.86528		0.86528		0.86528		0.73126
322		7844.88		0.94057		0.94413		0.86305		0.85714		0.87047		0.86375		0.72619
323		7846.26		0.94139		0.94502		0.8553		0.8408		0.87565		0.85787		0.71123
324		7847.48		0.9413		0.94519		0.85788		0.84848		0.87047		0.85934		0.71602
325		7848.83		0.94104		0.94594		0.8553		0.85128		0.8601		0.85567		0.71064
326		7850.14		0.94053		0.94553		0.85788		0.86702		0.84456		0.85564		0.71598
327		7851.65		0.94056		0.94564		0.86563		0.87701		0.84974		0.86316		0.73159
328		7853.46		0.94079		0.94536		0.8708		0.87831		0.8601		0.86911		0.74175
329		7854.79		0.94031		0.94463		0.86822		0.86598		0.87047		0.86822		0.73645
330		7856.0		0.94007		0.9445		0.87597		0.87958		0.87047		0.875		0.75197
331		7857.38		0.94059		0.9452		0.87597		0.8877		0.8601		0.87368		0.75228
332		7859.22		0.94083		0.94557		0.86822		0.87368		0.8601		0.86684		0.73651
333		7860.86		0.93952		0.94432		0.8553		0.85864		0.84974		0.85417		0.71062
334		7862.5		0.94029		0.94446		0.86305		0.86082		0.86528		0.86305		0.72611
335		7864.11		0.94028		0.94442		0.86563		0.86154		0.87047		0.86598		0.73131
336		7865.58		0.94087		0.94486		0.8708		0.86294		0.88083		0.87179		0.74177
337		7867.18		0.94072		0.94498		0.86047		0.85279		0.87047		0.86154		0.7211
338		7868.87		0.9406		0.94479		0.87339		0.87113		0.87565		0.87339		0.74678
339		7870.51		0.94052		0.94477		0.8708		0.87435		0.86528		0.86979		0.74163
340		7872.04		0.94103		0.94624		0.87597		0.8836		0.86528		0.87435		0.75208
341		7873.8		0.94071		0.94611		0.87597		0.87565		0.87565		0.87565		0.75194
342		7875.19		0.94095		0.94662		0.87597		0.87565		0.87565		0.87565		0.75194
343		7876.77		0.94069		0.94625		0.86563		0.86528		0.86528		0.86528		0.73126
344		7878.36		0.94051		0.94623		0.86563		0.86528		0.86528		0.86528		0.73126
345		7879.8		0.94116		0.94624		0.86822		0.86979		0.86528		0.86753		0.73644
346		7881.64		0.94126		0.94569		0.86822		0.86979		0.86528		0.86753		0.73644
347		7883.04		0.94164		0.94596		0.86822		0.86979		0.86528		0.86753		0.73644
348		7884.48		0.94144		0.94507		0.86305		0.86082		0.86528		0.86305		0.72611
349		7885.89		0.94198		0.94567		0.86047		0.85641		0.86528		0.86082		0.72097
350		7887.27		0.94184		0.94553		0.86047		0.85641		0.86528		0.86082		0.72097
351		7888.56		0.94182		0.94565		0.8553		0.85492		0.85492		0.85492		0.71059
352		7889.79		0.94116		0.94495		0.85271		0.85417		0.84974		0.85195		0.70543
353		7891.14		0.94131		0.94607		0.86047		0.86387		0.85492		0.85938		0.72096
354		7892.84		0.941		0.94582		0.8553		0.85864		0.84974		0.85417		0.71062
355		7894.88		0.94091		0.94548		0.86305		0.86458		0.8601		0.86234		0.7261
356		7896.95		0.94036		0.94513		0.86305		0.86082		0.86528		0.86305		0.72611
357		7898.32		0.94053		0.94552		0.86305		0.85714		0.87047		0.86375		0.72619
358		7899.71		0.94084		0.94586		0.86563		0.86154		0.87047		0.86598		0.73131
359		7901.27		0.9409		0.94582		0.86047		0.85641		0.86528		0.86082		0.72097
360		7902.84		0.94094		0.94572		0.86047		0.85279		0.87047		0.86154		0.7211
361		7904.94		0.94009		0.94394		0.86305		0.85714		0.87047		0.86375		0.72619
362		7906.74		0.93987		0.94443		0.86047		0.86387		0.85492		0.85938		0.72096
363		7908.28		0.93945		0.9437		0.85788		0.86702		0.84456		0.85564		0.71598
364		7909.95		0.93956		0.94366		0.85788		0.86702		0.84456		0.85564		0.71598
365		7911.67		0.9394		0.94358		0.85788		0.86702		0.84456		0.85564		0.71598
366		7913.43		0.93989		0.94429		0.86047		0.8601		0.8601		0.8601		0.72093
367		7914.8		0.94098		0.94572		0.86047		0.85279		0.87047		0.86154		0.7211
368		7916.2		0.93999		0.9442		0.85788		0.845		0.87565		0.86005		0.71626
369		7917.45		0.93967		0.94403		0.85788		0.84848		0.87047		0.85934		0.71602
370		7918.65		0.9392		0.94339		0.86047		0.84925		0.87565		0.86224		0.7213
371		7920.06		0.93864		0.94285		0.86047		0.85641		0.86528		0.86082		0.72097
372		7921.38		0.93908		0.94316		0.86047		0.86387		0.85492		0.85938		0.72096
373		7922.78		0.93891		0.94296		0.86047		0.86387		0.85492		0.85938		0.72096
374		7924.87		0.93875		0.94252		0.86305		0.86458		0.8601		0.86234		0.7261
375		7926.9		0.93892		0.94267		0.86563		0.86528		0.86528		0.86528		0.73126
376		7928.42		0.93846		0.94222		0.86305		0.85714		0.87047		0.86375		0.72619
377		7929.77		0.93829		0.94282		0.86305		0.86082		0.86528		0.86305		0.72611
378		7931.03		0.93853		0.94297		0.86047		0.85641		0.86528		0.86082		0.72097
379		7932.4		0.93989		0.94428		0.85788		0.85938		0.85492		0.85714		0.71577
380		7934.09		0.94118		0.94521		0.86305		0.86458		0.8601		0.86234		0.7261
381		7935.84		0.94191		0.94584		0.86563		0.86911		0.8601		0.86458		0.7313
382		7937.72		0.942		0.94565		0.87339		0.88298		0.8601		0.87139		0.747
383		7940.04		0.94142		0.94504		0.87597		0.87958		0.87047		0.875		0.75197
384		7941.24		0.93985		0.94398		0.86822		0.86224		0.87565		0.86889		0.73653
385		7942.48		0.93916		0.94414		0.86563		0.85787		0.87565		0.86667		0.73143
386		7943.84		0.9382		0.94354		0.86822		0.86598		0.87047		0.86822		0.73645
387		7945.09		0.93794		0.94335		0.86305		0.86842		0.85492		0.86162		0.72617
388		7946.31		0.93849		0.94348		0.86305		0.86842		0.85492		0.86162		0.72617
389		7947.52		0.938		0.94184		0.86305		0.86458		0.8601		0.86234		0.7261
390		7949.03		0.9385		0.94215		0.86305		0.85714		0.87047		0.86375		0.72619
391		7950.97		0.93828		0.94157		0.86047		0.85279		0.87047		0.86154		0.7211
392		7952.18		0.93726		0.94032		0.86563		0.86911		0.8601		0.86458		0.7313
393		7953.45		0.93685		0.93945		0.8708		0.87831		0.8601		0.86911		0.74175
394		7954.7		0.93627		0.93863		0.86822		0.87766		0.85492		0.86614		0.73666
395		7956.76		0.9367		0.93896		0.86305		0.86082		0.86528		0.86305		0.72611
396		7958.75		0.93681		0.93966		0.86305		0.85		0.88083		0.86514		0.7266
397		7960.55		0.9381		0.94135		0.86563		0.85427		0.88083		0.86735		0.73164
398		7962.19		0.93924		0.9426		0.86047		0.84577		0.88083		0.86294		0.72158
399		7964.14		0.93937		0.9425		0.86305		0.85		0.88083		0.86514		0.7266
400		7965.46		0.93955		0.94256		0.86563		0.86528		0.86528		0.86528		0.73126
401		7966.8		0.94007		0.94391		0.8708		0.87831		0.8601		0.86911		0.74175
402		7967.97		0.94		0.94352		0.8708		0.87831		0.8601		0.86911		0.74175
403		7969.36		0.93963		0.94321		0.87339		0.87895		0.86528		0.87206		0.74685
404		7970.97		0.93913		0.94255		0.87339		0.875		0.87047		0.87273		0.74677
405		7972.73		0.93891		0.94218		0.87339		0.875		0.87047		0.87273		0.74677
406		7974.58		0.93999		0.94322		0.8708		0.87435		0.86528		0.86979		0.74163
407		7976.7		0.93931		0.94295		0.87339		0.87895		0.86528		0.87206		0.74685
408		7978.34		0.93884		0.94141		0.86822		0.86979		0.86528		0.86753		0.73644
409		7979.67		0.93853		0.94149		0.86563		0.86528		0.86528		0.86528		0.73126
410		7980.91		0.93838		0.94255		0.86305		0.85354		0.87565		0.86445		0.72636
411		7982.32		0.93867		0.94306		0.86305		0.85354		0.87565		0.86445		0.72636
412		7983.53		0.93996		0.94422		0.86822		0.86598		0.87047		0.86822		0.73645
413		7984.83		0.94082		0.94474		0.86563		0.86528		0.86528		0.86528		0.73126
414		7986.82		0.9414		0.94511		0.86822		0.86598		0.87047		0.86822		0.73645
415		7988.55		0.94128		0.94515		0.85788		0.85204		0.86528		0.85861		0.71586
416		7990.58		0.93944		0.9432		0.85271		0.84343		0.86528		0.85422		0.70568
417		7991.95		0.93834		0.94201		0.84755		0.83838		0.8601		0.8491		0.69534
418		7993.27		0.93848		0.94291		0.85013		0.8392		0.86528		0.85204		0.70062
419		7994.47		0.93854		0.94378		0.85013		0.84264		0.8601		0.85128		0.70042
420		7995.87		0.93729		0.94319		0.83979		0.83938		0.83938		0.83938		0.67958
421		7997.25		0.93567		0.94178		0.84496		0.85185		0.8342		0.84293		0.69005
422		7999.3		0.93689		0.94202		0.85271		0.84343		0.86528		0.85422		0.70568
423		8001.15		0.93704		0.94053		0.85788		0.845		0.87565		0.86005		0.71626
424		8002.99		0.93666		0.94009		0.86563		0.85427		0.88083		0.86735		0.73164
425		8004.94		0.93673		0.94012		0.86563		0.85427		0.88083		0.86735		0.73164
426		8006.26		0.93738		0.94048		0.86563		0.85427		0.88083		0.86735		0.73164
427		8007.52		0.93872		0.94127		0.86822		0.86598		0.87047		0.86822		0.73645
428		8008.8		0.93833		0.94036		0.86822		0.86598		0.87047		0.86822		0.73645
429		8013.24		0.93806		0.94007		0.86563		0.86154		0.87047		0.86598		0.73131
430		8018.36		0.93842		0.94167		0.85271		0.85789		0.84456		0.85117		0.7055
431		8023.51		0.93873		0.94222		0.86047		0.86387		0.85492		0.85938		0.72096
432		8025.58		0.9377		0.94152		0.86563		0.86528		0.86528		0.86528		0.73126
433		8027.2		0.93661		0.94078		0.86305		0.86458		0.8601		0.86234		0.7261
434		8028.87		0.93451		0.93903		0.8553		0.85128		0.8601		0.85567		0.71064
435		8030.26		0.93398		0.93711		0.86305		0.85714		0.87047		0.86375		0.72619
436		8031.77		0.93646		0.93922		0.85788		0.84848		0.87047		0.85934		0.71602
437		8033.34		0.93991		0.94233		0.86822		0.85859		0.88083		0.86957		0.7367
438		8035.06		0.94142		0.94366		0.86822		0.86224		0.87565		0.86889		0.73653
439		8036.46		0.94239		0.94477		0.8708		0.86667		0.87565		0.87113		0.74165
440		8037.99		0.94238		0.9448		0.86305		0.86082		0.86528		0.86305		0.72611
441		8039.45		0.942		0.94518		0.86047		0.87166		0.84456		0.85789		0.72125
442		8041.21		0.94092		0.94395		0.85013		0.86885		0.82383		0.84574		0.70115
443		8042.8		0.94055		0.94282		0.86563		0.86911		0.8601		0.86458		0.7313
444		8045.29		0.93972		0.94157		0.86047		0.85641		0.86528		0.86082		0.72097
445		8046.6		0.94007		0.94148		0.86305		0.86458		0.8601		0.86234		0.7261
446		8047.82		0.94009		0.94247		0.8553		0.85864		0.84974		0.85417		0.71062
447		8049.2		0.94045		0.9427		0.86305		0.86082		0.86528		0.86305		0.72611
448		8050.44		0.94084		0.94284		0.86047		0.85279		0.87047		0.86154		0.7211
449		8051.81		0.94044		0.94181		0.86305		0.85354		0.87565		0.86445		0.72636
450		8053.19		0.93957		0.94077		0.86305		0.86082		0.86528		0.86305		0.72611
451		8054.56		0.93834		0.94064		0.86822		0.86979		0.86528		0.86753		0.73644
452		8056.67		0.93746		0.93988		0.86563		0.87701		0.84974		0.86316		0.73159
453		8058.02		0.93702		0.93933		0.8553		0.85864		0.84974		0.85417		0.71062
454		8059.36		0.93682		0.93963		0.85271		0.85417		0.84974		0.85195		0.70543
455		8061.15		0.93627		0.93939		0.85271		0.85417		0.84974		0.85195		0.70543
456		8062.84		0.93589		0.93953		0.85788		0.85938		0.85492		0.85714		0.71577
457		8064.04		0.93681		0.94055		0.86047		0.8601		0.8601		0.8601		0.72093
458		8065.25		0.93786		0.94121		0.85788		0.845		0.87565		0.86005		0.71626
459		8066.44		0.93885		0.94228		0.85788		0.84848		0.87047		0.85934		0.71602
460		8068.66		0.93921		0.94288		0.86305		0.85714		0.87047		0.86375		0.72619
461		8070.51		0.94035		0.94405		0.85788		0.85938		0.85492		0.85714		0.71577
462		8071.99		0.94023		0.94403		0.8708		0.87831		0.8601		0.86911		0.74175
463		8073.28		0.94074		0.94435		0.87597		0.8836		0.86528		0.87435		0.75208
464		8075.19		0.94064		0.94424		0.8708		0.87435		0.86528		0.86979		0.74163
465		8076.85		0.94021		0.94371		0.86047		0.85279		0.87047		0.86154		0.7211
466		8078.16		0.94019		0.94356		0.86305		0.85714		0.87047		0.86375		0.72619
467		8079.39		0.94012		0.94212		0.86305		0.86082		0.86528		0.86305		0.72611
468		8080.97		0.9408		0.94305		0.8708		0.87435		0.86528		0.86979		0.74163
469		8082.82		0.94152		0.94383		0.87855		0.88421		0.87047		0.87728		0.75719
470		8084.65		0.94138		0.94391		0.87339		0.875		0.87047		0.87273		0.74677
471		8086.28		0.94148		0.9439		0.86305		0.85714		0.87047		0.86375		0.72619
472		8087.55		0.93943		0.94229		0.85013		0.8392		0.86528		0.85204		0.70062
473		8089.0		0.93753		0.94049		0.85013		0.84264		0.8601		0.85128		0.70042
474		8090.31		0.93786		0.94233		0.85013		0.84974		0.84974		0.84974		0.70026
475		8091.63		0.9385		0.9427		0.86047		0.86772		0.84974		0.85864		0.72107
476		8093.32		0.938		0.94148		0.85788		0.86316		0.84974		0.8564		0.71584
477		8095.19		0.93887		0.94269		0.86822		0.86224		0.87565		0.86889		0.73653
478		8096.62		0.93955		0.94354		0.86563		0.85427		0.88083		0.86735		0.73164
479		8098.06		0.93903		0.94296		0.86563		0.85787		0.87565		0.86667		0.73143
480		8099.49		0.93846		0.94215		0.8553		0.84422		0.87047		0.85714		0.71096
481		8101.64		0.93784		0.94165		0.8553		0.83744		0.88083		0.85859		0.71158
482		8103.22		0.93782		0.94296		0.85271		0.84		0.87047		0.85496		0.70591
483		8104.43		0.93796		0.94266		0.85013		0.84615		0.85492		0.85052		0.7003
484		8106.0		0.93821		0.94251		0.86305		0.86458		0.8601		0.86234		0.7261
485		8107.33		0.93802		0.94222		0.86305		0.86082		0.86528		0.86305		0.72611
486		8109.12		0.93872		0.94275		0.86305		0.86082		0.86528		0.86305		0.72611
487		8110.54		0.93947		0.94233		0.86305		0.85714		0.87047		0.86375		0.72619
488		8112.1		0.9377		0.93974		0.86047		0.85641		0.86528		0.86082		0.72097
489		8113.55		0.93599		0.93702		0.86047		0.86387		0.85492		0.85938		0.72096
490		8115.13		0.93547		0.93607		0.86305		0.86458		0.8601		0.86234		0.7261
491		8116.71		0.93652		0.93709		0.86563		0.86911		0.8601		0.86458		0.7313
492		8118.14		0.93816		0.93914		0.8708		0.87435		0.86528		0.86979		0.74163
493		8119.58		0.93821		0.93943		0.86822		0.86979		0.86528		0.86753		0.73644
494		8120.98		0.93744		0.9392		0.86047		0.86387		0.85492		0.85938		0.72096
495		8122.69		0.93649		0.93956		0.8553		0.85864		0.84974		0.85417		0.71062
496		8124.14		0.93631		0.94008		0.85788		0.86316		0.84974		0.8564		0.71584
497		8125.58		0.93619		0.94058		0.85788		0.85567		0.8601		0.85788		0.71577
498		8126.91		0.93482		0.93867		0.85271		0.84343		0.86528		0.85422		0.70568
499		8128.56		0.93567		0.9392		0.8553		0.85128		0.8601		0.85567		0.71064
500		8130.46		0.93673		0.94047		0.8553		0.86243		0.84456		0.8534		0.71073
501		8131.72		0.93794		0.94142		0.85788		0.85567		0.8601		0.85788		0.71577
502		8133.13		0.93945		0.9433		0.86563		0.86154		0.87047		0.86598		0.73131
503		8134.48		0.93988		0.94369		0.86047		0.85279		0.87047		0.86154		0.7211
504		8135.78		0.93977		0.94393		0.86563		0.86154		0.87047		0.86598		0.73131
505		8137.02		0.93951		0.94361		0.86822		0.87368		0.8601		0.86684		0.73651
506		8138.56		0.93845		0.9424		0.86305		0.86458		0.8601		0.86234		0.7261
507		8140.43		0.93725		0.94		0.8553		0.84772		0.86528		0.85641		0.71076
508		8142.65		0.93685		0.94		0.84755		0.835		0.86528		0.84987		0.69557
509		8143.97		0.93685		0.94027		0.84496		0.82759		0.87047		0.84848		0.69088
510		8145.25		0.937		0.94059		0.84755		0.835		0.86528		0.84987		0.69557
511		8146.65		0.93626		0.9398		0.86563		0.86154		0.87047		0.86598		0.73131
512		8147.89		0.93716		0.94169		0.86305		0.86082		0.86528		0.86305		0.72611
513		8149.41		0.93852		0.94208		0.86822		0.86598		0.87047		0.86822		0.73645
514		8151.19		0.93871		0.94147		0.86563		0.85787		0.87565		0.86667		0.73143
515		8152.76		0.93915		0.94162		0.86305		0.86082		0.86528		0.86305		0.72611
516		8154.66		0.94005		0.94268		0.87339		0.87895		0.86528		0.87206		0.74685
517		8156.2		0.9402		0.94299		0.8708		0.87831		0.8601		0.86911		0.74175
518		8157.5		0.94031		0.94291		0.86563		0.86154		0.87047		0.86598		0.73131
519		8158.69		0.93845		0.94155		0.86305		0.85354		0.87565		0.86445		0.72636
520		8160.7		0.9375		0.94103		0.86047		0.85279		0.87047		0.86154		0.7211
521		8162.05		0.93669		0.94097		0.8553		0.85128		0.8601		0.85567		0.71064
522		8163.44		0.93617		0.94062		0.86305		0.86458		0.8601		0.86234		0.7261
523		8164.7		0.93579		0.94006		0.86047		0.87166		0.84456		0.85789		0.72125
524		8166.75		0.93565		0.93908		0.86563		0.86528		0.86528		0.86528		0.73126
525		8168.51		0.93833		0.94187		0.8708		0.86667		0.87565		0.87113		0.74165
526		8170.37		0.94064		0.94495		0.8708		0.87435		0.86528		0.86979		0.74163
527		8172.17		0.94118		0.94535		0.86047		0.87166		0.84456		0.85789		0.72125
528		8173.88		0.94208		0.94588		0.86822		0.87368		0.8601		0.86684		0.73651
529		8175.16		0.94118		0.94448		0.87339		0.87895		0.86528		0.87206		0.74685
530		8176.55		0.94055		0.94197		0.86563		0.86528		0.86528		0.86528		0.73126
531		8178.6		0.93917		0.94041		0.86563		0.86154		0.87047		0.86598		0.73131
532		8179.82		0.93818		0.93935		0.86305		0.85354		0.87565		0.86445		0.72636
533		8181.03		0.93629		0.93796		0.85788		0.85567		0.8601		0.85788		0.71577
534		8182.27		0.93539		0.93817		0.86047		0.8601		0.8601		0.8601		0.72093
535		8183.64		0.93495		0.93833		0.86305		0.86458		0.8601		0.86234		0.7261
536		8184.96		0.93509		0.9389		0.86047		0.8601		0.8601		0.8601		0.72093
537		8186.29		0.93581		0.93991		0.86305		0.86458		0.8601		0.86234		0.7261
538		8187.57		0.93686		0.9409		0.86305		0.86082		0.86528		0.86305		0.72611
539		8189.7		0.93834		0.9422		0.86305		0.85354		0.87565		0.86445		0.72636
540		8191.73		0.94028		0.94375		0.86047		0.84925		0.87565		0.86224		0.7213
541		8193.64		0.94087		0.94359		0.85788		0.85204		0.86528		0.85861		0.71586
542		8195.19		0.94056		0.94317		0.85788		0.85204		0.86528		0.85861		0.71586
543		8196.52		0.94009		0.94298		0.85788		0.85204		0.86528		0.85861		0.71586
544		8197.72		0.93879		0.94169		0.86563		0.86528		0.86528		0.86528		0.73126
545		8198.88		0.93748		0.94086		0.86047		0.8601		0.8601		0.8601		0.72093
546		8200.21		0.93605		0.93994		0.86305		0.86082		0.86528		0.86305		0.72611
547		8202.23		0.93533		0.9392		0.8553		0.85128		0.8601		0.85567		0.71064
548		8204.1		0.93511		0.93934		0.86047		0.85641		0.86528		0.86082		0.72097
549		8205.62		0.93652		0.94079		0.86047		0.8601		0.8601		0.8601		0.72093
550		8206.84		0.93702		0.94144		0.86305		0.86842		0.85492		0.86162		0.72617
551		8208.31		0.93762		0.94161		0.86822		0.87368		0.8601		0.86684		0.73651
552		8209.52		0.93842		0.94211		0.86305		0.86458		0.8601		0.86234		0.7261
553		8210.78		0.93892		0.94254		0.86563		0.86528		0.86528		0.86528		0.73126
554		8212.1		0.93899		0.94275		0.86305		0.86082		0.86528		0.86305		0.72611
555		8213.8		0.93893		0.94252		0.86305		0.86082		0.86528		0.86305		0.72611
556		8215.6		0.93824		0.94179		0.86047		0.8601		0.8601		0.8601		0.72093
557		8217.39		0.93756		0.94103		0.86305		0.86458		0.8601		0.86234		0.7261
558		8218.74		0.93725		0.9403		0.86305		0.86842		0.85492		0.86162		0.72617
559		8219.95		0.93721		0.94009		0.86822		0.87368		0.8601		0.86684		0.73651
560		8221.21		0.93765		0.9399		0.8708		0.87435		0.86528		0.86979		0.74163
561		8222.65		0.93856		0.9413		0.86822		0.85859		0.88083		0.86957		0.7367
562		8224.35		0.94012		0.94324		0.86563		0.85427		0.88083		0.86735		0.73164
563		8225.76		0.94064		0.94407		0.86822		0.855		0.88601		0.87023		0.73694
564		8227.04		0.94021		0.94399		0.86822		0.86224		0.87565		0.86889		0.73653
565		8229.24		0.93915		0.94302		0.86563		0.86528		0.86528		0.86528		0.73126
566		8230.47		0.93948		0.94312		0.86563		0.86528		0.86528		0.86528		0.73126
567		8231.67		0.93956		0.94279		0.85788		0.86316		0.84974		0.8564		0.71584
568		8233.32		0.93897		0.94215		0.86047		0.86387		0.85492		0.85938		0.72096
569		8235.31		0.93825		0.9404		0.85788		0.85567		0.8601		0.85788		0.71577
570		8237.15		0.93901		0.94146		0.8553		0.85128		0.8601		0.85567		0.71064
571		8238.44		0.93881		0.94058		0.86305		0.86458		0.8601		0.86234		0.7261
572		8240.15		0.93981		0.94233		0.86047		0.86387		0.85492		0.85938		0.72096
573		8241.7		0.94083		0.94342		0.86822		0.87368		0.8601		0.86684		0.73651
574		8243.03		0.94146		0.94375		0.87597		0.87565		0.87565		0.87565		0.75194
575		8244.25		0.94152		0.94354		0.87855		0.88021		0.87565		0.87792		0.75711
576		8245.46		0.94134		0.94302		0.87339		0.87113		0.87565		0.87339		0.74678
577		8246.65		0.94068		0.94368		0.86822		0.86224		0.87565		0.86889		0.73653
578		8248.06		0.9398		0.94371		0.8708		0.86667		0.87565		0.87113		0.74165
579		8249.33		0.93832		0.94287		0.86047		0.86387		0.85492		0.85938		0.72096
580		8250.76		0.93772		0.94255		0.86047		0.86772		0.84974		0.85864		0.72107
581		8252.56		0.93784		0.94271		0.86305		0.86842		0.85492		0.86162		0.72617
582		8253.77		0.93812		0.94282		0.8708		0.87047		0.87047		0.87047		0.7416
583		8255.44		0.93885		0.94269		0.86822		0.86224		0.87565		0.86889		0.73653
584		8257.14		0.93945		0.94269		0.8708		0.86667		0.87565		0.87113		0.74165
585		8259.3		0.93912		0.94083		0.86563		0.86911		0.8601		0.86458		0.7313
586		8260.58		0.93951		0.9413		0.86822		0.87368		0.8601		0.86684		0.73651
587		8262.02		0.9385		0.94057		0.86563		0.87302		0.85492		0.86387		0.73141
588		8263.94		0.93897		0.94073		0.86305		0.85354		0.87565		0.86445		0.72636
589		8265.72		0.93859		0.94259		0.85788		0.85204		0.86528		0.85861		0.71586
590		8267.57		0.93629		0.94082		0.8553		0.85128		0.8601		0.85567		0.71064
591		8268.97		0.93626		0.9409		0.85788		0.85567		0.8601		0.85788		0.71577
592		8270.35		0.93796		0.94208		0.86047		0.86387		0.85492		0.85938		0.72096
593		8271.62		0.93956		0.94252		0.86305		0.86082		0.86528		0.86305		0.72611
594		8272.81		0.94015		0.9425		0.86563		0.86154		0.87047		0.86598		0.73131
595		8274.48		0.94045		0.94097		0.86563		0.86154		0.87047		0.86598		0.73131
596		8276.2		0.94056		0.94096		0.86305		0.86082		0.86528		0.86305		0.72611
597		8277.7		0.94016		0.94091		0.86563		0.86528		0.86528		0.86528		0.73126
598		8279.35		0.93963		0.94205		0.86305		0.86082		0.86528		0.86305		0.72611
599		8280.94		0.93891		0.94146		0.86047		0.85279		0.87047		0.86154		0.7211
600		8282.24		0.93728		0.94047		0.86047		0.8601		0.8601		0.8601		0.72093
601		8283.46		0.93618		0.93979		0.86047		0.86387		0.85492		0.85938		0.72096
602		8284.69		0.93639		0.9396		0.8553		0.85492		0.85492		0.85492		0.71059
603		8285.82		0.93642		0.93888		0.86305		0.86458		0.8601		0.86234		0.7261
604		8286.99		0.93665		0.93952		0.85788		0.85567		0.8601		0.85788		0.71577
605		8288.98		0.93599		0.93919		0.86563		0.86528		0.86528		0.86528		0.73126
606		8290.7		0.93652		0.93931		0.86047		0.8601		0.8601		0.8601		0.72093
607		8292.43		0.93686		0.94023		0.86563		0.86528		0.86528		0.86528		0.73126
608		8294.04		0.93661		0.93964		0.86563		0.86154		0.87047		0.86598		0.73131
609		8295.58		0.93669		0.93958		0.86563		0.85427		0.88083		0.86735		0.73164
610		8296.89		0.93788		0.94102		0.86563		0.85427		0.88083		0.86735		0.73164
611		8298.64		0.93756		0.94123		0.8708		0.87047		0.87047		0.87047		0.7416
612		8300.3		0.93749		0.94104		0.86563		0.87701		0.84974		0.86316		0.73159
613		8302.09		0.9371		0.94079		0.86563		0.88108		0.84456		0.86243		0.73186
614		8303.76		0.93682		0.94		0.86305		0.87234		0.84974		0.86089		0.72632
615		8305.47		0.93778		0.93995		0.8553		0.84422		0.87047		0.85714		0.71096
616		8307.22		0.93717		0.93933		0.8553		0.8408		0.87565		0.85787		0.71123
617		8308.66		0.93589		0.93894		0.85788		0.86316		0.84974		0.8564		0.71584
618		8310.05		0.93589		0.93916		0.84238		0.84021		0.84456		0.84238		0.68477
619		8311.45		0.93634		0.93912		0.84755		0.84536		0.84974		0.84755		0.6951
620		8312.81		0.93674		0.93887		0.86047		0.85279		0.87047		0.86154		0.7211
621		8314.46		0.93657		0.93819		0.86563		0.85787		0.87565		0.86667		0.73143
622		8315.76		0.93665		0.93777		0.86047		0.84925		0.87565		0.86224		0.7213
623		8316.98		0.9367		0.93855		0.85788		0.845		0.87565		0.86005		0.71626
624		8318.88		0.9377		0.93958		0.85271		0.83333		0.88083		0.85642		0.70661
625		8320.27		0.93899		0.94063		0.86047		0.84577		0.88083		0.86294		0.72158
626		8321.87		0.93899		0.94155		0.86047		0.86387		0.85492		0.85938		0.72096
627		8323.21		0.93804		0.9417		0.86563		0.88525		0.83938		0.8617		0.73221
628		8324.48		0.93897		0.94251		0.86305		0.86458		0.8601		0.86234		0.7261
629		8326.38		0.9385		0.94165		0.86563		0.85075		0.88601		0.86802		0.73192
630		8328.6		0.9359		0.94049		0.86047		0.87568		0.83938		0.85714		0.72152
631		8330.42		0.93785		0.94013		0.86047		0.84236		0.88601		0.86364		0.72193
632		8331.87		0.93461		0.93543		0.85013		0.81991		0.89637		0.85644		0.70338
633		8333.4		0.92602		0.93474		0.85013		0.89474		0.79275		0.84066		0.70474
634		8334.81		0.9254		0.93084		0.80362		0.74274		0.92746		0.82488		0.62706
635		8336.73		0.88443		0.90337		0.78036		0.88571		0.64249		0.74474		0.58273
636		8338.54		0.87961		0.89207		0.56589		0.53501		0.98964		0.69455		0.25049
637		8340.35		0.87632		0.90075		0.80103		0.8494		0.73057		0.78552		0.60787
638		8341.78		0.87485		0.89846		0.71318		1.0		0.42487		0.59636		0.51985
639		8343.1		0.88294		0.90153		0.8062		0.78922		0.8342		0.81108		0.61345
640		8344.29		0.88545		0.89311		0.65116		0.59416		0.94819		0.73054		0.37693
641		8345.64		0.88841		0.89747		0.70801		0.64286		0.93264		0.7611		0.46637
642		8346.88		0.8843		0.89781		0.80103		0.88158		0.6943		0.77681		0.61585
643		8348.11		0.87794		0.89316		0.68475		0.97333		0.37824		0.54478		0.46541
644		8349.51		0.87957		0.89389		0.66408		0.98462		0.33161		0.49612		0.43663
645		8351.25		0.88537		0.89841		0.72093		0.95699		0.46114		0.62238		0.5155
646		8352.9		0.89218		0.90364		0.80362		0.88235		0.69948		0.78035		0.62044
647		8354.13		0.89133		0.9019		0.78811		0.76812		0.82383		0.795		0.57782
648		8355.84		0.88825		0.89974		0.76744		0.71548		0.88601		0.79167		0.55094
649		8357.44		0.88459		0.89673		0.75194		0.69636		0.89119		0.78182		0.52506
650		8359.14		0.87885		0.89177		0.75969		0.71368		0.86528		0.7822		0.5317
651		8360.88		0.8737		0.88755		0.78036		0.75472		0.82902		0.79012		0.56355
652		8362.55		0.86926		0.88392		0.78295		0.78836		0.77202		0.7801		0.56599
653		8364.0		0.86638		0.88187		0.78036		0.81034		0.73057		0.76839		0.56333
654		8365.93		0.86699		0.88322		0.78036		0.8253		0.70984		0.76323		0.5661
655		8367.15		0.87049		0.8875		0.79587		0.8314		0.74093		0.78356		0.59513
656		8368.99		0.87722		0.8943		0.79845		0.81421		0.77202		0.79255		0.59764
657		8370.59		0.88422		0.89885		0.79328		0.7868		0.80311		0.79487		0.58671
658		8371.85		0.89058		0.9032		0.80103		0.77619		0.84456		0.80893		0.60449
659		8373.19		0.89581		0.90532		0.79845		0.77512		0.83938		0.80597		0.59903
660		8374.48		0.89934		0.90715		0.81912		0.80905		0.8342		0.82143		0.63858
661		8376.01		0.90089		0.9082		0.81654		0.83516		0.78756		0.81067		0.63404
662		8377.77		0.9038		0.91088		0.81137		0.86145		0.74093		0.79666		0.62876
663		8379.68		0.90716		0.91301		0.8062		0.86875		0.72021		0.78754		0.62134
664		8381.39		0.91037		0.91536		0.81137		0.86145		0.74093		0.79666		0.62876
665		8382.82		0.91373		0.91732		0.83721		0.86111		0.80311		0.8311		0.67589
666		8384.23		0.91616		0.9194		0.82946		0.83957		0.81347		0.82632		0.6592
667		8385.49		0.91825		0.92123		0.84238		0.83333		0.85492		0.84399		0.685
668		8386.75		0.91857		0.92176		0.84238		0.84021		0.84456		0.84238		0.68477
669		8388.0		0.91873		0.92198		0.82429		0.84153		0.79793		0.81915		0.6494
670		8389.85		0.9187		0.92192		0.82429		0.85714		0.7772		0.81522		0.65132
671		8391.65		0.9195		0.92199		0.81654		0.85465		0.76166		0.80548		0.63673
672		8393.31		0.91988		0.92103		0.81137		0.84884		0.75648		0.8		0.62633
673		8394.93		0.91854		0.91848		0.81912		0.8254		0.80829		0.81675		0.63836
674		8396.43		0.91881		0.91826		0.82429		0.81407		0.83938		0.82653		0.64892
675		8397.94		0.9207		0.9205		0.81654		0.81443		0.81865		0.81654		0.63309
676		8399.86		0.92436		0.92533		0.82946		0.85083		0.79793		0.82353		0.66013
677		8401.34		0.92546		0.92713		0.82687		0.87059		0.76684		0.81543		0.65831
678		8402.88		0.92639		0.92798		0.82946		0.85876		0.78756		0.82162		0.6611
679		8404.67		0.92792		0.92872		0.83463		0.8377		0.82902		0.83333		0.66928
680		8406.87		0.92816		0.92802		0.83204		0.8299		0.8342		0.83204		0.66409
681		8408.3		0.92725		0.92664		0.83463		0.83077		0.83938		0.83505		0.66929
682		8409.57		0.92741		0.92713		0.83721		0.85326		0.81347		0.83289		0.67511
683		8410.89		0.9292		0.92889		0.83979		0.85792		0.81347		0.83511		0.68045
684		8412.17		0.93173		0.93111		0.84755		0.84184		0.85492		0.84833		0.69518
685		8413.47		0.93398		0.93309		0.85271		0.84		0.87047		0.85496		0.70591
686		8414.75		0.93553		0.93516		0.85271		0.84694		0.8601		0.85347		0.70552
687		8416.1		0.93633		0.936		0.8553		0.87027		0.8342		0.85185		0.71117
688		8417.49		0.93676		0.93571		0.85271		0.85789		0.84456		0.85117		0.7055
689		8419.44		0.93644		0.93489		0.8553		0.84422		0.87047		0.85714		0.71096
690		8420.69		0.93662		0.93506		0.85788		0.845		0.87565		0.86005		0.71626
691		8422.85		0.93702		0.93561		0.86305		0.86082		0.86528		0.86305		0.72611
692		8424.29		0.9374		0.93587		0.86305		0.86842		0.85492		0.86162		0.72617
693		8426.05		0.93804		0.93692		0.86563		0.86528		0.86528		0.86528		0.73126
694		8427.88		0.93825		0.93697		0.86563		0.86154		0.87047		0.86598		0.73131
695		8430.0		0.93927		0.93805		0.86822		0.86224		0.87565		0.86889		0.73653
696		8431.47		0.93993		0.93892		0.86305		0.86458		0.8601		0.86234		0.7261
697		8433.37		0.93959		0.93867		0.86305		0.86458		0.8601		0.86234		0.7261
698		8434.54		0.93924		0.93833		0.86563		0.86528		0.86528		0.86528		0.73126
699		8435.72		0.939		0.93805		0.87339		0.86735		0.88083		0.87404		0.74687
700		8437.07		0.93908		0.93847		0.86822		0.855		0.88601		0.87023		0.73694
701		8438.3		0.93936		0.93929		0.8708		0.87047		0.87047		0.87047		0.7416
702		8439.48		0.94007		0.93993		0.8708		0.87435		0.86528		0.86979		0.74163
703		8440.66		0.94063		0.94051		0.86822		0.86979		0.86528		0.86753		0.73644
704		8441.87		0.94044		0.94017		0.86563		0.86528		0.86528		0.86528		0.73126
705		8443.3		0.94036		0.93997		0.86047		0.85641		0.86528		0.86082		0.72097
706		8444.63		0.94016		0.93983		0.86047		0.85279		0.87047		0.86154		0.7211
707		8446.58		0.94071		0.94037		0.86822		0.86598		0.87047		0.86822		0.73645
708		8448.57		0.94167		0.94146		0.86563		0.86154		0.87047		0.86598		0.73131
709		8450.07		0.94106		0.94133		0.8708		0.87047		0.87047		0.87047		0.7416
710		8451.3		0.94094		0.94139		0.8708		0.87047		0.87047		0.87047		0.7416
711		8452.92		0.94146		0.9422		0.86822		0.86598		0.87047		0.86822		0.73645
712		8454.72		0.94138		0.94208		0.86305		0.86082		0.86528		0.86305		0.72611
713		8456.04		0.94186		0.94238		0.86305		0.86082		0.86528		0.86305		0.72611
714		8458.09		0.94218		0.94256		0.86563		0.86528		0.86528		0.86528		0.73126
715		8460.07		0.94196		0.94241		0.86305		0.86082		0.86528		0.86305		0.72611
716		8461.7		0.94204		0.94223		0.86563		0.86528		0.86528		0.86528		0.73126
717		8462.99		0.94228		0.94217		0.86563		0.86528		0.86528		0.86528		0.73126
718		8464.28		0.94263		0.94256		0.86563		0.86911		0.8601		0.86458		0.7313
719		8465.52		0.94338		0.94321		0.86822		0.86979		0.86528		0.86753		0.73644
AUC improved at epoch  719 ;	best_auc: 0.9433790929971689
720		8466.79		0.94386		0.94365		0.8708		0.87435		0.86528		0.86979		0.74163
AUC improved at epoch  720 ;	best_auc: 0.943859836547193
721		8468.56		0.94457		0.94408		0.86822		0.86979		0.86528		0.86753		0.73644
AUC improved at epoch  721 ;	best_auc: 0.9445675978847283
722		8470.45		0.94489		0.9444		0.86822		0.86598		0.87047		0.86822		0.73645
AUC improved at epoch  722 ;	best_auc: 0.9448880935847443
723		8472.51		0.94493		0.94459		0.86563		0.86528		0.86528		0.86528		0.73126
AUC improved at epoch  723 ;	best_auc: 0.9449281555472464
724		8474.14		0.94471		0.94427		0.87339		0.87895		0.86528		0.87206		0.74685
725		8475.54		0.9443		0.94388		0.87339		0.88298		0.8601		0.87139		0.747
726		8476.78		0.94423		0.94387		0.86822		0.87368		0.8601		0.86684		0.73651
727		8478.09		0.94385		0.94337		0.86563		0.86528		0.86528		0.86528		0.73126
728		8479.3		0.94305		0.94284		0.86305		0.85714		0.87047		0.86375		0.72619
729		8480.9		0.94268		0.94266		0.86047		0.85641		0.86528		0.86082		0.72097
730		8482.59		0.9426		0.94308		0.86305		0.86458		0.8601		0.86234		0.7261
731		8483.89		0.94216		0.94301		0.86305		0.86842		0.85492		0.86162		0.72617
732		8485.65		0.9421		0.94317		0.86305		0.86842		0.85492		0.86162		0.72617
733		8487.97		0.94235		0.94316		0.86563		0.87302		0.85492		0.86387		0.73141
734		8489.82		0.94288		0.94353		0.86305		0.86842		0.85492		0.86162		0.72617
735		8491.59		0.94343		0.94381		0.86822		0.86979		0.86528		0.86753		0.73644
736		8493.25		0.94434		0.94442		0.86563		0.86154		0.87047		0.86598		0.73131
737		8494.66		0.94406		0.94403		0.86563		0.86154		0.87047		0.86598		0.73131
738		8495.88		0.94353		0.94367		0.86822		0.86598		0.87047		0.86822		0.73645
739		8497.03		0.94287		0.94323		0.86822		0.86979		0.86528		0.86753		0.73644
740		8498.59		0.94268		0.94341		0.86305		0.86842		0.85492		0.86162		0.72617
741		8500.55		0.94235		0.94356		0.86305		0.86842		0.85492		0.86162		0.72617
742		8501.78		0.94202		0.94356		0.86563		0.87302		0.85492		0.86387		0.73141
743		8503.04		0.94187		0.94341		0.86305		0.86842		0.85492		0.86162		0.72617
744		8504.29		0.94152		0.94302		0.86305		0.86458		0.8601		0.86234		0.7261
745		8505.66		0.94132		0.94282		0.86305		0.86458		0.8601		0.86234		0.7261
746		8506.99		0.94127		0.94252		0.86305		0.86458		0.8601		0.86234		0.7261
747		8508.75		0.94139		0.94274		0.86563		0.86911		0.8601		0.86458		0.7313
748		8510.42		0.94176		0.94308		0.86305		0.86842		0.85492		0.86162		0.72617
749		8512.35		0.94183		0.94287		0.86305		0.86842		0.85492		0.86162		0.72617
750		8514.21		0.94192		0.943		0.86563		0.87302		0.85492		0.86387		0.73141
751		8516.06		0.94212		0.94326		0.86563		0.87302		0.85492		0.86387		0.73141
752		8517.51		0.94198		0.94281		0.8708		0.87435		0.86528		0.86979		0.74163
753		8518.97		0.94226		0.94286		0.87339		0.87113		0.87565		0.87339		0.74678
754		8520.94		0.94188		0.94265		0.86563		0.85787		0.87565		0.86667		0.73143
755		8522.18		0.94155		0.94202		0.86305		0.85354		0.87565		0.86445		0.72636
756		8523.45		0.94164		0.94254		0.86563		0.86154		0.87047		0.86598		0.73131
757		8525.21		0.94175		0.94274		0.8708		0.87047		0.87047		0.87047		0.7416
758		8526.72		0.94119		0.94227		0.86822		0.87766		0.85492		0.86614		0.73666
759		8527.95		0.94116		0.94227		0.86822		0.87766		0.85492		0.86614		0.73666
760		8529.25		0.94095		0.94202		0.86563		0.87701		0.84974		0.86316		0.73159
761		8530.76		0.94072		0.94184		0.86822		0.87766		0.85492		0.86614		0.73666
762		8532.22		0.94053		0.94203		0.86822		0.87368		0.8601		0.86684		0.73651
763		8533.67		0.94055		0.94189		0.86305		0.86458		0.8601		0.86234		0.7261
764		8535.0		0.94045		0.9419		0.86047		0.85641		0.86528		0.86082		0.72097
765		8536.51		0.94057		0.94207		0.86305		0.86082		0.86528		0.86305		0.72611
766		8538.06		0.94086		0.94219		0.86047		0.8601		0.8601		0.8601		0.72093
767		8539.39		0.94078		0.94222		0.86305		0.86458		0.8601		0.86234		0.7261
768		8541.09		0.94076		0.9423		0.86563		0.87302		0.85492		0.86387		0.73141
769		8542.47		0.94119		0.94286		0.8708		0.88235		0.85492		0.86842		0.74194
770		8544.21		0.94158		0.94329		0.8708		0.88235		0.85492		0.86842		0.74194
771		8545.6		0.94163		0.94325		0.86822		0.87766		0.85492		0.86614		0.73666
772		8547.25		0.94138		0.94255		0.86822		0.87766		0.85492		0.86614		0.73666
773		8548.61		0.94127		0.94232		0.86563		0.86911		0.8601		0.86458		0.7313
774		8550.26		0.94118		0.94212		0.86563		0.86911		0.8601		0.86458		0.7313
775		8551.99		0.94114		0.942		0.86563		0.86911		0.8601		0.86458		0.7313
776		8553.43		0.9412		0.94199		0.86822		0.87368		0.8601		0.86684		0.73651
777		8555.07		0.94131		0.94279		0.8708		0.87831		0.8601		0.86911		0.74175
778		8556.45		0.94108		0.94264		0.8708		0.88235		0.85492		0.86842		0.74194
779		8557.97		0.94079		0.9423		0.8708		0.88235		0.85492		0.86842		0.74194
780		8559.31		0.94084		0.94239		0.8708		0.88235		0.85492		0.86842		0.74194
781		8561.08		0.94075		0.94216		0.87339		0.88298		0.8601		0.87139		0.747
782		8562.4		0.94111		0.9426		0.8708		0.87831		0.8601		0.86911		0.74175
783		8563.77		0.9412		0.9423		0.8708		0.87831		0.8601		0.86911		0.74175
784		8565.21		0.94186		0.94295		0.86563		0.86154		0.87047		0.86598		0.73131
785		8566.63		0.94215		0.94341		0.86563		0.86154		0.87047		0.86598		0.73131
786		8568.57		0.94266		0.94322		0.86563		0.86154		0.87047		0.86598		0.73131
787		8570.59		0.94224		0.94291		0.86563		0.86154		0.87047		0.86598		0.73131
788		8572.16		0.94246		0.94308		0.87339		0.875		0.87047		0.87273		0.74677
789		8573.49		0.94226		0.9431		0.87339		0.87895		0.86528		0.87206		0.74685
790		8574.68		0.94186		0.9428		0.87339		0.87895		0.86528		0.87206		0.74685
791		8576.16		0.94148		0.94238		0.8708		0.87831		0.8601		0.86911		0.74175
792		8577.54		0.94108		0.94195		0.8708		0.87831		0.8601		0.86911		0.74175
793		8579.53		0.94083		0.94162		0.8708		0.87831		0.8601		0.86911		0.74175
794		8580.96		0.94056		0.9413		0.8708		0.87831		0.8601		0.86911		0.74175
795		8582.31		0.94012		0.9409		0.86822		0.87368		0.8601		0.86684		0.73651
796		8583.84		0.94005		0.94081		0.86563		0.86154		0.87047		0.86598		0.73131
797		8585.29		0.94019		0.94106		0.86047		0.85641		0.86528		0.86082		0.72097
798		8586.91		0.94069		0.94164		0.86563		0.86528		0.86528		0.86528		0.73126
799		8588.77		0.94083		0.9417		0.86563		0.86528		0.86528		0.86528		0.73126
800		8590.38		0.94107		0.94198		0.86563		0.86528		0.86528		0.86528		0.73126
801		8592.12		0.94122		0.94213		0.86563		0.86528		0.86528		0.86528		0.73126
802		8593.47		0.94124		0.94204		0.86563		0.86528		0.86528		0.86528		0.73126
803		8594.72		0.94119		0.94192		0.86305		0.86082		0.86528		0.86305		0.72611
804		8596.49		0.94143		0.94276		0.86305		0.86458		0.8601		0.86234		0.7261
805		8598.29		0.94156		0.94294		0.86305		0.86458		0.8601		0.86234		0.7261
806		8600.33		0.94144		0.94291		0.86822		0.87368		0.8601		0.86684		0.73651
807		8601.9		0.9416		0.94299		0.86822		0.87368		0.8601		0.86684		0.73651
808		8603.84		0.94152		0.94279		0.86822		0.87368		0.8601		0.86684		0.73651
809		8605.12		0.94135		0.9426		0.86822		0.87368		0.8601		0.86684		0.73651
810		8606.44		0.94124		0.94253		0.86822		0.87368		0.8601		0.86684		0.73651
811		8607.73		0.9409		0.94216		0.86563		0.86911		0.8601		0.86458		0.7313
812		8609.39		0.9408		0.94205		0.86305		0.86458		0.8601		0.86234		0.7261
813		8611.19		0.94061		0.94197		0.86305		0.86458		0.8601		0.86234		0.7261
814		8612.39		0.94055		0.9421		0.86305		0.86458		0.8601		0.86234		0.7261
815		8613.83		0.94074		0.94226		0.86305		0.86458		0.8601		0.86234		0.7261
816		8615.83		0.94096		0.94259		0.86305		0.86458		0.8601		0.86234		0.7261
817		8617.04		0.94071		0.94165		0.86305		0.86458		0.8601		0.86234		0.7261
818		8618.28		0.94071		0.94182		0.86305		0.86458		0.8601		0.86234		0.7261
819		8619.71		0.941		0.94207		0.86305		0.86458		0.8601		0.86234		0.7261
820		8620.9		0.941		0.94204		0.86305		0.86458		0.8601		0.86234		0.7261
821		8622.18		0.94107		0.94224		0.86305		0.86458		0.8601		0.86234		0.7261
822		8623.39		0.94084		0.94212		0.86047		0.8601		0.8601		0.8601		0.72093
823		8624.78		0.94069		0.94196		0.86047		0.8601		0.8601		0.8601		0.72093
824		8626.31		0.94057		0.94191		0.86047		0.8601		0.8601		0.8601		0.72093
825		8628.22		0.94079		0.94217		0.86047		0.8601		0.8601		0.8601		0.72093
826		8629.86		0.94091		0.94223		0.86305		0.86458		0.8601		0.86234		0.7261
827		8631.33		0.94083		0.94213		0.86305		0.86458		0.8601		0.86234		0.7261
828		8632.94		0.94091		0.942		0.86305		0.86458		0.8601		0.86234		0.7261
829		8634.27		0.94071		0.9419		0.86305		0.86458		0.8601		0.86234		0.7261
830		8635.92		0.94033		0.94154		0.86305		0.86842		0.85492		0.86162		0.72617
831		8637.43		0.94043		0.94173		0.86305		0.86842		0.85492		0.86162		0.72617
832		8638.9		0.94056		0.94192		0.86305		0.86842		0.85492		0.86162		0.72617
833		8640.7		0.94078		0.9421		0.86563		0.86911		0.8601		0.86458		0.7313
834		8642.16		0.94107		0.94234		0.86305		0.86458		0.8601		0.86234		0.7261
835		8643.5		0.94119		0.94241		0.86305		0.86458		0.8601		0.86234		0.7261
836		8645.11		0.94134		0.94254		0.86563		0.86911		0.8601		0.86458		0.7313
837		8646.54		0.94116		0.94243		0.86563		0.86911		0.8601		0.86458		0.7313
838		8648.27		0.94118		0.94246		0.86563		0.86911		0.8601		0.86458		0.7313
839		8649.79		0.94128		0.94258		0.86822		0.87368		0.8601		0.86684		0.73651
840		8651.23		0.94122		0.94261		0.86822		0.87368		0.8601		0.86684		0.73651
841		8652.69		0.94111		0.94256		0.86822		0.87368		0.8601		0.86684		0.73651
842		8654.18		0.94146		0.94291		0.86563		0.86911		0.8601		0.86458		0.7313
843		8655.56		0.94166		0.94308		0.86563		0.86911		0.8601		0.86458		0.7313
844		8657.04		0.94176		0.94313		0.86305		0.86458		0.8601		0.86234		0.7261
845		8658.56		0.94166		0.94301		0.86305		0.86458		0.8601		0.86234		0.7261
846		8660.25		0.94168		0.94301		0.86305		0.86458		0.8601		0.86234		0.7261
847		8661.6		0.9416		0.94287		0.86563		0.86528		0.86528		0.86528		0.73126
848		8662.99		0.94142		0.9427		0.86563		0.86528		0.86528		0.86528		0.73126
849		8665.09		0.94131		0.9426		0.86305		0.86458		0.8601		0.86234		0.7261
850		8666.94		0.94079		0.9421		0.86563		0.86911		0.8601		0.86458		0.7313
851		8668.31		0.94095		0.94225		0.86563		0.86911		0.8601		0.86458		0.7313
852		8669.5		0.94099		0.94227		0.86305		0.86458		0.8601		0.86234		0.7261
853		8670.83		0.94079		0.94218		0.86305		0.86458		0.8601		0.86234		0.7261
854		8672.16		0.94078		0.9421		0.86047		0.86387		0.85492		0.85938		0.72096
855		8673.36		0.9409		0.94226		0.86305		0.86458		0.8601		0.86234		0.7261
856		8674.61		0.94107		0.94229		0.86305		0.86458		0.8601		0.86234		0.7261
857		8675.8		0.94118		0.94231		0.86563		0.86528		0.86528		0.86528		0.73126
858		8677.79		0.94124		0.9423		0.86563		0.86528		0.86528		0.86528		0.73126
859		8679.17		0.94104		0.94221		0.86305		0.86082		0.86528		0.86305		0.72611
860		8680.39		0.94112		0.94225		0.86305		0.86082		0.86528		0.86305		0.72611
861		8681.65		0.94086		0.94197		0.86305		0.86082		0.86528		0.86305		0.72611
862		8683.43		0.94086		0.94194		0.86305		0.86082		0.86528		0.86305		0.72611
863		8685.16		0.94067		0.94192		0.86305		0.86082		0.86528		0.86305		0.72611
864		8686.44		0.94079		0.94201		0.86305		0.86458		0.8601		0.86234		0.7261
865		8687.78		0.94069		0.94189		0.86305		0.86458		0.8601		0.86234		0.7261
866		8689.62		0.94061		0.94196		0.86563		0.87302		0.85492		0.86387		0.73141
867		8691.67		0.9406		0.94199		0.8708		0.88235		0.85492		0.86842		0.74194
868		8693.87		0.94067		0.94205		0.86822		0.87766		0.85492		0.86614		0.73666
869		8696.28		0.9406		0.94195		0.86822		0.87766		0.85492		0.86614		0.73666
870		8697.55		0.94086		0.94226		0.86822		0.87766		0.85492		0.86614		0.73666
871		8698.97		0.94083		0.94218		0.86822		0.87766		0.85492		0.86614		0.73666
872		8700.35		0.94108		0.94245		0.86047		0.86387		0.85492		0.85938		0.72096
873		8701.62		0.94123		0.94255		0.86305		0.86458		0.8601		0.86234		0.7261
874		8702.87		0.94106		0.94237		0.86305		0.86458		0.8601		0.86234		0.7261
875		8704.76		0.94091		0.94214		0.86305		0.86458		0.8601		0.86234		0.7261
876		8706.48		0.94071		0.94195		0.86305		0.86458		0.8601		0.86234		0.7261
877		8708.23		0.94074		0.94218		0.86305		0.86458		0.8601		0.86234		0.7261
878		8709.95		0.94076		0.94226		0.86305		0.86458		0.8601		0.86234		0.7261
879		8711.18		0.94098		0.94251		0.86305		0.86458		0.8601		0.86234		0.7261
880		8712.6		0.94111		0.9426		0.86305		0.86458		0.8601		0.86234		0.7261
881		8713.93		0.9414		0.94284		0.86305		0.86458		0.8601		0.86234		0.7261
882		8715.19		0.9415		0.94306		0.86305		0.86458		0.8601		0.86234		0.7261
883		8717.12		0.94172		0.94325		0.86563		0.86911		0.8601		0.86458		0.7313
884		8718.36		0.94175		0.94333		0.86305		0.86082		0.86528		0.86305		0.72611
885		8719.67		0.94191		0.94343		0.86305		0.86082		0.86528		0.86305		0.72611
886		8720.92		0.94159		0.94311		0.86563		0.86528		0.86528		0.86528		0.73126
887		8722.43		0.94115		0.9426		0.86563		0.86528		0.86528		0.86528		0.73126
888		8724.1		0.94098		0.94237		0.86563		0.86528		0.86528		0.86528		0.73126
889		8725.99		0.94057		0.94173		0.86563		0.86911		0.8601		0.86458		0.7313
890		8728.09		0.94008		0.94136		0.86563		0.86911		0.8601		0.86458		0.7313
891		8729.75		0.93984		0.94106		0.86047		0.8601		0.8601		0.8601		0.72093
892		8731.48		0.93973		0.94096		0.85788		0.85567		0.8601		0.85788		0.71577
893		8733.37		0.93984		0.94115		0.85788		0.85567		0.8601		0.85788		0.71577
894		8735.2		0.94009		0.94151		0.86047		0.8601		0.8601		0.8601		0.72093
895		8736.8		0.94043		0.94198		0.86047		0.8601		0.8601		0.8601		0.72093
896		8738.09		0.94048		0.94197		0.86305		0.86458		0.8601		0.86234		0.7261
897		8739.4		0.94067		0.94214		0.86563		0.86911		0.8601		0.86458		0.7313
898		8740.58		0.9408		0.94224		0.86563		0.86911		0.8601		0.86458		0.7313
899		8741.77		0.94086		0.9423		0.86563		0.86911		0.8601		0.86458		0.7313
900		8742.95		0.94103		0.9425		0.86305		0.86458		0.8601		0.86234		0.7261
901		8744.43		0.94098		0.94237		0.86563		0.86528		0.86528		0.86528		0.73126
902		8745.95		0.94099		0.94227		0.86563		0.86528		0.86528		0.86528		0.73126
903		8747.55		0.94111		0.94232		0.8708		0.87435		0.86528		0.86979		0.74163
904		8749.14		0.94119		0.94242		0.87339		0.87895		0.86528		0.87206		0.74685
905		8750.37		0.94088		0.94212		0.87339		0.87895		0.86528		0.87206		0.74685
906		8751.83		0.94107		0.94219		0.87339		0.87895		0.86528		0.87206		0.74685
907		8753.07		0.94095		0.94215		0.87339		0.87895		0.86528		0.87206		0.74685
908		8754.36		0.94076		0.94197		0.87339		0.87895		0.86528		0.87206		0.74685
909		8755.88		0.94074		0.94184		0.87339		0.87895		0.86528		0.87206		0.74685
910		8757.52		0.94053		0.94162		0.87339		0.87895		0.86528		0.87206		0.74685
911		8759.25		0.94067		0.9418		0.8708		0.87435		0.86528		0.86979		0.74163
912		8760.95		0.94064		0.94164		0.86563		0.86528		0.86528		0.86528		0.73126
913		8762.49		0.94061		0.94155		0.86563		0.86528		0.86528		0.86528		0.73126
914		8763.92		0.94045		0.94159		0.86563		0.86528		0.86528		0.86528		0.73126
915		8765.4		0.94039		0.94168		0.86563		0.86911		0.8601		0.86458		0.7313
916		8766.78		0.94027		0.94155		0.86563		0.86911		0.8601		0.86458		0.7313
917		8768.2		0.94045		0.94169		0.86305		0.86458		0.8601		0.86234		0.7261
918		8769.65		0.94051		0.9425		0.86305		0.86458		0.8601		0.86234		0.7261
919		8771.51		0.94045		0.94251		0.86305		0.86458		0.8601		0.86234		0.7261
920		8773.39		0.94021		0.9423		0.86563		0.86911		0.8601		0.86458		0.7313
921		8775.59		0.93987		0.94211		0.86305		0.86842		0.85492		0.86162		0.72617
922		8777.05		0.94		0.94219		0.86563		0.87302		0.85492		0.86387		0.73141
923		8778.54		0.94021		0.94219		0.86563		0.87302		0.85492		0.86387		0.73141
924		8780.05		0.94017		0.94206		0.86822		0.87766		0.85492		0.86614		0.73666
925		8781.36		0.94032		0.94144		0.86563		0.87302		0.85492		0.86387		0.73141
926		8782.57		0.94059		0.94182		0.86563		0.86911		0.8601		0.86458		0.7313
927		8783.78		0.9408		0.94194		0.86305		0.86458		0.8601		0.86234		0.7261
928		8785.12		0.94103		0.94209		0.86047		0.8601		0.8601		0.8601		0.72093
929		8786.38		0.94087		0.94195		0.86305		0.86082		0.86528		0.86305		0.72611
930		8788.38		0.94095		0.94197		0.86305		0.86082		0.86528		0.86305		0.72611
931		8789.78		0.9414		0.94247		0.86305		0.86082		0.86528		0.86305		0.72611
932		8791.38		0.9415		0.94256		0.86305		0.86082		0.86528		0.86305		0.72611
933		8793.3		0.94176		0.94286		0.86305		0.86082		0.86528		0.86305		0.72611
934		8794.63		0.94175		0.94283		0.86047		0.85641		0.86528		0.86082		0.72097
935		8795.9		0.9416		0.94298		0.85788		0.85567		0.8601		0.85788		0.71577
936		8797.42		0.94144		0.94298		0.8553		0.85492		0.85492		0.85492		0.71059
937		8798.84		0.94119		0.94275		0.8553		0.85492		0.85492		0.85492		0.71059
938		8800.95		0.94111		0.94327		0.86047		0.86387		0.85492		0.85938		0.72096
939		8802.95		0.94067		0.94298		0.86305		0.86842		0.85492		0.86162		0.72617
940		8804.89		0.94056		0.94268		0.86305		0.86842		0.85492		0.86162		0.72617
941		8806.45		0.94063		0.94264		0.86305		0.86842		0.85492		0.86162		0.72617
942		8807.74		0.94075		0.9427		0.86305		0.86842		0.85492		0.86162		0.72617
943		8809.03		0.941		0.94288		0.86305		0.86842		0.85492		0.86162		0.72617
944		8810.23		0.94106		0.94281		0.86563		0.86911		0.8601		0.86458		0.7313
945		8811.5		0.94087		0.94172		0.86822		0.86979		0.86528		0.86753		0.73644
946		8813.33		0.94094		0.94158		0.86822		0.86979		0.86528		0.86753		0.73644
947		8814.96		0.941		0.94141		0.86563		0.86528		0.86528		0.86528		0.73126
948		8816.38		0.94098		0.94147		0.86305		0.86082		0.86528		0.86305		0.72611
949		8818.14		0.94119		0.94161		0.86305		0.86082		0.86528		0.86305		0.72611
950		8819.89		0.94096		0.94142		0.86305		0.86082		0.86528		0.86305		0.72611
951		8821.41		0.94079		0.94124		0.86305		0.86082		0.86528		0.86305		0.72611
952		8822.67		0.94056		0.94104		0.86305		0.86082		0.86528		0.86305		0.72611
953		8823.9		0.9406		0.94117		0.86305		0.86082		0.86528		0.86305		0.72611
954		8825.23		0.94087		0.94125		0.86305		0.86082		0.86528		0.86305		0.72611
955		8826.58		0.94123		0.94263		0.86563		0.86911		0.8601		0.86458		0.7313
956		8828.57		0.94104		0.94256		0.86563		0.86911		0.8601		0.86458		0.7313
957		8829.75		0.9411		0.94269		0.86305		0.87234		0.84974		0.86089		0.72632
958		8830.92		0.9409		0.94261		0.86305		0.87234		0.84974		0.86089		0.72632
959		8832.36		0.94096		0.94276		0.86305		0.87234		0.84974		0.86089		0.72632
960		8833.52		0.94127		0.94305		0.86305		0.86842		0.85492		0.86162		0.72617
961		8834.76		0.94131		0.94312		0.86047		0.86772		0.84974		0.85864		0.72107
962		8836.21		0.9412		0.94299		0.86305		0.86842		0.85492		0.86162		0.72617
963		8838.23		0.94114		0.94304		0.86563		0.86911		0.8601		0.86458		0.7313
964		8839.58		0.94102		0.9422		0.86822		0.86979		0.86528		0.86753		0.73644
965		8841.05		0.94075		0.94199		0.86305		0.86082		0.86528		0.86305		0.72611
966		8842.48		0.94082		0.94198		0.86305		0.86082		0.86528		0.86305		0.72611
967		8844.09		0.94061		0.94159		0.86047		0.85641		0.86528		0.86082		0.72097
968		8845.71		0.94012		0.94109		0.86047		0.85641		0.86528		0.86082		0.72097
969		8847.06		0.93987		0.9409		0.86305		0.86082		0.86528		0.86305		0.72611
970		8848.73		0.93988		0.94082		0.86563		0.86528		0.86528		0.86528		0.73126
971		8850.23		0.93977		0.94161		0.86305		0.86458		0.8601		0.86234		0.7261
972		8851.6		0.93971		0.94158		0.86305		0.86458		0.8601		0.86234		0.7261
973		8853.26		0.9398		0.94174		0.86305		0.86842		0.85492		0.86162		0.72617
974		8854.68		0.93972		0.94183		0.86305		0.86842		0.85492		0.86162		0.72617
975		8856.04		0.94017		0.94232		0.86047		0.86387		0.85492		0.85938		0.72096
976		8857.86		0.94063		0.94293		0.85788		0.85567		0.8601		0.85788		0.71577
977		8859.2		0.94051		0.94208		0.86305		0.85714		0.87047		0.86375		0.72619
978		8860.65		0.94082		0.94234		0.86305		0.85714		0.87047		0.86375		0.72619
979		8862.04		0.94116		0.94282		0.86822		0.86224		0.87565		0.86889		0.73653
980		8863.6		0.94132		0.94294		0.86305		0.86082		0.86528		0.86305		0.72611
981		8865.21		0.94122		0.94282		0.86305		0.86082		0.86528		0.86305		0.72611
982		8866.73		0.94115		0.94271		0.86305		0.86082		0.86528		0.86305		0.72611
983		8868.21		0.9413		0.94353		0.86563		0.86911		0.8601		0.86458		0.7313
984		8869.43		0.94122		0.94341		0.86305		0.86458		0.8601		0.86234		0.7261
985		8870.75		0.94087		0.94242		0.86305		0.86458		0.8601		0.86234		0.7261
986		8871.97		0.94078		0.94234		0.86305		0.86458		0.8601		0.86234		0.7261
987		8873.2		0.94094		0.94231		0.86305		0.86458		0.8601		0.86234		0.7261
988		8874.39		0.94094		0.94228		0.86305		0.86458		0.8601		0.86234		0.7261
989		8876.33		0.94076		0.94213		0.86563		0.86528		0.86528		0.86528		0.73126
990		8877.66		0.94057		0.9418		0.86563		0.86528		0.86528		0.86528		0.73126
991		8878.89		0.94049		0.94165		0.86563		0.86528		0.86528		0.86528		0.73126
992		8880.1		0.94074		0.9424		0.86563		0.86528		0.86528		0.86528		0.73126
993		8881.26		0.94029		0.94192		0.86563		0.86911		0.8601		0.86458		0.7313
994		8882.91		0.9402		0.9419		0.86305		0.86842		0.85492		0.86162		0.72617
995		8884.78		0.94029		0.94204		0.86305		0.86842		0.85492		0.86162		0.72617
996		8886.46		0.94045		0.94225		0.86305		0.86842		0.85492		0.86162		0.72617
997		8888.04		0.94041		0.94154		0.86305		0.86458		0.8601		0.86234		0.7261
998		8889.77		0.94041		0.94142		0.86305		0.86458		0.8601		0.86234		0.7261
999		8891.27		0.94036		0.94139		0.86563		0.86528		0.86528		0.86528		0.73126
1000		8892.7		0.94056		0.94163		0.86563		0.86528		0.86528		0.86528		0.73126
fold: 6
Epoch		Time		AUC		AUPR		Accuracy		Precision		Recall		F1-score		Mcc
1		8895.61		0.79465		0.79156		0.68653		0.81034		0.48705		0.60841		0.40684
AUC improved at epoch  1 ;	best_auc: 0.7946522054283338
2		8896.92		0.80767		0.79899		0.73316		0.84091		0.57513		0.68308		0.49152
AUC improved at epoch  2 ;	best_auc: 0.8076726891997099
3		8898.99		0.81242		0.80493		0.72798		0.80556		0.60104		0.68843		0.4714
AUC improved at epoch  3 ;	best_auc: 0.8124244946173051
4		8900.18		0.81197		0.79922		0.73834		0.7875		0.65285		0.71388		0.48381
5		8901.47		0.80907		0.79753		0.73057		0.7697		0.65803		0.7095		0.46607
6		8902.66		0.80923		0.7965		0.73057		0.75429		0.68394		0.71739		0.46316
7		8903.87		0.80515		0.78799		0.73316		0.75568		0.68912		0.72087		0.46814
8		8905.86		0.80477		0.78877		0.74352		0.75543		0.72021		0.7374		0.48758
9		8907.21		0.80552		0.79115		0.74352		0.75		0.73057		0.74016		0.48721
10		8908.48		0.80834		0.79288		0.74093		0.74603		0.73057		0.73822		0.48197
11		8909.86		0.8139		0.79665		0.75648		0.74627		0.7772		0.76142		0.51339
AUC improved at epoch  11 ;	best_auc: 0.8139010443233374
12		8911.22		0.81795		0.80121		0.75389		0.75789		0.74611		0.75196		0.50783
AUC improved at epoch  12 ;	best_auc: 0.8179548444253536
13		8912.9		0.82276		0.80515		0.74352		0.73039		0.77202		0.75063		0.48784
AUC improved at epoch  13 ;	best_auc: 0.8227603425595317
14		8915.18		0.8266		0.80869		0.75907		0.7451		0.78756		0.76574		0.51898
AUC improved at epoch  14 ;	best_auc: 0.826599371795216
15		8917.05		0.81653		0.79689		0.75389		0.73786		0.78756		0.7619		0.50893
16		8918.83		0.81382		0.79137		0.74093		0.7013		0.83938		0.76415		0.49149
17		8920.19		0.81406		0.78927		0.73575		0.76301		0.68394		0.72131		0.47405
18		8921.56		0.82093		0.7965		0.76166		0.75377		0.7772		0.76531		0.52357
19		8922.79		0.82746		0.80401		0.74093		0.70306		0.8342		0.76303		0.49047
AUC improved at epoch  19 ;	best_auc: 0.827458455260544
20		8924.05		0.83103		0.80761		0.7513		0.71749		0.82902		0.76923		0.50877
AUC improved at epoch  20 ;	best_auc: 0.8310290209133132
21		8925.32		0.83189		0.81006		0.76943		0.76804		0.77202		0.77003		0.53887
AUC improved at epoch  21 ;	best_auc: 0.831888104378641
22		8926.5		0.83253		0.80982		0.75907		0.7551		0.76684		0.76093		0.5182
AUC improved at epoch  22 ;	best_auc: 0.8325324169776369
23		8928.21		0.83498		0.8106		0.75907		0.73364		0.81347		0.7715		0.52123
AUC improved at epoch  23 ;	best_auc: 0.8349754355821634
24		8930.13		0.83551		0.81076		0.76684		0.73303		0.83938		0.78261		0.53939
AUC improved at epoch  24 ;	best_auc: 0.8355123627479932
25		8932.34		0.83645		0.8117		0.75907		0.73148		0.81865		0.77262		0.52185
AUC improved at epoch  25 ;	best_auc: 0.8364519852881956
26		8933.76		0.83691		0.81224		0.76425		0.75		0.79275		0.77078		0.52936
AUC improved at epoch  26 ;	best_auc: 0.836908373379151
27		8935.07		0.83699		0.81215		0.76166		0.75635		0.77202		0.7641		0.52343
AUC improved at epoch  27 ;	best_auc: 0.8369889124540255
28		8937.27		0.83592		0.81056		0.76425		0.73832		0.81865		0.77641		0.53165
29		8938.46		0.8354		0.80859		0.7513		0.71556		0.8342		0.77033		0.50964
30		8939.69		0.83511		0.80796		0.75648		0.72603		0.82383		0.77184		0.51767
31		8941.67		0.83691		0.80908		0.7772		0.76617		0.79793		0.78173		0.55488
32		8943.0		0.83648		0.80866		0.76684		0.75122		0.79793		0.77387		0.53471
33		8944.18		0.8364		0.80723		0.75648		0.72398		0.82902		0.77295		0.51844
34		8946.23		0.83728		0.8076		0.75648		0.72398		0.82902		0.77295		0.51844
AUC improved at epoch  34 ;	best_auc: 0.8372842223952321
35		8947.42		0.83763		0.80797		0.76166		0.74634		0.79275		0.76884		0.52433
AUC improved at epoch  35 ;	best_auc: 0.8376332250530216
36		8948.69		0.83965		0.81004		0.77979		0.77551		0.78756		0.78149		0.55965
AUC improved at epoch  36 ;	best_auc: 0.8396467019248839
37		8950.35		0.84085		0.8113		0.77202		0.7512		0.81347		0.78109		0.54592
AUC improved at epoch  37 ;	best_auc: 0.8408547880480013
38		8952.28		0.84193		0.81034		0.76425		0.74057		0.81347		0.77531		0.53108
AUC improved at epoch  38 ;	best_auc: 0.8419286423796613
39		8953.62		0.84303		0.81108		0.76166		0.75124		0.78238		0.7665		0.52377
AUC improved at epoch  39 ;	best_auc: 0.8430293430696127
40		8954.93		0.84392		0.81146		0.76166		0.75124		0.78238		0.7665		0.52377
AUC improved at epoch  40 ;	best_auc: 0.843915272893232
41		8957.09		0.84477		0.81344		0.76166		0.74163		0.80311		0.77114		0.52512
AUC improved at epoch  41 ;	best_auc: 0.8447743563585599
42		8958.98		0.84512		0.81437		0.75907		0.7381		0.80311		0.76923		0.52016
AUC improved at epoch  42 ;	best_auc: 0.8451233590163494
43		8960.8		0.8452		0.81553		0.75648		0.75385		0.76166		0.75773		0.51298
AUC improved at epoch  43 ;	best_auc: 0.845203898091224
44		8962.19		0.84547		0.81514		0.75389		0.74747		0.76684		0.75703		0.50794
AUC improved at epoch  44 ;	best_auc: 0.8454723616741389
45		8964.17		0.84673		0.81649		0.7513		0.73659		0.78238		0.75879		0.50356
AUC improved at epoch  45 ;	best_auc: 0.8467341405138393
46		8965.54		0.84826		0.82007		0.7513		0.73892		0.7772		0.75758		0.50327
AUC improved at epoch  46 ;	best_auc: 0.8482643829364547
47		8966.77		0.85022		0.82534		0.75389		0.745		0.77202		0.75827		0.50811
AUC improved at epoch  47 ;	best_auc: 0.8502241670917341
48		8967.99		0.85175		0.8284		0.75907		0.75773		0.76166		0.75969		0.51814
AUC improved at epoch  48 ;	best_auc: 0.8517544095143493
49		8969.31		0.85605		0.83447		0.75389		0.7402		0.78238		0.76071		0.5086
AUC improved at epoch  49 ;	best_auc: 0.8560498268409891
50		8970.59		0.85755		0.83762		0.75389		0.7402		0.78238		0.76071		0.5086
AUC improved at epoch  50 ;	best_auc: 0.8575532229053129
51		8971.9		0.85683		0.83733		0.76684		0.77838		0.74611		0.7619		0.53414
52		8973.53		0.8597		0.84295		0.76166		0.73934		0.80829		0.77228		0.52561
AUC improved at epoch  52 ;	best_auc: 0.8597009315686327
53		8975.85		0.86048		0.84434		0.75907		0.75773		0.76166		0.75969		0.51814
AUC improved at epoch  53 ;	best_auc: 0.8604794759590861
54		8977.68		0.86174		0.8465		0.76425		0.755		0.78238		0.76845		0.52885
AUC improved at epoch  54 ;	best_auc: 0.8617412547987864
55		8979.26		0.8637		0.85009		0.75907		0.74272		0.79275		0.76692		0.51931
AUC improved at epoch  55 ;	best_auc: 0.8637010389540658
56		8981.11		0.86282		0.84948		0.77202		0.77202		0.77202		0.77202		0.54404
57		8982.35		0.86429		0.85151		0.77979		0.78125		0.7772		0.77922		0.55959
AUC improved at epoch  57 ;	best_auc: 0.8642916588364788
58		8983.76		0.86966		0.86138		0.76425		0.74519		0.80311		0.77307		0.5301
AUC improved at epoch  58 ;	best_auc: 0.8696609304947784
59		8985.27		0.87095		0.86352		0.77979		0.77835		0.78238		0.78036		0.55959
AUC improved at epoch  59 ;	best_auc: 0.8709495556927703
60		8987.19		0.87167		0.86422		0.76166		0.74396		0.79793		0.77		0.5247
AUC improved at epoch  60 ;	best_auc: 0.8716744073666407
61		8988.49		0.87151		0.86471		0.78756		0.79058		0.78238		0.78646		0.57516
62		8990.0		0.87567		0.87036		0.77202		0.74419		0.82902		0.78431		0.54761
AUC improved at epoch  62 ;	best_auc: 0.8756745147520739
63		8991.86		0.87369		0.86835		0.78497		0.80556		0.7513		0.77748		0.57125
64		8993.47		0.87664		0.87438		0.77461		0.73451		0.8601		0.79236		0.55743
AUC improved at epoch  64 ;	best_auc: 0.8766409836505678
65		8995.03		0.88021		0.87939		0.78238		0.77949		0.78756		0.78351		0.5648
AUC improved at epoch  65 ;	best_auc: 0.880211549303337
66		8996.38		0.88145		0.88215		0.78756		0.79365		0.7772		0.78534		0.57525
AUC improved at epoch  66 ;	best_auc: 0.8814464817847458
67		8997.88		0.8837		0.88555		0.77202		0.7561		0.80311		0.77889		0.5451
AUC improved at epoch  67 ;	best_auc: 0.8837015758812317
68		9000.12		0.88483		0.88706		0.77979		0.76471		0.80829		0.78589		0.5605
AUC improved at epoch  68 ;	best_auc: 0.8848291229294746
69		9001.99		0.8837		0.88539		0.8057		0.83523		0.76166		0.79675		0.61378
70		9003.45		0.88955		0.89213		0.78497		0.76442		0.82383		0.79302		0.57168
AUC improved at epoch  70 ;	best_auc: 0.8895540819887782
71		9004.87		0.89253		0.8953		0.78756		0.76812		0.82383		0.795		0.57665
AUC improved at epoch  71 ;	best_auc: 0.8925340277591344
72		9006.6		0.89202		0.89447		0.78756		0.8		0.76684		0.78307		0.57562
73		9008.26		0.89095		0.89192		0.80311		0.78261		0.83938		0.81		0.60782
74		9009.53		0.89651		0.89791		0.79793		0.78325		0.82383		0.80303		0.59666
AUC improved at epoch  74 ;	best_auc: 0.8965072887862761
75		9011.56		0.89653		0.89931		0.78238		0.79144		0.76684		0.77895		0.56504
AUC improved at epoch  75 ;	best_auc: 0.8965341351445677
76		9012.93		0.89584		0.89829		0.79534		0.785		0.81347		0.79898		0.59106
77		9014.21		0.89839		0.89907		0.79534		0.77143		0.83938		0.80397		0.59298
AUC improved at epoch  77 ;	best_auc: 0.898386533866681
78		9015.52		0.90094		0.90269		0.78756		0.81714		0.74093		0.77717		0.57765
AUC improved at epoch  78 ;	best_auc: 0.9009369379043732
79		9016.87		0.90282		0.90509		0.79793		0.76018		0.87047		0.81159		0.60223
AUC improved at epoch  79 ;	best_auc: 0.9028161829847782
80		9018.33		0.89849		0.90013		0.80311		0.8		0.80829		0.80412		0.60625
81		9019.63		0.90424		0.90439		0.81606		0.81443		0.81865		0.81654		0.63213
AUC improved at epoch  81 ;	best_auc: 0.9042390399742274
82		9021.2		0.90684		0.90613		0.79793		0.78607		0.81865		0.80203		0.59637
AUC improved at epoch  82 ;	best_auc: 0.9068431367285028
83		9022.58		0.90843		0.90813		0.80829		0.81481		0.79793		0.80628		0.61671
AUC improved at epoch  83 ;	best_auc: 0.9084270718677011
84		9024.25		0.90547		0.90622		0.79793		0.78607		0.81865		0.80203		0.59637
85		9025.68		0.90926		0.90887		0.81088		0.78571		0.85492		0.81886		0.62419
AUC improved at epoch  85 ;	best_auc: 0.9092593089747375
86		9027.18		0.91057		0.90935		0.81347		0.85799		0.7513		0.8011		0.63185
AUC improved at epoch  86 ;	best_auc: 0.9105747805310209
87		9028.81		0.90945		0.90781		0.80829		0.76211		0.89637		0.82381		0.62638
88		9030.37		0.91178		0.91132		0.81865		0.85143		0.77202		0.80978		0.6401
AUC improved at epoch  88 ;	best_auc: 0.9117828666541383
89		9031.75		0.90996		0.90953		0.82124		0.82292		0.81865		0.82078		0.6425
90		9033.14		0.9157		0.91398		0.82642		0.78125		0.90674		0.83933		0.66144
AUC improved at epoch  90 ;	best_auc: 0.915702434964697
91		9034.9		0.91568		0.91481		0.82902		0.85475		0.79275		0.82258		0.65977
92		9036.38		0.91415		0.91294		0.82902		0.85083		0.79793		0.82353		0.65931
93		9037.74		0.91176		0.91003		0.82642		0.78636		0.89637		0.83777		0.65933
94		9039.27		0.91178		0.91278		0.81088		0.8		0.82902		0.81425		0.62217
95		9041.13		0.91302		0.91358		0.82642		0.84239		0.80311		0.82228		0.65356
96		9043.25		0.91997		0.91772		0.82383		0.81095		0.84456		0.82741		0.64823
AUC improved at epoch  96 ;	best_auc: 0.9199710059330451
97		9044.87		0.91742		0.91536		0.83161		0.81683		0.85492		0.83544		0.66393
98		9046.43		0.91439		0.9141		0.82902		0.81592		0.84974		0.83249		0.6586
99		9048.56		0.91747		0.91709		0.83161		0.82653		0.83938		0.8329		0.66329
100		9049.79		0.91675		0.91587		0.81865		0.79147		0.86528		0.82673		0.6401
101		9051.18		0.92231		0.92297		0.83679		0.83505		0.83938		0.83721		0.67358
AUC improved at epoch  101 ;	best_auc: 0.9223066391044055
102		9053.16		0.92405		0.92463		0.83679		0.81863		0.86528		0.84131		0.67467
AUC improved at epoch  102 ;	best_auc: 0.9240516523933529
103		9054.41		0.92204		0.92291		0.84197		0.82353		0.87047		0.84635		0.68505
104		9055.62		0.92086		0.92307		0.83938		0.82266		0.86528		0.84343		0.67967
105		9056.92		0.92486		0.92689		0.81865		0.79426		0.8601		0.82587		0.63951
AUC improved at epoch  105 ;	best_auc: 0.9248570431420978
106		9058.22		0.92751		0.92887		0.8342		0.80861		0.87565		0.8408		0.6707
AUC improved at epoch  106 ;	best_auc: 0.9275148326129561
107		9059.47		0.92682		0.92853		0.83679		0.82178		0.8601		0.84051		0.67431
108		9060.85		0.92808		0.93043		0.84456		0.83756		0.85492		0.84615		0.68927
AUC improved at epoch  108 ;	best_auc: 0.9280786061370775
109		9062.35		0.92639		0.92827		0.83161		0.79907		0.88601		0.84029		0.66717
110		9064.5		0.92676		0.92759		0.85233		0.85417		0.84974		0.85195		0.70467
111		9066.25		0.92985		0.93131		0.84197		0.8		0.91192		0.8523		0.69073
AUC improved at epoch  111 ;	best_auc: 0.9298504657843163
112		9068.13		0.93262		0.93532		0.84715		0.83838		0.8601		0.8491		0.69453
AUC improved at epoch  112 ;	best_auc: 0.9326156406883407
113		9069.75		0.93063		0.9331		0.8342		0.80569		0.88083		0.84158		0.67132
114		9071.31		0.93264		0.93532		0.84974		0.84974		0.84974		0.84974		0.69948
AUC improved at epoch  114 ;	best_auc: 0.9326424870466321
115		9072.73		0.93197		0.9337		0.84456		0.81517		0.89119		0.85149		0.69214
116		9074.31		0.92985		0.93037		0.84974		0.82609		0.88601		0.855		0.70133
117		9076.44		0.93329		0.93444		0.85492		0.85128		0.8601		0.85567		0.70988
AUC improved at epoch  117 ;	best_auc: 0.933286799645628
118		9078.17		0.93323		0.93494		0.85492		0.8186		0.91192		0.86275		0.7145
119		9080.0		0.93415		0.93643		0.86788		0.87368		0.8601		0.86684		0.73584
AUC improved at epoch  119 ;	best_auc: 0.934145883110956
120		9081.75		0.92819		0.92928		0.83938		0.78603		0.93264		0.85308		0.69088
121		9083.09		0.93369		0.93589		0.83161		0.86782		0.78238		0.82289		0.66645
122		9084.38		0.93122		0.93205		0.84456		0.81221		0.89637		0.85222		0.69285
123		9085.67		0.92735		0.92834		0.83161		0.77586		0.93264		0.84706		0.67718
124		9086.89		0.93366		0.93507		0.83938		0.86188		0.80829		0.83422		0.68007
125		9088.24		0.93753		0.9398		0.84974		0.8392		0.86528		0.85204		0.69982
AUC improved at epoch  125 ;	best_auc: 0.9375285242556848
126		9090.0		0.93619		0.93813		0.85233		0.80357		0.93264		0.86331		0.71393
127		9091.76		0.93146		0.93452		0.8601		0.84236		0.88601		0.86364		0.72118
128		9093.66		0.93705		0.94007		0.86528		0.86154		0.87047		0.86598		0.73061
129		9095.19		0.93901		0.94127		0.85233		0.84		0.87047		0.85496		0.70513
AUC improved at epoch  129 ;	best_auc: 0.9390050739617171
130		9096.64		0.93874		0.94073		0.86269		0.83981		0.89637		0.86717		0.72704
131		9098.13		0.93525		0.93695		0.86528		0.83732		0.90674		0.87065		0.73309
132		9099.46		0.93315		0.93528		0.86788		0.84466		0.90155		0.87218		0.73743
133		9100.98		0.93691		0.94015		0.87306		0.84951		0.90674		0.87719		0.74781
134		9102.3		0.94196		0.945		0.85492		0.8216		0.90674		0.86207		0.71369
AUC improved at epoch  134 ;	best_auc: 0.941958173373782
135		9103.7		0.94094		0.94412		0.84974		0.83251		0.87565		0.85354		0.70042
136		9105.51		0.93796		0.94124		0.84715		0.82212		0.88601		0.85287		0.69641
137		9107.07		0.93675		0.93876		0.8601		0.83254		0.90155		0.86567		0.72269
138		9108.87		0.93696		0.93868		0.87047		0.84541		0.90674		0.875		0.74289
139		9110.39		0.93927		0.9406		0.87047		0.84541		0.90674		0.875		0.74289
140		9111.72		0.9386		0.94016		0.8601		0.82629		0.91192		0.867		0.72411
141		9113.22		0.93831		0.94072		0.87047		0.87435		0.86528		0.86979		0.74097
142		9114.66		0.93903		0.94142		0.84974		0.83251		0.87565		0.85354		0.70042
143		9116.18		0.94145		0.94348		0.84715		0.81905		0.89119		0.8536		0.69701
144		9117.62		0.94437		0.94688		0.86788		0.86224		0.87565		0.86889		0.73584
AUC improved at epoch  144 ;	best_auc: 0.9443743456200167
145		9119.46		0.94612		0.9476		0.86788		0.8381		0.91192		0.87345		0.73862
AUC improved at epoch  145 ;	best_auc: 0.946119358908964
146		9120.88		0.94373		0.94516		0.87047		0.83568		0.92228		0.87685		0.74494
147		9122.24		0.94166		0.94399		0.87306		0.875		0.87047		0.87273		0.74612
148		9123.66		0.94001		0.94203		0.86269		0.83981		0.89637		0.86717		0.72704
149		9125.08		0.94199		0.9436		0.86269		0.83654		0.90155		0.86783		0.72759
150		9126.8		0.94405		0.94578		0.86528		0.85787		0.87565		0.86667		0.73073
151		9128.2		0.94389		0.94503		0.87565		0.85714		0.90155		0.87879		0.75231
152		9129.68		0.94177		0.94232		0.86269		0.83019		0.91192		0.86914		0.72893
153		9131.02		0.94107		0.94181		0.87824		0.85784		0.90674		0.88161		0.75771
154		9132.61		0.9407		0.94138		0.87306		0.85294		0.90155		0.87657		0.74733
155		9134.37		0.94201		0.94224		0.87306		0.84615		0.91192		0.87781		0.74838
156		9135.75		0.94604		0.94707		0.87565		0.8607		0.89637		0.87817		0.75194
157		9137.09		0.94706		0.94876		0.87565		0.85714		0.90155		0.87879		0.75231
AUC improved at epoch  157 ;	best_auc: 0.9470589814491664
158		9139.01		0.94684		0.94859		0.86788		0.84135		0.90674		0.87282		0.73798
159		9140.65		0.94464		0.94693		0.86788		0.84804		0.89637		0.87154		0.73695
160		9141.88		0.94397		0.94657		0.87306		0.86364		0.88601		0.87468		0.74636
161		9143.13		0.94636		0.94895		0.86788		0.85859		0.88083		0.86957		0.736
162		9144.48		0.94639		0.94869		0.87047		0.85222		0.89637		0.87374		0.74193
163		9145.65		0.94733		0.94931		0.86788		0.84804		0.89637		0.87154		0.73695
AUC improved at epoch  163 ;	best_auc: 0.9473274450320814
164		9146.86		0.94561		0.94753		0.87565		0.8607		0.89637		0.87817		0.75194
165		9148.26		0.94432		0.94635		0.88083		0.86207		0.90674		0.88384		0.76268
166		9150.32		0.9444		0.94628		0.8886		0.86765		0.9171		0.89169		0.77847
167		9151.74		0.94604		0.94765		0.88083		0.86935		0.89637		0.88265		0.76203
168		9152.97		0.94573		0.94682		0.88083		0.86567		0.90155		0.88325		0.76231
169		9154.2		0.94463		0.9457		0.87306		0.85644		0.89637		0.87595		0.74693
170		9155.38		0.94501		0.9458		0.86788		0.84804		0.89637		0.87154		0.73695
171		9156.76		0.94523		0.94624		0.86528		0.85075		0.88601		0.86802		0.7312
172		9158.0		0.94672		0.94755		0.87306		0.86		0.89119		0.87532		0.74661
173		9159.81		0.94678		0.94669		0.88342		0.86275		0.91192		0.88665		0.76809
174		9161.25		0.94476		0.94445		0.87047		0.84878		0.90155		0.87437		0.74237
175		9162.7		0.94223		0.94335		0.88083		0.87692		0.88601		0.88144		0.7617
176		9164.09		0.94221		0.94342		0.88083		0.87692		0.88601		0.88144		0.7617
177		9165.85		0.94439		0.9449		0.86269		0.83333		0.90674		0.86849		0.72822
178		9167.42		0.94576		0.9461		0.86788		0.84466		0.90155		0.87218		0.73743
179		9169.55		0.94667		0.94662		0.87824		0.865		0.89637		0.88041		0.75697
180		9171.13		0.94639		0.94611		0.87565		0.86432		0.89119		0.87755		0.75166
181		9172.6		0.94394		0.94362		0.87565		0.8607		0.89637		0.87817		0.75194
182		9174.31		0.94331		0.94298		0.87565		0.85714		0.90155		0.87879		0.75231
183		9176.19		0.94366		0.94362		0.87824		0.85437		0.91192		0.88221		0.7582
184		9177.61		0.94569		0.94618		0.87306		0.86		0.89119		0.87532		0.74661
185		9178.77		0.94607		0.94662		0.87306		0.86		0.89119		0.87532		0.74661
186		9180.0		0.94578		0.9462		0.86788		0.85149		0.89119		0.87089		0.73655
187		9181.24		0.94566		0.94598		0.86788		0.85149		0.89119		0.87089		0.73655
188		9182.42		0.94613		0.94706		0.86788		0.855		0.88601		0.87023		0.73624
189		9184.41		0.94479		0.94583		0.87306		0.85644		0.89637		0.87595		0.74693
190		9185.89		0.94416		0.94503		0.87824		0.85437		0.91192		0.88221		0.7582
191		9187.5		0.94505		0.94583		0.87824		0.86139		0.90155		0.88101		0.7573
192		9188.96		0.94623		0.94661		0.87306		0.85644		0.89637		0.87595		0.74693
193		9190.66		0.94705		0.94724		0.87565		0.85714		0.90155		0.87879		0.75231
194		9191.98		0.94697		0.94641		0.87306		0.85644		0.89637		0.87595		0.74693
195		9193.23		0.94668		0.94562		0.86528		0.84729		0.89119		0.86869		0.73155
196		9194.46		0.94569		0.9448		0.87306		0.84951		0.90674		0.87719		0.74781
197		9195.86		0.94556		0.94471		0.87565		0.85366		0.90674		0.8794		0.75275
198		9197.55		0.94478		0.94356		0.87824		0.87245		0.88601		0.87918		0.75657
199		9199.08		0.94388		0.94309		0.88083		0.87692		0.88601		0.88144		0.7617
200		9200.43		0.94543		0.94421		0.87824		0.85784		0.90674		0.88161		0.75771
201		9201.66		0.94643		0.94531		0.86788		0.84135		0.90674		0.87282		0.73798
202		9203.34		0.94725		0.94654		0.87047		0.84878		0.90155		0.87437		0.74237
203		9205.46		0.9471		0.94602		0.86788		0.855		0.88601		0.87023		0.73624
204		9207.1		0.94564		0.94439		0.87565		0.86432		0.89119		0.87755		0.75166
205		9208.32		0.94286		0.94289		0.87565		0.8607		0.89637		0.87817		0.75194
206		9210.07		0.94117		0.94079		0.87824		0.86139		0.90155		0.88101		0.7573
207		9211.84		0.94029		0.94036		0.87565		0.85714		0.90155		0.87879		0.75231
208		9213.52		0.94259		0.94306		0.87047		0.85572		0.89119		0.8731		0.74157
209		9215.13		0.94487		0.94571		0.87306		0.86		0.89119		0.87532		0.74661
210		9216.39		0.94641		0.94715		0.87824		0.86139		0.90155		0.88101		0.7573
211		9217.72		0.94731		0.94734		0.87306		0.85294		0.90155		0.87657		0.74733
212		9218.85		0.94727		0.94671		0.87306		0.85294		0.90155		0.87657		0.74733
213		9220.0		0.94719		0.94647		0.86788		0.84804		0.89637		0.87154		0.73695
214		9221.15		0.94691		0.94666		0.87047		0.85222		0.89637		0.87374		0.74193
215		9222.45		0.9464		0.94645		0.87565		0.8607		0.89637		0.87817		0.75194
216		9223.66		0.94435		0.94388		0.87565		0.86802		0.88601		0.87692		0.75146
217		9224.89		0.94294		0.94262		0.87824		0.87245		0.88601		0.87918		0.75657
218		9226.77		0.94341		0.94321		0.87565		0.8607		0.89637		0.87817		0.75194
219		9228.08		0.94345		0.94342		0.87306		0.85644		0.89637		0.87595		0.74693
220		9229.39		0.94394		0.94345		0.87047		0.85572		0.89119		0.8731		0.74157
221		9230.85		0.94494		0.9446		0.88083		0.86935		0.89637		0.88265		0.76203
222		9232.63		0.94605		0.94576		0.87306		0.86364		0.88601		0.87468		0.74636
223		9234.39		0.94636		0.94582		0.86788		0.855		0.88601		0.87023		0.73624
224		9236.13		0.94601		0.94526		0.86788		0.85149		0.89119		0.87089		0.73655
225		9237.5		0.94535		0.94443		0.86528		0.8439		0.89637		0.86935		0.73199
226		9238.92		0.94447		0.94353		0.87047		0.84878		0.90155		0.87437		0.74237
227		9240.49		0.94423		0.94344		0.87824		0.86139		0.90155		0.88101		0.7573
228		9242.02		0.94404		0.94359		0.88083		0.8731		0.89119		0.88205		0.76182
229		9243.36		0.94396		0.94317		0.88342		0.87755		0.89119		0.88432		0.76693
230		9244.78		0.94462		0.94374		0.88342		0.87374		0.89637		0.88491		0.7671
231		9246.25		0.94542		0.9445		0.88083		0.8731		0.89119		0.88205		0.76182
232		9247.91		0.9453		0.94417		0.87824		0.865		0.89637		0.88041		0.75697
233		9249.53		0.94565		0.94485		0.87306		0.86		0.89119		0.87532		0.74661
234		9250.93		0.94625		0.94485		0.87047		0.85572		0.89119		0.8731		0.74157
235		9252.47		0.94688		0.94569		0.87047		0.85222		0.89637		0.87374		0.74193
236		9255.2		0.94637		0.9444		0.86788		0.84804		0.89637		0.87154		0.73695
237		9256.55		0.94627		0.94442		0.87565		0.8607		0.89637		0.87817		0.75194
238		9257.81		0.94691		0.94651		0.87565		0.86432		0.89119		0.87755		0.75166
239		9259.21		0.94711		0.94706		0.88342		0.87		0.90155		0.8855		0.76734
240		9260.59		0.94782		0.94797		0.88342		0.86634		0.90674		0.88608		0.76767
AUC improved at epoch  240 ;	best_auc: 0.9478241026604741
241		9262.15		0.94659		0.9464		0.88342		0.86275		0.91192		0.88665		0.76809
242		9263.49		0.94577		0.94563		0.87824		0.85784		0.90674		0.88161		0.75771
243		9264.76		0.94378		0.94366		0.87306		0.86		0.89119		0.87532		0.74661
244		9266.28		0.94256		0.94198		0.87047		0.86667		0.87565		0.87113		0.74097
245		9268.34		0.94221		0.94116		0.87565		0.87179		0.88083		0.87629		0.75134
246		9269.89		0.94342		0.94193		0.86788		0.85859		0.88083		0.86957		0.736
247		9271.52		0.94573		0.94451		0.86788		0.84804		0.89637		0.87154		0.73695
248		9273.23		0.94721		0.94714		0.87306		0.85644		0.89637		0.87595		0.74693
249		9274.83		0.94733		0.94778		0.87565		0.85714		0.90155		0.87879		0.75231
250		9276.72		0.94623		0.94628		0.87306		0.86		0.89119		0.87532		0.74661
251		9278.45		0.9436		0.9431		0.87565		0.86802		0.88601		0.87692		0.75146
252		9280.16		0.94032		0.93643		0.87824		0.86869		0.89119		0.8798		0.75673
253		9282.0		0.93847		0.93442		0.87047		0.86294		0.88083		0.87179		0.74109
254		9283.64		0.9413		0.93746		0.87306		0.86		0.89119		0.87532		0.74661
255		9285.44		0.94672		0.94625		0.87047		0.85222		0.89637		0.87374		0.74193
256		9287.08		0.94813		0.94803		0.87306		0.85644		0.89637		0.87595		0.74693
AUC improved at epoch  256 ;	best_auc: 0.9481328357808263
257		9288.51		0.94776		0.94783		0.87824		0.865		0.89637		0.88041		0.75697
258		9289.85		0.94766		0.94764		0.87047		0.85222		0.89637		0.87374		0.74193
259		9291.64		0.94471		0.94308		0.87565		0.85366		0.90674		0.8794		0.75275
260		9293.48		0.94274		0.94089		0.87565		0.86432		0.89119		0.87755		0.75166
261		9295.44		0.94313		0.94174		0.87565		0.87565		0.87565		0.87565		0.7513
262		9297.18		0.94573		0.94417		0.87824		0.86869		0.89119		0.8798		0.75673
263		9298.61		0.94691		0.94535		0.87824		0.86139		0.90155		0.88101		0.7573
264		9299.83		0.94756		0.94592		0.87565		0.85714		0.90155		0.87879		0.75231
265		9301.09		0.94659		0.94493		0.87565		0.8607		0.89637		0.87817		0.75194
266		9302.51		0.94561		0.94454		0.88083		0.8731		0.89119		0.88205		0.76182
267		9303.8		0.94385		0.94301		0.88083		0.8731		0.89119		0.88205		0.76182
268		9305.16		0.94349		0.943		0.88083		0.8731		0.89119		0.88205		0.76182
269		9306.89		0.94388		0.94293		0.87824		0.865		0.89637		0.88041		0.75697
270		9308.56		0.94498		0.94367		0.88601		0.867		0.91192		0.88889		0.77306
271		9310.83		0.94666		0.94531		0.88601		0.86341		0.9171		0.88945		0.77352
272		9312.17		0.94803		0.94638		0.87565		0.85366		0.90674		0.8794		0.75275
273		9313.36		0.94847		0.94719		0.87565		0.85714		0.90155		0.87879		0.75231
AUC improved at epoch  273 ;	best_auc: 0.94846841525947
274		9314.83		0.94887		0.94795		0.87565		0.8607		0.89637		0.87817		0.75194
AUC improved at epoch  274 ;	best_auc: 0.9488711106338426
275		9316.91		0.94843		0.9474		0.88083		0.86567		0.90155		0.88325		0.76231
276		9318.84		0.94859		0.94756		0.87565		0.85714		0.90155		0.87879		0.75231
277		9320.5		0.94748		0.94639		0.87824		0.86139		0.90155		0.88101		0.7573
278		9322.11		0.94664		0.94649		0.88083		0.86567		0.90155		0.88325		0.76231
279		9323.52		0.94515		0.94512		0.88083		0.86567		0.90155		0.88325		0.76231
280		9324.85		0.94541		0.9455		0.87824		0.86869		0.89119		0.8798		0.75673
281		9326.48		0.94628		0.94623		0.87824		0.86869		0.89119		0.8798		0.75673
282		9327.72		0.94656		0.94561		0.87824		0.86869		0.89119		0.8798		0.75673
283		9329.18		0.94757		0.94649		0.87824		0.865		0.89637		0.88041		0.75697
284		9330.58		0.94835		0.94732		0.88342		0.87		0.90155		0.8855		0.76734
285		9332.05		0.94733		0.94342		0.88601		0.87437		0.90155		0.88776		0.77239
286		9334.05		0.94719		0.94246		0.88601		0.87437		0.90155		0.88776		0.77239
287		9335.27		0.94813		0.94621		0.88601		0.87437		0.90155		0.88776		0.77239
288		9336.78		0.94809		0.9462		0.88083		0.8731		0.89119		0.88205		0.76182
289		9338.33		0.94845		0.94771		0.88342		0.87374		0.89637		0.88491		0.7671
290		9340.24		0.94756		0.94692		0.88342		0.87374		0.89637		0.88491		0.7671
291		9342.01		0.94679		0.94605		0.88083		0.86935		0.89637		0.88265		0.76203
292		9343.49		0.9462		0.94556		0.87824		0.865		0.89637		0.88041		0.75697
293		9345.9		0.94584		0.94507		0.87824		0.865		0.89637		0.88041		0.75697
294		9351.58		0.94607		0.94528		0.88083		0.86567		0.90155		0.88325		0.76231
295		9356.86		0.94679		0.94541		0.87824		0.86869		0.89119		0.8798		0.75673
296		9363.4		0.94664		0.9453		0.87824		0.86869		0.89119		0.8798		0.75673
297		9366.62		0.94639		0.94491		0.87824		0.865		0.89637		0.88041		0.75697
298		9368.21		0.94607		0.94455		0.87824		0.86139		0.90155		0.88101		0.7573
299		9369.82		0.94577		0.94388		0.87565		0.85714		0.90155		0.87879		0.75231
300		9371.59		0.94515		0.94285		0.87824		0.85784		0.90674		0.88161		0.75771
301		9373.25		0.9456		0.94372		0.87565		0.85366		0.90674		0.8794		0.75275
302		9375.02		0.9456		0.94399		0.87306		0.85294		0.90155		0.87657		0.74733
303		9376.2		0.94639		0.9452		0.87306		0.85644		0.89637		0.87595		0.74693
304		9377.36		0.94707		0.94645		0.87047		0.85222		0.89637		0.87374		0.74193
305		9378.51		0.94797		0.94775		0.87047		0.85572		0.89119		0.8731		0.74157
306		9379.91		0.94815		0.94848		0.87565		0.86432		0.89119		0.87755		0.75166
307		9381.57		0.94812		0.94865		0.87565		0.86432		0.89119		0.87755		0.75166
308		9383.31		0.94753		0.94822		0.86788		0.86224		0.87565		0.86889		0.73584
309		9385.31		0.94706		0.94795		0.87824		0.87629		0.88083		0.87855		0.75649
310		9387.1		0.94737		0.94821		0.88342		0.88144		0.88601		0.88372		0.76685
311		9388.95		0.94682		0.9474		0.87306		0.86735		0.88083		0.87404		0.7462
312		9390.31		0.94627		0.94666		0.87824		0.865		0.89637		0.88041		0.75697
313		9391.62		0.94604		0.94534		0.87824		0.865		0.89637		0.88041		0.75697
314		9392.91		0.94616		0.94539		0.87565		0.8607		0.89637		0.87817		0.75194
315		9394.2		0.94615		0.94541		0.87565		0.8607		0.89637		0.87817		0.75194
316		9395.44		0.94666		0.94636		0.87824		0.86139		0.90155		0.88101		0.7573
317		9397.36		0.94648		0.94631		0.87824		0.86139		0.90155		0.88101		0.7573
318		9399.16		0.94659		0.9467		0.87824		0.86869		0.89119		0.8798		0.75673
319		9400.61		0.9471		0.9474		0.87565		0.86802		0.88601		0.87692		0.75146
320		9402.42		0.94776		0.94806		0.87824		0.87629		0.88083		0.87855		0.75649
321		9403.68		0.94835		0.94853		0.87824		0.87629		0.88083		0.87855		0.75649
322		9405.0		0.94855		0.94805		0.87565		0.86802		0.88601		0.87692		0.75146
323		9406.46		0.94884		0.94778		0.87047		0.85572		0.89119		0.8731		0.74157
324		9408.19		0.9484		0.94725		0.86788		0.85149		0.89119		0.87089		0.73655
325		9409.97		0.9478		0.94688		0.87047		0.85572		0.89119		0.8731		0.74157
326		9411.41		0.94612		0.9453		0.87306		0.86		0.89119		0.87532		0.74661
327		9412.88		0.94548		0.94484		0.87047		0.86294		0.88083		0.87179		0.74109
328		9414.36		0.94535		0.94468		0.88601		0.867		0.91192		0.88889		0.77306
329		9415.88		0.94498		0.9441		0.88083		0.86207		0.90674		0.88384		0.76268
330		9417.51		0.9451		0.9446		0.87306		0.85294		0.90155		0.87657		0.74733
331		9419.22		0.9448		0.94462		0.87565		0.85714		0.90155		0.87879		0.75231
332		9420.82		0.94427		0.9446		0.87565		0.8607		0.89637		0.87817		0.75194
333		9423.07		0.94502		0.94524		0.87565		0.8607		0.89637		0.87817		0.75194
334		9424.46		0.94582		0.9458		0.87306		0.86		0.89119		0.87532		0.74661
335		9425.69		0.94613		0.94577		0.87306		0.86		0.89119		0.87532		0.74661
336		9427.1		0.94698		0.94724		0.87824		0.865		0.89637		0.88041		0.75697
337		9428.28		0.94774		0.94809		0.87824		0.865		0.89637		0.88041		0.75697
338		9429.6		0.94745		0.94751		0.87824		0.865		0.89637		0.88041		0.75697
339		9431.19		0.94585		0.94333		0.87047		0.8593		0.88601		0.87245		0.74129
340		9432.79		0.94576		0.94574		0.88083		0.87692		0.88601		0.88144		0.7617
341		9434.43		0.94496		0.94413		0.88342		0.88144		0.88601		0.88372		0.76685
342		9436.17		0.94511		0.94372		0.88601		0.87817		0.89637		0.88718		0.77219
343		9437.78		0.94552		0.94333		0.89119		0.8794		0.90674		0.89286		0.78276
344		9439.78		0.94695		0.94576		0.88083		0.86935		0.89637		0.88265		0.76203
345		9441.48		0.94735		0.94661		0.87565		0.86432		0.89119		0.87755		0.75166
346		9443.06		0.94789		0.94734		0.87824		0.865		0.89637		0.88041		0.75697
347		9444.36		0.94821		0.94761		0.87565		0.8607		0.89637		0.87817		0.75194
348		9445.56		0.94738		0.94566		0.87306		0.85644		0.89637		0.87595		0.74693
349		9446.76		0.94639		0.94378		0.86528		0.8439		0.89637		0.86935		0.73199
350		9447.92		0.94447		0.94018		0.87047		0.85222		0.89637		0.87374		0.74193
351		9449.37		0.94369		0.94073		0.87565		0.86432		0.89119		0.87755		0.75166
352		9451.21		0.9438		0.94156		0.88342		0.87755		0.89119		0.88432		0.76693
353		9453.48		0.94394		0.94217		0.87824		0.88421		0.87047		0.87728		0.75657
354		9454.71		0.94374		0.94184		0.88342		0.88542		0.88083		0.88312		0.76685
355		9456.07		0.94358		0.94097		0.87824		0.86869		0.89119		0.8798		0.75673
356		9457.6		0.94417		0.94188		0.86788		0.84804		0.89637		0.87154		0.73695
357		9459.15		0.94454		0.94238		0.87565		0.8607		0.89637		0.87817		0.75194
358		9460.4		0.9449		0.94343		0.87565		0.86432		0.89119		0.87755		0.75166
359		9461.98		0.94455		0.94318		0.87047		0.86667		0.87565		0.87113		0.74097
360		9463.57		0.94506		0.94371		0.86528		0.86528		0.86528		0.86528		0.73057
361		9464.97		0.9442		0.94234		0.86269		0.86082		0.86528		0.86305		0.7254
362		9466.38		0.94365		0.94157		0.86269		0.85714		0.87047		0.86375		0.72548
363		9467.74		0.94358		0.94146		0.86528		0.85427		0.88083		0.86735		0.73092
364		9469.66		0.94466		0.94297		0.86269		0.85		0.88083		0.86514		0.72587
365		9471.01		0.94576		0.94393		0.86528		0.85075		0.88601		0.86802		0.7312
366		9472.42		0.94629		0.94503		0.86788		0.85149		0.89119		0.87089		0.73655
367		9473.88		0.94688		0.94606		0.86788		0.855		0.88601		0.87023		0.73624
368		9475.67		0.94641		0.9458		0.86528		0.85427		0.88083		0.86735		0.73092
369		9477.0		0.94611		0.94536		0.87047		0.8593		0.88601		0.87245		0.74129
370		9478.39		0.94543		0.94431		0.86788		0.85859		0.88083		0.86957		0.736
371		9479.82		0.944		0.94358		0.87306		0.86735		0.88083		0.87404		0.7462
372		9481.62		0.94282		0.94214		0.87047		0.86667		0.87565		0.87113		0.74097
373		9482.98		0.94317		0.94275		0.87824		0.87245		0.88601		0.87918		0.75657
374		9484.33		0.94349		0.94331		0.87565		0.87565		0.87565		0.87565		0.7513
375		9485.94		0.9442		0.94304		0.87306		0.86364		0.88601		0.87468		0.74636
376		9487.59		0.94539		0.94418		0.87047		0.85572		0.89119		0.8731		0.74157
377		9488.93		0.9457		0.94434		0.87047		0.85222		0.89637		0.87374		0.74193
378		9490.25		0.94605		0.94451		0.87306		0.85294		0.90155		0.87657		0.74733
379		9491.53		0.946		0.94422		0.87047		0.85572		0.89119		0.8731		0.74157
380		9493.04		0.94578		0.94431		0.87047		0.8593		0.88601		0.87245		0.74129
381		9495.24		0.94495		0.94349		0.87306		0.86364		0.88601		0.87468		0.74636
382		9496.86		0.94362		0.94191		0.87306		0.86364		0.88601		0.87468		0.74636
383		9498.13		0.94298		0.94086		0.88083		0.87692		0.88601		0.88144		0.7617
384		9499.41		0.94373		0.94193		0.88083		0.8731		0.89119		0.88205		0.76182
385		9500.91		0.94479		0.94302		0.87565		0.8607		0.89637		0.87817		0.75194
386		9502.27		0.94603		0.94474		0.87565		0.8607		0.89637		0.87817		0.75194
387		9503.58		0.94687		0.94593		0.87565		0.8607		0.89637		0.87817		0.75194
388		9504.86		0.94823		0.94756		0.88083		0.86935		0.89637		0.88265		0.76203
389		9506.61		0.94743		0.94666		0.88083		0.86567		0.90155		0.88325		0.76231
390		9508.28		0.94659		0.94632		0.87824		0.865		0.89637		0.88041		0.75697
391		9509.6		0.94491		0.94416		0.87306		0.86364		0.88601		0.87468		0.74636
392		9510.89		0.94419		0.94333		0.86788		0.85859		0.88083		0.86957		0.736
393		9512.15		0.94337		0.94203		0.87306		0.85644		0.89637		0.87595		0.74693
394		9513.67		0.94306		0.94199		0.87306		0.85644		0.89637		0.87595		0.74693
395		9515.32		0.94407		0.94305		0.87565		0.85714		0.90155		0.87879		0.75231
396		9516.88		0.94452		0.94341		0.87565		0.85714		0.90155		0.87879		0.75231
397		9518.6		0.94609		0.94519		0.87306		0.86364		0.88601		0.87468		0.74636
398		9520.09		0.94684		0.94597		0.87047		0.86294		0.88083		0.87179		0.74109
399		9521.64		0.94678		0.9455		0.87306		0.86735		0.88083		0.87404		0.7462
400		9523.2		0.94585		0.94385		0.87824		0.86139		0.90155		0.88101		0.7573
401		9524.88		0.94385		0.94055		0.87047		0.85222		0.89637		0.87374		0.74193
402		9526.25		0.94315		0.94068		0.87565		0.86432		0.89119		0.87755		0.75166
403		9528.09		0.94357		0.94168		0.87565		0.87179		0.88083		0.87629		0.75134
404		9529.62		0.94388		0.94209		0.86528		0.86154		0.87047		0.86598		0.73061
405		9531.38		0.94467		0.9427		0.87565		0.86432		0.89119		0.87755		0.75166
406		9532.9		0.94381		0.9415		0.87047		0.85222		0.89637		0.87374		0.74193
407		9534.14		0.94433		0.94293		0.87306		0.85294		0.90155		0.87657		0.74733
408		9535.86		0.94488		0.94493		0.87565		0.8607		0.89637		0.87817		0.75194
409		9537.45		0.94535		0.94599		0.88601		0.87817		0.89637		0.88718		0.77219
410		9538.85		0.94542		0.94558		0.88342		0.88542		0.88083		0.88312		0.76685
411		9540.17		0.94495		0.94403		0.87306		0.875		0.87047		0.87273		0.74612
412		9541.6		0.94388		0.94141		0.87047		0.8593		0.88601		0.87245		0.74129
413		9543.33		0.94256		0.93824		0.86788		0.855		0.88601		0.87023		0.73624
414		9544.81		0.94576		0.9438		0.87047		0.86667		0.87565		0.87113		0.74097
415		9546.14		0.94578		0.94494		0.86788		0.86979		0.86528		0.86753		0.73576
416		9547.49		0.94541		0.94452		0.86269		0.85714		0.87047		0.86375		0.72548
417		9548.95		0.94474		0.94394		0.86788		0.855		0.88601		0.87023		0.73624
418		9550.24		0.94245		0.94155		0.86788		0.84804		0.89637		0.87154		0.73695
419		9551.52		0.94468		0.94398		0.87565		0.86802		0.88601		0.87692		0.75146
420		9553.02		0.94413		0.94341		0.88083		0.88083		0.88083		0.88083		0.76166
421		9554.84		0.9427		0.94077		0.87047		0.8593		0.88601		0.87245		0.74129
422		9556.16		0.94366		0.93888		0.87306		0.84286		0.9171		0.87841		0.74903
423		9557.5		0.94445		0.94137		0.87565		0.85366		0.90674		0.8794		0.75275
424		9559.23		0.94472		0.94239		0.88083		0.88083		0.88083		0.88083		0.76166
425		9560.69		0.94573		0.94428		0.88342		0.88947		0.87565		0.88251		0.76693
426		9562.33		0.94586		0.94425		0.87047		0.86294		0.88083		0.87179		0.74109
427		9563.67		0.94415		0.94202		0.87565		0.8607		0.89637		0.87817		0.75194
428		9565.14		0.94239		0.94002		0.87306		0.85644		0.89637		0.87595		0.74693
429		9566.54		0.94292		0.94075		0.8601		0.84577		0.88083		0.86294		0.72083
430		9567.99		0.94376		0.94175		0.86788		0.86224		0.87565		0.86889		0.73584
431		9569.35		0.94342		0.94136		0.87306		0.875		0.87047		0.87273		0.74612
432		9570.95		0.94392		0.94115		0.88083		0.88482		0.87565		0.88021		0.7617
433		9572.25		0.94522		0.94277		0.88342		0.88144		0.88601		0.88372		0.76685
434		9573.77		0.94637		0.94329		0.87565		0.86802		0.88601		0.87692		0.75146
435		9575.12		0.94633		0.94328		0.87565		0.86432		0.89119		0.87755		0.75166
436		9576.48		0.946		0.9436		0.87565		0.86432		0.89119		0.87755		0.75166
437		9578.26		0.94491		0.9424		0.87047		0.8593		0.88601		0.87245		0.74129
438		9579.74		0.94327		0.94019		0.87565		0.8607		0.89637		0.87817		0.75194
439		9581.39		0.94184		0.93845		0.87306		0.86		0.89119		0.87532		0.74661
440		9582.66		0.94103		0.93729		0.87565		0.86432		0.89119		0.87755		0.75166
441		9583.98		0.94189		0.93905		0.88601		0.89005		0.88083		0.88542		0.77206
442		9585.39		0.94294		0.94038		0.87824		0.88021		0.87565		0.87792		0.75649
443		9586.67		0.94698		0.94515		0.88342		0.87374		0.89637		0.88491		0.7671
444		9587.95		0.94871		0.94671		0.87565		0.8607		0.89637		0.87817		0.75194
445		9589.24		0.9496		0.94733		0.87824		0.865		0.89637		0.88041		0.75697
AUC improved at epoch  445 ;	best_auc: 0.9495959623077129
446		9591.27		0.94993		0.94758		0.88083		0.86935		0.89637		0.88265		0.76203
AUC improved at epoch  446 ;	best_auc: 0.9499315417863567
447		9592.95		0.94957		0.94724		0.88342		0.87755		0.89119		0.88432		0.76693
448		9594.46		0.94843		0.94485		0.87306		0.86364		0.88601		0.87468		0.74636
449		9595.86		0.94668		0.9416		0.87824		0.865		0.89637		0.88041		0.75697
450		9597.15		0.94562		0.94003		0.87565		0.86432		0.89119		0.87755		0.75166
451		9598.61		0.94529		0.94059		0.87824		0.87629		0.88083		0.87855		0.75649
452		9599.96		0.94466		0.94088		0.88083		0.89305		0.86528		0.87895		0.76203
453		9601.52		0.94624		0.94321		0.86788		0.86224		0.87565		0.86889		0.73584
454		9603.02		0.94745		0.94432		0.87306		0.85644		0.89637		0.87595		0.74693
455		9604.62		0.94794		0.94449		0.87306		0.85644		0.89637		0.87595		0.74693
456		9605.99		0.94773		0.94498		0.87565		0.86432		0.89119		0.87755		0.75166
457		9607.7		0.9471		0.94461		0.88342		0.88144		0.88601		0.88372		0.76685
458		9609.44		0.94641		0.94386		0.88083		0.87692		0.88601		0.88144		0.7617
459		9611.23		0.94535		0.9419		0.87306		0.85644		0.89637		0.87595		0.74693
460		9612.64		0.9439		0.93957		0.87047		0.84878		0.90155		0.87437		0.74237
461		9613.95		0.94338		0.93882		0.87306		0.84615		0.91192		0.87781		0.74838
462		9615.22		0.94423		0.94099		0.87824		0.86139		0.90155		0.88101		0.7573
463		9616.51		0.94514		0.94295		0.88083		0.8731		0.89119		0.88205		0.76182
464		9617.89		0.94553		0.94402		0.88083		0.87692		0.88601		0.88144		0.7617
465		9619.56		0.94545		0.94348		0.88342		0.87374		0.89637		0.88491		0.7671
466		9621.3		0.94463		0.94226		0.87824		0.86139		0.90155		0.88101		0.7573
467		9622.56		0.94467		0.94258		0.8886		0.87879		0.90155		0.89003		0.77746
468		9624.11		0.94569		0.94381		0.88083		0.87692		0.88601		0.88144		0.7617
469		9625.76		0.94534		0.94398		0.87824		0.87629		0.88083		0.87855		0.75649
470		9627.11		0.94462		0.9435		0.87565		0.87179		0.88083		0.87629		0.75134
471		9628.65		0.94429		0.94291		0.87565		0.86802		0.88601		0.87692		0.75146
472		9630.17		0.94412		0.9426		0.87824		0.865		0.89637		0.88041		0.75697
473		9631.79		0.9446		0.94302		0.88083		0.86207		0.90674		0.88384		0.76268
474		9633.58		0.94519		0.94381		0.88601		0.87065		0.90674		0.88832		0.77268
475		9635.15		0.94529		0.94415		0.88083		0.86935		0.89637		0.88265		0.76203
476		9636.6		0.94605		0.94515		0.88083		0.86935		0.89637		0.88265		0.76203
477		9637.86		0.94592		0.94458		0.87565		0.86432		0.89119		0.87755		0.75166
478		9639.26		0.94543		0.94397		0.87824		0.86869		0.89119		0.8798		0.75673
479		9640.56		0.94471		0.94304		0.87824		0.865		0.89637		0.88041		0.75697
480		9641.83		0.94339		0.94121		0.87047		0.85222		0.89637		0.87374		0.74193
481		9643.85		0.94279		0.94013		0.87047		0.84541		0.90674		0.875		0.74289
482		9645.24		0.94337		0.94087		0.86788		0.84466		0.90155		0.87218		0.73743
483		9647.14		0.944		0.94224		0.86788		0.84804		0.89637		0.87154		0.73695
484		9648.41		0.94448		0.94317		0.87565		0.86802		0.88601		0.87692		0.75146
485		9649.65		0.94501		0.94449		0.87824		0.87629		0.88083		0.87855		0.75649
486		9650.94		0.94534		0.94361		0.88601		0.88205		0.89119		0.8866		0.77206
487		9652.51		0.94527		0.94357		0.88342		0.87755		0.89119		0.88432		0.76693
488		9654.4		0.94527		0.94344		0.88083		0.86567		0.90155		0.88325		0.76231
489		9656.14		0.9442		0.94185		0.88083		0.86567		0.90155		0.88325		0.76231
490		9657.7		0.94482		0.94244		0.87824		0.86869		0.89119		0.8798		0.75673
491		9659.5		0.94433		0.94185		0.87565		0.86802		0.88601		0.87692		0.75146
492		9660.79		0.94427		0.94183		0.86528		0.86154		0.87047		0.86598		0.73061
493		9662.03		0.9446		0.94364		0.87047		0.86294		0.88083		0.87179		0.74109
494		9663.33		0.94487		0.94338		0.87047		0.86294		0.88083		0.87179		0.74109
495		9664.77		0.94492		0.94317		0.87565		0.8607		0.89637		0.87817		0.75194
496		9666.12		0.94554		0.94423		0.87824		0.86139		0.90155		0.88101		0.7573
497		9667.4		0.94531		0.9428		0.87565		0.86432		0.89119		0.87755		0.75166
498		9668.82		0.94545		0.94337		0.87565		0.87565		0.87565		0.87565		0.7513
499		9670.45		0.94464		0.94239		0.87306		0.875		0.87047		0.87273		0.74612
500		9672.16		0.94498		0.94253		0.87565		0.87565		0.87565		0.87565		0.7513
501		9674.34		0.94431		0.9416		0.87824		0.86869		0.89119		0.8798		0.75673
502		9675.89		0.94405		0.94122		0.87824		0.86869		0.89119		0.8798		0.75673
503		9677.21		0.94373		0.94115		0.87824		0.86869		0.89119		0.8798		0.75673
504		9678.52		0.94358		0.94151		0.87306		0.86364		0.88601		0.87468		0.74636
505		9679.78		0.94428		0.94238		0.88083		0.87692		0.88601		0.88144		0.7617
506		9680.98		0.94531		0.94492		0.87565		0.86802		0.88601		0.87692		0.75146
507		9682.66		0.94569		0.94557		0.88601		0.87437		0.90155		0.88776		0.77239
508		9684.43		0.94675		0.94616		0.88083		0.86567		0.90155		0.88325		0.76231
509		9686.03		0.94613		0.94515		0.88083		0.86935		0.89637		0.88265		0.76203
510		9687.73		0.94486		0.94371		0.87565		0.87179		0.88083		0.87629		0.75134
511		9689.07		0.94425		0.94276		0.87306		0.86735		0.88083		0.87404		0.7462
512		9690.55		0.9446		0.94265		0.87306		0.86735		0.88083		0.87404		0.7462
513		9691.85		0.94339		0.93997		0.87824		0.87245		0.88601		0.87918		0.75657
514		9692.95		0.94331		0.93961		0.87306		0.86364		0.88601		0.87468		0.74636
515		9694.03		0.94389		0.93918		0.87824		0.86139		0.90155		0.88101		0.7573
516		9695.36		0.94466		0.94096		0.87565		0.8607		0.89637		0.87817		0.75194
517		9696.53		0.94533		0.94265		0.88083		0.86935		0.89637		0.88265		0.76203
518		9698.54		0.94479		0.94259		0.87824		0.86869		0.89119		0.8798		0.75673
519		9700.44		0.94466		0.94247		0.88083		0.87692		0.88601		0.88144		0.7617
520		9702.17		0.94396		0.94177		0.87824		0.87245		0.88601		0.87918		0.75657
521		9703.83		0.94342		0.9407		0.87565		0.86432		0.89119		0.87755		0.75166
522		9705.16		0.94233		0.93904		0.87306		0.86		0.89119		0.87532		0.74661
523		9706.47		0.94239		0.93921		0.87565		0.86432		0.89119		0.87755		0.75166
524		9707.8		0.94365		0.94083		0.87565		0.87179		0.88083		0.87629		0.75134
525		9709.15		0.94474		0.94269		0.87565		0.87565		0.87565		0.87565		0.7513
526		9710.38		0.94574		0.94352		0.88083		0.88482		0.87565		0.88021		0.7617
527		9711.61		0.94596		0.94349		0.88342		0.88144		0.88601		0.88372		0.76685
528		9713.44		0.94599		0.94346		0.87824		0.86869		0.89119		0.8798		0.75673
529		9714.99		0.94534		0.9419		0.87824		0.865		0.89637		0.88041		0.75697
530		9716.86		0.94546		0.94189		0.87565		0.8607		0.89637		0.87817		0.75194
531		9718.04		0.9455		0.94225		0.87565		0.85714		0.90155		0.87879		0.75231
532		9719.21		0.94584		0.9426		0.88342		0.87		0.90155		0.8855		0.76734
533		9720.49		0.94562		0.94269		0.88342		0.87		0.90155		0.8855		0.76734
534		9722.53		0.94578		0.94389		0.87306		0.86735		0.88083		0.87404		0.7462
535		9723.88		0.94505		0.94314		0.87824		0.87629		0.88083		0.87855		0.75649
536		9725.24		0.94471		0.94272		0.87824		0.86869		0.89119		0.8798		0.75673
537		9726.99		0.94463		0.94268		0.88083		0.8731		0.89119		0.88205		0.76182
538		9729.12		0.94455		0.94282		0.87824		0.87245		0.88601		0.87918		0.75657
539		9730.68		0.94472		0.94311		0.87824		0.865		0.89637		0.88041		0.75697
540		9731.96		0.94491		0.94314		0.87824		0.865		0.89637		0.88041		0.75697
541		9733.24		0.94484		0.94302		0.87824		0.865		0.89637		0.88041		0.75697
542		9734.4		0.94492		0.94275		0.87306		0.86364		0.88601		0.87468		0.74636
543		9735.92		0.94509		0.94283		0.87306		0.86364		0.88601		0.87468		0.74636
544		9737.23		0.9444		0.94019		0.88083		0.86935		0.89637		0.88265		0.76203
545		9739.06		0.94487		0.94086		0.87824		0.865		0.89637		0.88041		0.75697
546		9740.29		0.94525		0.94094		0.88601		0.88205		0.89119		0.8866		0.77206
547		9741.43		0.94548		0.94265		0.88601		0.88601		0.88601		0.88601		0.77202
548		9742.88		0.94462		0.94139		0.89119		0.89119		0.89119		0.89119		0.78238
549		9744.71		0.94475		0.94278		0.88601		0.88601		0.88601		0.88601		0.77202
550		9746.54		0.94526		0.94322		0.88601		0.88601		0.88601		0.88601		0.77202
551		9748.11		0.9459		0.94434		0.8886		0.88265		0.89637		0.88946		0.7773
552		9749.57		0.94584		0.94444		0.88601		0.87437		0.90155		0.88776		0.77239
553		9751.53		0.94525		0.94356		0.88342		0.87		0.90155		0.8855		0.76734
554		9752.77		0.94486		0.94318		0.87824		0.86869		0.89119		0.8798		0.75673
555		9754.04		0.94429		0.9414		0.88083		0.8731		0.89119		0.88205		0.76182
556		9755.32		0.94417		0.94041		0.87824		0.865		0.89637		0.88041		0.75697
557		9757.33		0.94352		0.93963		0.88083		0.86567		0.90155		0.88325		0.76231
558		9758.43		0.94315		0.93897		0.88342		0.87		0.90155		0.8855		0.76734
559		9759.62		0.94299		0.93842		0.88083		0.86935		0.89637		0.88265		0.76203
560		9760.76		0.9431		0.93829		0.88342		0.88144		0.88601		0.88372		0.76685
561		9762.39		0.94389		0.9391		0.88342		0.88947		0.87565		0.88251		0.76693
562		9764.04		0.94415		0.9394		0.88083		0.88482		0.87565		0.88021		0.7617
563		9765.15		0.94416		0.9394		0.88601		0.88205		0.89119		0.8866		0.77206
564		9766.27		0.9435		0.93881		0.88601		0.87437		0.90155		0.88776		0.77239
565		9767.92		0.94333		0.93893		0.8886		0.87879		0.90155		0.89003		0.77746
566		9769.61		0.94421		0.94126		0.8886		0.87879		0.90155		0.89003		0.77746
567		9770.8		0.94484		0.94216		0.88342		0.87755		0.89119		0.88432		0.76693
568		9772.03		0.94554		0.94296		0.88083		0.88083		0.88083		0.88083		0.76166
569		9773.27		0.94558		0.94293		0.88083		0.87692		0.88601		0.88144		0.7617
570		9775.59		0.94573		0.94274		0.88342		0.87374		0.89637		0.88491		0.7671
571		9777.58		0.94553		0.94233		0.88083		0.86935		0.89637		0.88265		0.76203
572		9779.37		0.94588		0.94265		0.88083		0.86935		0.89637		0.88265		0.76203
573		9780.51		0.94561		0.94252		0.88083		0.86935		0.89637		0.88265		0.76203
574		9781.84		0.94534		0.94244		0.88083		0.86935		0.89637		0.88265		0.76203
575		9782.99		0.94546		0.94264		0.88083		0.86935		0.89637		0.88265		0.76203
576		9784.71		0.94511		0.94232		0.88083		0.86935		0.89637		0.88265		0.76203
577		9786.28		0.94517		0.94316		0.88601		0.87437		0.90155		0.88776		0.77239
578		9787.63		0.9444		0.94246		0.88601		0.87437		0.90155		0.88776		0.77239
579		9788.81		0.94382		0.94168		0.88342		0.87755		0.89119		0.88432		0.76693
580		9790.74		0.94325		0.94144		0.88342		0.87755		0.89119		0.88432		0.76693
581		9792.25		0.94254		0.94034		0.88342		0.87755		0.89119		0.88432		0.76693
582		9794.05		0.94221		0.93972		0.88083		0.86935		0.89637		0.88265		0.76203
583		9795.2		0.94267		0.93965		0.87565		0.85714		0.90155		0.87879		0.75231
584		9796.44		0.94282		0.93906		0.87306		0.85294		0.90155		0.87657		0.74733
585		9797.64		0.94388		0.94129		0.88601		0.87817		0.89637		0.88718		0.77219
586		9798.88		0.94488		0.9427		0.88601		0.88205		0.89119		0.8866		0.77206
587		9800.0		0.94604		0.94366		0.8886		0.8866		0.89119		0.88889		0.77721
588		9801.94		0.94637		0.94455		0.88083		0.86935		0.89637		0.88265		0.76203
589		9803.11		0.94601		0.94309		0.88083		0.86567		0.90155		0.88325		0.76231
590		9804.24		0.94487		0.94151		0.88342		0.87374		0.89637		0.88491		0.7671
591		9805.46		0.94452		0.94136		0.88601		0.88205		0.89119		0.8866		0.77206
592		9806.69		0.94467		0.94148		0.8886		0.8866		0.89119		0.88889		0.77721
593		9808.43		0.94523		0.9422		0.8886		0.88265		0.89637		0.88946		0.7773
594		9809.7		0.94523		0.94065		0.88083		0.8731		0.89119		0.88205		0.76182
595		9811.62		0.94619		0.94323		0.87565		0.8607		0.89637		0.87817		0.75194
596		9813.12		0.9455		0.9426		0.87824		0.86869		0.89119		0.8798		0.75673
597		9814.72		0.94479		0.9412		0.88342		0.87755		0.89119		0.88432		0.76693
598		9816.53		0.94458		0.94067		0.88342		0.87755		0.89119		0.88432		0.76693
599		9818.38		0.94494		0.94123		0.88083		0.88083		0.88083		0.88083		0.76166
600		9819.79		0.94565		0.9423		0.88342		0.87755		0.89119		0.88432		0.76693
601		9821.03		0.94535		0.94091		0.88601		0.87437		0.90155		0.88776		0.77239
602		9822.12		0.94529		0.94134		0.88601		0.87065		0.90674		0.88832		0.77268
603		9823.24		0.9457		0.9423		0.88342		0.87374		0.89637		0.88491		0.7671
604		9824.5		0.94541		0.94189		0.88083		0.8731		0.89119		0.88205		0.76182
605		9825.59		0.94407		0.93961		0.88083		0.87692		0.88601		0.88144		0.7617
606		9826.94		0.94286		0.93903		0.88342		0.88144		0.88601		0.88372		0.76685
607		9828.61		0.94182		0.93787		0.88342		0.88144		0.88601		0.88372		0.76685
608		9829.77		0.94186		0.93793		0.88342		0.87755		0.89119		0.88432		0.76693
609		9831.03		0.94227		0.93915		0.88083		0.8731		0.89119		0.88205		0.76182
610		9832.15		0.9429		0.93963		0.88083		0.86935		0.89637		0.88265		0.76203
611		9833.28		0.94394		0.94145		0.88342		0.87755		0.89119		0.88432		0.76693
612		9834.39		0.94433		0.94233		0.88601		0.87437		0.90155		0.88776		0.77239
613		9835.64		0.94472		0.94225		0.8886		0.87879		0.90155		0.89003		0.77746
614		9836.87		0.9449		0.94225		0.88083		0.86935		0.89637		0.88265		0.76203
615		9838.24		0.94382		0.94085		0.88342		0.87		0.90155		0.8855		0.76734
616		9839.78		0.94347		0.94001		0.88083		0.86935		0.89637		0.88265		0.76203
617		9841.1		0.94339		0.94003		0.88083		0.8731		0.89119		0.88205		0.76182
618		9842.59		0.94333		0.94108		0.88342		0.87755		0.89119		0.88432		0.76693
619		9844.06		0.9437		0.94169		0.87565		0.87179		0.88083		0.87629		0.75134
620		9845.46		0.94409		0.94203		0.87047		0.86667		0.87565		0.87113		0.74097
621		9846.91		0.94427		0.94223		0.88083		0.86935		0.89637		0.88265		0.76203
622		9848.33		0.94451		0.94252		0.88342		0.86634		0.90674		0.88608		0.76767
623		9849.68		0.94464		0.94255		0.88342		0.87374		0.89637		0.88491		0.7671
624		9851.19		0.94468		0.94216		0.88601		0.87817		0.89637		0.88718		0.77219
625		9852.45		0.94408		0.94147		0.88342		0.87755		0.89119		0.88432		0.76693
626		9853.84		0.94333		0.93985		0.88083		0.87692		0.88601		0.88144		0.7617
627		9855.23		0.94342		0.93895		0.88601		0.87437		0.90155		0.88776		0.77239
628		9856.57		0.94358		0.93915		0.8886		0.875		0.90674		0.89059		0.77771
629		9858.12		0.94412		0.94006		0.8886		0.875		0.90674		0.89059		0.77771
630		9859.37		0.94444		0.94067		0.88601		0.87437		0.90155		0.88776		0.77239
631		9860.8		0.94443		0.94015		0.88083		0.86935		0.89637		0.88265		0.76203
632		9862.06		0.94428		0.93994		0.87824		0.86869		0.89119		0.8798		0.75673
633		9863.57		0.94445		0.94148		0.87824		0.86869		0.89119		0.8798		0.75673
634		9864.93		0.94394		0.94076		0.88083		0.86935		0.89637		0.88265		0.76203
635		9866.37		0.94342		0.94069		0.87824		0.87245		0.88601		0.87918		0.75657
636		9867.82		0.94258		0.94033		0.87824		0.87245		0.88601		0.87918		0.75657
637		9869.1		0.9424		0.94076		0.88083		0.87692		0.88601		0.88144		0.7617
638		9870.51		0.94313		0.94168		0.87824		0.87245		0.88601		0.87918		0.75657
639		9871.96		0.94345		0.94241		0.87824		0.87245		0.88601		0.87918		0.75657
640		9873.38		0.94385		0.94285		0.87824		0.87245		0.88601		0.87918		0.75657
641		9874.83		0.94454		0.94297		0.88083		0.86935		0.89637		0.88265		0.76203
642		9876.19		0.94486		0.94244		0.87824		0.865		0.89637		0.88041		0.75697
643		9877.62		0.94456		0.9403		0.88342		0.87374		0.89637		0.88491		0.7671
644		9879.09		0.94444		0.93984		0.88342		0.87374		0.89637		0.88491		0.7671
645		9880.34		0.94431		0.93964		0.87565		0.87565		0.87565		0.87565		0.7513
646		9881.73		0.94633		0.94409		0.88083		0.88083		0.88083		0.88083		0.76166
647		9883.55		0.94658		0.94453		0.88083		0.88083		0.88083		0.88083		0.76166
648		9885.07		0.94687		0.94544		0.88342		0.87755		0.89119		0.88432		0.76693
649		9886.2		0.94717		0.94554		0.87824		0.865		0.89637		0.88041		0.75697
650		9887.29		0.9467		0.94462		0.87565		0.8607		0.89637		0.87817		0.75194
651		9888.43		0.94594		0.94362		0.87565		0.86432		0.89119		0.87755		0.75166
652		9889.66		0.94479		0.9424		0.87047		0.85572		0.89119		0.8731		0.74157
653		9890.82		0.94349		0.94066		0.87047		0.85572		0.89119		0.8731		0.74157
654		9891.93		0.9425		0.94019		0.88083		0.86935		0.89637		0.88265		0.76203
655		9893.57		0.94223		0.9403		0.88342		0.87755		0.89119		0.88432		0.76693
656		9895.28		0.94399		0.94043		0.87824		0.86869		0.89119		0.8798		0.75673
657		9896.4		0.94578		0.94379		0.88342		0.87		0.90155		0.8855		0.76734
658		9897.5		0.94581		0.94352		0.88601		0.87065		0.90674		0.88832		0.77268
659		9898.59		0.94564		0.94394		0.88601		0.87065		0.90674		0.88832		0.77268
660		9899.68		0.94542		0.94376		0.8886		0.875		0.90674		0.89059		0.77771
661		9900.99		0.94483		0.94326		0.88342		0.87755		0.89119		0.88432		0.76693
662		9902.2		0.94389		0.94204		0.87824		0.87245		0.88601		0.87918		0.75657
663		9903.3		0.94231		0.94051		0.87824		0.87629		0.88083		0.87855		0.75649
664		9905.28		0.94162		0.93989		0.88083		0.88083		0.88083		0.88083		0.76166
665		9907.26		0.942		0.94029		0.88083		0.88083		0.88083		0.88083		0.76166
666		9908.7		0.94444		0.94218		0.87824		0.86139		0.90155		0.88101		0.7573
667		9910.16		0.94568		0.9426		0.87306		0.85644		0.89637		0.87595		0.74693
668		9911.78		0.94592		0.94276		0.87306		0.86		0.89119		0.87532		0.74661
669		9913.0		0.94526		0.94212		0.87047		0.86294		0.88083		0.87179		0.74109
670		9914.44		0.94343		0.94023		0.87565		0.86802		0.88601		0.87692		0.75146
671		9916.2		0.94247		0.93921		0.88083		0.87692		0.88601		0.88144		0.7617
672		9917.67		0.94192		0.93986		0.88342		0.88144		0.88601		0.88372		0.76685
673		9918.91		0.94203		0.94019		0.88601		0.88601		0.88601		0.88601		0.77202
674		9920.81		0.94399		0.9431		0.88601		0.88205		0.89119		0.8866		0.77206
675		9922.17		0.94433		0.94442		0.88342		0.88144		0.88601		0.88372		0.76685
676		9923.46		0.944		0.94211		0.87306		0.84951		0.90674		0.87719		0.74781
677		9924.65		0.94322		0.9403		0.87047		0.84541		0.90674		0.875		0.74289
678		9925.86		0.94393		0.94149		0.88083		0.86567		0.90155		0.88325		0.76231
679		9927.16		0.94452		0.94199		0.89119		0.89119		0.89119		0.89119		0.78238
680		9928.51		0.94526		0.94263		0.88601		0.88601		0.88601		0.88601		0.77202
681		9930.45		0.94566		0.9429		0.88601		0.87065		0.90674		0.88832		0.77268
682		9931.82		0.94568		0.94277		0.88083		0.86567		0.90155		0.88325		0.76231
683		9933.64		0.94603		0.94344		0.88083		0.86935		0.89637		0.88265		0.76203
684		9935.04		0.94603		0.94422		0.88083		0.88083		0.88083		0.88083		0.76166
685		9936.42		0.94483		0.94372		0.88083		0.8973		0.8601		0.87831		0.76231
686		9937.67		0.94386		0.94188		0.87824		0.8883		0.86528		0.87664		0.75673
687		9938.91		0.94071		0.93672		0.87565		0.8607		0.89637		0.87817		0.75194
688		9940.62		0.94066		0.93538		0.87306		0.85294		0.90155		0.87657		0.74733
689		9942.2		0.94323		0.93905		0.87565		0.8607		0.89637		0.87817		0.75194
690		9943.97		0.94443		0.94197		0.87565		0.87565		0.87565		0.87565		0.7513
691		9946.11		0.94557		0.94389		0.86788		0.86598		0.87047		0.86822		0.73576
692		9947.55		0.9447		0.94197		0.87047		0.85572		0.89119		0.8731		0.74157
693		9948.68		0.9413		0.93755		0.86528		0.83412		0.91192		0.87129		0.73377
694		9949.82		0.94266		0.94132		0.86788		0.86979		0.86528		0.86753		0.73576
695		9950.89		0.94139		0.94133		0.86528		0.8895		0.8342		0.86096		0.73199
696		9952.04		0.92769		0.91989		0.84197		0.78448		0.94301		0.85647		0.69834
697		9953.77		0.91237		0.92426		0.81606		0.90132		0.70984		0.7942		0.64689
698		9955.35		0.8766		0.88208		0.57513		0.54085		0.99482		0.70073		0.27644
699		9956.72		0.90547		0.91747		0.82124		0.92466		0.69948		0.79646		0.66243
700		9958.28		0.91409		0.91624		0.8342		0.84492		0.81865		0.83158		0.66872
701		9960.01		0.90788		0.89075		0.72798		0.65068		0.98446		0.78351		0.53116
702		9961.12		0.91833		0.91667		0.82642		0.90385		0.73057		0.80802		0.66519
703		9962.24		0.91326		0.91408		0.73834		0.96		0.49741		0.65529		0.54401
704		9963.4		0.91031		0.90837		0.82902		0.84699		0.80311		0.82447		0.65892
705		9964.69		0.90354		0.89974		0.79534		0.728		0.94301		0.82167		0.61825
706		9965.92		0.89903		0.89486		0.79016		0.724		0.93782		0.81716		0.60741
707		9967.46		0.89036		0.88606		0.80052		0.79592		0.80829		0.80206		0.60111
708		9969.09		0.87967		0.87199		0.76425		0.85417		0.63731		0.72997		0.5464
709		9970.81		0.87841		0.87076		0.74352		0.86154		0.58031		0.6935		0.51527
710		9972.43		0.88682		0.88026		0.77461		0.84868		0.66839		0.74783		0.56205
711		9973.67		0.90021		0.89378		0.81347		0.80711		0.82383		0.81538		0.62708
712		9974.92		0.90784		0.89856		0.8057		0.76818		0.87565		0.8184		0.61747
713		9976.52		0.91211		0.9019		0.81347		0.7619		0.91192		0.83019		0.63946
714		9978.53		0.91361		0.90301		0.81606		0.78241		0.87565		0.82641		0.63666
715		9980.48		0.91347		0.90782		0.82383		0.81095		0.84456		0.82741		0.64823
716		9981.8		0.91342		0.90976		0.84197		0.8587		0.81865		0.8382		0.68468
717		9983.15		0.91296		0.912		0.81865		0.86826		0.7513		0.80556		0.64317
718		9985.05		0.9146		0.91489		0.81347		0.85799		0.7513		0.8011		0.63185
719		9986.29		0.91653		0.91545		0.82124		0.85632		0.77202		0.81199		0.64562
720		9987.44		0.91815		0.91458		0.8342		0.8342		0.8342		0.8342		0.66839
721		9988.59		0.91935		0.91382		0.8342		0.81463		0.86528		0.8392		0.66969
722		9989.79		0.919		0.91145		0.84197		0.80841		0.89637		0.85012		0.68802
723		9990.9		0.9197		0.91098		0.84197		0.81132		0.89119		0.84938		0.68728
724		9992.0		0.92177		0.91441		0.84456		0.84817		0.83938		0.84375		0.68916
725		9993.14		0.92443		0.91789		0.83938		0.86592		0.80311		0.83333		0.68055
726		9995.03		0.92682		0.92089		0.82642		0.87059		0.76684		0.81543		0.65754
727		9996.55		0.92862		0.92282		0.83679		0.87356		0.78756		0.82834		0.67686
728		9997.99		0.92942		0.92408		0.84456		0.87151		0.80829		0.83871		0.69094
729		9999.33		0.92961		0.92376		0.86528		0.86154		0.87047		0.86598		0.73061
730		10000.7		0.928		0.9214		0.86269		0.84314		0.89119		0.8665		0.72657
731		10002.53		0.92636		0.91936		0.86269		0.83981		0.89637		0.86717		0.72704
732		10003.97		0.92569		0.91807		0.85751		0.85567		0.8601		0.85788		0.71504
733		10005.57		0.92709		0.91847		0.84197		0.8587		0.81865		0.8382		0.68468
734		10007.36		0.9306		0.92033		0.83938		0.85792		0.81347		0.83511		0.67967
735		10008.64		0.93417		0.92264		0.85751		0.84848		0.87047		0.85934		0.71527
736		10009.83		0.93648		0.92457		0.87047		0.83886		0.9171		0.87624		0.74418
737		10010.95		0.9389		0.92675		0.87565		0.8436		0.92228		0.88119		0.75458
738		10012.52		0.93927		0.92659		0.86788		0.84466		0.90155		0.87218		0.73743
739		10014.77		0.93917		0.92707		0.86528		0.85787		0.87565		0.86667		0.73073
740		10016.34		0.93946		0.92767		0.87047		0.86294		0.88083		0.87179		0.74109
741		10017.53		0.93984		0.92855		0.86528		0.84058		0.90155		0.87		0.7325
742		10018.66		0.93997		0.92916		0.86269		0.83654		0.90155		0.86783		0.72759
743		10019.74		0.94043		0.92987		0.86528		0.84729		0.89119		0.86869		0.73155
744		10020.96		0.94185		0.93152		0.86528		0.85427		0.88083		0.86735		0.73092
745		10022.07		0.94096		0.93013		0.86788		0.84804		0.89637		0.87154		0.73695
746		10023.23		0.94142		0.9296		0.86788		0.84466		0.90155		0.87218		0.73743
747		10024.56		0.9458		0.933		0.87047		0.85572		0.89119		0.8731		0.74157
748		10026.45		0.94829		0.93555		0.87306		0.86		0.89119		0.87532		0.74661
749		10027.73		0.9491		0.93611		0.86788		0.84804		0.89637		0.87154		0.73695
750		10029.48		0.94907		0.93697		0.8601		0.83575		0.89637		0.865		0.72211
751		10031.02		0.94939		0.93797		0.87047		0.85222		0.89637		0.87374		0.74193
752		10032.75		0.94794		0.93798		0.86788		0.85149		0.89119		0.87089		0.73655
753		10034.46		0.94682		0.93786		0.86788		0.84804		0.89637		0.87154		0.73695
754		10035.64		0.94607		0.93731		0.86528		0.84058		0.90155		0.87		0.7325
755		10037.41		0.9469		0.93825		0.86788		0.84804		0.89637		0.87154		0.73695
756		10038.68		0.94803		0.93928		0.87306		0.86		0.89119		0.87532		0.74661
757		10039.77		0.94832		0.93953		0.87306		0.85644		0.89637		0.87595		0.74693
758		10041.0		0.94832		0.9387		0.86788		0.84135		0.90674		0.87282		0.73798
759		10042.3		0.94829		0.93861		0.86788		0.8381		0.91192		0.87345		0.73862
760		10043.99		0.94918		0.93992		0.87565		0.85714		0.90155		0.87879		0.75231
761		10045.62		0.94948		0.94013		0.87824		0.865		0.89637		0.88041		0.75697
762		10047.07		0.94884		0.93978		0.86788		0.84466		0.90155		0.87218		0.73743
763		10048.73		0.9479		0.9388		0.86528		0.83732		0.90674		0.87065		0.73309
764		10050.27		0.94816		0.94026		0.87047		0.84878		0.90155		0.87437		0.74237
765		10051.38		0.94956		0.942		0.87565		0.8607		0.89637		0.87817		0.75194
766		10052.56		0.94961		0.94238		0.87824		0.865		0.89637		0.88041		0.75697
767		10053.86		0.94934		0.9427		0.87565		0.85024		0.91192		0.88		0.75328
768		10055.51		0.9485		0.94188		0.87047		0.84211		0.91192		0.87562		0.74349
769		10057.15		0.94938		0.94227		0.87824		0.85784		0.90674		0.88161		0.75771
770		10058.46		0.94972		0.94289		0.87824		0.865		0.89637		0.88041		0.75697
771		10060.42		0.9495		0.94241		0.88083		0.86567		0.90155		0.88325		0.76231
772		10062.18		0.94872		0.9418		0.87824		0.86139		0.90155		0.88101		0.7573
773		10063.7		0.94793		0.9413		0.86528		0.83732		0.90674		0.87065		0.73309
774		10064.88		0.94773		0.9409		0.86528		0.83732		0.90674		0.87065		0.73309
775		10066.17		0.94884		0.94239		0.86788		0.84466		0.90155		0.87218		0.73743
776		10067.42		0.94982		0.94386		0.87565		0.85714		0.90155		0.87879		0.75231
777		10068.56		0.94992		0.94429		0.88083		0.86567		0.90155		0.88325		0.76231
778		10069.72		0.95028		0.94446		0.88083		0.86567		0.90155		0.88325		0.76231
AUC improved at epoch  778 ;	best_auc: 0.9502805444441461
779		10071.03		0.95004		0.94458		0.87306		0.85294		0.90155		0.87657		0.74733
780		10072.9		0.94927		0.94362		0.87047		0.84878		0.90155		0.87437		0.74237
781		10074.63		0.94895		0.94334		0.87047		0.84878		0.90155		0.87437		0.74237
782		10076.34		0.94898		0.94302		0.87306		0.85294		0.90155		0.87657		0.74733
783		10077.56		0.94942		0.94279		0.87565		0.85714		0.90155		0.87879		0.75231
784		10078.81		0.95008		0.94398		0.87565		0.85714		0.90155		0.87879		0.75231
785		10079.94		0.94984		0.94264		0.87306		0.85294		0.90155		0.87657		0.74733
786		10081.51		0.94999		0.94275		0.87565		0.85714		0.90155		0.87879		0.75231
787		10083.24		0.94972		0.94256		0.87565		0.85714		0.90155		0.87879		0.75231
788		10084.56		0.94931		0.94201		0.87047		0.85222		0.89637		0.87374		0.74193
789		10085.76		0.9491		0.94315		0.87047		0.85222		0.89637		0.87374		0.74193
790		10087.16		0.94883		0.94292		0.87306		0.85644		0.89637		0.87595		0.74693
791		10088.46		0.94903		0.94343		0.87306		0.85644		0.89637		0.87595		0.74693
792		10090.48		0.94925		0.94358		0.87306		0.86		0.89119		0.87532		0.74661
793		10091.97		0.94917		0.94451		0.87565		0.86432		0.89119		0.87755		0.75166
794		10093.54		0.9491		0.94448		0.87306		0.85644		0.89637		0.87595		0.74693
795		10095.34		0.94867		0.94349		0.87565		0.85024		0.91192		0.88		0.75328
796		10096.63		0.94864		0.94325		0.87306		0.84615		0.91192		0.87781		0.74838
797		10097.75		0.94832		0.943		0.87047		0.84211		0.91192		0.87562		0.74349
798		10098.91		0.94828		0.94305		0.87047		0.84878		0.90155		0.87437		0.74237
799		10100.07		0.94841		0.94322		0.87565		0.8607		0.89637		0.87817		0.75194
800		10101.22		0.94816		0.94276		0.88083		0.86935		0.89637		0.88265		0.76203
801		10102.52		0.9478		0.94113		0.88083		0.86567		0.90155		0.88325		0.76231
802		10104.12		0.94717		0.94037		0.87306		0.85294		0.90155		0.87657		0.74733
803		10105.92		0.94639		0.93969		0.87047		0.84878		0.90155		0.87437		0.74237
804		10107.36		0.94641		0.93984		0.87047		0.84878		0.90155		0.87437		0.74237
805		10108.72		0.94714		0.94079		0.86788		0.84466		0.90155		0.87218		0.73743
806		10110.41		0.94841		0.94055		0.86528		0.8439		0.89637		0.86935		0.73199
807		10111.77		0.94954		0.94186		0.87047		0.85572		0.89119		0.8731		0.74157
808		10113.51		0.94969		0.94212		0.87306		0.86		0.89119		0.87532		0.74661
809		10114.91		0.94969		0.9424		0.87565		0.86432		0.89119		0.87755		0.75166
810		10116.34		0.95016		0.94351		0.86528		0.84729		0.89119		0.86869		0.73155
811		10117.82		0.94981		0.94286		0.86528		0.8439		0.89637		0.86935		0.73199
812		10119.49		0.94988		0.94302		0.87047		0.84541		0.90674		0.875		0.74289
813		10121.09		0.94886		0.94227		0.87824		0.85437		0.91192		0.88221		0.7582
814		10122.39		0.94863		0.94371		0.87824		0.85437		0.91192		0.88221		0.7582
815		10123.54		0.94862		0.94375		0.87565		0.85366		0.90674		0.8794		0.75275
816		10124.74		0.9485		0.94371		0.87565		0.85366		0.90674		0.8794		0.75275
817		10126.09		0.94819		0.94331		0.87824		0.86139		0.90155		0.88101		0.7573
818		10127.9		0.9482		0.94332		0.87824		0.86139		0.90155		0.88101		0.7573
819		10129.2		0.94813		0.94186		0.87306		0.85644		0.89637		0.87595		0.74693
820		10130.38		0.9484		0.94245		0.87047		0.85222		0.89637		0.87374		0.74193
821		10132.34		0.94876		0.94293		0.86528		0.84729		0.89119		0.86869		0.73155
822		10133.63		0.94886		0.94307		0.86528		0.84729		0.89119		0.86869		0.73155
823		10135.04		0.94918		0.94337		0.86788		0.85149		0.89119		0.87089		0.73655
824		10136.34		0.9493		0.9434		0.87306		0.86		0.89119		0.87532		0.74661
825		10137.63		0.94937		0.94347		0.87306		0.86		0.89119		0.87532		0.74661
826		10139.05		0.94925		0.9434		0.87306		0.86		0.89119		0.87532		0.74661
827		10140.41		0.94897		0.94441		0.87306		0.86		0.89119		0.87532		0.74661
828		10142.03		0.94854		0.94389		0.87565		0.8607		0.89637		0.87817		0.75194
829		10143.58		0.94801		0.94331		0.87306		0.85644		0.89637		0.87595		0.74693
830		10145.53		0.94797		0.94295		0.87306		0.85644		0.89637		0.87595		0.74693
831		10147.38		0.94778		0.9426		0.87047		0.85222		0.89637		0.87374		0.74193
832		10149.22		0.94784		0.94249		0.87047		0.84878		0.90155		0.87437		0.74237
833		10150.53		0.94781		0.9425		0.87306		0.84951		0.90674		0.87719		0.74781
834		10151.68		0.94821		0.94305		0.87306		0.84951		0.90674		0.87719		0.74781
835		10153.02		0.94867		0.9435		0.87306		0.84951		0.90674		0.87719		0.74781
836		10154.24		0.94902		0.94386		0.87565		0.85714		0.90155		0.87879		0.75231
837		10155.53		0.94978		0.94469		0.87824		0.865		0.89637		0.88041		0.75697
838		10156.77		0.94978		0.94329		0.88083		0.86935		0.89637		0.88265		0.76203
839		10158.38		0.95015		0.94381		0.88083		0.86935		0.89637		0.88265		0.76203
840		10159.96		0.9496		0.9435		0.88083		0.86935		0.89637		0.88265		0.76203
841		10161.64		0.94934		0.94316		0.87565		0.8607		0.89637		0.87817		0.75194
842		10163.3		0.94905		0.94297		0.87306		0.85644		0.89637		0.87595		0.74693
843		10164.91		0.94876		0.94311		0.86528		0.84729		0.89119		0.86869		0.73155
844		10166.32		0.94883		0.94329		0.86269		0.84314		0.89119		0.8665		0.72657
845		10168.18		0.94876		0.94342		0.86528		0.84729		0.89119		0.86869		0.73155
846		10169.42		0.94878		0.94354		0.87047		0.85572		0.89119		0.8731		0.74157
847		10170.6		0.94879		0.94361		0.87565		0.86432		0.89119		0.87755		0.75166
848		10171.81		0.94895		0.94374		0.87824		0.86869		0.89119		0.8798		0.75673
849		10172.97		0.94883		0.94367		0.87824		0.86869		0.89119		0.8798		0.75673
850		10174.23		0.94871		0.94337		0.87565		0.8607		0.89637		0.87817		0.75194
851		10175.77		0.94874		0.94324		0.86788		0.84804		0.89637		0.87154		0.73695
852		10177.3		0.94874		0.94299		0.86528		0.8439		0.89637		0.86935		0.73199
853		10178.96		0.94871		0.943		0.86528		0.8439		0.89637		0.86935		0.73199
854		10180.9		0.94891		0.94307		0.86528		0.8439		0.89637		0.86935		0.73199
855		10182.07		0.94907		0.94335		0.87306		0.86		0.89119		0.87532		0.74661
856		10183.41		0.94902		0.94334		0.87565		0.86432		0.89119		0.87755		0.75166
857		10184.56		0.94925		0.94355		0.87565		0.86432		0.89119		0.87755		0.75166
858		10185.85		0.94952		0.94373		0.87565		0.86432		0.89119		0.87755		0.75166
859		10187.12		0.94953		0.94382		0.87306		0.86		0.89119		0.87532		0.74661
860		10188.48		0.94965		0.94397		0.87306		0.86		0.89119		0.87532		0.74661
861		10190.05		0.94948		0.94393		0.87565		0.8607		0.89637		0.87817		0.75194
862		10191.41		0.94948		0.94395		0.87565		0.8607		0.89637		0.87817		0.75194
863		10192.66		0.94917		0.94382		0.87565		0.8607		0.89637		0.87817		0.75194
864		10193.9		0.94911		0.94395		0.87565		0.8607		0.89637		0.87817		0.75194
865		10195.14		0.94926		0.94411		0.87565		0.8607		0.89637		0.87817		0.75194
866		10196.91		0.94931		0.9443		0.87824		0.86139		0.90155		0.88101		0.7573
867		10198.15		0.94943		0.94437		0.87824		0.86139		0.90155		0.88101		0.7573
868		10199.4		0.94929		0.94443		0.87824		0.86139		0.90155		0.88101		0.7573
869		10200.84		0.94909		0.94437		0.87824		0.86139		0.90155		0.88101		0.7573
870		10202.21		0.94888		0.94434		0.87565		0.85714		0.90155		0.87879		0.75231
871		10203.79		0.94862		0.94413		0.87565		0.85714		0.90155		0.87879		0.75231
872		10205.13		0.94836		0.94375		0.87565		0.85714		0.90155		0.87879		0.75231
873		10206.44		0.94843		0.94376		0.87565		0.85714		0.90155		0.87879		0.75231
874		10207.72		0.94851		0.94393		0.87565		0.85714		0.90155		0.87879		0.75231
875		10209.31		0.94856		0.9438		0.87565		0.8607		0.89637		0.87817		0.75194
876		10210.71		0.94852		0.94378		0.87306		0.86		0.89119		0.87532		0.74661
877		10212.0		0.94888		0.94395		0.87306		0.86		0.89119		0.87532		0.74661
878		10213.27		0.94918		0.94422		0.87306		0.86		0.89119		0.87532		0.74661
879		10214.62		0.94921		0.94437		0.87565		0.8607		0.89637		0.87817		0.75194
880		10216.1		0.94883		0.94197		0.87824		0.865		0.89637		0.88041		0.75697
881		10217.48		0.94894		0.94218		0.87565		0.8607		0.89637		0.87817		0.75194
882		10218.85		0.94891		0.94246		0.87565		0.8607		0.89637		0.87817		0.75194
883		10220.53		0.94867		0.94212		0.87565		0.8607		0.89637		0.87817		0.75194
884		10222.42		0.94863		0.94203		0.87824		0.86139		0.90155		0.88101		0.7573
885		10223.58		0.94864		0.94215		0.87824		0.86139		0.90155		0.88101		0.7573
886		10224.7		0.94874		0.94227		0.87824		0.86139		0.90155		0.88101		0.7573
887		10225.79		0.94817		0.94152		0.87824		0.86139		0.90155		0.88101		0.7573
888		10226.98		0.94828		0.94177		0.87824		0.86139		0.90155		0.88101		0.7573
889		10228.25		0.94874		0.94446		0.87824		0.86139		0.90155		0.88101		0.7573
890		10229.36		0.94883		0.94462		0.87824		0.86139		0.90155		0.88101		0.7573
891		10230.56		0.94897		0.94499		0.87824		0.86139		0.90155		0.88101		0.7573
892		10231.9		0.94888		0.94483		0.87824		0.865		0.89637		0.88041		0.75697
893		10233.74		0.94907		0.94519		0.87824		0.865		0.89637		0.88041		0.75697
894		10235.28		0.94895		0.94519		0.87824		0.865		0.89637		0.88041		0.75697
895		10236.53		0.94921		0.94533		0.87565		0.8607		0.89637		0.87817		0.75194
896		10237.76		0.94894		0.94287		0.87565		0.8607		0.89637		0.87817		0.75194
897		10239.27		0.94911		0.94296		0.87565		0.8607		0.89637		0.87817		0.75194
898		10241.16		0.94888		0.94282		0.87565		0.8607		0.89637		0.87817		0.75194
899		10242.38		0.94907		0.94315		0.87565		0.8607		0.89637		0.87817		0.75194
900		10243.62		0.94898		0.94304		0.87824		0.86139		0.90155		0.88101		0.7573
901		10244.86		0.94906		0.94307		0.87565		0.85714		0.90155		0.87879		0.75231
902		10246.39		0.94876		0.94272		0.87565		0.85714		0.90155		0.87879		0.75231
903		10248.44		0.94875		0.94256		0.87565		0.85714		0.90155		0.87879		0.75231
904		10250.27		0.94884		0.94283		0.87565		0.85714		0.90155		0.87879		0.75231
905		10251.46		0.94899		0.94301		0.87824		0.86139		0.90155		0.88101		0.7573
906		10252.68		0.9493		0.94328		0.87824		0.86139		0.90155		0.88101		0.7573
907		10254.47		0.94933		0.94335		0.88083		0.86567		0.90155		0.88325		0.76231
908		10256.19		0.94945		0.94363		0.88083		0.86567		0.90155		0.88325		0.76231
909		10257.56		0.94901		0.94305		0.87824		0.865		0.89637		0.88041		0.75697
910		10258.87		0.94868		0.94263		0.87824		0.865		0.89637		0.88041		0.75697
911		10260.19		0.94848		0.94232		0.87824		0.865		0.89637		0.88041		0.75697
912		10261.49		0.94847		0.94225		0.87565		0.8607		0.89637		0.87817		0.75194
913		10262.94		0.94819		0.94185		0.87306		0.85644		0.89637		0.87595		0.74693
914		10265.07		0.94796		0.94164		0.87306		0.85644		0.89637		0.87595		0.74693
915		10266.57		0.94808		0.94168		0.87565		0.8607		0.89637		0.87817		0.75194
916		10268.11		0.94839		0.94196		0.87824		0.865		0.89637		0.88041		0.75697
917		10269.24		0.94872		0.94239		0.87824		0.865		0.89637		0.88041		0.75697
918		10270.5		0.94866		0.94249		0.87824		0.865		0.89637		0.88041		0.75697
919		10271.77		0.94876		0.94275		0.88083		0.86567		0.90155		0.88325		0.76231
920		10273.25		0.9489		0.94282		0.88083		0.86567		0.90155		0.88325		0.76231
921		10274.46		0.94917		0.94299		0.88342		0.86634		0.90674		0.88608		0.76767
922		10276.13		0.94953		0.94345		0.88342		0.86634		0.90674		0.88608		0.76767
923		10277.63		0.94935		0.94333		0.87824		0.865		0.89637		0.88041		0.75697
924		10278.99		0.94929		0.9433		0.87824		0.865		0.89637		0.88041		0.75697
925		10280.45		0.94907		0.94298		0.87824		0.865		0.89637		0.88041		0.75697
926		10282.42		0.94917		0.94326		0.87565		0.8607		0.89637		0.87817		0.75194
927		10283.79		0.94864		0.94254		0.87565		0.8607		0.89637		0.87817		0.75194
928		10285.23		0.9485		0.94242		0.87565		0.8607		0.89637		0.87817		0.75194
929		10286.91		0.94863		0.94278		0.87824		0.865		0.89637		0.88041		0.75697
930		10288.38		0.94917		0.9436		0.87824		0.865		0.89637		0.88041		0.75697
931		10290.1		0.9489		0.94343		0.87824		0.865		0.89637		0.88041		0.75697
932		10291.74		0.9484		0.94262		0.88083		0.86567		0.90155		0.88325		0.76231
933		10293.45		0.94821		0.94229		0.87565		0.85714		0.90155		0.87879		0.75231
934		10295.19		0.94823		0.94234		0.87824		0.86139		0.90155		0.88101		0.7573
935		10296.36		0.94848		0.9425		0.88083		0.86207		0.90674		0.88384		0.76268
936		10297.71		0.94871		0.94275		0.88083		0.86567		0.90155		0.88325		0.76231
937		10298.87		0.94829		0.94239		0.87824		0.865		0.89637		0.88041		0.75697
938		10300.06		0.94871		0.94287		0.88083		0.86935		0.89637		0.88265		0.76203
939		10301.22		0.94875		0.9428		0.88342		0.87374		0.89637		0.88491		0.7671
940		10302.34		0.94907		0.94291		0.88342		0.87374		0.89637		0.88491		0.7671
941		10303.6		0.94929		0.94315		0.88342		0.87374		0.89637		0.88491		0.7671
942		10304.84		0.9488		0.94248		0.88083		0.8731		0.89119		0.88205		0.76182
943		10306.77		0.94847		0.94212		0.88083		0.8731		0.89119		0.88205		0.76182
944		10307.96		0.94829		0.94202		0.88083		0.8731		0.89119		0.88205		0.76182
945		10309.42		0.94808		0.94189		0.87565		0.86432		0.89119		0.87755		0.75166
946		10311.46		0.94782		0.94167		0.87047		0.85222		0.89637		0.87374		0.74193
947		10313.17		0.94769		0.94157		0.87047		0.85572		0.89119		0.8731		0.74157
948		10314.64		0.94774		0.94155		0.87306		0.86		0.89119		0.87532		0.74661
949		10316.55		0.94768		0.94163		0.87824		0.865		0.89637		0.88041		0.75697
950		10317.93		0.94756		0.94179		0.87824		0.865		0.89637		0.88041		0.75697
951		10319.88		0.94769		0.94197		0.87824		0.865		0.89637		0.88041		0.75697
952		10321.25		0.94757		0.9419		0.88083		0.86567		0.90155		0.88325		0.76231
953		10322.37		0.9475		0.94178		0.88342		0.87		0.90155		0.8855		0.76734
954		10323.72		0.94752		0.94157		0.88342		0.87		0.90155		0.8855		0.76734
955		10324.86		0.94719		0.94106		0.88083		0.86567		0.90155		0.88325		0.76231
956		10326.08		0.94745		0.94133		0.87824		0.865		0.89637		0.88041		0.75697
957		10327.38		0.94731		0.94117		0.87824		0.865		0.89637		0.88041		0.75697
958		10328.54		0.94756		0.94149		0.87824		0.865		0.89637		0.88041		0.75697
959		10329.78		0.94778		0.94178		0.87824		0.865		0.89637		0.88041		0.75697
960		10331.08		0.94804		0.94205		0.87565		0.8607		0.89637		0.87817		0.75194
961		10332.77		0.94811		0.94207		0.87306		0.85644		0.89637		0.87595		0.74693
962		10334.05		0.94825		0.94213		0.87565		0.8607		0.89637		0.87817		0.75194
963		10335.79		0.94833		0.94232		0.87824		0.86139		0.90155		0.88101		0.7573
964		10337.21		0.94855		0.94256		0.88342		0.87		0.90155		0.8855		0.76734
965		10338.69		0.94854		0.94263		0.88342		0.87		0.90155		0.8855		0.76734
966		10340.32		0.94864		0.94279		0.88083		0.86935		0.89637		0.88265		0.76203
967		10342.37		0.94864		0.94276		0.88083		0.86935		0.89637		0.88265		0.76203
968		10343.99		0.94841		0.94254		0.88083		0.86935		0.89637		0.88265		0.76203
969		10345.45		0.94824		0.94227		0.87824		0.865		0.89637		0.88041		0.75697
970		10347.06		0.94825		0.94226		0.87824		0.865		0.89637		0.88041		0.75697
971		10348.59		0.94816		0.94214		0.88083		0.86567		0.90155		0.88325		0.76231
972		10350.6		0.94823		0.9421		0.87565		0.86432		0.89119		0.87755		0.75166
973		10351.81		0.94811		0.942		0.87824		0.86869		0.89119		0.8798		0.75673
974		10352.93		0.94805		0.94202		0.87824		0.86869		0.89119		0.8798		0.75673
975		10354.05		0.94807		0.9419		0.88083		0.86935		0.89637		0.88265		0.76203
976		10355.21		0.94821		0.94199		0.88083		0.86567		0.90155		0.88325		0.76231
977		10356.46		0.948		0.94161		0.87824		0.86139		0.90155		0.88101		0.7573
978		10357.6		0.94781		0.94135		0.87047		0.84878		0.90155		0.87437		0.74237
979		10358.74		0.94792		0.94135		0.87047		0.84878		0.90155		0.87437		0.74237
980		10360.33		0.94801		0.94149		0.87306		0.85294		0.90155		0.87657		0.74733
981		10361.75		0.94819		0.94178		0.87306		0.85294		0.90155		0.87657		0.74733
982		10363.6		0.94812		0.94184		0.87565		0.85714		0.90155		0.87879		0.75231
983		10364.95		0.94812		0.94182		0.87306		0.85644		0.89637		0.87595		0.74693
984		10366.7		0.94851		0.94222		0.87306		0.85644		0.89637		0.87595		0.74693
985		10368.31		0.94862		0.94254		0.87306		0.85644		0.89637		0.87595		0.74693
986		10369.64		0.94882		0.94265		0.87565		0.8607		0.89637		0.87817		0.75194
987		10370.89		0.94884		0.94265		0.87565		0.8607		0.89637		0.87817		0.75194
988		10372.08		0.94897		0.94289		0.87565		0.8607		0.89637		0.87817		0.75194
989		10373.7		0.94899		0.9428		0.87565		0.8607		0.89637		0.87817		0.75194
990		10375.42		0.94874		0.94229		0.87565		0.8607		0.89637		0.87817		0.75194
991		10377.38		0.94844		0.94182		0.87565		0.8607		0.89637		0.87817		0.75194
992		10378.87		0.94841		0.94182		0.87047		0.85572		0.89119		0.8731		0.74157
993		10380.87		0.94868		0.94203		0.87047		0.85572		0.89119		0.8731		0.74157
994		10382.43		0.94888		0.94234		0.87306		0.86		0.89119		0.87532		0.74661
995		10383.6		0.94913		0.94286		0.87306		0.86		0.89119		0.87532		0.74661
996		10384.85		0.94937		0.94291		0.87306		0.86		0.89119		0.87532		0.74661
997		10386.16		0.94958		0.94317		0.87306		0.86		0.89119		0.87532		0.74661
998		10387.6		0.95005		0.9435		0.87306		0.86		0.89119		0.87532		0.74661
999		10389.09		0.95021		0.94373		0.87565		0.86432		0.89119		0.87755		0.75166
1000		10390.58		0.95015		0.94378		0.87565		0.86432		0.89119		0.87755		0.75166
fold: 7
Epoch		Time		AUC		AUPR		Accuracy		Precision		Recall		F1-score		Mcc
1		10393.57		0.84268		0.83364		0.70984		0.84034		0.51813		0.64103		0.45442
AUC improved at epoch  1 ;	best_auc: 0.8426803404118232
2		10394.96		0.84392		0.82469		0.76425		0.77419		0.74611		0.75989		0.52885
AUC improved at epoch  2 ;	best_auc: 0.8439152728932321
3		10396.15		0.84233		0.8194		0.76166		0.78531		0.72021		0.75135		0.52512
4		10397.33		0.8379		0.81539		0.74352		0.80128		0.64767		0.71633		0.49625
5		10398.68		0.83626		0.81895		0.74611		0.81046		0.64249		0.71676		0.50315
6		10399.94		0.83648		0.81948		0.75389		0.78488		0.69948		0.73973		0.5108
7		10401.09		0.83597		0.822		0.76425		0.78022		0.73575		0.75733		0.52936
8		10402.23		0.83661		0.82562		0.75648		0.77966		0.71503		0.74595		0.51473
9		10403.55		0.83847		0.82723		0.7487		0.77907		0.6943		0.73425		0.50038
10		10404.78		0.84225		0.83523		0.75648		0.77348		0.72539		0.74866		0.51395
11		10406.18		0.8463		0.83712		0.76425		0.77717		0.74093		0.75862		0.52907
AUC improved at epoch  11 ;	best_auc: 0.8463045987811754
12		10407.58		0.85186		0.84156		0.76425		0.78652		0.72539		0.75472		0.5301
AUC improved at epoch  12 ;	best_auc: 0.8518617949475153
13		10409.11		0.85777		0.84221		0.7772		0.79888		0.74093		0.76882		0.55587
AUC improved at epoch  13 ;	best_auc: 0.8577679937716449
14		10410.58		0.86375		0.84699		0.76684		0.76684		0.76684		0.76684		0.53368
AUC improved at epoch  14 ;	best_auc: 0.8637547316706489
15		10411.92		0.86048		0.84723		0.76684		0.7754		0.7513		0.76316		0.53394
16		10413.53		0.85836		0.84196		0.76943		0.73636		0.83938		0.7845		0.54421
17		10414.87		0.85726		0.84037		0.75648		0.75648		0.75648		0.75648		0.51295
18		10416.33		0.8619		0.84712		0.76943		0.77957		0.7513		0.76517		0.53921
19		10417.58		0.86625		0.84828		0.78238		0.75829		0.82902		0.79208		0.56724
AUC improved at epoch  19 ;	best_auc: 0.8662514429917582
20		10419.06		0.86724		0.84937		0.78238		0.75349		0.83938		0.79412		0.56847
AUC improved at epoch  20 ;	best_auc: 0.8672447582485435
21		10420.52		0.86679		0.84961		0.7772		0.77436		0.78238		0.77835		0.55443
22		10421.76		0.86636		0.84893		0.77979		0.78421		0.77202		0.77807		0.55965
23		10423.22		0.86832		0.85057		0.77979		0.76471		0.80829		0.78589		0.5605
AUC improved at epoch  23 ;	best_auc: 0.8683186125802034
24		10424.61		0.8692		0.85114		0.78756		0.76056		0.83938		0.79803		0.57824
AUC improved at epoch  24 ;	best_auc: 0.8692045424038229
25		10425.88		0.86837		0.84996		0.78756		0.78173		0.79793		0.78974		0.57525
26		10427.17		0.86912		0.85069		0.79016		0.78283		0.80311		0.79284		0.58051
27		10428.83		0.86915		0.85032		0.78756		0.76555		0.82902		0.79602		0.57712
28		10430.1		0.86988		0.85096		0.79016		0.76923		0.82902		0.798		0.58207
AUC improved at epoch  28 ;	best_auc: 0.8698757013611105
29		10431.47		0.86923		0.85085		0.79275		0.78109		0.81347		0.79695		0.586
30		10432.72		0.86988		0.85145		0.78756		0.77073		0.81865		0.79397		0.57624
31		10434.1		0.87111		0.85645		0.79016		0.76923		0.82902		0.798		0.58207
AUC improved at epoch  31 ;	best_auc: 0.8711106338425192
32		10435.66		0.87146		0.86078		0.79275		0.77561		0.82383		0.79899		0.58663
AUC improved at epoch  32 ;	best_auc: 0.8714596365003087
33		10436.96		0.87194		0.86178		0.79275		0.77833		0.81865		0.79798		0.58628
AUC improved at epoch  33 ;	best_auc: 0.8719428709495557
34		10438.35		0.87299		0.86325		0.79275		0.77833		0.81865		0.79798		0.58628
AUC improved at epoch  34 ;	best_auc: 0.8729898789229241
35		10439.75		0.87479		0.86668		0.79275		0.77033		0.8342		0.801		0.58751
AUC improved at epoch  35 ;	best_auc: 0.8747885849284545
36		10441.31		0.87632		0.869		0.79016		0.77451		0.81865		0.79597		0.58126
AUC improved at epoch  36 ;	best_auc: 0.8763188273510697
37		10442.7		0.87718		0.87146		0.79275		0.78974		0.79793		0.79381		0.58552
AUC improved at epoch  37 ;	best_auc: 0.8771779108163977
38		10444.02		0.87994		0.87518		0.79793		0.78607		0.81865		0.80203		0.59637
AUC improved at epoch  38 ;	best_auc: 0.8799430857204221
39		10445.38		0.88131		0.87931		0.79793		0.77512		0.83938		0.80597		0.59791
AUC improved at epoch  39 ;	best_auc: 0.8813122499932885
40		10446.98		0.88169		0.88026		0.79793		0.79487		0.80311		0.79897		0.59589
AUC improved at epoch  40 ;	best_auc: 0.8816880990093693
41		10448.75		0.88346		0.88297		0.79534		0.785		0.81347		0.79898		0.59106
AUC improved at epoch  41 ;	best_auc: 0.8834599586566082
42		10450.08		0.88472		0.88372		0.78497		0.7619		0.82902		0.79404		0.57217
AUC improved at epoch  42 ;	best_auc: 0.8847217374963086
43		10451.26		0.88443		0.88443		0.79275		0.79275		0.79275		0.79275		0.58549
44		10452.39		0.88676		0.88743		0.78238		0.75829		0.82902		0.79208		0.56724
AUC improved at epoch  44 ;	best_auc: 0.8867620607264625
45		10453.74		0.88904		0.89201		0.79534		0.77941		0.82383		0.80101		0.59164
AUC improved at epoch  45 ;	best_auc: 0.8890440011812397
46		10455.26		0.88853		0.89204		0.80052		0.80208		0.79793		0.8		0.60104
47		10456.94		0.89122		0.89534		0.79534		0.77941		0.82383		0.80101		0.59164
AUC improved at epoch  47 ;	best_auc: 0.8912185562028511
48		10458.2		0.89116		0.89631		0.80052		0.78431		0.82902		0.80605		0.60201
49		10459.44		0.89095		0.8967		0.81347		0.82703		0.79275		0.80952		0.62748
50		10460.65		0.89237		0.89785		0.80311		0.79695		0.81347		0.80513		0.60635
AUC improved at epoch  50 ;	best_auc: 0.8923729496093855
51		10461.84		0.89334		0.89881		0.80311		0.78537		0.8342		0.80905		0.60739
AUC improved at epoch  51 ;	best_auc: 0.8933394185078793
52		10463.04		0.892		0.89928		0.80829		0.81818		0.79275		0.80526		0.61688
53		10464.5		0.89063		0.89843		0.79534		0.78788		0.80829		0.79795		0.59087
54		10465.94		0.895		0.90283		0.81088		0.80612		0.81865		0.81234		0.62184
AUC improved at epoch  54 ;	best_auc: 0.8950038927219522
55		10467.67		0.89543		0.90226		0.8057		0.81383		0.79275		0.80315		0.6116
AUC improved at epoch  55 ;	best_auc: 0.8954334344546162
56		10469.41		0.89812		0.90554		0.80829		0.7931		0.8342		0.81313		0.61741
AUC improved at epoch  56 ;	best_auc: 0.8981180702837661
57		10471.08		0.89772		0.90596		0.81347		0.8306		0.78756		0.80851		0.62779
58		10472.64		0.89965		0.90819		0.81347		0.801		0.8342		0.81726		0.62748
AUC improved at epoch  58 ;	best_auc: 0.8996483127063815
59		10473.8		0.90161		0.91008		0.80829		0.7931		0.8342		0.81313		0.61741
AUC improved at epoch  59 ;	best_auc: 0.9016080968616607
60		10475.3		0.90161		0.91051		0.81606		0.83516		0.78756		0.81067		0.63315
AUC improved at epoch  60 ;	best_auc: 0.9016080968616608
61		10476.88		0.90027		0.90988		0.80311		0.76712		0.87047		0.81553		0.61179
62		10478.8		0.90354		0.91297		0.81088		0.83333		0.7772		0.80429		0.62318
AUC improved at epoch  62 ;	best_auc: 0.9035410346586485
63		10480.16		0.90564		0.91444		0.8057		0.78922		0.8342		0.81108		0.61239
AUC improved at epoch  63 ;	best_auc: 0.9056350506053854
64		10481.64		0.90427		0.91396		0.80829		0.79602		0.82902		0.81218		0.61711
65		10482.97		0.90593		0.91612		0.82642		0.85795		0.78238		0.81843		0.6554
AUC improved at epoch  65 ;	best_auc: 0.9059303605465919
66		10484.54		0.90827		0.91768		0.8057		0.7757		0.8601		0.81572		0.61505
AUC improved at epoch  66 ;	best_auc: 0.9082659937179522
67		10486.2		0.90851		0.91901		0.82383		0.84916		0.78756		0.8172		0.64938
AUC improved at epoch  67 ;	best_auc: 0.9085076109425757
68		10487.84		0.91028		0.92126		0.82124		0.81		0.83938		0.82443		0.64291
AUC improved at epoch  68 ;	best_auc: 0.9102794705898145
69		10490.1		0.91028		0.92099		0.81606		0.79327		0.85492		0.82294		0.63404
70		10491.47		0.91398		0.92571		0.83679		0.88235		0.7772		0.82645		0.67841
AUC improved at epoch  70 ;	best_auc: 0.9139842680340411
71		10492.81		0.91769		0.92919		0.80829		0.78744		0.84456		0.815		0.61821
AUC improved at epoch  71 ;	best_auc: 0.9176890654782679
72		10493.98		0.91823		0.93006		0.81865		0.80296		0.84456		0.82323		0.63816
AUC improved at epoch  72 ;	best_auc: 0.9182259926440979
73		10495.24		0.9211		0.93392		0.84197		0.90244		0.76684		0.82913		0.69179
AUC improved at epoch  73 ;	best_auc: 0.9210985529812881
74		10496.92		0.92376		0.93536		0.81865		0.80296		0.84456		0.82323		0.63816
AUC improved at epoch  74 ;	best_auc: 0.9237563424521462
75		10498.42		0.92488		0.93652		0.82124		0.81633		0.82902		0.82262		0.64256
AUC improved at epoch  75 ;	best_auc: 0.9248838895003892
76		10499.86		0.92292		0.93409		0.84715		0.87222		0.81347		0.84182		0.69588
77		10501.78		0.92556		0.93586		0.84974		0.86096		0.8342		0.84737		0.69982
AUC improved at epoch  77 ;	best_auc: 0.9255550484576767
78		10503.09		0.92915		0.93964		0.84456		0.84817		0.83938		0.84375		0.68916
AUC improved at epoch  78 ;	best_auc: 0.9291524604687375
79		10504.58		0.93133		0.94252		0.84974		0.85714		0.83938		0.84817		0.69963
AUC improved at epoch  79 ;	best_auc: 0.9313270154903488
80		10505.79		0.93441		0.9455		0.87306		0.9		0.83938		0.86863		0.74781
AUC improved at epoch  80 ;	best_auc: 0.934414346693871
81		10506.98		0.93509		0.94495		0.85751		0.85938		0.85492		0.85714		0.71504
AUC improved at epoch  81 ;	best_auc: 0.9350855056511584
82		10508.31		0.9375		0.94786		0.8601		0.87568		0.83938		0.85714		0.72083
AUC improved at epoch  82 ;	best_auc: 0.9375016778973931
83		10509.69		0.93713		0.94685		0.85492		0.8408		0.87565		0.85787		0.71046
84		10511.08		0.93656		0.94701		0.86269		0.89773		0.81865		0.85637		0.72822
85		10512.38		0.93323		0.94266		0.83938		0.81643		0.87565		0.845		0.68055
86		10514.58		0.93608		0.94644		0.84974		0.91411		0.77202		0.83708		0.70809
87		10515.96		0.94027		0.94855		0.84715		0.81604		0.89637		0.85432		0.69769
AUC improved at epoch  87 ;	best_auc: 0.9402668528014174
88		10517.67		0.94096		0.95001		0.86788		0.86598		0.87047		0.86822		0.73576
AUC improved at epoch  88 ;	best_auc: 0.9409648581169964
89		10519.41		0.94016		0.95046		0.87047		0.92814		0.80311		0.86111		0.74775
90		10521.08		0.93938		0.94866		0.85492		0.83092		0.89119		0.86		0.71172
91		10522.81		0.93957		0.94892		0.86788		0.88172		0.84974		0.86544		0.73624
92		10524.2		0.94153		0.95101		0.87565		0.90503		0.83938		0.87097		0.75328
AUC improved at epoch  92 ;	best_auc: 0.9415286316411179
93		10525.49		0.93823		0.94758		0.83938		0.82915		0.85492		0.84184		0.67908
94		10526.63		0.94333		0.95335		0.86269		0.88889		0.82902		0.85791		0.72704
AUC improved at epoch  94 ;	best_auc: 0.9433273376466482
95		10528.26		0.94233		0.9517		0.86528		0.87701		0.84974		0.86316		0.73092
96		10530.0		0.93807		0.94689		0.85751		0.84158		0.88083		0.86076		0.7158
97		10531.33		0.93804		0.94737		0.8601		0.87166		0.84456		0.85789		0.72056
98		10532.68		0.94338		0.95272		0.86528		0.86528		0.86528		0.86528		0.73057
AUC improved at epoch  98 ;	best_auc: 0.9433810303632313
99		10534.05		0.94343		0.95318		0.86269		0.86842		0.85492		0.86162		0.72548
AUC improved at epoch  99 ;	best_auc: 0.9434347230798141
100		10535.46		0.94263		0.95213		0.87047		0.87831		0.8601		0.86911		0.74109
101		10536.83		0.94166		0.95107		0.86269		0.88043		0.83938		0.85942		0.72618
102		10538.31		0.9418		0.95086		0.86788		0.86598		0.87047		0.86822		0.73576
103		10539.69		0.94215		0.95128		0.85751		0.845		0.87565		0.86005		0.7155
104		10541.7		0.94365		0.95392		0.87824		0.93452		0.81347		0.86981		0.7629
AUC improved at epoch  104 ;	best_auc: 0.9436494939461463
105		10542.91		0.94078		0.94968		0.85751		0.82243		0.91192		0.86486		0.7193
106		10544.72		0.94564		0.9541		0.87047		0.89944		0.8342		0.86559		0.74289
AUC improved at epoch  106 ;	best_auc: 0.945636124459717
107		10546.02		0.94698		0.95396		0.86269		0.84653		0.88601		0.86582		0.72618
AUC improved at epoch  107 ;	best_auc: 0.9469784423742919
108		10547.48		0.94303		0.951		0.87047		0.87435		0.86528		0.86979		0.74097
109		10549.3		0.93817		0.94732		0.87306		0.8871		0.85492		0.87071		0.74661
110		10550.9		0.94295		0.95167		0.86528		0.87302		0.85492		0.86387		0.73073
111		10552.42		0.94585		0.95395		0.8601		0.84925		0.87565		0.86224		0.72056
112		10553.93		0.94572		0.95452		0.87306		0.8871		0.85492		0.87071		0.74661
113		10555.25		0.94341		0.9522		0.85751		0.86702		0.84456		0.85564		0.71527
114		10556.55		0.94139		0.94972		0.85751		0.84158		0.88083		0.86076		0.7158
115		10557.93		0.9444		0.95317		0.8886		0.94118		0.82902		0.88154		0.78278
116		10559.22		0.94725		0.9541		0.84974		0.81395		0.90674		0.85784		0.70407
AUC improved at epoch  116 ;	best_auc: 0.947246905957207
117		10560.7		0.95025		0.95796		0.88601		0.93064		0.8342		0.87978		0.7762
AUC improved at epoch  117 ;	best_auc: 0.9502536980858546
118		10562.21		0.95004		0.95698		0.88601		0.8984		0.87047		0.88421		0.77239
119		10563.81		0.94768		0.95401		0.87565		0.8607		0.89637		0.87817		0.75194
120		10565.06		0.94711		0.9532		0.87565		0.8836		0.86528		0.87435		0.75146
121		10566.46		0.94939		0.95552		0.88083		0.88889		0.87047		0.87958		0.76182
122		10567.87		0.95119		0.95755		0.88083		0.88482		0.87565		0.88021		0.7617
AUC improved at epoch  122 ;	best_auc: 0.951193320626057
123		10569.32		0.95052		0.95745		0.88601		0.89418		0.87565		0.88482		0.77219
124		10570.68		0.94888		0.95596		0.87565		0.8877		0.8601		0.87368		0.75166
125		10572.18		0.94566		0.95336		0.87565		0.87958		0.87047		0.875		0.75134
126		10573.6		0.94692		0.95456		0.87824		0.89247		0.8601		0.87599		0.75697
127		10575.07		0.94832		0.95566		0.86788		0.87368		0.8601		0.86684		0.73584
128		10576.4		0.95012		0.95752		0.88083		0.91525		0.83938		0.87568		0.76429
129		10577.68		0.95058		0.95765		0.87565		0.87565		0.87565		0.87565		0.7513
130		10579.1		0.95157		0.95801		0.88083		0.8731		0.89119		0.88205		0.76182
AUC improved at epoch  130 ;	best_auc: 0.9515691696421381
131		10580.89		0.95165		0.95853		0.87824		0.88421		0.87047		0.87728		0.75657
AUC improved at epoch  131 ;	best_auc: 0.9516497087170126
132		10582.36		0.95313		0.95981		0.89119		0.89119		0.89119		0.89119		0.78238
AUC improved at epoch  132 ;	best_auc: 0.9531262584230449
133		10584.13		0.95189		0.95858		0.88601		0.88205		0.89119		0.8866		0.77206
134		10585.22		0.95356		0.95955		0.90155		0.93785		0.8601		0.8973		0.80588
AUC improved at epoch  134 ;	best_auc: 0.9535558001557088
135		10586.34		0.95353		0.95875		0.88342		0.88542		0.88083		0.88312		0.76685
136		10587.57		0.95329		0.95863		0.87824		0.87245		0.88601		0.87918		0.75657
137		10588.65		0.95321		0.95992		0.90155		0.92818		0.87047		0.8984		0.80467
138		10589.73		0.95141		0.95865		0.8886		0.89062		0.88601		0.88831		0.77721
139		10590.84		0.952		0.95913		0.86788		0.84804		0.89637		0.87154		0.73695
140		10592.1		0.95321		0.96101		0.8886		0.92614		0.84456		0.88347		0.78023
141		10593.27		0.95476		0.96211		0.89378		0.9086		0.87565		0.89182		0.78808
AUC improved at epoch  141 ;	best_auc: 0.9547638862788264
142		10595.07		0.94996		0.95712		0.87306		0.84615		0.91192		0.87781		0.74838
143		10596.52		0.95203		0.95939		0.88601		0.9209		0.84456		0.88108		0.77469
144		10597.8		0.95342		0.96048		0.89119		0.91257		0.86528		0.8883		0.78344
145		10599.12		0.95484		0.96142		0.88601		0.867		0.91192		0.88889		0.77306
AUC improved at epoch  145 ;	best_auc: 0.9548444253537007
146		10600.3		0.95624		0.96306		0.89896		0.89691		0.90155		0.89922		0.79794
AUC improved at epoch  146 ;	best_auc: 0.9562404359848586
147		10601.54		0.95514		0.96215		0.89896		0.91848		0.87565		0.89655		0.7988
148		10603.01		0.95396		0.96113		0.89119		0.90811		0.87047		0.88889		0.78306
149		10604.9		0.95382		0.9607		0.8886		0.8866		0.89119		0.88889		0.77721
150		10606.88		0.95441		0.96117		0.8886		0.87879		0.90155		0.89003		0.77746
151		10608.71		0.95462		0.96175		0.8886		0.89474		0.88083		0.88773		0.7773
152		10610.67		0.95464		0.96168		0.89119		0.90811		0.87047		0.88889		0.78306
153		10612.02		0.95506		0.96164		0.88342		0.87		0.90155		0.8855		0.76734
154		10613.43		0.95584		0.96238		0.88083		0.88083		0.88083		0.88083		0.76166
155		10614.6		0.95662		0.963		0.89637		0.91803		0.87047		0.89362		0.79381
AUC improved at epoch  155 ;	best_auc: 0.9566162850009396
156		10615.78		0.95417		0.96098		0.89637		0.91803		0.87047		0.89362		0.79381
157		10616.97		0.95058		0.95794		0.86788		0.86598		0.87047		0.86822		0.73576
158		10618.32		0.94939		0.95742		0.87565		0.8836		0.86528		0.87435		0.75146
159		10619.64		0.95213		0.96064		0.89637		0.92265		0.86528		0.89305		0.79428
160		10621.32		0.95415		0.96252		0.89637		0.92737		0.8601		0.89247		0.79484
161		10622.88		0.95471		0.96209		0.8886		0.90323		0.87047		0.88654		0.77771
162		10624.33		0.95243		0.95911		0.88083		0.8731		0.89119		0.88205		0.76182
163		10625.71		0.95066		0.95734		0.88342		0.89785		0.86528		0.88127		0.76734
164		10627.19		0.95366		0.96077		0.90155		0.91444		0.88601		0.9		0.8035
165		10628.77		0.9558		0.96279		0.91192		0.92973		0.89119		0.91005		0.82454
166		10630.2		0.95702		0.96433		0.90933		0.93407		0.88083		0.90667		0.81999
AUC improved at epoch  166 ;	best_auc: 0.957018980375312
167		10631.51		0.9556		0.96309		0.90155		0.91892		0.88083		0.89947		0.8038
168		10632.66		0.95576		0.96304		0.89896		0.90957		0.88601		0.89764		0.7982
169		10634.13		0.95564		0.9625		0.89378		0.9		0.88601		0.89295		0.78766
170		10635.5		0.95479		0.96136		0.89119		0.89529		0.88601		0.89062		0.78243
171		10636.89		0.95299		0.95951		0.8886		0.89474		0.88083		0.88773		0.7773
172		10638.58		0.952		0.95852		0.88083		0.88889		0.87047		0.87958		0.76182
173		10639.98		0.95294		0.95976		0.87824		0.88021		0.87565		0.87792		0.75649
174		10641.3		0.9542		0.96116		0.8886		0.8866		0.89119		0.88889		0.77721
175		10642.84		0.95693		0.96363		0.89119		0.89529		0.88601		0.89062		0.78243
176		10644.35		0.95772		0.96445		0.90674		0.91979		0.89119		0.90526		0.81386
AUC improved at epoch  176 ;	best_auc: 0.957716985690891
177		10645.68		0.95707		0.96368		0.90674		0.92432		0.88601		0.90476		0.81417
178		10646.97		0.95701		0.9632		0.89637		0.90476		0.88601		0.89529		0.79292
179		10648.37		0.95535		0.9612		0.8886		0.89062		0.88601		0.88831		0.77721
180		10649.85		0.95478		0.96059		0.8886		0.90323		0.87047		0.88654		0.77771
181		10651.15		0.95635		0.96188		0.8886		0.90323		0.87047		0.88654		0.77771
182		10652.47		0.95866		0.96421		0.89637		0.90476		0.88601		0.89529		0.79292
AUC improved at epoch  182 ;	best_auc: 0.9586566082310933
183		10653.95		0.95899		0.96498		0.89637		0.90052		0.89119		0.89583		0.79279
AUC improved at epoch  183 ;	best_auc: 0.9589921877097373
184		10655.68		0.95804		0.96445		0.90155		0.9235		0.87565		0.89894		0.80419
185		10657.44		0.95705		0.96377		0.90415		0.9382		0.86528		0.90027		0.81074
186		10658.61		0.95535		0.96247		0.89896		0.91848		0.87565		0.89655		0.7988
187		10659.78		0.95339		0.96064		0.88083		0.88482		0.87565		0.88021		0.7617
188		10661.52		0.95329		0.96017		0.88083		0.88083		0.88083		0.88083		0.76166
189		10663.1		0.95486		0.96177		0.8886		0.89062		0.88601		0.88831		0.77721
190		10664.32		0.95729		0.96439		0.89119		0.89529		0.88601		0.89062		0.78243
191		10665.61		0.95868		0.96583		0.90933		0.91579		0.90155		0.90862		0.81875
192		10667.25		0.95852		0.9655		0.90415		0.91489		0.89119		0.90289		0.80856
193		10669.08		0.95799		0.96468		0.90155		0.91444		0.88601		0.9		0.8035
194		10670.35		0.95656		0.96333		0.89119		0.89947		0.88083		0.89005		0.78255
195		10671.53		0.95491		0.96181		0.87565		0.87958		0.87047		0.875		0.75134
196		10673.17		0.95302		0.96018		0.88083		0.87692		0.88601		0.88144		0.7617
197		10674.97		0.9535		0.96058		0.88601		0.89005		0.88083		0.88542		0.77206
198		10676.11		0.95538		0.96244		0.89119		0.90374		0.87565		0.88947		0.78276
199		10677.22		0.95726		0.96424		0.90155		0.91444		0.88601		0.9		0.8035
200		10678.35		0.9582		0.96521		0.90155		0.91005		0.89119		0.90052		0.80328
201		10680.22		0.95952		0.96665		0.91192		0.92973		0.89119		0.91005		0.82454
AUC improved at epoch  201 ;	best_auc: 0.9595156916964214
202		10682.2		0.95973		0.96695		0.90933		0.92935		0.88601		0.90716		0.81954
AUC improved at epoch  202 ;	best_auc: 0.9597304625627534
203		10684.08		0.95863		0.96569		0.90933		0.92935		0.88601		0.90716		0.81954
204		10685.77		0.95702		0.96431		0.89637		0.90476		0.88601		0.89529		0.79292
205		10687.46		0.95501		0.9625		0.8886		0.89474		0.88083		0.88773		0.7773
206		10689.1		0.95546		0.963		0.8886		0.89474		0.88083		0.88773		0.7773
207		10690.49		0.95678		0.96387		0.89119		0.89529		0.88601		0.89062		0.78243
208		10691.9		0.95699		0.96385		0.89896		0.91398		0.88083		0.8971		0.79845
209		10693.11		0.95615		0.96303		0.90155		0.91892		0.88083		0.89947		0.8038
210		10694.45		0.95643		0.96292		0.90415		0.92391		0.88083		0.90186		0.80917
211		10696.4		0.95678		0.96325		0.90415		0.92391		0.88083		0.90186		0.80917
212		10697.57		0.95625		0.96286		0.89119		0.90374		0.87565		0.88947		0.78276
213		10698.67		0.95505		0.96169		0.88083		0.89305		0.86528		0.87895		0.76203
214		10699.92		0.95401		0.96091		0.88601		0.89418		0.87565		0.88482		0.77219
215		10701.13		0.95525		0.96214		0.88601		0.89005		0.88083		0.88542		0.77206
216		10702.35		0.95725		0.96403		0.88601		0.88601		0.88601		0.88601		0.77202
217		10703.63		0.95803		0.96481		0.89119		0.89119		0.89119		0.89119		0.78238
218		10705.0		0.95898		0.96563		0.90155		0.91005		0.89119		0.90052		0.80328
219		10706.76		0.95914		0.96578		0.89896		0.91398		0.88083		0.8971		0.79845
220		10708.43		0.95825		0.96468		0.90155		0.91444		0.88601		0.9		0.8035
221		10709.63		0.95646		0.96303		0.89378		0.89583		0.89119		0.89351		0.78758
222		10710.95		0.9546		0.96103		0.88083		0.88083		0.88083		0.88083		0.76166
223		10712.96		0.9537		0.96001		0.87824		0.87245		0.88601		0.87918		0.75657
224		10714.62		0.95517		0.96122		0.88083		0.88482		0.87565		0.88021		0.7617
225		10716.53		0.95592		0.96195		0.88342		0.88947		0.87565		0.88251		0.76693
226		10717.71		0.95668		0.96286		0.88083		0.88482		0.87565		0.88021		0.7617
227		10718.84		0.95756		0.96381		0.89119		0.89529		0.88601		0.89062		0.78243
228		10720.48		0.9586		0.96471		0.89637		0.90476		0.88601		0.89529		0.79292
229		10721.92		0.95913		0.96533		0.90415		0.91489		0.89119		0.90289		0.80856
230		10723.02		0.95935		0.96562		0.90415		0.91489		0.89119		0.90289		0.80856
231		10724.31		0.95891		0.96536		0.90933		0.92021		0.89637		0.90814		0.81893
232		10725.41		0.9578		0.96439		0.89896		0.90957		0.88601		0.89764		0.7982
233		10726.66		0.95699		0.96353		0.89637		0.90909		0.88083		0.89474		0.79313
234		10727.76		0.9565		0.96314		0.8886		0.89474		0.88083		0.88773		0.7773
235		10729.0		0.9565		0.96346		0.88601		0.89005		0.88083		0.88542		0.77206
236		10730.18		0.95693		0.96399		0.8886		0.8866		0.89119		0.88889		0.77721
237		10731.93		0.95637		0.96385		0.8886		0.89062		0.88601		0.88831		0.77721
238		10733.37		0.95552		0.96323		0.8886		0.90323		0.87047		0.88654		0.77771
239		10734.76		0.9549		0.96253		0.89378		0.91758		0.86528		0.89067		0.78885
240		10736.19		0.95364		0.96111		0.8886		0.90323		0.87047		0.88654		0.77771
241		10737.5		0.95408		0.96137		0.88342		0.88947		0.87565		0.88251		0.76693
242		10739.36		0.95603		0.96295		0.89896		0.91398		0.88083		0.8971		0.79845
243		10740.9		0.95748		0.96426		0.90415		0.92391		0.88083		0.90186		0.80917
244		10742.1		0.95879		0.96528		0.90415		0.91935		0.88601		0.90237		0.80882
245		10743.89		0.95926		0.9657		0.90674		0.92896		0.88083		0.90426		0.81457
246		10745.93		0.95944		0.96572		0.90674		0.92432		0.88601		0.90476		0.81417
247		10747.49		0.95855		0.96502		0.90674		0.92896		0.88083		0.90426		0.81457
248		10748.6		0.95819		0.96478		0.89637		0.91803		0.87047		0.89362		0.79381
249		10750.37		0.95737		0.96422		0.89378		0.89583		0.89119		0.89351		0.78758
250		10751.96		0.95697		0.96404		0.89119		0.89529		0.88601		0.89062		0.78243
251		10753.09		0.95823		0.96509		0.89378		0.89583		0.89119		0.89351		0.78758
252		10754.17		0.95933		0.96591		0.90674		0.90256		0.91192		0.90722		0.81352
253		10755.38		0.95933		0.96572		0.90415		0.91489		0.89119		0.90289		0.80856
254		10756.58		0.95879		0.96512		0.89637		0.91351		0.87565		0.89418		0.79343
255		10758.42		0.95796		0.96422		0.89637		0.91351		0.87565		0.89418		0.79343
256		10760.14		0.95616		0.96247		0.89378		0.90426		0.88083		0.89239		0.78783
257		10761.28		0.95619		0.96281		0.89896		0.90526		0.89119		0.89817		0.79802
258		10762.4		0.95624		0.96331		0.89119		0.90811		0.87047		0.88889		0.78306
259		10763.75		0.9564		0.96394		0.89119		0.91257		0.86528		0.8883		0.78344
260		10765.43		0.95667		0.96449		0.89896		0.92778		0.86528		0.89544		0.79974
261		10766.84		0.95731		0.96528		0.89637		0.91351		0.87565		0.89418		0.79343
262		10767.96		0.95702		0.96495		0.89119		0.89119		0.89119		0.89119		0.78238
263		10769.3		0.95651		0.96398		0.87824		0.86869		0.89119		0.8798		0.75673
264		10770.81		0.95679		0.96413		0.88083		0.86935		0.89637		0.88265		0.76203
265		10772.26		0.95671		0.96393		0.89119		0.89119		0.89119		0.89119		0.78238
266		10773.94		0.95658		0.96373		0.89896		0.90526		0.89119		0.89817		0.79802
267		10775.61		0.9575		0.96443		0.89637		0.90052		0.89119		0.89583		0.79279
268		10777.17		0.95753		0.9644		0.89378		0.89175		0.89637		0.89406		0.78758
269		10778.53		0.95867		0.9653		0.89896		0.89286		0.90674		0.89974		0.79802
270		10779.72		0.95957		0.96608		0.89896		0.89691		0.90155		0.89922		0.79794
271		10781.03		0.96019		0.96683		0.90674		0.91099		0.90155		0.90625		0.81352
AUC improved at epoch  271 ;	best_auc: 0.9601868506537088
272		10782.14		0.96067		0.9672		0.91192		0.92063		0.90155		0.91099		0.82401
AUC improved at epoch  272 ;	best_auc: 0.9606700851029557
273		10783.23		0.96094		0.96736		0.90933		0.92021		0.89637		0.90814		0.81893
AUC improved at epoch  273 ;	best_auc: 0.9609385486858707
274		10785.67		0.96037		0.96668		0.90415		0.91935		0.88601		0.90237		0.80882
275		10790.57		0.95981		0.96608		0.89896		0.91848		0.87565		0.89655		0.7988
276		10796.1		0.95952		0.96566		0.89378		0.92222		0.8601		0.89008		0.78936
277		10800.5		0.95919		0.96544		0.89637		0.92265		0.86528		0.89305		0.79428
278		10802.11		0.95893		0.96503		0.89637		0.91803		0.87047		0.89362		0.79381
279		10803.76		0.95782		0.96406		0.90155		0.91892		0.88083		0.89947		0.8038
280		10805.03		0.9579		0.96418		0.89119		0.90811		0.87047		0.88889		0.78306
281		10806.19		0.95723		0.96364		0.89119		0.90374		0.87565		0.88947		0.78276
282		10807.29		0.95698		0.96353		0.89637		0.90476		0.88601		0.89529		0.79292
283		10808.62		0.95754		0.96453		0.90933		0.92935		0.88601		0.90716		0.81954
284		10810.32		0.95878		0.9662		0.91451		0.94944		0.87565		0.91105		0.83153
285		10811.55		0.95997		0.96746		0.91192		0.94915		0.87047		0.90811		0.82668
286		10812.7		0.96011		0.96718		0.90415		0.91489		0.89119		0.90289		0.80856
287		10813.78		0.95956		0.96628		0.89637		0.89231		0.90155		0.89691		0.79279
288		10814.91		0.95901		0.96509		0.89378		0.88		0.91192		0.89567		0.78808
289		10816.15		0.95897		0.96518		0.90155		0.90576		0.89637		0.90104		0.80315
290		10817.6		0.95859		0.96494		0.90933		0.93889		0.87565		0.90617		0.82052
291		10819.47		0.95825		0.96485		0.90674		0.93855		0.87047		0.90323		0.81562
292		10821.22		0.95828		0.96465		0.91192		0.93443		0.88601		0.90957		0.82494
293		10822.66		0.95831		0.96436		0.90415		0.90206		0.90674		0.90439		0.8083
294		10824.06		0.9588		0.9647		0.90415		0.89394		0.9171		0.90537		0.80856
295		10825.21		0.95901		0.96506		0.90933		0.92021		0.89637		0.90814		0.81893
296		10826.57		0.95823		0.96454		0.91192		0.93443		0.88601		0.90957		0.82494
297		10828.06		0.95823		0.96475		0.9171		0.94475		0.88601		0.91444		0.83581
298		10830.32		0.95858		0.96522		0.9171		0.94475		0.88601		0.91444		0.83581
299		10831.93		0.95805		0.96468		0.90674		0.92432		0.88601		0.90476		0.81417
300		10833.09		0.95782		0.9643		0.90674		0.91099		0.90155		0.90625		0.81352
301		10835.01		0.95811		0.96474		0.90155		0.8934		0.91192		0.90256		0.80328
302		10836.27		0.95933		0.96631		0.90933		0.91146		0.90674		0.90909		0.81866
303		10837.49		0.96008		0.96692		0.90674		0.91534		0.89637		0.90576		0.81365
304		10838.61		0.9597		0.96678		0.91192		0.92513		0.89637		0.91053		0.82423
305		10839.7		0.96015		0.96704		0.90415		0.92391		0.88083		0.90186		0.80917
306		10840.94		0.95917		0.96605		0.90415		0.92857		0.87565		0.90133		0.80961
307		10842.42		0.95812		0.96439		0.90415		0.91935		0.88601		0.90237		0.80882
308		10844.04		0.95604		0.96239		0.90155		0.90155		0.90155		0.90155		0.80311
309		10845.53		0.95451		0.96073		0.89896		0.90526		0.89119		0.89817		0.79802
310		10847.37		0.95479		0.96097		0.90155		0.91444		0.88601		0.9		0.8035
311		10848.58		0.9559		0.96216		0.90155		0.9235		0.87565		0.89894		0.80419
312		10849.81		0.95707		0.96323		0.90933		0.92935		0.88601		0.90716		0.81954
313		10850.93		0.95697		0.96315		0.89119		0.88718		0.89637		0.89175		0.78243
314		10852.06		0.95631		0.96289		0.89119		0.88325		0.90155		0.89231		0.78255
315		10853.18		0.95552		0.96256		0.8886		0.87879		0.90155		0.89003		0.77746
316		10854.45		0.95505		0.96258		0.89378		0.9		0.88601		0.89295		0.78766
317		10855.57		0.9556		0.96329		0.90415		0.91053		0.89637		0.90339		0.80839
318		10856.98		0.95739		0.96484		0.90674		0.91534		0.89637		0.90576		0.81365
319		10858.44		0.95836		0.96552		0.90933		0.92021		0.89637		0.90814		0.81893
320		10860.13		0.95933		0.96591		0.91969		0.94022		0.89637		0.91777		0.84029
321		10861.72		0.95995		0.96598		0.9171		0.93989		0.89119		0.91489		0.83532
322		10863.44		0.95976		0.96572		0.91451		0.92553		0.90155		0.91339		0.82929
323		10864.77		0.95929		0.96496		0.91192		0.92063		0.90155		0.91099		0.82401
324		10865.97		0.95958		0.96519		0.91192		0.91192		0.91192		0.91192		0.82383
325		10867.28		0.9602		0.96608		0.90415		0.89796		0.91192		0.90488		0.80839
326		10868.56		0.96059		0.96682		0.90415		0.90206		0.90674		0.90439		0.8083
327		10869.92		0.96075		0.9673		0.90415		0.91053		0.89637		0.90339		0.80839
328		10871.57		0.96019		0.96691		0.91969		0.94022		0.89637		0.91777		0.84029
329		10873.35		0.95957		0.96627		0.91192		0.93443		0.88601		0.90957		0.82494
330		10874.77		0.95949		0.966		0.9171		0.94475		0.88601		0.91444		0.83581
331		10875.93		0.95815		0.96479		0.90415		0.91935		0.88601		0.90237		0.80882
332		10877.06		0.95648		0.96316		0.89637		0.91351		0.87565		0.89418		0.79343
333		10878.35		0.95455		0.96147		0.89378		0.90426		0.88083		0.89239		0.78783
334		10879.46		0.95451		0.96135		0.89378		0.90426		0.88083		0.89239		0.78783
335		10881.05		0.95439		0.96134		0.89378		0.90426		0.88083		0.89239		0.78783
336		10882.79		0.95476		0.96158		0.89378		0.90426		0.88083		0.89239		0.78783
337		10884.35		0.95495		0.96201		0.89637		0.91351		0.87565		0.89418		0.79343
338		10886.23		0.95487		0.96185		0.89896		0.91848		0.87565		0.89655		0.7988
339		10887.35		0.95486		0.96187		0.90674		0.9337		0.87565		0.90374		0.81505
340		10888.44		0.95533		0.96246		0.90933		0.93889		0.87565		0.90617		0.82052
341		10889.76		0.95678		0.96389		0.89637		0.90476		0.88601		0.89529		0.79292
342		10891.51		0.95731		0.96437		0.89896		0.90104		0.89637		0.8987		0.79794
343		10892.98		0.95694		0.96391		0.89637		0.89231		0.90155		0.89691		0.79279
344		10894.1		0.95723		0.96401		0.89896		0.90104		0.89637		0.8987		0.79794
345		10895.26		0.95761		0.96428		0.90155		0.90576		0.89637		0.90104		0.80315
346		10896.57		0.95765		0.96372		0.89637		0.90052		0.89119		0.89583		0.79279
347		10898.14		0.95603		0.96207		0.89119		0.89947		0.88083		0.89005		0.78255
348		10899.51		0.95488		0.96102		0.89637		0.90909		0.88083		0.89474		0.79313
349		10901.26		0.95369		0.96013		0.89378		0.9086		0.87565		0.89182		0.78808
350		10902.83		0.95323		0.95995		0.8886		0.91209		0.8601		0.88533		0.77847
351		10904.31		0.95384		0.96066		0.89637		0.90909		0.88083		0.89474		0.79313
352		10905.66		0.95537		0.96182		0.89637		0.90052		0.89119		0.89583		0.79279
353		10906.82		0.95709		0.96329		0.89896		0.90104		0.89637		0.8987		0.79794
354		10908.02		0.95887		0.9652		0.90415		0.91053		0.89637		0.90339		0.80839
355		10909.3		0.95909		0.96582		0.91192		0.92973		0.89119		0.91005		0.82454
356		10910.48		0.95828		0.96518		0.91192		0.92973		0.89119		0.91005		0.82454
357		10911.57		0.95727		0.96434		0.90933		0.92473		0.89119		0.90765		0.81919
358		10912.79		0.95729		0.96434		0.90933		0.91579		0.90155		0.90862		0.81875
359		10914.63		0.95726		0.96414		0.89378		0.88		0.91192		0.89567		0.78808
360		10915.76		0.95695		0.96388		0.89119		0.87192		0.9171		0.89394		0.78344
361		10916.92		0.95714		0.96399		0.90155		0.89744		0.90674		0.90206		0.80315
362		10918.08		0.95603		0.96316		0.90155		0.91444		0.88601		0.9		0.8035
363		10919.92		0.95565		0.96292		0.90155		0.92818		0.87047		0.8984		0.80467
364		10921.43		0.95511		0.96241		0.90415		0.92857		0.87565		0.90133		0.80961
365		10922.99		0.95427		0.96146		0.90415		0.91935		0.88601		0.90237		0.80882
366		10925.46		0.95372		0.96062		0.8886		0.8866		0.89119		0.88889		0.77721
367		10927.17		0.95586		0.96258		0.89119		0.89947		0.88083		0.89005		0.78255
368		10929.06		0.95648		0.96331		0.8886		0.90323		0.87047		0.88654		0.77771
369		10930.48		0.95659		0.96325		0.89119		0.90374		0.87565		0.88947		0.78276
370		10931.76		0.95518		0.96183		0.88342		0.88144		0.88601		0.88372		0.76685
371		10932.92		0.95319		0.95978		0.88601		0.87817		0.89637		0.88718		0.77219
372		10934.33		0.95346		0.95997		0.88342		0.88947		0.87565		0.88251		0.76693
373		10935.58		0.95396		0.96065		0.88601		0.89005		0.88083		0.88542		0.77206
374		10936.7		0.95431		0.96097		0.88083		0.87692		0.88601		0.88144		0.7617
375		10938.22		0.95441		0.96102		0.88342		0.87374		0.89637		0.88491		0.7671
376		10940.09		0.95548		0.96212		0.89378		0.9		0.88601		0.89295		0.78766
377		10941.38		0.95595		0.96271		0.90155		0.91892		0.88083		0.89947		0.8038
378		10942.76		0.95596		0.96269		0.90674		0.92896		0.88083		0.90426		0.81457
379		10943.92		0.95595		0.9625		0.90415		0.92391		0.88083		0.90186		0.80917
380		10945.07		0.95615		0.96267		0.90674		0.92432		0.88601		0.90476		0.81417
381		10946.44		0.95625		0.96279		0.90415		0.91935		0.88601		0.90237		0.80882
382		10948.55		0.95595		0.96253		0.89637		0.90476		0.88601		0.89529		0.79292
383		10949.8		0.956		0.96287		0.90155		0.91005		0.89119		0.90052		0.80328
384		10951.21		0.956		0.96339		0.89896		0.90957		0.88601		0.89764		0.7982
385		10953.03		0.95647		0.96386		0.89637		0.90909		0.88083		0.89474		0.79313
386		10954.55		0.95701		0.96464		0.90415		0.92391		0.88083		0.90186		0.80917
387		10955.9		0.95753		0.96498		0.91192		0.92513		0.89637		0.91053		0.82423
388		10957.17		0.95809		0.96507		0.90674		0.91099		0.90155		0.90625		0.81352
389		10958.45		0.95761		0.96438		0.89637		0.89231		0.90155		0.89691		0.79279
390		10960.09		0.95773		0.96446		0.89896		0.90526		0.89119		0.89817		0.79802
391		10961.48		0.95777		0.96457		0.89896		0.91398		0.88083		0.8971		0.79845
392		10962.78		0.95796		0.96476		0.89637		0.91803		0.87047		0.89362		0.79381
393		10964.13		0.9579		0.96479		0.90415		0.91489		0.89119		0.90289		0.80856
394		10965.53		0.95799		0.96491		0.89896		0.90526		0.89119		0.89817		0.79802
395		10967.7		0.95774		0.96449		0.90674		0.91979		0.89119		0.90526		0.81386
396		10969.38		0.95667		0.96328		0.89896		0.90957		0.88601		0.89764		0.7982
397		10970.53		0.9562		0.96271		0.89119		0.89529		0.88601		0.89062		0.78243
398		10971.81		0.95607		0.96248		0.8886		0.89474		0.88083		0.88773		0.7773
399		10973.1		0.95586		0.96257		0.89378		0.89583		0.89119		0.89351		0.78758
400		10974.32		0.95546		0.96232		0.89119		0.89947		0.88083		0.89005		0.78255
401		10975.48		0.95522		0.96209		0.8886		0.89894		0.87565		0.88714		0.77746
402		10976.67		0.95612		0.96252		0.89119		0.89947		0.88083		0.89005		0.78255
403		10978.44		0.95679		0.9628		0.89637		0.89637		0.89637		0.89637		0.79275
404		10980.1		0.95741		0.96303		0.89637		0.88832		0.90674		0.89744		0.79292
405		10981.36		0.95792		0.96353		0.90674		0.91534		0.89637		0.90576		0.81365
406		10982.87		0.95773		0.96349		0.90155		0.93296		0.86528		0.89785		0.80523
407		10984.59		0.95772		0.96345		0.90155		0.93296		0.86528		0.89785		0.80523
408		10985.84		0.95772		0.96347		0.89896		0.91848		0.87565		0.89655		0.7988
409		10987.23		0.95735		0.96313		0.90415		0.90625		0.90155		0.9039		0.8083
410		10988.79		0.95757		0.96345		0.90155		0.8934		0.91192		0.90256		0.80328
411		10990.81		0.95852		0.96502		0.89896		0.90957		0.88601		0.89764		0.7982
412		10992.11		0.95902		0.96593		0.90674		0.92896		0.88083		0.90426		0.81457
413		10993.42		0.95914		0.96603		0.91451		0.94444		0.88083		0.91153		0.8309
414		10995.45		0.95829		0.96526		0.90933		0.92935		0.88601		0.90716		0.81954
415		10997.22		0.95766		0.96489		0.91192		0.92063		0.90155		0.91099		0.82401
416		10999.0		0.95756		0.9649		0.89896		0.89691		0.90155		0.89922		0.79794
417		11000.17		0.95777		0.96525		0.89896		0.89691		0.90155		0.89922		0.79794
418		11001.4		0.95788		0.96565		0.8886		0.90323		0.87047		0.88654		0.77771
419		11002.54		0.9575		0.96533		0.89119		0.90374		0.87565		0.88947		0.78276
420		11003.84		0.95769		0.96527		0.89637		0.90476		0.88601		0.89529		0.79292
421		11005.29		0.95684		0.96458		0.8886		0.89474		0.88083		0.88773		0.7773
422		11006.87		0.95688		0.96449		0.90155		0.90576		0.89637		0.90104		0.80315
423		11008.67		0.95654		0.96397		0.90674		0.91099		0.90155		0.90625		0.81352
424		11009.83		0.95605		0.96371		0.91451		0.93011		0.89637		0.91293		0.82956
425		11011.36		0.95554		0.96339		0.91192		0.92973		0.89119		0.91005		0.82454
426		11012.88		0.9556		0.96326		0.90933		0.92473		0.89119		0.90765		0.81919
427		11014.37		0.956		0.96349		0.90415		0.91489		0.89119		0.90289		0.80856
428		11015.89		0.95648		0.9639		0.90415		0.91053		0.89637		0.90339		0.80839
429		11017.49		0.95713		0.96448		0.91451		0.93956		0.88601		0.912		0.83037
430		11018.97		0.95723		0.96443		0.90933		0.94886		0.86528		0.90515		0.82185
431		11020.51		0.95777		0.96476		0.89378		0.91304		0.87047		0.89125		0.78842
432		11021.98		0.95723		0.96398		0.89378		0.91304		0.87047		0.89125		0.78842
433		11023.78		0.95655		0.96311		0.89378		0.90426		0.88083		0.89239		0.78783
434		11025.41		0.9569		0.9632		0.89378		0.90426		0.88083		0.89239		0.78783
435		11026.73		0.95643		0.96264		0.90155		0.91444		0.88601		0.9		0.8035
436		11028.2		0.95569		0.96223		0.90155		0.91892		0.88083		0.89947		0.8038
437		11029.84		0.95432		0.96097		0.90155		0.92818		0.87047		0.8984		0.80467
438		11031.62		0.95428		0.96094		0.90415		0.92857		0.87565		0.90133		0.80961
439		11033.29		0.9579		0.96415		0.90415		0.91489		0.89119		0.90289		0.80856
440		11034.39		0.95952		0.96545		0.90155		0.90576		0.89637		0.90104		0.80315
441		11035.61		0.95887		0.96523		0.89896		0.90957		0.88601		0.89764		0.7982
442		11036.84		0.95688		0.96363		0.90415		0.92857		0.87565		0.90133		0.80961
443		11038.27		0.95604		0.96291		0.90155		0.92818		0.87047		0.8984		0.80467
444		11039.51		0.95548		0.96193		0.90415		0.93333		0.87047		0.9008		0.81013
445		11041.49		0.95452		0.96044		0.89119		0.89529		0.88601		0.89062		0.78243
446		11042.84		0.95612		0.96213		0.89119		0.89529		0.88601		0.89062		0.78243
447		11044.2		0.9586		0.96449		0.89637		0.89231		0.90155		0.89691		0.79279
448		11045.41		0.96027		0.96626		0.9171		0.92593		0.90674		0.91623		0.83438
449		11046.59		0.95926		0.96572		0.91192		0.94413		0.87565		0.9086		0.82601
450		11047.77		0.95706		0.96387		0.90415		0.9382		0.86528		0.90027		0.81074
451		11049.02		0.95562		0.96214		0.90415		0.92857		0.87565		0.90133		0.80961
452		11050.5		0.9549		0.96081		0.90155		0.89744		0.90674		0.90206		0.80315
453		11051.97		0.95433		0.95989		0.89896		0.885		0.9171		0.90076		0.79845
454		11053.21		0.9551		0.96121		0.89896		0.89691		0.90155		0.89922		0.79794
455		11054.49		0.95578		0.96215		0.89896		0.90957		0.88601		0.89764		0.7982
456		11055.96		0.9569		0.96333		0.91192		0.93923		0.88083		0.90909		0.82543
457		11057.61		0.95738		0.964		0.90933		0.92935		0.88601		0.90716		0.81954
458		11058.96		0.95753		0.96414		0.90674		0.92432		0.88601		0.90476		0.81417
459		11060.43		0.95699		0.96326		0.91192		0.92063		0.90155		0.91099		0.82401
460		11062.01		0.9557		0.96187		0.90415		0.91489		0.89119		0.90289		0.80856
461		11063.37		0.95463		0.96084		0.90415		0.91053		0.89637		0.90339		0.80839
462		11064.65		0.95396		0.96045		0.90415		0.91053		0.89637		0.90339		0.80839
463		11066.04		0.95314		0.95985		0.90155		0.91005		0.89119		0.90052		0.80328
464		11067.57		0.95368		0.96028		0.89896		0.90526		0.89119		0.89817		0.79802
465		11069.11		0.95382		0.96035		0.89378		0.89583		0.89119		0.89351		0.78758
466		11070.55		0.95484		0.96142		0.89896		0.90526		0.89119		0.89817		0.79802
467		11071.92		0.95615		0.96276		0.90674		0.91979		0.89119		0.90526		0.81386
468		11073.34		0.95691		0.9637		0.91192		0.92513		0.89637		0.91053		0.82423
469		11074.78		0.95695		0.96386		0.91192		0.92063		0.90155		0.91099		0.82401
470		11076.03		0.95668		0.96353		0.90933		0.92021		0.89637		0.90814		0.81893
471		11077.45		0.95566		0.96208		0.90155		0.90576		0.89637		0.90104		0.80315
472		11079.0		0.9546		0.96071		0.89896		0.90104		0.89637		0.8987		0.79794
473		11080.44		0.95381		0.9599		0.90155		0.91444		0.88601		0.9		0.8035
474		11081.69		0.95321		0.95944		0.90674		0.92896		0.88083		0.90426		0.81457
475		11082.95		0.9533		0.95942		0.90415		0.92391		0.88083		0.90186		0.80917
476		11084.36		0.95323		0.95945		0.89896		0.91398		0.88083		0.8971		0.79845
477		11085.9		0.9537		0.96004		0.89896		0.90957		0.88601		0.89764		0.7982
478		11087.38		0.95506		0.96152		0.89637		0.90052		0.89119		0.89583		0.79279
479		11088.8		0.95646		0.96313		0.89637		0.90476		0.88601		0.89529		0.79292
480		11090.15		0.9571		0.96384		0.89896		0.89691		0.90155		0.89922		0.79794
481		11092.58		0.95739		0.96408		0.90155		0.90576		0.89637		0.90104		0.80315
482		11093.79		0.95761		0.96436		0.90415		0.91489		0.89119		0.90289		0.80856
483		11095.08		0.95799		0.9644		0.90155		0.90576		0.89637		0.90104		0.80315
484		11096.3		0.95786		0.96409		0.89378		0.89175		0.89637		0.89406		0.78758
485		11097.54		0.95713		0.96324		0.89637		0.90052		0.89119		0.89583		0.79279
486		11098.87		0.95664		0.96287		0.89637		0.90476		0.88601		0.89529		0.79292
487		11099.97		0.95757		0.96398		0.91192		0.93923		0.88083		0.90909		0.82543
488		11101.15		0.95803		0.96452		0.91969		0.95		0.88601		0.91689		0.84129
489		11102.81		0.95777		0.9643		0.91969		0.94505		0.89119		0.91733		0.84074
490		11104.51		0.95753		0.96368		0.92228		0.94054		0.90155		0.92063		0.84529
491		11105.76		0.9573		0.96325		0.91451		0.91237		0.9171		0.91473		0.82903
492		11106.93		0.95731		0.96352		0.91451		0.91667		0.91192		0.91429		0.82903
493		11108.18		0.95752		0.96414		0.91192		0.92973		0.89119		0.91005		0.82454
494		11109.37		0.95664		0.96349		0.91451		0.93478		0.89119		0.91247		0.82992
495		11110.8		0.9573		0.96404		0.91192		0.92513		0.89637		0.91053		0.82423
496		11112.38		0.95617		0.9632		0.89378		0.89583		0.89119		0.89351		0.78758
497		11113.89		0.95562		0.96286		0.88601		0.88601		0.88601		0.88601		0.77202
498		11115.2		0.95565		0.96291		0.90933		0.92473		0.89119		0.90765		0.81919
499		11116.71		0.95573		0.96321		0.91451		0.93478		0.89119		0.91247		0.82992
500		11117.96		0.95514		0.96268		0.90674		0.92896		0.88083		0.90426		0.81457
501		11119.35		0.95388		0.96093		0.90155		0.91444		0.88601		0.9		0.8035
502		11120.74		0.95286		0.95981		0.89896		0.88889		0.91192		0.90026		0.7982
503		11122.04		0.95499		0.96135		0.89637		0.88442		0.91192		0.89796		0.79313
504		11123.66		0.95684		0.96321		0.90415		0.91935		0.88601		0.90237		0.80882
505		11125.01		0.95769		0.96387		0.90155		0.92818		0.87047		0.8984		0.80467
506		11126.41		0.95832		0.96433		0.90674		0.92896		0.88083		0.90426		0.81457
507		11127.68		0.95815		0.96376		0.90674		0.90674		0.90674		0.90674		0.81347
508		11129.13		0.95789		0.96364		0.90415		0.90206		0.90674		0.90439		0.8083
509		11130.42		0.95674		0.96317		0.90415		0.90625		0.90155		0.9039		0.8083
510		11131.69		0.95538		0.96233		0.90155		0.91005		0.89119		0.90052		0.80328
511		11133.39		0.95311		0.95996		0.90415		0.91489		0.89119		0.90289		0.80856
512		11134.68		0.95247		0.95984		0.90155		0.91892		0.88083		0.89947		0.8038
513		11136.1		0.95342		0.96072		0.90155		0.91892		0.88083		0.89947		0.8038
514		11137.38		0.95415		0.96125		0.90155		0.90576		0.89637		0.90104		0.80315
515		11139.14		0.95472		0.96149		0.89378		0.89175		0.89637		0.89406		0.78758
516		11140.59		0.9545		0.96108		0.89378		0.89583		0.89119		0.89351		0.78758
517		11142.04		0.95439		0.96061		0.90155		0.91005		0.89119		0.90052		0.80328
518		11143.35		0.95315		0.95876		0.90155		0.91005		0.89119		0.90052		0.80328
519		11144.65		0.95376		0.95903		0.89637		0.90476		0.88601		0.89529		0.79292
520		11146.33		0.95507		0.9609		0.89378		0.89583		0.89119		0.89351		0.78758
521		11148.04		0.95632		0.96273		0.90415		0.90625		0.90155		0.9039		0.8083
522		11149.31		0.95672		0.96385		0.90415		0.92391		0.88083		0.90186		0.80917
523		11150.53		0.95629		0.96393		0.89637		0.91351		0.87565		0.89418		0.79343
524		11151.64		0.95586		0.96299		0.89119		0.89947		0.88083		0.89005		0.78255
525		11152.83		0.95541		0.96216		0.8886		0.8866		0.89119		0.88889		0.77721
526		11154.2		0.95523		0.96162		0.89378		0.88776		0.90155		0.8946		0.78766
527		11155.32		0.9551		0.9615		0.8886		0.89062		0.88601		0.88831		0.77721
528		11156.55		0.95573		0.96226		0.90155		0.91892		0.88083		0.89947		0.8038
529		11158.29		0.95675		0.96312		0.90155		0.92818		0.87047		0.8984		0.80467
530		11159.87		0.95697		0.96337		0.90674		0.9337		0.87565		0.90374		0.81505
531		11161.52		0.95745		0.96374		0.90155		0.90576		0.89637		0.90104		0.80315
532		11163.1		0.95637		0.9625		0.90155		0.88945		0.9171		0.90306		0.8035
533		11164.32		0.95519		0.96141		0.89637		0.87685		0.92228		0.89899		0.79381
534		11165.47		0.9551		0.96155		0.89378		0.89583		0.89119		0.89351		0.78758
535		11166.73		0.95505		0.96176		0.90933		0.92935		0.88601		0.90716		0.81954
536		11167.87		0.95503		0.96184		0.91192		0.93923		0.88083		0.90909		0.82543
537		11168.99		0.95542		0.96123		0.90415		0.91053		0.89637		0.90339		0.80839
538		11170.16		0.95498		0.96037		0.90155		0.8934		0.91192		0.90256		0.80328
539		11172.28		0.95417		0.95946		0.89378		0.89175		0.89637		0.89406		0.78758
540		11173.98		0.95427		0.95984		0.90155		0.91005		0.89119		0.90052		0.80328
541		11175.7		0.95491		0.96062		0.90674		0.91979		0.89119		0.90526		0.81386
542		11177.53		0.95539		0.96139		0.90155		0.91892		0.88083		0.89947		0.8038
543		11178.97		0.95539		0.96145		0.89637		0.90052		0.89119		0.89583		0.79279
544		11180.1		0.95529		0.96142		0.89378		0.89175		0.89637		0.89406		0.78758
545		11181.26		0.95519		0.96166		0.88342		0.87755		0.89119		0.88432		0.76693
546		11182.47		0.95533		0.96242		0.8886		0.89062		0.88601		0.88831		0.77721
547		11184.04		0.9562		0.96293		0.89119		0.89119		0.89119		0.89119		0.78238
548		11185.61		0.95615		0.96274		0.8886		0.89474		0.88083		0.88773		0.7773
549		11186.86		0.95648		0.96282		0.89378		0.90426		0.88083		0.89239		0.78783
550		11188.41		0.95605		0.96234		0.90415		0.91935		0.88601		0.90237		0.80882
551		11189.97		0.95428		0.96042		0.90415		0.91489		0.89119		0.90289		0.80856
552		11191.23		0.95337		0.9591		0.90155		0.90155		0.90155		0.90155		0.80311
553		11192.79		0.95495		0.96053		0.90155		0.90155		0.90155		0.90155		0.80311
554		11194.26		0.95592		0.96174		0.90674		0.91099		0.90155		0.90625		0.81352
555		11195.52		0.95662		0.96246		0.89119		0.90374		0.87565		0.88947		0.78276
556		11197.0		0.95753		0.96335		0.8886		0.90323		0.87047		0.88654		0.77771
557		11198.59		0.95796		0.96415		0.90155		0.91005		0.89119		0.90052		0.80328
558		11200.22		0.95805		0.96435		0.90674		0.90256		0.91192		0.90722		0.81352
559		11201.44		0.95694		0.96336		0.90415		0.90625		0.90155		0.9039		0.8083
560		11202.91		0.956		0.96277		0.89896		0.90957		0.88601		0.89764		0.7982
561		11204.29		0.95554		0.96234		0.90415		0.91489		0.89119		0.90289		0.80856
562		11205.75		0.95514		0.96168		0.90415		0.91053		0.89637		0.90339		0.80839
563		11207.57		0.95389		0.96013		0.90415		0.90625		0.90155		0.9039		0.8083
564		11209.24		0.95364		0.96		0.91192		0.91623		0.90674		0.91146		0.82388
565		11210.91		0.95413		0.96077		0.90933		0.91579		0.90155		0.90862		0.81875
566		11212.31		0.95443		0.96111		0.90674		0.91099		0.90155		0.90625		0.81352
567		11213.65		0.95581		0.96272		0.90674		0.91979		0.89119		0.90526		0.81386
568		11214.75		0.95632		0.96298		0.90933		0.91579		0.90155		0.90862		0.81875
569		11216.23		0.95641		0.96307		0.90674		0.90674		0.90674		0.90674		0.81347
570		11217.9		0.95682		0.96346		0.90674		0.90674		0.90674		0.90674		0.81347
571		11219.7		0.95737		0.96411		0.90933		0.91579		0.90155		0.90862		0.81875
572		11221.6		0.95772		0.96469		0.90933		0.92021		0.89637		0.90814		0.81893
573		11223.31		0.95729		0.9643		0.91192		0.92513		0.89637		0.91053		0.82423
574		11225.05		0.95625		0.96319		0.90933		0.91146		0.90674		0.90909		0.81866
575		11226.39		0.95526		0.96218		0.90674		0.90256		0.91192		0.90722		0.81352
576		11227.58		0.95447		0.96106		0.89119		0.89119		0.89119		0.89119		0.78238
577		11228.74		0.95501		0.96179		0.89637		0.90052		0.89119		0.89583		0.79279
578		11229.96		0.95597		0.96286		0.89896		0.90957		0.88601		0.89764		0.7982
579		11231.09		0.95658		0.96334		0.90155		0.91005		0.89119		0.90052		0.80328
580		11232.27		0.95714		0.96337		0.90933		0.91579		0.90155		0.90862		0.81875
581		11233.86		0.95688		0.96316		0.91192		0.92973		0.89119		0.91005		0.82454
582		11235.39		0.95701		0.96334		0.90415		0.92857		0.87565		0.90133		0.80961
583		11236.62		0.95586		0.96182		0.90155		0.91444		0.88601		0.9		0.8035
584		11238.0		0.95325		0.95877		0.89378		0.88776		0.90155		0.8946		0.78766
585		11239.63		0.95143		0.9573		0.89119		0.8794		0.90674		0.89286		0.78276
586		11241.33		0.95421		0.96079		0.90415		0.92391		0.88083		0.90186		0.80917
587		11243.12		0.95538		0.96224		0.91969		0.95506		0.88083		0.91644		0.84192
588		11244.63		0.95629		0.96299		0.9171		0.94475		0.88601		0.91444		0.83581
589		11246.18		0.95525		0.96168		0.90674		0.91099		0.90155		0.90625		0.81352
590		11247.62		0.95407		0.96029		0.89637		0.87685		0.92228		0.89899		0.79381
591		11249.03		0.95384		0.96048		0.89378		0.88384		0.90674		0.89514		0.78783
592		11250.6		0.95494		0.96152		0.90415		0.92857		0.87565		0.90133		0.80961
593		11252.35		0.9549		0.96122		0.90933		0.94886		0.86528		0.90515		0.82185
594		11253.77		0.9544		0.9606		0.90155		0.91444		0.88601		0.9		0.8035
595		11255.19		0.95232		0.95793		0.89378		0.88776		0.90155		0.8946		0.78766
596		11256.9		0.95455		0.96031		0.90155		0.90576		0.89637		0.90104		0.80315
597		11258.57		0.95584		0.96186		0.91192		0.92513		0.89637		0.91053		0.82423
598		11260.48		0.95596		0.96231		0.90933		0.92935		0.88601		0.90716		0.81954
599		11261.85		0.95529		0.96159		0.91192		0.92973		0.89119		0.91005		0.82454
600		11263.68		0.95531		0.96108		0.90415		0.91053		0.89637		0.90339		0.80839
601		11265.14		0.95417		0.9598		0.90415		0.90625		0.90155		0.9039		0.8083
602		11266.92		0.95256		0.95798		0.89119		0.89119		0.89119		0.89119		0.78238
603		11268.17		0.95173		0.95739		0.88342		0.88947		0.87565		0.88251		0.76693
604		11269.51		0.95217		0.95795		0.88601		0.9116		0.85492		0.88235		0.77352
605		11271.04		0.95454		0.96068		0.89378		0.91304		0.87047		0.89125		0.78842
606		11272.26		0.95611		0.96248		0.90155		0.91444		0.88601		0.9		0.8035
607		11273.46		0.95648		0.96303		0.90415		0.91053		0.89637		0.90339		0.80839
608		11274.68		0.95545		0.96196		0.90155		0.90155		0.90155		0.90155		0.80311
609		11276.06		0.95258		0.95945		0.89896		0.90104		0.89637		0.8987		0.79794
610		11277.22		0.95004		0.95693		0.89637		0.90052		0.89119		0.89583		0.79279
611		11278.95		0.95082		0.95775		0.89896		0.92778		0.86528		0.89544		0.79974
612		11280.61		0.95321		0.96018		0.90155		0.9235		0.87565		0.89894		0.80419
613		11282.1		0.95613		0.96245		0.90674		0.91534		0.89637		0.90576		0.81365
614		11283.48		0.95682		0.96285		0.89896		0.89286		0.90674		0.89974		0.79802
615		11285.21		0.95637		0.9622		0.89637		0.89637		0.89637		0.89637		0.79275
616		11286.94		0.95425		0.9604		0.90415		0.91935		0.88601		0.90237		0.80882
617		11288.57		0.95239		0.9587		0.90415		0.92857		0.87565		0.90133		0.80961
618		11289.95		0.95439		0.96009		0.90155		0.90576		0.89637		0.90104		0.80315
619		11291.31		0.9558		0.96161		0.90415		0.89796		0.91192		0.90488		0.80839
620		11292.81		0.9567		0.96296		0.90674		0.91534		0.89637		0.90576		0.81365
621		11294.52		0.9565		0.96335		0.91192		0.92973		0.89119		0.91005		0.82454
622		11296.14		0.95582		0.96272		0.90933		0.92935		0.88601		0.90716		0.81954
623		11297.56		0.95471		0.9611		0.90415		0.91489		0.89119		0.90289		0.80856
624		11298.99		0.95358		0.95977		0.89637		0.88832		0.90674		0.89744		0.79292
625		11300.4		0.95353		0.96		0.89637		0.89637		0.89637		0.89637		0.79275
626		11302.07		0.95368		0.96046		0.90415		0.91489		0.89119		0.90289		0.80856
627		11303.66		0.95417		0.9609		0.90674		0.9337		0.87565		0.90374		0.81505
628		11305.12		0.95487		0.96175		0.91192		0.93443		0.88601		0.90957		0.82494
629		11306.57		0.95554		0.96207		0.90933		0.92473		0.89119		0.90765		0.81919
630		11308.12		0.95582		0.96125		0.90933		0.89899		0.92228		0.91049		0.81893
631		11309.77		0.95577		0.96103		0.89378		0.88		0.91192		0.89567		0.78808
632		11311.6		0.95549		0.96059		0.89637		0.89637		0.89637		0.89637		0.79275
633		11313.19		0.95466		0.96001		0.88083		0.91061		0.84456		0.87634		0.76367
634		11314.89		0.95349		0.95904		0.88083		0.91525		0.83938		0.87568		0.76429
635		11316.5		0.95323		0.95858		0.88342		0.88947		0.87565		0.88251		0.76693
636		11317.87		0.9546		0.96064		0.89896		0.89286		0.90674		0.89974		0.79802
637		11319.24		0.95556		0.96229		0.89896		0.90957		0.88601		0.89764		0.7982
638		11320.62		0.95526		0.96273		0.90415		0.9382		0.86528		0.90027		0.81074
639		11322.13		0.95441		0.96182		0.89378		0.91758		0.86528		0.89067		0.78885
640		11323.36		0.95566		0.96223		0.89637		0.88442		0.91192		0.89796		0.79313
641		11325.44		0.95513		0.961		0.90155		0.88177		0.92746		0.90404		0.80419
642		11326.85		0.95706		0.96273		0.90155		0.8934		0.91192		0.90256		0.80328
643		11328.53		0.95833		0.96423		0.9171		0.94475		0.88601		0.91444		0.83581
644		11330.45		0.95721		0.96322		0.91192		0.93923		0.88083		0.90909		0.82543
645		11331.79		0.95498		0.96092		0.90674		0.91979		0.89119		0.90526		0.81386
646		11333.22		0.95295		0.95919		0.90155		0.90155		0.90155		0.90155		0.80311
647		11334.6		0.95168		0.95797		0.89896		0.89691		0.90155		0.89922		0.79794
648		11336.33		0.95216		0.95851		0.90415		0.91489		0.89119		0.90289		0.80856
649		11337.75		0.95323		0.95941		0.90155		0.9235		0.87565		0.89894		0.80419
650		11339.29		0.95325		0.95968		0.90415		0.92857		0.87565		0.90133		0.80961
651		11340.93		0.95319		0.95942		0.89378		0.9		0.88601		0.89295		0.78766
652		11342.36		0.95362		0.95985		0.90155		0.88557		0.92228		0.90355		0.8038
653		11344.01		0.9566		0.96378		0.90933		0.92021		0.89637		0.90814		0.81893
654		11345.58		0.95686		0.96469		0.90933		0.93889		0.87565		0.90617		0.82052
655		11347.02		0.95671		0.96419		0.90933		0.92935		0.88601		0.90716		0.81954
656		11348.46		0.95694		0.96396		0.90155		0.89744		0.90674		0.90206		0.80315
657		11350.66		0.95454		0.96135		0.90415		0.89		0.92228		0.90585		0.80882
658		11352.37		0.95295		0.95956		0.89378		0.88		0.91192		0.89567		0.78808
659		11354.15		0.95345		0.96011		0.90155		0.90576		0.89637		0.90104		0.80315
660		11355.86		0.95294		0.95952		0.89119		0.90811		0.87047		0.88889		0.78306
661		11357.75		0.95275		0.95906		0.89378		0.9086		0.87565		0.89182		0.78808
662		11359.81		0.95174		0.95743		0.89896		0.90957		0.88601		0.89764		0.7982
663		11361.23		0.95145		0.95649		0.89896		0.90957		0.88601		0.89764		0.7982
664		11363.03		0.95205		0.95688		0.90415		0.91489		0.89119		0.90289		0.80856
665		11364.83		0.95396		0.95849		0.90933		0.92021		0.89637		0.90814		0.81893
666		11366.6		0.95497		0.95933		0.91192		0.92513		0.89637		0.91053		0.82423
667		11367.97		0.9558		0.95962		0.91451		0.92553		0.90155		0.91339		0.82929
668		11369.32		0.95612		0.9595		0.9171		0.91282		0.92228		0.91753		0.83424
669		11370.65		0.95641		0.95993		0.9171		0.90863		0.92746		0.91795		0.83438
670		11372.13		0.95691		0.96071		0.91192		0.91192		0.91192		0.91192		0.82383
671		11373.85		0.95717		0.96159		0.90933		0.91146		0.90674		0.90909		0.81866
672		11375.59		0.95674		0.96203		0.90415		0.91053		0.89637		0.90339		0.80839
673		11376.94		0.95592		0.96173		0.90155		0.91005		0.89119		0.90052		0.80328
674		11378.38		0.9558		0.96191		0.90674		0.91979		0.89119		0.90526		0.81386
675		11380.27		0.95501		0.96126		0.90415		0.91053		0.89637		0.90339		0.80839
676		11381.89		0.95393		0.96073		0.90155		0.90155		0.90155		0.90155		0.80311
677		11383.22		0.9539		0.96106		0.89119		0.89947		0.88083		0.89005		0.78255
678		11384.78		0.95546		0.96269		0.90155		0.90576		0.89637		0.90104		0.80315
679		11386.63		0.95662		0.96413		0.90415		0.91053		0.89637		0.90339		0.80839
680		11388.41		0.95691		0.96471		0.90674		0.91534		0.89637		0.90576		0.81365
681		11390.29		0.95764		0.96532		0.91192		0.92063		0.90155		0.91099		0.82401
682		11392.02		0.95723		0.965		0.89896		0.90104		0.89637		0.8987		0.79794
683		11393.73		0.95718		0.96504		0.90155		0.90155		0.90155		0.90155		0.80311
684		11395.08		0.95715		0.96473		0.90155		0.90576		0.89637		0.90104		0.80315
685		11396.45		0.95627		0.96366		0.90415		0.90625		0.90155		0.9039		0.8083
686		11397.85		0.95405		0.96136		0.90415		0.90625		0.90155		0.9039		0.8083
687		11399.37		0.95407		0.96126		0.89896		0.90526		0.89119		0.89817		0.79802
688		11401.39		0.95501		0.96247		0.89896		0.91398		0.88083		0.8971		0.79845
689		11402.95		0.95498		0.96249		0.90155		0.9235		0.87565		0.89894		0.80419
690		11404.71		0.95484		0.96239		0.90674		0.92432		0.88601		0.90476		0.81417
691		11406.36		0.95475		0.96217		0.89896		0.90526		0.89119		0.89817		0.79802
692		11407.82		0.95463		0.96178		0.90415		0.90206		0.90674		0.90439		0.8083
693		11409.58		0.95385		0.961		0.90415		0.90206		0.90674		0.90439		0.8083
694		11411.16		0.9539		0.96122		0.90415		0.91053		0.89637		0.90339		0.80839
695		11412.54		0.95321		0.96089		0.89378		0.9086		0.87565		0.89182		0.78808
696		11414.3		0.95342		0.96119		0.8886		0.90761		0.86528		0.88594		0.77805
697		11416.13		0.95339		0.96109		0.8886		0.90323		0.87047		0.88654		0.77771
698		11417.48		0.95372		0.96121		0.8886		0.90323		0.87047		0.88654		0.77771
699		11418.86		0.9538		0.96107		0.89637		0.89637		0.89637		0.89637		0.79275
700		11420.62		0.95503		0.96238		0.90155		0.89744		0.90674		0.90206		0.80315
701		11422.23		0.95596		0.96334		0.90415		0.91053		0.89637		0.90339		0.80839
702		11423.71		0.95644		0.96401		0.90155		0.91892		0.88083		0.89947		0.8038
703		11425.09		0.95613		0.96353		0.90933		0.93407		0.88083		0.90667		0.81999
704		11426.78		0.95641		0.96342		0.90415		0.92391		0.88083		0.90186		0.80917
705		11428.51		0.95521		0.96195		0.89637		0.88832		0.90674		0.89744		0.79292
706		11429.97		0.95424		0.96077		0.89119		0.87562		0.91192		0.8934		0.78306
707		11431.4		0.9556		0.96258		0.89637		0.89637		0.89637		0.89637		0.79275
708		11433.01		0.95596		0.96309		0.90415		0.92391		0.88083		0.90186		0.80917
709		11434.53		0.95603		0.96335		0.90415		0.92857		0.87565		0.90133		0.80961
710		11435.92		0.95525		0.96231		0.8886		0.8866		0.89119		0.88889		0.77721
711		11437.73		0.95446		0.96109		0.89119		0.86829		0.92228		0.89447		0.7839
712		11439.12		0.95506		0.96187		0.89637		0.8806		0.9171		0.89848		0.79343
713		11440.8		0.95561		0.96251		0.90155		0.91005		0.89119		0.90052		0.80328
714		11442.32		0.95487		0.96201		0.91192		0.93923		0.88083		0.90909		0.82543
715		11443.8		0.95455		0.96159		0.90933		0.92935		0.88601		0.90716		0.81954
716		11445.54		0.9546		0.96147		0.89637		0.90052		0.89119		0.89583		0.79279
717		11447.31		0.954		0.96094		0.89637		0.90052		0.89119		0.89583		0.79279
718		11448.82		0.95319		0.96043		0.89637		0.90476		0.88601		0.89529		0.79292
719		11450.12		0.95274		0.96046		0.90155		0.91005		0.89119		0.90052		0.80328
720		11451.48		0.95259		0.96044		0.89896		0.90526		0.89119		0.89817		0.79802
721		11452.89		0.95267		0.96052		0.89896		0.90957		0.88601		0.89764		0.7982
722		11454.26		0.95295		0.96038		0.90155		0.90576		0.89637		0.90104		0.80315
723		11456.07		0.95325		0.96044		0.89378		0.89583		0.89119		0.89351		0.78758
724		11457.59		0.95244		0.9594		0.89378		0.89583		0.89119		0.89351		0.78758
725		11459.55		0.95266		0.95943		0.90155		0.91005		0.89119		0.90052		0.80328
726		11461.42		0.95314		0.95966		0.90415		0.91053		0.89637		0.90339		0.80839
727		11463.01		0.95498		0.96174		0.91192		0.91623		0.90674		0.91146		0.82388
728		11464.79		0.9555		0.96224		0.90933		0.91579		0.90155		0.90862		0.81875
729		11466.34		0.95507		0.962		0.90933		0.92935		0.88601		0.90716		0.81954
730		11467.79		0.95471		0.9616		0.91192		0.92973		0.89119		0.91005		0.82454
731		11469.59		0.95408		0.96081		0.9171		0.93989		0.89119		0.91489		0.83532
732		11471.25		0.95341		0.96002		0.90933		0.91579		0.90155		0.90862		0.81875
733		11473.19		0.95205		0.95829		0.90933		0.91579		0.90155		0.90862		0.81875
734		11474.68		0.95169		0.95727		0.89896		0.89691		0.90155		0.89922		0.79794
735		11476.04		0.95236		0.95818		0.89896		0.90104		0.89637		0.8987		0.79794
736		11477.45		0.95334		0.95969		0.90155		0.91892		0.88083		0.89947		0.8038
737		11478.68		0.95389		0.96033		0.90155		0.91892		0.88083		0.89947		0.8038
738		11480.04		0.95297		0.95912		0.89637		0.89231		0.90155		0.89691		0.79279
739		11481.41		0.95283		0.95881		0.89637		0.8806		0.9171		0.89848		0.79343
740		11482.89		0.95322		0.95958		0.89119		0.8794		0.90674		0.89286		0.78276
741		11484.2		0.95329		0.95988		0.89119		0.90374		0.87565		0.88947		0.78276
742		11486.11		0.95287		0.95963		0.89637		0.91803		0.87047		0.89362		0.79381
743		11487.56		0.95259		0.9591		0.89378		0.90426		0.88083		0.89239		0.78783
744		11489.09		0.95192		0.95828		0.89119		0.89529		0.88601		0.89062		0.78243
745		11490.75		0.95172		0.95814		0.89119		0.88325		0.90155		0.89231		0.78255
746		11492.37		0.95292		0.9594		0.89378		0.89583		0.89119		0.89351		0.78758
747		11493.74		0.95378		0.96052		0.89378		0.9		0.88601		0.89295		0.78766
748		11495.16		0.95452		0.9614		0.89637		0.90476		0.88601		0.89529		0.79292
749		11496.69		0.95539		0.9623		0.90155		0.91005		0.89119		0.90052		0.80328
750		11498.19		0.95459		0.96132		0.90155		0.90576		0.89637		0.90104		0.80315
751		11499.77		0.95425		0.96102		0.90155		0.90155		0.90155		0.90155		0.80311
752		11501.38		0.95335		0.96031		0.90674		0.91534		0.89637		0.90576		0.81365
753		11502.95		0.95354		0.96077		0.89378		0.91304		0.87047		0.89125		0.78842
754		11504.38		0.95455		0.96223		0.90674		0.91979		0.89119		0.90526		0.81386
755		11505.94		0.95533		0.96319		0.90933		0.92473		0.89119		0.90765		0.81919
756		11507.46		0.95538		0.96321		0.90415		0.91489		0.89119		0.90289		0.80856
757		11509.11		0.95407		0.96186		0.90155		0.90576		0.89637		0.90104		0.80315
758		11510.49		0.9528		0.9607		0.89896		0.90104		0.89637		0.8987		0.79794
759		11511.91		0.95207		0.95959		0.89637		0.90052		0.89119		0.89583		0.79279
760		11513.42		0.95156		0.95871		0.90155		0.91005		0.89119		0.90052		0.80328
761		11515.1		0.95048		0.95719		0.90155		0.90576		0.89637		0.90104		0.80315
762		11516.56		0.95102		0.95753		0.90415		0.90625		0.90155		0.9039		0.8083
763		11517.98		0.95139		0.95769		0.90155		0.90155		0.90155		0.90155		0.80311
764		11519.45		0.95251		0.95906		0.90415		0.90625		0.90155		0.9039		0.8083
765		11520.94		0.95366		0.96039		0.90415		0.90625		0.90155		0.9039		0.8083
766		11522.54		0.95362		0.96058		0.89637		0.90052		0.89119		0.89583		0.79279
767		11524.04		0.95353		0.96058		0.90155		0.91005		0.89119		0.90052		0.80328
768		11525.45		0.9536		0.96058		0.90155		0.91005		0.89119		0.90052		0.80328
769		11526.97		0.95243		0.95934		0.90415		0.90625		0.90155		0.9039		0.8083
770		11528.72		0.95195		0.95841		0.89896		0.90104		0.89637		0.8987		0.79794
771		11530.18		0.95143		0.95828		0.89896		0.90104		0.89637		0.8987		0.79794
772		11531.72		0.95279		0.96021		0.89896		0.90957		0.88601		0.89764		0.7982
773		11533.16		0.95382		0.96145		0.90415		0.92857		0.87565		0.90133		0.80961
774		11534.8		0.9549		0.96236		0.89637		0.91351		0.87565		0.89418		0.79343
775		11536.73		0.95588		0.96291		0.90155		0.90576		0.89637		0.90104		0.80315
776		11538.37		0.95513		0.96204		0.90155		0.90576		0.89637		0.90104		0.80315
777		11539.73		0.95393		0.96086		0.90674		0.91534		0.89637		0.90576		0.81365
778		11541.06		0.95376		0.96035		0.89896		0.90957		0.88601		0.89764		0.7982
779		11542.53		0.95315		0.95988		0.90415		0.91935		0.88601		0.90237		0.80882
780		11543.89		0.9536		0.96018		0.90933		0.92473		0.89119		0.90765		0.81919
781		11545.29		0.95431		0.96116		0.9171		0.93048		0.90155		0.91579		0.8346
782		11546.62		0.95482		0.9617		0.90674		0.90674		0.90674		0.90674		0.81347
783		11548.17		0.95554		0.96226		0.90674		0.90674		0.90674		0.90674		0.81347
784		11550.17		0.9564		0.96333		0.90674		0.91534		0.89637		0.90576		0.81365
785		11551.59		0.95629		0.96348		0.90674		0.91979		0.89119		0.90526		0.81386
786		11553.42		0.95574		0.96261		0.90415		0.91053		0.89637		0.90339		0.80839
787		11555.08		0.95364		0.96042		0.89637		0.89231		0.90155		0.89691		0.79279
788		11556.55		0.95224		0.95891		0.89637		0.89231		0.90155		0.89691		0.79279
789		11557.93		0.95063		0.95751		0.89378		0.90426		0.88083		0.89239		0.78783
790		11559.5		0.95212		0.95921		0.89896		0.90104		0.89637		0.8987		0.79794
791		11561.16		0.95342		0.9606		0.90415		0.90625		0.90155		0.9039		0.8083
792		11562.87		0.95416		0.96164		0.90415		0.91053		0.89637		0.90339		0.80839
793		11565.06		0.95421		0.96184		0.90933		0.92021		0.89637		0.90814		0.81893
794		11566.79		0.95339		0.9609		0.90674		0.91534		0.89637		0.90576		0.81365
795		11568.46		0.95138		0.95886		0.89896		0.90104		0.89637		0.8987		0.79794
796		11569.88		0.95048		0.95774		0.8886		0.89474		0.88083		0.88773		0.7773
797		11571.44		0.95162		0.95902		0.89896		0.90526		0.89119		0.89817		0.79802
798		11572.98		0.95315		0.96034		0.89896		0.91398		0.88083		0.8971		0.79845
799		11574.48		0.95475		0.96157		0.90155		0.9235		0.87565		0.89894		0.80419
800		11575.93		0.95523		0.96186		0.90415		0.92857		0.87565		0.90133		0.80961
801		11577.47		0.95546		0.96189		0.90933		0.92935		0.88601		0.90716		0.81954
802		11578.99		0.95487		0.96118		0.90674		0.91099		0.90155		0.90625		0.81352
803		11580.77		0.95372		0.95995		0.89896		0.89286		0.90674		0.89974		0.79802
804		11582.43		0.95364		0.96006		0.89896		0.91398		0.88083		0.8971		0.79845
805		11583.82		0.9538		0.96025		0.89637		0.91351		0.87565		0.89418		0.79343
806		11585.55		0.9539		0.95992		0.8886		0.90761		0.86528		0.88594		0.77805
807		11587.11		0.95263		0.95853		0.8886		0.89894		0.87565		0.88714		0.77746
808		11588.68		0.95154		0.95772		0.88342		0.88947		0.87565		0.88251		0.76693
809		11590.07		0.95131		0.95776		0.89119		0.90374		0.87565		0.88947		0.78276
810		11591.64		0.9515		0.95825		0.89378		0.90426		0.88083		0.89239		0.78783
811		11593.51		0.9527		0.95947		0.89896		0.91398		0.88083		0.8971		0.79845
812		11594.92		0.95349		0.96022		0.90415		0.91489		0.89119		0.90289		0.80856
813		11596.44		0.95339		0.96002		0.90415		0.91489		0.89119		0.90289		0.80856
814		11597.84		0.95323		0.95981		0.90155		0.91005		0.89119		0.90052		0.80328
815		11599.65		0.95353		0.9603		0.90155		0.91005		0.89119		0.90052		0.80328
816		11601.4		0.95384		0.96069		0.90674		0.91534		0.89637		0.90576		0.81365
817		11602.83		0.95423		0.96079		0.90155		0.90576		0.89637		0.90104		0.80315
818		11604.32		0.95454		0.96097		0.90415		0.91053		0.89637		0.90339		0.80839
819		11606.03		0.95495		0.96157		0.89896		0.90957		0.88601		0.89764		0.7982
820		11607.76		0.9551		0.96162		0.89896		0.90957		0.88601		0.89764		0.7982
821		11609.4		0.95467		0.9612		0.90415		0.90625		0.90155		0.9039		0.8083
822		11610.8		0.95447		0.96117		0.90155		0.90155		0.90155		0.90155		0.80311
823		11612.27		0.9547		0.96142		0.90674		0.91099		0.90155		0.90625		0.81352
824		11613.67		0.95515		0.96182		0.90674		0.91099		0.90155		0.90625		0.81352
825		11615.33		0.95561		0.96231		0.89896		0.91398		0.88083		0.8971		0.79845
826		11617.18		0.95586		0.96263		0.89896		0.91398		0.88083		0.8971		0.79845
827		11618.81		0.95553		0.96208		0.90415		0.91053		0.89637		0.90339		0.80839
828		11620.42		0.95476		0.9612		0.89896		0.89691		0.90155		0.89922		0.79794
829		11621.98		0.9542		0.96089		0.89637		0.90052		0.89119		0.89583		0.79279
830		11623.27		0.95475		0.96142		0.89637		0.90909		0.88083		0.89474		0.79313
831		11624.78		0.95421		0.96088		0.89119		0.90811		0.87047		0.88889		0.78306
832		11626.41		0.95479		0.96121		0.89119		0.90811		0.87047		0.88889		0.78306
833		11628.08		0.95395		0.9601		0.90155		0.90576		0.89637		0.90104		0.80315
834		11630.04		0.95415		0.96004		0.90415		0.89796		0.91192		0.90488		0.80839
835		11631.61		0.95384		0.9599		0.90933		0.90722		0.91192		0.90956		0.81866
836		11633.3		0.9535		0.96		0.9171		0.93048		0.90155		0.91579		0.8346
837		11635.0		0.95404		0.96081		0.91969		0.94022		0.89637		0.91777		0.84029
838		11636.39		0.95431		0.96095		0.90674		0.91099		0.90155		0.90625		0.81352
839		11637.77		0.95407		0.96048		0.89896		0.885		0.9171		0.90076		0.79845
840		11639.54		0.95562		0.96225		0.90674		0.90256		0.91192		0.90722		0.81352
841		11641.48		0.95841		0.96504		0.90933		0.93889		0.87565		0.90617		0.82052
842		11642.88		0.9586		0.96557		0.89637		0.9422		0.84456		0.89071		0.79704
843		11644.28		0.95568		0.9616		0.90415		0.89394		0.9171		0.90537		0.80856
844		11645.77		0.95084		0.95591		0.87565		0.84038		0.92746		0.88177		0.75536
845		11647.45		0.9531		0.96202		0.88342		0.95122		0.80829		0.87395		0.77565
846		11649.15		0.8444		0.83191		0.67876		0.61238		0.97409		0.752		0.44306
847		11650.92		0.919		0.92536		0.75389		0.98039		0.51813		0.67797		0.57579
848		11652.31		0.92733		0.93387		0.58808		0.54885		0.98964		0.7061		0.29566
849		11654.02		0.8899		0.90364		0.75907		0.96296		0.53886		0.69103		0.57712
850		11655.72		0.89014		0.90198		0.7772		0.95726		0.58031		0.72258		0.60314
851		11657.1		0.8993		0.91113		0.81347		0.79227		0.84974		0.82		0.6286
852		11658.81		0.91146		0.92364		0.71503		0.64261		0.96891		0.77273		0.49919
853		11660.49		0.91672		0.92983		0.72021		0.64912		0.95855		0.77406		0.501
854		11661.99		0.91031		0.92557		0.8342		0.87719		0.7772		0.82418		0.67278
855		11663.25		0.89452		0.91099		0.65544		1.0		0.31088		0.47431		0.42901
856		11664.59		0.88896		0.9052		0.56736		1.0		0.13472		0.23744		0.26874
857		11666.33		0.8858		0.90216		0.55181		1.0		0.10363		0.18779		0.23376
858		11668.08		0.88703		0.90283		0.56736		1.0		0.13472		0.23744		0.26874
859		11669.62		0.88937		0.90394		0.59585		1.0		0.19171		0.32174		0.3256
860		11671.41		0.89028		0.90323		0.65285		0.98361		0.31088		0.47244		0.41903
861		11673.17		0.89057		0.90295		0.71244		0.95556		0.4456		0.60777		0.5024
862		11675.0		0.89009		0.90168		0.77461		0.94167		0.58549		0.72204		0.5933
863		11676.96		0.88757		0.89961		0.79534		0.91912		0.64767		0.75988		0.61825
864		11678.44		0.88596		0.89854		0.80052		0.88667		0.68912		0.77551		0.61653
865		11679.83		0.88427		0.89733		0.79275		0.86452		0.6943		0.77011		0.59718
866		11681.15		0.88303		0.89659		0.79534		0.85625		0.70984		0.7762		0.5995
867		11682.78		0.88225		0.89564		0.78497		0.83133		0.71503		0.7688		0.57561
868		11683.95		0.88204		0.89532		0.79275		0.82659		0.74093		0.78142		0.58866
869		11685.23		0.88247		0.8958		0.79016		0.81461		0.7513		0.78167		0.58207
870		11687.21		0.88343		0.89672		0.78756		0.78756		0.78756		0.78756		0.57513
871		11688.91		0.88464		0.89795		0.79534		0.785		0.81347		0.79898		0.59106
872		11690.94		0.88641		0.89998		0.79534		0.78218		0.81865		0.8		0.59132
873		11692.44		0.88808		0.9018		0.79016		0.77184		0.82383		0.79699		0.58163
874		11693.59		0.88966		0.90357		0.79793		0.78325		0.82383		0.80303		0.59666
875		11695.14		0.89133		0.90554		0.80052		0.78713		0.82383		0.80506		0.60169
876		11696.98		0.89275		0.90738		0.80829		0.79899		0.82383		0.81122		0.61688
877		11698.55		0.89417		0.9089		0.81347		0.81026		0.81865		0.81443		0.62698
878		11699.96		0.89621		0.91087		0.81606		0.81443		0.81865		0.81654		0.63213
879		11701.55		0.89788		0.91251		0.81088		0.80928		0.81347		0.81137		0.62177
880		11703.13		0.90029		0.91426		0.81606		0.81443		0.81865		0.81654		0.63213
881		11704.7		0.90241		0.91599		0.81865		0.81865		0.81865		0.81865		0.63731
882		11706.31		0.90397		0.91686		0.82124		0.82292		0.81865		0.82078		0.6425
883		11707.84		0.90596		0.9186		0.82124		0.82632		0.81347		0.81984		0.64256
884		11709.65		0.90802		0.91995		0.82902		0.83957		0.81347		0.82632		0.65835
885		11711.5		0.91039		0.92195		0.82902		0.84324		0.80829		0.8254		0.6586
886		11713.24		0.91178		0.92357		0.83679		0.86111		0.80311		0.8311		0.67511
887		11714.73		0.91323		0.92481		0.83679		0.87356		0.78756		0.82834		0.67686
888		11716.1		0.91433		0.92579		0.84456		0.89349		0.78238		0.83425		0.69451
889		11717.64		0.91605		0.92768		0.84715		0.89881		0.78238		0.83657		0.7002
890		11718.95		0.9178		0.92919		0.83938		0.88757		0.7772		0.82873		0.68407
891		11720.23		0.91992		0.93126		0.84456		0.88439		0.79275		0.83607		0.69285
892		11721.46		0.92134		0.9326		0.84715		0.88068		0.80311		0.84011		0.69701
893		11723.1		0.92287		0.93452		0.85233		0.88636		0.80829		0.84553		0.70741
894		11724.74		0.92429		0.93604		0.85492		0.90058		0.79793		0.84615		0.7145
895		11726.16		0.92504		0.93681		0.85233		0.89535		0.79793		0.84384		0.70887
896		11727.62		0.92628		0.93812		0.8601		0.90643		0.80311		0.85165		0.72493
897		11729.76		0.92709		0.93877		0.86528		0.91228		0.80829		0.85714		0.73536
898		11731.18		0.92741		0.93868		0.86269		0.91176		0.80311		0.85399		0.7306
899		11732.61		0.92751		0.93855		0.85233		0.9		0.79275		0.84298		0.70972
900		11734.05		0.9266		0.93769		0.85492		0.90058		0.79793		0.84615		0.7145
901		11735.68		0.92547		0.93687		0.85233		0.9		0.79275		0.84298		0.70972
902		11737.42		0.92494		0.9367		0.85751		0.90116		0.80311		0.84932		0.7193
903		11738.86		0.92593		0.93785		0.85751		0.89655		0.80829		0.85014		0.71852
904		11740.31		0.9273		0.93882		0.8601		0.89714		0.81347		0.85326		0.72336
905		11741.72		0.92829		0.93963		0.85751		0.88764		0.81865		0.85175		0.7172
906		11743.47		0.92929		0.94047		0.84456		0.8674		0.81347		0.83957		0.69046
907		11745.09		0.92996		0.94106		0.84456		0.8674		0.81347		0.83957		0.69046
908		11746.6		0.93055		0.94161		0.84974		0.86885		0.82383		0.84574		0.70042
909		11747.99		0.93087		0.94212		0.85233		0.86957		0.82902		0.84881		0.70543
910		11749.55		0.93119		0.94259		0.85233		0.8908		0.80311		0.84469		0.7081
911		11751.0		0.93213		0.94338		0.84974		0.88571		0.80311		0.84239		0.70254
912		11752.91		0.93267		0.94361		0.85751		0.875		0.8342		0.85411		0.7158
913		11754.34		0.93262		0.94323		0.86269		0.87634		0.84456		0.86016		0.72587
914		11755.76		0.93474		0.945		0.85751		0.89205		0.81347		0.85095		0.71782
915		11757.34		0.93664		0.94671		0.85751		0.89205		0.81347		0.85095		0.71782
916		11758.82		0.93898		0.94873		0.86269		0.88462		0.8342		0.85867		0.72657
917		11760.88		0.94131		0.9508		0.86528		0.88108		0.84456		0.86243		0.7312
918		11762.54		0.94271		0.95207		0.86528		0.89831		0.82383		0.85946		0.73309
919		11764.09		0.94392		0.95319		0.87047		0.91329		0.81865		0.86339		0.74494
920		11765.41		0.94505		0.95373		0.87565		0.89189		0.85492		0.87302		0.75194
921		11766.59		0.94478		0.95303		0.87306		0.875		0.87047		0.87273		0.74612
922		11767.72		0.94601		0.95443		0.88083		0.91061		0.84456		0.87634		0.76367
923		11768.83		0.94631		0.95486		0.88083		0.92982		0.82383		0.87363		0.76666
924		11770.88		0.9462		0.95445		0.88083		0.88083		0.88083		0.88083		0.76166
925		11772.24		0.94684		0.9553		0.87565		0.8836		0.86528		0.87435		0.75146
926		11773.6		0.94687		0.95543		0.87565		0.92899		0.81347		0.8674		0.75717
927		11775.0		0.9462		0.95429		0.88083		0.8973		0.8601		0.87831		0.76231
928		11776.49		0.94572		0.95347		0.86528		0.85787		0.87565		0.86667		0.73073
929		11778.4		0.94733		0.95569		0.87306		0.9186		0.81865		0.86575		0.75057
930		11779.75		0.94797		0.95635		0.87306		0.9		0.83938		0.86863		0.74781
931		11781.35		0.94856		0.95653		0.87565		0.8607		0.89637		0.87817		0.75194
932		11782.78		0.94926		0.95725		0.87824		0.89247		0.8601		0.87599		0.75697
933		11784.42		0.94918		0.95754		0.87565		0.9096		0.8342		0.87027		0.75389
934		11785.93		0.94964		0.95726		0.88342		0.88947		0.87565		0.88251		0.76693
935		11787.36		0.94886		0.95634		0.87306		0.86735		0.88083		0.87404		0.7462
936		11788.91		0.9498		0.95792		0.88601		0.92571		0.83938		0.88043		0.7754
937		11790.72		0.95084		0.95873		0.88083		0.91525		0.83938		0.87568		0.76429
938		11792.53		0.95087		0.95815		0.87565		0.86432		0.89119		0.87755		0.75166
939		11793.92		0.95189		0.95935		0.89119		0.90374		0.87565		0.88947		0.78276
940		11795.52		0.95208		0.95964		0.89378		0.92697		0.85492		0.88949		0.78995
941		11797.03		0.95212		0.95903		0.88601		0.88601		0.88601		0.88601		0.77202
942		11798.67		0.9516		0.95863		0.88342		0.88542		0.88083		0.88312		0.76685
943		11800.32		0.95135		0.95862		0.87824		0.8883		0.86528		0.87664		0.75673
944		11801.79		0.95184		0.95936		0.88601		0.9071		0.8601		0.88298		0.77306
945		11803.29		0.95262		0.95993		0.89378		0.91304		0.87047		0.89125		0.78842
946		11804.97		0.95087		0.9586		0.88342		0.88144		0.88601		0.88372		0.76685
947		11806.39		0.9517		0.9597		0.89378		0.90426		0.88083		0.89239		0.78783
948		11808.01		0.95186		0.96005		0.89119		0.92179		0.85492		0.8871		0.78445
949		11809.74		0.95122		0.95952		0.8886		0.89894		0.87565		0.88714		0.77746
950		11811.58		0.95087		0.95908		0.88083		0.86935		0.89637		0.88265		0.76203
951		11813.03		0.95138		0.95968		0.88601		0.8984		0.87047		0.88421		0.77239
952		11814.36		0.95256		0.96078		0.89119		0.91257		0.86528		0.8883		0.78344
953		11815.56		0.95246		0.96047		0.8886		0.89894		0.87565		0.88714		0.77746
954		11816.7		0.95267		0.96004		0.88601		0.88205		0.89119		0.8866		0.77206
955		11817.94		0.9527		0.96016		0.88601		0.89418		0.87565		0.88482		0.77219
956		11819.59		0.95291		0.96046		0.88601		0.89418		0.87565		0.88482		0.77219
957		11821.22		0.95423		0.96161		0.89119		0.89529		0.88601		0.89062		0.78243
958		11822.51		0.95466		0.96204		0.89896		0.90526		0.89119		0.89817		0.79802
959		11823.95		0.95463		0.96233		0.90155		0.91892		0.88083		0.89947		0.8038
960		11825.27		0.95415		0.96201		0.89896		0.91398		0.88083		0.8971		0.79845
961		11827.04		0.95388		0.96194		0.89896		0.91398		0.88083		0.8971		0.79845
962		11828.39		0.95417		0.96226		0.89637		0.90909		0.88083		0.89474		0.79313
963		11829.9		0.95407		0.96208		0.89896		0.90957		0.88601		0.89764		0.7982
964		11831.42		0.95415		0.96212		0.90155		0.91444		0.88601		0.9		0.8035
965		11833.15		0.95447		0.96212		0.89378		0.9		0.88601		0.89295		0.78766
966		11834.61		0.95444		0.96187		0.88601		0.88601		0.88601		0.88601		0.77202
967		11836.26		0.95425		0.96175		0.88083		0.87692		0.88601		0.88144		0.7617
968		11837.69		0.95452		0.96214		0.90155		0.91444		0.88601		0.9		0.8035
969		11839.1		0.95455		0.96243		0.90674		0.92896		0.88083		0.90426		0.81457
970		11840.5		0.95403		0.96179		0.89896		0.90957		0.88601		0.89764		0.7982
971		11842.43		0.95305		0.96076		0.89637		0.88832		0.90674		0.89744		0.79292
972		11843.82		0.95358		0.96171		0.89896		0.90957		0.88601		0.89764		0.7982
973		11845.22		0.95425		0.96246		0.89896		0.93258		0.8601		0.89488		0.80035
974		11846.63		0.95374		0.96205		0.89378		0.91758		0.86528		0.89067		0.78885
975		11848.01		0.95348		0.96162		0.89119		0.89119		0.89119		0.89119		0.78238
976		11849.95		0.95334		0.96138		0.88601		0.88601		0.88601		0.88601		0.77202
977		11851.37		0.95361		0.96151		0.88601		0.89005		0.88083		0.88542		0.77206
978		11852.79		0.9538		0.96189		0.89378		0.91758		0.86528		0.89067		0.78885
979		11854.21		0.95468		0.96262		0.89637		0.91803		0.87047		0.89362		0.79381
980		11855.98		0.95527		0.96299		0.89637		0.90052		0.89119		0.89583		0.79279
981		11857.43		0.95546		0.96317		0.89637		0.89637		0.89637		0.89637		0.79275
982		11858.85		0.95577		0.96354		0.89896		0.90526		0.89119		0.89817		0.79802
983		11860.3		0.95554		0.96357		0.89637		0.91351		0.87565		0.89418		0.79343
984		11861.83		0.95535		0.96336		0.90155		0.9235		0.87565		0.89894		0.80419
985		11863.46		0.95573		0.96357		0.90155		0.9235		0.87565		0.89894		0.80419
986		11864.92		0.95576		0.96344		0.90155		0.91005		0.89119		0.90052		0.80328
987		11866.34		0.95597		0.96341		0.89378		0.89175		0.89637		0.89406		0.78758
988		11867.83		0.95627		0.9638		0.89378		0.89175		0.89637		0.89406		0.78758
989		11869.55		0.95675		0.96454		0.90155		0.9235		0.87565		0.89894		0.80419
990		11870.94		0.95648		0.96455		0.89896		0.92778		0.86528		0.89544		0.79974
991		11872.74		0.95605		0.96386		0.90155		0.9235		0.87565		0.89894		0.80419
992		11874.56		0.95535		0.96288		0.89378		0.89175		0.89637		0.89406		0.78758
993		11876.14		0.95396		0.96159		0.89378		0.88384		0.90674		0.89514		0.78783
994		11877.6		0.95471		0.96236		0.90155		0.91005		0.89119		0.90052		0.80328
995		11878.79		0.95476		0.96259		0.89637		0.92737		0.8601		0.89247		0.79484
996		11879.98		0.95509		0.96304		0.90155		0.93785		0.8601		0.8973		0.80588
997		11881.38		0.95492		0.96294		0.90155		0.9235		0.87565		0.89894		0.80419
998		11882.9		0.95452		0.96247		0.90155		0.89744		0.90674		0.90206		0.80315
999		11884.39		0.95466		0.96246		0.90155		0.89744		0.90674		0.90206		0.80315
1000		11886.34		0.95565		0.96361		0.89637		0.90476		0.88601		0.89529		0.79292
fold: 8
Epoch		Time		AUC		AUPR		Accuracy		Precision		Recall		F1-score		Mcc
1		11888.61		0.80357		0.78557		0.71244		0.67982		0.80311		0.73634		0.43203
AUC improved at epoch  1 ;	best_auc: 0.8035651963811108
2		11889.96		0.80493		0.78989		0.67617		0.61111		0.96891		0.7495		0.43461
AUC improved at epoch  2 ;	best_auc: 0.8049343606539774
3		11891.72		0.80644		0.784		0.71762		0.7		0.76166		0.72953		0.43693
AUC improved at epoch  3 ;	best_auc: 0.8064377567183011
4		11893.25		0.80319		0.78187		0.6943		0.69634		0.68912		0.69271		0.38862
5		11894.77		0.80194		0.78025		0.70207		0.70103		0.70466		0.70284		0.40415
6		11896.29		0.7975		0.77841		0.71503		0.69124		0.7772		0.73171		0.43342
7		11897.96		0.79599		0.77635		0.71503		0.69484		0.76684		0.72906		0.43238
8		11899.36		0.79701		0.77631		0.70725		0.69802		0.73057		0.71392		0.41496
9		11900.9		0.79489		0.77459		0.70725		0.69048		0.7513		0.7196		0.41613
10		11902.31		0.79672		0.77648		0.70725		0.68868		0.75648		0.72099		0.41653
11		11904.05		0.79965		0.77981		0.70725		0.69231		0.74611		0.7182		0.41577
12		11905.48		0.8037		0.78147		0.71503		0.68778		0.78756		0.7343		0.43465
13		11906.9		0.81433		0.78766		0.7228		0.70093		0.7772		0.7371		0.44826
AUC improved at epoch  13 ;	best_auc: 0.8143305860560015
14		11908.57		0.82765		0.79416		0.74093		0.71041		0.81347		0.75845		0.48702
AUC improved at epoch  14 ;	best_auc: 0.8276463797685845
15		11910.1		0.83675		0.79737		0.75389		0.68992		0.92228		0.78936		0.53928
AUC improved at epoch  15 ;	best_auc: 0.8367472952294023
16		11911.71		0.84408		0.80443		0.77979		0.73894		0.86528		0.79714		0.56795
AUC improved at epoch  16 ;	best_auc: 0.844076351042981
17		11913.17		0.84265		0.79951		0.77202		0.71429		0.90674		0.79909		0.56493
18		11914.79		0.84469		0.80012		0.77461		0.7265		0.88083		0.79625		0.56205
AUC improved at epoch  18 ;	best_auc: 0.8446938172836854
19		11916.35		0.84327		0.80002		0.76425		0.70902		0.89637		0.79176		0.54798
20		11918.04		0.83989		0.80005		0.77202		0.71967		0.89119		0.7963		0.56019
21		11919.5		0.8383		0.79888		0.75907		0.71186		0.87047		0.78322		0.53149
22		11920.92		0.84061		0.80125		0.75907		0.72124		0.84456		0.77804		0.52588
23		11922.47		0.8412		0.80151		0.75389		0.71304		0.84974		0.77541		0.51737
24		11923.9		0.84059		0.79894		0.76166		0.70281		0.90674		0.79186		0.54684
25		11925.75		0.84555		0.80213		0.7772		0.73991		0.85492		0.79327		0.56123
AUC improved at epoch  25 ;	best_auc: 0.8455529007490133
26		11927.2		0.84665		0.8026		0.78756		0.73617		0.89637		0.80841		0.58925
AUC improved at epoch  26 ;	best_auc: 0.8466536014389648
27		11928.65		0.84421		0.79895		0.75907		0.69531		0.92228		0.79287		0.54816
28		11930.18		0.84641		0.80121		0.77461		0.73661		0.85492		0.79137		0.55645
29		11931.61		0.84579		0.79981		0.77979		0.73894		0.86528		0.79714		0.56795
30		11933.04		0.84271		0.7961		0.76166		0.69804		0.92228		0.79464		0.55261
31		11934.88		0.84708		0.80097		0.78497		0.72917		0.90674		0.80831		0.58764
AUC improved at epoch  31 ;	best_auc: 0.8470831431716287
32		11936.82		0.85022		0.80267		0.76684		0.73733		0.82902		0.78049		0.53785
AUC improved at epoch  32 ;	best_auc: 0.850224167091734
33		11938.58		0.85052		0.80342		0.79016		0.73529		0.90674		0.81206		0.59676
AUC improved at epoch  33 ;	best_auc: 0.8505194770329404
34		11939.79		0.85049		0.8038		0.77979		0.7093		0.94819		0.81153		0.5943
35		11940.98		0.85183		0.80539		0.79016		0.73529		0.90674		0.81206		0.59676
AUC improved at epoch  35 ;	best_auc: 0.8518349485892238
36		11942.5		0.85269		0.80709		0.78497		0.74336		0.87047		0.80191		0.57847
AUC improved at epoch  36 ;	best_auc: 0.8526940320545519
37		11943.96		0.85071		0.80862		0.76684		0.71548		0.88601		0.79167		0.54952
38		11945.18		0.84996		0.81085		0.75907		0.70661		0.88601		0.78621		0.53569
39		11946.94		0.85229		0.81195		0.78238		0.73799		0.87565		0.80095		0.57486
40		11948.27		0.85487		0.81408		0.78756		0.74667		0.87047		0.80383		0.5832
AUC improved at epoch  40 ;	best_auc: 0.8548685870761632
41		11950.02		0.85605		0.81616		0.78497		0.72727		0.91192		0.8092		0.58926
AUC improved at epoch  41 ;	best_auc: 0.8560498268409891
42		11951.81		0.85761		0.81806		0.78756		0.7247		0.92746		0.81364		0.59906
AUC improved at epoch  42 ;	best_auc: 0.8576069156218958
43		11953.32		0.85906		0.82002		0.7772		0.7316		0.87565		0.79717		0.56547
AUC improved at epoch  43 ;	best_auc: 0.8590566189696368
44		11955.01		0.859		0.81999		0.7772		0.7316		0.87565		0.79717		0.56547
45		11956.64		0.85745		0.81972		0.76684		0.71369		0.89119		0.79263		0.55099
46		11958.11		0.85876		0.8215		0.76943		0.71667		0.89119		0.79446		0.55559
47		11959.62		0.86459		0.82689		0.77979		0.74771		0.84456		0.79319		0.56434
AUC improved at epoch  47 ;	best_auc: 0.8645869687776853
48		11961.63		0.8655		0.82904		0.78238		0.73391		0.88601		0.80282		0.5773
AUC improved at epoch  48 ;	best_auc: 0.8654997449595963
49		11963.66		0.86507		0.83079		0.76684		0.70683		0.91192		0.79638		0.55767
50		11965.17		0.86762		0.83407		0.78756		0.74449		0.87565		0.80476		0.58427
AUC improved at epoch  50 ;	best_auc: 0.8676206072646245
51		11966.66		0.87036		0.8375		0.78497		0.74775		0.8601		0.8		0.57649
AUC improved at epoch  51 ;	best_auc: 0.8703589358103574
52		11968.08		0.8713		0.84068		0.77202		0.71255		0.91192		0.8		0.56667
AUC improved at epoch  52 ;	best_auc: 0.8712985583505597
53		11969.33		0.87307		0.84272		0.76943		0.708		0.9171		0.7991		0.56402
AUC improved at epoch  53 ;	best_auc: 0.8730704179977986
54		11970.83		0.87616		0.84567		0.79275		0.75566		0.86528		0.80676		0.59175
AUC improved at epoch  54 ;	best_auc: 0.8761577492013208
55		11972.56		0.87385		0.8452		0.78497		0.73707		0.88601		0.80471		0.58195
56		11974.04		0.87798		0.85131		0.77202		0.71605		0.90155		0.79817		0.56327
AUC improved at epoch  56 ;	best_auc: 0.8779833015651427
57		11975.69		0.8808		0.85401		0.78497		0.74554		0.86528		0.80096		0.57745
AUC improved at epoch  57 ;	best_auc: 0.8808021691857499
58		11977.51		0.88137		0.85366		0.77979		0.73478		0.87565		0.79905		0.57016
AUC improved at epoch  58 ;	best_auc: 0.8813659427098715
59		11979.06		0.87997		0.85182		0.7772		0.72385		0.89637		0.80093		0.57086
60		11980.56		0.88223		0.85411		0.78497		0.74123		0.87565		0.80285		0.57956
AUC improved at epoch  60 ;	best_auc: 0.8822250261751994
61		11982.27		0.88244		0.85344		0.76943		0.72414		0.87047		0.79059		0.55021
AUC improved at epoch  61 ;	best_auc: 0.8824397970415313
62		11983.78		0.88053		0.85146		0.76943		0.71667		0.89119		0.79446		0.55559
63		11985.71		0.88231		0.85266		0.79793		0.76744		0.85492		0.80882		0.59976
64		11987.34		0.88126		0.85596		0.76943		0.70472		0.92746		0.80089		0.56798
65		11988.74		0.88496		0.85969		0.79793		0.76256		0.86528		0.81068		0.60134
AUC improved at epoch  65 ;	best_auc: 0.8849633547209321
66		11990.23		0.88445		0.86016		0.79275		0.75336		0.87047		0.80769		0.5927
67		11991.79		0.88617		0.86332		0.77461		0.71721		0.90674		0.80092		0.56946
AUC improved at epoch  67 ;	best_auc: 0.8861714408440495
68		11993.24		0.88674		0.86522		0.77979		0.73276		0.88083		0.8		0.57137
AUC improved at epoch  68 ;	best_auc: 0.8867352143681709
69		11994.67		0.88921		0.86941		0.8057		0.77064		0.87047		0.81752		0.61659
AUC improved at epoch  69 ;	best_auc: 0.8892050793309888
70		11996.38		0.88918		0.87192		0.78238		0.72803		0.90155		0.80556		0.58153
71		11998.24		0.88902		0.87424		0.78756		0.73617		0.89637		0.80841		0.58925
72		11999.73		0.89326		0.88013		0.8057		0.7757		0.8601		0.81572		0.61505
AUC improved at epoch  72 ;	best_auc: 0.8932588794330047
73		12001.67		0.8939		0.8822		0.77979		0.73077		0.88601		0.80094		0.57266
AUC improved at epoch  73 ;	best_auc: 0.8939031920320009
74		12003.37		0.89406		0.88436		0.77461		0.71901		0.90155		0.8		0.56783
AUC improved at epoch  74 ;	best_auc: 0.8940642701817498
75		12005.01		0.89825		0.88841		0.82124		0.79524		0.86528		0.82878		0.64499
AUC improved at epoch  75 ;	best_auc: 0.8982523020752236
76		12007.02		0.89721		0.88881		0.79793		0.7533		0.88601		0.81429		0.60532
77		12008.42		0.89865		0.89268		0.78238		0.73391		0.88601		0.80282		0.5773
AUC improved at epoch  77 ;	best_auc: 0.898654997449596
78		12009.84		0.9019		0.89508		0.80829		0.77419		0.87047		0.81951		0.6214
AUC improved at epoch  78 ;	best_auc: 0.9019034068028672
79		12011.46		0.90432		0.89942		0.79793		0.75109		0.89119		0.81517		0.6065
AUC improved at epoch  79 ;	best_auc: 0.904319579049102
80		12013.09		0.90413		0.90203		0.78497		0.73707		0.88601		0.80471		0.58195
81		12014.71		0.90703		0.90552		0.81347		0.78947		0.85492		0.8209		0.62911
AUC improved at epoch  81 ;	best_auc: 0.9070310612365432
82		12016.62		0.90652		0.9049		0.8057		0.77064		0.87047		0.81752		0.61659
83		12017.98		0.90904		0.90716		0.78238		0.72428		0.91192		0.80734		0.58473
AUC improved at epoch  83 ;	best_auc: 0.9090445381084057
84		12019.74		0.91146		0.91018		0.81347		0.7788		0.87565		0.82439		0.63185
AUC improved at epoch  84 ;	best_auc: 0.9114607103546404
85		12021.55		0.91106		0.90999		0.81347		0.77626		0.88083		0.82524		0.63271
86		12023.41		0.91149		0.91096		0.80829		0.75983		0.90155		0.82464		0.62759
AUC improved at epoch  86 ;	best_auc: 0.9114875567129319
87		12024.98		0.91576		0.91506		0.82383		0.79343		0.87565		0.83251		0.65117
AUC improved at epoch  87 ;	best_auc: 0.9157561276812801
88		12026.86		0.91871		0.91697		0.81606		0.77477		0.89119		0.82892		0.63938
AUC improved at epoch  88 ;	best_auc: 0.9187092270933448
89		12028.31		0.91941		0.91688		0.81865		0.77333		0.90155		0.83254		0.64625
AUC improved at epoch  89 ;	best_auc: 0.9194072324089237
90		12030.07		0.91825		0.91609		0.8342		0.79724		0.89637		0.8439		0.67362
91		12031.54		0.91992		0.91756		0.82642		0.78899		0.89119		0.83698		0.6584
AUC improved at epoch  91 ;	best_auc: 0.9199173132164622
92		12033.79		0.9208		0.91887		0.82642		0.78899		0.89119		0.83698		0.6584
AUC improved at epoch  92 ;	best_auc: 0.9208032430400817
93		12035.58		0.92424		0.92234		0.83679		0.80374		0.89119		0.84521		0.6776
AUC improved at epoch  93 ;	best_auc: 0.9242395769013934
94		12037.18		0.92615		0.92439		0.81347		0.75966		0.9171		0.83099		0.64086
AUC improved at epoch  94 ;	best_auc: 0.9261456683400897
95		12038.57		0.92746		0.92622		0.85233		0.84694		0.8601		0.85347		0.70475
AUC improved at epoch  95 ;	best_auc: 0.927461139896373
96		12040.21		0.92451		0.92522		0.81088		0.75641		0.9171		0.82904		0.63628
97		12041.56		0.93154		0.93039		0.85751		0.86702		0.84456		0.85564		0.71527
AUC improved at epoch  97 ;	best_auc: 0.9315417863566807
98		12042.97		0.93347		0.93198		0.83679		0.79018		0.9171		0.84892		0.68244
AUC improved at epoch  98 ;	best_auc: 0.9334747241536686
99		12044.38		0.93522		0.93481		0.82642		0.76923		0.93264		0.84309		0.6681
AUC improved at epoch  99 ;	best_auc: 0.935219737442616
100		12045.79		0.93479		0.93649		0.83938		0.81643		0.87565		0.845		0.68055
101		12047.46		0.93141		0.9326		0.83938		0.8134		0.88083		0.84577		0.6811
102		12048.95		0.93283		0.93361		0.82902		0.78222		0.91192		0.84211		0.66727
103		12050.43		0.93793		0.93828		0.84197		0.80841		0.89637		0.85012		0.68802
AUC improved at epoch  103 ;	best_auc: 0.9379312196300572
104		12051.88		0.94239		0.94268		0.85233		0.80357		0.93264		0.86331		0.71393
AUC improved at epoch  104 ;	best_auc: 0.9423877151064458
105		12053.6		0.94083		0.94171		0.84974		0.80822		0.9171		0.85922		0.70592
106		12055.5		0.93675		0.93798		0.84715		0.81905		0.89119		0.8536		0.69701
107		12057.09		0.93986		0.94009		0.85492		0.83744		0.88083		0.85859		0.7108
108		12058.49		0.94609		0.94617		0.84197		0.80275		0.90674		0.85158		0.68975
AUC improved at epoch  108 ;	best_auc: 0.9460925125506725
109		12060.26		0.94663		0.94645		0.85233		0.80909		0.92228		0.86199		0.71166
AUC improved at epoch  109 ;	best_auc: 0.9466294397165025
110		12061.84		0.94231		0.94214		0.85492		0.82775		0.89637		0.8607		0.7123
111		12063.54		0.94166		0.94219		0.83938		0.79111		0.92228		0.85167		0.68828
112		12065.19		0.94797		0.94749		0.86788		0.87368		0.8601		0.86684		0.73584
AUC improved at epoch  112 ;	best_auc: 0.9479717576310773
113		12066.73		0.95087		0.94944		0.83938		0.76735		0.97409		0.85845		0.70482
AUC improved at epoch  113 ;	best_auc: 0.950871164326559
114		12068.26		0.94811		0.94688		0.86528		0.83412		0.91192		0.87129		0.73377
115		12069.63		0.9433		0.94403		0.86528		0.85075		0.88601		0.86802		0.7312
116		12071.14		0.93911		0.94211		0.82383		0.76824		0.92746		0.84038		0.66204
117		12073.19		0.94872		0.94978		0.8601		0.82938		0.90674		0.86634		0.72336
118		12074.54		0.95439		0.95409		0.87306		0.85644		0.89637		0.87595		0.74693
AUC improved at epoch  118 ;	best_auc: 0.9543880372627452
119		12076.24		0.95297		0.95237		0.86788		0.81982		0.94301		0.87711		0.7442
120		12077.98		0.94786		0.94935		0.87306		0.83962		0.92228		0.87901		0.74976
121		12079.45		0.94091		0.94492		0.8601		0.84236		0.88601		0.86364		0.72118
122		12080.8		0.9488		0.9512		0.8601		0.83902		0.89119		0.86432		0.7216
123		12082.27		0.95557		0.95619		0.86528		0.82488		0.92746		0.87317		0.73628
AUC improved at epoch  123 ;	best_auc: 0.9555692770275712
124		12083.47		0.95654		0.95678		0.86788		0.8381		0.91192		0.87345		0.73862
AUC improved at epoch  124 ;	best_auc: 0.956535745926065
125		12084.98		0.95181		0.95235		0.86528		0.83099		0.9171		0.87192		0.73452
126		12086.58		0.94817		0.94995		0.85751		0.81364		0.92746		0.86683		0.72213
127		12088.03		0.94781		0.94991		0.87824		0.86139		0.90155		0.88101		0.7573
128		12089.35		0.95364		0.95543		0.85492		0.80717		0.93264		0.86538		0.71858
129		12090.5		0.95756		0.95945		0.86788		0.8287		0.92746		0.87531		0.74103
AUC improved at epoch  129 ;	best_auc: 0.957555907541142
130		12091.81		0.95686		0.95881		0.86788		0.8287		0.92746		0.87531		0.74103
131		12093.35		0.95203		0.95386		0.85751		0.82547		0.90674		0.8642		0.71852
132		12095.05		0.95307		0.95478		0.85492		0.81279		0.92228		0.86408		0.71637
133		12096.33		0.95777		0.95939		0.88601		0.867		0.91192		0.88889		0.77306
AUC improved at epoch  133 ;	best_auc: 0.957770678407474
134		12097.87		0.96182		0.9635		0.88083		0.84507		0.93264		0.8867		0.76578
AUC improved at epoch  134 ;	best_auc: 0.9618244785094902
135		12099.41		0.96088		0.9633		0.86528		0.819		0.93782		0.8744		0.73838
136		12100.99		0.96303		0.96511		0.89378		0.87624		0.9171		0.8962		0.78842
AUC improved at epoch  136 ;	best_auc: 0.9630325646326076
137		12102.79		0.96121		0.96288		0.87565		0.83105		0.94301		0.8835		0.75821
138		12104.23		0.95734		0.96006		0.85233		0.80357		0.93264		0.86331		0.71393
139		12105.69		0.95275		0.9566		0.86528		0.84729		0.89119		0.86869		0.73155
140		12107.14		0.95863		0.96117		0.87047		0.83256		0.92746		0.87745		0.74579
141		12109.01		0.95969		0.96074		0.87565		0.83105		0.94301		0.8835		0.75821
142		12110.64		0.96201		0.96295		0.89637		0.86256		0.94301		0.90099		0.79622
143		12112.18		0.96174		0.96334		0.88083		0.84834		0.92746		0.88614		0.76499
144		12113.84		0.96047		0.96253		0.87565		0.8436		0.92228		0.88119		0.75458
145		12115.47		0.96118		0.96239		0.88083		0.83871		0.94301		0.8878		0.76762
146		12117.02		0.96127		0.96253		0.89637		0.86603		0.93782		0.9005		0.79548
147		12118.73		0.96121		0.96322		0.88342		0.85238		0.92746		0.88834		0.76983
148		12120.17		0.96491		0.96654		0.87565		0.83105		0.94301		0.8835		0.75821
AUC improved at epoch  148 ;	best_auc: 0.9649118097130124
149		12121.65		0.96658		0.96777		0.89119		0.84793		0.95337		0.89756		0.7885
AUC improved at epoch  149 ;	best_auc: 0.9665762839270853
150		12123.4		0.96429		0.96611		0.88083		0.83258		0.95337		0.88889		0.7698
151		12124.97		0.96191		0.96381		0.88601		0.85646		0.92746		0.89055		0.77469
152		12126.49		0.96314		0.96523		0.88083		0.83562		0.94819		0.88835		0.76866
153		12127.91		0.96671		0.96762		0.89637		0.85915		0.94819		0.90148		0.79704
AUC improved at epoch  153 ;	best_auc: 0.9667105157185428
154		12129.61		0.96637		0.96721		0.88342		0.83945		0.94819		0.89051		0.77335
155		12131.23		0.96284		0.9653		0.87565		0.82511		0.95337		0.88462		0.76054
156		12132.78		0.96421		0.96547		0.90155		0.88177		0.92746		0.90404		0.80419
157		12134.22		0.96593		0.9672		0.88601		0.84332		0.94819		0.89268		0.77806
158		12136.04		0.96574		0.96847		0.87565		0.83105		0.94301		0.8835		0.75821
159		12137.71		0.96718		0.96913		0.90155		0.87805		0.93264		0.90452		0.80467
AUC improved at epoch  159 ;	best_auc: 0.967180326988644
160		12139.01		0.96595		0.96609		0.90674		0.8756		0.94819		0.91045		0.81628
161		12140.35		0.96433		0.96459		0.8886		0.84404		0.95337		0.89538		0.78381
162		12141.83		0.96472		0.96588		0.88342		0.84579		0.93782		0.88943		0.77142
163		12143.12		0.96631		0.96842		0.8886		0.86058		0.92746		0.89277		0.77956
164		12144.25		0.96938		0.97109		0.89119		0.86473		0.92746		0.895		0.78445
AUC improved at epoch  164 ;	best_auc: 0.9693817283685467
165		12145.6		0.96966		0.97027		0.88342		0.84259		0.94301		0.88998		0.77234
AUC improved at epoch  165 ;	best_auc: 0.9696636151306075
166		12147.16		0.96713		0.96707		0.89119		0.85446		0.94301		0.89655		0.78662
167		12148.64		0.96419		0.96483		0.88342		0.84906		0.93264		0.88889		0.77058
168		12150.43		0.96476		0.96584		0.88342		0.84579		0.93782		0.88943		0.77142
169		12151.87		0.96695		0.96793		0.89378		0.86538		0.93264		0.89776		0.78995
170		12153.47		0.96815		0.96865		0.89896		0.85981		0.95337		0.90418		0.80269
171		12155.35		0.96804		0.96859		0.89378		0.84862		0.95855		0.90024		0.79426
172		12157.02		0.96611		0.96657		0.89119		0.84793		0.95337		0.89756		0.7885
173		12158.5		0.96487		0.96585		0.89378		0.85849		0.94301		0.89877		0.79141
174		12159.93		0.96349		0.96545		0.89119		0.85782		0.93782		0.89604		0.78581
175		12161.49		0.96331		0.96577		0.88601		0.84977		0.93782		0.89163		0.7762
176		12163.13		0.96527		0.96732		0.88601		0.84977		0.93782		0.89163		0.7762
177		12164.67		0.96769		0.96893		0.88601		0.84651		0.94301		0.89216		0.77709
178		12166.11		0.9694		0.96953		0.88601		0.84651		0.94301		0.89216		0.77709
179		12168.0		0.9694		0.96881		0.89378		0.84862		0.95855		0.90024		0.79426
180		12169.42		0.96813		0.96747		0.89378		0.85514		0.94819		0.89926		0.79227
181		12170.79		0.96603		0.96658		0.87824		0.84112		0.93264		0.88452		0.76099
182		12172.13		0.96282		0.96411		0.87047		0.82949		0.93264		0.87805		0.74673
183		12173.46		0.96432		0.96524		0.87824		0.84112		0.93264		0.88452		0.76099
184		12174.95		0.96723		0.96709		0.89637		0.86256		0.94301		0.90099		0.79622
185		12176.31		0.96931		0.96878		0.89119		0.85446		0.94301		0.89655		0.78662
186		12177.63		0.96891		0.96904		0.87824		0.82883		0.95337		0.88675		0.76516
187		12178.96		0.96721		0.96788		0.88342		0.83945		0.94819		0.89051		0.77335
188		12180.89		0.96569		0.96646		0.8886		0.85714		0.93264		0.8933		0.78023
189		12182.59		0.96498		0.96529		0.88601		0.84977		0.93782		0.89163		0.7762
190		12183.97		0.96525		0.96465		0.89378		0.84545		0.96373		0.90073		0.79539
191		12185.81		0.96695		0.96633		0.88601		0.84332		0.94819		0.89268		0.77806
192		12187.49		0.9673		0.96655		0.89378		0.85514		0.94819		0.89926		0.79227
193		12189.26		0.9662		0.96547		0.89637		0.85915		0.94819		0.90148		0.79704
194		12191.0		0.9658		0.96654		0.8886		0.84722		0.94819		0.89487		0.78278
195		12192.41		0.96689		0.96781		0.89637		0.85915		0.94819		0.90148		0.79704
196		12194.48		0.96591		0.96603		0.89119		0.85446		0.94301		0.89655		0.78662
197		12196.22		0.96482		0.96516		0.89119		0.86124		0.93264		0.89552		0.78509
198		12197.97		0.96397		0.96438		0.8886		0.85714		0.93264		0.8933		0.78023
199		12199.17		0.96385		0.96442		0.8886		0.85377		0.93782		0.89383		0.781
200		12200.49		0.96346		0.96381		0.8886		0.85047		0.94301		0.89435		0.78184
201		12202.29		0.96487		0.96449		0.89119		0.85116		0.94819		0.89706		0.78752
202		12204.16		0.96721		0.96601		0.88601		0.84332		0.94819		0.89268		0.77806
203		12205.54		0.96796		0.96674		0.89119		0.85116		0.94819		0.89706		0.78752
204		12206.91		0.96695		0.9661		0.8886		0.84722		0.94819		0.89487		0.78278
205		12208.93		0.96432		0.96435		0.8886		0.84404		0.95337		0.89538		0.78381
206		12210.22		0.96357		0.9632		0.89119		0.85116		0.94819		0.89706		0.78752
207		12211.6		0.96498		0.96518		0.89896		0.86321		0.94819		0.9037		0.80182
208		12212.88		0.96597		0.96626		0.90155		0.8673		0.94819		0.90594		0.80662
209		12214.06		0.96592		0.96593		0.89378		0.85185		0.95337		0.89976		0.79322
210		12215.23		0.96604		0.96605		0.89637		0.85253		0.95855		0.90244		0.79895
211		12216.62		0.96595		0.96598		0.89637		0.85581		0.95337		0.90196		0.79795
212		12217.87		0.96625		0.96621		0.89637		0.85915		0.94819		0.90148		0.79704
213		12219.55		0.96511		0.96524		0.8886		0.85047		0.94301		0.89435		0.78184
214		12221.45		0.96397		0.96465		0.88083		0.83871		0.94301		0.8878		0.76762
215		12226.65		0.96348		0.96441		0.87047		0.82648		0.93782		0.87864		0.74775
216		12232.05		0.96369		0.96477		0.88083		0.84507		0.93264		0.8867		0.76578
217		12237.13		0.96435		0.96481		0.88342		0.85238		0.92746		0.88834		0.76983
218		12239.05		0.9654		0.96569		0.8886		0.85047		0.94301		0.89435		0.78184
219		12240.24		0.96667		0.96694		0.89378		0.85514		0.94819		0.89926		0.79227
220		12241.63		0.96768		0.9678		0.89119		0.84793		0.95337		0.89756		0.7885
221		12242.86		0.96676		0.96697		0.89637		0.85915		0.94819		0.90148		0.79704
222		12244.05		0.96764		0.96741		0.89896		0.86321		0.94819		0.9037		0.80182
223		12245.26		0.96734		0.96718		0.90415		0.875		0.94301		0.90773		0.81074
224		12246.67		0.96493		0.96251		0.88342		0.84259		0.94301		0.88998		0.77234
225		12248.52		0.96369		0.96421		0.87565		0.83105		0.94301		0.8835		0.75821
226		12250.75		0.96247		0.96298		0.86788		0.8287		0.92746		0.87531		0.74103
227		12252.19		0.96373		0.96405		0.88342		0.85577		0.92228		0.88778		0.76917
228		12253.8		0.96624		0.96546		0.8886		0.85047		0.94301		0.89435		0.78184
229		12255.42		0.96578		0.96507		0.89896		0.86667		0.94301		0.90323		0.80104
230		12257.32		0.96596		0.96523		0.89637		0.86603		0.93782		0.9005		0.79548
231		12259.11		0.96717		0.9669		0.89378		0.85849		0.94301		0.89877		0.79141
232		12260.51		0.96812		0.96847		0.88601		0.84977		0.93782		0.89163		0.7762
233		12261.72		0.96734		0.9677		0.8886		0.84404		0.95337		0.89538		0.78381
234		12263.13		0.9666		0.96705		0.88601		0.84977		0.93782		0.89163		0.7762
235		12264.91		0.9656		0.96547		0.89119		0.85446		0.94301		0.89655		0.78662
236		12266.24		0.96443		0.9644		0.89637		0.85915		0.94819		0.90148		0.79704
237		12267.42		0.96417		0.96421		0.89378		0.85514		0.94819		0.89926		0.79227
238		12268.8		0.96335		0.96331		0.8886		0.85047		0.94301		0.89435		0.78184
239		12270.2		0.96356		0.96354		0.88601		0.84651		0.94301		0.89216		0.77709
240		12271.86		0.96487		0.96477		0.89637		0.86256		0.94301		0.90099		0.79622
241		12273.42		0.96612		0.96625		0.89896		0.87019		0.93782		0.90274		0.80035
242		12274.62		0.9676		0.96753		0.90674		0.87923		0.94301		0.91		0.81562
243		12275.82		0.96727		0.96624		0.90933		0.87619		0.95337		0.91315		0.82185
244		12277.5		0.96718		0.96624		0.90933		0.86916		0.96373		0.914		0.82354
245		12279.19		0.96748		0.96679		0.89896		0.85321		0.96373		0.90511		0.80471
246		12280.44		0.96537		0.96162		0.89637		0.84932		0.96373		0.90291		0.80004
247		12281.68		0.9658		0.9633		0.90155		0.85714		0.96373		0.90732		0.80939
248		12282.85		0.96482		0.96278		0.90155		0.85714		0.96373		0.90732		0.80939
249		12284.05		0.96409		0.96255		0.88601		0.85308		0.93264		0.89109		0.7754
250		12285.74		0.96358		0.96231		0.88601		0.85646		0.92746		0.89055		0.77469
251		12287.86		0.96352		0.96243		0.8886		0.85714		0.93264		0.8933		0.78023
252		12289.53		0.96356		0.96251		0.87565		0.83721		0.93264		0.88235		0.75622
253		12290.9		0.96439		0.96329		0.88342		0.84259		0.94301		0.88998		0.77234
254		12292.83		0.9662		0.96467		0.89119		0.85116		0.94819		0.89706		0.78752
255		12294.02		0.96801		0.96614		0.90155		0.8673		0.94819		0.90594		0.80662
256		12295.25		0.96808		0.96603		0.89896		0.86321		0.94819		0.9037		0.80182
257		12296.44		0.96842		0.96617		0.90415		0.87143		0.94819		0.90819		0.81144
258		12297.67		0.96789		0.96581		0.90674		0.8756		0.94819		0.91045		0.81628
259		12299.16		0.9667		0.96498		0.90155		0.8673		0.94819		0.90594		0.80662
260		12300.64		0.96511		0.96425		0.90155		0.8673		0.94819		0.90594		0.80662
261		12302.22		0.96408		0.96347		0.89119		0.85116		0.94819		0.89706		0.78752
262		12303.93		0.96386		0.96308		0.8886		0.85047		0.94301		0.89435		0.78184
263		12306.02		0.9645		0.96298		0.89119		0.85446		0.94301		0.89655		0.78662
264		12307.19		0.96636		0.96415		0.90155		0.87081		0.94301		0.90547		0.80588
265		12308.35		0.96667		0.96425		0.90155		0.86385		0.95337		0.9064		0.80746
266		12309.74		0.96667		0.96458		0.89896		0.85648		0.95855		0.90465		0.80365
267		12311.58		0.96776		0.96758		0.90155		0.86385		0.95337		0.9064		0.80746
268		12313.19		0.96791		0.96778		0.89637		0.86256		0.94301		0.90099		0.79622
269		12314.45		0.9675		0.96832		0.88601		0.84977		0.93782		0.89163		0.7762
270		12316.1		0.96713		0.96808		0.89119		0.85116		0.94819		0.89706		0.78752
271		12317.83		0.96703		0.96789		0.8886		0.85377		0.93782		0.89383		0.781
272		12319.93		0.96672		0.96664		0.88601		0.84977		0.93782		0.89163		0.7762
273		12321.2		0.96694		0.96686		0.89896		0.86321		0.94819		0.9037		0.80182
274		12323.11		0.96609		0.96376		0.90415		0.87143		0.94819		0.90819		0.81144
275		12324.46		0.96554		0.96299		0.90415		0.87143		0.94819		0.90819		0.81144
276		12325.67		0.96639		0.96372		0.90415		0.87143		0.94819		0.90819		0.81144
277		12326.97		0.96698		0.9644		0.89637		0.85915		0.94819		0.90148		0.79704
278		12328.13		0.96695		0.96386		0.89637		0.85915		0.94819		0.90148		0.79704
279		12329.65		0.96674		0.96632		0.89119		0.86124		0.93264		0.89552		0.78509
280		12331.14		0.96558		0.96567		0.8886		0.85377		0.93782		0.89383		0.781
281		12333.46		0.96454		0.96217		0.88601		0.84977		0.93782		0.89163		0.7762
282		12334.64		0.96596		0.96388		0.88601		0.84651		0.94301		0.89216		0.77709
283		12335.82		0.96574		0.96423		0.89378		0.85514		0.94819		0.89926		0.79227
284		12336.97		0.96586		0.96464		0.89119		0.85116		0.94819		0.89706		0.78752
285		12338.29		0.9653		0.96417		0.88601		0.84018		0.95337		0.8932		0.77912
286		12339.62		0.96502		0.96365		0.88601		0.84018		0.95337		0.8932		0.77912
287		12340.8		0.96541		0.96398		0.89119		0.84793		0.95337		0.89756		0.7885
288		12342.07		0.96569		0.9636		0.89896		0.86321		0.94819		0.9037		0.80182
289		12343.66		0.96694		0.96726		0.89119		0.85782		0.93782		0.89604		0.78581
290		12345.3		0.96725		0.96746		0.89378		0.85849		0.94301		0.89877		0.79141
291		12347.24		0.96705		0.9644		0.89896		0.86321		0.94819		0.9037		0.80182
292		12349.01		0.96721		0.96481		0.90415		0.86792		0.95337		0.90864		0.81224
293		12350.87		0.96613		0.96374		0.90155		0.86385		0.95337		0.9064		0.80746
294		12352.29		0.96526		0.96319		0.89896		0.85981		0.95337		0.90418		0.80269
295		12353.46		0.96515		0.96281		0.90155		0.86385		0.95337		0.9064		0.80746
296		12354.72		0.96586		0.96366		0.90415		0.87143		0.94819		0.90819		0.81144
297		12355.92		0.96666		0.96436		0.90155		0.8744		0.93782		0.905		0.80523
298		12357.19		0.96819		0.96846		0.89896		0.87379		0.93264		0.90226		0.79974
299		12358.42		0.96733		0.968		0.89896		0.86667		0.94301		0.90323		0.80104
300		12360.08		0.96561		0.96427		0.88601		0.84332		0.94819		0.89268		0.77806
301		12361.75		0.96603		0.96458		0.8886		0.84722		0.94819		0.89487		0.78278
302		12363.79		0.96608		0.96479		0.88342		0.84579		0.93782		0.88943		0.77142
303		12365.5		0.96577		0.96433		0.89637		0.86603		0.93782		0.9005		0.79548
304		12366.89		0.96566		0.9643		0.89119		0.85782		0.93782		0.89604		0.78581
305		12368.32		0.96538		0.96408		0.89119		0.84793		0.95337		0.89756		0.7885
306		12369.83		0.96564		0.96457		0.88601		0.84018		0.95337		0.8932		0.77912
307		12371.15		0.96588		0.96466		0.88342		0.83636		0.95337		0.89104		0.77446
308		12372.37		0.96642		0.96487		0.88083		0.83258		0.95337		0.88889		0.7698
309		12373.56		0.9688		0.9695		0.8886		0.84722		0.94819		0.89487		0.78278
310		12375.05		0.96895		0.96939		0.89896		0.86667		0.94301		0.90323		0.80104
311		12377.2		0.96772		0.96527		0.8886		0.85047		0.94301		0.89435		0.78184
312		12378.68		0.96675		0.96444		0.88342		0.84259		0.94301		0.88998		0.77234
313		12380.03		0.96522		0.96318		0.87824		0.83486		0.94301		0.88564		0.7629
314		12381.46		0.96454		0.96289		0.88083		0.83871		0.94301		0.8878		0.76762
315		12383.0		0.96466		0.96321		0.88601		0.84018		0.95337		0.8932		0.77912
316		12384.55		0.96494		0.96315		0.89119		0.84793		0.95337		0.89756		0.7885
317		12385.99		0.96511		0.9627		0.89637		0.86256		0.94301		0.90099		0.79622
318		12387.81		0.96608		0.96321		0.89896		0.86667		0.94301		0.90323		0.80104
319		12389.21		0.96674		0.96393		0.90155		0.87081		0.94301		0.90547		0.80588
320		12390.75		0.96722		0.96439		0.90415		0.86792		0.95337		0.90864		0.81224
321		12392.27		0.96735		0.96455		0.90674		0.86854		0.95855		0.91133		0.81787
322		12393.86		0.96699		0.96394		0.90155		0.86385		0.95337		0.9064		0.80746
323		12395.38		0.9668		0.96387		0.90155		0.86385		0.95337		0.9064		0.80746
324		12397.24		0.9662		0.96349		0.89896		0.85981		0.95337		0.90418		0.80269
325		12399.08		0.96624		0.96359		0.89119		0.85446		0.94301		0.89655		0.78662
326		12400.99		0.96605		0.96343		0.89119		0.85446		0.94301		0.89655		0.78662
327		12402.72		0.96671		0.96415		0.88601		0.84651		0.94301		0.89216		0.77709
328		12404.37		0.96643		0.96391		0.89378		0.85849		0.94301		0.89877		0.79141
329		12406.43		0.96459		0.96187		0.8886		0.85377		0.93782		0.89383		0.781
330		12408.55		0.96385		0.96095		0.8886		0.85047		0.94301		0.89435		0.78184
331		12409.9		0.96352		0.96077		0.8886		0.85047		0.94301		0.89435		0.78184
332		12411.19		0.96319		0.96043		0.89119		0.85782		0.93782		0.89604		0.78581
333		12412.75		0.96339		0.961		0.88601		0.85308		0.93264		0.89109		0.7754
334		12414.08		0.96403		0.96157		0.89119		0.86124		0.93264		0.89552		0.78509
335		12415.48		0.96474		0.96212		0.89637		0.86256		0.94301		0.90099		0.79622
336		12417.05		0.96558		0.96296		0.89637		0.85915		0.94819		0.90148		0.79704
337		12418.92		0.96608		0.9634		0.89119		0.85116		0.94819		0.89706		0.78752
338		12420.64		0.96569		0.96274		0.8886		0.84404		0.95337		0.89538		0.78381
339		12422.22		0.96495		0.96238		0.88342		0.83945		0.94819		0.89051		0.77335
340		12423.67		0.96365		0.96165		0.88601		0.84977		0.93782		0.89163		0.7762
341		12424.92		0.96286		0.961		0.88601		0.85308		0.93264		0.89109		0.7754
342		12426.37		0.96368		0.96463		0.88601		0.8599		0.92228		0.89		0.77406
343		12427.69		0.96417		0.96497		0.88342		0.85577		0.92228		0.88778		0.76917
344		12429.09		0.96405		0.96171		0.88601		0.85308		0.93264		0.89109		0.7754
345		12430.71		0.9649		0.96223		0.88342		0.84259		0.94301		0.88998		0.77234
346		12432.53		0.96509		0.96186		0.88342		0.83945		0.94819		0.89051		0.77335
347		12434.0		0.96632		0.96316		0.89637		0.86256		0.94301		0.90099		0.79622
348		12435.75		0.96699		0.96714		0.90155		0.87805		0.93264		0.90452		0.80467
349		12437.11		0.96609		0.96664		0.89637		0.86957		0.93264		0.9		0.79484
350		12438.65		0.96405		0.96216		0.8886		0.85047		0.94301		0.89435		0.78184
351		12440.47		0.96275		0.96129		0.88083		0.83871		0.94301		0.8878		0.76762
352		12442.18		0.96388		0.96199		0.89119		0.85446		0.94301		0.89655		0.78662
353		12443.76		0.96531		0.96548		0.89896		0.87019		0.93782		0.90274		0.80035
354		12445.67		0.96609		0.96577		0.90674		0.88293		0.93782		0.90955		0.81505
355		12447.36		0.966		0.96548		0.89119		0.85446		0.94301		0.89655		0.78662
356		12448.66		0.96242		0.95866		0.87824		0.83182		0.94819		0.8862		0.76399
357		12449.87		0.96603		0.96492		0.8886		0.85047		0.94301		0.89435		0.78184
358		12451.26		0.9684		0.96694		0.90933		0.8835		0.94301		0.91228		0.82052
359		12452.55		0.96827		0.96703		0.90415		0.88235		0.93264		0.9068		0.80961
360		12453.84		0.96509		0.96241		0.88342		0.84259		0.94301		0.88998		0.77234
361		12455.3		0.96144		0.96015		0.86269		0.81532		0.93782		0.87229		0.73372
362		12457.11		0.96135		0.96011		0.87047		0.82648		0.93782		0.87864		0.74775
363		12458.66		0.96506		0.96553		0.88601		0.85308		0.93264		0.89109		0.7754
364		12460.72		0.9682		0.96753		0.89896		0.87745		0.92746		0.90176		0.79923
365		12462.76		0.96903		0.96782		0.90155		0.88177		0.92746		0.90404		0.80419
366		12464.21		0.96851		0.96732		0.89119		0.85782		0.93782		0.89604		0.78581
367		12465.41		0.96764		0.96642		0.88601		0.84332		0.94819		0.89268		0.77806
368		12466.71		0.96719		0.96591		0.8886		0.84404		0.95337		0.89538		0.78381
369		12467.95		0.96667		0.96551		0.89119		0.84475		0.95855		0.89806		0.78958
370		12469.55		0.96562		0.96459		0.89119		0.85446		0.94301		0.89655		0.78662
371		12471.6		0.96385		0.96307		0.89378		0.8619		0.93782		0.89826		0.79064
372		12473.44		0.96262		0.9625		0.89896		0.86667		0.94301		0.90323		0.80104
373		12475.07		0.96172		0.96214		0.88601		0.84651		0.94301		0.89216		0.77709
374		12477.21		0.96255		0.96298		0.88342		0.84259		0.94301		0.88998		0.77234
375		12478.4		0.9637		0.96414		0.88083		0.83871		0.94301		0.8878		0.76762
376		12479.78		0.96462		0.96487		0.88342		0.84579		0.93782		0.88943		0.77142
377		12481.07		0.96534		0.96524		0.8886		0.85377		0.93782		0.89383		0.781
378		12482.29		0.96603		0.96585		0.88342		0.84906		0.93264		0.88889		0.77058
379		12483.8		0.96654		0.96612		0.88601		0.84977		0.93782		0.89163		0.7762
380		12485.13		0.9649		0.96197		0.89119		0.85116		0.94819		0.89706		0.78752
381		12487.36		0.96395		0.96157		0.89119		0.85116		0.94819		0.89706		0.78752
382		12488.54		0.96459		0.96488		0.88601		0.84977		0.93782		0.89163		0.7762
383		12490.47		0.96463		0.96496		0.88342		0.84579		0.93782		0.88943		0.77142
384		12491.65		0.96478		0.96498		0.89119		0.86124		0.93264		0.89552		0.78509
385		12492.98		0.96495		0.96606		0.89896		0.87379		0.93264		0.90226		0.79974
386		12494.22		0.96482		0.96633		0.90155		0.87805		0.93264		0.90452		0.80467
387		12495.44		0.96518		0.96643		0.89896		0.87379		0.93264		0.90226		0.79974
388		12496.89		0.9653		0.96593		0.8886		0.85714		0.93264		0.8933		0.78023
389		12498.82		0.96577		0.96656		0.89119		0.85116		0.94819		0.89706		0.78752
390		12500.63		0.96629		0.96677		0.89119		0.85116		0.94819		0.89706		0.78752
391		12502.39		0.96569		0.96604		0.8886		0.85047		0.94301		0.89435		0.78184
392		12504.32		0.9646		0.96489		0.8886		0.85377		0.93782		0.89383		0.781
393		12505.58		0.96425		0.96455		0.89378		0.85849		0.94301		0.89877		0.79141
394		12506.95		0.96243		0.96031		0.87565		0.8341		0.93782		0.88293		0.75717
395		12508.11		0.96193		0.9595		0.87565		0.83105		0.94301		0.8835		0.75821
396		12509.35		0.96399		0.96443		0.87565		0.83105		0.94301		0.8835		0.75821
397		12510.52		0.96507		0.96519		0.88601		0.84651		0.94301		0.89216		0.77709
398		12511.68		0.96534		0.96193		0.89637		0.85915		0.94819		0.90148		0.79704
399		12513.57		0.96591		0.96212		0.89896		0.85648		0.95855		0.90465		0.80365
400		12515.08		0.96684		0.96252		0.90415		0.86449		0.95855		0.90909		0.81312
401		12517.09		0.96761		0.96599		0.90155		0.86047		0.95855		0.90686		0.80838
402		12518.3		0.96727		0.96548		0.90674		0.86854		0.95855		0.91133		0.81787
403		12519.64		0.9662		0.96462		0.90933		0.87264		0.95855		0.91358		0.82265
404		12520.93		0.96554		0.96392		0.90674		0.87204		0.95337		0.91089		0.81703
405		12522.21		0.96507		0.9635		0.90674		0.8756		0.94819		0.91045		0.81628
406		12524.22		0.9649		0.96364		0.90155		0.8673		0.94819		0.90594		0.80662
407		12525.62		0.96404		0.95978		0.89896		0.86667		0.94301		0.90323		0.80104
408		12527.21		0.96419		0.96038		0.89378		0.8619		0.93782		0.89826		0.79064
409		12528.62		0.96476		0.96155		0.89378		0.8619		0.93782		0.89826		0.79064
410		12530.0		0.9647		0.9615		0.89119		0.85782		0.93782		0.89604		0.78581
411		12531.48		0.96435		0.96127		0.89378		0.86538		0.93264		0.89776		0.78995
412		12533.08		0.96451		0.96156		0.89119		0.85446		0.94301		0.89655		0.78662
413		12534.59		0.96467		0.96188		0.89119		0.85782		0.93782		0.89604		0.78581
414		12536.01		0.96431		0.961		0.90155		0.8744		0.93782		0.905		0.80523
415		12537.61		0.96352		0.96021		0.89896		0.87019		0.93782		0.90274		0.80035
416		12539.01		0.96294		0.95999		0.89119		0.85782		0.93782		0.89604		0.78581
417		12540.72		0.96287		0.96006		0.89119		0.85446		0.94301		0.89655		0.78662
418		12542.18		0.9635		0.96077		0.8886		0.85377		0.93782		0.89383		0.781
419		12543.85		0.96662		0.96638		0.89637		0.86957		0.93264		0.9		0.79484
420		12545.24		0.96848		0.96779		0.89637		0.86603		0.93782		0.9005		0.79548
421		12547.07		0.96905		0.96837		0.89378		0.85849		0.94301		0.89877		0.79141
422		12548.67		0.96872		0.96848		0.89119		0.84475		0.95855		0.89806		0.78958
423		12550.28		0.96699		0.96404		0.89378		0.84862		0.95855		0.90024		0.79426
424		12551.7		0.96561		0.96347		0.8886		0.84722		0.94819		0.89487		0.78278
425		12553.35		0.96428		0.9625		0.8886		0.85047		0.94301		0.89435		0.78184
426		12554.84		0.96389		0.96222		0.89119		0.86124		0.93264		0.89552		0.78509
427		12556.48		0.96417		0.96212		0.89637		0.86957		0.93264		0.9		0.79484
428		12558.18		0.96624		0.96715		0.89896		0.87019		0.93782		0.90274		0.80035
429		12559.57		0.96711		0.96505		0.89896		0.86321		0.94819		0.9037		0.80182
430		12561.36		0.96698		0.96508		0.88601		0.84332		0.94819		0.89268		0.77806
431		12562.69		0.96746		0.96797		0.89378		0.85514		0.94819		0.89926		0.79227
432		12564.09		0.9666		0.96687		0.89637		0.86256		0.94301		0.90099		0.79622
433		12565.39		0.96662		0.96686		0.89637		0.86603		0.93782		0.9005		0.79548
434		12566.82		0.96699		0.9671		0.89637		0.86256		0.94301		0.90099		0.79622
435		12568.33		0.96627		0.96621		0.90674		0.8756		0.94819		0.91045		0.81628
436		12569.67		0.96444		0.96049		0.89896		0.86321		0.94819		0.9037		0.80182
437		12570.96		0.96439		0.96057		0.89896		0.86321		0.94819		0.9037		0.80182
438		12572.88		0.96488		0.96142		0.89119		0.85116		0.94819		0.89706		0.78752
439		12574.32		0.9655		0.96191		0.8886		0.84722		0.94819		0.89487		0.78278
440		12575.68		0.96671		0.96649		0.89119		0.85446		0.94301		0.89655		0.78662
441		12577.14		0.96674		0.96642		0.89896		0.87379		0.93264		0.90226		0.79974
442		12578.79		0.96621		0.96584		0.89896		0.87745		0.92746		0.90176		0.79923
443		12580.15		0.96552		0.96519		0.89378		0.87255		0.92228		0.89673		0.78885
444		12582.15		0.96479		0.96486		0.88083		0.85167		0.92228		0.88557		0.76429
445		12583.88		0.96415		0.96482		0.88083		0.84507		0.93264		0.8867		0.76578
446		12585.71		0.96431		0.96516		0.87824		0.84434		0.92746		0.88395		0.76017
447		12587.52		0.9629		0.96085		0.88083		0.84834		0.92746		0.88614		0.76499
448		12589.13		0.96127		0.95911		0.88601		0.85308		0.93264		0.89109		0.7754
449		12590.34		0.96048		0.9583		0.8886		0.85047		0.94301		0.89435		0.78184
450		12591.52		0.96094		0.958		0.89119		0.85446		0.94301		0.89655		0.78662
451		12593.07		0.96231		0.95946		0.87824		0.83486		0.94301		0.88564		0.7629
452		12594.32		0.96368		0.96066		0.88083		0.83871		0.94301		0.8878		0.76762
453		12595.53		0.9645		0.96135		0.88601		0.84332		0.94819		0.89268		0.77806
454		12596.89		0.96522		0.96194		0.88601		0.84651		0.94301		0.89216		0.77709
455		12598.75		0.96471		0.9621		0.89378		0.8619		0.93782		0.89826		0.79064
456		12600.66		0.96348		0.96105		0.89119		0.85782		0.93782		0.89604		0.78581
457		12602.5		0.96224		0.95992		0.8886		0.85377		0.93782		0.89383		0.781
458		12604.05		0.96229		0.96028		0.88342		0.85577		0.92228		0.88778		0.76917
459		12605.6		0.96322		0.96431		0.87824		0.85096		0.9171		0.88279		0.75877
460		12607.02		0.96352		0.96449		0.88342		0.85922		0.9171		0.88722		0.76858
461		12608.4		0.96464		0.96539		0.8886		0.85714		0.93264		0.8933		0.78023
462		12609.72		0.96676		0.96678		0.89119		0.86124		0.93264		0.89552		0.78509
463		12611.21		0.96805		0.96795		0.89637		0.86256		0.94301		0.90099		0.79622
464		12613.36		0.96773		0.9649		0.89637		0.86256		0.94301		0.90099		0.79622
465		12615.31		0.96636		0.96335		0.89637		0.86256		0.94301		0.90099		0.79622
466		12616.72		0.96503		0.96205		0.88601		0.84977		0.93782		0.89163		0.7762
467		12618.29		0.96431		0.96123		0.8886		0.85377		0.93782		0.89383		0.781
468		12619.73		0.96483		0.96154		0.88601		0.84977		0.93782		0.89163		0.7762
469		12621.66		0.96454		0.96141		0.87565		0.83721		0.93264		0.88235		0.75622
470		12623.19		0.96378		0.96116		0.88083		0.83871		0.94301		0.8878		0.76762
471		12624.96		0.96474		0.96181		0.8886		0.86058		0.92746		0.89277		0.77956
472		12626.65		0.96537		0.96252		0.8886		0.86058		0.92746		0.89277		0.77956
473		12628.71		0.96507		0.96328		0.8886		0.85377		0.93782		0.89383		0.781
474		12630.0		0.96568		0.96414		0.89119		0.85116		0.94819		0.89706		0.78752
475		12631.2		0.96675		0.96441		0.89378		0.85185		0.95337		0.89976		0.79322
476		12632.48		0.96689		0.96438		0.89896		0.85648		0.95855		0.90465		0.80365
477		12634.1		0.96742		0.96468		0.89896		0.85981		0.95337		0.90418		0.80269
478		12635.77		0.96856		0.96891		0.89378		0.84862		0.95855		0.90024		0.79426
479		12637.19		0.96809		0.96822		0.89637		0.85915		0.94819		0.90148		0.79704
480		12638.39		0.9682		0.96842		0.89637		0.86603		0.93782		0.9005		0.79548
481		12639.73		0.9678		0.9683		0.89637		0.86603		0.93782		0.9005		0.79548
482		12641.3		0.96723		0.96788		0.8886		0.85714		0.93264		0.8933		0.78023
483		12643.19		0.9669		0.96816		0.8886		0.85714		0.93264		0.8933		0.78023
484		12644.85		0.96523		0.96385		0.8886		0.85377		0.93782		0.89383		0.781
485		12646.44		0.96558		0.964		0.88342		0.84906		0.93264		0.88889		0.77058
486		12648.05		0.96552		0.96357		0.88601		0.84977		0.93782		0.89163		0.7762
487		12649.84		0.96522		0.96279		0.89896		0.87379		0.93264		0.90226		0.79974
488		12651.51		0.96596		0.96666		0.89637		0.87317		0.92746		0.8995		0.79428
489		12652.7		0.96439		0.96161		0.89637		0.87317		0.92746		0.8995		0.79428
490		12654.07		0.96369		0.96099		0.87824		0.84112		0.93264		0.88452		0.76099
491		12655.41		0.96326		0.96055		0.87565		0.83721		0.93264		0.88235		0.75622
492		12657.3		0.96443		0.96118		0.88342		0.84906		0.93264		0.88889		0.77058
493		12658.73		0.96637		0.96574		0.89378		0.86893		0.92746		0.89724		0.78936
494		12659.96		0.96741		0.96621		0.89378		0.86893		0.92746		0.89724		0.78936
495		12661.3		0.96711		0.96202		0.89637		0.86603		0.93782		0.9005		0.79548
496		12662.87		0.96577		0.96095		0.8886		0.84722		0.94819		0.89487		0.78278
497		12664.6		0.96565		0.9608		0.8886		0.84091		0.95855		0.89588		0.78492
498		12665.93		0.966		0.96141		0.89119		0.84793		0.95337		0.89756		0.7885
499		12667.28		0.96631		0.96105		0.89637		0.85915		0.94819		0.90148		0.79704
500		12668.6		0.9669		0.96546		0.89896		0.86667		0.94301		0.90323		0.80104
501		12670.09		0.96531		0.96442		0.89119		0.85782		0.93782		0.89604		0.78581
502		12671.9		0.96436		0.96427		0.87824		0.84112		0.93264		0.88452		0.76099
503		12673.23		0.96302		0.96341		0.87306		0.83028		0.93782		0.88078		0.75245
504		12675.38		0.96361		0.96425		0.88601		0.84977		0.93782		0.89163		0.7762
505		12676.74		0.96518		0.96582		0.89378		0.86538		0.93264		0.89776		0.78995
506		12678.59		0.96631		0.96689		0.90415		0.87143		0.94819		0.90819		0.81144
507		12679.96		0.96698		0.9674		0.90155		0.8673		0.94819		0.90594		0.80662
508		12681.28		0.96748		0.96791		0.89119		0.84475		0.95855		0.89806		0.78958
509		12682.48		0.96706		0.9674		0.8886		0.84091		0.95855		0.89588		0.78492
510		12683.67		0.96686		0.96695		0.88342		0.83636		0.95337		0.89104		0.77446
511		12685.69		0.96604		0.96576		0.87824		0.83796		0.93782		0.88509		0.76191
512		12687.0		0.96545		0.96508		0.89896		0.87379		0.93264		0.90226		0.79974
513		12688.48		0.96419		0.96421		0.89378		0.86893		0.92746		0.89724		0.78936
514		12690.14		0.96264		0.96348		0.88083		0.84507		0.93264		0.8867		0.76578
515		12691.82		0.96016		0.95835		0.87306		0.83333		0.93264		0.8802		0.75147
516		12693.85		0.95952		0.9582		0.87306		0.83333		0.93264		0.8802		0.75147
517		12695.49		0.96054		0.95893		0.88083		0.84507		0.93264		0.8867		0.76578
518		12696.8		0.96172		0.95939		0.89378		0.86893		0.92746		0.89724		0.78936
519		12698.0		0.96345		0.96369		0.89637		0.87685		0.92228		0.89899		0.79381
520		12699.72		0.96484		0.96414		0.89378		0.86538		0.93264		0.89776		0.78995
521		12701.95		0.96553		0.96147		0.88601		0.84977		0.93782		0.89163		0.7762
522		12703.37		0.96601		0.96135		0.88601		0.84977		0.93782		0.89163		0.7762
523		12704.56		0.96639		0.96555		0.8886		0.85047		0.94301		0.89435		0.78184
524		12705.82		0.96611		0.96544		0.89378		0.85514		0.94819		0.89926		0.79227
525		12707.6		0.96589		0.96553		0.89119		0.85116		0.94819		0.89706		0.78752
526		12709.25		0.96472		0.96482		0.8886		0.84722		0.94819		0.89487		0.78278
527		12710.55		0.96412		0.96458		0.8886		0.85047		0.94301		0.89435		0.78184
528		12711.77		0.9638		0.96443		0.88601		0.84977		0.93782		0.89163		0.7762
529		12713.51		0.96341		0.96426		0.88083		0.84186		0.93782		0.88725		0.76666
530		12715.49		0.96314		0.96403		0.88601		0.84977		0.93782		0.89163		0.7762
531		12716.84		0.96342		0.96415		0.88342		0.84579		0.93782		0.88943		0.77142
532		12718.02		0.96411		0.96466		0.89378		0.85185		0.95337		0.89976		0.79322
533		12719.23		0.96488		0.96506		0.89378		0.85185		0.95337		0.89976		0.79322
534		12720.93		0.96607		0.96624		0.89637		0.85581		0.95337		0.90196		0.79795
535		12722.49		0.96639		0.96614		0.89896		0.85981		0.95337		0.90418		0.80269
536		12724.05		0.96585		0.9619		0.89896		0.86321		0.94819		0.9037		0.80182
537		12725.25		0.96623		0.96217		0.89896		0.85981		0.95337		0.90418		0.80269
538		12726.75		0.9658		0.96172		0.88601		0.84977		0.93782		0.89163		0.7762
539		12728.92		0.96522		0.96128		0.88601		0.84977		0.93782		0.89163		0.7762
540		12730.66		0.96389		0.95994		0.8886		0.85377		0.93782		0.89383		0.781
541		12732.0		0.96386		0.95989		0.88601		0.85308		0.93264		0.89109		0.7754
542		12733.31		0.96399		0.96029		0.88601		0.85308		0.93264		0.89109		0.7754
543		12734.71		0.96321		0.95932		0.87824		0.84112		0.93264		0.88452		0.76099
544		12736.34		0.96286		0.9592		0.88342		0.84579		0.93782		0.88943		0.77142
545		12737.9		0.96353		0.96335		0.8886		0.85377		0.93782		0.89383		0.781
546		12739.12		0.96306		0.95922		0.8886		0.85377		0.93782		0.89383		0.781
547		12740.63		0.9637		0.96041		0.88601		0.84977		0.93782		0.89163		0.7762
548		12742.51		0.96548		0.96563		0.89378		0.85514		0.94819		0.89926		0.79227
549		12743.71		0.96566		0.96581		0.89378		0.85514		0.94819		0.89926		0.79227
550		12744.93		0.96601		0.96601		0.89119		0.85446		0.94301		0.89655		0.78662
551		12746.17		0.96631		0.9661		0.89119		0.85446		0.94301		0.89655		0.78662
552		12747.55		0.96654		0.96574		0.89378		0.8619		0.93782		0.89826		0.79064
553		12748.82		0.9664		0.96549		0.90415		0.875		0.94301		0.90773		0.81074
554		12750.71		0.96495		0.96072		0.89637		0.86256		0.94301		0.90099		0.79622
555		12752.15		0.96439		0.96033		0.89896		0.86321		0.94819		0.9037		0.80182
556		12753.67		0.96345		0.95988		0.88083		0.83562		0.94819		0.88835		0.76866
557		12755.56		0.96329		0.95944		0.88083		0.83562		0.94819		0.88835		0.76866
558		12756.99		0.96279		0.95815		0.87565		0.83721		0.93264		0.88235		0.75622
559		12758.44		0.96346		0.96222		0.88601		0.85308		0.93264		0.89109		0.7754
560		12759.93		0.96231		0.9616		0.87306		0.83333		0.93264		0.8802		0.75147
561		12761.78		0.96283		0.96246		0.87306		0.83028		0.93782		0.88078		0.75245
562		12763.49		0.96439		0.96351		0.87565		0.83105		0.94301		0.8835		0.75821
563		12764.92		0.96664		0.96527		0.88601		0.85308		0.93264		0.89109		0.7754
564		12766.25		0.96745		0.96583		0.89637		0.86957		0.93264		0.9		0.79484
565		12767.71		0.96505		0.96022		0.8886		0.85377		0.93782		0.89383		0.781
566		12769.33		0.96271		0.95882		0.88083		0.84507		0.93264		0.8867		0.76578
567		12770.85		0.96109		0.95754		0.88083		0.84507		0.93264		0.8867		0.76578
568		12772.22		0.96278		0.96285		0.88601		0.85308		0.93264		0.89109		0.7754
569		12773.64		0.96299		0.96348		0.88601		0.8599		0.92228		0.89		0.77406
570		12775.49		0.96339		0.96369		0.89119		0.87192		0.9171		0.89394		0.78344
571		12777.04		0.96237		0.963		0.8886		0.86058		0.92746		0.89277		0.77956
572		12778.63		0.96133		0.96205		0.87824		0.83486		0.94301		0.88564		0.7629
573		12780.1		0.96286		0.96232		0.88342		0.84259		0.94301		0.88998		0.77234
574		12781.76		0.96334		0.9615		0.8886		0.85047		0.94301		0.89435		0.78184
575		12783.29		0.96522		0.9627		0.8886		0.85047		0.94301		0.89435		0.78184
576		12785.51		0.96586		0.96369		0.88601		0.84651		0.94301		0.89216		0.77709
577		12786.8		0.96433		0.9597		0.87306		0.81858		0.95855		0.88305		0.75727
578		12788.13		0.96268		0.95884		0.87306		0.81579		0.96373		0.88361		0.75869
579		12789.32		0.96291		0.9629		0.88342		0.84259		0.94301		0.88998		0.77234
580		12790.47		0.96242		0.96248		0.88083		0.85167		0.92228		0.88557		0.76429
581		12791.74		0.96284		0.96292		0.8886		0.86058		0.92746		0.89277		0.77956
582		12793.93		0.9627		0.96332		0.87565		0.8436		0.92228		0.88119		0.75458
583		12795.14		0.96287		0.96015		0.87824		0.83486		0.94301		0.88564		0.7629
584		12796.36		0.96442		0.96164		0.87565		0.8341		0.93782		0.88293		0.75717
585		12798.19		0.96546		0.96237		0.87824		0.83796		0.93782		0.88509		0.76191
586		12799.92		0.96631		0.96608		0.89119		0.85446		0.94301		0.89655		0.78662
587		12801.2		0.96471		0.96105		0.87824		0.83796		0.93782		0.88509		0.76191
588		12802.51		0.96423		0.96069		0.87824		0.83486		0.94301		0.88564		0.7629
589		12803.77		0.96337		0.96006		0.87824		0.83486		0.94301		0.88564		0.7629
590		12805.02		0.96302		0.95936		0.88083		0.84186		0.93782		0.88725		0.76666
591		12807.3		0.96275		0.95926		0.8886		0.85047		0.94301		0.89435		0.78184
592		12809.11		0.96213		0.95818		0.89119		0.85782		0.93782		0.89604		0.78581
593		12810.39		0.96282		0.95912		0.8886		0.85377		0.93782		0.89383		0.781
594		12812.12		0.96372		0.95998		0.88601		0.85308		0.93264		0.89109		0.7754
595		12813.88		0.9642		0.96035		0.88083		0.84507		0.93264		0.8867		0.76578
596		12815.13		0.96407		0.96061		0.87824		0.84112		0.93264		0.88452		0.76099
597		12816.41		0.9645		0.96115		0.87824		0.83796		0.93782		0.88509		0.76191
598		12817.6		0.96491		0.96149		0.87824		0.83796		0.93782		0.88509		0.76191
599		12818.82		0.96498		0.96112		0.89119		0.85782		0.93782		0.89604		0.78581
600		12820.57		0.96376		0.96029		0.88601		0.84977		0.93782		0.89163		0.7762
601		12822.26		0.96302		0.95998		0.88083		0.84186		0.93782		0.88725		0.76666
602		12823.7		0.96219		0.95946		0.87306		0.82727		0.94301		0.88136		0.75352
603		12825.19		0.96268		0.95973		0.87565		0.83105		0.94301		0.8835		0.75821
604		12826.93		0.96334		0.96014		0.88083		0.84507		0.93264		0.8867		0.76578
605		12828.39		0.96415		0.96071		0.88083		0.84507		0.93264		0.8867		0.76578
606		12830.1		0.96459		0.9608		0.89637		0.86603		0.93782		0.9005		0.79548
607		12831.31		0.96498		0.96124		0.89378		0.8619		0.93782		0.89826		0.79064
608		12832.63		0.96533		0.96134		0.88601		0.84977		0.93782		0.89163		0.7762
609		12834.69		0.96544		0.96132		0.88601		0.84332		0.94819		0.89268		0.77806
610		12836.71		0.96518		0.961		0.88601		0.84977		0.93782		0.89163		0.7762
611		12838.05		0.96534		0.96476		0.89637		0.86957		0.93264		0.9		0.79484
612		12839.46		0.96435		0.96366		0.89637		0.87317		0.92746		0.8995		0.79428
613		12840.91		0.96412		0.96347		0.89637		0.87317		0.92746		0.8995		0.79428
614		12842.28		0.96427		0.96386		0.89637		0.86957		0.93264		0.9		0.79484
615		12843.99		0.96365		0.95989		0.8886		0.85377		0.93782		0.89383		0.781
616		12846.07		0.96419		0.96021		0.8886		0.85047		0.94301		0.89435		0.78184
617		12847.49		0.9648		0.96067		0.89637		0.86256		0.94301		0.90099		0.79622
618		12849.07		0.96458		0.9603		0.89896		0.86667		0.94301		0.90323		0.80104
619		12850.75		0.96478		0.96017		0.90415		0.875		0.94301		0.90773		0.81074
620		12852.86		0.96478		0.96006		0.89896		0.86667		0.94301		0.90323		0.80104
621		12854.23		0.96454		0.96002		0.89119		0.85446		0.94301		0.89655		0.78662
622		12855.67		0.96471		0.96027		0.8886		0.85047		0.94301		0.89435		0.78184
623		12856.94		0.96384		0.95999		0.88083		0.83871		0.94301		0.8878		0.76762
624		12858.16		0.96431		0.9603		0.88083		0.83871		0.94301		0.8878		0.76762
625		12859.53		0.96556		0.96097		0.88601		0.84977		0.93782		0.89163		0.7762
626		12860.86		0.96603		0.96471		0.89378		0.86538		0.93264		0.89776		0.78995
627		12862.81		0.96589		0.96449		0.89637		0.87317		0.92746		0.8995		0.79428
628		12864.26		0.96339		0.95975		0.87565		0.83721		0.93264		0.88235		0.75622
629		12866.39		0.96028		0.95773		0.86269		0.81818		0.93264		0.87167		0.73259
630		12868.48		0.96203		0.95903		0.88083		0.84186		0.93782		0.88725		0.76666
631		12870.08		0.96486		0.96051		0.89896		0.87745		0.92746		0.90176		0.79923
632		12871.32		0.96595		0.96123		0.90415		0.88614		0.92746		0.90633		0.80917
633		12872.55		0.96225		0.95936		0.87306		0.82727		0.94301		0.88136		0.75352
634		12873.73		0.95927		0.95717		0.8601		0.80617		0.94819		0.87143		0.73165
635		12875.03		0.96591		0.96569		0.89896		0.87745		0.92746		0.90176		0.79923
636		12876.22		0.96676		0.96633		0.90155		0.88945		0.9171		0.90306		0.8035
637		12877.78		0.96295		0.96047		0.86788		0.82273		0.93782		0.87651		0.74306
638		12879.28		0.96204		0.961		0.87306		0.83028		0.93782		0.88078		0.75245
639		12881.1		0.96372		0.96154		0.90155		0.88945		0.9171		0.90306		0.8035
640		12882.97		0.96486		0.96016		0.89378		0.85514		0.94819		0.89926		0.79227
641		12884.2		0.96134		0.95807		0.88342		0.83636		0.95337		0.89104		0.77446
642		12885.36		0.96502		0.96479		0.91451		0.9		0.93264		0.91603		0.82956
643		12886.6		0.96534		0.96657		0.90933		0.89109		0.93264		0.91139		0.81954
644		12887.94		0.96199		0.96131		0.87565		0.82511		0.95337		0.88462		0.76054
645		12889.27		0.95723		0.95656		0.88342		0.83636		0.95337		0.89104		0.77446
646		12890.64		0.95982		0.95989		0.8886		0.88265		0.89637		0.88946		0.7773
647		12892.12		0.96374		0.96396		0.88342		0.85577		0.92228		0.88778		0.76917
648		12893.94		0.9626		0.96324		0.8886		0.85047		0.94301		0.89435		0.78184
649		12895.57		0.96313		0.95963		0.87824		0.82301		0.96373		0.88783		0.76778
650		12897.0		0.96114		0.95687		0.88601		0.84977		0.93782		0.89163		0.7762
651		12898.33		0.95701		0.95253		0.89119		0.86829		0.92228		0.89447		0.7839
652		12899.9		0.96466		0.96347		0.88083		0.8296		0.95855		0.88942		0.77103
653		12901.57		0.96334		0.9615		0.87824		0.81739		0.97409		0.88889		0.77077
654		12902.95		0.97064		0.97038		0.9171		0.92147		0.91192		0.91667		0.83424
AUC improved at epoch  654 ;	best_auc: 0.9706435072082472
655		12904.51		0.95878		0.95765		0.8601		0.80349		0.95337		0.87204		0.73307
656		12906.7		0.9468		0.95284		0.88083		0.91525		0.83938		0.87568		0.76429
657		12908.18		0.93911		0.93982		0.71762		0.64189		0.98446		0.7771		0.51465
658		12909.49		0.91439		0.92231		0.65026		1.0		0.30052		0.46215		0.42051
659		12910.98		0.9156		0.92235		0.6943		0.62215		0.98964		0.764		0.48159
660		12912.33		0.93114		0.93794		0.80052		0.72656		0.96373		0.82851		0.63587
661		12913.79		0.93272		0.93912		0.82902		0.87574		0.76684		0.81768		0.66318
662		12915.04		0.93361		0.94015		0.83161		0.94444		0.70466		0.80712		0.68568
663		12916.48		0.935		0.9416		0.85233		0.88636		0.80829		0.84553		0.70741
664		12918.3		0.92582		0.93243		0.79016		0.71875		0.95337		0.8196		0.61394
665		12920.56		0.91978		0.92659		0.71762		0.64189		0.98446		0.7771		0.51465
666		12922.28		0.93404		0.93855		0.7487		0.67266		0.96891		0.79406		0.55403
667		12924.13		0.94054		0.9435		0.84974		0.8		0.93264		0.86124		0.7093
668		12925.41		0.94147		0.94398		0.8601		0.88398		0.82902		0.85561		0.7216
669		12926.73		0.93699		0.93952		0.84456		0.90303		0.77202		0.8324		0.69649
670		12928.13		0.93189		0.9343		0.82902		0.88024		0.76166		0.81667		0.66408
671		12929.47		0.92937		0.93139		0.8342		0.85635		0.80311		0.82888		0.66969
672		12930.7		0.92896		0.93117		0.83938		0.8359		0.84456		0.84021		0.67879
673		12931.98		0.93192		0.93379		0.83679		0.79545		0.90674		0.84746		0.68026
674		12933.87		0.93648		0.93729		0.82124		0.75833		0.94301		0.84065		0.66243
675		12935.43		0.94362		0.94331		0.83161		0.76891		0.94819		0.84919		0.68201
676		12936.84		0.94824		0.94847		0.86528		0.81333		0.94819		0.8756		0.74082
677		12938.33		0.95012		0.95093		0.87824		0.84762		0.92228		0.88337		0.75943
678		12940.23		0.9495		0.95067		0.87565		0.8607		0.89637		0.87817		0.75194
679		12941.73		0.94856		0.94968		0.87824		0.87245		0.88601		0.87918		0.75657
680		12943.45		0.94918		0.94974		0.88342		0.87755		0.89119		0.88432		0.76693
681		12945.13		0.95009		0.94987		0.8886		0.86408		0.92228		0.89223		0.77897
682		12946.51		0.95025		0.94968		0.87306		0.83645		0.92746		0.87961		0.75057
683		12948.3		0.94886		0.94856		0.86269		0.82407		0.92228		0.87042		0.7306
684		12949.88		0.94803		0.94833		0.87565		0.85714		0.90155		0.87879		0.75231
685		12951.25		0.94974		0.9508		0.87824		0.87629		0.88083		0.87855		0.75649
686		12952.6		0.95291		0.9543		0.87824		0.89674		0.85492		0.87533		0.7573
687		12953.88		0.95568		0.95742		0.88601		0.8984		0.87047		0.88421		0.77239
688		12955.35		0.95643		0.95884		0.88601		0.87817		0.89637		0.88718		0.77219
689		12957.05		0.95726		0.95975		0.87565		0.84689		0.9171		0.8806		0.75389
690		12958.52		0.95874		0.96074		0.88342		0.83945		0.94819		0.89051		0.77335
691		12959.68		0.95944		0.96094		0.8886		0.86058		0.92746		0.89277		0.77956
692		12961.13		0.95968		0.96132		0.89119		0.87192		0.9171		0.89394		0.78344
693		12962.84		0.95986		0.96218		0.89119		0.86829		0.92228		0.89447		0.7839
694		12964.46		0.96062		0.96348		0.8886		0.85714		0.93264		0.8933		0.78023
695		12965.79		0.96027		0.96405		0.88342		0.84579		0.93782		0.88943		0.77142
696		12967.19		0.96148		0.96527		0.90415		0.89		0.92228		0.90585		0.80882
697		12968.71		0.96233		0.96624		0.90155		0.89744		0.90674		0.90206		0.80315
698		12970.04		0.96242		0.96648		0.89119		0.86829		0.92228		0.89447		0.7839
699		12971.99		0.96386		0.9676		0.89896		0.86667		0.94301		0.90323		0.80104
700		12973.22		0.96467		0.96788		0.89896		0.87745		0.92746		0.90176		0.79923
701		12974.79		0.96521		0.96835		0.89896		0.88119		0.92228		0.90127		0.7988
702		12976.31		0.9662		0.96925		0.89378		0.87255		0.92228		0.89673		0.78885
703		12977.74		0.96612		0.96941		0.89378		0.8619		0.93782		0.89826		0.79064
704		12979.28		0.96663		0.96977		0.89896		0.885		0.9171		0.90076		0.79845
705		12981.02		0.96636		0.96954		0.90933		0.89899		0.92228		0.91049		0.81893
706		12982.78		0.96631		0.96955		0.90415		0.87864		0.93782		0.90727		0.81013
707		12984.65		0.96676		0.96965		0.90155		0.8673		0.94819		0.90594		0.80662
708		12986.78		0.96813		0.97048		0.90933		0.8835		0.94301		0.91228		0.82052
709		12988.13		0.96915		0.97119		0.90933		0.88725		0.93782		0.91184		0.81999
710		12989.65		0.97039		0.97241		0.90674		0.87923		0.94301		0.91		0.81562
711		12990.91		0.97001		0.97238		0.8886		0.84722		0.94819		0.89487		0.78278
712		12992.15		0.97004		0.97242		0.89119		0.85116		0.94819		0.89706		0.78752
713		12993.35		0.97079		0.97297		0.91451		0.89216		0.94301		0.91688		0.83037
AUC improved at epoch  713 ;	best_auc: 0.9707911621788505
714		12995.08		0.97025		0.9725		0.91969		0.8932		0.95337		0.92231		0.84129
715		12996.84		0.96937		0.9718		0.90933		0.87264		0.95855		0.91358		0.82265
716		12998.55		0.96937		0.97174		0.90674		0.86854		0.95855		0.91133		0.81787
717		13000.36		0.96985		0.97226		0.91192		0.88038		0.95337		0.91542		0.82668
718		13002.8		0.97046		0.97281		0.91451		0.88835		0.94819		0.91729		0.8309
719		13004.03		0.97125		0.9734		0.91969		0.90099		0.94301		0.92152		0.84029
AUC improved at epoch  719 ;	best_auc: 0.971247550269806
720		13005.29		0.97141		0.97338		0.91451		0.88835		0.94819		0.91729		0.8309
AUC improved at epoch  720 ;	best_auc: 0.9714086284195549
721		13006.56		0.97106		0.97313		0.90933		0.87264		0.95855		0.91358		0.82265
722		13007.94		0.97137		0.97358		0.90933		0.87264		0.95855		0.91358		0.82265
723		13009.16		0.97227		0.97417		0.92228		0.88995		0.96373		0.92537		0.84748
AUC improved at epoch  723 ;	best_auc: 0.9722677118848828
724		13011.02		0.97293		0.97489		0.92228		0.88995		0.96373		0.92537		0.84748
AUC improved at epoch  724 ;	best_auc: 0.9729254476630246
725		13012.67		0.97274		0.97469		0.92228		0.88995		0.96373		0.92537		0.84748
726		13014.36		0.97211		0.97413		0.92228		0.88995		0.96373		0.92537		0.84748
727		13016.2		0.97157		0.97353		0.91969		0.88571		0.96373		0.92308		0.84265
728		13018.2		0.97075		0.97284		0.91969		0.88571		0.96373		0.92308		0.84265
729		13019.53		0.97036		0.97237		0.91451		0.88095		0.95855		0.91811		0.83225
730		13020.85		0.97021		0.97205		0.92228		0.89372		0.95855		0.925		0.84679
731		13022.31		0.97023		0.97195		0.91969		0.88942		0.95855		0.92269		0.84192
732		13023.51		0.97056		0.97195		0.91451		0.88835		0.94819		0.91729		0.8309
733		13024.72		0.97114		0.97232		0.91192		0.88406		0.94819		0.915		0.82601
734		13025.94		0.97152		0.97251		0.91192		0.88038		0.95337		0.91542		0.82668
735		13027.32		0.97156		0.97257		0.90933		0.87619		0.95337		0.91315		0.82185
736		13028.64		0.97166		0.97266		0.91451		0.88095		0.95855		0.91811		0.83225
737		13030.36		0.97164		0.97272		0.9171		0.88889		0.95337		0.92		0.8364
738		13032.48		0.97173		0.97265		0.91451		0.88462		0.95337		0.91771		0.83153
739		13034.2		0.97166		0.97277		0.91451		0.88462		0.95337		0.91771		0.83153
740		13035.7		0.97156		0.97268		0.9171		0.88889		0.95337		0.92		0.8364
741		13037.12		0.97144		0.97268		0.91969		0.8932		0.95337		0.92231		0.84129
742		13038.89		0.97118		0.97254		0.91969		0.88942		0.95855		0.92269		0.84192
743		13040.58		0.97119		0.97258		0.91969		0.88942		0.95855		0.92269		0.84192
744		13042.24		0.97098		0.9724		0.91969		0.88942		0.95855		0.92269		0.84192
745		13043.76		0.97082		0.9723		0.92228		0.89372		0.95855		0.925		0.84679
746		13045.04		0.97103		0.97257		0.92228		0.89372		0.95855		0.925		0.84679
747		13047.27		0.97103		0.97272		0.92228		0.89372		0.95855		0.925		0.84679
748		13049.06		0.97055		0.97217		0.92228		0.89372		0.95855		0.925		0.84679
749		13050.62		0.9704		0.97183		0.91969		0.88942		0.95855		0.92269		0.84192
750		13051.81		0.97017		0.97169		0.91969		0.88942		0.95855		0.92269		0.84192
751		13053.08		0.97008		0.97141		0.91969		0.88942		0.95855		0.92269		0.84192
752		13054.43		0.97032		0.97177		0.91969		0.88942		0.95855		0.92269		0.84192
753		13055.97		0.97059		0.97185		0.91969		0.88942		0.95855		0.92269		0.84192
754		13057.37		0.9711		0.97223		0.92228		0.89372		0.95855		0.925		0.84679
755		13058.61		0.97135		0.97217		0.92228		0.89756		0.95337		0.92462		0.8462
756		13060.5		0.97176		0.97228		0.92228		0.89756		0.95337		0.92462		0.8462
757		13062.46		0.97213		0.9727		0.92487		0.89806		0.95855		0.92732		0.85168
758		13064.21		0.97215		0.97271		0.92487		0.89806		0.95855		0.92732		0.85168
759		13065.73		0.97209		0.97274		0.9171		0.88517		0.95855		0.9204		0.83708
760		13067.72		0.97236		0.97323		0.91451		0.88095		0.95855		0.91811		0.83225
761		13069.15		0.97209		0.97273		0.91192		0.87678		0.95855		0.91584		0.82744
762		13071.27		0.97205		0.97277		0.91192		0.87678		0.95855		0.91584		0.82744
763		13072.5		0.97207		0.9727		0.91192		0.87678		0.95855		0.91584		0.82744
764		13074.52		0.97235		0.97299		0.9171		0.88517		0.95855		0.9204		0.83708
765		13076.0		0.97231		0.97295		0.91451		0.88462		0.95337		0.91771		0.83153
766		13077.91		0.97256		0.97327		0.91451		0.88835		0.94819		0.91729		0.8309
767		13079.39		0.9727		0.97349		0.9171		0.88889		0.95337		0.92		0.8364
768		13080.62		0.97225		0.97323		0.9171		0.88889		0.95337		0.92		0.8364
769		13081.83		0.97177		0.97302		0.92228		0.88995		0.96373		0.92537		0.84748
770		13083.18		0.97165		0.97241		0.92228		0.88995		0.96373		0.92537		0.84748
771		13084.68		0.9714		0.97236		0.92228		0.88995		0.96373		0.92537		0.84748
772		13086.05		0.97145		0.97245		0.91969		0.88571		0.96373		0.92308		0.84265
773		13088.12		0.97125		0.97239		0.9171		0.88517		0.95855		0.9204		0.83708
774		13089.36		0.9711		0.97226		0.9171		0.88517		0.95855		0.9204		0.83708
775		13091.08		0.97125		0.97242		0.91969		0.88942		0.95855		0.92269		0.84192
776		13092.74		0.97131		0.97232		0.91969		0.88942		0.95855		0.92269		0.84192
777		13093.97		0.97142		0.97231		0.91969		0.88942		0.95855		0.92269		0.84192
778		13095.27		0.97184		0.97314		0.91969		0.8932		0.95337		0.92231		0.84129
779		13096.87		0.97144		0.97214		0.9171		0.89268		0.94819		0.9196		0.83581
780		13098.8		0.97101		0.97165		0.91451		0.88835		0.94819		0.91729		0.8309
781		13100.45		0.97089		0.97158		0.91192		0.88406		0.94819		0.915		0.82601
782		13102.25		0.97056		0.97147		0.91451		0.88462		0.95337		0.91771		0.83153
783		13103.5		0.97027		0.97129		0.9171		0.88517		0.95855		0.9204		0.83708
784		13105.22		0.9705		0.97144		0.91969		0.88942		0.95855		0.92269		0.84192
785		13107.06		0.97068		0.97157		0.91969		0.88942		0.95855		0.92269		0.84192
786		13108.57		0.97075		0.97175		0.92228		0.89372		0.95855		0.925		0.84679
787		13109.96		0.97086		0.97185		0.91969		0.8932		0.95337		0.92231		0.84129
788		13111.28		0.97075		0.97187		0.91969		0.8932		0.95337		0.92231		0.84129
789		13112.51		0.97105		0.97209		0.91969		0.8932		0.95337		0.92231		0.84129
790		13114.73		0.9711		0.97212		0.9171		0.88889		0.95337		0.92		0.8364
791		13115.96		0.97082		0.97205		0.9171		0.88889		0.95337		0.92		0.8364
792		13117.32		0.97068		0.97194		0.9171		0.88889		0.95337		0.92		0.8364
793		13118.53		0.97058		0.97083		0.91969		0.88942		0.95855		0.92269		0.84192
794		13120.07		0.97071		0.971		0.91969		0.88942		0.95855		0.92269		0.84192
795		13121.82		0.97131		0.97251		0.91969		0.88942		0.95855		0.92269		0.84192
796		13123.35		0.9713		0.97244		0.91969		0.88942		0.95855		0.92269		0.84192
797		13124.54		0.97161		0.97273		0.91969		0.88942		0.95855		0.92269		0.84192
798		13126.38		0.97166		0.97275		0.92228		0.89372		0.95855		0.925		0.84679
799		13127.86		0.97199		0.97303		0.91969		0.88942		0.95855		0.92269		0.84192
800		13130.06		0.97223		0.97323		0.91192		0.87678		0.95855		0.91584		0.82744
801		13131.41		0.97212		0.97305		0.91451		0.88095		0.95855		0.91811		0.83225
802		13132.7		0.97205		0.97297		0.91451		0.88095		0.95855		0.91811		0.83225
803		13134.01		0.97204		0.97288		0.91969		0.88942		0.95855		0.92269		0.84192
804		13135.6		0.97199		0.97284		0.9171		0.88889		0.95337		0.92		0.8364
805		13137.73		0.97193		0.97283		0.9171		0.88889		0.95337		0.92		0.8364
806		13139.51		0.9718		0.97275		0.91451		0.88462		0.95337		0.91771		0.83153
807		13140.74		0.97164		0.97273		0.91451		0.88462		0.95337		0.91771		0.83153
808		13142.09		0.97149		0.97269		0.91969		0.88942		0.95855		0.92269		0.84192
809		13144.0		0.97079		0.97221		0.91192		0.88038		0.95337		0.91542		0.82668
810		13145.44		0.97031		0.9718		0.91451		0.88462		0.95337		0.91771		0.83153
811		13146.73		0.96997		0.97159		0.91192		0.88406		0.94819		0.915		0.82601
812		13147.96		0.96978		0.97149		0.91451		0.88835		0.94819		0.91729		0.8309
813		13149.37		0.96952		0.97126		0.9171		0.89268		0.94819		0.9196		0.83581
814		13151.09		0.96931		0.97112		0.91451		0.88835		0.94819		0.91729		0.8309
815		13152.83		0.96913		0.97098		0.91451		0.88835		0.94819		0.91729		0.8309
816		13154.05		0.9694		0.97117		0.91969		0.89706		0.94819		0.92191		0.84074
817		13155.25		0.96974		0.97149		0.91969		0.89706		0.94819		0.92191		0.84074
818		13157.48		0.97008		0.97168		0.91451		0.88835		0.94819		0.91729		0.8309
819		13159.32		0.97029		0.97178		0.91451		0.88835		0.94819		0.91729		0.8309
820		13160.58		0.97056		0.97192		0.9171		0.88889		0.95337		0.92		0.8364
821		13161.87		0.97115		0.97243		0.9171		0.88889		0.95337		0.92		0.8364
822		13163.07		0.9714		0.97262		0.9171		0.88889		0.95337		0.92		0.8364
823		13164.42		0.97174		0.97283		0.9171		0.88889		0.95337		0.92		0.8364
824		13165.81		0.97209		0.97316		0.9171		0.88889		0.95337		0.92		0.8364
825		13167.48		0.97201		0.97306		0.9171		0.88517		0.95855		0.9204		0.83708
826		13169.37		0.97212		0.97311		0.9171		0.88517		0.95855		0.9204		0.83708
827		13171.0		0.97182		0.97281		0.91451		0.88095		0.95855		0.91811		0.83225
828		13172.4		0.97176		0.97289		0.91451		0.88095		0.95855		0.91811		0.83225
829		13173.57		0.97182		0.9731		0.91969		0.88942		0.95855		0.92269		0.84192
830		13174.75		0.97168		0.97299		0.91969		0.88942		0.95855		0.92269		0.84192
831		13176.0		0.97165		0.97298		0.91969		0.88942		0.95855		0.92269		0.84192
832		13177.35		0.97152		0.97286		0.9171		0.88517		0.95855		0.9204		0.83708
833		13178.55		0.97149		0.97282		0.9171		0.88517		0.95855		0.9204		0.83708
834		13179.89		0.97146		0.97285		0.91969		0.88942		0.95855		0.92269		0.84192
835		13181.54		0.97172		0.9731		0.91969		0.88942		0.95855		0.92269		0.84192
836		13183.35		0.97144		0.9729		0.91969		0.88942		0.95855		0.92269		0.84192
837		13185.07		0.97157		0.97299		0.91969		0.88942		0.95855		0.92269		0.84192
838		13186.41		0.9716		0.97297		0.9171		0.88889		0.95337		0.92		0.8364
839		13188.17		0.97141		0.97289		0.9171		0.88889		0.95337		0.92		0.8364
840		13190.1		0.97131		0.97299		0.91969		0.8932		0.95337		0.92231		0.84129
841		13191.83		0.97099		0.97283		0.9171		0.88889		0.95337		0.92		0.8364
842		13193.06		0.97078		0.97268		0.9171		0.88889		0.95337		0.92		0.8364
843		13194.33		0.97054		0.97245		0.9171		0.88889		0.95337		0.92		0.8364
844		13195.48		0.97015		0.97218		0.9171		0.88889		0.95337		0.92		0.8364
845		13196.75		0.97012		0.97211		0.9171		0.88889		0.95337		0.92		0.8364
846		13197.97		0.97004		0.972		0.91451		0.88462		0.95337		0.91771		0.83153
847		13199.59		0.96984		0.97184		0.91451		0.88462		0.95337		0.91771		0.83153
848		13201.24		0.96993		0.97195		0.91451		0.88462		0.95337		0.91771		0.83153
849		13203.21		0.96972		0.97178		0.91451		0.88462		0.95337		0.91771		0.83153
850		13204.51		0.96965		0.97171		0.91451		0.88462		0.95337		0.91771		0.83153
851		13205.79		0.96984		0.97184		0.9171		0.89268		0.94819		0.9196		0.83581
852		13206.95		0.96986		0.9719		0.9171		0.89268		0.94819		0.9196		0.83581
853		13208.14		0.96991		0.97193		0.9171		0.89268		0.94819		0.9196		0.83581
854		13209.49		0.9693		0.97046		0.9171		0.89268		0.94819		0.9196		0.83581
855		13210.84		0.96927		0.97044		0.9171		0.89268		0.94819		0.9196		0.83581
856		13212.91		0.96919		0.97031		0.9171		0.89268		0.94819		0.9196		0.83581
857		13214.61		0.96926		0.9704		0.9171		0.88889		0.95337		0.92		0.8364
858		13216.31		0.96931		0.97046		0.9171		0.88889		0.95337		0.92		0.8364
859		13217.74		0.96931		0.97049		0.9171		0.88889		0.95337		0.92		0.8364
860		13219.15		0.96929		0.97042		0.9171		0.88889		0.95337		0.92		0.8364
861		13221.22		0.96941		0.97062		0.91451		0.88462		0.95337		0.91771		0.83153
862		13222.72		0.96972		0.97087		0.91451		0.88462		0.95337		0.91771		0.83153
863		13224.12		0.96997		0.97106		0.91451		0.88462		0.95337		0.91771		0.83153
864		13225.56		0.97044		0.97147		0.91451		0.88462		0.95337		0.91771		0.83153
865		13227.21		0.97042		0.97135		0.91192		0.88038		0.95337		0.91542		0.82668
866		13228.72		0.97011		0.97113		0.91451		0.88462		0.95337		0.91771		0.83153
867		13230.41		0.96993		0.97117		0.91192		0.88038		0.95337		0.91542		0.82668
868		13231.78		0.96997		0.97112		0.9171		0.88889		0.95337		0.92		0.8364
869		13233.43		0.96969		0.9708		0.91451		0.88835		0.94819		0.91729		0.8309
870		13235.12		0.96991		0.9719		0.91451		0.88835		0.94819		0.91729		0.8309
871		13236.63		0.96977		0.97174		0.91192		0.8878		0.94301		0.91457		0.82543
872		13237.97		0.96986		0.97169		0.91192		0.8878		0.94301		0.91457		0.82543
873		13239.36		0.97009		0.97182		0.91192		0.8878		0.94301		0.91457		0.82543
874		13240.58		0.97042		0.97211		0.90674		0.87923		0.94301		0.91		0.81562
875		13241.96		0.9704		0.97223		0.90674		0.87923		0.94301		0.91		0.81562
876		13243.19		0.97043		0.97228		0.90933		0.8835		0.94301		0.91228		0.82052
877		13245.31		0.97019		0.97215		0.90674		0.87923		0.94301		0.91		0.81562
878		13247.14		0.97003		0.97202		0.90674		0.8756		0.94819		0.91045		0.81628
879		13248.49		0.96995		0.97205		0.90415		0.87143		0.94819		0.90819		0.81144
880		13249.79		0.96982		0.97198		0.90415		0.87143		0.94819		0.90819		0.81144
881		13251.17		0.96985		0.97192		0.90674		0.8756		0.94819		0.91045		0.81628
882		13252.52		0.97004		0.97204		0.90674		0.87923		0.94301		0.91		0.81562
883		13253.73		0.97021		0.97218		0.90933		0.8835		0.94301		0.91228		0.82052
884		13255.15		0.97011		0.97206		0.90933		0.8835		0.94301		0.91228		0.82052
885		13256.44		0.96993		0.97193		0.90674		0.87923		0.94301		0.91		0.81562
886		13257.89		0.96978		0.97183		0.90674		0.87923		0.94301		0.91		0.81562
887		13259.89		0.96958		0.9717		0.90674		0.87923		0.94301		0.91		0.81562
888		13261.53		0.96938		0.97161		0.90415		0.875		0.94301		0.90773		0.81074
889		13263.18		0.96919		0.97148		0.90415		0.875		0.94301		0.90773		0.81074
890		13264.71		0.96925		0.97152		0.90674		0.87923		0.94301		0.91		0.81562
891		13266.33		0.96938		0.9716		0.90674		0.87923		0.94301		0.91		0.81562
892		13267.66		0.96952		0.97169		0.90933		0.8835		0.94301		0.91228		0.82052
893		13269.47		0.96968		0.97183		0.91192		0.8878		0.94301		0.91457		0.82543
894		13271.1		0.96972		0.97186		0.91451		0.89216		0.94301		0.91688		0.83037
895		13272.45		0.97003		0.97211		0.9171		0.89655		0.94301		0.91919		0.83532
896		13273.71		0.96999		0.97205		0.9171		0.89655		0.94301		0.91919		0.83532
897		13275.66		0.97004		0.97214		0.9171		0.89655		0.94301		0.91919		0.83532
898		13277.0		0.96991		0.97201		0.91451		0.89216		0.94301		0.91688		0.83037
899		13278.37		0.96957		0.97175		0.91451		0.88835		0.94819		0.91729		0.8309
900		13279.63		0.96923		0.97162		0.90933		0.87619		0.95337		0.91315		0.82185
901		13281.07		0.96848		0.97001		0.90674		0.87204		0.95337		0.91089		0.81703
902		13282.42		0.96848		0.97013		0.90674		0.87204		0.95337		0.91089		0.81703
903		13284.22		0.96945		0.97176		0.90674		0.87204		0.95337		0.91089		0.81703
904		13285.71		0.96993		0.97208		0.90933		0.87619		0.95337		0.91315		0.82185
905		13287.36		0.97025		0.97225		0.91192		0.88038		0.95337		0.91542		0.82668
906		13289.2		0.97039		0.97228		0.9171		0.88889		0.95337		0.92		0.8364
907		13290.58		0.9707		0.97242		0.9171		0.89268		0.94819		0.9196		0.83581
908		13291.88		0.97093		0.97257		0.91451		0.88835		0.94819		0.91729		0.8309
909		13293.13		0.97087		0.97257		0.91451		0.88835		0.94819		0.91729		0.8309
910		13294.37		0.97086		0.97264		0.91451		0.88835		0.94819		0.91729		0.8309
911		13295.73		0.97062		0.97249		0.91192		0.8878		0.94301		0.91457		0.82543
912		13297.98		0.97017		0.97217		0.90674		0.87923		0.94301		0.91		0.81562
913		13299.41		0.96976		0.97188		0.90415		0.875		0.94301		0.90773		0.81074
914		13300.79		0.96988		0.97192		0.90155		0.87081		0.94301		0.90547		0.80588
915		13302.29		0.97023		0.97221		0.90155		0.87081		0.94301		0.90547		0.80588
916		13303.9		0.97029		0.97221		0.90933		0.8835		0.94301		0.91228		0.82052
917		13305.54		0.97024		0.97207		0.90933		0.8835		0.94301		0.91228		0.82052
918		13306.86		0.97011		0.97201		0.91192		0.88406		0.94819		0.915		0.82601
919		13308.38		0.96976		0.97172		0.91192		0.88406		0.94819		0.915		0.82601
920		13309.83		0.96925		0.97139		0.91192		0.88406		0.94819		0.915		0.82601
921		13311.31		0.96911		0.9714		0.91451		0.88462		0.95337		0.91771		0.83153
922		13312.8		0.96902		0.97132		0.91192		0.88038		0.95337		0.91542		0.82668
923		13314.47		0.96874		0.97107		0.90674		0.87204		0.95337		0.91089		0.81703
924		13316.02		0.96855		0.97093		0.90415		0.86792		0.95337		0.90864		0.81224
925		13317.43		0.96855		0.97094		0.90415		0.86792		0.95337		0.90864		0.81224
926		13318.81		0.96882		0.97113		0.90415		0.86792		0.95337		0.90864		0.81224
927		13320.47		0.96935		0.97156		0.90415		0.86792		0.95337		0.90864		0.81224
928		13321.95		0.96968		0.97172		0.90674		0.87204		0.95337		0.91089		0.81703
929		13323.32		0.96999		0.97186		0.91451		0.88462		0.95337		0.91771		0.83153
930		13324.82		0.97017		0.97198		0.91451		0.88462		0.95337		0.91771		0.83153
931		13326.24		0.97032		0.97206		0.91451		0.88462		0.95337		0.91771		0.83153
932		13328.04		0.97051		0.97219		0.91192		0.88038		0.95337		0.91542		0.82668
933		13329.61		0.97054		0.97221		0.91192		0.88038		0.95337		0.91542		0.82668
934		13331.03		0.97027		0.97206		0.91192		0.88038		0.95337		0.91542		0.82668
935		13332.52		0.97004		0.97192		0.91192		0.88038		0.95337		0.91542		0.82668
936		13334.48		0.96965		0.97171		0.90933		0.87619		0.95337		0.91315		0.82185
937		13335.91		0.96917		0.97133		0.90933		0.87619		0.95337		0.91315		0.82185
938		13337.28		0.96915		0.97135		0.91451		0.88462		0.95337		0.91771		0.83153
939		13338.6		0.96909		0.97122		0.91451		0.88462		0.95337		0.91771		0.83153
940		13339.95		0.96915		0.97121		0.9171		0.88889		0.95337		0.92		0.8364
941		13341.3		0.96909		0.97123		0.91969		0.8932		0.95337		0.92231		0.84129
942		13342.52		0.96927		0.97133		0.9171		0.89268		0.94819		0.9196		0.83581
943		13343.73		0.96977		0.97175		0.91969		0.89706		0.94819		0.92191		0.84074
944		13345.42		0.96999		0.97197		0.91969		0.89706		0.94819		0.92191		0.84074
945		13347.52		0.97001		0.97199		0.91192		0.88406		0.94819		0.915		0.82601
946		13349.39		0.97021		0.97213		0.91451		0.88462		0.95337		0.91771		0.83153
947		13350.68		0.97042		0.97227		0.90933		0.87619		0.95337		0.91315		0.82185
948		13351.9		0.97051		0.97232		0.90933		0.87619		0.95337		0.91315		0.82185
949		13353.07		0.97071		0.97247		0.91192		0.88038		0.95337		0.91542		0.82668
950		13354.41		0.97066		0.97245		0.9171		0.88889		0.95337		0.92		0.8364
951		13355.66		0.97052		0.97237		0.9171		0.88889		0.95337		0.92		0.8364
952		13356.89		0.97043		0.97229		0.91451		0.88835		0.94819		0.91729		0.8309
953		13358.14		0.97021		0.97206		0.9171		0.89655		0.94301		0.91919		0.83532
954		13360.04		0.96993		0.97173		0.9171		0.89655		0.94301		0.91919		0.83532
955		13361.73		0.96972		0.97156		0.9171		0.89655		0.94301		0.91919		0.83532
956		13363.69		0.96931		0.9712		0.9171		0.89655		0.94301		0.91919		0.83532
957		13365.46		0.96911		0.97113		0.9171		0.89655		0.94301		0.91919		0.83532
958		13367.52		0.96897		0.97113		0.9171		0.89655		0.94301		0.91919		0.83532
959		13368.92		0.96889		0.97121		0.91192		0.8878		0.94301		0.91457		0.82543
960		13370.29		0.96833		0.96982		0.91192		0.88406		0.94819		0.915		0.82601
961		13371.83		0.96829		0.96966		0.90674		0.8756		0.94819		0.91045		0.81628
962		13373.12		0.96811		0.96955		0.90155		0.8673		0.94819		0.90594		0.80662
963		13374.43		0.96854		0.97082		0.89637		0.86256		0.94301		0.90099		0.79622
964		13375.61		0.96868		0.97094		0.89896		0.86667		0.94301		0.90323		0.80104
965		13377.01		0.96879		0.97092		0.90415		0.875		0.94301		0.90773		0.81074
966		13378.54		0.96893		0.97102		0.90933		0.8835		0.94301		0.91228		0.82052
967		13380.7		0.96894		0.97106		0.91192		0.8878		0.94301		0.91457		0.82543
968		13382.81		0.96894		0.97103		0.91192		0.8878		0.94301		0.91457		0.82543
969		13384.08		0.96883		0.9709		0.91451		0.89216		0.94301		0.91688		0.83037
970		13385.47		0.96863		0.97067		0.91451		0.89216		0.94301		0.91688		0.83037
971		13386.94		0.96875		0.97093		0.91192		0.8878		0.94301		0.91457		0.82543
972		13388.61		0.96852		0.97065		0.90674		0.87923		0.94301		0.91		0.81562
973		13390.35		0.96854		0.9707		0.90155		0.87081		0.94301		0.90547		0.80588
974		13392.05		0.96868		0.97087		0.90155		0.87081		0.94301		0.90547		0.80588
975		13393.66		0.96876		0.97092		0.90674		0.8756		0.94819		0.91045		0.81628
976		13395.37		0.96894		0.97103		0.90674		0.8756		0.94819		0.91045		0.81628
977		13396.82		0.96915		0.97126		0.90933		0.87981		0.94819		0.91272		0.82114
978		13398.73		0.96944		0.97154		0.90933		0.87981		0.94819		0.91272		0.82114
979		13400.06		0.96948		0.97159		0.91192		0.88406		0.94819		0.915		0.82601
980		13401.55		0.96976		0.97189		0.91451		0.88835		0.94819		0.91729		0.8309
981		13403.26		0.96997		0.97193		0.91451		0.88835		0.94819		0.91729		0.8309
982		13404.74		0.97005		0.97205		0.91451		0.88835		0.94819		0.91729		0.8309
983		13406.08		0.96973		0.97085		0.91451		0.88835		0.94819		0.91729		0.8309
984		13407.75		0.96964		0.9708		0.90933		0.87981		0.94819		0.91272		0.82114
985		13409.92		0.96952		0.97067		0.90933		0.87981		0.94819		0.91272		0.82114
986		13411.29		0.9696		0.97077		0.90933		0.87981		0.94819		0.91272		0.82114
987		13412.69		0.9693		0.97057		0.91192		0.88406		0.94819		0.915		0.82601
988		13413.91		0.96923		0.97056		0.90933		0.8835		0.94301		0.91228		0.82052
989		13415.19		0.96913		0.97056		0.90674		0.87923		0.94301		0.91		0.81562
990		13416.57		0.96909		0.97057		0.90674		0.87923		0.94301		0.91		0.81562
991		13417.9		0.96884		0.97043		0.90674		0.87923		0.94301		0.91		0.81562
992		13419.61		0.96894		0.97049		0.90674		0.87923		0.94301		0.91		0.81562
993		13421.31		0.96909		0.97062		0.90933		0.8835		0.94301		0.91228		0.82052
994		13423.18		0.96909		0.97058		0.91192		0.8878		0.94301		0.91457		0.82543
995		13424.86		0.96909		0.97056		0.91192		0.8878		0.94301		0.91457		0.82543
996		13426.11		0.96893		0.97044		0.91192		0.8878		0.94301		0.91457		0.82543
997		13427.31		0.96872		0.97027		0.91192		0.8878		0.94301		0.91457		0.82543
998		13428.59		0.96856		0.97021		0.90933		0.8835		0.94301		0.91228		0.82052
999		13429.99		0.96827		0.97		0.90674		0.87923		0.94301		0.91		0.81562
1000		13431.41		0.96796		0.96974		0.90674		0.87923		0.94301		0.91		0.81562
fold: 9
Epoch		Time		AUC		AUPR		Accuracy		Precision		Recall		F1-score		Mcc
1		13434.57		0.81693		0.80999		0.69948		0.64981		0.86528		0.74222		0.42289
AUC improved at epoch  1 ;	best_auc: 0.8169346828102769
2		13436.13		0.82247		0.81922		0.75389		0.78488		0.69948		0.73973		0.5108
AUC improved at epoch  2 ;	best_auc: 0.8224650326183253
3		13437.82		0.8234		0.81825		0.7487		0.77586		0.69948		0.73569		0.49984
AUC improved at epoch  3 ;	best_auc: 0.8234046551585278
4		13439.97		0.82236		0.81764		0.7487		0.75532		0.73575		0.74541		0.49758
5		13441.63		0.8179		0.8111		0.74611		0.75676		0.72539		0.74074		0.49265
6		13443.06		0.81667		0.81196		0.74352		0.76404		0.70466		0.73315		0.48852
7		13444.41		0.81481		0.80805		0.7487		0.74742		0.7513		0.74935		0.49742
8		13445.94		0.81516		0.80876		0.7487		0.74742		0.7513		0.74935		0.49742
9		13447.92		0.81734		0.81211		0.74611		0.72947		0.78238		0.755		0.49353
10		13449.15		0.82107		0.81539		0.74352		0.71759		0.80311		0.75795		0.49054
11		13450.34		0.827		0.81965		0.73575		0.70044		0.82383		0.75714		0.47899
AUC improved at epoch  11 ;	best_auc: 0.8270020671695886
12		13451.7		0.82523		0.81828		0.7487		0.72222		0.80829		0.76284		0.50098
13		13453.39		0.81954		0.81231		0.73316		0.69068		0.84456		0.75991		0.47834
14		13455.14		0.81624		0.80603		0.72798		0.70561		0.78238		0.74201		0.45868
15		13456.48		0.82647		0.81582		0.73575		0.69038		0.85492		0.76389		0.48549
16		13457.9		0.8354		0.82285		0.74093		0.69787		0.84974		0.76636		0.4937
AUC improved at epoch  16 ;	best_auc: 0.8354049773148274
17		13459.97		0.83602		0.82403		0.76166		0.75124		0.78238		0.7665		0.52377
AUC improved at epoch  17 ;	best_auc: 0.8360224435555317
18		13461.47		0.84024		0.82594		0.74352		0.70982		0.82383		0.76259		0.49345
AUC improved at epoch  18 ;	best_auc: 0.8402373218072968
19		13462.88		0.84354		0.82733		0.73316		0.68443		0.86528		0.7643		0.48351
AUC improved at epoch  19 ;	best_auc: 0.8435394238771511
20		13464.33		0.84335		0.82669		0.75648		0.72398		0.82902		0.77295		0.51844
21		13466.06		0.84263		0.82613		0.76166		0.75377		0.7772		0.76531		0.52357
22		13467.83		0.84416		0.82721		0.75389		0.71681		0.83938		0.77327		0.51536
AUC improved at epoch  22 ;	best_auc: 0.8441568901178556
23		13469.85		0.84536		0.82826		0.73575		0.68421		0.87565		0.76818		0.49112
AUC improved at epoch  23 ;	best_auc: 0.845364976240973
24		13471.67		0.84526		0.82816		0.75389		0.71491		0.84456		0.77435		0.51633
25		13473.14		0.84483		0.82847		0.75648		0.73913		0.79275		0.765		0.51431
26		13474.52		0.8448		0.8286		0.75389		0.71875		0.8342		0.77218		0.51445
27		13476.32		0.84563		0.82924		0.74611		0.70042		0.8601		0.77209		0.50554
AUC improved at epoch  27 ;	best_auc: 0.8456334398238878
28		13477.73		0.84456		0.82884		0.75907		0.71739		0.85492		0.78014		0.52793
29		13479.12		0.84467		0.82922		0.75389		0.72685		0.81347		0.76773		0.51142
30		13480.78		0.84708		0.83272		0.76425		0.73182		0.8342		0.77966		0.53375
AUC improved at epoch  30 ;	best_auc: 0.8470831431716289
31		13482.23		0.8506		0.83682		0.75907		0.71739		0.85492		0.78014		0.52793
AUC improved at epoch  31 ;	best_auc: 0.8506000161078149
32		13483.99		0.8528		0.83937		0.76425		0.72768		0.84456		0.78177		0.53545
AUC improved at epoch  32 ;	best_auc: 0.8528014174877178
33		13485.35		0.85377		0.841		0.76166		0.73934		0.80829		0.77228		0.52561
AUC improved at epoch  33 ;	best_auc: 0.8537678863862117
34		13486.74		0.85473		0.84267		0.76425		0.73611		0.82383		0.77751		0.53229
AUC improved at epoch  34 ;	best_auc: 0.8547343552847056
35		13488.44		0.85498		0.84393		0.76425		0.71795		0.87047		0.78689		0.54084
AUC improved at epoch  35 ;	best_auc: 0.854975972509329
36		13490.46		0.85449		0.84432		0.76684		0.72889		0.84974		0.78469		0.54117
37		13491.72		0.85516		0.84626		0.76425		0.74519		0.80311		0.77307		0.5301
AUC improved at epoch  37 ;	best_auc: 0.8551638970173695
38		13493.0		0.85468		0.84529		0.76684		0.73733		0.82902		0.78049		0.53785
39		13494.23		0.85382		0.84643		0.76943		0.72414		0.87047		0.79059		0.55021
40		13495.42		0.85495		0.84889		0.75907		0.73364		0.81347		0.7715		0.52123
41		13496.77		0.85763		0.85369		0.76425		0.74057		0.81347		0.77531		0.53108
AUC improved at epoch  41 ;	best_auc: 0.8576337619801874
42		13497.98		0.85812		0.85502		0.77202		0.72532		0.87565		0.79343		0.55612
AUC improved at epoch  42 ;	best_auc: 0.8581169964294343
43		13499.65		0.86013		0.85835		0.76425		0.73832		0.81865		0.77641		0.53165
AUC improved at epoch  43 ;	best_auc: 0.8601304733012967
44		13501.37		0.86104		0.86		0.76425		0.75248		0.78756		0.76962		0.52907
AUC improved at epoch  44 ;	best_auc: 0.8610432494832077
45		13503.64		0.86228		0.86214		0.7772		0.74208		0.84974		0.79227		0.56033
AUC improved at epoch  45 ;	best_auc: 0.8622781819646165
46		13505.27		0.86738		0.86687		0.78497		0.73707		0.88601		0.80471		0.58195
AUC improved at epoch  46 ;	best_auc: 0.8673789900400012
47		13506.57		0.86985		0.86934		0.77979		0.75234		0.8342		0.79115		0.56293
AUC improved at epoch  47 ;	best_auc: 0.8698488550028188
48		13507.81		0.86523		0.86623		0.7772		0.75117		0.82902		0.78818		0.55741
49		13509.16		0.87393		0.87498		0.78497		0.75701		0.83938		0.79607		0.57335
AUC improved at epoch  49 ;	best_auc: 0.8739295014631265
50		13510.39		0.87927		0.87956		0.79275		0.76037		0.85492		0.80488		0.59007
AUC improved at epoch  50 ;	best_auc: 0.8792719267631346
51		13511.67		0.87871		0.87896		0.78497		0.73707		0.88601		0.80471		0.58195
52		13512.99		0.87817		0.87935		0.80311		0.79695		0.81347		0.80513		0.60635
53		13516.31		0.88056		0.88179		0.79016		0.75455		0.8601		0.80387		0.58607
AUC improved at epoch  53 ;	best_auc: 0.8805605519611264
54		13522.04		0.88561		0.88748		0.80052		0.76364		0.87047		0.81356		0.60701
AUC improved at epoch  54 ;	best_auc: 0.885607667319928
55		13527.23		0.88687		0.88967		0.79275		0.76279		0.84974		0.80392		0.58933
AUC improved at epoch  55 ;	best_auc: 0.8868694461596285
56		13533.45		0.88314		0.8873		0.80052		0.77358		0.84974		0.80988		0.60397
57		13536.87		0.89205		0.89627		0.80311		0.78818		0.82902		0.80808		0.60703
AUC improved at epoch  57 ;	best_auc: 0.8920507933098876
58		13538.09		0.89347		0.89746		0.78497		0.72177		0.92746		0.81179		0.5946
AUC improved at epoch  58 ;	best_auc: 0.8934736502993369
59		13539.37		0.89243		0.89828		0.79793		0.82486		0.75648		0.78919		0.59791
60		13540.64		0.8917		0.89746		0.80829		0.76923		0.88083		0.82126		0.62317
61		13542.01		0.89162		0.89777		0.79016		0.73333		0.91192		0.81293		0.59832
62		13543.57		0.89562		0.90354		0.80829		0.80513		0.81347		0.80928		0.61661
AUC improved at epoch  62 ;	best_auc: 0.8956213589626568
63		13545.18		0.89761		0.90577		0.80311		0.79695		0.81347		0.80513		0.60635
AUC improved at epoch  63 ;	best_auc: 0.8976079894762276
64		13546.69		0.90172		0.90816		0.79793		0.74468		0.90674		0.81776		0.61049
AUC improved at epoch  64 ;	best_auc: 0.9017154822948268
65		13548.1		0.90368		0.91073		0.80052		0.75		0.90155		0.81882		0.6137
AUC improved at epoch  65 ;	best_auc: 0.9036752664501061
66		13549.9		0.90521		0.91327		0.81347		0.80402		0.82902		0.81633		0.62725
AUC improved at epoch  66 ;	best_auc: 0.9052055088727214
67		13552.06		0.90923		0.91727		0.82124		0.80392		0.84974		0.8262		0.64353
AUC improved at epoch  67 ;	best_auc: 0.9092324626164461
68		13553.54		0.91288		0.92003		0.80829		0.74895		0.92746		0.8287		0.63488
AUC improved at epoch  68 ;	best_auc: 0.9128835673440897
69		13555.31		0.91428		0.92255		0.82902		0.79535		0.88601		0.83824		0.66235
AUC improved at epoch  69 ;	best_auc: 0.9142795779752476
70		13557.13		0.91304		0.92187		0.81865		0.80905		0.8342		0.82143		0.63761
71		13558.87		0.91404		0.92127		0.81865		0.78082		0.88601		0.8301		0.64317
72		13560.42		0.9167		0.92329		0.81347		0.76889		0.89637		0.82775		0.63574
AUC improved at epoch  72 ;	best_auc: 0.9166957502214824
73		13562.13		0.91785		0.92538		0.81865		0.8		0.84974		0.82412		0.63854
AUC improved at epoch  73 ;	best_auc: 0.9178501436280169
74		13563.71		0.92104		0.92835		0.83679		0.825		0.85492		0.83969		0.67402
AUC improved at epoch  74 ;	best_auc: 0.9210448602647051
75		13565.29		0.92421		0.93045		0.82902		0.78733		0.90155		0.84058		0.66507
AUC improved at epoch  75 ;	best_auc: 0.9242127305431019
76		13566.82		0.9277		0.93446		0.83161		0.78829		0.90674		0.84337		0.67083
AUC improved at epoch  76 ;	best_auc: 0.9277027571209966
77		13568.29		0.92663		0.93434		0.84456		0.83417		0.8601		0.84694		0.68945
78		13570.14		0.9266		0.93377		0.8342		0.80569		0.88083		0.84158		0.67132
79		13572.19		0.92451		0.93115		0.82642		0.79439		0.88083		0.83538		0.65675
80		13573.78		0.92827		0.93593		0.84456		0.82759		0.87047		0.84848		0.69005
AUC improved at epoch  80 ;	best_auc: 0.928266530645118
81		13575.13		0.92939		0.93651		0.82642		0.78125		0.90674		0.83933		0.66144
AUC improved at epoch  81 ;	best_auc: 0.9293940776933609
82		13576.34		0.92848		0.93505		0.8342		0.8		0.89119		0.84314		0.67278
83		13577.65		0.92746		0.93387		0.82902		0.80976		0.8601		0.83417		0.65931
84		13578.92		0.92827		0.9348		0.81865		0.77578		0.89637		0.83173		0.64515
85		13580.14		0.92776		0.9346		0.82383		0.79621		0.87047		0.83168		0.6505
86		13581.59		0.92939		0.93665		0.83938		0.8134		0.88083		0.84577		0.6811
87		13583.5		0.93227		0.93902		0.81865		0.77333		0.90155		0.83254		0.64625
AUC improved at epoch  87 ;	best_auc: 0.9322666380305512
88		13585.36		0.93224		0.93962		0.84197		0.84375		0.83938		0.84156		0.68395
89		13586.98		0.93248		0.93864		0.81088		0.75641		0.9171		0.82904		0.63628
AUC improved at epoch  89 ;	best_auc: 0.9324814088968832
90		13588.2		0.93466		0.94255		0.85492		0.8408		0.87565		0.85787		0.71046
AUC improved at epoch  90 ;	best_auc: 0.9346559639184945
91		13589.55		0.93688		0.94328		0.84197		0.81132		0.89119		0.84938		0.68728
AUC improved at epoch  91 ;	best_auc: 0.9368842116566887
92		13590.95		0.92776		0.93389		0.81606		0.77727		0.88601		0.82809		0.6384
93		13592.69		0.93025		0.93642		0.84715		0.86413		0.82383		0.8435		0.69506
94		13594.49		0.93546		0.94214		0.84197		0.8		0.91192		0.8523		0.69073
95		13596.58		0.93675		0.94224		0.8342		0.79186		0.90674		0.84541		0.67554
96		13597.87		0.9309		0.93459		0.85233		0.83333		0.88083		0.85642		0.70581
97		13599.81		0.93603		0.93993		0.84197		0.80275		0.90674		0.85158		0.68975
98		13601.28		0.93098		0.93593		0.8342		0.80282		0.88601		0.84236		0.67201
99		13602.52		0.92827		0.93388		0.8342		0.81159		0.87047		0.84		0.67016
100		13603.69		0.92883		0.93453		0.83938		0.80751		0.89119		0.84729		0.68243
101		13604.88		0.9328		0.94037		0.85233		0.82692		0.89119		0.85786		0.7068
102		13606.16		0.9368		0.94415		0.84715		0.82212		0.88601		0.85287		0.69641
103		13607.58		0.93608		0.94168		0.83679		0.79018		0.9171		0.84892		0.68244
104		13609.42		0.93398		0.9398		0.8601		0.84236		0.88601		0.86364		0.72118
105		13610.73		0.93364		0.93804		0.83679		0.79279		0.91192		0.84819		0.68131
106		13612.74		0.93369		0.93809		0.82902		0.78475		0.90674		0.84135		0.66613
107		13614.35		0.93611		0.94133		0.85751		0.84848		0.87047		0.85934		0.71527
108		13615.65		0.93909		0.94327		0.84456		0.8009		0.9171		0.85507		0.69649
AUC improved at epoch  108 ;	best_auc: 0.9390856130365915
109		13616.92		0.93594		0.93959		0.84715		0.81019		0.90674		0.85575		0.69928
110		13618.25		0.93664		0.94133		0.85751		0.83173		0.89637		0.86284		0.7172
111		13619.51		0.93711		0.94279		0.8601		0.82938		0.90674		0.86634		0.72336
112		13621.52		0.93753		0.94279		0.83938		0.79111		0.92228		0.85167		0.68828
113		13623.58		0.93535		0.94005		0.83938		0.81951		0.87047		0.84422		0.68007
114		13625.0		0.93522		0.93999		0.84715		0.82524		0.88083		0.85213		0.69588
115		13626.41		0.93688		0.94197		0.83679		0.79545		0.90674		0.84746		0.68026
116		13628.39		0.93522		0.94045		0.84456		0.82126		0.88083		0.85		0.69094
117		13629.59		0.9346		0.93918		0.84456		0.81221		0.89637		0.85222		0.69285
118		13630.84		0.93425		0.93919		0.84715		0.81604		0.89637		0.85432		0.69769
119		13632.17		0.935		0.94014		0.85751		0.83173		0.89637		0.86284		0.7172
120		13633.37		0.9382		0.94235		0.84197		0.7973		0.9171		0.85301		0.69179
121		13634.62		0.93793		0.94175		0.86269		0.83333		0.90674		0.86849		0.72822
122		13635.79		0.94067		0.94357		0.85492		0.83415		0.88601		0.8593		0.71122
AUC improved at epoch  122 ;	best_auc: 0.94066954817579
123		13637.99		0.9426		0.94564		0.84456		0.79821		0.92228		0.85577		0.6976
AUC improved at epoch  123 ;	best_auc: 0.9426024859727777
124		13639.94		0.94067		0.94438		0.85751		0.83495		0.89119		0.86216		0.71665
125		13641.22		0.93941		0.94281		0.82902		0.78733		0.90155		0.84058		0.66507
126		13642.44		0.93876		0.9421		0.83679		0.79545		0.90674		0.84746		0.68026
127		13644.4		0.94164		0.94619		0.86269		0.85714		0.87047		0.86375		0.72548
128		13645.77		0.94137		0.94574		0.85751		0.82243		0.91192		0.86486		0.7193
129		13647.14		0.93848		0.94213		0.84456		0.79556		0.92746		0.85646		0.69879
130		13648.84		0.93441		0.93826		0.85233		0.82381		0.89637		0.85856		0.70741
131		13650.65		0.93517		0.93883		0.85233		0.84		0.87047		0.85496		0.70513
132		13652.77		0.94219		0.946		0.84456		0.8009		0.9171		0.85507		0.69649
133		13654.79		0.94456		0.9485		0.86269		0.83333		0.90674		0.86849		0.72822
AUC improved at epoch  133 ;	best_auc: 0.9445622701280572
134		13656.02		0.94488		0.94895		0.86528		0.83412		0.91192		0.87129		0.73377
AUC improved at epoch  134 ;	best_auc: 0.9448844264275551
135		13657.26		0.94437		0.94762		0.85492		0.8186		0.91192		0.86275		0.7145
136		13658.59		0.93734		0.94076		0.8601		0.83254		0.90155		0.86567		0.72269
137		13659.75		0.93562		0.94018		0.85233		0.82692		0.89119		0.85786		0.7068
138		13660.91		0.93879		0.94449		0.84974		0.81991		0.89637		0.85644		0.70254
139		13662.06		0.94086		0.94631		0.84715		0.81905		0.89119		0.8536		0.69701
140		13663.32		0.94201		0.94726		0.84974		0.82297		0.89119		0.85572		0.7019
141		13665.38		0.94142		0.94532		0.84715		0.81604		0.89637		0.85432		0.69769
142		13667.31		0.9393		0.94282		0.84197		0.81429		0.88601		0.84864		0.68661
143		13668.65		0.94043		0.94364		0.84974		0.8169		0.90155		0.85714		0.70327
144		13669.98		0.94275		0.94665		0.85751		0.82547		0.90674		0.8642		0.71852
145		13671.4		0.94292		0.94738		0.86269		0.84314		0.89119		0.8665		0.72657
146		13672.75		0.94083		0.94479		0.85492		0.82775		0.89637		0.8607		0.7123
147		13674.04		0.9389		0.94229		0.83938		0.80184		0.90155		0.84878		0.68407
148		13675.36		0.93557		0.94009		0.84715		0.82212		0.88601		0.85287		0.69641
149		13677.04		0.9378		0.94274		0.84974		0.82609		0.88601		0.855		0.70133
150		13678.64		0.94005		0.94471		0.86528		0.83732		0.90674		0.87065		0.73309
151		13680.14		0.94118		0.94547		0.8601		0.82938		0.90674		0.86634		0.72336
152		13681.86		0.9408		0.94559		0.86269		0.83654		0.90155		0.86783		0.72759
153		13683.3		0.9408		0.94587		0.86528		0.8439		0.89637		0.86935		0.73199
154		13685.49		0.94158		0.94595		0.86788		0.84466		0.90155		0.87218		0.73743
155		13687.11		0.94035		0.94401		0.8601		0.83254		0.90155		0.86567		0.72269
156		13688.64		0.9396		0.94302		0.84974		0.82927		0.88083		0.85427		0.70084
157		13689.83		0.94188		0.94608		0.85233		0.8301		0.88601		0.85714		0.70627
158		13691.11		0.94386		0.94856		0.8601		0.83575		0.89637		0.865		0.72211
159		13692.34		0.94335		0.94885		0.85751		0.83495		0.89119		0.86216		0.71665
160		13693.55		0.94201		0.94774		0.85751		0.83495		0.89119		0.86216		0.71665
161		13694.78		0.94004		0.94482		0.85233		0.81776		0.90674		0.85995		0.70887
162		13696.13		0.93845		0.94269		0.84456		0.80645		0.90674		0.85366		0.69451
163		13697.57		0.93694		0.94058		0.84974		0.82297		0.89119		0.85572		0.7019
164		13699.53		0.93702		0.94056		0.85233		0.83333		0.88083		0.85642		0.70581
165		13702.15		0.93817		0.94166		0.85751		0.83824		0.88601		0.86146		0.71619
166		13703.6		0.93992		0.94376		0.8601		0.83254		0.90155		0.86567		0.72269
167		13704.96		0.93992		0.94535		0.85492		0.82464		0.90155		0.86139		0.71295
168		13706.17		0.93968		0.94612		0.84715		0.81604		0.89637		0.85432		0.69769
169		13707.39		0.9398		0.94544		0.85492		0.82464		0.90155		0.86139		0.71295
170		13708.64		0.94027		0.94465		0.8601		0.82938		0.90674		0.86634		0.72336
171		13709.89		0.93927		0.94289		0.8601		0.83575		0.89637		0.865		0.72211
172		13711.69		0.94048		0.94455		0.85233		0.81776		0.90674		0.85995		0.70887
173		13713.37		0.93899		0.94433		0.85233		0.82075		0.90155		0.85926		0.7081
174		13714.71		0.93863		0.94493		0.85233		0.82381		0.89637		0.85856		0.70741
175		13716.3		0.9399		0.94649		0.8601		0.82938		0.90674		0.86634		0.72336
176		13718.58		0.94044		0.9466		0.86788		0.8381		0.91192		0.87345		0.73862
177		13720.21		0.93968		0.94521		0.86528		0.83732		0.90674		0.87065		0.73309
178		13721.85		0.9382		0.94431		0.8601		0.83254		0.90155		0.86567		0.72269
179		13723.57		0.93562		0.9414		0.85233		0.82692		0.89119		0.85786		0.7068
180		13725.5		0.93331		0.93856		0.85233		0.83333		0.88083		0.85642		0.70581
181		13727.01		0.93425		0.93852		0.85233		0.82381		0.89637		0.85856		0.70741
182		13728.37		0.93887		0.94327		0.85233		0.82075		0.90155		0.85926		0.7081
183		13729.71		0.94274		0.94691		0.8601		0.82326		0.9171		0.86765		0.72493
184		13731.06		0.94441		0.94895		0.86528		0.83732		0.90674		0.87065		0.73309
185		13732.53		0.9447		0.94918		0.86788		0.85149		0.89119		0.87089		0.73655
186		13734.28		0.94436		0.94884		0.8601		0.84236		0.88601		0.86364		0.72118
187		13736.22		0.9438		0.94832		0.85233		0.82381		0.89637		0.85856		0.70741
188		13737.96		0.94377		0.94832		0.84715		0.81308		0.90155		0.85504		0.69845
189		13739.39		0.94421		0.94883		0.85233		0.81776		0.90674		0.85995		0.70887
190		13740.93		0.94271		0.94726		0.85751		0.82857		0.90155		0.86352		0.71782
191		13742.55		0.94119		0.94568		0.8601		0.83575		0.89637		0.865		0.72211
192		13744.54		0.94091		0.94509		0.86528		0.8439		0.89637		0.86935		0.73199
193		13746.1		0.94091		0.94499		0.86269		0.84314		0.89119		0.8665		0.72657
194		13747.41		0.94098		0.94488		0.8601		0.84236		0.88601		0.86364		0.72118
195		13748.88		0.94147		0.94536		0.87047		0.84878		0.90155		0.87437		0.74237
196		13750.93		0.94377		0.94814		0.86788		0.84466		0.90155		0.87218		0.73743
197		13752.91		0.94538		0.95021		0.86269		0.83981		0.89637		0.86717		0.72704
AUC improved at epoch  197 ;	best_auc: 0.9453810840559479
198		13754.39		0.94479		0.94989		0.8601		0.83575		0.89637		0.865		0.72211
199		13755.7		0.94556		0.95086		0.86269		0.83981		0.89637		0.86717		0.72704
AUC improved at epoch  199 ;	best_auc: 0.9455555853848425
200		13757.01		0.94478		0.94985		0.85492		0.82775		0.89637		0.8607		0.7123
201		13758.44		0.94334		0.94788		0.85233		0.82692		0.89119		0.85786		0.7068
202		13759.71		0.94364		0.94772		0.86269		0.83654		0.90155		0.86783		0.72759
203		13761.21		0.94443		0.94847		0.8601		0.83902		0.89119		0.86432		0.7216
204		13762.52		0.94482		0.94946		0.86269		0.84314		0.89119		0.8665		0.72657
205		13763.93		0.94394		0.94886		0.8601		0.83902		0.89119		0.86432		0.7216
206		13765.93		0.94389		0.9488		0.86788		0.84135		0.90674		0.87282		0.73798
207		13767.51		0.94352		0.94848		0.86528		0.83412		0.91192		0.87129		0.73377
208		13769.53		0.94365		0.94845		0.8601		0.82938		0.90674		0.86634		0.72336
209		13770.93		0.94248		0.94734		0.86269		0.83333		0.90674		0.86849		0.72822
210		13773.05		0.94146		0.94658		0.86528		0.84058		0.90155		0.87		0.7325
211		13774.3		0.94021		0.94535		0.86528		0.84058		0.90155		0.87		0.7325
212		13775.53		0.93984		0.94475		0.85751		0.83495		0.89119		0.86216		0.71665
213		13776.75		0.94125		0.94587		0.8601		0.83575		0.89637		0.865		0.72211
214		13777.96		0.94334		0.9478		0.86269		0.83019		0.91192		0.86914		0.72893
215		13779.3		0.94404		0.9488		0.86528		0.83412		0.91192		0.87129		0.73377
216		13780.98		0.94507		0.95032		0.87047		0.84878		0.90155		0.87437		0.74237
217		13782.86		0.9447		0.95046		0.87047		0.84878		0.90155		0.87437		0.74237
218		13784.48		0.94421		0.95003		0.87306		0.84951		0.90674		0.87719		0.74781
219		13786.04		0.94529		0.95045		0.85751		0.82547		0.90674		0.8642		0.71852
220		13787.59		0.94522		0.94988		0.8601		0.82629		0.91192		0.867		0.72411
221		13789.07		0.94543		0.94985		0.8601		0.82938		0.90674		0.86634		0.72336
222		13790.37		0.94388		0.94813		0.86269		0.83654		0.90155		0.86783		0.72759
223		13791.6		0.94283		0.94745		0.86788		0.84804		0.89637		0.87154		0.73695
224		13792.96		0.94142		0.94639		0.86528		0.84729		0.89119		0.86869		0.73155
225		13794.91		0.94137		0.94645		0.86269		0.84314		0.89119		0.8665		0.72657
226		13796.85		0.94082		0.9457		0.85751		0.83173		0.89637		0.86284		0.7172
227		13798.81		0.94039		0.94491		0.84715		0.81905		0.89119		0.8536		0.69701
228		13800.49		0.93941		0.94385		0.85492		0.82775		0.89637		0.8607		0.7123
229		13802.86		0.94008		0.94476		0.85492		0.83415		0.88601		0.8593		0.71122
230		13804.43		0.9413		0.94595		0.8601		0.83575		0.89637		0.865		0.72211
231		13805.99		0.9424		0.94672		0.85751		0.83824		0.88601		0.86146		0.71619
232		13807.49		0.94254		0.94646		0.85751		0.84158		0.88083		0.86076		0.7158
233		13808.94		0.94306		0.94649		0.86269		0.83654		0.90155		0.86783		0.72759
234		13810.21		0.94318		0.94655		0.86269		0.83333		0.90674		0.86849		0.72822
235		13812.17		0.9451		0.94907		0.86528		0.83412		0.91192		0.87129		0.73377
236		13813.42		0.94533		0.95034		0.86528		0.83732		0.90674		0.87065		0.73309
237		13814.71		0.94425		0.95022		0.85492		0.83744		0.88083		0.85859		0.7108
238		13816.05		0.94354		0.95003		0.8601		0.84577		0.88083		0.86294		0.72083
239		13817.94		0.94417		0.95078		0.8601		0.84577		0.88083		0.86294		0.72083
240		13819.26		0.9453		0.95164		0.8601		0.82938		0.90674		0.86634		0.72336
241		13820.68		0.94527		0.95104		0.85233		0.81481		0.91192		0.86064		0.70972
242		13822.24		0.94502		0.9506		0.85492		0.8186		0.91192		0.86275		0.7145
243		13824.23		0.94421		0.94925		0.8601		0.82629		0.91192		0.867		0.72411
244		13825.57		0.9433		0.94846		0.86788		0.84466		0.90155		0.87218		0.73743
245		13827.02		0.94243		0.94758		0.86788		0.855		0.88601		0.87023		0.73624
246		13828.74		0.9424		0.94731		0.86528		0.85427		0.88083		0.86735		0.73092
247		13830.5		0.94309		0.94779		0.85492		0.83415		0.88601		0.8593		0.71122
248		13832.17		0.94295		0.94759		0.8601		0.83254		0.90155		0.86567		0.72269
249		13833.8		0.94326		0.94728		0.84974		0.81395		0.90674		0.85784		0.70407
250		13835.77		0.9428		0.94695		0.85751		0.82547		0.90674		0.8642		0.71852
251		13837.15		0.94181		0.94606		0.8601		0.83254		0.90155		0.86567		0.72269
252		13838.57		0.94162		0.94573		0.85751		0.82857		0.90155		0.86352		0.71782
253		13840.51		0.94196		0.94577		0.8601		0.82938		0.90674		0.86634		0.72336
254		13841.82		0.94204		0.94549		0.8601		0.82629		0.91192		0.867		0.72411
255		13843.24		0.94212		0.94567		0.86528		0.83412		0.91192		0.87129		0.73377
256		13844.86		0.9422		0.94672		0.86528		0.8439		0.89637		0.86935		0.73199
257		13846.3		0.94228		0.94732		0.8601		0.83902		0.89119		0.86432		0.7216
258		13847.82		0.94299		0.9487		0.8601		0.83575		0.89637		0.865		0.72211
259		13849.95		0.94385		0.94952		0.86788		0.84135		0.90674		0.87282		0.73798
260		13851.27		0.94365		0.94949		0.86528		0.83732		0.90674		0.87065		0.73309
261		13852.77		0.94441		0.94988		0.86269		0.83019		0.91192		0.86914		0.72893
262		13854.3		0.94428		0.94949		0.86269		0.83019		0.91192		0.86914		0.72893
263		13856.34		0.9427		0.9476		0.86528		0.83412		0.91192		0.87129		0.73377
264		13857.58		0.94237		0.94686		0.87047		0.84211		0.91192		0.87562		0.74349
265		13858.81		0.94286		0.94715		0.86788		0.84135		0.90674		0.87282		0.73798
266		13860.11		0.94315		0.94775		0.86528		0.8439		0.89637		0.86935		0.73199
267		13861.46		0.94374		0.9486		0.86788		0.84466		0.90155		0.87218		0.73743
268		13862.85		0.94349		0.94842		0.86788		0.84804		0.89637		0.87154		0.73695
269		13864.21		0.94237		0.94755		0.87047		0.84541		0.90674		0.875		0.74289
270		13866.08		0.94292		0.94795		0.86528		0.83732		0.90674		0.87065		0.73309
271		13867.64		0.94306		0.94813		0.85751		0.82547		0.90674		0.8642		0.71852
272		13868.99		0.94445		0.94948		0.85751		0.82243		0.91192		0.86486		0.7193
273		13870.48		0.94535		0.95054		0.85751		0.82243		0.91192		0.86486		0.7193
274		13871.88		0.94605		0.95122		0.86269		0.83981		0.89637		0.86717		0.72704
AUC improved at epoch  274 ;	best_auc: 0.9460522430132353
275		13873.5		0.94556		0.95064		0.86528		0.8439		0.89637		0.86935		0.73199
276		13875.15		0.94542		0.9502		0.8601		0.84236		0.88601		0.86364		0.72118
277		13876.61		0.94556		0.95035		0.87306		0.85294		0.90155		0.87657		0.74733
278		13878.0		0.94581		0.95024		0.86788		0.83491		0.9171		0.87407		0.73934
279		13879.42		0.94511		0.9495		0.8601		0.82938		0.90674		0.86634		0.72336
280		13881.23		0.9447		0.94943		0.8601		0.83254		0.90155		0.86567		0.72269
281		13882.6		0.94372		0.94891		0.86269		0.84314		0.89119		0.8665		0.72657
282		13884.07		0.94458		0.94974		0.86269		0.84314		0.89119		0.8665		0.72657
283		13885.4		0.94451		0.94976		0.86269		0.84314		0.89119		0.8665		0.72657
284		13886.98		0.9444		0.94933		0.85751		0.83824		0.88601		0.86146		0.71619
285		13888.54		0.94439		0.94972		0.84974		0.82609		0.88601		0.855		0.70133
286		13889.93		0.94357		0.94928		0.83938		0.81043		0.88601		0.84653		0.68173
287		13891.43		0.94423		0.95009		0.83679		0.80374		0.89119		0.84521		0.6776
288		13892.98		0.9447		0.95059		0.84456		0.81221		0.89637		0.85222		0.69285
289		13894.69		0.94501		0.95095		0.85492		0.8216		0.90674		0.86207		0.71369
290		13897.05		0.9457		0.95154		0.86528		0.83732		0.90674		0.87065		0.73309
291		13899.07		0.94475		0.95072		0.86788		0.84135		0.90674		0.87282		0.73798
292		13901.1		0.94471		0.95061		0.87047		0.84541		0.90674		0.875		0.74289
293		13902.5		0.94573		0.95092		0.8601		0.82938		0.90674		0.86634		0.72336
294		13903.87		0.9455		0.95017		0.85492		0.81567		0.9171		0.86341		0.7154
295		13905.22		0.9445		0.94899		0.84974		0.80822		0.9171		0.85922		0.70592
296		13906.54		0.9444		0.94913		0.85233		0.81481		0.91192		0.86064		0.70972
297		13908.05		0.94353		0.94853		0.85751		0.82857		0.90155		0.86352		0.71782
298		13909.99		0.94279		0.94775		0.86528		0.8439		0.89637		0.86935		0.73199
299		13911.34		0.94236		0.94741		0.86269		0.83981		0.89637		0.86717		0.72704
300		13913.17		0.94221		0.94705		0.86788		0.84135		0.90674		0.87282		0.73798
301		13914.71		0.94274		0.94763		0.86788		0.8381		0.91192		0.87345		0.73862
302		13915.99		0.94337		0.94871		0.86528		0.83412		0.91192		0.87129		0.73377
303		13917.4		0.94404		0.94941		0.86269		0.83333		0.90674		0.86849		0.72822
304		13918.69		0.94443		0.94982		0.86269		0.83333		0.90674		0.86849		0.72822
305		13920.1		0.94427		0.94966		0.8601		0.83254		0.90155		0.86567		0.72269
306		13921.51		0.94337		0.94876		0.86528		0.84058		0.90155		0.87		0.7325
307		13923.26		0.94337		0.94902		0.87047		0.84878		0.90155		0.87437		0.74237
308		13925.07		0.94299		0.94856		0.87047		0.84878		0.90155		0.87437		0.74237
309		13927.49		0.94317		0.94871		0.86269		0.83654		0.90155		0.86783		0.72759
310		13929.06		0.94368		0.94916		0.86528		0.84058		0.90155		0.87		0.7325
311		13930.34		0.94408		0.94951		0.87047		0.84541		0.90674		0.875		0.74289
312		13931.73		0.94349		0.9486		0.86269		0.83019		0.91192		0.86914		0.72893
313		13932.9		0.94301		0.94755		0.85751		0.82857		0.90155		0.86352		0.71782
314		13934.14		0.94221		0.94641		0.85233		0.82381		0.89637		0.85856		0.70741
315		13935.52		0.94186		0.94614		0.85492		0.82775		0.89637		0.8607		0.7123
316		13936.9		0.94139		0.94563		0.86528		0.8439		0.89637		0.86935		0.73199
317		13938.57		0.94123		0.94566		0.8601		0.83902		0.89119		0.86432		0.7216
318		13940.03		0.94152		0.94616		0.85492		0.83744		0.88083		0.85859		0.7108
319		13941.86		0.94139		0.94615		0.85233		0.84		0.87047		0.85496		0.70513
320		13943.92		0.9425		0.94719		0.84974		0.83582		0.87047		0.85279		0.70008
321		13945.35		0.94309		0.9477		0.85751		0.83173		0.89637		0.86284		0.7172
322		13946.57		0.94338		0.94776		0.86269		0.83981		0.89637		0.86717		0.72704
323		13947.84		0.94384		0.94819		0.86269		0.83981		0.89637		0.86717		0.72704
324		13949.13		0.9436		0.9478		0.86788		0.84466		0.90155		0.87218		0.73743
325		13950.73		0.94317		0.94751		0.86528		0.8439		0.89637		0.86935		0.73199
326		13952.25		0.94248		0.94679		0.86269		0.83981		0.89637		0.86717		0.72704
327		13953.51		0.94199		0.9466		0.8601		0.83902		0.89119		0.86432		0.7216
328		13955.28		0.94149		0.94646		0.8601		0.83902		0.89119		0.86432		0.7216
329		13956.93		0.94092		0.94593		0.8601		0.83902		0.89119		0.86432		0.7216
330		13958.27		0.94084		0.94584		0.86269		0.83981		0.89637		0.86717		0.72704
331		13959.73		0.94076		0.94609		0.86269		0.83981		0.89637		0.86717		0.72704
332		13961.43		0.94083		0.94635		0.8601		0.83902		0.89119		0.86432		0.7216
333		13963.07		0.94146		0.94701		0.85751		0.83824		0.88601		0.86146		0.71619
334		13964.49		0.94207		0.94743		0.85751		0.83824		0.88601		0.86146		0.71619
335		13966.2		0.94298		0.94801		0.86788		0.84466		0.90155		0.87218		0.73743
336		13967.7		0.94445		0.9495		0.86269		0.83654		0.90155		0.86783		0.72759
337		13969.67		0.94505		0.95035		0.86269		0.83654		0.90155		0.86783		0.72759
338		13971.22		0.94534		0.95093		0.86788		0.84135		0.90674		0.87282		0.73798
339		13973.02		0.94466		0.95067		0.86528		0.84058		0.90155		0.87		0.7325
340		13974.8		0.94341		0.9495		0.8601		0.83902		0.89119		0.86432		0.7216
341		13976.2		0.94346		0.94914		0.8601		0.83575		0.89637		0.865		0.72211
342		13977.58		0.94429		0.94981		0.85492		0.83092		0.89119		0.86		0.71172
343		13979.05		0.94427		0.94931		0.85751		0.83173		0.89637		0.86284		0.7172
344		13980.48		0.94447		0.94924		0.85233		0.82381		0.89637		0.85856		0.70741
345		13982.23		0.94491		0.94933		0.8601		0.83575		0.89637		0.865		0.72211
346		13984.56		0.9448		0.94891		0.85492		0.82775		0.89637		0.8607		0.7123
347		13985.83		0.94491		0.94909		0.86528		0.8439		0.89637		0.86935		0.73199
348		13987.23		0.94543		0.94965		0.85751		0.83173		0.89637		0.86284		0.7172
349		13988.71		0.94527		0.94947		0.8601		0.83254		0.90155		0.86567		0.72269
350		13990.21		0.94486		0.94955		0.8601		0.83575		0.89637		0.865		0.72211
351		13991.44		0.9428		0.94781		0.85751		0.83173		0.89637		0.86284		0.7172
352		13992.71		0.94107		0.94628		0.85233		0.82692		0.89119		0.85786		0.7068
353		13993.99		0.93965		0.94504		0.84456		0.82759		0.87047		0.84848		0.69005
354		13995.63		0.94023		0.9455		0.84715		0.83168		0.87047		0.85063		0.69506
355		13997.64		0.94231		0.94775		0.85492		0.83415		0.88601		0.8593		0.71122
356		13999.13		0.94392		0.9496		0.85751		0.83495		0.89119		0.86216		0.71665
357		14000.45		0.94431		0.94981		0.86269		0.83981		0.89637		0.86717		0.72704
358		14002.0		0.94343		0.94876		0.8601		0.83254		0.90155		0.86567		0.72269
359		14003.54		0.94259		0.94799		0.8601		0.83575		0.89637		0.865		0.72211
360		14004.98		0.94225		0.94797		0.85751		0.83824		0.88601		0.86146		0.71619
361		14006.36		0.94185		0.94778		0.85492		0.83415		0.88601		0.8593		0.71122
362		14007.82		0.94079		0.9466		0.85751		0.83495		0.89119		0.86216		0.71665
363		14009.35		0.94091		0.94642		0.85233		0.8301		0.88601		0.85714		0.70627
364		14011.08		0.94219		0.94784		0.85492		0.82775		0.89637		0.8607		0.7123
365		14012.75		0.94408		0.94992		0.8601		0.83902		0.89119		0.86432		0.7216
366		14014.47		0.94437		0.95052		0.85492		0.83415		0.88601		0.8593		0.71122
367		14015.68		0.94501		0.95092		0.85492		0.83415		0.88601		0.8593		0.71122
368		14017.09		0.94445		0.95023		0.86269		0.84314		0.89119		0.8665		0.72657
369		14018.26		0.94352		0.94883		0.8601		0.84236		0.88601		0.86364		0.72118
370		14019.44		0.94437		0.9486		0.84715		0.82212		0.88601		0.85287		0.69641
371		14020.72		0.94354		0.94776		0.85233		0.8301		0.88601		0.85714		0.70627
372		14022.27		0.94386		0.94783		0.85751		0.83495		0.89119		0.86216		0.71665
373		14024.08		0.94381		0.94757		0.8601		0.83575		0.89637		0.865		0.72211
374		14025.56		0.94413		0.94808		0.8601		0.83902		0.89119		0.86432		0.7216
375		14027.41		0.94419		0.94871		0.86788		0.85149		0.89119		0.87089		0.73655
376		14028.8		0.94451		0.94893		0.86528		0.84729		0.89119		0.86869		0.73155
377		14030.17		0.94475		0.94897		0.8601		0.83902		0.89119		0.86432		0.7216
378		14031.6		0.94412		0.94789		0.85492		0.82775		0.89637		0.8607		0.7123
379		14032.92		0.94394		0.94763		0.84974		0.81991		0.89637		0.85644		0.70254
380		14034.28		0.94466		0.94835		0.86269		0.84314		0.89119		0.8665		0.72657
381		14035.86		0.94451		0.9484		0.8601		0.84577		0.88083		0.86294		0.72083
382		14037.81		0.94484		0.94859		0.8601		0.84236		0.88601		0.86364		0.72118
383		14039.48		0.94429		0.94764		0.85492		0.83744		0.88083		0.85859		0.7108
384		14041.53		0.94338		0.9466		0.86528		0.83732		0.90674		0.87065		0.73309
385		14043.13		0.94343		0.94679		0.85751		0.82547		0.90674		0.8642		0.71852
386		14044.49		0.94286		0.94672		0.85492		0.82775		0.89637		0.8607		0.7123
387		14045.72		0.94207		0.94571		0.85233		0.82692		0.89119		0.85786		0.7068
388		14046.96		0.94295		0.94668		0.85233		0.82381		0.89637		0.85856		0.70741
389		14048.15		0.94455		0.94746		0.85751		0.82547		0.90674		0.8642		0.71852
390		14049.87		0.94443		0.94672		0.86528		0.83732		0.90674		0.87065		0.73309
391		14051.78		0.94612		0.9491		0.87047		0.85222		0.89637		0.87374		0.74193
AUC improved at epoch  391 ;	best_auc: 0.9461193589089639
392		14054.01		0.94632		0.95021		0.87306		0.86		0.89119		0.87532		0.74661
AUC improved at epoch  392 ;	best_auc: 0.9463207065961503
393		14055.73		0.94499		0.94922		0.86269		0.85		0.88083		0.86514		0.72587
394		14056.96		0.94376		0.94788		0.86269		0.83981		0.89637		0.86717		0.72704
395		14058.3		0.94245		0.94635		0.85233		0.81776		0.90674		0.85995		0.70887
396		14059.52		0.94314		0.9476		0.85492		0.82775		0.89637		0.8607		0.7123
397		14060.72		0.94292		0.94775		0.85492		0.83415		0.88601		0.8593		0.71122
398		14062.11		0.94424		0.94933		0.86269		0.85		0.88083		0.86514		0.72587
399		14064.03		0.94378		0.94895		0.86269		0.84653		0.88601		0.86582		0.72618
400		14065.24		0.9435		0.94801		0.85233		0.82381		0.89637		0.85856		0.70741
401		14066.5		0.94356		0.94757		0.8601		0.82326		0.9171		0.86765		0.72493
402		14068.17		0.9431		0.94744		0.85751		0.82857		0.90155		0.86352		0.71782
403		14070.54		0.94156		0.94627		0.86528		0.84058		0.90155		0.87		0.7325
404		14071.91		0.93981		0.94444		0.85751		0.845		0.87565		0.86005		0.7155
405		14073.21		0.93986		0.944		0.85751		0.845		0.87565		0.86005		0.7155
406		14074.61		0.93788		0.94135		0.85492		0.83092		0.89119		0.86		0.71172
407		14076.69		0.9371		0.94036		0.85751		0.83173		0.89637		0.86284		0.7172
408		14078.22		0.93941		0.94382		0.86269		0.85354		0.87565		0.86445		0.72563
409		14079.42		0.94243		0.94836		0.86269		0.83981		0.89637		0.86717		0.72704
410		14080.61		0.94515		0.95133		0.8601		0.82938		0.90674		0.86634		0.72336
411		14082.24		0.94574		0.95138		0.84715		0.80734		0.91192		0.85645		0.7002
412		14083.94		0.94502		0.95144		0.86528		0.84058		0.90155		0.87		0.7325
413		14085.18		0.9416		0.94812		0.86269		0.85714		0.87047		0.86375		0.72548
414		14086.42		0.94193		0.94704		0.8601		0.83254		0.90155		0.86567		0.72269
415		14087.7		0.93749		0.93999		0.8601		0.82326		0.9171		0.86765		0.72493
416		14089.69		0.93841		0.94123		0.84715		0.82843		0.87565		0.85139		0.69543
417		14091.43		0.93743		0.94107		0.84715		0.835		0.86528		0.84987		0.69476
418		14092.72		0.93901		0.94131		0.84715		0.82843		0.87565		0.85139		0.69543
419		14094.32		0.93756		0.93937		0.84197		0.80556		0.90155		0.85086		0.68885
420		14096.38		0.94322		0.94646		0.8601		0.84577		0.88083		0.86294		0.72083
421		14098.03		0.94496		0.94953		0.86269		0.85354		0.87565		0.86445		0.72563
422		14099.79		0.94456		0.94879		0.85233		0.8301		0.88601		0.85714		0.70627
423		14101.57		0.94343		0.94664		0.85492		0.81567		0.9171		0.86341		0.7154
424		14102.98		0.94129		0.94467		0.85233		0.80909		0.92228		0.86199		0.71166
425		14105.02		0.94168		0.94679		0.85492		0.83415		0.88601		0.8593		0.71122
426		14106.29		0.94103		0.94787		0.8601		0.84925		0.87565		0.86224		0.72056
427		14108.29		0.94491		0.94721		0.85751		0.81081		0.93264		0.86747		0.72324
428		14109.78		0.93968		0.93797		0.84456		0.78541		0.94819		0.85915		0.70441
429		14111.38		0.93502		0.94163		0.8601		0.86772		0.84974		0.85864		0.72036
430		14112.64		0.93311		0.93743		0.79275		0.72691		0.93782		0.819		0.61181
431		14114.04		0.92327		0.92506		0.82124		0.9026		0.72021		0.80115		0.65602
432		14115.44		0.91145		0.90286		0.81347		0.74104		0.96373		0.83784		0.65733
433		14117.38		0.90698		0.91491		0.74093		0.92661		0.52332		0.66887		0.53522
434		14119.15		0.92957		0.93664		0.79534		0.73361		0.92746		0.81922		0.61244
435		14121.08		0.92619		0.93519		0.83161		0.7963		0.89119		0.84108		0.66797
436		14122.92		0.90692		0.91584		0.77202		0.95652		0.56995		0.71429		0.59478
437		14124.81		0.90958		0.91224		0.80311		0.73878		0.93782		0.82648		0.6295
438		14126.71		0.92601		0.93341		0.8057		0.73984		0.94301		0.82916		0.63584
439		14127.99		0.93084		0.94238		0.85233		0.88636		0.80829		0.84553		0.70741
440		14129.34		0.92408		0.93747		0.82642		0.9375		0.69948		0.80119		0.67497
441		14130.7		0.92075		0.93389		0.85233		0.9		0.79275		0.84298		0.70972
442		14132.27		0.91933		0.93114		0.8342		0.80282		0.88601		0.84236		0.67201
443		14134.03		0.92193		0.9321		0.81606		0.76522		0.91192		0.83215		0.64407
444		14135.53		0.92588		0.93506		0.82902		0.78222		0.91192		0.84211		0.66727
445		14136.85		0.92652		0.9348		0.84974		0.84264		0.8601		0.85128		0.69963
446		14138.41		0.92488		0.93185		0.84456		0.87151		0.80829		0.83871		0.69094
447		14140.27		0.92684		0.9326		0.85492		0.87432		0.82902		0.85106		0.7108
448		14141.74		0.93525		0.94055		0.85492		0.84422		0.87047		0.85714		0.71019
449		14143.1		0.9407		0.94497		0.8342		0.78166		0.92746		0.84834		0.68033
450		14144.54		0.94496		0.94967		0.82642		0.76695		0.93782		0.84382		0.66968
451		14146.01		0.94692		0.95302		0.84456		0.79556		0.92746		0.85646		0.69879
AUC improved at epoch  451 ;	best_auc: 0.9469247496577089
452		14147.94		0.94534		0.95265		0.86528		0.83732		0.90674		0.87065		0.73309
453		14149.35		0.94389		0.95194		0.86788		0.86224		0.87565		0.86889		0.73584
454		14151.23		0.94421		0.95167		0.87047		0.86667		0.87565		0.87113		0.74097
455		14152.49		0.94507		0.9515		0.85492		0.83415		0.88601		0.8593		0.71122
456		14153.88		0.94609		0.95147		0.8601		0.81735		0.92746		0.86893		0.72683
457		14155.11		0.94652		0.95143		0.85751		0.81364		0.92746		0.86683		0.72213
458		14156.37		0.94515		0.95039		0.85492		0.81567		0.9171		0.86341		0.7154
459		14157.59		0.94529		0.95092		0.85751		0.845		0.87565		0.86005		0.7155
460		14158.94		0.94534		0.95133		0.85233		0.84343		0.86528		0.85422		0.7049
461		14160.25		0.9476		0.95323		0.8601		0.84236		0.88601		0.86364		0.72118
AUC improved at epoch  461 ;	best_auc: 0.9475959086149963
462		14161.79		0.94784		0.95276		0.85492		0.82775		0.89637		0.8607		0.7123
AUC improved at epoch  462 ;	best_auc: 0.9478375258396198
463		14163.33		0.94784		0.95268		0.8601		0.82629		0.91192		0.867		0.72411
AUC improved at epoch  463 ;	best_auc: 0.9478375258396199
464		14164.85		0.94698		0.9522		0.85751		0.82857		0.90155		0.86352		0.71782
465		14166.46		0.94593		0.95131		0.85751		0.83173		0.89637		0.86284		0.7172
466		14168.17		0.94462		0.94964		0.8601		0.84236		0.88601		0.86364		0.72118
467		14170.12		0.9451		0.94987		0.85751		0.83495		0.89119		0.86216		0.71665
468		14171.83		0.94668		0.95107		0.85751		0.83173		0.89637		0.86284		0.7172
469		14173.45		0.94719		0.95162		0.85492		0.83092		0.89119		0.86		0.71172
470		14174.83		0.94711		0.95177		0.85751		0.83824		0.88601		0.86146		0.71619
471		14176.29		0.94743		0.95233		0.8601		0.84236		0.88601		0.86364		0.72118
472		14177.77		0.94756		0.95267		0.85492		0.8408		0.87565		0.85787		0.71046
473		14179.74		0.94792		0.95314		0.85492		0.83744		0.88083		0.85859		0.7108
AUC improved at epoch  473 ;	best_auc: 0.9479180649144944
474		14181.3		0.94752		0.95277		0.85233		0.83333		0.88083		0.85642		0.70581
475		14182.68		0.94738		0.95265		0.84715		0.82524		0.88083		0.85213		0.69588
476		14184.11		0.94773		0.95304		0.84456		0.81818		0.88601		0.85075		0.6915
477		14185.75		0.94776		0.9532		0.84974		0.81991		0.89637		0.85644		0.70254
478		14187.42		0.94797		0.95327		0.84974		0.82297		0.89119		0.85572		0.7019
AUC improved at epoch  478 ;	best_auc: 0.9479717576310773
479		14189.23		0.94852		0.95392		0.85233		0.82692		0.89119		0.85786		0.7068
AUC improved at epoch  479 ;	best_auc: 0.948522107976053
480		14191.05		0.94851		0.95371		0.8601		0.83902		0.89119		0.86432		0.7216
481		14193.17		0.94803		0.95316		0.86269		0.84314		0.89119		0.8665		0.72657
482		14194.71		0.94754		0.95243		0.86528		0.84729		0.89119		0.86869		0.73155
483		14196.12		0.94692		0.95174		0.86788		0.84804		0.89637		0.87154		0.73695
484		14197.48		0.94688		0.95166		0.86528		0.8439		0.89637		0.86935		0.73199
485		14198.8		0.94682		0.95142		0.86269		0.83981		0.89637		0.86717		0.72704
486		14200.2		0.94599		0.95044		0.8601		0.83575		0.89637		0.865		0.72211
487		14201.56		0.94537		0.94974		0.85751		0.83824		0.88601		0.86146		0.71619
488		14203.08		0.94487		0.94947		0.8601		0.83902		0.89119		0.86432		0.7216
489		14204.91		0.94445		0.94908		0.85751		0.83824		0.88601		0.86146		0.71619
490		14206.62		0.94445		0.949		0.85751		0.83824		0.88601		0.86146		0.71619
491		14208.44		0.94472		0.94938		0.85751		0.83824		0.88601		0.86146		0.71619
492		14210.5		0.94518		0.94975		0.85751		0.84158		0.88083		0.86076		0.7158
493		14211.89		0.94601		0.9506		0.85751		0.84158		0.88083		0.86076		0.7158
494		14213.3		0.94676		0.95124		0.86269		0.84314		0.89119		0.8665		0.72657
495		14214.86		0.94727		0.95167		0.86269		0.84314		0.89119		0.8665		0.72657
496		14216.46		0.94776		0.95222		0.86269		0.84314		0.89119		0.8665		0.72657
497		14218.0		0.94831		0.95289		0.86269		0.84314		0.89119		0.8665		0.72657
498		14219.99		0.94845		0.95311		0.86528		0.84729		0.89119		0.86869		0.73155
499		14222.09		0.94871		0.9535		0.86269		0.84653		0.88601		0.86582		0.72618
AUC improved at epoch  499 ;	best_auc: 0.9487100324840936
500		14223.41		0.94864		0.95339		0.86269		0.84653		0.88601		0.86582		0.72618
501		14224.89		0.94868		0.95364		0.8601		0.84236		0.88601		0.86364		0.72118
502		14226.1		0.94863		0.95379		0.86528		0.84729		0.89119		0.86869		0.73155
503		14227.3		0.94854		0.95382		0.86528		0.84729		0.89119		0.86869		0.73155
504		14228.65		0.94824		0.95356		0.86528		0.84729		0.89119		0.86869		0.73155
505		14230.26		0.94807		0.95353		0.86269		0.84314		0.89119		0.8665		0.72657
506		14231.93		0.94821		0.9536		0.86269		0.84314		0.89119		0.8665		0.72657
507		14233.34		0.94848		0.95386		0.86528		0.84729		0.89119		0.86869		0.73155
508		14235.51		0.94815		0.95354		0.86528		0.84729		0.89119		0.86869		0.73155
509		14236.78		0.94817		0.95354		0.86269		0.84314		0.89119		0.8665		0.72657
510		14238.08		0.94843		0.95374		0.86269		0.84314		0.89119		0.8665		0.72657
511		14239.35		0.94884		0.95412		0.86269		0.84314		0.89119		0.8665		0.72657
AUC improved at epoch  511 ;	best_auc: 0.948844264275551
512		14240.6		0.94854		0.95379		0.8601		0.83902		0.89119		0.86432		0.7216
513		14241.95		0.94872		0.95392		0.8601		0.83902		0.89119		0.86432		0.7216
514		14243.72		0.94888		0.95407		0.8601		0.83902		0.89119		0.86432		0.7216
AUC improved at epoch  514 ;	best_auc: 0.9488845338129882
515		14245.44		0.94886		0.9541		0.8601		0.83902		0.89119		0.86432		0.7216
516		14246.74		0.94876		0.95397		0.86528		0.84729		0.89119		0.86869		0.73155
517		14248.88		0.94864		0.95386		0.86528		0.84729		0.89119		0.86869		0.73155
518		14250.15		0.94854		0.95383		0.86788		0.85149		0.89119		0.87089		0.73655
519		14252.02		0.9487		0.95411		0.86788		0.85149		0.89119		0.87089		0.73655
520		14253.57		0.94876		0.95422		0.86788		0.85149		0.89119		0.87089		0.73655
521		14254.85		0.94886		0.95435		0.86788		0.85149		0.89119		0.87089		0.73655
522		14256.32		0.94887		0.9544		0.86528		0.84729		0.89119		0.86869		0.73155
523		14257.66		0.94905		0.95454		0.86528		0.84729		0.89119		0.86869		0.73155
AUC improved at epoch  523 ;	best_auc: 0.9490456119627373
524		14259.58		0.94899		0.95435		0.86788		0.85149		0.89119		0.87089		0.73655
525		14260.94		0.94891		0.95431		0.86269		0.84314		0.89119		0.8665		0.72657
526		14263.1		0.94901		0.95434		0.86269		0.84314		0.89119		0.8665		0.72657
527		14264.37		0.94888		0.95426		0.86269		0.84314		0.89119		0.8665		0.72657
528		14265.6		0.94906		0.95441		0.86269		0.84314		0.89119		0.8665		0.72657
AUC improved at epoch  528 ;	best_auc: 0.949059035141883
529		14266.84		0.94871		0.95398		0.8601		0.83902		0.89119		0.86432		0.7216
530		14268.19		0.94874		0.95394		0.86269		0.84314		0.89119		0.8665		0.72657
531		14269.51		0.94859		0.95376		0.86528		0.84729		0.89119		0.86869		0.73155
532		14270.92		0.94872		0.95379		0.86528		0.84729		0.89119		0.86869		0.73155
533		14272.84		0.94839		0.95353		0.86528		0.84729		0.89119		0.86869		0.73155
534		14274.33		0.94841		0.95347		0.86788		0.85149		0.89119		0.87089		0.73655
535		14276.24		0.94828		0.95332		0.86788		0.85149		0.89119		0.87089		0.73655
536		14277.89		0.94823		0.95325		0.86788		0.85149		0.89119		0.87089		0.73655
537		14279.26		0.94808		0.95305		0.86788		0.85149		0.89119		0.87089		0.73655
538		14280.78		0.94805		0.95307		0.86788		0.85149		0.89119		0.87089		0.73655
539		14282.62		0.94808		0.95311		0.86528		0.84729		0.89119		0.86869		0.73155
540		14284.11		0.94766		0.95272		0.86528		0.84729		0.89119		0.86869		0.73155
541		14285.58		0.94749		0.95254		0.86528		0.85075		0.88601		0.86802		0.7312
542		14287.26		0.94773		0.95281		0.86528		0.85075		0.88601		0.86802		0.7312
543		14289.05		0.94777		0.95286		0.86528		0.85075		0.88601		0.86802		0.7312
544		14290.39		0.94776		0.95288		0.86528		0.85075		0.88601		0.86802		0.7312
545		14292.15		0.94784		0.95295		0.86269		0.84653		0.88601		0.86582		0.72618
546		14293.89		0.94794		0.95303		0.86269		0.84653		0.88601		0.86582		0.72618
547		14296.02		0.94789		0.95296		0.86528		0.84729		0.89119		0.86869		0.73155
548		14297.85		0.94827		0.95334		0.86528		0.84729		0.89119		0.86869		0.73155
549		14299.26		0.94829		0.95343		0.86788		0.85149		0.89119		0.87089		0.73655
550		14300.61		0.94837		0.95349		0.86788		0.85149		0.89119		0.87089		0.73655
551		14302.17		0.94854		0.95367		0.86788		0.85149		0.89119		0.87089		0.73655
552		14303.36		0.9487		0.9539		0.86528		0.84729		0.89119		0.86869		0.73155
553		14304.61		0.94913		0.95435		0.86528		0.84729		0.89119		0.86869		0.73155
AUC improved at epoch  553 ;	best_auc: 0.9491261510376118
554		14306.02		0.94942		0.95473		0.86528		0.84729		0.89119		0.86869		0.73155
AUC improved at epoch  554 ;	best_auc: 0.9494214609788182
555		14307.67		0.94942		0.95476		0.86528		0.84729		0.89119		0.86869		0.73155
556		14309.36		0.94915		0.9545		0.86528		0.84729		0.89119		0.86869		0.73155
557		14311.7		0.94907		0.95447		0.86788		0.85149		0.89119		0.87089		0.73655
558		14312.93		0.94894		0.95433		0.86788		0.85149		0.89119		0.87089		0.73655
559		14314.16		0.94894		0.95437		0.86788		0.85149		0.89119		0.87089		0.73655
560		14315.69		0.94878		0.9542		0.86528		0.84729		0.89119		0.86869		0.73155
561		14317.54		0.94837		0.95371		0.86269		0.84314		0.89119		0.8665		0.72657
562		14318.8		0.94776		0.95293		0.86269		0.84314		0.89119		0.8665		0.72657
563		14320.2		0.94726		0.95231		0.86269		0.84314		0.89119		0.8665		0.72657
564		14321.66		0.9471		0.95195		0.85751		0.83495		0.89119		0.86216		0.71665
565		14323.23		0.94706		0.95177		0.85233		0.8301		0.88601		0.85714		0.70627
566		14324.86		0.94676		0.95152		0.84974		0.82609		0.88601		0.855		0.70133
567		14326.87		0.94682		0.95147		0.84974		0.82609		0.88601		0.855		0.70133
568		14328.2		0.94674		0.9514		0.84974		0.82297		0.89119		0.85572		0.7019
569		14330.19		0.94745		0.95209		0.85492		0.83092		0.89119		0.86		0.71172
570		14331.49		0.94786		0.95265		0.86269		0.84314		0.89119		0.8665		0.72657
571		14332.96		0.94808		0.95291		0.86528		0.84729		0.89119		0.86869		0.73155
572		14334.28		0.94816		0.95304		0.86788		0.85149		0.89119		0.87089		0.73655
573		14335.74		0.94862		0.95355		0.86788		0.85149		0.89119		0.87089		0.73655
574		14337.23		0.94888		0.95379		0.87047		0.85572		0.89119		0.8731		0.74157
575		14338.48		0.94913		0.95411		0.87047		0.85572		0.89119		0.8731		0.74157
576		14339.82		0.94964		0.95466		0.87047		0.85572		0.89119		0.8731		0.74157
AUC improved at epoch  576 ;	best_auc: 0.9496362318451501
577		14341.1		0.94969		0.95478		0.87047		0.85572		0.89119		0.8731		0.74157
AUC improved at epoch  577 ;	best_auc: 0.9496899245617332
578		14342.83		0.94968		0.9547		0.87306		0.85644		0.89637		0.87595		0.74693
579		14344.59		0.94964		0.95461		0.87047		0.85222		0.89637		0.87374		0.74193
580		14346.08		0.94953		0.95461		0.87047		0.85222		0.89637		0.87374		0.74193
581		14347.48		0.94937		0.95443		0.87047		0.85222		0.89637		0.87374		0.74193
582		14348.94		0.94935		0.95439		0.86788		0.84804		0.89637		0.87154		0.73695
583		14350.68		0.94923		0.95424		0.86788		0.84804		0.89637		0.87154		0.73695
584		14352.12		0.94899		0.95397		0.86788		0.84804		0.89637		0.87154		0.73695
585		14353.46		0.94871		0.95374		0.86788		0.84804		0.89637		0.87154		0.73695
586		14355.12		0.94833		0.95345		0.86528		0.84729		0.89119		0.86869		0.73155
587		14356.61		0.94793		0.95326		0.86528		0.84729		0.89119		0.86869		0.73155
588		14358.04		0.94745		0.95284		0.85751		0.83824		0.88601		0.86146		0.71619
589		14359.4		0.94735		0.95274		0.85233		0.8301		0.88601		0.85714		0.70627
590		14360.99		0.94721		0.9526		0.85492		0.83092		0.89119		0.86		0.71172
591		14362.37		0.9473		0.95268		0.85492		0.83092		0.89119		0.86		0.71172
592		14364.13		0.94746		0.95285		0.85492		0.83092		0.89119		0.86		0.71172
593		14365.44		0.94746		0.95286		0.85751		0.83495		0.89119		0.86216		0.71665
594		14366.99		0.94765		0.95301		0.8601		0.83902		0.89119		0.86432		0.7216
595		14368.32		0.94789		0.95325		0.8601		0.83902		0.89119		0.86432		0.7216
596		14369.75		0.94824		0.95363		0.8601		0.83902		0.89119		0.86432		0.7216
597		14371.02		0.94828		0.95378		0.86269		0.84314		0.89119		0.8665		0.72657
598		14372.35		0.94862		0.95407		0.86269		0.84314		0.89119		0.8665		0.72657
599		14374.01		0.94876		0.95433		0.86269		0.84314		0.89119		0.8665		0.72657
600		14375.84		0.94888		0.95455		0.86269		0.84314		0.89119		0.8665		0.72657
601		14377.56		0.94921		0.95489		0.86528		0.84729		0.89119		0.86869		0.73155
602		14378.98		0.94923		0.95492		0.86528		0.84729		0.89119		0.86869		0.73155
603		14380.83		0.94905		0.95472		0.86269		0.84314		0.89119		0.8665		0.72657
604		14382.31		0.94905		0.95471		0.86269		0.84314		0.89119		0.8665		0.72657
605		14383.75		0.94919		0.9548		0.86269		0.84314		0.89119		0.8665		0.72657
606		14385.22		0.94918		0.9548		0.86269		0.84314		0.89119		0.8665		0.72657
607		14386.53		0.94922		0.95494		0.86269		0.84314		0.89119		0.8665		0.72657
608		14388.33		0.94909		0.95486		0.86269		0.84314		0.89119		0.8665		0.72657
609		14390.04		0.94886		0.95457		0.86528		0.84729		0.89119		0.86869		0.73155
610		14391.29		0.94891		0.9545		0.86528		0.84729		0.89119		0.86869		0.73155
611		14392.59		0.94925		0.95476		0.86528		0.84729		0.89119		0.86869		0.73155
612		14394.36		0.94907		0.95455		0.86269		0.84314		0.89119		0.8665		0.72657
613		14396.28		0.94902		0.95439		0.86269		0.84314		0.89119		0.8665		0.72657
614		14397.84		0.94902		0.95437		0.86269		0.84314		0.89119		0.8665		0.72657
615		14399.39		0.94923		0.95452		0.86269		0.84314		0.89119		0.8665		0.72657
616		14401.03		0.94919		0.95445		0.86269		0.84314		0.89119		0.8665		0.72657
617		14402.65		0.94923		0.95444		0.86269		0.84314		0.89119		0.8665		0.72657
618		14404.32		0.94905		0.95423		0.86528		0.84729		0.89119		0.86869		0.73155
619		14405.62		0.9491		0.95432		0.86528		0.84729		0.89119		0.86869		0.73155
620		14407.03		0.94922		0.95447		0.86528		0.84729		0.89119		0.86869		0.73155
621		14408.55		0.94923		0.9545		0.86528		0.84729		0.89119		0.86869		0.73155
622		14409.83		0.9491		0.95432		0.86788		0.85149		0.89119		0.87089		0.73655
623		14411.14		0.94899		0.95418		0.86788		0.85149		0.89119		0.87089		0.73655
624		14412.61		0.94887		0.95407		0.86788		0.85149		0.89119		0.87089		0.73655
625		14414.16		0.94876		0.95392		0.86788		0.85149		0.89119		0.87089		0.73655
626		14415.6		0.94879		0.95388		0.86788		0.85149		0.89119		0.87089		0.73655
627		14416.93		0.94899		0.95408		0.86788		0.85149		0.89119		0.87089		0.73655
628		14418.36		0.94937		0.95446		0.86788		0.85149		0.89119		0.87089		0.73655
629		14419.88		0.94946		0.95444		0.87047		0.85572		0.89119		0.8731		0.74157
630		14421.74		0.94949		0.95441		0.86269		0.84314		0.89119		0.8665		0.72657
631		14423.08		0.94933		0.95421		0.86269		0.84314		0.89119		0.8665		0.72657
632		14424.35		0.94918		0.95401		0.86269		0.84314		0.89119		0.8665		0.72657
633		14425.65		0.94894		0.9537		0.86269		0.84314		0.89119		0.8665		0.72657
634		14426.94		0.94894		0.95365		0.86528		0.84729		0.89119		0.86869		0.73155
635		14428.38		0.94872		0.95354		0.86528		0.84729		0.89119		0.86869		0.73155
636		14430.1		0.94864		0.95349		0.86528		0.84729		0.89119		0.86869		0.73155
637		14431.71		0.9487		0.95356		0.86528		0.84729		0.89119		0.86869		0.73155
638		14433.06		0.94851		0.95339		0.86528		0.84729		0.89119		0.86869		0.73155
639		14434.87		0.94841		0.95339		0.86269		0.84314		0.89119		0.8665		0.72657
640		14436.5		0.94843		0.95344		0.86269		0.84314		0.89119		0.8665		0.72657
641		14437.86		0.94837		0.95345		0.86269		0.84314		0.89119		0.8665		0.72657
642		14439.41		0.94847		0.95345		0.86269		0.84314		0.89119		0.8665		0.72657
643		14441.41		0.94848		0.95351		0.86269		0.84314		0.89119		0.8665		0.72657
644		14443.09		0.94856		0.9536		0.86528		0.84729		0.89119		0.86869		0.73155
645		14444.58		0.94844		0.95348		0.86528		0.84729		0.89119		0.86869		0.73155
646		14445.91		0.94851		0.95343		0.86788		0.84804		0.89637		0.87154		0.73695
647		14447.19		0.94864		0.95358		0.86788		0.84804		0.89637		0.87154		0.73695
648		14448.68		0.94884		0.95374		0.87047		0.85222		0.89637		0.87374		0.74193
649		14449.97		0.94875		0.95355		0.87047		0.85222		0.89637		0.87374		0.74193
650		14451.64		0.94886		0.95346		0.87047		0.85222		0.89637		0.87374		0.74193
651		14453.09		0.94898		0.95356		0.87047		0.85222		0.89637		0.87374		0.74193
652		14454.43		0.94895		0.9535		0.87047		0.85222		0.89637		0.87374		0.74193
653		14456.46		0.94909		0.95369		0.87047		0.85222		0.89637		0.87374		0.74193
654		14457.8		0.94909		0.95374		0.87047		0.85222		0.89637		0.87374		0.74193
655		14459.15		0.94915		0.95389		0.87047		0.85222		0.89637		0.87374		0.74193
656		14460.51		0.94942		0.95422		0.87306		0.85644		0.89637		0.87595		0.74693
657		14462.28		0.94937		0.95413		0.87306		0.85644		0.89637		0.87595		0.74693
658		14463.64		0.94929		0.95403		0.87306		0.85644		0.89637		0.87595		0.74693
659		14465.0		0.94899		0.95379		0.87306		0.85644		0.89637		0.87595		0.74693
660		14466.33		0.94894		0.95382		0.87047		0.85222		0.89637		0.87374		0.74193
661		14468.01		0.94901		0.95392		0.87047		0.85222		0.89637		0.87374		0.74193
662		14469.52		0.94892		0.95381		0.87047		0.85222		0.89637		0.87374		0.74193
663		14470.85		0.94886		0.95373		0.87047		0.85222		0.89637		0.87374		0.74193
664		14472.26		0.94872		0.95368		0.87047		0.85222		0.89637		0.87374		0.74193
665		14473.71		0.94868		0.95367		0.87047		0.85222		0.89637		0.87374		0.74193
666		14475.57		0.94895		0.95395		0.87047		0.85222		0.89637		0.87374		0.74193
667		14476.92		0.9488		0.95381		0.87047		0.85222		0.89637		0.87374		0.74193
668		14478.74		0.9488		0.95382		0.87047		0.85222		0.89637		0.87374		0.74193
669		14480.42		0.94894		0.95404		0.87047		0.85222		0.89637		0.87374		0.74193
670		14481.85		0.94882		0.95391		0.87047		0.85222		0.89637		0.87374		0.74193
671		14483.16		0.94895		0.95401		0.87047		0.85222		0.89637		0.87374		0.74193
672		14484.44		0.94886		0.95385		0.87047		0.85222		0.89637		0.87374		0.74193
673		14485.66		0.94921		0.95416		0.87047		0.85222		0.89637		0.87374		0.74193
674		14486.85		0.94919		0.9542		0.86788		0.85149		0.89119		0.87089		0.73655
675		14488.3		0.94934		0.95435		0.86788		0.85149		0.89119		0.87089		0.73655
676		14490.02		0.94942		0.95454		0.87047		0.85572		0.89119		0.8731		0.74157
677		14491.91		0.94956		0.95468		0.87047		0.85572		0.89119		0.8731		0.74157
678		14493.66		0.94952		0.95462		0.87047		0.85572		0.89119		0.8731		0.74157
679		14495.31		0.94958		0.95461		0.87047		0.85572		0.89119		0.8731		0.74157
680		14496.62		0.94966		0.95472		0.86788		0.85149		0.89119		0.87089		0.73655
681		14497.97		0.94948		0.9544		0.86788		0.84804		0.89637		0.87154		0.73695
682		14499.33		0.94948		0.95435		0.86528		0.8439		0.89637		0.86935		0.73199
683		14501.02		0.94938		0.95421		0.86269		0.84314		0.89119		0.8665		0.72657
684		14502.36		0.94923		0.95401		0.86269		0.84314		0.89119		0.8665		0.72657
685		14503.69		0.94922		0.95399		0.86269		0.84314		0.89119		0.8665		0.72657
686		14505.5		0.94888		0.95371		0.86269		0.84314		0.89119		0.8665		0.72657
687		14507.77		0.94864		0.95346		0.86269		0.84314		0.89119		0.8665		0.72657
688		14509.12		0.94851		0.95335		0.86269		0.84314		0.89119		0.8665		0.72657
689		14510.9		0.94832		0.95316		0.86528		0.84729		0.89119		0.86869		0.73155
690		14512.43		0.94843		0.95315		0.86528		0.84729		0.89119		0.86869		0.73155
691		14514.39		0.94856		0.95327		0.86788		0.85149		0.89119		0.87089		0.73655
692		14516.21		0.94887		0.95357		0.86528		0.84729		0.89119		0.86869		0.73155
693		14517.92		0.94892		0.95353		0.86269		0.84314		0.89119		0.8665		0.72657
694		14519.29		0.94907		0.95363		0.86528		0.8439		0.89637		0.86935		0.73199
695		14520.96		0.94926		0.95376		0.86528		0.8439		0.89637		0.86935		0.73199
696		14523.1		0.94934		0.9538		0.86528		0.8439		0.89637		0.86935		0.73199
697		14524.54		0.94923		0.9538		0.86788		0.84804		0.89637		0.87154		0.73695
698		14525.79		0.94902		0.95369		0.87047		0.85222		0.89637		0.87374		0.74193
699		14527.0		0.9489		0.95368		0.87047		0.85222		0.89637		0.87374		0.74193
700		14528.45		0.94868		0.95368		0.87047		0.85222		0.89637		0.87374		0.74193
701		14529.97		0.9485		0.95369		0.86788		0.85149		0.89119		0.87089		0.73655
702		14532.02		0.9487		0.95402		0.86788		0.85149		0.89119		0.87089		0.73655
703		14533.31		0.94859		0.95394		0.86788		0.85149		0.89119		0.87089		0.73655
704		14535.07		0.94867		0.95404		0.87047		0.85222		0.89637		0.87374		0.74193
705		14537.02		0.9488		0.95413		0.86788		0.84804		0.89637		0.87154		0.73695
706		14538.73		0.94905		0.95429		0.86788		0.84804		0.89637		0.87154		0.73695
707		14540.13		0.94886		0.95413		0.86788		0.84804		0.89637		0.87154		0.73695
708		14541.54		0.94888		0.9541		0.86788		0.84804		0.89637		0.87154		0.73695
709		14543.2		0.9487		0.9538		0.86269		0.83981		0.89637		0.86717		0.72704
710		14544.97		0.94859		0.95369		0.86269		0.83981		0.89637		0.86717		0.72704
711		14546.57		0.94875		0.95377		0.86269		0.84314		0.89119		0.8665		0.72657
712		14547.9		0.94892		0.95388		0.86528		0.84729		0.89119		0.86869		0.73155
713		14549.36		0.94892		0.95386		0.86788		0.85149		0.89119		0.87089		0.73655
714		14550.96		0.94887		0.95374		0.86788		0.85149		0.89119		0.87089		0.73655
715		14552.29		0.94907		0.95401		0.86788		0.85149		0.89119		0.87089		0.73655
716		14553.76		0.94899		0.95403		0.86788		0.85149		0.89119		0.87089		0.73655
717		14555.2		0.94897		0.954		0.86788		0.85149		0.89119		0.87089		0.73655
718		14556.68		0.94899		0.95401		0.86788		0.85149		0.89119		0.87089		0.73655
719		14558.0		0.94897		0.954		0.86788		0.85149		0.89119		0.87089		0.73655
720		14559.75		0.94864		0.95361		0.86788		0.85149		0.89119		0.87089		0.73655
721		14561.25		0.94871		0.95374		0.86528		0.84729		0.89119		0.86869		0.73155
722		14562.61		0.94867		0.95365		0.86528		0.84729		0.89119		0.86869		0.73155
723		14564.17		0.94886		0.95376		0.86528		0.84729		0.89119		0.86869		0.73155
724		14565.84		0.94882		0.95366		0.86528		0.8439		0.89637		0.86935		0.73199
725		14567.33		0.94901		0.95391		0.86528		0.8439		0.89637		0.86935		0.73199
726		14568.82		0.94898		0.95394		0.86528		0.8439		0.89637		0.86935		0.73199
727		14570.59		0.94888		0.95385		0.86528		0.8439		0.89637		0.86935		0.73199
728		14572.02		0.94888		0.95399		0.86528		0.8439		0.89637		0.86935		0.73199
729		14573.35		0.94867		0.9538		0.86269		0.84314		0.89119		0.8665		0.72657
730		14574.79		0.94864		0.95372		0.86269		0.84314		0.89119		0.8665		0.72657
731		14576.18		0.94867		0.95383		0.86788		0.85149		0.89119		0.87089		0.73655
732		14577.96		0.94859		0.95379		0.86788		0.85149		0.89119		0.87089		0.73655
733		14579.37		0.94867		0.95393		0.87047		0.85572		0.89119		0.8731		0.74157
734		14581.36		0.94854		0.95381		0.87047		0.85572		0.89119		0.8731		0.74157
735		14582.9		0.94868		0.95401		0.86788		0.85149		0.89119		0.87089		0.73655
736		14584.44		0.9488		0.95406		0.86528		0.84729		0.89119		0.86869		0.73155
737		14585.8		0.94887		0.95396		0.86528		0.84729		0.89119		0.86869		0.73155
738		14587.23		0.94894		0.954		0.86788		0.84804		0.89637		0.87154		0.73695
739		14588.63		0.94913		0.95415		0.86528		0.8439		0.89637		0.86935		0.73199
740		14590.16		0.94931		0.95425		0.86528		0.8439		0.89637		0.86935		0.73199
741		14591.58		0.94929		0.95422		0.86528		0.8439		0.89637		0.86935		0.73199
742		14592.82		0.94934		0.95418		0.86528		0.8439		0.89637		0.86935		0.73199
743		14594.59		0.94923		0.95411		0.86528		0.8439		0.89637		0.86935		0.73199
744		14596.16		0.94923		0.95431		0.86528		0.8439		0.89637		0.86935		0.73199
745		14598.1		0.94911		0.95432		0.86528		0.8439		0.89637		0.86935		0.73199
746		14599.81		0.9491		0.95431		0.86788		0.84804		0.89637		0.87154		0.73695
747		14601.19		0.94907		0.95428		0.86788		0.84804		0.89637		0.87154		0.73695
748		14602.6		0.94907		0.95436		0.86788		0.84804		0.89637		0.87154		0.73695
749		14604.36		0.94903		0.95434		0.86788		0.84804		0.89637		0.87154		0.73695
750		14605.83		0.94899		0.95423		0.86788		0.84804		0.89637		0.87154		0.73695
751		14607.33		0.94926		0.95445		0.86788		0.84804		0.89637		0.87154		0.73695
752		14609.13		0.94935		0.95446		0.86788		0.84804		0.89637		0.87154		0.73695
753		14610.73		0.94953		0.95483		0.86269		0.83981		0.89637		0.86717		0.72704
754		14612.15		0.94956		0.95491		0.86269		0.83981		0.89637		0.86717		0.72704
755		14613.54		0.9495		0.95483		0.86269		0.83981		0.89637		0.86717		0.72704
756		14615.19		0.94934		0.95465		0.86269		0.83981		0.89637		0.86717		0.72704
757		14617.09		0.94927		0.95472		0.86269		0.83981		0.89637		0.86717		0.72704
758		14618.39		0.94915		0.95467		0.86269		0.83981		0.89637		0.86717		0.72704
759		14619.63		0.94923		0.95477		0.86269		0.83981		0.89637		0.86717		0.72704
760		14620.9		0.94899		0.95464		0.86788		0.84804		0.89637		0.87154		0.73695
761		14622.38		0.94902		0.95466		0.87047		0.85222		0.89637		0.87374		0.74193
762		14623.84		0.94887		0.95443		0.87047		0.85222		0.89637		0.87374		0.74193
763		14625.2		0.94894		0.95449		0.86788		0.85149		0.89119		0.87089		0.73655
764		14626.62		0.94897		0.95442		0.86788		0.85149		0.89119		0.87089		0.73655
765		14629.2		0.94901		0.95436		0.86788		0.85149		0.89119		0.87089		0.73655
766		14631.01		0.94906		0.95439		0.87047		0.85222		0.89637		0.87374		0.74193
767		14632.31		0.94899		0.95429		0.87047		0.85222		0.89637		0.87374		0.74193
768		14633.83		0.94888		0.95414		0.87047		0.85222		0.89637		0.87374		0.74193
769		14635.24		0.94892		0.95407		0.87047		0.85222		0.89637		0.87374		0.74193
770		14636.82		0.94878		0.95386		0.87047		0.85222		0.89637		0.87374		0.74193
771		14638.16		0.9487		0.95371		0.87047		0.85222		0.89637		0.87374		0.74193
772		14639.41		0.94872		0.95372		0.87047		0.85222		0.89637		0.87374		0.74193
773		14640.64		0.9488		0.95374		0.86788		0.84804		0.89637		0.87154		0.73695
774		14642.47		0.94888		0.95384		0.86528		0.8439		0.89637		0.86935		0.73199
775		14644.27		0.94863		0.95357		0.86269		0.83981		0.89637		0.86717		0.72704
776		14645.7		0.94854		0.95348		0.86269		0.83981		0.89637		0.86717		0.72704
777		14647.41		0.94848		0.95351		0.86269		0.83981		0.89637		0.86717		0.72704
778		14649.16		0.94845		0.95346		0.86788		0.84804		0.89637		0.87154		0.73695
779		14651.19		0.94827		0.9533		0.87047		0.85222		0.89637		0.87374		0.74193
780		14652.76		0.94819		0.9532		0.87047		0.85222		0.89637		0.87374		0.74193
781		14654.58		0.9484		0.95339		0.87047		0.85222		0.89637		0.87374		0.74193
782		14656.27		0.94829		0.9533		0.87047		0.85222		0.89637		0.87374		0.74193
783		14657.66		0.94833		0.95326		0.87047		0.85222		0.89637		0.87374		0.74193
784		14659.22		0.94859		0.95367		0.87047		0.85222		0.89637		0.87374		0.74193
785		14660.74		0.94841		0.95354		0.87047		0.85222		0.89637		0.87374		0.74193
786		14662.49		0.94863		0.95384		0.87047		0.85222		0.89637		0.87374		0.74193
787		14664.21		0.94878		0.95395		0.87047		0.85222		0.89637		0.87374		0.74193
788		14666.03		0.94871		0.95395		0.87047		0.85222		0.89637		0.87374		0.74193
789		14667.22		0.94871		0.95401		0.87047		0.85222		0.89637		0.87374		0.74193
790		14668.47		0.94872		0.95409		0.87047		0.85222		0.89637		0.87374		0.74193
791		14669.76		0.94862		0.95404		0.87047		0.85222		0.89637		0.87374		0.74193
792		14670.97		0.94872		0.95425		0.87047		0.85222		0.89637		0.87374		0.74193
793		14672.3		0.94848		0.95397		0.87047		0.85222		0.89637		0.87374		0.74193
794		14674.08		0.94847		0.95398		0.87047		0.85222		0.89637		0.87374		0.74193
795		14675.66		0.94859		0.95425		0.87047		0.85222		0.89637		0.87374		0.74193
796		14677.08		0.94859		0.95421		0.86788		0.84804		0.89637		0.87154		0.73695
797		14679.1		0.94874		0.95428		0.86528		0.8439		0.89637		0.86935		0.73199
798		14680.7		0.94864		0.95423		0.86269		0.83981		0.89637		0.86717		0.72704
799		14682.2		0.94854		0.95409		0.86269		0.83981		0.89637		0.86717		0.72704
800		14683.86		0.94854		0.95402		0.86269		0.83981		0.89637		0.86717		0.72704
801		14685.26		0.94867		0.95419		0.86528		0.8439		0.89637		0.86935		0.73199
802		14687.08		0.9487		0.95413		0.86788		0.84804		0.89637		0.87154		0.73695
803		14689.06		0.94892		0.95434		0.86788		0.84804		0.89637		0.87154		0.73695
804		14690.65		0.9488		0.95406		0.87047		0.85222		0.89637		0.87374		0.74193
805		14691.93		0.94913		0.95434		0.87047		0.85222		0.89637		0.87374		0.74193
806		14693.31		0.94923		0.95446		0.87047		0.85222		0.89637		0.87374		0.74193
807		14694.8		0.94898		0.95416		0.87047		0.85222		0.89637		0.87374		0.74193
808		14696.19		0.94929		0.9544		0.86788		0.84804		0.89637		0.87154		0.73695
809		14697.83		0.9496		0.9545		0.86528		0.8439		0.89637		0.86935		0.73199
810		14699.72		0.94978		0.95468		0.86788		0.84804		0.89637		0.87154		0.73695
AUC improved at epoch  810 ;	best_auc: 0.9497838868157534
811		14701.31		0.94961		0.9545		0.86788		0.84804		0.89637		0.87154		0.73695
812		14703.18		0.94939		0.95438		0.86788		0.84804		0.89637		0.87154		0.73695
813		14704.67		0.94965		0.95477		0.86788		0.84804		0.89637		0.87154		0.73695
814		14705.92		0.94938		0.9546		0.86788		0.84804		0.89637		0.87154		0.73695
815		14707.3		0.94914		0.95444		0.87047		0.85222		0.89637		0.87374		0.74193
816		14708.62		0.94905		0.95429		0.87047		0.85222		0.89637		0.87374		0.74193
817		14709.89		0.94901		0.95421		0.86528		0.8439		0.89637		0.86935		0.73199
818		14711.19		0.94883		0.95401		0.86528		0.8439		0.89637		0.86935		0.73199
819		14713.01		0.9489		0.95396		0.86528		0.8439		0.89637		0.86935		0.73199
820		14714.76		0.94897		0.95409		0.86269		0.83981		0.89637		0.86717		0.72704
821		14716.48		0.94876		0.95391		0.86269		0.83981		0.89637		0.86717		0.72704
822		14718.22		0.94847		0.95368		0.86269		0.83981		0.89637		0.86717		0.72704
823		14719.69		0.94835		0.95357		0.8601		0.83575		0.89637		0.865		0.72211
824		14721.03		0.94845		0.95371		0.8601		0.83575		0.89637		0.865		0.72211
825		14722.45		0.94839		0.95365		0.8601		0.83575		0.89637		0.865		0.72211
826		14724.38		0.94848		0.95374		0.86788		0.84804		0.89637		0.87154		0.73695
827		14726.06		0.94888		0.95417		0.86788		0.84804		0.89637		0.87154		0.73695
828		14727.47		0.9493		0.95455		0.87047		0.85222		0.89637		0.87374		0.74193
829		14728.94		0.94945		0.95464		0.87047		0.85222		0.89637		0.87374		0.74193
830		14730.44		0.94956		0.95468		0.87306		0.85644		0.89637		0.87595		0.74693
831		14732.12		0.94965		0.95487		0.87306		0.85644		0.89637		0.87595		0.74693
832		14733.43		0.94953		0.95468		0.87306		0.85644		0.89637		0.87595		0.74693
833		14734.9		0.94937		0.95452		0.87306		0.85644		0.89637		0.87595		0.74693
834		14736.23		0.94952		0.9546		0.87306		0.85644		0.89637		0.87595		0.74693
835		14737.74		0.94923		0.95426		0.87306		0.85644		0.89637		0.87595		0.74693
836		14739.31		0.94899		0.95397		0.87306		0.85644		0.89637		0.87595		0.74693
837		14740.66		0.94882		0.95366		0.86528		0.8439		0.89637		0.86935		0.73199
838		14742.27		0.94883		0.95356		0.86269		0.83981		0.89637		0.86717		0.72704
839		14743.6		0.94843		0.95302		0.8601		0.83575		0.89637		0.865		0.72211
840		14745.21		0.94815		0.9527		0.8601		0.83575		0.89637		0.865		0.72211
841		14746.95		0.94813		0.95274		0.8601		0.83575		0.89637		0.865		0.72211
842		14748.74		0.94827		0.9529		0.8601		0.83575		0.89637		0.865		0.72211
843		14750.82		0.94845		0.95318		0.8601		0.83575		0.89637		0.865		0.72211
844		14752.52		0.94863		0.95336		0.86269		0.83981		0.89637		0.86717		0.72704
845		14753.97		0.94858		0.95333		0.86269		0.83981		0.89637		0.86717		0.72704
846		14755.28		0.94844		0.95326		0.86528		0.8439		0.89637		0.86935		0.73199
847		14756.51		0.94863		0.95353		0.86528		0.8439		0.89637		0.86935		0.73199
848		14757.85		0.94851		0.95341		0.87047		0.85572		0.89119		0.8731		0.74157
849		14759.38		0.94794		0.95289		0.87306		0.85644		0.89637		0.87595		0.74693
850		14760.85		0.94813		0.95304		0.87306		0.85644		0.89637		0.87595		0.74693
851		14762.74		0.94823		0.9532		0.87306		0.85644		0.89637		0.87595		0.74693
852		14764.82		0.94883		0.95354		0.86269		0.83981		0.89637		0.86717		0.72704
853		14766.2		0.94922		0.9538		0.8601		0.83575		0.89637		0.865		0.72211
854		14767.58		0.94931		0.95372		0.8601		0.83575		0.89637		0.865		0.72211
855		14768.88		0.94972		0.95421		0.8601		0.83575		0.89637		0.865		0.72211
856		14770.34		0.94988		0.95449		0.86269		0.83981		0.89637		0.86717		0.72704
AUC improved at epoch  856 ;	best_auc: 0.9498778490697736
857		14771.8		0.94966		0.95459		0.86788		0.84804		0.89637		0.87154		0.73695
858		14773.4		0.94962		0.9547		0.87306		0.85644		0.89637		0.87595		0.74693
859		14774.88		0.94949		0.95473		0.87047		0.85572		0.89119		0.8731		0.74157
860		14776.67		0.94935		0.95459		0.87306		0.86		0.89119		0.87532		0.74661
861		14778.17		0.94953		0.95473		0.87306		0.86		0.89119		0.87532		0.74661
862		14779.56		0.94977		0.95479		0.87047		0.85572		0.89119		0.8731		0.74157
863		14781.22		0.9499		0.95488		0.87047		0.85572		0.89119		0.8731		0.74157
AUC improved at epoch  863 ;	best_auc: 0.9499046954280651
864		14783.01		0.9496		0.95431		0.87047		0.85222		0.89637		0.87374		0.74193
865		14784.35		0.94976		0.95438		0.86528		0.8439		0.89637		0.86935		0.73199
866		14785.81		0.94964		0.95419		0.86269		0.83981		0.89637		0.86717		0.72704
867		14787.69		0.94948		0.95424		0.86269		0.83981		0.89637		0.86717		0.72704
868		14789.78		0.94883		0.95374		0.86269		0.83981		0.89637		0.86717		0.72704
869		14791.43		0.94863		0.95366		0.86788		0.84804		0.89637		0.87154		0.73695
870		14792.77		0.9485		0.95377		0.86788		0.84804		0.89637		0.87154		0.73695
871		14794.16		0.94823		0.95349		0.87565		0.8607		0.89637		0.87817		0.75194
872		14795.51		0.948		0.95309		0.87565		0.8607		0.89637		0.87817		0.75194
873		14796.82		0.94792		0.95295		0.87306		0.85644		0.89637		0.87595		0.74693
874		14798.06		0.94773		0.95261		0.86528		0.8439		0.89637		0.86935		0.73199
875		14799.28		0.94792		0.95263		0.86528		0.8439		0.89637		0.86935		0.73199
876		14801.1		0.94792		0.95263		0.86528		0.8439		0.89637		0.86935		0.73199
877		14802.85		0.94778		0.95248		0.86528		0.8439		0.89637		0.86935		0.73199
878		14805.04		0.94796		0.95256		0.86528		0.8439		0.89637		0.86935		0.73199
879		14806.49		0.94772		0.95224		0.86788		0.84804		0.89637		0.87154		0.73695
880		14808.01		0.94781		0.95232		0.86788		0.84804		0.89637		0.87154		0.73695
881		14809.38		0.94765		0.95217		0.86788		0.84804		0.89637		0.87154		0.73695
882		14810.72		0.94754		0.95225		0.86788		0.84804		0.89637		0.87154		0.73695
883		14812.18		0.94758		0.95223		0.87047		0.85222		0.89637		0.87374		0.74193
884		14813.87		0.94749		0.95222		0.87047		0.85222		0.89637		0.87374		0.74193
885		14815.63		0.94757		0.95233		0.86528		0.8439		0.89637		0.86935		0.73199
886		14817.15		0.94737		0.95202		0.86528		0.8439		0.89637		0.86935		0.73199
887		14818.67		0.94758		0.95218		0.86528		0.8439		0.89637		0.86935		0.73199
888		14820.06		0.94742		0.95196		0.86528		0.8439		0.89637		0.86935		0.73199
889		14821.49		0.94735		0.95187		0.86528		0.8439		0.89637		0.86935		0.73199
890		14822.91		0.94762		0.95208		0.86788		0.84804		0.89637		0.87154		0.73695
891		14824.39		0.94777		0.95217		0.86788		0.84804		0.89637		0.87154		0.73695
892		14825.82		0.9475		0.9519		0.86788		0.84804		0.89637		0.87154		0.73695
893		14827.37		0.9473		0.95163		0.86788		0.84804		0.89637		0.87154		0.73695
894		14828.81		0.94727		0.95154		0.87047		0.85222		0.89637		0.87374		0.74193
895		14830.27		0.94725		0.95166		0.87047		0.85222		0.89637		0.87374		0.74193
896		14831.7		0.94749		0.95193		0.87306		0.85644		0.89637		0.87595		0.74693
897		14833.2		0.94735		0.95172		0.87306		0.85644		0.89637		0.87595		0.74693
898		14834.84		0.94773		0.95215		0.87306		0.85644		0.89637		0.87595		0.74693
899		14836.31		0.94786		0.95238		0.87306		0.85644		0.89637		0.87595		0.74693
900		14837.73		0.94801		0.95262		0.87306		0.85644		0.89637		0.87595		0.74693
901		14839.39		0.94839		0.95305		0.87306		0.85644		0.89637		0.87595		0.74693
902		14841.04		0.94866		0.95337		0.86788		0.84804		0.89637		0.87154		0.73695
903		14842.57		0.9491		0.95377		0.86528		0.8439		0.89637		0.86935		0.73199
904		14844.26		0.94929		0.95401		0.86788		0.84804		0.89637		0.87154		0.73695
905		14845.71		0.94957		0.95423		0.86528		0.8439		0.89637		0.86935		0.73199
906		14847.3		0.94949		0.95414		0.86528		0.8439		0.89637		0.86935		0.73199
907		14849.33		0.94942		0.95402		0.86528		0.8439		0.89637		0.86935		0.73199
908		14850.62		0.9493		0.9539		0.86528		0.8439		0.89637		0.86935		0.73199
909		14851.97		0.94895		0.95357		0.86269		0.83981		0.89637		0.86717		0.72704
910		14853.54		0.94879		0.9533		0.8601		0.83575		0.89637		0.865		0.72211
911		14854.98		0.94837		0.95292		0.86269		0.83981		0.89637		0.86717		0.72704
912		14856.35		0.9478		0.95224		0.86528		0.8439		0.89637		0.86935		0.73199
913		14857.73		0.94762		0.95208		0.86528		0.8439		0.89637		0.86935		0.73199
914		14862.59		0.94786		0.95233		0.86788		0.84804		0.89637		0.87154		0.73695
915		14868.51		0.94794		0.95231		0.86788		0.84804		0.89637		0.87154		0.73695
916		14873.59		0.94812		0.95263		0.86528		0.8439		0.89637		0.86935		0.73199
917		14874.81		0.94871		0.95322		0.86528		0.8439		0.89637		0.86935		0.73199
918		14876.37		0.94899		0.95357		0.86788		0.84804		0.89637		0.87154		0.73695
919		14878.65		0.94907		0.9537		0.86788		0.84804		0.89637		0.87154		0.73695
920		14880.44		0.94878		0.95354		0.86788		0.84804		0.89637		0.87154		0.73695
921		14881.84		0.94874		0.95363		0.87047		0.85222		0.89637		0.87374		0.74193
922		14883.13		0.94848		0.95348		0.86788		0.84804		0.89637		0.87154		0.73695
923		14884.83		0.94858		0.95361		0.86788		0.84804		0.89637		0.87154		0.73695
924		14886.74		0.94829		0.95335		0.86788		0.84804		0.89637		0.87154		0.73695
925		14888.05		0.94819		0.95325		0.86269		0.83981		0.89637		0.86717		0.72704
926		14889.33		0.94807		0.95311		0.86269		0.83981		0.89637		0.86717		0.72704
927		14890.67		0.94769		0.9528		0.8601		0.83575		0.89637		0.865		0.72211
928		14892.84		0.94742		0.95258		0.8601		0.83575		0.89637		0.865		0.72211
929		14894.08		0.94754		0.95288		0.86528		0.8439		0.89637		0.86935		0.73199
930		14895.29		0.9471		0.95258		0.86788		0.85149		0.89119		0.87089		0.73655
931		14896.52		0.94714		0.95269		0.86788		0.85149		0.89119		0.87089		0.73655
932		14898.28		0.94713		0.95266		0.87306		0.86		0.89119		0.87532		0.74661
933		14900.39		0.94754		0.95286		0.87306		0.85644		0.89637		0.87595		0.74693
934		14902.03		0.94754		0.9526		0.87306		0.85644		0.89637		0.87595		0.74693
935		14903.41		0.9478		0.95257		0.87047		0.85222		0.89637		0.87374		0.74193
936		14905.04		0.94848		0.95314		0.86788		0.84804		0.89637		0.87154		0.73695
937		14906.78		0.94848		0.95307		0.86788		0.84804		0.89637		0.87154		0.73695
938		14908.54		0.94843		0.95298		0.86788		0.84804		0.89637		0.87154		0.73695
939		14910.03		0.94832		0.9529		0.86788		0.84804		0.89637		0.87154		0.73695
940		14911.75		0.94813		0.95273		0.86788		0.84804		0.89637		0.87154		0.73695
941		14914.16		0.94766		0.95248		0.86528		0.8439		0.89637		0.86935		0.73199
942		14915.48		0.94706		0.95203		0.86269		0.83981		0.89637		0.86717		0.72704
943		14916.71		0.94664		0.95165		0.86528		0.8439		0.89637		0.86935		0.73199
944		14917.87		0.94616		0.95119		0.86528		0.8439		0.89637		0.86935		0.73199
945		14919.33		0.94605		0.95098		0.86269		0.83981		0.89637		0.86717		0.72704
946		14920.93		0.94605		0.95092		0.85751		0.83173		0.89637		0.86284		0.7172
947		14922.31		0.94592		0.95056		0.8601		0.83575		0.89637		0.865		0.72211
948		14924.4		0.94584		0.95025		0.8601		0.83575		0.89637		0.865		0.72211
949		14926.44		0.94565		0.94994		0.8601		0.83575		0.89637		0.865		0.72211
950		14927.95		0.94594		0.95011		0.86269		0.83981		0.89637		0.86717		0.72704
951		14929.36		0.94615		0.95046		0.87047		0.85222		0.89637		0.87374		0.74193
952		14930.74		0.94651		0.95091		0.87047		0.8593		0.88601		0.87245		0.74129
953		14932.05		0.9465		0.95093		0.86788		0.855		0.88601		0.87023		0.73624
954		14933.29		0.94623		0.95083		0.87047		0.8593		0.88601		0.87245		0.74129
955		14934.67		0.94678		0.95159		0.86788		0.85149		0.89119		0.87089		0.73655
956		14936.06		0.94723		0.95191		0.86528		0.8439		0.89637		0.86935		0.73199
957		14937.58		0.94774		0.9524		0.86269		0.83981		0.89637		0.86717		0.72704
958		14939.61		0.94821		0.95293		0.86269		0.83981		0.89637		0.86717		0.72704
959		14941.2		0.94801		0.95287		0.8601		0.83575		0.89637		0.865		0.72211
960		14943.15		0.94793		0.95282		0.8601		0.83575		0.89637		0.865		0.72211
961		14945.0		0.94819		0.95314		0.86269		0.83981		0.89637		0.86717		0.72704
962		14946.21		0.94812		0.95319		0.86528		0.8439		0.89637		0.86935		0.73199
963		14947.65		0.94829		0.95338		0.86788		0.84804		0.89637		0.87154		0.73695
964		14948.93		0.94837		0.95351		0.87306		0.85644		0.89637		0.87595		0.74693
965		14950.17		0.94813		0.9532		0.87306		0.85644		0.89637		0.87595		0.74693
966		14951.42		0.94794		0.95298		0.87306		0.85644		0.89637		0.87595		0.74693
967		14952.71		0.94758		0.95255		0.86528		0.8439		0.89637		0.86935		0.73199
968		14953.87		0.94792		0.95278		0.86528		0.8439		0.89637		0.86935		0.73199
969		14955.38		0.94844		0.95313		0.8601		0.83575		0.89637		0.865		0.72211
970		14957.72		0.94855		0.9531		0.8601		0.83575		0.89637		0.865		0.72211
971		14959.25		0.94819		0.95276		0.86269		0.83654		0.90155		0.86783		0.72759
972		14961.31		0.94821		0.9528		0.86528		0.84058		0.90155		0.87		0.7325
973		14962.5		0.94811		0.95286		0.86528		0.84058		0.90155		0.87		0.7325
974		14963.72		0.94788		0.95276		0.86788		0.84804		0.89637		0.87154		0.73695
975		14964.93		0.9477		0.95281		0.87047		0.85222		0.89637		0.87374		0.74193
976		14966.46		0.94733		0.95251		0.87306		0.85644		0.89637		0.87595		0.74693
977		14967.77		0.94766		0.95292		0.87306		0.85644		0.89637		0.87595		0.74693
978		14969.07		0.94805		0.95304		0.86788		0.84804		0.89637		0.87154		0.73695
979		14970.94		0.94839		0.95333		0.86788		0.84804		0.89637		0.87154		0.73695
980		14972.57		0.94845		0.95353		0.8601		0.83575		0.89637		0.865		0.72211
981		14973.98		0.94856		0.9536		0.8601		0.83575		0.89637		0.865		0.72211
982		14975.33		0.9488		0.95384		0.86528		0.8439		0.89637		0.86935		0.73199
983		14977.0		0.94891		0.95407		0.86528		0.84729		0.89119		0.86869		0.73155
984		14978.71		0.94859		0.95381		0.87047		0.85572		0.89119		0.8731		0.74157
985		14980.68		0.9485		0.9537		0.87565		0.86432		0.89119		0.87755		0.75166
986		14982.38		0.9484		0.95354		0.87565		0.86802		0.88601		0.87692		0.75146
987		14984.11		0.94824		0.95313		0.87047		0.85572		0.89119		0.8731		0.74157
988		14985.46		0.94845		0.95322		0.86528		0.84058		0.90155		0.87		0.7325
989		14986.8		0.9486		0.9533		0.86528		0.84058		0.90155		0.87		0.7325
990		14987.99		0.94905		0.9538		0.86269		0.83654		0.90155		0.86783		0.72759
991		14989.22		0.94887		0.95357		0.8601		0.83254		0.90155		0.86567		0.72269
992		14990.83		0.94909		0.95378		0.8601		0.83254		0.90155		0.86567		0.72269
993		14992.56		0.94891		0.95364		0.8601		0.83254		0.90155		0.86567		0.72269
994		14993.99		0.94828		0.95314		0.86788		0.84804		0.89637		0.87154		0.73695
995		14995.35		0.94757		0.95254		0.86788		0.84804		0.89637		0.87154		0.73695
996		14997.11		0.94769		0.95258		0.87047		0.85222		0.89637		0.87374		0.74193
997		14998.73		0.94734		0.95226		0.87047		0.85572		0.89119		0.8731		0.74157
998		15000.08		0.94706		0.95184		0.87047		0.85572		0.89119		0.8731		0.74157
999		15001.4		0.94709		0.9518		0.86788		0.84804		0.89637		0.87154		0.73695
1000		15002.78		0.9476		0.9521		0.86528		0.8439		0.89637		0.86935		0.73199
AUC: [0.9577346295603867, 0.9522461406976124, 0.9609662945355483, 0.9666283852358314, 0.9437396506596869, 0.9449281555472464, 0.9502805444441461, 0.9609385486858707, 0.9729254476630246, 0.9499046954280651]
Mean AUC: 0.956029249245742 ( 0.008990802829860102 )
AUPR: [0.958021767968476, 0.9619753639434571, 0.9628019892660148, 0.9669960582820485, 0.9474215868348002, 0.9445900479827698, 0.9444555094491716, 0.9673582644510313, 0.9748943406681558, 0.9548801889109197]
Mean AUPR: 0.9583395117756845 ( 0.009882061623225693 )
Accuracy: [0.896640826873385, 0.8708010335917312, 0.8888888888888888, 0.9121447028423773, 0.8733850129198967, 0.8656330749354005, 0.8808290155440415, 0.9093264248704663, 0.9222797927461139, 0.8704663212435233]
Mean Accuracy: 0.8890395094455824 ( 0.019094685166217314 )
Precision: [0.8632075471698113, 0.8428571428571429, 0.8793969849246231, 0.9162303664921466, 0.875, 0.8652849740932642, 0.8656716417910447, 0.9202127659574468, 0.8899521531100478, 0.8557213930348259]
Mean Precision: 0.8773534969430352 ( 0.02378431856888828 )
Recall: [0.9432989690721649, 0.9123711340206185, 0.9020618556701031, 0.9067357512953368, 0.8704663212435233, 0.8652849740932642, 0.9015544041450777, 0.8963730569948186, 0.9637305699481865, 0.8911917098445595]
Mean Recall: 0.9053068746327654 ( 0.028333640260465615 )
F1: [0.9014778325123153, 0.8762376237623762, 0.8905852417302799, 0.9114583333333334, 0.8727272727272727, 0.8652849740932642, 0.883248730964467, 0.9081364829396326, 0.9253731343283582, 0.8730964467005076]
Mean F1: 0.8907626073091807 ( 0.018965259090012575 )
MCC: [0.7966867677910815, 0.7440943670848391, 0.7780212771158904, 0.8243275754982899, 0.7467749261497473, 0.7312643555365632, 0.762313203301235, 0.8189277112019785, 0.8474768197215774, 0.7415699868848749]
Mean MCC: 0.7791456990286078 ( 0.03855704714438015 )
