Dataset: F-dataset
fold: 0
Epoch		Time		AUC		AUPR		Accuracy		Precision		Recall		F1-score		Mcc
1		3.02		0.79675		0.79		0.49871		0.0		0.0		0.0		0.0
AUC improved at epoch  1 ;	best_auc: 0.7967523102398377
2		4.31		0.80816		0.79883		0.52455		1.0		0.05155		0.09804		0.16245
AUC improved at epoch  2 ;	best_auc: 0.8081566155654079
3		5.67		0.8089		0.80191		0.66925		0.8		0.45361		0.57895		0.37647
AUC improved at epoch  3 ;	best_auc: 0.8089044388654452
4		6.96		0.80639		0.80174		0.72868		0.74586		0.69588		0.72		0.45849
5		8.15		0.8041		0.80003		0.71835		0.70936		0.74227		0.72544		0.43709
6		9.66		0.80132		0.79652		0.71059		0.70297		0.73196		0.71717		0.42148
7		11.43		0.79926		0.79433		0.70543		0.69802		0.7268		0.71212		0.41114
8		12.83		0.80001		0.79705		0.70543		0.7		0.72165		0.71066		0.411
9		13.96		0.80193		0.80111		0.70543		0.7		0.72165		0.71066		0.411
10		15.07		0.80577		0.80564		0.70801		0.70149		0.7268		0.71392		0.41623
11		16.25		0.81061		0.81428		0.70801		0.69756		0.73711		0.71679		0.4166
AUC improved at epoch  11 ;	best_auc: 0.8106137492655306
12		17.49		0.81884		0.82557		0.71318		0.70048		0.74742		0.72319		0.42722
AUC improved at epoch  12 ;	best_auc: 0.818839805565942
13		18.61		0.82784		0.83315		0.71576		0.70388		0.74742		0.725		0.43226
AUC improved at epoch  13 ;	best_auc: 0.827840393141392
14		19.93		0.8413		0.84443		0.7416		0.71963		0.79381		0.7549		0.48567
AUC improved at epoch  14 ;	best_auc: 0.841301212542065
15		21.7		0.85711		0.84567		0.77519		0.74429		0.84021		0.78935		0.55489
AUC improved at epoch  15 ;	best_auc: 0.8571123337428556
16		23.43		0.86342		0.83806		0.77778		0.75962		0.81443		0.78607		0.55693
AUC improved at epoch  16 ;	best_auc: 0.8634154158431707
17		25.09		0.86665		0.83403		0.78036		0.72428		0.90722		0.80549		0.57934
AUC improved at epoch  17 ;	best_auc: 0.8666470808183323
18		26.33		0.86748		0.84529		0.78295		0.80899		0.74227		0.77419		0.56793
AUC improved at epoch  18 ;	best_auc: 0.8674750280433737
19		27.52		0.86937		0.85521		0.79328		0.74569		0.89175		0.81221		0.59801
AUC improved at epoch  19 ;	best_auc: 0.8693712942684686
20		28.86		0.86697		0.86055		0.78553		0.72653		0.91753		0.81093		0.59172
21		30.14		0.8651		0.86257		0.78553		0.73418		0.89691		0.80742		0.58547
22		31.31		0.86561		0.86306		0.76227		0.74519		0.79897		0.77114		0.52583
23		32.48		0.86614		0.86366		0.77003		0.7512		0.80928		0.77916		0.54159
24		33.55		0.86731		0.86633		0.7907		0.74249		0.89175		0.8103		0.59336
25		34.76		0.8686		0.86715		0.78036		0.72245		0.91237		0.80638		0.58099
26		35.89		0.8714		0.86864		0.77778		0.72689		0.89175		0.80093		0.57025
AUC improved at epoch  26 ;	best_auc: 0.87140110036857
27		37.04		0.87503		0.86951		0.78811		0.76667		0.8299		0.79703		0.57811
AUC improved at epoch  27 ;	best_auc: 0.8750333849687517
28		38.2		0.87672		0.86986		0.7907		0.77295		0.82474		0.798		0.58264
AUC improved at epoch  28 ;	best_auc: 0.8767159873938357
29		39.51		0.8776		0.87151		0.78553		0.7382		0.8866		0.80562		0.58281
AUC improved at epoch  29 ;	best_auc: 0.8775973505688799
30		40.68		0.8784		0.87226		0.7907		0.73251		0.91753		0.81465		0.60072
AUC improved at epoch  30 ;	best_auc: 0.8783985898189199
31		41.84		0.88123		0.87317		0.7907		0.74043		0.89691		0.81119		0.59468
AUC improved at epoch  31 ;	best_auc: 0.8812296351690614
32		42.94		0.88321		0.87249		0.80103		0.77465		0.85052		0.81081		0.60489
AUC improved at epoch  32 ;	best_auc: 0.8832060253191604
33		44.24		0.88467		0.87337		0.80362		0.77315		0.86082		0.81463		0.61108
AUC improved at epoch  33 ;	best_auc: 0.8846749639442337
34		45.45		0.88489		0.87434		0.79328		0.7375		0.91237		0.81567		0.60363
AUC improved at epoch  34 ;	best_auc: 0.8848886277442444
35		46.96		0.88508		0.87568		0.79328		0.7375		0.91237		0.81567		0.60363
AUC improved at epoch  35 ;	best_auc: 0.8850755835692538
36		48.57		0.88633		0.87713		0.79587		0.75556		0.87629		0.81146		0.59931
AUC improved at epoch  36 ;	best_auc: 0.8863308583943166
37		50.18		0.88668		0.87926		0.80879		0.79703		0.8299		0.81313		0.61806
AUC improved at epoch  37 ;	best_auc: 0.886678062069334
38		51.41		0.88548		0.87999		0.79845		0.76852		0.85567		0.80976		0.60068
39		52.61		0.88454		0.87955		0.78811		0.73932		0.89175		0.80841		0.58873
40		53.94		0.88513		0.87969		0.78553		0.73418		0.89691		0.80742		0.58547
41		55.91		0.8874		0.88135		0.80879		0.77027		0.88144		0.82212		0.624
AUC improved at epoch  41 ;	best_auc: 0.88739917739437
42		57.21		0.88999		0.8826		0.81137		0.78673		0.85567		0.81975		0.62507
AUC improved at epoch  42 ;	best_auc: 0.8899898509694996
43		58.57		0.89178		0.88334		0.81137		0.78404		0.86082		0.82064		0.62567
AUC improved at epoch  43 ;	best_auc: 0.891779285294589
44		60.19		0.89218		0.88234		0.80103		0.74894		0.90722		0.82051		0.61585
AUC improved at epoch  44 ;	best_auc: 0.892179904919609
45		61.96		0.89261		0.88233		0.80362		0.75431		0.90206		0.8216		0.6191
AUC improved at epoch  45 ;	best_auc: 0.8926072325196304
46		63.32		0.89354		0.88371		0.81654		0.79147		0.86082		0.82469		0.63545
AUC improved at epoch  46 ;	best_auc: 0.8935420116446771
47		64.49		0.8933		0.88394		0.81912		0.79808		0.85567		0.82587		0.63985
48		65.66		0.89213		0.88202		0.80362		0.75652		0.89691		0.82075		0.61784
49		66.83		0.89028		0.88077		0.8062		0.75758		0.90206		0.82353		0.62373
50		68.11		0.8917		0.88267		0.82171		0.7907		0.87629		0.8313		0.64713
51		69.27		0.89338		0.88467		0.81654		0.8		0.84536		0.82206		0.63404
52		70.58		0.89413		0.88387		0.82171		0.79621		0.86598		0.82963		0.64583
AUC improved at epoch  52 ;	best_auc: 0.8941295870947065
53		71.78		0.89421		0.88286		0.82429		0.78125		0.90206		0.83732		0.65638
AUC improved at epoch  53 ;	best_auc: 0.8942097110197105
54		73.29		0.89589		0.88426		0.82946		0.79091		0.89691		0.84058		0.66483
AUC improved at epoch  54 ;	best_auc: 0.8958923134447946
55		74.81		0.89816		0.88704		0.81912		0.80392		0.84536		0.82412		0.63905
AUC improved at epoch  55 ;	best_auc: 0.8981624913199082
56		76.3		0.89838		0.88734		0.82687		0.80676		0.86082		0.83292		0.65517
AUC improved at epoch  56 ;	best_auc: 0.8983761551199189
57		77.9		0.89752		0.88677		0.83721		0.80465		0.89175		0.84597		0.67833
58		79.08		0.89605		0.88536		0.82687		0.77974		0.91237		0.84086		0.66332
59		80.35		0.89725		0.88795		0.82429		0.8		0.86598		0.83168		0.65073
60		81.46		0.90089		0.89092		0.81395		0.805		0.8299		0.81726		0.62818
AUC improved at epoch  60 ;	best_auc: 0.9008867047700444
61		82.93		0.90222		0.88913		0.82429		0.80288		0.86082		0.83085		0.65022
AUC improved at epoch  61 ;	best_auc: 0.9022221035201111
62		85.26		0.90198		0.88865		0.83463		0.80374		0.8866		0.84314		0.67277
63		90.34		0.90057		0.89		0.83204		0.80282		0.88144		0.84029		0.66722
64		95.99		0.90169		0.89054		0.82429		0.80882		0.85052		0.82915		0.6494
65		101.03		0.905		0.89074		0.83204		0.81159		0.86598		0.83791		0.66553
AUC improved at epoch  65 ;	best_auc: 0.90499973292025
66		105.27		0.90356		0.89088		0.82687		0.80676		0.86082		0.83292		0.65517
67		106.45		0.90196		0.89045		0.83979		0.81731		0.87629		0.84577		0.68131
68		107.75		0.9042		0.89006		0.85013		0.81481		0.90722		0.85854		0.70474
69		108.86		0.90716		0.89197		0.82946		0.81373		0.85567		0.83417		0.65975
AUC improved at epoch  69 ;	best_auc: 0.9071630788953582
70		110.39		0.90324		0.88924		0.83721		0.81043		0.88144		0.84444		0.67696
71		112.22		0.905		0.88996		0.83721		0.8134		0.87629		0.84367		0.67639
72		113.96		0.90682		0.89129		0.83463		0.81553		0.86598		0.84		0.67049
73		115.72		0.90775		0.89352		0.83204		0.81463		0.86082		0.83709		0.66511
AUC improved at epoch  73 ;	best_auc: 0.9077506543453876
74		117.22		0.90791		0.89304		0.84238		0.80645		0.90206		0.85158		0.68955
AUC improved at epoch  74 ;	best_auc: 0.9079109021953955
75		118.5		0.90804		0.89824		0.83463		0.83854		0.8299		0.8342		0.66929
AUC improved at epoch  75 ;	best_auc: 0.9080444420704022
76		120.01		0.90516		0.89063		0.82946		0.76891		0.9433		0.84722		0.67645
77		121.35		0.91109		0.90209		0.82687		0.84324		0.80412		0.82322		0.65449
AUC improved at epoch  77 ;	best_auc: 0.9110891512205544
78		122.52		0.91309		0.90447		0.83463		0.83505		0.83505		0.83505		0.66925
AUC improved at epoch  78 ;	best_auc: 0.9130922493456546
79		123.7		0.91384		0.90169		0.83721		0.78855		0.92268		0.85036		0.68431
AUC improved at epoch  79 ;	best_auc: 0.913840072645692
80		124.91		0.91707		0.90658		0.85788		0.82938		0.90206		0.8642		0.71848
AUC improved at epoch  80 ;	best_auc: 0.9170717376208535
81		126.09		0.91774		0.91019		0.84496		0.85263		0.83505		0.84375		0.69008
AUC improved at epoch  81 ;	best_auc: 0.917739436995887
82		127.35		0.91881		0.91118		0.84238		0.82759		0.86598		0.84635		0.68546
AUC improved at epoch  82 ;	best_auc: 0.9188077559959404
83		128.49		0.9187		0.90876		0.85271		0.80995		0.92268		0.86265		0.71229
84		129.74		0.92233		0.91379		0.85788		0.83902		0.8866		0.86216		0.71688
AUC improved at epoch  84 ;	best_auc: 0.9223332086961166
85		131.26		0.92076		0.91596		0.84496		0.835		0.86082		0.84772		0.69023
86		133.03		0.92321		0.91747		0.84755		0.81395		0.90206		0.85575		0.69913
AUC improved at epoch  86 ;	best_auc: 0.9232145718711607
87		134.52		0.9245		0.91652		0.86047		0.85354		0.87113		0.86224		0.72107
AUC improved at epoch  87 ;	best_auc: 0.9244965546712248
88		135.81		0.92618		0.92363		0.84496		0.80455		0.91237		0.85507		0.69613
AUC improved at epoch  88 ;	best_auc: 0.926179157096309
89		137.18		0.92901		0.92758		0.84238		0.82759		0.86598		0.84635		0.68546
AUC improved at epoch  89 ;	best_auc: 0.9290102024464506
90		138.63		0.93109		0.92668		0.85788		0.85279		0.86598		0.85934		0.71584
AUC improved at epoch  90 ;	best_auc: 0.9310934244965547
91		140.47		0.9312		0.93022		0.85271		0.81567		0.91237		0.86131		0.71037
AUC improved at epoch  91 ;	best_auc: 0.9312002563965601
92		141.61		0.93288		0.93301		0.86305		0.85427		0.87629		0.86514		0.72632
AUC improved at epoch  92 ;	best_auc: 0.9328828588216441
93		142.71		0.93563		0.93201		0.86563		0.8381		0.90722		0.87129		0.73372
AUC improved at epoch  93 ;	best_auc: 0.9356337802467817
94		143.85		0.93625		0.93292		0.86047		0.83333		0.90206		0.86634		0.72335
AUC improved at epoch  94 ;	best_auc: 0.9362480636718123
95		145.09		0.93529		0.93501		0.86822		0.86294		0.87629		0.86957		0.73651
96		146.27		0.93676		0.9358		0.86822		0.83568		0.91753		0.87469		0.73994
AUC improved at epoch  96 ;	best_auc: 0.9367555151968379
97		147.42		0.93999		0.93628		0.8708		0.86		0.8866		0.8731		0.74194
AUC improved at epoch  97 ;	best_auc: 0.9399871801719993
98		148.57		0.94159		0.93846		0.88372		0.87437		0.89691		0.8855		0.76768
AUC improved at epoch  98 ;	best_auc: 0.9415896586720794
99		149.81		0.9414		0.94024		0.8708		0.84286		0.91237		0.87624		0.74409
100		150.92		0.94047		0.94025		0.87597		0.865		0.89175		0.87817		0.75228
101		152.15		0.94268		0.94082		0.8708		0.86735		0.87629		0.87179		0.74163
AUC improved at epoch  101 ;	best_auc: 0.9426846856471343
102		153.35		0.94482		0.94313		0.88114		0.84906		0.92784		0.8867		0.76554
AUC improved at epoch  102 ;	best_auc: 0.944821323647241
103		154.66		0.94512		0.94353		0.88114		0.86634		0.90206		0.88384		0.7629
AUC improved at epoch  103 ;	best_auc: 0.9451151113722558
104		155.84		0.94405		0.94336		0.88114		0.85577		0.91753		0.88557		0.76423
105		157.51		0.94023		0.94009		0.87339		0.86432		0.8866		0.87532		0.747
106		159.05		0.94578		0.9438		0.88114		0.85577		0.91753		0.88557		0.76423
AUC improved at epoch  106 ;	best_auc: 0.9457828107472891
107		160.58		0.94944		0.94634		0.88114		0.86634		0.90206		0.88384		0.7629
AUC improved at epoch  107 ;	best_auc: 0.9494418033224721
108		161.92		0.95035		0.94722		0.8863		0.86408		0.91753		0.89		0.77406
AUC improved at epoch  108 ;	best_auc: 0.9503498744725175
109		163.24		0.9484		0.94564		0.89147		0.8619		0.93299		0.89604		0.78559
110		164.49		0.94733		0.94588		0.87339		0.87958		0.86598		0.87273		0.74687
111		165.99		0.95155		0.94996		0.88889		0.86124		0.92784		0.8933		0.78008
AUC improved at epoch  111 ;	best_auc: 0.9515517333475776
112		167.31		0.95366		0.95141		0.89147		0.85849		0.93814		0.89655		0.7863
AUC improved at epoch  112 ;	best_auc: 0.9536616633726831
113		168.59		0.95326		0.95071		0.8863		0.86765		0.91237		0.88945		0.77361
114		169.85		0.95062		0.94799		0.89406		0.86256		0.93814		0.89877		0.79112
115		171.26		0.94824		0.94638		0.8863		0.87129		0.90722		0.88889		0.77325
116		173.15		0.9511		0.94936		0.87855		0.85854		0.90722		0.88221		0.7583
117		174.62		0.95281		0.9516		0.88889		0.86124		0.92784		0.8933		0.78008
118		176.19		0.95275		0.95217		0.88114		0.84259		0.93814		0.8878		0.76718
119		177.51		0.95185		0.95127		0.88889		0.86473		0.92268		0.89277		0.7795
120		178.97		0.9496		0.94821		0.88114		0.84579		0.93299		0.88725		0.76632
121		180.37		0.95142		0.95182		0.89664		0.89286		0.90206		0.89744		0.79332
122		181.74		0.95465		0.9545		0.87855		0.83562		0.9433		0.8862		0.76343
AUC improved at epoch  122 ;	best_auc: 0.9546498584477325
123		183.5		0.95553		0.95498		0.8863		0.85047		0.93814		0.89216		0.77671
AUC improved at epoch  123 ;	best_auc: 0.9555312216227766
124		184.8		0.95454		0.95368		0.88889		0.87562		0.90722		0.89114		0.77827
125		186.21		0.95249		0.95233		0.89664		0.87019		0.93299		0.9005		0.79533
126		187.72		0.95169		0.95139		0.88372		0.84977		0.93299		0.88943		0.77111
127		189.2		0.95484		0.9537		0.89147		0.8619		0.93299		0.89604		0.78559
128		190.52		0.95441		0.95222		0.88889		0.86473		0.92268		0.89277		0.7795
129		192.15		0.95318		0.95337		0.8863		0.85047		0.93814		0.89216		0.77671
130		193.43		0.94912		0.95134		0.89147		0.88		0.90722		0.8934		0.7833
131		194.83		0.95222		0.95404		0.87855		0.84507		0.92784		0.88452		0.76072
132		196.1		0.95337		0.95498		0.88372		0.84977		0.93299		0.88943		0.77111
133		197.36		0.95027		0.95268		0.89406		0.8806		0.91237		0.8962		0.78861
134		198.86		0.95171		0.95348		0.88372		0.8599		0.91753		0.88778		0.76914
135		200.5		0.94995		0.95172		0.88114		0.84906		0.92784		0.8867		0.76554
136		202.27		0.9511		0.95284		0.8863		0.875		0.90206		0.88832		0.77296
137		203.84		0.95452		0.95506		0.88372		0.85646		0.92268		0.88834		0.76971
138		205.97		0.95398		0.95419		0.87855		0.84186		0.93299		0.88509		0.76154
139		207.45		0.95269		0.95396		0.88372		0.87065		0.90206		0.88608		0.76792
140		208.58		0.95286		0.95472		0.8863		0.86765		0.91237		0.88945		0.77361
141		209.75		0.95254		0.95459		0.87855		0.84507		0.92784		0.88452		0.76072
142		210.87		0.95209		0.95332		0.87855		0.86207		0.90206		0.88161		0.7579
143		212.29		0.95179		0.95253		0.8863		0.86058		0.92268		0.89055		0.7746
144		213.62		0.95273		0.95255		0.87597		0.84112		0.92784		0.88235		0.75592
145		214.96		0.95433		0.95405		0.88889		0.87192		0.91237		0.89169		0.77859
146		216.09		0.95393		0.95444		0.89664		0.89286		0.90206		0.89744		0.79332
147		217.37		0.95318		0.95479		0.88889		0.86473		0.92268		0.89277		0.7795
148		218.47		0.95327		0.95556		0.8863		0.86058		0.92268		0.89055		0.7746
149		219.56		0.95433		0.95617		0.88114		0.85922		0.91237		0.885		0.7637
150		220.7		0.95241		0.95453		0.88372		0.8599		0.91753		0.88778		0.76914
151		222.06		0.94855		0.95153		0.87339		0.84689		0.91237		0.87841		0.74897
152		223.28		0.94666		0.94913		0.87339		0.85024		0.90722		0.87781		0.74842
153		224.6		0.94935		0.95087		0.88372		0.867		0.90722		0.88665		0.76824
154		225.78		0.95124		0.95065		0.88114		0.86275		0.90722		0.88442		0.76326
155		227.01		0.95266		0.95252		0.88372		0.86341		0.91237		0.88722		0.76865
156		228.99		0.95107		0.95296		0.88114		0.85238		0.92268		0.88614		0.76484
157		230.52		0.9506		0.95377		0.8863		0.86058		0.92268		0.89055		0.7746
158		232.14		0.95278		0.95629		0.89406		0.86957		0.92784		0.89776		0.78986
159		233.93		0.95315		0.95684		0.88114		0.85922		0.91237		0.885		0.7637
160		235.24		0.95254		0.95651		0.87855		0.85507		0.91237		0.88279		0.75878
161		236.49		0.95227		0.95609		0.87597		0.84762		0.91753		0.88119		0.75447
162		237.65		0.95254		0.95567		0.87855		0.85507		0.91237		0.88279		0.75878
163		238.83		0.95257		0.95487		0.88372		0.85646		0.92268		0.88834		0.76971
164		240.46		0.95063		0.95195		0.87339		0.84038		0.92268		0.87961		0.75033
165		242.11		0.9497		0.95003		0.88372		0.8599		0.91753		0.88778		0.76914
166		243.34		0.9509		0.95204		0.88114		0.86634		0.90206		0.88384		0.7629
167		244.49		0.95262		0.95439		0.87597		0.85784		0.90206		0.8794		0.75291
168		245.59		0.95269		0.95541		0.88114		0.85577		0.91753		0.88557		0.76423
169		246.93		0.95088		0.9544		0.88889		0.87192		0.91237		0.89169		0.77859
170		248.29		0.94996		0.95255		0.88114		0.85922		0.91237		0.885		0.7637
171		249.61		0.94992		0.95057		0.87855		0.85167		0.91753		0.88337		0.75934
172		250.74		0.95162		0.94996		0.8863		0.86765		0.91237		0.88945		0.77361
173		252.59		0.95309		0.95152		0.88889		0.87192		0.91237		0.89169		0.77859
174		254.63		0.95414		0.95312		0.88114		0.85922		0.91237		0.885		0.7637
175		256.0		0.9529		0.95261		0.87597		0.84434		0.92268		0.88177		0.75515
176		257.21		0.94873		0.95175		0.8863		0.86408		0.91753		0.89		0.77406
177		259.08		0.94824		0.95209		0.89406		0.88832		0.90206		0.89514		0.7882
178		260.74		0.95051		0.95389		0.90181		0.88614		0.92268		0.90404		0.80428
179		262.06		0.95142		0.95446		0.89147		0.86893		0.92268		0.895		0.78442
180		263.19		0.9515		0.95458		0.89147		0.86893		0.92268		0.895		0.78442
181		264.49		0.94931		0.95237		0.88114		0.85922		0.91237		0.885		0.7637
182		265.6		0.95082		0.9534		0.88889		0.86829		0.91753		0.89223		0.779
183		266.7		0.9511		0.95368		0.89406		0.87317		0.92268		0.89724		0.78936
184		267.88		0.95103		0.95339		0.89922		0.87805		0.92784		0.90226		0.79971
185		269.0		0.9504		0.95278		0.90181		0.87864		0.93299		0.905		0.80514
186		270.36		0.95004		0.95195		0.89406		0.86603		0.93299		0.89826		0.79045
187		271.52		0.94992		0.95244		0.89147		0.86538		0.92784		0.89552		0.78496
188		272.72		0.95108		0.95364		0.89147		0.86893		0.92268		0.895		0.78442
189		273.84		0.95329		0.95526		0.89664		0.88119		0.91753		0.89899		0.79394
190		275.07		0.95436		0.95682		0.89922		0.87805		0.92784		0.90226		0.79971
191		276.31		0.95436		0.95738		0.89664		0.87745		0.92268		0.8995		0.79431
192		277.57		0.95337		0.95714		0.89664		0.87745		0.92268		0.8995		0.79431
193		279.55		0.95115		0.95516		0.89406		0.87317		0.92268		0.89724		0.78936
194		280.84		0.94933		0.95312		0.89147		0.8619		0.93299		0.89604		0.78559
195		282.1		0.94893		0.95182		0.89147		0.8619		0.93299		0.89604		0.78559
196		283.84		0.94939		0.95136		0.8863		0.86058		0.92268		0.89055		0.7746
197		285.25		0.94917		0.95045		0.88889		0.86473		0.92268		0.89277		0.7795
198		286.67		0.94891		0.9498		0.89147		0.87255		0.91753		0.89447		0.78396
199		287.88		0.95023		0.94972		0.89147		0.87624		0.91237		0.89394		0.78359
200		289.05		0.95102		0.95115		0.89147		0.87255		0.91753		0.89447		0.78396
201		290.58		0.95108		0.95243		0.88889		0.86473		0.92268		0.89277		0.7795
202		291.97		0.95067		0.95299		0.88889		0.86124		0.92784		0.8933		0.78008
203		293.41		0.94986		0.95284		0.89147		0.8619		0.93299		0.89604		0.78559
204		295.07		0.94938		0.95259		0.89147		0.8619		0.93299		0.89604		0.78559
205		296.26		0.94889		0.95232		0.89406		0.86957		0.92784		0.89776		0.78986
206		297.46		0.94873		0.95296		0.89147		0.86893		0.92268		0.895		0.78442
207		298.58		0.94905		0.95336		0.88889		0.86829		0.91753		0.89223		0.779
208		299.93		0.95015		0.95425		0.8863		0.86408		0.91753		0.89		0.77406
209		301.1		0.95082		0.95423		0.88372		0.85646		0.92268		0.88834		0.76971
210		302.25		0.95162		0.95455		0.88114		0.85238		0.92268		0.88614		0.76484
211		303.8		0.95018		0.95337		0.8863		0.86058		0.92268		0.89055		0.7746
212		305.38		0.94923		0.95272		0.89147		0.86893		0.92268		0.895		0.78442
213		306.85		0.94827		0.95142		0.89664		0.88119		0.91753		0.89899		0.79394
214		308.25		0.94788		0.95103		0.89922		0.88557		0.91753		0.90127		0.79895
215		310.0		0.94813		0.95057		0.89664		0.87745		0.92268		0.8995		0.79431
216		311.56		0.94872		0.95205		0.89406		0.86957		0.92784		0.89776		0.78986
217		313.24		0.94911		0.95255		0.89147		0.86538		0.92784		0.89552		0.78496
218		314.88		0.9498		0.95349		0.89406		0.86957		0.92784		0.89776		0.78986
219		316.28		0.95063		0.95454		0.89664		0.87379		0.92784		0.9		0.79478
220		317.64		0.95136		0.95567		0.89406		0.87317		0.92268		0.89724		0.78936
221		318.95		0.95138		0.95575		0.89664		0.87745		0.92268		0.8995		0.79431
222		320.23		0.95095		0.95503		0.89406		0.87317		0.92268		0.89724		0.78936
223		321.55		0.95075		0.9546		0.89147		0.86893		0.92268		0.895		0.78442
224		322.64		0.94942		0.95322		0.88114		0.84906		0.92784		0.8867		0.76554
225		323.86		0.94896		0.95295		0.89664		0.87379		0.92784		0.9		0.79478
226		325.09		0.9494		0.95284		0.89664		0.87745		0.92268		0.8995		0.79431
227		326.28		0.9495		0.95273		0.90181		0.88614		0.92268		0.90404		0.80428
228		327.38		0.95094		0.95378		0.89664		0.87379		0.92784		0.9		0.79478
229		328.51		0.95193		0.9544		0.89406		0.86957		0.92784		0.89776		0.78986
230		329.73		0.95201		0.9538		0.89147		0.8619		0.93299		0.89604		0.78559
231		331.08		0.95165		0.95375		0.88889		0.86124		0.92784		0.8933		0.78008
232		332.53		0.95092		0.95281		0.88889		0.86124		0.92784		0.8933		0.78008
233		333.83		0.94913		0.95142		0.89147		0.86538		0.92784		0.89552		0.78496
234		335.58		0.94823		0.94998		0.89147		0.86893		0.92268		0.895		0.78442
235		337.45		0.94692		0.94859		0.89147		0.87255		0.91753		0.89447		0.78396
236		339.19		0.94661		0.94814		0.88889		0.86829		0.91753		0.89223		0.779
237		340.56		0.9467		0.94792		0.89147		0.87255		0.91753		0.89447		0.78396
238		341.77		0.94769		0.94961		0.89147		0.87255		0.91753		0.89447		0.78396
239		343.17		0.94775		0.94983		0.89147		0.87255		0.91753		0.89447		0.78396
240		344.54		0.94844		0.95087		0.89664		0.87379		0.92784		0.9		0.79478
241		346.33		0.94966		0.95216		0.89406		0.87317		0.92268		0.89724		0.78936
242		347.65		0.95059		0.95339		0.89406		0.86957		0.92784		0.89776		0.78986
243		348.94		0.95074		0.95356		0.89406		0.87317		0.92268		0.89724		0.78936
244		350.1		0.95068		0.9535		0.89664		0.87745		0.92268		0.8995		0.79431
245		351.2		0.94962		0.95224		0.89922		0.88177		0.92268		0.90176		0.79929
246		352.34		0.94773		0.95039		0.89922		0.88177		0.92268		0.90176		0.79929
247		353.61		0.94684		0.94938		0.90439		0.8867		0.92784		0.9068		0.80964
248		354.98		0.94771		0.95011		0.89406		0.87685		0.91753		0.89673		0.78894
249		356.38		0.94812		0.95019		0.88372		0.86341		0.91237		0.88722		0.76865
250		357.92		0.94869		0.95062		0.87855		0.85507		0.91237		0.88279		0.75878
251		359.59		0.94827		0.94968		0.88114		0.85922		0.91237		0.885		0.7637
252		360.75		0.94805		0.94992		0.88372		0.86341		0.91237		0.88722		0.76865
253		361.87		0.94732		0.94926		0.8863		0.86765		0.91237		0.88945		0.77361
254		363.13		0.94702		0.94848		0.89406		0.8806		0.91237		0.8962		0.78861
255		364.86		0.94712		0.94823		0.89406		0.87685		0.91753		0.89673		0.78894
256		366.85		0.94724		0.94934		0.89147		0.87255		0.91753		0.89447		0.78396
257		368.59		0.94773		0.94991		0.89406		0.87685		0.91753		0.89673		0.78894
258		369.7		0.94745		0.95038		0.89922		0.88177		0.92268		0.90176		0.79929
259		370.82		0.94713		0.95013		0.89922		0.88177		0.92268		0.90176		0.79929
260		372.01		0.94692		0.94993		0.89406		0.87317		0.92268		0.89724		0.78936
261		373.15		0.9466		0.94998		0.89147		0.86893		0.92268		0.895		0.78442
262		374.29		0.94694		0.95059		0.89406		0.87317		0.92268		0.89724		0.78936
263		375.52		0.94745		0.95053		0.89147		0.86893		0.92268		0.895		0.78442
264		376.95		0.94739		0.95028		0.8863		0.86408		0.91753		0.89		0.77406
265		378.33		0.94756		0.94984		0.88114		0.85577		0.91753		0.88557		0.76423
266		379.63		0.94788		0.94958		0.89147		0.86538		0.92784		0.89552		0.78496
267		380.85		0.94682		0.9491		0.89406		0.87685		0.91753		0.89673		0.78894
268		381.99		0.94614		0.94851		0.89664		0.885		0.91237		0.89848		0.79365
269		383.36		0.94622		0.94837		0.89406		0.8806		0.91237		0.8962		0.78861
270		384.59		0.9458		0.94875		0.88889		0.87192		0.91237		0.89169		0.77859
271		385.84		0.94588		0.94855		0.88889		0.86473		0.92268		0.89277		0.7795
272		387.01		0.94622		0.94946		0.89147		0.86893		0.92268		0.895		0.78442
273		388.17		0.94697		0.94994		0.89406		0.87317		0.92268		0.89724		0.78936
274		389.41		0.94745		0.95019		0.89922		0.88177		0.92268		0.90176		0.79929
275		390.56		0.94776		0.95073		0.89922		0.88177		0.92268		0.90176		0.79929
276		392.08		0.94793		0.95072		0.89922		0.88177		0.92268		0.90176		0.79929
277		393.71		0.94745		0.95027		0.89147		0.86893		0.92268		0.895		0.78442
278		395.1		0.94706		0.9497		0.88372		0.85646		0.92268		0.88834		0.76971
279		396.94		0.94698		0.94907		0.89147		0.86893		0.92268		0.895		0.78442
280		398.27		0.9472		0.94897		0.90181		0.88235		0.92784		0.90452		0.80467
281		399.47		0.94692		0.94821		0.90439		0.8867		0.92784		0.9068		0.80964
282		400.98		0.94698		0.94852		0.90698		0.89109		0.92784		0.90909		0.81463
283		402.77		0.94682		0.94811		0.90181		0.88235		0.92784		0.90452		0.80467
284		404.0		0.94693		0.94909		0.89922		0.8744		0.93299		0.90274		0.80022
285		405.2		0.94713		0.94968		0.89406		0.86957		0.92784		0.89776		0.78986
286		406.39		0.94676		0.94982		0.89147		0.86538		0.92784		0.89552		0.78496
287		407.62		0.94662		0.94951		0.8863		0.86765		0.91237		0.88945		0.77361
288		408.8		0.94701		0.95028		0.89406		0.8806		0.91237		0.8962		0.78861
289		410.25		0.94801		0.95145		0.89147		0.87624		0.91237		0.89394		0.78359
290		411.7		0.94885		0.95213		0.89922		0.87805		0.92784		0.90226		0.79971
291		413.23		0.94881		0.95198		0.89664		0.87745		0.92268		0.8995		0.79431
292		414.59		0.94911		0.95198		0.89147		0.86893		0.92268		0.895		0.78442
293		415.72		0.94885		0.95166		0.8863		0.85714		0.92784		0.89109		0.77522
294		416.88		0.94861		0.95133		0.89147		0.86538		0.92784		0.89552		0.78496
295		418.02		0.94911		0.95204		0.89147		0.86538		0.92784		0.89552		0.78496
296		419.49		0.94917		0.95255		0.89406		0.87317		0.92268		0.89724		0.78936
297		420.88		0.94946		0.95279		0.89406		0.8806		0.91237		0.8962		0.78861
298		422.34		0.94938		0.95252		0.89406		0.8806		0.91237		0.8962		0.78861
299		423.91		0.94971		0.95248		0.89406		0.87317		0.92268		0.89724		0.78936
300		426.18		0.94982		0.95228		0.89147		0.85849		0.93814		0.89655		0.7863
301		427.35		0.94885		0.95131		0.88889		0.85446		0.93814		0.89435		0.7815
302		428.48		0.94724		0.94959		0.89147		0.8619		0.93299		0.89604		0.78559
303		429.68		0.94601		0.94826		0.89406		0.86603		0.93299		0.89826		0.79045
304		430.81		0.94516		0.94662		0.89664		0.87379		0.92784		0.9		0.79478
305		432.26		0.94471		0.94587		0.89664		0.87745		0.92268		0.8995		0.79431
306		433.63		0.9445		0.94583		0.89406		0.87685		0.91753		0.89673		0.78894
307		434.94		0.94625		0.94786		0.90181		0.88614		0.92268		0.90404		0.80428
308		436.33		0.94735		0.94966		0.90181		0.88614		0.92268		0.90404		0.80428
309		437.88		0.94879		0.95192		0.89922		0.87805		0.92784		0.90226		0.79971
310		439.23		0.94954		0.95319		0.88889		0.86124		0.92784		0.8933		0.78008
311		440.54		0.95002		0.954		0.88889		0.85782		0.93299		0.89383		0.78075
312		441.87		0.94984		0.95407		0.89147		0.8619		0.93299		0.89604		0.78559
313		443.36		0.94869		0.95316		0.89406		0.86957		0.92784		0.89776		0.78986
314		444.64		0.94763		0.9521		0.89406		0.86957		0.92784		0.89776		0.78986
315		445.89		0.94701		0.95094		0.89147		0.86538		0.92784		0.89552		0.78496
316		447.3		0.94646		0.9501		0.89147		0.86538		0.92784		0.89552		0.78496
317		449.33		0.94604		0.94909		0.8863		0.85714		0.92784		0.89109		0.77522
318		451.02		0.94602		0.9488		0.8863		0.85714		0.92784		0.89109		0.77522
319		452.62		0.94613		0.94914		0.89406		0.87317		0.92268		0.89724		0.78936
320		453.97		0.94645		0.94958		0.89922		0.88177		0.92268		0.90176		0.79929
321		455.6		0.94708		0.9501		0.89664		0.87745		0.92268		0.8995		0.79431
322		457.32		0.94748		0.95065		0.89406		0.87317		0.92268		0.89724		0.78936
323		458.73		0.94712		0.95058		0.89664		0.87745		0.92268		0.8995		0.79431
324		459.85		0.94637		0.95009		0.89147		0.86893		0.92268		0.895		0.78442
325		461.0		0.94597		0.94964		0.88372		0.85646		0.92268		0.88834		0.76971
326		462.48		0.94549		0.94849		0.89406		0.86957		0.92784		0.89776		0.78986
327		463.74		0.94485		0.94729		0.89406		0.87317		0.92268		0.89724		0.78936
328		465.25		0.9445		0.9468		0.90181		0.88614		0.92268		0.90404		0.80428
329		466.97		0.94457		0.94653		0.90439		0.89447		0.91753		0.90585		0.80904
330		468.6		0.9452		0.94734		0.89922		0.88557		0.91753		0.90127		0.79895
331		469.78		0.94616		0.94866		0.90181		0.88614		0.92268		0.90404		0.80428
332		470.96		0.94656		0.94913		0.89406		0.87317		0.92268		0.89724		0.78936
333		472.09		0.94729		0.94979		0.88889		0.86124		0.92784		0.8933		0.78008
334		473.33		0.94855		0.95125		0.88372		0.85308		0.92784		0.88889		0.77037
335		474.61		0.94796		0.94999		0.89147		0.86893		0.92268		0.895		0.78442
336		475.79		0.94725		0.94897		0.90181		0.88614		0.92268		0.90404		0.80428
337		477.46		0.94601		0.94757		0.90181		0.88614		0.92268		0.90404		0.80428
338		479.02		0.94606		0.94731		0.89922		0.88177		0.92268		0.90176		0.79929
339		481.09		0.94598		0.9474		0.8863		0.86408		0.91753		0.89		0.77406
340		482.34		0.94713		0.94911		0.8863		0.86058		0.92268		0.89055		0.7746
341		483.56		0.94869		0.95129		0.89406		0.87317		0.92268		0.89724		0.78936
342		484.69		0.95015		0.95324		0.89147		0.87255		0.91753		0.89447		0.78396
343		485.8		0.95071		0.95445		0.89147		0.87255		0.91753		0.89447		0.78396
344		487.07		0.95038		0.95471		0.88889		0.86829		0.91753		0.89223		0.779
345		488.15		0.94956		0.95409		0.89406		0.87685		0.91753		0.89673		0.78894
346		489.36		0.94783		0.95155		0.89147		0.87255		0.91753		0.89447		0.78396
347		490.47		0.94634		0.94962		0.89664		0.87745		0.92268		0.8995		0.79431
348		491.71		0.94576		0.94821		0.89406		0.87685		0.91753		0.89673		0.78894
349		492.81		0.94525		0.94682		0.89406		0.87685		0.91753		0.89673		0.78894
350		493.91		0.94505		0.94602		0.89406		0.87685		0.91753		0.89673		0.78894
351		495.14		0.94552		0.94654		0.88372		0.8599		0.91753		0.88778		0.76914
352		496.28		0.94554		0.94683		0.88372		0.85646		0.92268		0.88834		0.76971
353		497.55		0.94544		0.94728		0.88372		0.85646		0.92268		0.88834		0.76971
354		498.69		0.94558		0.9481		0.88889		0.86473		0.92268		0.89277		0.7795
355		499.81		0.94541		0.9484		0.89406		0.87685		0.91753		0.89673		0.78894
356		501.0		0.94562		0.94852		0.89147		0.87624		0.91237		0.89394		0.78359
357		502.31		0.94569		0.9482		0.88889		0.87192		0.91237		0.89169		0.77859
358		503.84		0.9465		0.94885		0.88889		0.86473		0.92268		0.89277		0.7795
359		505.29		0.94621		0.94838		0.88889		0.86473		0.92268		0.89277		0.7795
360		506.86		0.94633		0.94804		0.8863		0.86058		0.92268		0.89055		0.7746
361		508.65		0.94661		0.94843		0.88372		0.85646		0.92268		0.88834		0.76971
362		510.57		0.94727		0.94917		0.89147		0.86893		0.92268		0.895		0.78442
363		512.56		0.94759		0.95008		0.8863		0.86058		0.92268		0.89055		0.7746
364		514.15		0.94839		0.95126		0.8863		0.86058		0.92268		0.89055		0.7746
365		515.39		0.94951		0.95305		0.89406		0.86957		0.92784		0.89776		0.78986
366		517.06		0.94951		0.95318		0.89147		0.86538		0.92784		0.89552		0.78496
367		518.51		0.94908		0.95254		0.89147		0.86538		0.92784		0.89552		0.78496
368		520.01		0.94781		0.95109		0.89406		0.86957		0.92784		0.89776		0.78986
369		521.1		0.94661		0.94906		0.89664		0.87379		0.92784		0.9		0.79478
370		522.34		0.94658		0.94839		0.89664		0.87379		0.92784		0.9		0.79478
371		523.48		0.94561		0.94625		0.88889		0.86124		0.92784		0.8933		0.78008
372		524.57		0.94532		0.94574		0.88372		0.85646		0.92268		0.88834		0.76971
373		525.76		0.94495		0.94567		0.88372		0.8599		0.91753		0.88778		0.76914
374		526.87		0.94437		0.94598		0.88889		0.87192		0.91237		0.89169		0.77859
375		528.19		0.94405		0.94565		0.8863		0.86765		0.91237		0.88945		0.77361
376		529.38		0.94483		0.94693		0.88114		0.85577		0.91753		0.88557		0.76423
377		530.63		0.94578		0.94912		0.88114		0.85577		0.91753		0.88557		0.76423
378		531.75		0.94666		0.95022		0.8863		0.86408		0.91753		0.89		0.77406
379		532.98		0.94709		0.95057		0.8863		0.875		0.90206		0.88832		0.77296
380		534.22		0.94717		0.95093		0.88889		0.88325		0.89691		0.89003		0.77786
381		535.67		0.94624		0.95047		0.89147		0.88384		0.90206		0.89286		0.7831
382		537.14		0.9455		0.94998		0.89147		0.87624		0.91237		0.89394		0.78359
383		539.1		0.9457		0.95018		0.8863		0.86058		0.92268		0.89055		0.7746
384		540.74		0.9458		0.95006		0.88889		0.85782		0.93299		0.89383		0.78075
385		541.89		0.94657		0.9507		0.89664		0.86667		0.93814		0.90099		0.79596
386		543.02		0.94681		0.95064		0.90181		0.87864		0.93299		0.905		0.80514
387		544.24		0.9467		0.95029		0.90698		0.89109		0.92784		0.90909		0.81463
388		545.37		0.94594		0.94908		0.90181		0.88614		0.92268		0.90404		0.80428
389		546.55		0.94508		0.94756		0.90181		0.88614		0.92268		0.90404		0.80428
390		547.69		0.94429		0.94673		0.89147		0.86893		0.92268		0.895		0.78442
391		549.02		0.94373		0.94635		0.8863		0.86058		0.92268		0.89055		0.7746
392		550.22		0.94387		0.94618		0.88372		0.8599		0.91753		0.88778		0.76914
393		551.39		0.94405		0.94646		0.88372		0.8599		0.91753		0.88778		0.76914
394		552.56		0.94518		0.94706		0.89147		0.86893		0.92268		0.895		0.78442
395		553.69		0.94672		0.94849		0.89147		0.86893		0.92268		0.895		0.78442
396		555.0		0.94729		0.94936		0.89406		0.87317		0.92268		0.89724		0.78936
397		556.13		0.94713		0.94937		0.89147		0.86538		0.92784		0.89552		0.78496
398		557.27		0.94681		0.9488		0.88372		0.85646		0.92268		0.88834		0.76971
399		558.38		0.94573		0.94791		0.89147		0.86538		0.92784		0.89552		0.78496
400		559.63		0.94525		0.94743		0.89147		0.86538		0.92784		0.89552		0.78496
401		561.24		0.94532		0.94736		0.89406		0.86957		0.92784		0.89776		0.78986
402		562.66		0.94593		0.94794		0.90181		0.88235		0.92784		0.90452		0.80467
403		564.03		0.94561		0.94739		0.89922		0.88557		0.91753		0.90127		0.79895
404		565.76		0.94501		0.94681		0.89406		0.87685		0.91753		0.89673		0.78894
405		567.51		0.94389		0.94534		0.89664		0.88119		0.91753		0.89899		0.79394
406		569.54		0.9437		0.9458		0.89664		0.88119		0.91753		0.89899		0.79394
407		571.18		0.94311		0.94556		0.89922		0.88557		0.91753		0.90127		0.79895
408		572.86		0.94322		0.94582		0.90181		0.88235		0.92784		0.90452		0.80467
409		574.71		0.94354		0.94643		0.90181		0.88235		0.92784		0.90452		0.80467
410		576.23		0.94339		0.94629		0.89406		0.87317		0.92268		0.89724		0.78936
411		577.37		0.94394		0.94711		0.89664		0.87745		0.92268		0.8995		0.79431
412		578.47		0.94414		0.94819		0.89406		0.87317		0.92268		0.89724		0.78936
413		579.56		0.94493		0.94893		0.89406		0.87317		0.92268		0.89724		0.78936
414		580.74		0.94495		0.94914		0.88889		0.86124		0.92784		0.8933		0.78008
415		581.83		0.94494		0.94924		0.88372		0.85308		0.92784		0.88889		0.77037
416		583.03		0.94495		0.94936		0.88114		0.85238		0.92268		0.88614		0.76484
417		584.29		0.94454		0.94933		0.88372		0.85646		0.92268		0.88834		0.76971
418		585.74		0.9445		0.9495		0.89147		0.87255		0.91753		0.89447		0.78396
419		586.96		0.94501		0.94975		0.88889		0.86829		0.91753		0.89223		0.779
420		588.11		0.94532		0.94974		0.8863		0.86058		0.92268		0.89055		0.7746
421		589.41		0.94544		0.94969		0.88889		0.86124		0.92784		0.8933		0.78008
422		590.69		0.94548		0.94924		0.8863		0.85714		0.92784		0.89109		0.77522
423		592.23		0.94568		0.9487		0.88889		0.86124		0.92784		0.8933		0.78008
424		593.72		0.94641		0.94929		0.89147		0.86538		0.92784		0.89552		0.78496
425		595.2		0.94685		0.94936		0.89664		0.87379		0.92784		0.9		0.79478
426		596.73		0.94767		0.94974		0.90181		0.88235		0.92784		0.90452		0.80467
427		598.06		0.94821		0.94995		0.89922		0.87805		0.92784		0.90226		0.79971
428		599.39		0.94809		0.94976		0.89406		0.86957		0.92784		0.89776		0.78986
429		600.96		0.94795		0.94939		0.89664		0.87379		0.92784		0.9		0.79478
430		602.68		0.94708		0.94863		0.89664		0.87379		0.92784		0.9		0.79478
431		603.85		0.94622		0.94811		0.89922		0.87805		0.92784		0.90226		0.79971
432		605.09		0.94568		0.94792		0.90181		0.88614		0.92268		0.90404		0.80428
433		606.33		0.94522		0.94764		0.89922		0.88177		0.92268		0.90176		0.79929
434		607.47		0.94505		0.9475		0.89406		0.87317		0.92268		0.89724		0.78936
435		608.62		0.94431		0.94645		0.89664		0.87379		0.92784		0.9		0.79478
436		610.01		0.94505		0.94708		0.89664		0.87379		0.92784		0.9		0.79478
437		611.2		0.94546		0.94717		0.89147		0.86538		0.92784		0.89552		0.78496
438		612.38		0.94589		0.94781		0.88889		0.86473		0.92268		0.89277		0.7795
439		613.58		0.94641		0.94808		0.88889		0.86473		0.92268		0.89277		0.7795
440		614.88		0.94585		0.94764		0.89406		0.87317		0.92268		0.89724		0.78936
441		616.22		0.94518		0.94714		0.89406		0.87317		0.92268		0.89724		0.78936
442		617.38		0.94542		0.94676		0.89147		0.86893		0.92268		0.895		0.78442
443		618.61		0.94597		0.9471		0.89147		0.87255		0.91753		0.89447		0.78396
444		619.81		0.94604		0.94726		0.89664		0.87379		0.92784		0.9		0.79478
445		621.21		0.94658		0.94836		0.89406		0.86957		0.92784		0.89776		0.78986
446		622.69		0.94648		0.94903		0.89406		0.86957		0.92784		0.89776		0.78986
447		624.15		0.94645		0.94964		0.89147		0.86538		0.92784		0.89552		0.78496
448		625.59		0.94637		0.94995		0.89147		0.86538		0.92784		0.89552		0.78496
449		627.15		0.94625		0.95014		0.88372		0.85308		0.92784		0.88889		0.77037
450		628.4		0.94608		0.94997		0.8863		0.85714		0.92784		0.89109		0.77522
451		629.79		0.94554		0.94926		0.89147		0.86538		0.92784		0.89552		0.78496
452		631.05		0.9456		0.94905		0.90181		0.88235		0.92784		0.90452		0.80467
453		632.54		0.9454		0.94871		0.90181		0.88235		0.92784		0.90452		0.80467
454		633.94		0.94546		0.94845		0.89922		0.87805		0.92784		0.90226		0.79971
455		635.2		0.94552		0.94873		0.8863		0.85714		0.92784		0.89109		0.77522
456		636.59		0.94537		0.9489		0.88114		0.84906		0.92784		0.8867		0.76554
457		638.19		0.94538		0.9491		0.87855		0.84507		0.92784		0.88452		0.76072
458		639.48		0.94479		0.94902		0.89147		0.86538		0.92784		0.89552		0.78496
459		640.95		0.94449		0.94896		0.89406		0.87317		0.92268		0.89724		0.78936
460		642.42		0.94425		0.94888		0.89664		0.87379		0.92784		0.9		0.79478
461		644.34		0.94443		0.94904		0.89406		0.86957		0.92784		0.89776		0.78986
462		646.19		0.94442		0.94849		0.88889		0.86124		0.92784		0.8933		0.78008
463		648.31		0.94415		0.94728		0.88114		0.84906		0.92784		0.8867		0.76554
464		649.79		0.94367		0.94627		0.88114		0.85238		0.92268		0.88614		0.76484
465		650.94		0.94331		0.94602		0.8863		0.86058		0.92268		0.89055		0.7746
466		652.26		0.94329		0.94578		0.8863		0.86058		0.92268		0.89055		0.7746
467		653.37		0.9431		0.94557		0.89406		0.86957		0.92784		0.89776		0.78986
468		654.51		0.94315		0.94539		0.89664		0.87379		0.92784		0.9		0.79478
469		655.62		0.94327		0.94562		0.89147		0.86538		0.92784		0.89552		0.78496
470		656.83		0.94322		0.94548		0.88889		0.86124		0.92784		0.8933		0.78008
471		657.97		0.94342		0.94592		0.8863		0.85714		0.92784		0.89109		0.77522
472		659.13		0.94381		0.94637		0.88889		0.86124		0.92784		0.8933		0.78008
473		660.45		0.94394		0.947		0.88889		0.86124		0.92784		0.8933		0.78008
474		661.74		0.94351		0.94671		0.88889		0.86473		0.92268		0.89277		0.7795
475		662.97		0.94362		0.94672		0.89147		0.86893		0.92268		0.895		0.78442
476		664.11		0.94442		0.94712		0.89406		0.87317		0.92268		0.89724		0.78936
477		665.22		0.94536		0.94766		0.89147		0.86893		0.92268		0.895		0.78442
478		666.31		0.94573		0.94721		0.8863		0.85714		0.92784		0.89109		0.77522
479		667.6		0.94532		0.9464		0.8863		0.85377		0.93299		0.89163		0.77592
480		669.19		0.94466		0.94537		0.89147		0.8619		0.93299		0.89604		0.78559
481		670.58		0.94407		0.9446		0.89406		0.86957		0.92784		0.89776		0.78986
482		672.13		0.94314		0.94407		0.89147		0.87255		0.91753		0.89447		0.78396
483		673.27		0.94383		0.94513		0.8863		0.85714		0.92784		0.89109		0.77522
484		674.5		0.94391		0.94587		0.8708		0.83645		0.92268		0.87745		0.74553
485		675.59		0.94451		0.94681		0.88114		0.84906		0.92784		0.8867		0.76554
486		677.22		0.9441		0.94669		0.88889		0.86124		0.92784		0.8933		0.78008
487		678.74		0.94443		0.94718		0.89664		0.87745		0.92268		0.8995		0.79431
488		680.0		0.94534		0.94784		0.90181		0.88235		0.92784		0.90452		0.80467
489		681.27		0.94672		0.94838		0.89406		0.86957		0.92784		0.89776		0.78986
490		682.49		0.94714		0.94873		0.89922		0.87081		0.93814		0.90323		0.80082
491		683.76		0.94751		0.94877		0.89922		0.87081		0.93814		0.90323		0.80082
492		684.95		0.94693		0.9482		0.90439		0.87923		0.93814		0.90773		0.81058
493		686.25		0.94552		0.94716		0.89922		0.8744		0.93299		0.90274		0.80022
494		687.47		0.9454		0.94793		0.89147		0.86538		0.92784		0.89552		0.78496
495		688.6		0.9447		0.94738		0.88114		0.84906		0.92784		0.8867		0.76554
496		689.91		0.94501		0.94767		0.88372		0.85308		0.92784		0.88889		0.77037
497		691.21		0.94521		0.94817		0.88889		0.86829		0.91753		0.89223		0.779
498		692.55		0.9451		0.9482		0.88889		0.86829		0.91753		0.89223		0.779
499		693.76		0.94457		0.94772		0.88889		0.86829		0.91753		0.89223		0.779
500		695.03		0.94418		0.94765		0.89147		0.87624		0.91237		0.89394		0.78359
501		696.54		0.94413		0.94774		0.89922		0.88177		0.92268		0.90176		0.79929
502		698.11		0.94405		0.94742		0.88114		0.85238		0.92268		0.88614		0.76484
503		699.59		0.94422		0.94738		0.88114		0.84906		0.92784		0.8867		0.76554
504		701.04		0.94435		0.94772		0.88372		0.85308		0.92784		0.88889		0.77037
505		702.44		0.94358		0.94694		0.8863		0.86408		0.91753		0.89		0.77406
506		703.98		0.94411		0.9473		0.89406		0.87317		0.92268		0.89724		0.78936
507		705.31		0.94419		0.94735		0.89147		0.86893		0.92268		0.895		0.78442
508		706.68		0.94415		0.9471		0.89147		0.86538		0.92784		0.89552		0.78496
509		707.97		0.94442		0.94743		0.88372		0.85308		0.92784		0.88889		0.77037
510		709.33		0.94493		0.94796		0.8863		0.85714		0.92784		0.89109		0.77522
511		710.63		0.9458		0.94883		0.89147		0.86538		0.92784		0.89552		0.78496
512		712.11		0.94638		0.94955		0.88889		0.86473		0.92268		0.89277		0.7795
513		713.79		0.9469		0.94989		0.89147		0.87255		0.91753		0.89447		0.78396
514		715.92		0.94661		0.94947		0.89664		0.88119		0.91753		0.89899		0.79394
515		717.66		0.94632		0.94888		0.89664		0.87379		0.92784		0.9		0.79478
516		718.81		0.94481		0.94718		0.89147		0.86538		0.92784		0.89552		0.78496
517		719.94		0.94409		0.94676		0.8863		0.86058		0.92268		0.89055		0.7746
518		721.23		0.94375		0.94702		0.88889		0.86473		0.92268		0.89277		0.7795
519		722.58		0.94362		0.94716		0.89147		0.86893		0.92268		0.895		0.78442
520		723.74		0.94407		0.94729		0.8863		0.86058		0.92268		0.89055		0.7746
521		725.01		0.94528		0.9482		0.88889		0.86473		0.92268		0.89277		0.7795
522		726.27		0.94569		0.94866		0.89147		0.85849		0.93814		0.89655		0.7863
523		727.76		0.94581		0.94929		0.88889		0.85782		0.93299		0.89383		0.78075
524		728.92		0.94505		0.94867		0.8863		0.86058		0.92268		0.89055		0.7746
525		730.07		0.94375		0.94728		0.89147		0.86538		0.92784		0.89552		0.78496
526		731.42		0.94271		0.94651		0.88889		0.86473		0.92268		0.89277		0.7795
527		732.65		0.94143		0.94537		0.88372		0.8599		0.91753		0.88778		0.76914
528		733.8		0.94092		0.94481		0.87855		0.85507		0.91237		0.88279		0.75878
529		734.99		0.94056		0.94411		0.88114		0.85922		0.91237		0.885		0.7637
530		736.3		0.94175		0.94576		0.88372		0.867		0.90722		0.88665		0.76824
531		738.01		0.94287		0.94715		0.88372		0.867		0.90722		0.88665		0.76824
532		739.64		0.94403		0.94846		0.88372		0.8599		0.91753		0.88778		0.76914
533		740.79		0.94471		0.94923		0.89664		0.87379		0.92784		0.9		0.79478
534		742.29		0.9451		0.94927		0.89406		0.87317		0.92268		0.89724		0.78936
535		743.91		0.9458		0.94887		0.89664		0.87745		0.92268		0.8995		0.79431
536		745.19		0.94625		0.94866		0.88889		0.86473		0.92268		0.89277		0.7795
537		746.42		0.94618		0.94871		0.89147		0.86893		0.92268		0.895		0.78442
538		747.71		0.94612		0.94885		0.88889		0.86473		0.92268		0.89277		0.7795
539		749.07		0.94568		0.94907		0.88372		0.8599		0.91753		0.88778		0.76914
540		750.36		0.94576		0.94948		0.88889		0.86829		0.91753		0.89223		0.779
541		751.48		0.94592		0.94976		0.88372		0.8599		0.91753		0.88778		0.76914
542		752.58		0.94582		0.94977		0.88372		0.86341		0.91237		0.88722		0.76865
543		753.69		0.94642		0.9506		0.8863		0.86765		0.91237		0.88945		0.77361
544		754.79		0.94576		0.94953		0.89147		0.87255		0.91753		0.89447		0.78396
545		756.02		0.94418		0.94706		0.8863		0.86765		0.91237		0.88945		0.77361
546		757.16		0.94208		0.94479		0.88372		0.86341		0.91237		0.88722		0.76865
547		758.3		0.94142		0.9435		0.88372		0.867		0.90722		0.88665		0.76824
548		759.41		0.9411		0.94305		0.88114		0.85922		0.91237		0.885		0.7637
549		760.63		0.9412		0.94369		0.88372		0.86341		0.91237		0.88722		0.76865
550		762.08		0.94155		0.94456		0.88372		0.85646		0.92268		0.88834		0.76971
551		763.81		0.9426		0.94601		0.88114		0.84906		0.92784		0.8867		0.76554
552		764.93		0.94342		0.94706		0.88372		0.84977		0.93299		0.88943		0.77111
553		766.05		0.94351		0.94719		0.88114		0.84906		0.92784		0.8867		0.76554
554		768.1		0.94303		0.94617		0.89147		0.86538		0.92784		0.89552		0.78496
555		769.2		0.94254		0.94541		0.88889		0.86473		0.92268		0.89277		0.7795
556		770.96		0.9415		0.94376		0.88372		0.85646		0.92268		0.88834		0.76971
557		772.86		0.94144		0.94358		0.88372		0.85646		0.92268		0.88834		0.76971
558		774.51		0.94192		0.94461		0.87855		0.85167		0.91753		0.88337		0.75934
559		775.78		0.94254		0.94563		0.88372		0.8599		0.91753		0.88778		0.76914
560		776.85		0.94337		0.94639		0.87855		0.85167		0.91753		0.88337		0.75934
561		778.0		0.94349		0.94647		0.88372		0.85646		0.92268		0.88834		0.76971
562		779.16		0.94365		0.94656		0.8863		0.85714		0.92784		0.89109		0.77522
563		780.41		0.94401		0.94704		0.8863		0.86058		0.92268		0.89055		0.7746
564		781.5		0.94387		0.9472		0.8863		0.85047		0.93814		0.89216		0.77671
565		782.58		0.94359		0.94712		0.88114		0.84579		0.93299		0.88725		0.76632
566		783.7		0.94309		0.94679		0.88114		0.85238		0.92268		0.88614		0.76484
567		784.96		0.94191		0.94651		0.89406		0.87685		0.91753		0.89673		0.78894
568		786.36		0.94154		0.94617		0.89147		0.88		0.90722		0.8934		0.7833
569		787.83		0.94204		0.9462		0.89147		0.87624		0.91237		0.89394		0.78359
570		789.17		0.94276		0.94638		0.8863		0.86058		0.92268		0.89055		0.7746
571		790.7		0.9443		0.94739		0.8863		0.85377		0.93299		0.89163		0.77592
572		792.25		0.94477		0.94748		0.88889		0.85446		0.93814		0.89435		0.7815
573		793.4		0.94489		0.94766		0.89147		0.8619		0.93299		0.89604		0.78559
574		794.61		0.94445		0.94724		0.89406		0.87317		0.92268		0.89724		0.78936
575		795.9		0.94274		0.94629		0.89147		0.87255		0.91753		0.89447		0.78396
576		797.35		0.94146		0.94477		0.88889		0.86473		0.92268		0.89277		0.7795
577		798.6		0.94191		0.94538		0.8863		0.86058		0.92268		0.89055		0.7746
578		799.92		0.94286		0.94653		0.88372		0.85646		0.92268		0.88834		0.76971
579		801.09		0.94334		0.9477		0.8863		0.86058		0.92268		0.89055		0.7746
580		802.62		0.94429		0.94914		0.89147		0.87255		0.91753		0.89447		0.78396
581		804.33		0.94465		0.94934		0.88372		0.8599		0.91753		0.88778		0.76914
582		805.55		0.94508		0.94953		0.88114		0.85238		0.92268		0.88614		0.76484
583		806.69		0.94526		0.9492		0.88889		0.85782		0.93299		0.89383		0.78075
584		807.88		0.94473		0.94827		0.89147		0.8619		0.93299		0.89604		0.78559
585		809.17		0.94419		0.94712		0.88889		0.85782		0.93299		0.89383		0.78075
586		810.37		0.94301		0.94578		0.88114		0.84579		0.93299		0.88725		0.76632
587		811.68		0.94327		0.9458		0.88889		0.85782		0.93299		0.89383		0.78075
588		812.96		0.94362		0.94615		0.88889		0.86829		0.91753		0.89223		0.779
589		814.37		0.94343		0.94589		0.88889		0.86829		0.91753		0.89223		0.779
590		815.49		0.94297		0.94498		0.8863		0.86408		0.91753		0.89		0.77406
591		816.99		0.94343		0.94528		0.8863		0.86408		0.91753		0.89		0.77406
592		818.4		0.94398		0.94632		0.88889		0.87192		0.91237		0.89169		0.77859
593		819.82		0.94425		0.94681		0.89147		0.87255		0.91753		0.89447		0.78396
594		821.32		0.94422		0.94663		0.89147		0.86538		0.92784		0.89552		0.78496
595		822.49		0.9441		0.94637		0.88889		0.85782		0.93299		0.89383		0.78075
596		823.67		0.94374		0.94677		0.88889		0.86124		0.92784		0.8933		0.78008
597		824.9		0.94302		0.94659		0.89406		0.86957		0.92784		0.89776		0.78986
598		826.56		0.94337		0.94733		0.89147		0.87255		0.91753		0.89447		0.78396
599		828.03		0.94371		0.94708		0.88889		0.86829		0.91753		0.89223		0.779
600		829.15		0.94437		0.94757		0.89406		0.87317		0.92268		0.89724		0.78936
601		830.55		0.94317		0.94559		0.8863		0.85714		0.92784		0.89109		0.77522
602		832.12		0.94214		0.94421		0.88372		0.84977		0.93299		0.88943		0.77111
603		833.78		0.94231		0.94522		0.8863		0.86058		0.92268		0.89055		0.7746
604		834.99		0.94179		0.94522		0.88889		0.86829		0.91753		0.89223		0.779
605		836.4		0.94172		0.94439		0.88372		0.8599		0.91753		0.88778		0.76914
606		838.29		0.94087		0.94211		0.88372		0.84977		0.93299		0.88943		0.77111
607		839.42		0.93935		0.94013		0.8863		0.85047		0.93814		0.89216		0.77671
608		840.57		0.94063		0.94263		0.88372		0.8599		0.91753		0.88778		0.76914
609		841.74		0.94025		0.94358		0.8863		0.86765		0.91237		0.88945		0.77361
610		842.97		0.94011		0.94497		0.88372		0.8599		0.91753		0.88778		0.76914
611		844.31		0.94032		0.94534		0.86822		0.83568		0.91753		0.87469		0.73994
612		845.68		0.94135		0.9463		0.87855		0.84834		0.92268		0.88395		0.75999
613		847.4		0.94212		0.94626		0.88889		0.86829		0.91753		0.89223		0.779
614		848.52		0.9421		0.94632		0.8863		0.86765		0.91237		0.88945		0.77361
615		849.79		0.94192		0.94598		0.88372		0.867		0.90722		0.88665		0.76824
616		851.02		0.94092		0.94511		0.88889		0.86829		0.91753		0.89223		0.779
617		852.14		0.94074		0.94575		0.8863		0.86058		0.92268		0.89055		0.7746
618		853.33		0.94003		0.94523		0.87597		0.84762		0.91753		0.88119		0.75447
619		854.65		0.94068		0.94594		0.87597		0.85096		0.91237		0.8806		0.75387
620		855.84		0.94091		0.94601		0.88372		0.86341		0.91237		0.88722		0.76865
621		857.34		0.94175		0.94623		0.88114		0.86275		0.90722		0.88442		0.76326
622		858.92		0.94155		0.94538		0.87855		0.85507		0.91237		0.88279		0.75878
623		860.06		0.94043		0.94419		0.87339		0.85024		0.90722		0.87781		0.74842
624		861.33		0.93975		0.9437		0.88372		0.867		0.90722		0.88665		0.76824
625		862.44		0.93983		0.94411		0.8863		0.86765		0.91237		0.88945		0.77361
626		863.62		0.93943		0.94374		0.8708		0.83962		0.91753		0.87685		0.74477
627		864.72		0.93963		0.94421		0.8708		0.83962		0.91753		0.87685		0.74477
628		865.94		0.93919		0.94412		0.8708		0.83962		0.91753		0.87685		0.74477
629		867.05		0.93979		0.94461		0.87339		0.84689		0.91237		0.87841		0.74897
630		868.29		0.94142		0.94598		0.88372		0.8599		0.91753		0.88778		0.76914
631		869.77		0.94243		0.94648		0.88372		0.86341		0.91237		0.88722		0.76865
632		871.35		0.9435		0.9472		0.88114		0.85922		0.91237		0.885		0.7637
633		872.96		0.94359		0.94722		0.88372		0.867		0.90722		0.88665		0.76824
634		874.11		0.94329		0.94666		0.88889		0.86473		0.92268		0.89277		0.7795
635		875.23		0.94353		0.94711		0.88372		0.8599		0.91753		0.88778		0.76914
636		876.4		0.94301		0.94693		0.88372		0.8599		0.91753		0.88778		0.76914
637		877.62		0.9427		0.94703		0.8863		0.86765		0.91237		0.88945		0.77361
638		878.68		0.94343		0.94767		0.88114		0.85577		0.91753		0.88557		0.76423
639		879.84		0.94326		0.94741		0.87855		0.85167		0.91753		0.88337		0.75934
640		880.95		0.9431		0.94748		0.88114		0.85238		0.92268		0.88614		0.76484
641		882.12		0.94276		0.94735		0.88114		0.85238		0.92268		0.88614		0.76484
642		883.31		0.94288		0.94753		0.87855		0.85167		0.91753		0.88337		0.75934
643		884.38		0.94243		0.94735		0.88114		0.86275		0.90722		0.88442		0.76326
644		886.16		0.9417		0.94669		0.87597		0.85784		0.90206		0.8794		0.75291
645		888.27		0.94086		0.94557		0.88114		0.85238		0.92268		0.88614		0.76484
646		889.82		0.94076		0.94496		0.8708		0.83333		0.92784		0.87805		0.74637
647		890.92		0.94107		0.94491		0.87339		0.83721		0.92784		0.8802		0.75114
648		892.1		0.94119		0.94484		0.87339		0.84038		0.92268		0.87961		0.75033
649		893.25		0.94083		0.94441		0.8708		0.83962		0.91753		0.87685		0.74477
650		894.55		0.94048		0.94407		0.87597		0.84762		0.91753		0.88119		0.75447
651		896.13		0.94031		0.94371		0.86822		0.83886		0.91237		0.87407		0.73923
652		897.71		0.93973		0.94324		0.86563		0.8381		0.90722		0.87129		0.73372
653		899.07		0.93967		0.9435		0.86563		0.84135		0.90206		0.87065		0.73314
654		900.4		0.94027		0.94438		0.87339		0.85366		0.90206		0.87719		0.74794
655		902.36		0.94087		0.94504		0.87855		0.86207		0.90206		0.88161		0.7579
656		903.71		0.94127		0.94552		0.87339		0.85366		0.90206		0.87719		0.74794
657		904.79		0.94151		0.94522		0.87855		0.85507		0.91237		0.88279		0.75878
658		905.88		0.94139		0.94459		0.87597		0.84434		0.92268		0.88177		0.75515
659		907.07		0.94123		0.94408		0.87597		0.84434		0.92268		0.88177		0.75515
660		908.28		0.94116		0.94341		0.87597		0.84434		0.92268		0.88177		0.75515
661		909.42		0.94074		0.94299		0.87855		0.85167		0.91753		0.88337		0.75934
662		910.58		0.93972		0.9424		0.8863		0.86408		0.91753		0.89		0.77406
663		911.82		0.93952		0.94235		0.8863		0.86058		0.92268		0.89055		0.7746
664		912.98		0.93863		0.94153		0.87339		0.84038		0.92268		0.87961		0.75033
665		914.1		0.93829		0.94151		0.86822		0.83886		0.91237		0.87407		0.73923
666		915.52		0.93802		0.94147		0.8708		0.84615		0.90722		0.87562		0.7435
667		917.44		0.93841		0.9419		0.87597		0.85437		0.90722		0.88		0.75335
668		918.79		0.93887		0.94202		0.8708		0.84951		0.90206		0.875		0.74299
669		919.93		0.9404		0.9434		0.88114		0.86275		0.90722		0.88442		0.76326
670		921.45		0.94071		0.94367		0.88114		0.85922		0.91237		0.885		0.7637
671		923.2		0.94087		0.9436		0.88114		0.85577		0.91753		0.88557		0.76423
672		924.49		0.94158		0.94416		0.88372		0.85646		0.92268		0.88834		0.76971
673		925.61		0.94122		0.94286		0.8863		0.85714		0.92784		0.89109		0.77522
674		926.74		0.94196		0.9435		0.88114		0.85238		0.92268		0.88614		0.76484
675		927.83		0.94194		0.94363		0.88114		0.85238		0.92268		0.88614		0.76484
676		929.09		0.94258		0.94484		0.87855		0.84834		0.92268		0.88395		0.75999
677		930.19		0.94264		0.94571		0.87597		0.85096		0.91237		0.8806		0.75387
678		931.29		0.9425		0.94586		0.8863		0.86765		0.91237		0.88945		0.77361
679		932.42		0.94267		0.94617		0.88889		0.87192		0.91237		0.89169		0.77859
680		933.62		0.94341		0.94622		0.88372		0.84977		0.93299		0.88943		0.77111
681		934.79		0.94343		0.94539		0.87597		0.83796		0.93299		0.88293		0.75677
682		935.9		0.94355		0.94633		0.88372		0.84977		0.93299		0.88943		0.77111
683		937.04		0.94309		0.94657		0.88889		0.86473		0.92268		0.89277		0.7795
684		938.18		0.94244		0.94613		0.89664		0.88119		0.91753		0.89899		0.79394
685		939.55		0.9413		0.94495		0.88372		0.8599		0.91753		0.88778		0.76914
686		940.74		0.94124		0.94457		0.86822		0.83256		0.92268		0.87531		0.74074
687		941.85		0.94255		0.94647		0.8708		0.83333		0.92784		0.87805		0.74637
688		943.59		0.94413		0.94884		0.88114		0.84906		0.92784		0.8867		0.76554
689		945.56		0.94536		0.95018		0.89147		0.87624		0.91237		0.89394		0.78359
690		946.88		0.94556		0.95045		0.89406		0.87685		0.91753		0.89673		0.78894
691		948.81		0.94536		0.95056		0.88372		0.8599		0.91753		0.88778		0.76914
692		950.25		0.94479		0.94982		0.8863		0.85714		0.92784		0.89109		0.77522
693		951.67		0.94358		0.94861		0.8863		0.86058		0.92268		0.89055		0.7746
694		952.9		0.94282		0.94762		0.88889		0.86124		0.92784		0.8933		0.78008
695		954.04		0.9419		0.94644		0.89147		0.86538		0.92784		0.89552		0.78496
696		955.22		0.94242		0.94661		0.89664		0.87745		0.92268		0.8995		0.79431
697		956.43		0.9426		0.94646		0.89664		0.87379		0.92784		0.9		0.79478
698		957.78		0.94309		0.9465		0.89147		0.86538		0.92784		0.89552		0.78496
699		959.01		0.94375		0.94697		0.88372		0.85308		0.92784		0.88889		0.77037
700		960.14		0.94306		0.94593		0.88114		0.85238		0.92268		0.88614		0.76484
701		961.26		0.9413		0.94435		0.89147		0.86893		0.92268		0.895		0.78442
702		962.34		0.94079		0.94366		0.8863		0.86765		0.91237		0.88945		0.77361
703		963.77		0.94031		0.94299		0.8863		0.86765		0.91237		0.88945		0.77361
704		965.67		0.94106		0.94343		0.87855		0.85167		0.91753		0.88337		0.75934
705		966.8		0.94266		0.94486		0.87597		0.84434		0.92268		0.88177		0.75515
706		967.94		0.94427		0.94666		0.88114		0.84906		0.92784		0.8867		0.76554
707		969.18		0.94529		0.9478		0.88114		0.85577		0.91753		0.88557		0.76423
708		970.85		0.94556		0.94808		0.88372		0.8599		0.91753		0.88778		0.76914
709		972.4		0.94506		0.9477		0.88372		0.85646		0.92268		0.88834		0.76971
710		973.77		0.94405		0.94673		0.88114		0.85238		0.92268		0.88614		0.76484
711		975.58		0.94387		0.94675		0.88114		0.85238		0.92268		0.88614		0.76484
712		977.22		0.94347		0.94663		0.87855		0.84834		0.92268		0.88395		0.75999
713		978.51		0.94235		0.94607		0.88372		0.867		0.90722		0.88665		0.76824
714		979.72		0.94192		0.94579		0.8863		0.87129		0.90722		0.88889		0.77325
715		980.98		0.94255		0.94636		0.88114		0.85922		0.91237		0.885		0.7637
716		982.47		0.94258		0.9461		0.88114		0.85238		0.92268		0.88614		0.76484
717		983.71		0.94298		0.94666		0.87855		0.84507		0.92784		0.88452		0.76072
718		984.93		0.94334		0.9466		0.87855		0.84507		0.92784		0.88452		0.76072
719		986.1		0.94291		0.94641		0.88372		0.85308		0.92784		0.88889		0.77037
720		987.37		0.94218		0.94571		0.88372		0.85308		0.92784		0.88889		0.77037
721		988.56		0.94182		0.94538		0.88372		0.85308		0.92784		0.88889		0.77037
722		989.74		0.94095		0.94443		0.87855		0.84834		0.92268		0.88395		0.75999
723		990.99		0.94092		0.94447		0.86822		0.83568		0.91753		0.87469		0.73994
724		992.18		0.94037		0.94412		0.8708		0.83645		0.92268		0.87745		0.74553
725		993.45		0.94092		0.94515		0.87339		0.84689		0.91237		0.87841		0.74897
726		995.43		0.94076		0.94538		0.87855		0.85854		0.90722		0.88221		0.7583
727		996.56		0.94055		0.94529		0.87339		0.85366		0.90206		0.87719		0.74794
728		997.81		0.93984		0.94428		0.86563		0.8381		0.90722		0.87129		0.73372
729		999.13		0.93996		0.9441		0.86305		0.82488		0.92268		0.87105		0.7312
730		1000.42		0.94072		0.94479		0.86563		0.83491		0.91237		0.87192		0.73439
731		1001.79		0.94196		0.946		0.88114		0.86275		0.90722		0.88442		0.76326
732		1003.48		0.94216		0.94595		0.88114		0.86275		0.90722		0.88442		0.76326
733		1005.0		0.94222		0.94562		0.88372		0.86341		0.91237		0.88722		0.76865
734		1006.16		0.94091		0.94317		0.88114		0.84906		0.92784		0.8867		0.76554
735		1007.78		0.94012		0.94282		0.8863		0.85377		0.93299		0.89163		0.77592
736		1009.37		0.94059		0.9444		0.87339		0.84038		0.92268		0.87961		0.75033
737		1010.61		0.941		0.9455		0.88372		0.8599		0.91753		0.88778		0.76914
738		1011.76		0.94123		0.94572		0.87855		0.84834		0.92268		0.88395		0.75999
739		1012.92		0.94147		0.94548		0.87855		0.84834		0.92268		0.88395		0.75999
740		1014.06		0.94143		0.94491		0.87597		0.84434		0.92268		0.88177		0.75515
741		1015.4		0.94116		0.94456		0.87855		0.84834		0.92268		0.88395		0.75999
742		1016.53		0.9417		0.94498		0.87597		0.84762		0.91753		0.88119		0.75447
743		1017.66		0.94052		0.9437		0.87597		0.84434		0.92268		0.88177		0.75515
744		1018.81		0.94001		0.94287		0.88372		0.85308		0.92784		0.88889		0.77037
745		1020.34		0.94001		0.94235		0.87855		0.84507		0.92784		0.88452		0.76072
746		1022.06		0.93993		0.94213		0.87597		0.84112		0.92784		0.88235		0.75592
747		1023.95		0.94039		0.94258		0.8863		0.85377		0.93299		0.89163		0.77592
748		1025.31		0.94015		0.94278		0.88372		0.85308		0.92784		0.88889		0.77037
749		1026.87		0.94031		0.94334		0.87855		0.85507		0.91237		0.88279		0.75878
750		1028.15		0.9404		0.9445		0.87855		0.85507		0.91237		0.88279		0.75878
751		1030.14		0.94011		0.94432		0.86047		0.83333		0.90206		0.86634		0.72335
752		1031.3		0.94023		0.94467		0.86822		0.84211		0.90722		0.87345		0.7386
753		1032.43		0.93949		0.94415		0.86822		0.84541		0.90206		0.87282		0.73805
754		1033.6		0.93891		0.94339		0.87855		0.86207		0.90206		0.88161		0.7579
755		1034.86		0.9382		0.94248		0.87855		0.85854		0.90722		0.88221		0.7583
756		1036.02		0.93865		0.9424		0.87597		0.85437		0.90722		0.88		0.75335
757		1037.13		0.94003		0.94331		0.87597		0.85096		0.91237		0.8806		0.75387
758		1038.22		0.94078		0.94422		0.88372		0.85308		0.92784		0.88889		0.77037
759		1039.52		0.94148		0.94478		0.87855		0.84834		0.92268		0.88395		0.75999
760		1040.71		0.94148		0.94448		0.88114		0.84906		0.92784		0.8867		0.76554
761		1042.09		0.94191		0.94473		0.88114		0.84906		0.92784		0.8867		0.76554
762		1043.26		0.94198		0.94495		0.87855		0.84507		0.92784		0.88452		0.76072
763		1044.5		0.94228		0.94549		0.87855		0.84186		0.93299		0.88509		0.76154
764		1045.81		0.94268		0.94629		0.88372		0.85308		0.92784		0.88889		0.77037
765		1046.94		0.94246		0.94612		0.88889		0.86124		0.92784		0.8933		0.78008
766		1048.11		0.94278		0.9464		0.88114		0.84906		0.92784		0.8867		0.76554
767		1050.0		0.9425		0.94611		0.8708		0.83333		0.92784		0.87805		0.74637
768		1051.29		0.94179		0.94556		0.87855		0.84186		0.93299		0.88509		0.76154
769		1052.64		0.9413		0.9453		0.8863		0.86058		0.92268		0.89055		0.7746
770		1054.28		0.9409		0.94508		0.8863		0.87129		0.90722		0.88889		0.77325
771		1055.78		0.94067		0.94394		0.8863		0.86408		0.91753		0.89		0.77406
772		1056.98		0.94163		0.94441		0.87597		0.84434		0.92268		0.88177		0.75515
773		1058.26		0.94143		0.94377		0.87339		0.84038		0.92268		0.87961		0.75033
774		1059.44		0.94154		0.94476		0.88114		0.85922		0.91237		0.885		0.7637
775		1060.67		0.94126		0.94483		0.88114		0.85922		0.91237		0.885		0.7637
776		1062.47		0.94138		0.94534		0.8708		0.84615		0.90722		0.87562		0.7435
777		1064.0		0.94048		0.94438		0.8708		0.84615		0.90722		0.87562		0.7435
778		1065.14		0.94007		0.94405		0.87339		0.85024		0.90722		0.87781		0.74842
779		1066.35		0.94051		0.94432		0.87597		0.85096		0.91237		0.8806		0.75387
780		1067.55		0.94076		0.94453		0.87597		0.85437		0.90722		0.88		0.75335
781		1068.72		0.94122		0.9446		0.88114		0.85577		0.91753		0.88557		0.76423
782		1069.92		0.94224		0.94537		0.88114		0.85577		0.91753		0.88557		0.76423
783		1071.03		0.94216		0.94569		0.88372		0.85646		0.92268		0.88834		0.76971
784		1072.57		0.94251		0.94624		0.8863		0.85377		0.93299		0.89163		0.77592
785		1073.92		0.9428		0.94639		0.88372		0.84977		0.93299		0.88943		0.77111
786		1075.62		0.94248		0.9455		0.88372		0.84977		0.93299		0.88943		0.77111
787		1076.78		0.94187		0.94498		0.89406		0.86957		0.92784		0.89776		0.78986
788		1078.09		0.9414		0.94451		0.89147		0.86893		0.92268		0.895		0.78442
789		1079.55		0.94111		0.94436		0.88889		0.86473		0.92268		0.89277		0.7795
790		1081.08		0.94063		0.94436		0.87855		0.85167		0.91753		0.88337		0.75934
791		1082.55		0.94063		0.94415		0.87339		0.8436		0.91753		0.87901		0.74961
792		1083.83		0.9406		0.94397		0.87339		0.84038		0.92268		0.87961		0.75033
793		1085.06		0.94075		0.94382		0.87339		0.84038		0.92268		0.87961		0.75033
794		1086.26		0.94112		0.9438		0.87339		0.8436		0.91753		0.87901		0.74961
795		1087.94		0.94096		0.94341		0.88372		0.85646		0.92268		0.88834		0.76971
796		1089.89		0.94057		0.9439		0.88114		0.84906		0.92784		0.8867		0.76554
797		1091.0		0.93977		0.94366		0.8708		0.83962		0.91753		0.87685		0.74477
798		1092.12		0.93876		0.94293		0.8708		0.84286		0.91237		0.87624		0.74409
799		1093.44		0.93916		0.94421		0.87597		0.85096		0.91237		0.8806		0.75387
800		1094.56		0.93924		0.94445		0.88114		0.85922		0.91237		0.885		0.7637
801		1095.76		0.93941		0.94437		0.88114		0.85922		0.91237		0.885		0.7637
802		1097.1		0.93937		0.94376		0.87855		0.84834		0.92268		0.88395		0.75999
803		1098.97		0.93987		0.94391		0.87339		0.84038		0.92268		0.87961		0.75033
804		1100.1		0.94017		0.94412		0.88114		0.85238		0.92268		0.88614		0.76484
805		1101.26		0.93985		0.94379		0.87597		0.85437		0.90722		0.88		0.75335
806		1102.47		0.93964		0.94345		0.87855		0.85854		0.90722		0.88221		0.7583
807		1103.71		0.93911		0.94288		0.87597		0.85784		0.90206		0.8794		0.75291
808		1104.85		0.93887		0.94189		0.87339		0.84689		0.91237		0.87841		0.74897
809		1105.97		0.93921		0.94215		0.87855		0.84834		0.92268		0.88395		0.75999
810		1107.1		0.93977		0.94365		0.87597		0.85437		0.90722		0.88		0.75335
811		1108.94		0.94052		0.94503		0.88114		0.86275		0.90722		0.88442		0.76326
812		1110.78		0.9406		0.94533		0.87597		0.85437		0.90722		0.88		0.75335
813		1111.98		0.93972		0.94385		0.87597		0.84434		0.92268		0.88177		0.75515
814		1113.15		0.9382		0.94192		0.87597		0.83796		0.93299		0.88293		0.75677
815		1114.66		0.93774		0.94221		0.87339		0.84689		0.91237		0.87841		0.74897
816		1116.62		0.93765		0.94274		0.88114		0.86275		0.90722		0.88442		0.76326
817		1117.77		0.9378		0.94252		0.88372		0.867		0.90722		0.88665		0.76824
818		1118.99		0.93792		0.94212		0.87597		0.84762		0.91753		0.88119		0.75447
819		1120.17		0.93892		0.94277		0.87339		0.84038		0.92268		0.87961		0.75033
820		1121.85		0.93977		0.94433		0.87339		0.8436		0.91753		0.87901		0.74961
821		1123.65		0.93943		0.94478		0.88114		0.85922		0.91237		0.885		0.7637
822		1124.77		0.939		0.94467		0.88114		0.86634		0.90206		0.88384		0.7629
823		1125.89		0.93937		0.94342		0.8708		0.83962		0.91753		0.87685		0.74477
824		1127.03		0.93875		0.9415		0.87597		0.84434		0.92268		0.88177		0.75515
825		1128.3		0.94083		0.9444		0.89406		0.8806		0.91237		0.8962		0.78861
826		1129.51		0.94258		0.94734		0.8863		0.87129		0.90722		0.88889		0.77325
827		1130.85		0.94208		0.94737		0.87339		0.8436		0.91753		0.87901		0.74961
828		1132.19		0.94114		0.94685		0.86563		0.8287		0.92268		0.87317		0.73596
829		1133.53		0.94111		0.94712		0.8708		0.83645		0.92268		0.87745		0.74553
830		1135.22		0.94162		0.94768		0.88372		0.867		0.90722		0.88665		0.76824
831		1136.69		0.94162		0.94734		0.89147		0.88		0.90722		0.8934		0.7833
832		1138.04		0.94218		0.94636		0.87597		0.85096		0.91237		0.8806		0.75387
833		1139.19		0.94134		0.94432		0.87597		0.84434		0.92268		0.88177		0.75515
834		1140.43		0.94138		0.94387		0.87339		0.8436		0.91753		0.87901		0.74961
835		1141.54		0.94167		0.94403		0.87339		0.84689		0.91237		0.87841		0.74897
836		1142.82		0.9416		0.94356		0.87597		0.85096		0.91237		0.8806		0.75387
837		1144.39		0.94098		0.94274		0.87855		0.85854		0.90722		0.88221		0.7583
838		1146.31		0.94096		0.94275		0.8863		0.86408		0.91753		0.89		0.77406
839		1148.07		0.94053		0.9424		0.88114		0.85577		0.91753		0.88557		0.76423
840		1149.7		0.94019		0.94242		0.8708		0.84286		0.91237		0.87624		0.74409
841		1151.11		0.93976		0.94278		0.8708		0.83962		0.91753		0.87685		0.74477
842		1152.28		0.93964		0.94329		0.8708		0.84286		0.91237		0.87624		0.74409
843		1153.63		0.93993		0.94405		0.87597		0.85437		0.90722		0.88		0.75335
844		1154.81		0.93975		0.94425		0.88114		0.86634		0.90206		0.88384		0.7629
845		1156.13		0.93975		0.94399		0.87339		0.85024		0.90722		0.87781		0.74842
846		1157.51		0.93929		0.94346		0.86822		0.84541		0.90206		0.87282		0.73805
847		1158.96		0.93919		0.94353		0.86822		0.84541		0.90206		0.87282		0.73805
848		1160.21		0.93929		0.94349		0.8708		0.84615		0.90722		0.87562		0.7435
849		1161.5		0.93951		0.94355		0.87597		0.85437		0.90722		0.88		0.75335
850		1163.06		0.93959		0.94335		0.88114		0.86275		0.90722		0.88442		0.76326
851		1164.58		0.94033		0.94371		0.8863		0.86765		0.91237		0.88945		0.77361
852		1165.98		0.94078		0.94384		0.88889		0.87562		0.90722		0.89114		0.77827
853		1167.43		0.9404		0.94344		0.8708		0.84615		0.90722		0.87562		0.7435
854		1168.98		0.94044		0.94349		0.86822		0.84211		0.90722		0.87345		0.7386
855		1170.93		0.94011		0.9432		0.87339		0.85024		0.90722		0.87781		0.74842
856		1172.46		0.93947		0.94308		0.87597		0.85437		0.90722		0.88		0.75335
857		1173.77		0.93955		0.94369		0.8708		0.84615		0.90722		0.87562		0.7435
858		1175.41		0.93897		0.94303		0.8708		0.84286		0.91237		0.87624		0.74409
859		1177.05		0.93921		0.94278		0.86822		0.83886		0.91237		0.87407		0.73923
860		1178.42		0.93972		0.94348		0.86305		0.83099		0.91237		0.86978		0.72955
861		1179.77		0.94029		0.94401		0.86822		0.83886		0.91237		0.87407		0.73923
862		1181.04		0.941		0.94518		0.87339		0.84689		0.91237		0.87841		0.74897
863		1182.3		0.94196		0.94604		0.87339		0.84689		0.91237		0.87841		0.74897
864		1183.48		0.94239		0.94671		0.87855		0.84507		0.92784		0.88452		0.76072
865		1184.89		0.94262		0.94687		0.87339		0.8436		0.91753		0.87901		0.74961
866		1186.17		0.9417		0.94619		0.87339		0.8436		0.91753		0.87901		0.74961
867		1187.48		0.94138		0.94556		0.88372		0.8599		0.91753		0.88778		0.76914
868		1188.81		0.94041		0.94433		0.8863		0.86765		0.91237		0.88945		0.77361
869		1190.24		0.94025		0.94392		0.88114		0.85577		0.91753		0.88557		0.76423
870		1191.57		0.9409		0.94477		0.87855		0.85854		0.90722		0.88221		0.7583
871		1192.83		0.94164		0.94586		0.87597		0.85437		0.90722		0.88		0.75335
872		1194.08		0.94218		0.94664		0.87855		0.85507		0.91237		0.88279		0.75878
873		1195.36		0.94244		0.94737		0.87855		0.85507		0.91237		0.88279		0.75878
874		1196.62		0.94254		0.94744		0.87855		0.85167		0.91753		0.88337		0.75934
875		1198.3		0.94301		0.94726		0.88114		0.85577		0.91753		0.88557		0.76423
876		1199.83		0.94255		0.94628		0.88372		0.8599		0.91753		0.88778		0.76914
877		1201.39		0.9414		0.94476		0.88372		0.8599		0.91753		0.88778		0.76914
878		1203.01		0.94031		0.94353		0.88114		0.85577		0.91753		0.88557		0.76423
879		1204.28		0.93985		0.94373		0.88114		0.85577		0.91753		0.88557		0.76423
880		1205.56		0.93923		0.94374		0.87339		0.85366		0.90206		0.87719		0.74794
881		1207.47		0.93845		0.94316		0.86563		0.84466		0.89691		0.87		0.73263
882		1208.97		0.93828		0.94285		0.86822		0.84211		0.90722		0.87345		0.7386
883		1210.3		0.93849		0.94298		0.87339		0.84689		0.91237		0.87841		0.74897
884		1211.45		0.93877		0.94316		0.87855		0.85167		0.91753		0.88337		0.75934
885		1212.59		0.9392		0.94355		0.88114		0.85922		0.91237		0.885		0.7637
886		1213.94		0.93961		0.94406		0.87855		0.85507		0.91237		0.88279		0.75878
887		1215.09		0.94007		0.94453		0.88114		0.85577		0.91753		0.88557		0.76423
888		1216.72		0.94001		0.94452		0.87855		0.85167		0.91753		0.88337		0.75934
889		1218.24		0.94017		0.94458		0.87855		0.85167		0.91753		0.88337		0.75934
890		1219.61		0.94044		0.94477		0.88114		0.85577		0.91753		0.88557		0.76423
891		1220.86		0.94122		0.94557		0.8863		0.86408		0.91753		0.89		0.77406
892		1222.0		0.94192		0.94642		0.88372		0.8599		0.91753		0.88778		0.76914
893		1223.49		0.94231		0.94675		0.87855		0.85507		0.91237		0.88279		0.75878
894		1225.11		0.94136		0.94601		0.87855		0.85854		0.90722		0.88221		0.7583
895		1226.56		0.94045		0.94512		0.87597		0.85437		0.90722		0.88		0.75335
896		1228.18		0.94004		0.94446		0.87597		0.85096		0.91237		0.8806		0.75387
897		1229.9		0.93999		0.94429		0.87597		0.85096		0.91237		0.8806		0.75387
898		1231.4		0.94075		0.945		0.87855		0.85507		0.91237		0.88279		0.75878
899		1232.96		0.94094		0.94534		0.8863		0.87129		0.90722		0.88889		0.77325
900		1234.26		0.94098		0.94542		0.8863		0.86765		0.91237		0.88945		0.77361
901		1235.45		0.94092		0.9454		0.8708		0.84286		0.91237		0.87624		0.74409
902		1236.6		0.94031		0.94465		0.86563		0.83491		0.91237		0.87192		0.73439
903		1237.72		0.93988		0.9444		0.86563		0.84135		0.90206		0.87065		0.73314
904		1238.99		0.93999		0.94455		0.86822		0.84541		0.90206		0.87282		0.73805
905		1240.11		0.93993		0.94451		0.8708		0.84951		0.90206		0.875		0.74299
906		1241.29		0.94035		0.94476		0.87339		0.85366		0.90206		0.87719		0.74794
907		1242.4		0.94011		0.94383		0.87339		0.85024		0.90722		0.87781		0.74842
908		1243.63		0.94021		0.94363		0.87339		0.8436		0.91753		0.87901		0.74961
909		1244.78		0.94004		0.94331		0.87597		0.85096		0.91237		0.8806		0.75387
910		1245.94		0.9398		0.94328		0.87339		0.85024		0.90722		0.87781		0.74842
911		1247.19		0.93961		0.94367		0.87339		0.85024		0.90722		0.87781		0.74842
912		1248.31		0.94024		0.94449		0.8708		0.84615		0.90722		0.87562		0.7435
913		1249.91		0.94055		0.94478		0.86822		0.84211		0.90722		0.87345		0.7386
914		1251.43		0.94127		0.94564		0.86563		0.8381		0.90722		0.87129		0.73372
915		1252.84		0.94188		0.94628		0.86822		0.83886		0.91237		0.87407		0.73923
916		1254.39		0.94231		0.94664		0.86822		0.83886		0.91237		0.87407		0.73923
917		1255.63		0.94271		0.94676		0.8708		0.83962		0.91753		0.87685		0.74477
918		1257.45		0.94216		0.94639		0.8708		0.84615		0.90722		0.87562		0.7435
919		1258.99		0.94147		0.94583		0.87855		0.85854		0.90722		0.88221		0.7583
920		1260.66		0.94064		0.94532		0.88114		0.86634		0.90206		0.88384		0.7629
921		1261.99		0.93987		0.94429		0.87597		0.84762		0.91753		0.88119		0.75447
922		1263.18		0.93905		0.943		0.86822		0.83568		0.91753		0.87469		0.73994
923		1264.29		0.93919		0.94346		0.87339		0.84689		0.91237		0.87841		0.74897
924		1265.38		0.93984		0.94455		0.8708		0.84615		0.90722		0.87562		0.7435
925		1266.53		0.94045		0.94508		0.8708		0.84615		0.90722		0.87562		0.7435
926		1267.9		0.94072		0.94509		0.86822		0.83256		0.92268		0.87531		0.74074
927		1269.01		0.94091		0.94513		0.8708		0.83333		0.92784		0.87805		0.74637
928		1270.19		0.93963		0.94429		0.87597		0.84762		0.91753		0.88119		0.75447
929		1271.37		0.93903		0.94425		0.87855		0.86207		0.90206		0.88161		0.7579
930		1272.77		0.93792		0.94319		0.88114		0.86275		0.90722		0.88442		0.76326
931		1274.68		0.9381		0.94339		0.8708		0.84286		0.91237		0.87624		0.74409
932		1276.2		0.93793		0.94317		0.86563		0.83178		0.91753		0.87255		0.73513
933		1277.69		0.93903		0.94415		0.86305		0.83099		0.91237		0.86978		0.72955
934		1279.09		0.93971		0.94454		0.86563		0.83178		0.91753		0.87255		0.73513
935		1280.54		0.94036		0.94493		0.86563		0.83178		0.91753		0.87255		0.73513
936		1281.86		0.94111		0.94563		0.87597		0.84762		0.91753		0.88119		0.75447
937		1283.46		0.94047		0.94466		0.86822		0.83568		0.91753		0.87469		0.73994
938		1285.42		0.93947		0.94361		0.86822		0.83256		0.92268		0.87531		0.74074
939		1286.72		0.93846		0.94244		0.86563		0.83178		0.91753		0.87255		0.73513
940		1287.85		0.93804		0.94206		0.8708		0.84286		0.91237		0.87624		0.74409
941		1289.01		0.93804		0.94198		0.88372		0.86341		0.91237		0.88722		0.76865
942		1290.09		0.93833		0.94224		0.88372		0.86341		0.91237		0.88722		0.76865
943		1291.29		0.93826		0.94209		0.87597		0.84762		0.91753		0.88119		0.75447
944		1292.49		0.93915		0.94286		0.87597		0.84434		0.92268		0.88177		0.75515
945		1293.71		0.94015		0.9443		0.87597		0.84762		0.91753		0.88119		0.75447
946		1294.89		0.94086		0.9455		0.87339		0.84689		0.91237		0.87841		0.74897
947		1296.08		0.94074		0.94569		0.8708		0.84615		0.90722		0.87562		0.7435
948		1297.2		0.94027		0.94523		0.87339		0.85024		0.90722		0.87781		0.74842
949		1298.32		0.93955		0.94407		0.87855		0.85507		0.91237		0.88279		0.75878
950		1299.44		0.93841		0.9425		0.87855		0.84834		0.92268		0.88395		0.75999
951		1300.79		0.9377		0.94166		0.87597		0.85096		0.91237		0.8806		0.75387
952		1302.41		0.93776		0.94183		0.87339		0.85024		0.90722		0.87781		0.74842
953		1304.13		0.93881		0.94328		0.87855		0.85854		0.90722		0.88221		0.7583
954		1305.27		0.93875		0.94293		0.87339		0.85024		0.90722		0.87781		0.74842
955		1306.41		0.9385		0.94252		0.86822		0.83886		0.91237		0.87407		0.73923
956		1308.24		0.93836		0.94218		0.8708		0.83962		0.91753		0.87685		0.74477
957		1309.7		0.93838		0.94235		0.86822		0.84211		0.90722		0.87345		0.7386
958		1311.11		0.93924		0.94291		0.88372		0.867		0.90722		0.88665		0.76824
959		1312.86		0.93909		0.94274		0.87597		0.85784		0.90206		0.8794		0.75291
960		1314.35		0.93944		0.94304		0.8708		0.84286		0.91237		0.87624		0.74409
961		1315.86		0.93968		0.94338		0.86822		0.83568		0.91753		0.87469		0.73994
962		1317.29		0.94043		0.94479		0.87339		0.84689		0.91237		0.87841		0.74897
963		1318.43		0.9409		0.94563		0.87597		0.85096		0.91237		0.8806		0.75387
964		1319.54		0.94138		0.94584		0.87855		0.85507		0.91237		0.88279		0.75878
965		1320.75		0.94127		0.94505		0.87855		0.85167		0.91753		0.88337		0.75934
966		1321.9		0.94127		0.94488		0.8708		0.83962		0.91753		0.87685		0.74477
967		1323.01		0.94044		0.94392		0.87339		0.84689		0.91237		0.87841		0.74897
968		1324.12		0.93988		0.94355		0.88114		0.86275		0.90722		0.88442		0.76326
969		1325.38		0.93899		0.94225		0.87855		0.85854		0.90722		0.88221		0.7583
970		1326.54		0.93867		0.94172		0.86822		0.83886		0.91237		0.87407		0.73923
971		1327.82		0.9384		0.94152		0.85788		0.82326		0.91237		0.86553		0.71994
972		1328.99		0.93908		0.94297		0.86822		0.84211		0.90722		0.87345		0.7386
973		1330.18		0.93901		0.94376		0.87855		0.85854		0.90722		0.88221		0.7583
974		1331.82		0.93876		0.94297		0.87339		0.85024		0.90722		0.87781		0.74842
975		1333.29		0.93836		0.94231		0.86563		0.83491		0.91237		0.87192		0.73439
976		1334.84		0.9382		0.94212		0.86822		0.83568		0.91753		0.87469		0.73994
977		1336.29		0.9385		0.94294		0.86305		0.83412		0.90722		0.86914		0.72885
978		1337.97		0.93892		0.94354		0.86305		0.83412		0.90722		0.86914		0.72885
979		1339.69		0.93908		0.94357		0.86822		0.84211		0.90722		0.87345		0.7386
980		1341.04		0.93848		0.94201		0.86305		0.83099		0.91237		0.86978		0.72955
981		1342.82		0.93885		0.94243		0.87339		0.84038		0.92268		0.87961		0.75033
982		1344.34		0.94118		0.94561		0.87855		0.85507		0.91237		0.88279		0.75878
983		1346.3		0.94262		0.94792		0.89147		0.88384		0.90206		0.89286		0.7831
984		1347.93		0.94263		0.94778		0.87597		0.85096		0.91237		0.8806		0.75387
985		1349.05		0.94065		0.9459		0.85788		0.82028		0.91753		0.86618		0.72079
986		1350.25		0.94159		0.94715		0.86305		0.83412		0.90722		0.86914		0.72885
987		1351.7		0.9425		0.94838		0.87597		0.85784		0.90206		0.8794		0.75291
988		1352.84		0.94206		0.94764		0.87597		0.85437		0.90722		0.88		0.75335
989		1354.16		0.94051		0.94556		0.87597		0.85096		0.91237		0.8806		0.75387
990		1355.51		0.93913		0.94339		0.86563		0.83491		0.91237		0.87192		0.73439
991		1356.85		0.93921		0.94338		0.87339		0.8436		0.91753		0.87901		0.74961
992		1358.3		0.93879		0.94332		0.88114		0.85577		0.91753		0.88557		0.76423
993		1359.49		0.93796		0.94277		0.88114		0.85577		0.91753		0.88557		0.76423
994		1360.63		0.93842		0.94289		0.87339		0.8436		0.91753		0.87901		0.74961
995		1361.88		0.93924		0.94318		0.87855		0.84834		0.92268		0.88395		0.75999
996		1363.18		0.93959		0.94371		0.87855		0.85167		0.91753		0.88337		0.75934
997		1364.47		0.93969		0.94348		0.88372		0.85646		0.92268		0.88834		0.76971
998		1366.26		0.93975		0.94347		0.87855		0.84834		0.92268		0.88395		0.75999
999		1367.73		0.93963		0.94292		0.87597		0.84434		0.92268		0.88177		0.75515
1000		1369.62		0.93921		0.94219		0.8708		0.83333		0.92784		0.87805		0.74637
fold: 1
Epoch		Time		AUC		AUPR		Accuracy		Precision		Recall		F1-score		Mcc
1		1371.52		0.75276		0.7244		0.69251		0.73585		0.60309		0.66289		0.39175
AUC improved at epoch  1 ;	best_auc: 0.7527642754126384
2		1372.86		0.76705		0.73182		0.72868		0.73057		0.7268		0.72868		0.45737
AUC improved at epoch  2 ;	best_auc: 0.7670530420383526
3		1374.03		0.76805		0.73823		0.7261		0.71782		0.74742		0.73232		0.45252
AUC improved at epoch  3 ;	best_auc: 0.7680545911009027
4		1375.26		0.76767		0.74085		0.74419		0.74869		0.73711		0.74286		0.48845
5		1376.45		0.76735		0.74048		0.72351		0.74033		0.69072		0.71467		0.44813
6		1377.84		0.76574		0.74073		0.71576		0.73596		0.67526		0.7043		0.43312
7		1379.0		0.76582		0.74314		0.72093		0.73889		0.68557		0.71123		0.44312
8		1380.24		0.76639		0.74052		0.71835		0.73743		0.68041		0.70777		0.43812
9		1381.56		0.76767		0.74041		0.71576		0.73596		0.67526		0.7043		0.43312
10		1382.86		0.76927		0.74569		0.71318		0.73714		0.66495		0.69919		0.42857
AUC improved at epoch  10 ;	best_auc: 0.7692698039634634
11		1384.52		0.77055		0.75265		0.71576		0.73864		0.6701		0.7027		0.43354
AUC improved at epoch  11 ;	best_auc: 0.7705517867635275
12		1386.28		0.77301		0.75497		0.71318		0.73988		0.65979		0.69755		0.42905
AUC improved at epoch  12 ;	best_auc: 0.7730089204636506
13		1387.88		0.7728		0.75443		0.71059		0.73563		0.65979		0.69565		0.42361
14		1389.42		0.7745		0.75541		0.72351		0.7377		0.69588		0.71618		0.44783
AUC improved at epoch  14 ;	best_auc: 0.7745045670637253
15		1390.98		0.77878		0.75832		0.73643		0.74468		0.72165		0.73298		0.47313
AUC improved at epoch  15 ;	best_auc: 0.7787778430639389
16		1392.48		0.78623		0.76363		0.75711		0.75253		0.76804		0.7602		0.51429
AUC improved at epoch  16 ;	best_auc: 0.7862293680893115
17		1394.48		0.79635		0.77401		0.74935		0.7513		0.74742		0.74935		0.49872
AUC improved at epoch  17 ;	best_auc: 0.7963516906148176
18		1396.05		0.80132		0.77795		0.75711		0.73364		0.80928		0.76961		0.51685
AUC improved at epoch  18 ;	best_auc: 0.801319373965066
19		1397.79		0.80046		0.77739		0.76486		0.75879		0.77835		0.76845		0.52986
20		1398.94		0.80046		0.77731		0.76227		0.73611		0.81959		0.77561		0.52783
21		1400.2		0.8002		0.77575		0.75969		0.74163		0.79897		0.76923		0.52085
22		1401.41		0.80223		0.77525		0.75969		0.73488		0.81443		0.77262		0.52233
AUC improved at epoch  22 ;	best_auc: 0.8022274451151115
23		1402.92		0.80298		0.77428		0.76227		0.76562		0.75773		0.76166		0.52459
AUC improved at epoch  23 ;	best_auc: 0.8029752684151488
24		1404.36		0.80298		0.77166		0.75969		0.73059		0.82474		0.77482		0.52361
25		1405.48		0.80335		0.77048		0.75452		0.7346		0.79897		0.76543		0.51091
AUC improved at epoch  25 ;	best_auc: 0.8033491800651675
26		1406.71		0.80412		0.77006		0.76227		0.755		0.77835		0.7665		0.52476
AUC improved at epoch  26 ;	best_auc: 0.8041237113402063
27		1408.0		0.80581		0.76937		0.76486		0.74641		0.80412		0.77419		0.53122
AUC improved at epoch  27 ;	best_auc: 0.8058063137652902
28		1409.21		0.80621		0.76749		0.76486		0.73094		0.84021		0.78177		0.53558
AUC improved at epoch  28 ;	best_auc: 0.8062069333903102
29		1410.46		0.80682		0.76947		0.76486		0.74408		0.80928		0.77531		0.53166
AUC improved at epoch  29 ;	best_auc: 0.806821216815341
30		1411.69		0.80738		0.77001		0.75969		0.74634		0.78866		0.76692		0.52015
AUC improved at epoch  30 ;	best_auc: 0.8073820842903691
31		1413.03		0.80725		0.76848		0.76227		0.73182		0.8299		0.77778		0.52918
32		1414.19		0.80733		0.76895		0.76227		0.73182		0.8299		0.77778		0.52918
33		1415.49		0.80749		0.77015		0.76486		0.75122		0.79381		0.77193		0.5305
AUC improved at epoch  33 ;	best_auc: 0.8074889161903746
34		1417.26		0.80778		0.76989		0.76486		0.73516		0.8299		0.77966		0.53403
AUC improved at epoch  34 ;	best_auc: 0.8077827039153891
35		1418.95		0.80805		0.77001		0.76744		0.73853		0.8299		0.78155		0.5389
AUC improved at epoch  35 ;	best_auc: 0.8080497836654025
36		1420.43		0.80845		0.77009		0.76744		0.74074		0.82474		0.78049		0.53824
AUC improved at epoch  36 ;	best_auc: 0.8084504032904224
37		1421.98		0.80845		0.76902		0.77261		0.75481		0.80928		0.78109		0.54656
AUC improved at epoch  37 ;	best_auc: 0.8084504032904225
38		1423.49		0.80955		0.76827		0.77261		0.74312		0.83505		0.78641		0.54932
AUC improved at epoch  38 ;	best_auc: 0.8095454302654773
39		1424.86		0.80987		0.76784		0.77261		0.75481		0.80928		0.78109		0.54656
AUC improved at epoch  39 ;	best_auc: 0.8098659259654932
40		1426.55		0.81099		0.76859		0.77519		0.75355		0.81959		0.78519		0.55242
AUC improved at epoch  40 ;	best_auc: 0.8109876609155494
41		1427.9		0.81147		0.77157		0.77261		0.74312		0.83505		0.78641		0.54932
AUC improved at epoch  41 ;	best_auc: 0.8114684044655733
42		1429.67		0.81254		0.77295		0.78036		0.76847		0.80412		0.78589		0.56128
AUC improved at epoch  42 ;	best_auc: 0.8125367234656268
43		1431.15		0.8135		0.77352		0.77519		0.75598		0.81443		0.78412		0.55196
AUC improved at epoch  43 ;	best_auc: 0.8134982105656748
44		1432.64		0.81385		0.77392		0.78036		0.76329		0.81443		0.78803		0.56191
AUC improved at epoch  44 ;	best_auc: 0.8138454142406922
45		1434.05		0.8147		0.77525		0.77261		0.74312		0.83505		0.78641		0.54932
AUC improved at epoch  45 ;	best_auc: 0.8147000694407349
46		1435.33		0.81417		0.77632		0.76744		0.75		0.80412		0.77612		0.5362
47		1436.57		0.81641		0.77986		0.77003		0.73973		0.83505		0.7845		0.54446
AUC improved at epoch  47 ;	best_auc: 0.8164093798408204
48		1437.7		0.81935		0.78341		0.77003		0.74194		0.8299		0.78345		0.54376
AUC improved at epoch  48 ;	best_auc: 0.8193472570909673
49		1438.97		0.82058		0.78412		0.78036		0.77114		0.79897		0.78481		0.56105
AUC improved at epoch  49 ;	best_auc: 0.8205758239410288
50		1440.18		0.82314		0.78833		0.77261		0.7265		0.87629		0.79439		0.55702
AUC improved at epoch  50 ;	best_auc: 0.823139789541157
51		1441.39		0.82407		0.7907		0.77519		0.76355		0.79897		0.78086		0.55093
AUC improved at epoch  51 ;	best_auc: 0.8240745686662037
52		1442.59		0.82504		0.79271		0.78553		0.78462		0.78866		0.78663		0.57106
AUC improved at epoch  52 ;	best_auc: 0.8250360557662518
53		1444.0		0.82872		0.7986		0.77261		0.73246		0.86082		0.79147		0.55363
AUC improved at epoch  53 ;	best_auc: 0.8287217563164361
54		1445.64		0.83067		0.8016		0.77519		0.74208		0.84536		0.79036		0.55566
AUC improved at epoch  54 ;	best_auc: 0.8306714384915336
55		1447.36		0.8303		0.80037		0.77261		0.765		0.78866		0.77665		0.54544
56		1449.07		0.83337		0.80389		0.78036		0.75115		0.84021		0.79319		0.56459
AUC improved at epoch  56 ;	best_auc: 0.8333689439666685
57		1450.68		0.83623		0.80831		0.77003		0.73128		0.85567		0.7886		0.54788
AUC improved at epoch  57 ;	best_auc: 0.8362266972918113
58		1451.98		0.83754		0.81051		0.77778		0.76214		0.80928		0.785		0.55655
AUC improved at epoch  58 ;	best_auc: 0.8375353880668768
59		1453.17		0.84194		0.81718		0.77519		0.75117		0.82474		0.78624		0.55294
AUC improved at epoch  59 ;	best_auc: 0.8419422039420971
60		1454.45		0.84472		0.82119		0.76486		0.72489		0.85567		0.78487		0.53838
AUC improved at epoch  60 ;	best_auc: 0.844719833342236
61		1455.67		0.84504		0.81892		0.78553		0.76555		0.82474		0.79404		0.57269
AUC improved at epoch  61 ;	best_auc: 0.845040329042252
62		1456.99		0.84622		0.82006		0.78553		0.77889		0.79897		0.7888		0.57122
AUC improved at epoch  62 ;	best_auc: 0.8462154799423108
63		1458.75		0.8515		0.83036		0.77519		0.73991		0.85052		0.79137		0.5565
AUC improved at epoch  63 ;	best_auc: 0.8515036589925753
64		1460.34		0.85233		0.8308		0.78036		0.74661		0.85052		0.79518		0.5661
AUC improved at epoch  64 ;	best_auc: 0.8523316062176165
65		1464.75		0.85129		0.82529		0.79587		0.78607		0.81443		0.8		0.59208
66		1470.82		0.8538		0.82815		0.78553		0.75576		0.84536		0.79805		0.575
AUC improved at epoch  66 ;	best_auc: 0.8538005448426901
67		1474.94		0.85901		0.83614		0.78036		0.74222		0.86082		0.79714		0.56788
AUC improved at epoch  67 ;	best_auc: 0.8590085999679504
68		1476.5		0.86037		0.83722		0.79845		0.78431		0.82474		0.80402		0.59764
AUC improved at epoch  68 ;	best_auc: 0.8603707066930185
69		1478.06		0.86136		0.83681		0.79845		0.77358		0.84536		0.80788		0.5994
AUC improved at epoch  69 ;	best_auc: 0.8613589017680681
70		1479.21		0.86221		0.83853		0.78811		0.75688		0.85052		0.80097		0.58057
AUC improved at epoch  70 ;	best_auc: 0.8622135569681108
71		1480.45		0.86408		0.84164		0.8062		0.79024		0.83505		0.81203		0.61334
AUC improved at epoch  71 ;	best_auc: 0.8640831152182041
72		1481.73		0.86673		0.843		0.79845		0.75893		0.87629		0.8134		0.60404
AUC improved at epoch  72 ;	best_auc: 0.8667272047433364
73		1482.87		0.8682		0.84401		0.80362		0.78365		0.84021		0.81095		0.60876
AUC improved at epoch  73 ;	best_auc: 0.8681961433684098
74		1484.15		0.86782		0.8464		0.80103		0.78261		0.83505		0.80798		0.60336
75		1485.89		0.87145		0.85189		0.7907		0.75799		0.85567		0.80387		0.58617
AUC improved at epoch  75 ;	best_auc: 0.8714545163185727
76		1487.53		0.87503		0.86007		0.80879		0.79703		0.8299		0.81313		0.61806
AUC improved at epoch  76 ;	best_auc: 0.8750333849687517
77		1488.69		0.87364		0.8588		0.80103		0.76712		0.86598		0.81356		0.60702
78		1489.89		0.87746		0.86335		0.81912		0.79524		0.86082		0.82673		0.64036
AUC improved at epoch  78 ;	best_auc: 0.8774638106938731
79		1491.12		0.88329		0.87077		0.82429		0.80583		0.85567		0.83		0.64977
AUC improved at epoch  79 ;	best_auc: 0.8832861492441643
80		1492.42		0.88473		0.87366		0.81137		0.77626		0.87629		0.82324		0.62788
AUC improved at epoch  80 ;	best_auc: 0.8847283798942365
81		1493.57		0.88		0.86694		0.81654		0.7971		0.85052		0.82294		0.63444
82		1494.66		0.88451		0.87467		0.81137		0.77626		0.87629		0.82324		0.62788
83		1496.09		0.89247		0.88466		0.81912		0.81		0.83505		0.82234		0.63852
AUC improved at epoch  83 ;	best_auc: 0.8924736926446236
84		1497.73		0.89202		0.88369		0.80879		0.77027		0.88144		0.82212		0.624
85		1499.2		0.89266		0.88438		0.82429		0.81188		0.84536		0.82828		0.64909
AUC improved at epoch  85 ;	best_auc: 0.892660648469633
86		1500.38		0.89814		0.89215		0.80103		0.76		0.88144		0.81623		0.60978
AUC improved at epoch  86 ;	best_auc: 0.8981357833449068
87		1502.05		0.89691		0.89067		0.81912		0.79808		0.85567		0.82587		0.63985
88		1504.34		0.89709		0.89105		0.81912		0.79245		0.86598		0.82759		0.64093
89		1505.65		0.90599		0.90195		0.80879		0.76786		0.8866		0.82297		0.62498
AUC improved at epoch  89 ;	best_auc: 0.9059879279952994
90		1506.84		0.90847		0.90316		0.85271		0.85128		0.85567		0.85347		0.70543
AUC improved at epoch  90 ;	best_auc: 0.9084717696704236
91		1508.04		0.90481		0.90052		0.82429		0.78378		0.89691		0.83654		0.65535
92		1509.16		0.90575		0.90242		0.83204		0.81159		0.86598		0.83791		0.66553
93		1510.61		0.91445		0.91256		0.83721		0.82587		0.85567		0.84051		0.67483
AUC improved at epoch  93 ;	best_auc: 0.9144543560707228
94		1512.17		0.91427		0.91204		0.82687		0.77974		0.91237		0.84086		0.66332
95		1513.69		0.91149		0.90981		0.84496		0.82843		0.87113		0.84925		0.6908
96		1515.35		0.91371		0.91227		0.85013		0.84		0.86598		0.85279		0.70057
97		1516.59		0.91576		0.91618		0.82429		0.78378		0.89691		0.83654		0.65535
AUC improved at epoch  97 ;	best_auc: 0.9157630468457881
98		1517.79		0.92199		0.92205		0.85271		0.85128		0.85567		0.85347		0.70543
AUC improved at epoch  98 ;	best_auc: 0.9219860050210993
99		1518.94		0.91769		0.91928		0.84238		0.82126		0.87629		0.84788		0.68625
100		1520.19		0.91731		0.91924		0.83463		0.79018		0.91237		0.84689		0.67731
101		1521.48		0.92372		0.92486		0.8553		0.85567		0.85567		0.85567		0.71059
AUC improved at epoch  101 ;	best_auc: 0.923722023396186
102		1522.69		0.92535		0.92696		0.8553		0.845		0.87113		0.85787		0.71091
AUC improved at epoch  102 ;	best_auc: 0.9253512098712675
103		1523.87		0.92118		0.92399		0.82429		0.78125		0.90206		0.83732		0.65638
104		1524.99		0.92324		0.9261		0.8553		0.85204		0.86082		0.85641		0.71062
105		1526.22		0.92562		0.92864		0.84755		0.83582		0.86598		0.85063		0.69552
AUC improved at epoch  105 ;	best_auc: 0.9256182896212809
106		1527.63		0.92775		0.93026		0.83979		0.80556		0.89691		0.84878		0.68393
AUC improved at epoch  106 ;	best_auc: 0.9277549276213878
107		1528.85		0.92914		0.93046		0.85788		0.83575		0.89175		0.86284		0.71733
AUC improved at epoch  107 ;	best_auc: 0.9291437423214571
108		1530.61		0.92917		0.93102		0.83979		0.84021		0.84021		0.84021		0.67958
AUC improved at epoch  108 ;	best_auc: 0.9291704502964585
109		1532.31		0.92733		0.93086		0.83204		0.8		0.8866		0.84108		0.66793
110		1533.77		0.92938		0.93313		0.83463		0.80374		0.8866		0.84314		0.67277
AUC improved at epoch  110 ;	best_auc: 0.9293841140964693
111		1535.21		0.92818		0.93056		0.84755		0.83251		0.87113		0.85139		0.6958
112		1536.98		0.93064		0.93349		0.8553		0.845		0.87113		0.85787		0.71091
AUC improved at epoch  112 ;	best_auc: 0.9306393889215321
113		1538.49		0.93125		0.93518		0.84238		0.8093		0.89691		0.85086		0.68873
AUC improved at epoch  113 ;	best_auc: 0.9312536723465626
114		1539.85		0.93024		0.93498		0.84496		0.835		0.86082		0.84772		0.69023
115		1541.72		0.92928		0.93425		0.83721		0.8134		0.87629		0.84367		0.67639
116		1543.09		0.93497		0.9397		0.84755		0.8169		0.89691		0.85504		0.69839
AUC improved at epoch  116 ;	best_auc: 0.9349660808717483
117		1544.24		0.93542		0.94058		0.85013		0.83663		0.87113		0.85354		0.70082
AUC improved at epoch  117 ;	best_auc: 0.935420116446771
118		1545.45		0.93352		0.93853		0.84755		0.82297		0.8866		0.8536		0.69713
119		1546.67		0.93131		0.93684		0.83463		0.8066		0.88144		0.84236		0.67208
120		1547.79		0.93513		0.94091		0.84496		0.835		0.86082		0.84772		0.69023
121		1548.94		0.93617		0.94335		0.83721		0.80751		0.8866		0.84521		0.67761
AUC improved at epoch  121 ;	best_auc: 0.9361679397468085
122		1550.21		0.93577		0.94244		0.83721		0.82266		0.86082		0.84131		0.67511
123		1551.7		0.9339		0.94011		0.83979		0.82039		0.87113		0.845		0.68084
124		1553.33		0.9323		0.93855		0.83204		0.8209		0.85052		0.83544		0.66448
125		1554.83		0.93646		0.94358		0.85013		0.83663		0.87113		0.85354		0.70082
AUC improved at epoch  125 ;	best_auc: 0.936461727471823
126		1556.32		0.93761		0.94432		0.85013		0.81481		0.90722		0.85854		0.70474
AUC improved at epoch  126 ;	best_auc: 0.9376101703968804
127		1558.19		0.93625		0.94205		0.85013		0.83663		0.87113		0.85354		0.70082
128		1559.76		0.93547		0.94102		0.83721		0.81043		0.88144		0.84444		0.67696
129		1561.15		0.93091		0.93657		0.83979		0.81731		0.87629		0.84577		0.68131
130		1562.44		0.92909		0.93549		0.83979		0.83333		0.85052		0.84184		0.67971
131		1563.58		0.93183		0.93809		0.83463		0.8066		0.88144		0.84236		0.67208
132		1564.7		0.93184		0.93867		0.83463		0.825		0.85052		0.83756		0.66954
133		1565.95		0.9343		0.94095		0.83721		0.82915		0.85052		0.83969		0.67462
134		1567.36		0.93535		0.94176		0.83463		0.8125		0.87113		0.8408		0.67095
135		1568.82		0.93288		0.93988		0.84238		0.83756		0.85052		0.84399		0.68482
136		1570.4		0.93395		0.94045		0.83204		0.8		0.8866		0.84108		0.66793
137		1572.48		0.93649		0.94361		0.84238		0.82126		0.87629		0.84788		0.68625
138		1573.75		0.93804		0.94522		0.84755		0.82609		0.88144		0.85287		0.69661
AUC improved at epoch  138 ;	best_auc: 0.9380374979969018
139		1574.93		0.9363		0.94377		0.84755		0.8169		0.89691		0.85504		0.69839
140		1576.2		0.93192		0.93937		0.84496		0.84184		0.85052		0.84615		0.68995
141		1577.46		0.93056		0.93836		0.82429		0.80583		0.85567		0.83		0.64977
142		1578.71		0.932		0.93954		0.81654		0.77828		0.8866		0.82892		0.6392
143		1579.82		0.93232		0.93942		0.84238		0.82759		0.86598		0.84635		0.68546
144		1580.92		0.93251		0.93942		0.84755		0.8392		0.86082		0.84987		0.6953
145		1582.03		0.93534		0.94217		0.84755		0.82297		0.8866		0.8536		0.69713
146		1583.46		0.93602		0.94291		0.84755		0.81991		0.89175		0.85432		0.69772
147		1584.65		0.93307		0.94131		0.83979		0.82673		0.86082		0.84343		0.68013
148		1586.23		0.93478		0.94293		0.84496		0.82843		0.87113		0.84925		0.6908
149		1587.65		0.93794		0.94482		0.83979		0.81132		0.8866		0.84729		0.68247
150		1589.51		0.93817		0.94498		0.84755		0.83582		0.86598		0.85063		0.69552
AUC improved at epoch  150 ;	best_auc: 0.9381710378719086
151		1590.77		0.93761		0.94503		0.84755		0.84615		0.85052		0.84833		0.69509
152		1591.97		0.93657		0.94416		0.84496		0.82843		0.87113		0.84925		0.6908
153		1593.23		0.93617		0.94329		0.84755		0.8169		0.89691		0.85504		0.69839
154		1594.43		0.93603		0.94263		0.84496		0.81604		0.89175		0.85222		0.69285
155		1595.85		0.93601		0.94266		0.85271		0.83744		0.87629		0.85642		0.70615
156		1597.49		0.93542		0.94168		0.85013		0.84694		0.85567		0.85128		0.70029
157		1599.18		0.93505		0.94174		0.85013		0.83663		0.87113		0.85354		0.70082
158		1600.67		0.93545		0.94271		0.85271		0.83415		0.88144		0.85714		0.70652
159		1601.97		0.93709		0.94517		0.84755		0.83251		0.87113		0.85139		0.6958
160		1603.16		0.9388		0.9473		0.85271		0.8408		0.87113		0.8557		0.70586
AUC improved at epoch  160 ;	best_auc: 0.9387986752844399
161		1604.47		0.94036		0.94905		0.85271		0.83744		0.87629		0.85642		0.70615
AUC improved at epoch  161 ;	best_auc: 0.9403610918220181
162		1606.35		0.94061		0.94913		0.85788		0.83902		0.8866		0.86216		0.71688
AUC improved at epoch  162 ;	best_auc: 0.9406148175845309
163		1607.84		0.93895		0.9472		0.85271		0.83092		0.8866		0.85786		0.70697
164		1609.0		0.93764		0.94596		0.84755		0.82927		0.87629		0.85213		0.69617
165		1610.15		0.93724		0.94527		0.84496		0.82524		0.87629		0.85		0.6912
166		1611.33		0.93629		0.94399		0.84238		0.82439		0.87113		0.84712		0.68582
167		1612.64		0.93686		0.9446		0.84755		0.82297		0.8866		0.8536		0.69713
168		1614.06		0.937		0.9448		0.84238		0.81517		0.8866		0.84938		0.68734
169		1615.61		0.93619		0.94426		0.83721		0.81043		0.88144		0.84444		0.67696
170		1617.18		0.93582		0.94392		0.84238		0.81818		0.88144		0.84864		0.68676
171		1618.83		0.93547		0.94344		0.84238		0.82126		0.87629		0.84788		0.68625
172		1620.36		0.9345		0.94222		0.84238		0.82126		0.87629		0.84788		0.68625
173		1621.9		0.93358		0.9411		0.83979		0.82039		0.87113		0.845		0.68084
174		1623.37		0.93311		0.94066		0.83204		0.81773		0.85567		0.83627		0.66476
175		1624.85		0.93443		0.94218		0.83721		0.81643		0.87113		0.84289		0.67589
176		1626.38		0.9367		0.94481		0.83979		0.81429		0.88144		0.84653		0.68185
177		1627.92		0.93708		0.94536		0.83463		0.80952		0.87629		0.84158		0.67148
178		1629.48		0.9371		0.94578		0.84496		0.82524		0.87629		0.85		0.6912
179		1630.69		0.938		0.94665		0.85013		0.83333		0.87629		0.85427		0.70115
180		1631.94		0.93865		0.94723		0.85013		0.83663		0.87113		0.85354		0.70082
181		1633.12		0.9379		0.94597		0.84755		0.83582		0.86598		0.85063		0.69552
182		1634.24		0.9388		0.94669		0.84496		0.82524		0.87629		0.85		0.6912
183		1635.37		0.94007		0.94816		0.84755		0.82927		0.87629		0.85213		0.69617
184		1636.53		0.94074		0.94918		0.85013		0.8301		0.88144		0.855		0.70156
AUC improved at epoch  184 ;	best_auc: 0.9407350034720368
185		1637.8		0.94011		0.94891		0.85271		0.83415		0.88144		0.85714		0.70652
186		1639.82		0.93945		0.94828		0.85013		0.83333		0.87629		0.85427		0.70115
187		1641.34		0.93845		0.94715		0.85013		0.83333		0.87629		0.85427		0.70115
188		1642.7		0.93793		0.94654		0.83979		0.81731		0.87629		0.84577		0.68131
189		1644.08		0.93784		0.94637		0.83463		0.8125		0.87113		0.8408		0.67095
190		1645.32		0.9383		0.94694		0.83721		0.81643		0.87113		0.84289		0.67589
191		1646.51		0.93897		0.94745		0.83979		0.81731		0.87629		0.84577		0.68131
192		1647.63		0.93933		0.94783		0.84238		0.82126		0.87629		0.84788		0.68625
193		1648.78		0.93953		0.94837		0.84238		0.82439		0.87113		0.84712		0.68582
194		1650.11		0.93973		0.94868		0.84496		0.82524		0.87629		0.85		0.6912
195		1651.82		0.93992		0.9488		0.84496		0.82524		0.87629		0.85		0.6912
196		1653.53		0.93988		0.94868		0.84755		0.82609		0.88144		0.85287		0.69661
197		1655.06		0.93969		0.94842		0.84496		0.82212		0.88144		0.85075		0.69168
198		1656.85		0.9402		0.9488		0.84755		0.82609		0.88144		0.85287		0.69661
199		1658.14		0.94013		0.9487		0.85271		0.8408		0.87113		0.8557		0.70586
200		1659.31		0.93969		0.94799		0.8553		0.84848		0.86598		0.85714		0.71073
201		1660.63		0.93953		0.94801		0.84755		0.8392		0.86082		0.84987		0.6953
202		1661.9		0.93967		0.94828		0.84238		0.83085		0.86082		0.84557		0.68517
203		1663.26		0.93911		0.94813		0.84755		0.83251		0.87113		0.85139		0.6958
204		1664.58		0.93911		0.94821		0.84496		0.82843		0.87113		0.84925		0.6908
205		1665.94		0.93829		0.94756		0.84496		0.82524		0.87629		0.85		0.6912
206		1667.18		0.93829		0.94748		0.84238		0.82439		0.87113		0.84712		0.68582
207		1668.96		0.93817		0.94705		0.84755		0.83251		0.87113		0.85139		0.6958
208		1670.42		0.93709		0.94585		0.84755		0.83251		0.87113		0.85139		0.6958
209		1671.61		0.93562		0.944		0.84496		0.83168		0.86598		0.84848		0.69048
210		1672.82		0.93473		0.94291		0.84496		0.82843		0.87113		0.84925		0.6908
211		1674.05		0.93395		0.94209		0.84496		0.82843		0.87113		0.84925		0.6908
212		1675.6		0.93529		0.94355		0.84755		0.83251		0.87113		0.85139		0.6958
213		1677.3		0.93555		0.94396		0.85788		0.84577		0.87629		0.86076		0.7162
214		1678.65		0.93589		0.94453		0.8553		0.84158		0.87629		0.85859		0.71117
215		1679.81		0.93678		0.94533		0.85271		0.8408		0.87113		0.8557		0.70586
216		1681.4		0.93753		0.94613		0.8553		0.84158		0.87629		0.85859		0.71117
217		1682.98		0.93921		0.94745		0.85013		0.83333		0.87629		0.85427		0.70115
218		1684.29		0.93915		0.94725		0.85271		0.83415		0.88144		0.85714		0.70652
219		1685.8		0.93838		0.94646		0.84238		0.82759		0.86598		0.84635		0.68546
220		1687.4		0.93705		0.94545		0.85013		0.83663		0.87113		0.85354		0.70082
221		1688.99		0.93625		0.94474		0.84755		0.83582		0.86598		0.85063		0.69552
222		1690.47		0.93561		0.94453		0.84238		0.82759		0.86598		0.84635		0.68546
223		1692.17		0.93637		0.94516		0.84238		0.82759		0.86598		0.84635		0.68546
224		1693.52		0.93734		0.94593		0.83721		0.82266		0.86082		0.84131		0.67511
225		1695.06		0.93689		0.94546		0.83721		0.82266		0.86082		0.84131		0.67511
226		1696.48		0.937		0.94555		0.83463		0.81863		0.86082		0.8392		0.6701
227		1697.79		0.93678		0.9456		0.83463		0.81863		0.86082		0.8392		0.6701
228		1698.97		0.93681		0.94569		0.82946		0.81373		0.85567		0.83417		0.65975
229		1700.93		0.9366		0.94562		0.83463		0.81863		0.86082		0.8392		0.6701
230		1702.02		0.93648		0.94549		0.83463		0.81863		0.86082		0.8392		0.6701
231		1703.14		0.93617		0.94544		0.83979		0.82673		0.86082		0.84343		0.68013
232		1704.26		0.93595		0.94546		0.84496		0.835		0.86082		0.84772		0.69023
233		1705.69		0.93537		0.94503		0.84755		0.8392		0.86082		0.84987		0.6953
234		1706.93		0.93521		0.94491		0.85013		0.84343		0.86082		0.85204		0.70039
235		1708.32		0.93644		0.94575		0.84755		0.8392		0.86082		0.84987		0.6953
236		1709.57		0.93673		0.94594		0.84755		0.8392		0.86082		0.84987		0.6953
237		1711.14		0.93724		0.94628		0.84755		0.8392		0.86082		0.84987		0.6953
238		1712.36		0.93756		0.94643		0.84496		0.83838		0.85567		0.84694		0.69005
239		1713.74		0.93765		0.94663		0.84496		0.83838		0.85567		0.84694		0.69005
240		1715.24		0.93726		0.94637		0.84755		0.84974		0.84536		0.84755		0.6951
241		1717.08		0.93673		0.94591		0.85013		0.85417		0.84536		0.84974		0.7003
242		1718.68		0.93613		0.94525		0.84496		0.84184		0.85052		0.84615		0.68995
243		1720.18		0.93622		0.94494		0.83721		0.82587		0.85567		0.84051		0.67483
244		1721.75		0.93662		0.94518		0.82687		0.80383		0.86598		0.83375		0.65565
245		1723.02		0.93766		0.94631		0.83463		0.81553		0.86598		0.84		0.67049
246		1724.38		0.9386		0.94704		0.83979		0.82673		0.86082		0.84343		0.68013
247		1725.55		0.93919		0.94745		0.83979		0.82673		0.86082		0.84343		0.68013
248		1726.84		0.93991		0.94809		0.85271		0.8408		0.87113		0.8557		0.70586
249		1728.46		0.94023		0.9483		0.8553		0.84158		0.87629		0.85859		0.71117
250		1730.31		0.94092		0.94872		0.85271		0.83415		0.88144		0.85714		0.70652
AUC improved at epoch  250 ;	best_auc: 0.9409219592970461
251		1731.83		0.9409		0.94887		0.84238		0.82126		0.87629		0.84788		0.68625
252		1733.02		0.94049		0.94847		0.83979		0.81429		0.88144		0.84653		0.68185
253		1734.33		0.93959		0.94767		0.83204		0.81159		0.86598		0.83791		0.66553
254		1735.79		0.93916		0.94735		0.84238		0.82759		0.86598		0.84635		0.68546
255		1737.58		0.93869		0.94697		0.85013		0.84		0.86598		0.85279		0.70057
256		1738.95		0.93828		0.94662		0.84755		0.83582		0.86598		0.85063		0.69552
257		1740.1		0.93814		0.94651		0.84496		0.83168		0.86598		0.84848		0.69048
258		1741.25		0.93806		0.94648		0.84238		0.82759		0.86598		0.84635		0.68546
259		1742.67		0.93856		0.94698		0.83979		0.82039		0.87113		0.845		0.68084
260		1744.34		0.93869		0.94698		0.83979		0.82039		0.87113		0.845		0.68084
261		1745.79		0.93876		0.94707		0.83721		0.81951		0.86598		0.84211		0.67546
262		1746.97		0.93852		0.94693		0.84238		0.83085		0.86082		0.84557		0.68517
263		1748.37		0.93798		0.94673		0.83979		0.83		0.85567		0.84264		0.67989
264		1750.28		0.93768		0.94639		0.83721		0.82915		0.85052		0.83969		0.67462
265		1751.57		0.93758		0.94662		0.83979		0.83333		0.85052		0.84184		0.67971
266		1752.93		0.93744		0.94669		0.83721		0.83249		0.84536		0.83887		0.67448
267		1754.2		0.93766		0.94678		0.83463		0.82828		0.84536		0.83673		0.66937
268		1755.51		0.93748		0.94657		0.83463		0.82828		0.84536		0.83673		0.66937
269		1757.37		0.93706		0.94595		0.83204		0.81463		0.86082		0.83709		0.66511
270		1758.71		0.93645		0.94506		0.83463		0.8125		0.87113		0.8408		0.67095
271		1760.04		0.9368		0.94526		0.83463		0.81553		0.86598		0.84		0.67049
272		1761.18		0.93706		0.9454		0.83721		0.81951		0.86598		0.84211		0.67546
273		1762.4		0.93737		0.94567		0.84755		0.8392		0.86082		0.84987		0.6953
274		1763.71		0.9374		0.94562		0.8553		0.85204		0.86082		0.85641		0.71062
275		1764.99		0.93717		0.94533		0.85271		0.85128		0.85567		0.85347		0.70543
276		1766.23		0.93736		0.94559		0.85271		0.8408		0.87113		0.8557		0.70586
277		1767.55		0.93736		0.94555		0.85271		0.83744		0.87629		0.85642		0.70615
278		1769.1		0.9371		0.94548		0.84755		0.82927		0.87629		0.85213		0.69617
279		1770.85		0.93696		0.9458		0.84755		0.82609		0.88144		0.85287		0.69661
280		1772.39		0.9369		0.94596		0.84755		0.83251		0.87113		0.85139		0.6958
281		1773.79		0.93662		0.94607		0.85013		0.84		0.86598		0.85279		0.70057
282		1775.26		0.9366		0.94618		0.84755		0.8392		0.86082		0.84987		0.6953
283		1777.0		0.9372		0.94665		0.85013		0.84		0.86598		0.85279		0.70057
284		1778.64		0.9381		0.94732		0.84755		0.83582		0.86598		0.85063		0.69552
285		1779.77		0.93828		0.94751		0.84496		0.83168		0.86598		0.84848		0.69048
286		1781.23		0.9382		0.94751		0.83979		0.82673		0.86082		0.84343		0.68013
287		1782.42		0.93789		0.94701		0.83979		0.82673		0.86082		0.84343		0.68013
288		1783.96		0.93722		0.94618		0.84496		0.83168		0.86598		0.84848		0.69048
289		1785.32		0.93673		0.94585		0.83979		0.82673		0.86082		0.84343		0.68013
290		1787.02		0.93684		0.94598		0.83721		0.82266		0.86082		0.84131		0.67511
291		1788.26		0.93666		0.94588		0.83979		0.82673		0.86082		0.84343		0.68013
292		1789.45		0.93617		0.94542		0.83979		0.82673		0.86082		0.84343		0.68013
293		1790.58		0.93652		0.94572		0.84238		0.83085		0.86082		0.84557		0.68517
294		1792.19		0.9371		0.94631		0.84496		0.82843		0.87113		0.84925		0.6908
295		1793.78		0.93745		0.94666		0.84496		0.82524		0.87629		0.85		0.6912
296		1795.52		0.93726		0.94639		0.84238		0.82439		0.87113		0.84712		0.68582
297		1796.94		0.93733		0.9463		0.84238		0.82759		0.86598		0.84635		0.68546
298		1798.46		0.93657		0.94553		0.84755		0.82927		0.87629		0.85213		0.69617
299		1800.07		0.93601		0.94495		0.84496		0.83168		0.86598		0.84848		0.69048
300		1801.62		0.93537		0.94446		0.84496		0.83168		0.86598		0.84848		0.69048
301		1802.91		0.93523		0.94465		0.84238		0.82759		0.86598		0.84635		0.68546
302		1804.31		0.93525		0.94507		0.83463		0.81863		0.86082		0.8392		0.6701
303		1806.18		0.93537		0.94525		0.83463		0.81553		0.86598		0.84		0.67049
304		1807.46		0.9357		0.94541		0.83979		0.82039		0.87113		0.845		0.68084
305		1808.6		0.93623		0.94578		0.83721		0.81951		0.86598		0.84211		0.67546
306		1809.82		0.9367		0.94608		0.83721		0.81951		0.86598		0.84211		0.67546
307		1811.17		0.93676		0.94623		0.83463		0.81863		0.86082		0.8392		0.6701
308		1813.14		0.93621		0.94559		0.83721		0.82587		0.85567		0.84051		0.67483
309		1814.38		0.9359		0.94521		0.84238		0.83085		0.86082		0.84557		0.68517
310		1815.6		0.93469		0.94386		0.83721		0.82266		0.86082		0.84131		0.67511
311		1817.11		0.93441		0.94362		0.83721		0.81951		0.86598		0.84211		0.67546
312		1818.43		0.93383		0.94317		0.83463		0.81553		0.86598		0.84		0.67049
313		1819.76		0.93407		0.94362		0.83463		0.8125		0.87113		0.8408		0.67095
314		1821.05		0.93541		0.94512		0.83979		0.82353		0.86598		0.84422		0.68045
315		1822.32		0.93626		0.94602		0.84238		0.83085		0.86082		0.84557		0.68517
316		1823.78		0.93668		0.94629		0.84238		0.83417		0.85567		0.84478		0.68496
317		1825.45		0.93733		0.94677		0.83979		0.83333		0.85052		0.84184		0.67971
318		1827.05		0.93772		0.94692		0.84496		0.83838		0.85567		0.84694		0.69005
319		1828.29		0.93792		0.94666		0.84755		0.83251		0.87113		0.85139		0.6958
320		1829.82		0.93718		0.94579		0.84238		0.82759		0.86598		0.84635		0.68546
321		1831.6		0.93692		0.9455		0.84238		0.82759		0.86598		0.84635		0.68546
322		1832.77		0.93668		0.94514		0.84496		0.82843		0.87113		0.84925		0.6908
323		1833.95		0.93658		0.94499		0.83979		0.82353		0.86598		0.84422		0.68045
324		1835.1		0.93611		0.945		0.84238		0.82759		0.86598		0.84635		0.68546
325		1836.36		0.93635		0.94543		0.83979		0.82353		0.86598		0.84422		0.68045
326		1838.1		0.9374		0.94655		0.84238		0.83085		0.86082		0.84557		0.68517
327		1839.7		0.93806		0.94697		0.85013		0.83663		0.87113		0.85354		0.70082
328		1841.13		0.93892		0.94778		0.84496		0.83168		0.86598		0.84848		0.69048
329		1842.46		0.93863		0.94745		0.84238		0.83417		0.85567		0.84478		0.68496
330		1843.57		0.9386		0.9473		0.83979		0.83		0.85567		0.84264		0.67989
331		1844.73		0.93832		0.94676		0.84755		0.83251		0.87113		0.85139		0.6958
332		1846.01		0.93796		0.94619		0.84496		0.83168		0.86598		0.84848		0.69048
333		1847.77		0.93769		0.94599		0.84496		0.83168		0.86598		0.84848		0.69048
334		1849.07		0.93737		0.94604		0.85013		0.84		0.86598		0.85279		0.70057
335		1850.19		0.93726		0.94635		0.84755		0.83582		0.86598		0.85063		0.69552
336		1851.96		0.93641		0.94533		0.84755		0.8392		0.86082		0.84987		0.6953
337		1853.45		0.93607		0.94493		0.84755		0.8392		0.86082		0.84987		0.6953
338		1854.7		0.93713		0.94552		0.84755		0.83582		0.86598		0.85063		0.69552
339		1855.87		0.93754		0.94565		0.83979		0.83		0.85567		0.84264		0.67989
340		1857.04		0.93748		0.94557		0.84238		0.83085		0.86082		0.84557		0.68517
341		1858.36		0.93728		0.9453		0.85013		0.84343		0.86082		0.85204		0.70039
342		1860.18		0.9367		0.945		0.84755		0.8392		0.86082		0.84987		0.6953
343		1861.46		0.93694		0.94526		0.84755		0.83582		0.86598		0.85063		0.69552
344		1862.66		0.93725		0.94583		0.84496		0.82843		0.87113		0.84925		0.6908
345		1864.32		0.9375		0.94606		0.84238		0.82439		0.87113		0.84712		0.68582
346		1866.09		0.93726		0.94602		0.83721		0.81951		0.86598		0.84211		0.67546
347		1867.56		0.93713		0.94615		0.83979		0.82353		0.86598		0.84422		0.68045
348		1868.78		0.93721		0.94643		0.83979		0.82673		0.86082		0.84343		0.68013
349		1870.02		0.937		0.94637		0.83979		0.83333		0.85052		0.84184		0.67971
350		1871.35		0.93732		0.94679		0.84755		0.84264		0.85567		0.8491		0.69516
351		1872.61		0.93742		0.94687		0.84755		0.83582		0.86598		0.85063		0.69552
352		1873.88		0.93746		0.94691		0.83721		0.81643		0.87113		0.84289		0.67589
353		1875.17		0.93744		0.94701		0.83979		0.82039		0.87113		0.845		0.68084
354		1876.37		0.93742		0.94681		0.84238		0.82439		0.87113		0.84712		0.68582
355		1877.88		0.93742		0.94671		0.85013		0.84		0.86598		0.85279		0.70057
356		1879.75		0.93709		0.94635		0.85271		0.84772		0.86082		0.85422		0.7055
357		1881.16		0.93713		0.94645		0.85013		0.84694		0.85567		0.85128		0.70029
358		1882.48		0.93766		0.94668		0.85013		0.85052		0.85052		0.85052		0.70026
359		1884.32		0.93854		0.94725		0.85271		0.84422		0.86598		0.85496		0.70564
360		1886.0		0.93797		0.94663		0.85271		0.83415		0.88144		0.85714		0.70652
361		1887.34		0.93726		0.94615		0.84755		0.82927		0.87629		0.85213		0.69617
362		1889.28		0.93558		0.94519		0.83979		0.83		0.85567		0.84264		0.67989
363		1890.43		0.93394		0.94413		0.83979		0.83673		0.84536		0.84103		0.67961
364		1891.61		0.93427		0.94459		0.83979		0.83673		0.84536		0.84103		0.67961
365		1892.89		0.93622		0.94538		0.84238		0.82759		0.86598		0.84635		0.68546
366		1894.03		0.93565		0.94439		0.84238		0.81517		0.8866		0.84938		0.68734
367		1895.16		0.93772		0.94649		0.83979		0.82673		0.86082		0.84343		0.68013
368		1896.33		0.93716		0.94637		0.83979		0.83333		0.85052		0.84184		0.67971
369		1897.94		0.93513		0.94486		0.84496		0.84184		0.85052		0.84615		0.68995
370		1899.5		0.93569		0.94495		0.83463		0.825		0.85052		0.83756		0.66954
371		1901.03		0.93724		0.94595		0.83463		0.8125		0.87113		0.8408		0.67095
372		1902.29		0.93804		0.94663		0.82687		0.80095		0.87113		0.83457		0.6562
373		1903.7		0.93766		0.94607		0.83463		0.81553		0.86598		0.84		0.67049
374		1905.34		0.93797		0.94648		0.84238		0.83085		0.86082		0.84557		0.68517
375		1906.94		0.93798		0.94656		0.85271		0.84772		0.86082		0.85422		0.7055
376		1909.19		0.93793		0.94694		0.84496		0.84184		0.85052		0.84615		0.68995
377		1910.69		0.93828		0.94762		0.85013		0.84343		0.86082		0.85204		0.70039
378		1912.26		0.93833		0.94797		0.84755		0.83582		0.86598		0.85063		0.69552
379		1913.52		0.93745		0.94718		0.83721		0.81643		0.87113		0.84289		0.67589
380		1914.65		0.93754		0.94709		0.83721		0.8134		0.87629		0.84367		0.67639
381		1915.95		0.93641		0.94547		0.84496		0.82843		0.87113		0.84925		0.6908
382		1917.05		0.93633		0.94508		0.84496		0.835		0.86082		0.84772		0.69023
383		1918.15		0.93745		0.94595		0.84496		0.83838		0.85567		0.84694		0.69005
384		1919.26		0.93836		0.94649		0.84755		0.84264		0.85567		0.8491		0.69516
385		1920.37		0.93869		0.94658		0.84238		0.83417		0.85567		0.84478		0.68496
386		1921.67		0.93836		0.94599		0.84496		0.83838		0.85567		0.84694		0.69005
387		1922.8		0.93801		0.94577		0.83721		0.82587		0.85567		0.84051		0.67483
388		1923.97		0.9378		0.94599		0.83721		0.82266		0.86082		0.84131		0.67511
389		1925.18		0.93765		0.94615		0.83979		0.82353		0.86598		0.84422		0.68045
390		1926.5		0.93748		0.94609		0.83979		0.82673		0.86082		0.84343		0.68013
391		1927.69		0.93813		0.9468		0.84238		0.83085		0.86082		0.84557		0.68517
392		1928.83		0.93777		0.94605		0.84238		0.83085		0.86082		0.84557		0.68517
393		1930.16		0.93772		0.9458		0.84496		0.83168		0.86598		0.84848		0.69048
394		1932.03		0.93748		0.9454		0.84755		0.82927		0.87629		0.85213		0.69617
395		1933.61		0.93649		0.94445		0.84238		0.82439		0.87113		0.84712		0.68582
396		1935.03		0.93529		0.94341		0.84238		0.82759		0.86598		0.84635		0.68546
397		1936.3		0.93449		0.94299		0.83979		0.82673		0.86082		0.84343		0.68013
398		1938.19		0.93347		0.94238		0.84238		0.83085		0.86082		0.84557		0.68517
399		1940.14		0.93332		0.94241		0.83979		0.83		0.85567		0.84264		0.67989
400		1941.41		0.9339		0.9431		0.84238		0.83085		0.86082		0.84557		0.68517
401		1942.58		0.93489		0.94414		0.84496		0.83168		0.86598		0.84848		0.69048
402		1943.7		0.93489		0.94409		0.84238		0.82759		0.86598		0.84635		0.68546
403		1944.84		0.9353		0.94444		0.84238		0.82759		0.86598		0.84635		0.68546
404		1946.1		0.9363		0.94507		0.84238		0.83085		0.86082		0.84557		0.68517
405		1947.21		0.93726		0.94553		0.83979		0.82673		0.86082		0.84343		0.68013
406		1948.41		0.93764		0.94566		0.84496		0.83838		0.85567		0.84694		0.69005
407		1949.51		0.93822		0.9463		0.84496		0.835		0.86082		0.84772		0.69023
408		1950.8		0.93802		0.946		0.83721		0.82587		0.85567		0.84051		0.67483
409		1952.35		0.93824		0.94639		0.83979		0.82673		0.86082		0.84343		0.68013
410		1953.86		0.93774		0.94588		0.83979		0.82039		0.87113		0.845		0.68084
411		1955.35		0.93702		0.94544		0.83721		0.81643		0.87113		0.84289		0.67589
412		1956.49		0.9365		0.94502		0.83979		0.81731		0.87629		0.84577		0.68131
413		1958.02		0.93606		0.94511		0.83204		0.81463		0.86082		0.83709		0.66511
414		1959.76		0.93533		0.9447		0.83721		0.82587		0.85567		0.84051		0.67483
415		1961.08		0.93518		0.94472		0.84238		0.83417		0.85567		0.84478		0.68496
416		1962.3		0.93563		0.9449		0.84238		0.83417		0.85567		0.84478		0.68496
417		1964.54		0.93619		0.94524		0.83979		0.83		0.85567		0.84264		0.67989
418		1966.42		0.93614		0.94501		0.83979		0.82353		0.86598		0.84422		0.68045
419		1967.82		0.93571		0.94447		0.84755		0.82927		0.87629		0.85213		0.69617
420		1969.11		0.93569		0.94437		0.84496		0.83168		0.86598		0.84848		0.69048
421		1970.34		0.93558		0.94413		0.84755		0.8392		0.86082		0.84987		0.6953
422		1971.56		0.93506		0.94357		0.84496		0.84184		0.85052		0.84615		0.68995
423		1972.92		0.93505		0.9436		0.85013		0.85052		0.85052		0.85052		0.70026
424		1974.27		0.93529		0.94384		0.8553		0.85938		0.85052		0.85492		0.71064
425		1975.38		0.93562		0.9441		0.84755		0.84615		0.85052		0.84833		0.69509
426		1976.64		0.93657		0.945		0.85271		0.84422		0.86598		0.85496		0.70564
427		1977.88		0.93729		0.94558		0.84755		0.83251		0.87113		0.85139		0.6958
428		1979.44		0.93777		0.94604		0.84496		0.82524		0.87629		0.85		0.6912
429		1981.22		0.93785		0.94631		0.84496		0.82843		0.87113		0.84925		0.6908
430		1982.55		0.9376		0.9459		0.83979		0.83		0.85567		0.84264		0.67989
431		1983.73		0.93708		0.94547		0.83979		0.83333		0.85052		0.84184		0.67971
432		1984.86		0.93646		0.94475		0.84238		0.84103		0.84536		0.84319		0.68476
433		1986.0		0.93593		0.94444		0.83721		0.83249		0.84536		0.83887		0.67448
434		1987.17		0.93574		0.94416		0.83721		0.82587		0.85567		0.84051		0.67483
435		1989.11		0.93525		0.94398		0.83979		0.82353		0.86598		0.84422		0.68045
436		1990.86		0.93457		0.94343		0.83721		0.81951		0.86598		0.84211		0.67546
437		1992.64		0.93408		0.94312		0.83979		0.82673		0.86082		0.84343		0.68013
438		1994.15		0.9334		0.94253		0.83463		0.825		0.85052		0.83756		0.66954
439		1995.49		0.93336		0.94246		0.83979		0.83333		0.85052		0.84184		0.67971
440		1996.69		0.93379		0.94279		0.83721		0.82915		0.85052		0.83969		0.67462
441		1998.03		0.93427		0.9432		0.83463		0.825		0.85052		0.83756		0.66954
442		1999.17		0.93467		0.94347		0.83721		0.82915		0.85052		0.83969		0.67462
443		2000.63		0.93529		0.94405		0.83979		0.83333		0.85052		0.84184		0.67971
444		2002.01		0.93587		0.94465		0.84238		0.83756		0.85052		0.84399		0.68482
445		2003.3		0.93607		0.94488		0.84238		0.83756		0.85052		0.84399		0.68482
446		2005.01		0.93598		0.94478		0.84496		0.83838		0.85567		0.84694		0.69005
447		2006.75		0.93589		0.9447		0.84755		0.8392		0.86082		0.84987		0.6953
448		2008.13		0.93611		0.94476		0.84755		0.8392		0.86082		0.84987		0.6953
449		2009.57		0.93633		0.94491		0.84496		0.83838		0.85567		0.84694		0.69005
450		2011.23		0.93617		0.9446		0.84496		0.83838		0.85567		0.84694		0.69005
451		2012.87		0.93555		0.94406		0.84496		0.835		0.86082		0.84772		0.69023
452		2014.5		0.93545		0.9439		0.84496		0.835		0.86082		0.84772		0.69023
453		2015.86		0.93531		0.94409		0.84496		0.835		0.86082		0.84772		0.69023
454		2017.28		0.93561		0.94453		0.84238		0.83417		0.85567		0.84478		0.68496
455		2018.6		0.93664		0.94551		0.84496		0.83838		0.85567		0.84694		0.69005
456		2020.55		0.93686		0.9458		0.84496		0.83838		0.85567		0.84694		0.69005
457		2021.87		0.9368		0.94566		0.84496		0.835		0.86082		0.84772		0.69023
458		2023.15		0.93734		0.94601		0.84496		0.83168		0.86598		0.84848		0.69048
459		2024.55		0.93686		0.94553		0.83979		0.82353		0.86598		0.84422		0.68045
460		2026.31		0.93641		0.94491		0.83721		0.82266		0.86082		0.84131		0.67511
461		2027.84		0.93527		0.94377		0.83979		0.82353		0.86598		0.84422		0.68045
462		2029.05		0.93433		0.94278		0.84238		0.83085		0.86082		0.84557		0.68517
463		2030.26		0.9342		0.94263		0.85013		0.84343		0.86082		0.85204		0.70039
464		2031.45		0.93467		0.9429		0.84238		0.83756		0.85052		0.84399		0.68482
465		2032.79		0.93569		0.94394		0.83721		0.82915		0.85052		0.83969		0.67462
466		2034.37		0.93613		0.94469		0.84496		0.835		0.86082		0.84772		0.69023
467		2035.6		0.93638		0.94523		0.84238		0.83085		0.86082		0.84557		0.68517
468		2036.83		0.93597		0.9451		0.83979		0.83333		0.85052		0.84184		0.67971
469		2038.88		0.93519		0.94463		0.83721		0.83249		0.84536		0.83887		0.67448
470		2040.04		0.93403		0.94392		0.83979		0.83673		0.84536		0.84103		0.67961
471		2041.23		0.93291		0.9428		0.83721		0.82915		0.85052		0.83969		0.67462
472		2042.37		0.93331		0.94302		0.83463		0.82178		0.85567		0.83838		0.66979
473		2043.5		0.93478		0.94427		0.83721		0.82587		0.85567		0.84051		0.67483
474		2044.86		0.93706		0.94616		0.83463		0.825		0.85052		0.83756		0.66954
475		2046.03		0.93809		0.94714		0.83721		0.83249		0.84536		0.83887		0.67448
476		2047.82		0.93797		0.94696		0.83463		0.83163		0.84021		0.8359		0.66928
477		2049.55		0.9375		0.94661		0.83721		0.82587		0.85567		0.84051		0.67483
478		2050.89		0.9373		0.94648		0.83463		0.82178		0.85567		0.83838		0.66979
479		2052.28		0.93649		0.94589		0.83979		0.83		0.85567		0.84264		0.67989
480		2053.73		0.93513		0.94486		0.83721		0.83249		0.84536		0.83887		0.67448
481		2055.21		0.93441		0.94433		0.84238		0.84103		0.84536		0.84319		0.68476
482		2056.82		0.93534		0.94514		0.83463		0.82828		0.84536		0.83673		0.66937
483		2058.78		0.93657		0.94612		0.83721		0.82915		0.85052		0.83969		0.67462
484		2060.24		0.93766		0.94718		0.83721		0.82915		0.85052		0.83969		0.67462
485		2061.44		0.93777		0.94729		0.84496		0.83168		0.86598		0.84848		0.69048
486		2062.62		0.93786		0.94748		0.84238		0.83417		0.85567		0.84478		0.68496
487		2063.9		0.93798		0.94738		0.84496		0.84184		0.85052		0.84615		0.68995
488		2065.06		0.93748		0.94679		0.84755		0.84615		0.85052		0.84833		0.69509
489		2066.22		0.93566		0.94526		0.84496		0.84184		0.85052		0.84615		0.68995
490		2067.39		0.93577		0.94541		0.84238		0.83756		0.85052		0.84399		0.68482
491		2068.55		0.93531		0.94521		0.84755		0.8392		0.86082		0.84987		0.6953
492		2070.09		0.93414		0.94443		0.84238		0.83417		0.85567		0.84478		0.68496
493		2071.7		0.93352		0.94394		0.84238		0.83417		0.85567		0.84478		0.68496
494		2073.16		0.93366		0.94406		0.84496		0.835		0.86082		0.84772		0.69023
495		2074.53		0.93374		0.94384		0.84496		0.835		0.86082		0.84772		0.69023
496		2076.19		0.93419		0.94413		0.83721		0.81951		0.86598		0.84211		0.67546
497		2077.64		0.93454		0.94412		0.83979		0.82353		0.86598		0.84422		0.68045
498		2079.09		0.93443		0.94384		0.84238		0.83085		0.86082		0.84557		0.68517
499		2080.42		0.9347		0.94403		0.83979		0.83333		0.85052		0.84184		0.67971
500		2081.94		0.93481		0.94432		0.83979		0.83		0.85567		0.84264		0.67989
501		2083.4		0.93403		0.9439		0.84238		0.83417		0.85567		0.84478		0.68496
502		2084.9		0.93392		0.94344		0.83721		0.82587		0.85567		0.84051		0.67483
503		2086.27		0.93465		0.94383		0.83721		0.82587		0.85567		0.84051		0.67483
504		2087.63		0.93571		0.9448		0.83979		0.82039		0.87113		0.845		0.68084
505		2089.11		0.93708		0.94585		0.83979		0.82353		0.86598		0.84422		0.68045
506		2090.68		0.93792		0.94641		0.84496		0.835		0.86082		0.84772		0.69023
507		2092.05		0.938		0.94642		0.85013		0.84694		0.85567		0.85128		0.70029
508		2093.82		0.93773		0.94605		0.84755		0.84974		0.84536		0.84755		0.6951
509		2095.61		0.93806		0.94636		0.84755		0.84264		0.85567		0.8491		0.69516
510		2096.75		0.93774		0.94596		0.83721		0.82587		0.85567		0.84051		0.67483
511		2097.95		0.9372		0.94561		0.83979		0.82353		0.86598		0.84422		0.68045
512		2099.15		0.93713		0.94573		0.84238		0.83756		0.85052		0.84399		0.68482
513		2100.4		0.93625		0.94512		0.85013		0.85417		0.84536		0.84974		0.7003
514		2101.52		0.93634		0.94524		0.85013		0.85417		0.84536		0.84974		0.7003
515		2102.66		0.93606		0.94499		0.84496		0.83838		0.85567		0.84694		0.69005
516		2103.83		0.93587		0.94478		0.83721		0.81951		0.86598		0.84211		0.67546
517		2105.05		0.93589		0.94498		0.83463		0.81863		0.86082		0.8392		0.6701
518		2106.21		0.93454		0.94388		0.83204		0.82412		0.84536		0.83461		0.66428
519		2107.35		0.9341		0.94327		0.83463		0.825		0.85052		0.83756		0.66954
520		2108.54		0.93475		0.94365		0.83204		0.82412		0.84536		0.83461		0.66428
521		2109.86		0.93631		0.94495		0.83721		0.82915		0.85052		0.83969		0.67462
522		2110.99		0.93785		0.94626		0.84238		0.83085		0.86082		0.84557		0.68517
523		2112.13		0.93897		0.9471		0.84755		0.83582		0.86598		0.85063		0.69552
524		2114.0		0.93972		0.94774		0.84496		0.835		0.86082		0.84772		0.69023
525		2115.29		0.93957		0.94752		0.83979		0.83333		0.85052		0.84184		0.67971
526		2117.33		0.93777		0.94593		0.84238		0.83756		0.85052		0.84399		0.68482
527		2118.82		0.93635		0.9446		0.84496		0.835		0.86082		0.84772		0.69023
528		2120.51		0.93542		0.94371		0.83979		0.83333		0.85052		0.84184		0.67971
529		2121.85		0.93465		0.943		0.84238		0.83756		0.85052		0.84399		0.68482
530		2123.2		0.93387		0.94249		0.84755		0.84615		0.85052		0.84833		0.69509
531		2124.4		0.93487		0.94361		0.84496		0.84536		0.84536		0.84536		0.68992
532		2125.52		0.93525		0.94409		0.84496		0.84536		0.84536		0.84536		0.68992
533		2126.62		0.93603		0.94469		0.84238		0.84103		0.84536		0.84319		0.68476
534		2127.82		0.93665		0.94525		0.84238		0.84103		0.84536		0.84319		0.68476
535		2129.13		0.93713		0.9457		0.84238		0.83756		0.85052		0.84399		0.68482
536		2130.54		0.937		0.94548		0.84238		0.83417		0.85567		0.84478		0.68496
537		2132.18		0.93665		0.9453		0.83979		0.83		0.85567		0.84264		0.67989
538		2133.72		0.93606		0.94469		0.83721		0.82587		0.85567		0.84051		0.67483
539		2135.37		0.9359		0.94457		0.83463		0.825		0.85052		0.83756		0.66954
540		2137.1		0.9361		0.9446		0.83979		0.83		0.85567		0.84264		0.67989
541		2138.27		0.93664		0.94506		0.83721		0.82587		0.85567		0.84051		0.67483
542		2139.43		0.93674		0.94501		0.83721		0.82587		0.85567		0.84051		0.67483
543		2140.58		0.93713		0.94517		0.83979		0.83		0.85567		0.84264		0.67989
544		2141.92		0.93716		0.94546		0.83979		0.83		0.85567		0.84264		0.67989
545		2143.55		0.93745		0.94585		0.83979		0.83		0.85567		0.84264		0.67989
546		2145.46		0.93722		0.94535		0.83979		0.83333		0.85052		0.84184		0.67971
547		2147.01		0.93776		0.94568		0.83721		0.82915		0.85052		0.83969		0.67462
548		2148.81		0.93753		0.94534		0.83979		0.83		0.85567		0.84264		0.67989
549		2149.99		0.93741		0.94526		0.83979		0.83		0.85567		0.84264		0.67989
550		2151.13		0.93769		0.94568		0.84238		0.83417		0.85567		0.84478		0.68496
551		2152.34		0.93702		0.94493		0.84238		0.83417		0.85567		0.84478		0.68496
552		2153.47		0.93633		0.94424		0.85013		0.84343		0.86082		0.85204		0.70039
553		2154.72		0.93601		0.9438		0.85013		0.84343		0.86082		0.85204		0.70039
554		2156.55		0.93573		0.94353		0.84496		0.83838		0.85567		0.84694		0.69005
555		2157.81		0.93486		0.94298		0.84238		0.83085		0.86082		0.84557		0.68517
556		2158.94		0.93455		0.94277		0.83979		0.83		0.85567		0.84264		0.67989
557		2160.23		0.93441		0.94264		0.83979		0.83		0.85567		0.84264		0.67989
558		2161.34		0.93515		0.94352		0.83979		0.83		0.85567		0.84264		0.67989
559		2162.55		0.93569		0.94396		0.83979		0.83		0.85567		0.84264		0.67989
560		2163.77		0.93625		0.94437		0.83463		0.82178		0.85567		0.83838		0.66979
561		2164.95		0.93661		0.94491		0.83979		0.83		0.85567		0.84264		0.67989
562		2166.2		0.93718		0.94551		0.84238		0.83417		0.85567		0.84478		0.68496
563		2167.3		0.93733		0.94571		0.84496		0.835		0.86082		0.84772		0.69023
564		2168.39		0.93724		0.94566		0.84496		0.835		0.86082		0.84772		0.69023
565		2169.5		0.9372		0.94578		0.84755		0.8392		0.86082		0.84987		0.6953
566		2171.12		0.93686		0.9456		0.84496		0.83838		0.85567		0.84694		0.69005
567		2173.18		0.93638		0.94513		0.84238		0.83756		0.85052		0.84399		0.68482
568		2174.88		0.93652		0.94546		0.84238		0.83085		0.86082		0.84557		0.68517
569		2175.99		0.93566		0.94472		0.83979		0.83		0.85567		0.84264		0.67989
570		2177.91		0.93531		0.94443		0.83721		0.82915		0.85052		0.83969		0.67462
571		2179.11		0.9357		0.94478		0.83979		0.83673		0.84536		0.84103		0.67961
572		2180.24		0.93662		0.94566		0.84238		0.84103		0.84536		0.84319		0.68476
573		2181.46		0.93732		0.94621		0.83979		0.83333		0.85052		0.84184		0.67971
574		2182.64		0.93713		0.94598		0.84238		0.83417		0.85567		0.84478		0.68496
575		2184.02		0.93722		0.94598		0.84238		0.83417		0.85567		0.84478		0.68496
576		2185.34		0.9371		0.94582		0.84496		0.835		0.86082		0.84772		0.69023
577		2186.52		0.93649		0.94518		0.84238		0.83085		0.86082		0.84557		0.68517
578		2188.15		0.93641		0.94485		0.83721		0.82915		0.85052		0.83969		0.67462
579		2189.83		0.93595		0.94446		0.83721		0.82915		0.85052		0.83969		0.67462
580		2190.98		0.93585		0.94443		0.83721		0.82915		0.85052		0.83969		0.67462
581		2192.16		0.93574		0.94401		0.83463		0.825		0.85052		0.83756		0.66954
582		2193.28		0.93593		0.94406		0.83721		0.82915		0.85052		0.83969		0.67462
583		2194.51		0.93598		0.94413		0.83721		0.82915		0.85052		0.83969		0.67462
584		2195.62		0.93587		0.94424		0.83721		0.82915		0.85052		0.83969		0.67462
585		2196.92		0.93535		0.94373		0.83721		0.82915		0.85052		0.83969		0.67462
586		2198.57		0.93478		0.94347		0.83979		0.83333		0.85052		0.84184		0.67971
587		2200.26		0.93475		0.94367		0.83979		0.83333		0.85052		0.84184		0.67971
588		2202.04		0.93457		0.94346		0.83463		0.825		0.85052		0.83756		0.66954
589		2203.56		0.93446		0.94317		0.83204		0.8209		0.85052		0.83544		0.66448
590		2205.15		0.93467		0.94324		0.83721		0.82587		0.85567		0.84051		0.67483
591		2206.93		0.93459		0.94318		0.83979		0.83		0.85567		0.84264		0.67989
592		2208.23		0.93457		0.94323		0.84238		0.83756		0.85052		0.84399		0.68482
593		2209.64		0.93467		0.94343		0.84496		0.84184		0.85052		0.84615		0.68995
594		2211.12		0.93475		0.94347		0.84496		0.84184		0.85052		0.84615		0.68995
595		2212.79		0.93518		0.94369		0.84238		0.84103		0.84536		0.84319		0.68476
596		2214.65		0.93499		0.94332		0.83463		0.825		0.85052		0.83756		0.66954
597		2216.42		0.93433		0.94296		0.83463		0.825		0.85052		0.83756		0.66954
598		2217.74		0.9339		0.94273		0.83721		0.82915		0.85052		0.83969		0.67462
599		2219.04		0.93392		0.94283		0.83979		0.83333		0.85052		0.84184		0.67971
600		2220.48		0.93418		0.94298		0.83721		0.82915		0.85052		0.83969		0.67462
601		2221.84		0.93542		0.94391		0.83463		0.825		0.85052		0.83756		0.66954
602		2223.16		0.93626		0.94466		0.83979		0.82353		0.86598		0.84422		0.68045
603		2224.44		0.93668		0.94514		0.83721		0.81951		0.86598		0.84211		0.67546
604		2225.74		0.93673		0.94508		0.83721		0.82587		0.85567		0.84051		0.67483
605		2227.07		0.93662		0.94505		0.84238		0.83417		0.85567		0.84478		0.68496
606		2228.43		0.93574		0.94401		0.83721		0.82587		0.85567		0.84051		0.67483
607		2229.85		0.93494		0.94323		0.83721		0.82587		0.85567		0.84051		0.67483
608		2231.22		0.93483		0.94292		0.83721		0.82587		0.85567		0.84051		0.67483
609		2232.59		0.93449		0.94276		0.82946		0.82323		0.84021		0.83163		0.65904
610		2234.54		0.93457		0.94301		0.83463		0.825		0.85052		0.83756		0.66954
611		2235.78		0.93489		0.94356		0.84238		0.83085		0.86082		0.84557		0.68517
612		2236.94		0.9353		0.94425		0.84496		0.835		0.86082		0.84772		0.69023
613		2238.33		0.93545		0.94463		0.84496		0.835		0.86082		0.84772		0.69023
614		2240.22		0.93591		0.94519		0.83979		0.83		0.85567		0.84264		0.67989
615		2241.9		0.93561		0.94493		0.84238		0.83085		0.86082		0.84557		0.68517
616		2243.58		0.93527		0.94423		0.84238		0.83085		0.86082		0.84557		0.68517
617		2244.72		0.9343		0.94334		0.83979		0.83333		0.85052		0.84184		0.67971
618		2246.14		0.9332		0.94257		0.84238		0.83756		0.85052		0.84399		0.68482
619		2247.35		0.93294		0.94206		0.84496		0.83838		0.85567		0.84694		0.69005
620		2248.55		0.93254		0.94143		0.84238		0.83417		0.85567		0.84478		0.68496
621		2250.2		0.93282		0.94158		0.83979		0.83		0.85567		0.84264		0.67989
622		2251.63		0.93286		0.94151		0.83979		0.82673		0.86082		0.84343		0.68013
623		2253.22		0.93304		0.94189		0.84496		0.835		0.86082		0.84772		0.69023
624		2254.66		0.93307		0.94201		0.84755		0.8392		0.86082		0.84987		0.6953
625		2255.95		0.93395		0.94265		0.84496		0.835		0.86082		0.84772		0.69023
626		2257.86		0.93441		0.94324		0.84496		0.835		0.86082		0.84772		0.69023
627		2259.51		0.93449		0.94336		0.84755		0.83582		0.86598		0.85063		0.69552
628		2260.81		0.93427		0.94306		0.83979		0.83333		0.85052		0.84184		0.67971
629		2262.1		0.93467		0.94341		0.84238		0.84103		0.84536		0.84319		0.68476
630		2263.65		0.93461		0.94365		0.84496		0.84184		0.85052		0.84615		0.68995
631		2265.29		0.9351		0.94406		0.83721		0.83249		0.84536		0.83887		0.67448
632		2266.73		0.93578		0.94454		0.83721		0.82915		0.85052		0.83969		0.67462
633		2268.15		0.9363		0.94505		0.83721		0.82915		0.85052		0.83969		0.67462
634		2269.79		0.93638		0.94504		0.83721		0.83249		0.84536		0.83887		0.67448
635		2271.39		0.93654		0.94517		0.83721		0.83249		0.84536		0.83887		0.67448
636		2272.98		0.9368		0.94534		0.83463		0.825		0.85052		0.83756		0.66954
637		2274.35		0.93694		0.9456		0.83463		0.82178		0.85567		0.83838		0.66979
638		2275.63		0.93657		0.94551		0.83721		0.82587		0.85567		0.84051		0.67483
639		2276.75		0.93615		0.94533		0.84238		0.83417		0.85567		0.84478		0.68496
640		2278.39		0.93521		0.94461		0.84496		0.84184		0.85052		0.84615		0.68995
641		2280.08		0.93518		0.94465		0.84238		0.83756		0.85052		0.84399		0.68482
642		2281.26		0.93598		0.94534		0.83721		0.82915		0.85052		0.83969		0.67462
643		2282.4		0.93634		0.9452		0.83979		0.82673		0.86082		0.84343		0.68013
644		2283.57		0.93614		0.94482		0.84496		0.83168		0.86598		0.84848		0.69048
645		2284.78		0.93507		0.9439		0.83721		0.8359		0.84021		0.83805		0.67442
646		2285.97		0.9341		0.94322		0.84496		0.84536		0.84536		0.84536		0.68992
647		2287.19		0.93427		0.94345		0.83979		0.83333		0.85052		0.84184		0.67971
648		2288.66		0.93481		0.94368		0.83721		0.81951		0.86598		0.84211		0.67546
649		2290.46		0.93489		0.94373		0.84496		0.84184		0.85052		0.84615		0.68995
650		2291.76		0.93435		0.9436		0.84496		0.84536		0.84536		0.84536		0.68992
651		2293.14		0.9363		0.94526		0.83979		0.83673		0.84536		0.84103		0.67961
652		2294.69		0.93734		0.94587		0.84238		0.82759		0.86598		0.84635		0.68546
653		2296.73		0.93745		0.94567		0.84496		0.82524		0.87629		0.85		0.6912
654		2298.26		0.93673		0.94555		0.84496		0.83168		0.86598		0.84848		0.69048
655		2299.49		0.93531		0.94466		0.84238		0.83756		0.85052		0.84399		0.68482
656		2301.43		0.93462		0.94426		0.84755		0.84974		0.84536		0.84755		0.6951
657		2302.83		0.93395		0.94317		0.84755		0.84615		0.85052		0.84833		0.69509
658		2304.01		0.93491		0.94374		0.84238		0.83417		0.85567		0.84478		0.68496
659		2305.29		0.93635		0.94487		0.84238		0.82439		0.87113		0.84712		0.68582
660		2306.42		0.93617		0.94484		0.85013		0.83333		0.87629		0.85427		0.70115
661		2308.07		0.93491		0.94425		0.85013		0.84343		0.86082		0.85204		0.70039
662		2309.68		0.93427		0.94422		0.84755		0.84264		0.85567		0.8491		0.69516
663		2311.04		0.93545		0.94475		0.84238		0.82759		0.86598		0.84635		0.68546
664		2312.91		0.93561		0.9446		0.83979		0.81731		0.87629		0.84577		0.68131
665		2314.14		0.93411		0.94387		0.84238		0.82439		0.87113		0.84712		0.68582
666		2315.51		0.93483		0.94446		0.84496		0.84184		0.85052		0.84615		0.68995
667		2316.72		0.93467		0.94457		0.84755		0.8534		0.84021		0.84675		0.69518
668		2317.94		0.93726		0.94605		0.83979		0.83333		0.85052		0.84184		0.67971
669		2319.08		0.93673		0.94468		0.84238		0.82439		0.87113		0.84712		0.68582
670		2320.7		0.93613		0.94482		0.84238		0.83085		0.86082		0.84557		0.68517
671		2322.47		0.93453		0.94419		0.83979		0.84021		0.84021		0.84021		0.67958
672		2324.07		0.93123		0.94211		0.85013		0.85789		0.84021		0.84896		0.70042
673		2325.47		0.93302		0.94257		0.83979		0.83		0.85567		0.84264		0.67989
674		2326.94		0.93131		0.93956		0.83979		0.82353		0.86598		0.84422		0.68045
675		2328.18		0.93395		0.94336		0.84238		0.84103		0.84536		0.84319		0.68476
676		2329.41		0.93238		0.94206		0.8553		0.86702		0.84021		0.8534		0.71096
677		2330.56		0.93336		0.94104		0.83204		0.79724		0.89175		0.84185		0.66872
678		2331.65		0.92384		0.93692		0.8553		0.86702		0.84021		0.8534		0.71096
679		2332.85		0.93063		0.9405		0.82429		0.79717		0.87113		0.83251		0.65132
680		2333.94		0.92447		0.93085		0.83204		0.84492		0.81443		0.8294		0.66455
681		2335.09		0.92629		0.93527		0.81912		0.77928		0.89175		0.83173		0.6449
682		2336.27		0.92714		0.9372		0.85013		0.8908		0.79897		0.84239		0.70411
683		2337.72		0.92629		0.93231		0.82429		0.77391		0.91753		0.83962		0.65994
684		2339.72		0.91907		0.92256		0.83204		0.91083		0.73711		0.81481		0.67672
685		2340.99		0.92965		0.93876		0.81912		0.76724		0.91753		0.83568		0.65074
686		2342.92		0.90577		0.92066		0.83979		0.88372		0.78351		0.8306		0.68411
687		2344.06		0.91656		0.92789		0.82429		0.83158		0.81443		0.82292		0.64873
688		2345.37		0.91769		0.9257		0.79328		0.74783		0.8866		0.81132		0.59679
689		2346.49		0.92062		0.93439		0.84755		0.87293		0.81443		0.84267		0.69671
690		2347.84		0.91862		0.93494		0.85013		0.86957		0.82474		0.84656		0.70123
691		2349.55		0.91766		0.93473		0.83979		0.80275		0.90206		0.84951		0.68477
692		2351.07		0.92217		0.9384		0.81654		0.79147		0.86082		0.82469		0.63545
693		2352.3		0.93136		0.94483		0.8553		0.86316		0.84536		0.85417		0.71076
694		2353.42		0.93748		0.94839		0.86563		0.87766		0.85052		0.86387		0.73164
695		2354.63		0.94127		0.94942		0.86047		0.84314		0.8866		0.86432		0.72186
AUC improved at epoch  695 ;	best_auc: 0.9412691629720635
696		2355.92		0.94322		0.95041		0.85788		0.82326		0.91237		0.86553		0.71994
AUC improved at epoch  696 ;	best_auc: 0.943218845147161
697		2357.28		0.94116		0.95068		0.88114		0.87755		0.8866		0.88205		0.76231
698		2358.51		0.93806		0.94919		0.87855		0.90164		0.85052		0.87533		0.75837
699		2359.69		0.9378		0.94783		0.86563		0.87766		0.85052		0.86387		0.73164
700		2360.99		0.9383		0.94668		0.86047		0.85354		0.87113		0.86224		0.72107
701		2362.31		0.9383		0.94633		0.85013		0.82692		0.8866		0.85572		0.70204
702		2364.08		0.93809		0.94658		0.84496		0.82524		0.87629		0.85		0.6912
703		2365.35		0.93873		0.94777		0.8553		0.84848		0.86598		0.85714		0.71073
704		2366.67		0.93945		0.94875		0.86305		0.86911		0.85567		0.86234		0.72619
705		2367.98		0.94049		0.95014		0.86305		0.86911		0.85567		0.86234		0.72619
706		2369.79		0.94162		0.95129		0.8553		0.85567		0.85567		0.85567		0.71059
707		2371.09		0.94151		0.95096		0.85271		0.84422		0.86598		0.85496		0.70564
708		2372.37		0.94047		0.94985		0.86047		0.85		0.87629		0.86294		0.72125
709		2373.65		0.94001		0.95009		0.86305		0.85427		0.87629		0.86514		0.72632
710		2375.75		0.93833		0.9492		0.8553		0.85204		0.86082		0.85641		0.71062
711		2377.08		0.9366		0.94817		0.8553		0.85567		0.85567		0.85567		0.71059
712		2378.35		0.93555		0.94739		0.86047		0.86458		0.85567		0.8601		0.72097
713		2379.7		0.93534		0.94744		0.86047		0.86082		0.86082		0.86082		0.72093
714		2381.18		0.93539		0.94736		0.85788		0.85641		0.86082		0.85861		0.71577
715		2382.7		0.93569		0.94755		0.85788		0.85641		0.86082		0.85861		0.71577
716		2384.06		0.93619		0.94802		0.8553		0.85204		0.86082		0.85641		0.71062
717		2385.45		0.93635		0.94844		0.8553		0.84848		0.86598		0.85714		0.71073
718		2386.83		0.93686		0.94894		0.85271		0.84422		0.86598		0.85496		0.70564
719		2388.42		0.93724		0.94937		0.8553		0.845		0.87113		0.85787		0.71091
720		2389.81		0.93773		0.94996		0.8553		0.845		0.87113		0.85787		0.71091
721		2391.34		0.93809		0.95027		0.85271		0.8408		0.87113		0.8557		0.70586
722		2392.94		0.93844		0.95072		0.8553		0.84158		0.87629		0.85859		0.71117
723		2394.45		0.93887		0.95106		0.8553		0.84158		0.87629		0.85859		0.71117
724		2395.6		0.93943		0.95154		0.8553		0.84158		0.87629		0.85859		0.71117
725		2396.73		0.93969		0.95173		0.8553		0.84158		0.87629		0.85859		0.71117
726		2397.86		0.93996		0.9518		0.8553		0.84158		0.87629		0.85859		0.71117
727		2399.1		0.94021		0.95214		0.8553		0.84158		0.87629		0.85859		0.71117
728		2400.21		0.94068		0.95246		0.8553		0.84158		0.87629		0.85859		0.71117
729		2401.49		0.94082		0.95242		0.8553		0.845		0.87113		0.85787		0.71091
730		2402.68		0.94092		0.95243		0.8553		0.845		0.87113		0.85787		0.71091
731		2404.09		0.9413		0.95262		0.8553		0.845		0.87113		0.85787		0.71091
732		2405.28		0.9414		0.95259		0.8553		0.845		0.87113		0.85787		0.71091
733		2406.98		0.94172		0.95272		0.85013		0.84343		0.86082		0.85204		0.70039
734		2409.1		0.94196		0.95284		0.85013		0.84343		0.86082		0.85204		0.70039
735		2410.5		0.94199		0.95277		0.85013		0.84343		0.86082		0.85204		0.70039
736		2411.79		0.94202		0.95271		0.85271		0.84772		0.86082		0.85422		0.7055
737		2412.94		0.94218		0.95269		0.8553		0.85204		0.86082		0.85641		0.71062
738		2414.12		0.9423		0.95274		0.8553		0.85204		0.86082		0.85641		0.71062
739		2415.24		0.94244		0.95283		0.8553		0.85204		0.86082		0.85641		0.71062
740		2416.62		0.9425		0.95278		0.8553		0.85204		0.86082		0.85641		0.71062
741		2418.41		0.94252		0.95271		0.8553		0.85204		0.86082		0.85641		0.71062
742		2419.79		0.94255		0.95268		0.8553		0.85204		0.86082		0.85641		0.71062
743		2420.93		0.94263		0.9528		0.8553		0.85204		0.86082		0.85641		0.71062
744		2422.16		0.94267		0.95281		0.8553		0.85204		0.86082		0.85641		0.71062
745		2423.53		0.9427		0.95278		0.85788		0.85641		0.86082		0.85861		0.71577
746		2424.72		0.94263		0.95274		0.85788		0.85641		0.86082		0.85861		0.71577
747		2426.18		0.94282		0.95291		0.85271		0.84772		0.86082		0.85422		0.7055
748		2427.52		0.94284		0.95293		0.85271		0.84772		0.86082		0.85422		0.7055
749		2429.44		0.94271		0.95279		0.85271		0.84772		0.86082		0.85422		0.7055
750		2430.84		0.94271		0.95275		0.85271		0.84772		0.86082		0.85422		0.7055
751		2432.72		0.94271		0.95275		0.8553		0.84848		0.86598		0.85714		0.71073
752		2433.93		0.94274		0.95283		0.8553		0.84848		0.86598		0.85714		0.71073
753		2435.19		0.94274		0.95277		0.85788		0.85279		0.86598		0.85934		0.71584
754		2436.57		0.94268		0.95277		0.85788		0.85279		0.86598		0.85934		0.71584
755		2437.91		0.94258		0.95271		0.85788		0.85279		0.86598		0.85934		0.71584
756		2439.28		0.94268		0.95285		0.86047		0.85714		0.86598		0.86154		0.72096
757		2440.8		0.9426		0.95278		0.85788		0.85279		0.86598		0.85934		0.71584
758		2442.53		0.94276		0.95291		0.85788		0.85279		0.86598		0.85934		0.71584
759		2444.07		0.94284		0.95297		0.85788		0.85279		0.86598		0.85934		0.71584
760		2445.66		0.94294		0.95305		0.85788		0.85279		0.86598		0.85934		0.71584
761		2447.28		0.94284		0.95295		0.85788		0.85279		0.86598		0.85934		0.71584
762		2448.96		0.94276		0.95291		0.85788		0.85279		0.86598		0.85934		0.71584
763		2450.37		0.9427		0.95285		0.85788		0.85279		0.86598		0.85934		0.71584
764		2451.61		0.9426		0.95274		0.85788		0.85279		0.86598		0.85934		0.71584
765		2453.06		0.9426		0.95278		0.85788		0.85279		0.86598		0.85934		0.71584
766		2454.69		0.94252		0.95268		0.86047		0.85714		0.86598		0.86154		0.72096
767		2455.94		0.94247		0.95257		0.86047		0.85714		0.86598		0.86154		0.72096
768		2457.92		0.94258		0.9527		0.86305		0.86154		0.86598		0.86375		0.7261
769		2459.25		0.94248		0.95265		0.86305		0.86154		0.86598		0.86375		0.7261
770		2460.58		0.9425		0.95262		0.86305		0.86154		0.86598		0.86375		0.7261
771		2461.79		0.9425		0.95263		0.86305		0.86154		0.86598		0.86375		0.7261
772		2463.14		0.94258		0.95265		0.86305		0.86154		0.86598		0.86375		0.7261
773		2464.33		0.94282		0.95279		0.86305		0.86154		0.86598		0.86375		0.7261
774		2465.48		0.94313		0.95302		0.86047		0.85714		0.86598		0.86154		0.72096
775		2466.61		0.94303		0.95293		0.86047		0.85714		0.86598		0.86154		0.72096
776		2468.05		0.94309		0.95301		0.86047		0.85714		0.86598		0.86154		0.72096
777		2469.27		0.94311		0.95304		0.86047		0.85714		0.86598		0.86154		0.72096
778		2470.41		0.94314		0.9531		0.86047		0.85714		0.86598		0.86154		0.72096
779		2471.99		0.94303		0.95307		0.86047		0.85714		0.86598		0.86154		0.72096
780		2473.74		0.94295		0.95305		0.86047		0.85714		0.86598		0.86154		0.72096
781		2475.71		0.94276		0.95289		0.86047		0.85714		0.86598		0.86154		0.72096
782		2477.25		0.94284		0.95303		0.86047		0.85714		0.86598		0.86154		0.72096
783		2478.41		0.9429		0.95302		0.86047		0.85714		0.86598		0.86154		0.72096
784		2479.57		0.94295		0.95303		0.86047		0.85714		0.86598		0.86154		0.72096
785		2480.96		0.9429		0.95297		0.86047		0.85714		0.86598		0.86154		0.72096
786		2482.23		0.94311		0.95311		0.86047		0.85714		0.86598		0.86154		0.72096
787		2484.14		0.94302		0.95299		0.86047		0.85714		0.86598		0.86154		0.72096
788		2485.28		0.94287		0.95286		0.86047		0.85714		0.86598		0.86154		0.72096
789		2486.54		0.94302		0.95293		0.86047		0.85714		0.86598		0.86154		0.72096
790		2487.69		0.94317		0.95302		0.86047		0.85714		0.86598		0.86154		0.72096
791		2488.94		0.9433		0.95313		0.86047		0.85714		0.86598		0.86154		0.72096
AUC improved at epoch  791 ;	best_auc: 0.9432989690721649
792		2490.18		0.94322		0.95308		0.86047		0.85714		0.86598		0.86154		0.72096
793		2491.52		0.94319		0.9531		0.86305		0.85787		0.87113		0.86445		0.72617
794		2492.75		0.94317		0.95309		0.86305		0.85787		0.87113		0.86445		0.72617
795		2494.21		0.94318		0.95317		0.86305		0.85787		0.87113		0.86445		0.72617
796		2495.8		0.94319		0.95327		0.86305		0.85787		0.87113		0.86445		0.72617
797		2497.62		0.94317		0.95319		0.86047		0.85354		0.87113		0.86224		0.72107
798		2499.42		0.94314		0.95324		0.86047		0.85354		0.87113		0.86224		0.72107
799		2500.57		0.94314		0.9532		0.86047		0.85354		0.87113		0.86224		0.72107
800		2501.98		0.94325		0.95324		0.86047		0.85354		0.87113		0.86224		0.72107
801		2503.49		0.94319		0.95316		0.86047		0.85354		0.87113		0.86224		0.72107
802		2505.04		0.94298		0.953		0.86047		0.85354		0.87113		0.86224		0.72107
803		2506.31		0.94282		0.95291		0.85788		0.84925		0.87113		0.86005		0.71598
804		2507.9		0.94279		0.95296		0.85788		0.84925		0.87113		0.86005		0.71598
805		2509.58		0.94282		0.95301		0.85788		0.84925		0.87113		0.86005		0.71598
806		2511.09		0.94274		0.95299		0.8553		0.84848		0.86598		0.85714		0.71073
807		2512.35		0.9429		0.95311		0.85788		0.85279		0.86598		0.85934		0.71584
808		2513.78		0.94295		0.95321		0.85788		0.85279		0.86598		0.85934		0.71584
809		2515.0		0.94311		0.95333		0.85788		0.85279		0.86598		0.85934		0.71584
810		2516.32		0.94317		0.95336		0.85788		0.85279		0.86598		0.85934		0.71584
811		2517.47		0.94325		0.95345		0.86047		0.85714		0.86598		0.86154		0.72096
812		2519.21		0.94327		0.95343		0.86047		0.85714		0.86598		0.86154		0.72096
813		2520.68		0.94327		0.95338		0.85788		0.85279		0.86598		0.85934		0.71584
814		2521.91		0.94331		0.95341		0.85788		0.85279		0.86598		0.85934		0.71584
AUC improved at epoch  814 ;	best_auc: 0.9433123230596656
815		2523.32		0.94335		0.95341		0.85788		0.85279		0.86598		0.85934		0.71584
AUC improved at epoch  815 ;	best_auc: 0.9433523850221677
816		2524.49		0.94335		0.95335		0.85788		0.85279		0.86598		0.85934		0.71584
817		2525.63		0.94335		0.95339		0.86047		0.85714		0.86598		0.86154		0.72096
818		2526.88		0.94331		0.95336		0.86047		0.85714		0.86598		0.86154		0.72096
819		2528.5		0.94322		0.95329		0.86047		0.85714		0.86598		0.86154		0.72096
820		2529.96		0.94319		0.95329		0.86047		0.85714		0.86598		0.86154		0.72096
821		2531.53		0.94314		0.95324		0.86047		0.85714		0.86598		0.86154		0.72096
822		2532.96		0.94311		0.95321		0.86047		0.85714		0.86598		0.86154		0.72096
823		2534.18		0.94309		0.9532		0.86047		0.85714		0.86598		0.86154		0.72096
824		2536.28		0.94298		0.95317		0.85788		0.85279		0.86598		0.85934		0.71584
825		2537.4		0.94287		0.95315		0.85788		0.85279		0.86598		0.85934		0.71584
826		2538.53		0.94274		0.953		0.85788		0.85279		0.86598		0.85934		0.71584
827		2539.76		0.94252		0.95283		0.8553		0.84848		0.86598		0.85714		0.71073
828		2541.54		0.94252		0.95288		0.8553		0.84848		0.86598		0.85714		0.71073
829		2542.9		0.94242		0.95276		0.8553		0.84848		0.86598		0.85714		0.71073
830		2544.01		0.94236		0.95275		0.8553		0.84848		0.86598		0.85714		0.71073
831		2545.17		0.94231		0.95273		0.8553		0.84848		0.86598		0.85714		0.71073
832		2546.28		0.94215		0.95255		0.8553		0.84848		0.86598		0.85714		0.71073
833		2547.53		0.94215		0.95249		0.8553		0.84848		0.86598		0.85714		0.71073
834		2549.26		0.94212		0.95245		0.8553		0.84848		0.86598		0.85714		0.71073
835		2550.75		0.94202		0.95231		0.8553		0.84848		0.86598		0.85714		0.71073
836		2551.92		0.9421		0.95238		0.8553		0.84848		0.86598		0.85714		0.71073
837		2553.27		0.9421		0.95236		0.85271		0.84772		0.86082		0.85422		0.7055
838		2554.52		0.94202		0.95234		0.85271		0.85128		0.85567		0.85347		0.70543
839		2555.99		0.94186		0.95221		0.8553		0.85567		0.85567		0.85567		0.71059
840		2557.43		0.94183		0.9522		0.85013		0.84694		0.85567		0.85128		0.70029
841		2559.17		0.94186		0.95226		0.8553		0.85204		0.86082		0.85641		0.71062
842		2561.06		0.94207		0.95249		0.8553		0.85204		0.86082		0.85641		0.71062
843		2562.44		0.94228		0.9527		0.8553		0.85204		0.86082		0.85641		0.71062
844		2563.86		0.94247		0.95284		0.8553		0.85204		0.86082		0.85641		0.71062
845		2565.59		0.94242		0.9528		0.8553		0.85204		0.86082		0.85641		0.71062
846		2566.92		0.94242		0.95279		0.85013		0.84694		0.85567		0.85128		0.70029
847		2569.23		0.94244		0.95276		0.85013		0.84694		0.85567		0.85128		0.70029
848		2574.72		0.94247		0.95271		0.85013		0.84694		0.85567		0.85128		0.70029
849		2580.05		0.94263		0.95286		0.85271		0.84772		0.86082		0.85422		0.7055
850		2581.56		0.9426		0.95279		0.85013		0.84343		0.86082		0.85204		0.70039
851		2582.86		0.94255		0.95276		0.85013		0.84343		0.86082		0.85204		0.70039
852		2584.68		0.94252		0.95271		0.85013		0.84343		0.86082		0.85204		0.70039
853		2586.35		0.9425		0.95269		0.85013		0.84343		0.86082		0.85204		0.70039
854		2587.69		0.94258		0.95274		0.85013		0.84343		0.86082		0.85204		0.70039
855		2589.31		0.94255		0.95272		0.84755		0.84264		0.85567		0.8491		0.69516
856		2590.64		0.94258		0.95272		0.85013		0.84694		0.85567		0.85128		0.70029
857		2592.12		0.94242		0.95253		0.85271		0.85128		0.85567		0.85347		0.70543
858		2593.5		0.9422		0.9523		0.8553		0.85567		0.85567		0.85567		0.71059
859		2595.21		0.94226		0.95231		0.85271		0.85128		0.85567		0.85347		0.70543
860		2596.88		0.94207		0.95216		0.8553		0.85567		0.85567		0.85567		0.71059
861		2598.62		0.94195		0.95201		0.8553		0.85567		0.85567		0.85567		0.71059
862		2599.84		0.94187		0.95191		0.8553		0.85567		0.85567		0.85567		0.71059
863		2601.12		0.94172		0.95173		0.8553		0.85567		0.85567		0.85567		0.71059
864		2602.27		0.94183		0.95181		0.8553		0.85567		0.85567		0.85567		0.71059
865		2603.62		0.94202		0.95197		0.8553		0.85567		0.85567		0.85567		0.71059
866		2605.14		0.94199		0.95196		0.85271		0.85128		0.85567		0.85347		0.70543
867		2606.77		0.94215		0.95211		0.85013		0.84694		0.85567		0.85128		0.70029
868		2608.26		0.94218		0.95212		0.85013		0.84694		0.85567		0.85128		0.70029
869		2609.38		0.9422		0.95221		0.84755		0.84264		0.85567		0.8491		0.69516
870		2610.53		0.94215		0.95221		0.84755		0.84264		0.85567		0.8491		0.69516
871		2611.81		0.94223		0.95236		0.84755		0.84264		0.85567		0.8491		0.69516
872		2612.92		0.94215		0.95234		0.84755		0.84264		0.85567		0.8491		0.69516
873		2614.08		0.94199		0.95226		0.84755		0.84264		0.85567		0.8491		0.69516
874		2615.23		0.94194		0.95227		0.85013		0.84694		0.85567		0.85128		0.70029
875		2616.99		0.94207		0.95246		0.85013		0.84694		0.85567		0.85128		0.70029
876		2618.56		0.94212		0.9525		0.85013		0.84694		0.85567		0.85128		0.70029
877		2620.04		0.94208		0.9525		0.85013		0.84694		0.85567		0.85128		0.70029
878		2621.82		0.94204		0.95248		0.85013		0.84694		0.85567		0.85128		0.70029
879		2623.43		0.94194		0.95241		0.85013		0.84694		0.85567		0.85128		0.70029
880		2625.1		0.94188		0.95238		0.85013		0.84694		0.85567		0.85128		0.70029
881		2626.73		0.94188		0.95236		0.84755		0.84264		0.85567		0.8491		0.69516
882		2627.84		0.9421		0.9525		0.84755		0.84264		0.85567		0.8491		0.69516
883		2628.96		0.94214		0.95248		0.84755		0.84264		0.85567		0.8491		0.69516
884		2630.18		0.94207		0.9524		0.84755		0.84264		0.85567		0.8491		0.69516
885		2631.57		0.94199		0.95219		0.84755		0.84264		0.85567		0.8491		0.69516
886		2632.84		0.94179		0.95201		0.84755		0.84264		0.85567		0.8491		0.69516
887		2633.95		0.94183		0.95193		0.85013		0.84694		0.85567		0.85128		0.70029
888		2635.07		0.94175		0.95176		0.84496		0.83838		0.85567		0.84694		0.69005
889		2636.41		0.94175		0.95167		0.84755		0.8392		0.86082		0.84987		0.6953
890		2638.35		0.94178		0.95164		0.84755		0.8392		0.86082		0.84987		0.6953
891		2639.73		0.9417		0.95151		0.84755		0.8392		0.86082		0.84987		0.6953
892		2641.11		0.94167		0.95152		0.84496		0.83838		0.85567		0.84694		0.69005
893		2642.54		0.94164		0.95151		0.84496		0.83838		0.85567		0.84694		0.69005
894		2643.98		0.94151		0.95154		0.85013		0.84694		0.85567		0.85128		0.70029
895		2645.29		0.9413		0.9514		0.85013		0.84694		0.85567		0.85128		0.70029
896		2646.62		0.9413		0.9514		0.85013		0.84694		0.85567		0.85128		0.70029
897		2648.05		0.94106		0.95119		0.8553		0.85567		0.85567		0.85567		0.71059
898		2649.92		0.94095		0.95109		0.85788		0.8601		0.85567		0.85788		0.71577
899		2651.61		0.94076		0.95089		0.85788		0.8601		0.85567		0.85788		0.71577
900		2653.17		0.94082		0.95091		0.8553		0.85567		0.85567		0.85567		0.71059
901		2654.71		0.94122		0.95109		0.8553		0.85567		0.85567		0.85567		0.71059
902		2655.99		0.94154		0.95137		0.85271		0.85492		0.85052		0.85271		0.70544
903		2657.34		0.94162		0.9514		0.85013		0.85052		0.85052		0.85052		0.70026
904		2658.64		0.94172		0.95146		0.85013		0.85052		0.85052		0.85052		0.70026
905		2659.87		0.94188		0.9516		0.85013		0.85052		0.85052		0.85052		0.70026
906		2661.36		0.94188		0.95156		0.85013		0.85052		0.85052		0.85052		0.70026
907		2662.79		0.94199		0.95175		0.85013		0.85052		0.85052		0.85052		0.70026
908		2664.26		0.94188		0.95167		0.85271		0.85128		0.85567		0.85347		0.70543
909		2665.58		0.94186		0.95171		0.85271		0.85128		0.85567		0.85347		0.70543
910		2666.95		0.94167		0.95165		0.85271		0.85128		0.85567		0.85347		0.70543
911		2668.37		0.94156		0.95164		0.85271		0.85128		0.85567		0.85347		0.70543
912		2669.83		0.94146		0.95158		0.84755		0.84264		0.85567		0.8491		0.69516
913		2671.28		0.94148		0.95161		0.85013		0.84694		0.85567		0.85128		0.70029
914		2672.63		0.94138		0.95155		0.85013		0.84694		0.85567		0.85128		0.70029
915		2674.34		0.94119		0.95147		0.85013		0.84694		0.85567		0.85128		0.70029
916		2676.92		0.94122		0.95144		0.85013		0.84694		0.85567		0.85128		0.70029
917		2678.61		0.94124		0.95139		0.84755		0.84264		0.85567		0.8491		0.69516
918		2679.93		0.94114		0.95123		0.84755		0.84264		0.85567		0.8491		0.69516
919		2681.07		0.94111		0.95115		0.85013		0.84694		0.85567		0.85128		0.70029
920		2682.4		0.94108		0.95101		0.85013		0.84694		0.85567		0.85128		0.70029
921		2683.8		0.941		0.95086		0.85013		0.84694		0.85567		0.85128		0.70029
922		2685.21		0.94108		0.95091		0.84755		0.84264		0.85567		0.8491		0.69516
923		2686.77		0.9409		0.95068		0.84755		0.84264		0.85567		0.8491		0.69516
924		2688.23		0.9409		0.95069		0.84755		0.84264		0.85567		0.8491		0.69516
925		2689.96		0.94087		0.95058		0.84755		0.84264		0.85567		0.8491		0.69516
926		2691.16		0.94087		0.95057		0.85013		0.84694		0.85567		0.85128		0.70029
927		2692.36		0.94087		0.9506		0.85013		0.84694		0.85567		0.85128		0.70029
928		2693.51		0.9409		0.95057		0.84755		0.84615		0.85052		0.84833		0.69509
929		2695.12		0.941		0.95068		0.84755		0.84615		0.85052		0.84833		0.69509
930		2696.84		0.94122		0.9509		0.84755		0.84615		0.85052		0.84833		0.69509
931		2698.09		0.94127		0.95097		0.84755		0.84615		0.85052		0.84833		0.69509
932		2699.21		0.94135		0.95105		0.84755		0.84615		0.85052		0.84833		0.69509
933		2700.42		0.94156		0.95127		0.84755		0.84615		0.85052		0.84833		0.69509
934		2701.59		0.94178		0.95147		0.84755		0.84615		0.85052		0.84833		0.69509
935		2702.7		0.94159		0.95135		0.84755		0.84615		0.85052		0.84833		0.69509
936		2703.88		0.9414		0.95126		0.84755		0.84615		0.85052		0.84833		0.69509
937		2705.71		0.94118		0.95104		0.84755		0.84615		0.85052		0.84833		0.69509
938		2707.83		0.94114		0.95101		0.84755		0.84615		0.85052		0.84833		0.69509
939		2709.23		0.94108		0.95096		0.84755		0.84615		0.85052		0.84833		0.69509
940		2710.57		0.9409		0.95068		0.84755		0.84615		0.85052		0.84833		0.69509
941		2712.05		0.94074		0.9505		0.84755		0.84615		0.85052		0.84833		0.69509
942		2713.19		0.94068		0.95042		0.85013		0.85052		0.85052		0.85052		0.70026
943		2714.62		0.94065		0.95032		0.85013		0.85052		0.85052		0.85052		0.70026
944		2716.28		0.94095		0.95053		0.85013		0.85052		0.85052		0.85052		0.70026
945		2718.06		0.9409		0.95046		0.85013		0.85052		0.85052		0.85052		0.70026
946		2719.71		0.9409		0.95045		0.85013		0.85052		0.85052		0.85052		0.70026
947		2720.87		0.94084		0.95043		0.85013		0.85052		0.85052		0.85052		0.70026
948		2722.02		0.94095		0.95053		0.84755		0.84615		0.85052		0.84833		0.69509
949		2723.13		0.94091		0.95049		0.84755		0.84615		0.85052		0.84833		0.69509
950		2724.36		0.94082		0.95048		0.84755		0.84615		0.85052		0.84833		0.69509
951		2725.6		0.94074		0.95051		0.84755		0.84615		0.85052		0.84833		0.69509
952		2727.07		0.94071		0.95055		0.84755		0.84615		0.85052		0.84833		0.69509
953		2728.64		0.94079		0.95073		0.84755		0.84615		0.85052		0.84833		0.69509
954		2730.33		0.94098		0.95092		0.85013		0.85052		0.85052		0.85052		0.70026
955		2731.7		0.9409		0.95085		0.85013		0.85052		0.85052		0.85052		0.70026
956		2732.9		0.94111		0.9511		0.85013		0.85052		0.85052		0.85052		0.70026
957		2734.48		0.94108		0.95113		0.85013		0.85052		0.85052		0.85052		0.70026
958		2736.31		0.94103		0.95109		0.85271		0.85492		0.85052		0.85271		0.70544
959		2738.61		0.9409		0.95094		0.8553		0.85938		0.85052		0.85492		0.71064
960		2739.75		0.9409		0.95092		0.8553		0.85938		0.85052		0.85492		0.71064
961		2740.92		0.94087		0.95079		0.8553		0.85938		0.85052		0.85492		0.71064
962		2742.03		0.94092		0.95084		0.85271		0.85492		0.85052		0.85271		0.70544
963		2743.14		0.94084		0.95075		0.85013		0.85052		0.85052		0.85052		0.70026
964		2744.76		0.94095		0.95087		0.85013		0.84694		0.85567		0.85128		0.70029
965		2746.31		0.94076		0.95077		0.85013		0.84694		0.85567		0.85128		0.70029
966		2747.74		0.9406		0.95076		0.85013		0.84694		0.85567		0.85128		0.70029
967		2748.89		0.94049		0.95067		0.85013		0.84694		0.85567		0.85128		0.70029
968		2750.17		0.94068		0.95089		0.85013		0.84694		0.85567		0.85128		0.70029
969		2751.33		0.94074		0.95089		0.85013		0.84694		0.85567		0.85128		0.70029
970		2752.52		0.9406		0.95075		0.85013		0.84694		0.85567		0.85128		0.70029
971		2753.72		0.94041		0.95061		0.84755		0.84615		0.85052		0.84833		0.69509
972		2754.84		0.94052		0.95069		0.84755		0.84615		0.85052		0.84833		0.69509
973		2756.46		0.94052		0.95063		0.84755		0.84615		0.85052		0.84833		0.69509
974		2758.13		0.94016		0.95031		0.84755		0.84615		0.85052		0.84833		0.69509
975		2759.26		0.94003		0.95015		0.84755		0.84615		0.85052		0.84833		0.69509
976		2761.01		0.93999		0.95005		0.84755		0.84615		0.85052		0.84833		0.69509
977		2762.83		0.93993		0.94999		0.84755		0.84615		0.85052		0.84833		0.69509
978		2763.96		0.93996		0.94994		0.84755		0.84615		0.85052		0.84833		0.69509
979		2765.14		0.93995		0.94993		0.84755		0.84615		0.85052		0.84833		0.69509
980		2766.29		0.93988		0.9499		0.84755		0.84615		0.85052		0.84833		0.69509
981		2767.61		0.9398		0.94977		0.84755		0.84615		0.85052		0.84833		0.69509
982		2768.89		0.93977		0.9498		0.85013		0.84694		0.85567		0.85128		0.70029
983		2770.4		0.93975		0.9498		0.84755		0.84615		0.85052		0.84833		0.69509
984		2771.78		0.93964		0.94965		0.84755		0.84615		0.85052		0.84833		0.69509
985		2773.35		0.93956		0.94957		0.84755		0.84615		0.85052		0.84833		0.69509
986		2775.07		0.93956		0.94959		0.84755		0.84615		0.85052		0.84833		0.69509
987		2776.35		0.93988		0.94992		0.84755		0.84615		0.85052		0.84833		0.69509
988		2778.17		0.93999		0.94999		0.84755		0.84615		0.85052		0.84833		0.69509
989		2779.56		0.93999		0.95001		0.85013		0.85052		0.85052		0.85052		0.70026
990		2781.21		0.93999		0.95004		0.85013		0.85052		0.85052		0.85052		0.70026
991		2782.75		0.94004		0.95		0.85271		0.85492		0.85052		0.85271		0.70544
992		2784.34		0.94		0.95005		0.8553		0.85567		0.85567		0.85567		0.71059
993		2785.47		0.94012		0.95013		0.85271		0.85128		0.85567		0.85347		0.70543
994		2786.91		0.94004		0.95003		0.84755		0.84264		0.85567		0.8491		0.69516
995		2788.61		0.94001		0.95002		0.84755		0.84264		0.85567		0.8491		0.69516
996		2789.84		0.93985		0.94982		0.84496		0.84184		0.85052		0.84615		0.68995
997		2790.99		0.93983		0.94976		0.84496		0.84184		0.85052		0.84615		0.68995
998		2792.12		0.93991		0.94984		0.84496		0.84184		0.85052		0.84615		0.68995
999		2793.55		0.93993		0.94999		0.84496		0.84184		0.85052		0.84615		0.68995
1000		2794.7		0.93993		0.95007		0.85013		0.85052		0.85052		0.85052		0.70026
fold: 2
Epoch		Time		AUC		AUPR		Accuracy		Precision		Recall		F1-score		Mcc
1		2796.95		0.801		0.75939		0.49871		0.0		0.0		0.0		0.0
AUC improved at epoch  1 ;	best_auc: 0.80099887826505
2		2798.27		0.83604		0.7954		0.62016		0.84058		0.29897		0.44106		0.31609
AUC improved at epoch  2 ;	best_auc: 0.836039741466802
3		2799.75		0.84723		0.81232		0.76744		0.76531		0.7732		0.76923		0.5349
AUC improved at epoch  3 ;	best_auc: 0.8472303829923615
4		2801.23		0.85094		0.81906		0.78811		0.73333		0.90722		0.81106		0.59299
AUC improved at epoch  4 ;	best_auc: 0.8509427915175471
5		2803.08		0.84974		0.81698		0.78811		0.7314		0.91237		0.81193		0.59456
6		2804.89		0.84822		0.81617		0.80103		0.76233		0.87629		0.81535		0.60879
7		2806.3		0.8476		0.81531		0.78811		0.76923		0.82474		0.79602		0.57766
8		2807.61		0.84541		0.81494		0.7907		0.76037		0.85052		0.80292		0.58542
9		2808.89		0.84314		0.81401		0.7907		0.7489		0.87629		0.8076		0.58986
10		2810.36		0.84168		0.81276		0.78295		0.74554		0.86082		0.79904		0.57264
11		2811.97		0.84061		0.81237		0.77519		0.74884		0.8299		0.78729		0.55353
12		2813.67		0.84149		0.81236		0.77519		0.76355		0.79897		0.78086		0.55093
13		2815.0		0.84362		0.81845		0.77519		0.76884		0.78866		0.77863		0.55054
14		2816.38		0.84734		0.82374		0.77261		0.77604		0.76804		0.77202		0.54526
15		2817.53		0.8523		0.82685		0.76227		0.76289		0.76289		0.76289		0.52454
AUC improved at epoch  15 ;	best_auc: 0.8523048982426153
16		2818.73		0.86315		0.83927		0.78811		0.76415		0.83505		0.79803		0.57863
AUC improved at epoch  16 ;	best_auc: 0.8631483360931574
17		2819.88		0.86545		0.84241		0.77519		0.77436		0.77835		0.77635		0.55039
AUC improved at epoch  17 ;	best_auc: 0.8654452219432721
18		2821.16		0.86499		0.84352		0.77261		0.74766		0.82474		0.78431		0.54803
19		2822.48		0.86555		0.844		0.77778		0.78421		0.76804		0.77604		0.5557
AUC improved at epoch  19 ;	best_auc: 0.8655520538432776
20		2824.21		0.869		0.85006		0.78295		0.74123		0.87113		0.80095		0.57464
AUC improved at epoch  20 ;	best_auc: 0.8689973826184498
21		2825.42		0.86884		0.84992		0.79587		0.77251		0.84021		0.80494		0.59393
22		2826.74		0.8678		0.84985		0.78036		0.76585		0.80928		0.78697		0.56156
23		2827.88		0.86825		0.85142		0.79845		0.76852		0.85567		0.80976		0.60068
24		2829.58		0.86993		0.85528		0.81137		0.76419		0.90206		0.82742		0.63301
AUC improved at epoch  24 ;	best_auc: 0.8699321617434966
25		2831.04		0.87148		0.8571		0.80103		0.77209		0.85567		0.81174		0.60553
AUC improved at epoch  25 ;	best_auc: 0.8714812242935741
26		2832.33		0.87276		0.85925		0.78811		0.76667		0.8299		0.79703		0.57811
AUC improved at epoch  26 ;	best_auc: 0.8727632070936382
27		2833.69		0.87474		0.86243		0.81654		0.76395		0.91753		0.83372		0.64616
AUC improved at epoch  27 ;	best_auc: 0.8747395972437368
28		2835.64		0.87557		0.86282		0.80362		0.7757		0.85567		0.81373		0.6104
AUC improved at epoch  28 ;	best_auc: 0.8755675444687784
29		2837.54		0.87581		0.86354		0.80362		0.7757		0.85567		0.81373		0.6104
AUC improved at epoch  29 ;	best_auc: 0.8758079162437904
30		2839.11		0.87813		0.86738		0.79587		0.74262		0.90722		0.81671		0.60668
AUC improved at epoch  30 ;	best_auc: 0.8781315100689066
31		2840.58		0.87709		0.86601		0.79587		0.75785		0.87113		0.81055		0.59833
32		2841.71		0.87674		0.8658		0.79587		0.77251		0.84021		0.80494		0.59393
33		2842.94		0.87514		0.86304		0.8062		0.75319		0.91237		0.82517		0.62643
34		2844.83		0.87386		0.86153		0.79587		0.75556		0.87629		0.81146		0.59931
35		2846.13		0.87338		0.86074		0.79845		0.78155		0.8299		0.805		0.59798
36		2847.32		0.87434		0.86246		0.78811		0.75455		0.85567		0.80193		0.58135
37		2848.44		0.87642		0.86435		0.80103		0.74684		0.91237		0.82135		0.61729
38		2849.67		0.87773		0.8672		0.78036		0.75115		0.84021		0.79319		0.56459
39		2850.78		0.8768		0.86684		0.7907		0.76777		0.83505		0.8		0.58356
40		2852.02		0.87835		0.86813		0.7907		0.74672		0.88144		0.80851		0.59095
AUC improved at epoch  40 ;	best_auc: 0.8783451738689173
41		2853.19		0.87864		0.87027		0.79328		0.75		0.88144		0.81043		0.59565
AUC improved at epoch  41 ;	best_auc: 0.878638961593932
42		2854.75		0.87786		0.86941		0.79587		0.78325		0.81959		0.80101		0.59232
43		2856.28		0.87808		0.86794		0.79587		0.75785		0.87113		0.81055		0.59833
44		2857.97		0.8781		0.8671		0.7907		0.74672		0.88144		0.80851		0.59095
45		2859.26		0.87973		0.87113		0.79328		0.77941		0.81959		0.79899		0.58729
AUC improved at epoch  45 ;	best_auc: 0.8797339885689867
46		2860.83		0.87928		0.87014		0.80103		0.77465		0.85052		0.81081		0.60489
47		2862.5		0.88094		0.87121		0.79328		0.74569		0.89175		0.81221		0.59801
AUC improved at epoch  47 ;	best_auc: 0.8809358474440468
48		2864.16		0.88275		0.87463		0.79328		0.74783		0.8866		0.81132		0.59679
AUC improved at epoch  48 ;	best_auc: 0.8827519897441376
49		2866.06		0.88409		0.87987		0.79845		0.78713		0.81959		0.80303		0.59736
AUC improved at epoch  49 ;	best_auc: 0.8840873884942044
50		2867.66		0.88569		0.88125		0.79587		0.7533		0.88144		0.81235		0.60035
AUC improved at epoch  50 ;	best_auc: 0.8856898669942845
51		2868.86		0.8843		0.87703		0.8062		0.76211		0.89175		0.82185		0.62134
52		2870.07		0.88662		0.88097		0.81137		0.7814		0.86598		0.82152		0.62633
AUC improved at epoch  52 ;	best_auc: 0.8866246461193312
53		2871.33		0.88879		0.88708		0.80879		0.77027		0.88144		0.82212		0.624
AUC improved at epoch  53 ;	best_auc: 0.8887879920944394
54		2872.54		0.89004		0.88496		0.81137		0.78404		0.86082		0.82064		0.62567
AUC improved at epoch  54 ;	best_auc: 0.8900432669195021
55		2873.7		0.89239		0.88735		0.81395		0.77727		0.88144		0.82609		0.63352
AUC improved at epoch  55 ;	best_auc: 0.8923935687196196
56		2874.89		0.89648		0.89531		0.80879		0.76786		0.8866		0.82297		0.62498
AUC improved at epoch  56 ;	best_auc: 0.896479888894824
57		2876.09		0.89747		0.89714		0.82171		0.81407		0.83505		0.82443		0.6436
AUC improved at epoch  57 ;	best_auc: 0.8974680839698734
58		2877.44		0.90003		0.89618		0.7907		0.73444		0.91237		0.81379		0.59909
AUC improved at epoch  58 ;	best_auc: 0.9000320495700016
59		2878.59		0.90126		0.90233		0.82429		0.79439		0.87629		0.83333		0.65198
AUC improved at epoch  59 ;	best_auc: 0.9012606164200629
60		2879.9		0.90011		0.90623		0.82171		0.81407		0.83505		0.82443		0.6436
61		2881.17		0.90519		0.90535		0.78553		0.7247		0.92268		0.81179		0.59348
AUC improved at epoch  61 ;	best_auc: 0.9051866887452593
62		2882.66		0.90105		0.90002		0.80879		0.77778		0.86598		0.81951		0.62149
63		2884.12		0.90484		0.91098		0.81654		0.79147		0.86082		0.82469		0.63545
64		2885.59		0.91101		0.91738		0.79328		0.75		0.88144		0.81043		0.59565
AUC improved at epoch  64 ;	best_auc: 0.9110090272955504
65		2887.18		0.91039		0.91283		0.81395		0.78774		0.86082		0.82266		0.63055
66		2888.64		0.91237		0.91443		0.81137		0.75527		0.92268		0.83063		0.6385
AUC improved at epoch  66 ;	best_auc: 0.9123711340206185
67		2890.72		0.91507		0.92209		0.82171		0.80193		0.85567		0.82793		0.6448
AUC improved at epoch  67 ;	best_auc: 0.9150686394957533
68		2892.72		0.9144		0.92022		0.83979		0.83		0.85567		0.84264		0.67989
69		2894.24		0.9152		0.91811		0.79587		0.73859		0.91753		0.81839		0.60976
AUC improved at epoch  69 ;	best_auc: 0.9152021793707601
70		2895.74		0.91325		0.91527		0.82171		0.7907		0.87629		0.8313		0.64713
71		2897.29		0.92124		0.92639		0.84496		0.82212		0.88144		0.85075		0.69168
AUC improved at epoch  71 ;	best_auc: 0.9212381817210618
72		2898.46		0.91729		0.9238		0.81654		0.77828		0.8866		0.82892		0.6392
73		2899.63		0.92343		0.92602		0.83979		0.83		0.85567		0.84264		0.67989
AUC improved at epoch  73 ;	best_auc: 0.9234282356711714
74		2900.82		0.92172		0.92313		0.82171		0.78539		0.8866		0.83293		0.64873
75		2902.13		0.92143		0.92441		0.81912		0.77928		0.89175		0.83173		0.6449
76		2903.41		0.91996		0.92492		0.82171		0.79904		0.86082		0.82878		0.64528
77		2904.61		0.92247		0.92662		0.82171		0.77778		0.90206		0.83532		0.65169
78		2905.77		0.92784		0.92909		0.84238		0.81221		0.89175		0.85012		0.688
AUC improved at epoch  78 ;	best_auc: 0.9278350515463917
79		2906.95		0.92909		0.92987		0.83721		0.80751		0.8866		0.84521		0.67761
AUC improved at epoch  79 ;	best_auc: 0.9290903263714545
80		2908.99		0.93016		0.93048		0.83979		0.80556		0.89691		0.84878		0.68393
AUC improved at epoch  80 ;	best_auc: 0.9301586453715079
81		2910.14		0.92802		0.92902		0.85788		0.84236		0.88144		0.86146		0.7165
82		2911.29		0.92901		0.93104		0.81137		0.75745		0.91753		0.82984		0.63701
83		2912.49		0.92901		0.93044		0.85013		0.84694		0.85567		0.85128		0.70029
84		2914.07		0.93355		0.93419		0.82687		0.77253		0.92784		0.84309		0.66727
AUC improved at epoch  84 ;	best_auc: 0.9335505581966775
85		2915.78		0.9343		0.93563		0.83463		0.79279		0.90722		0.84615		0.67625
AUC improved at epoch  85 ;	best_auc: 0.934298381496715
86		2916.98		0.93323		0.93475		0.85788		0.8601		0.85567		0.85788		0.71577
87		2918.59		0.93534		0.93799		0.83204		0.78667		0.91237		0.84487		0.67264
AUC improved at epoch  87 ;	best_auc: 0.935339992521767
88		2920.28		0.93403		0.93617		0.82429		0.77391		0.91753		0.83962		0.65994
89		2921.55		0.93366		0.93614		0.85013		0.82381		0.89175		0.85644		0.7026
90		2922.82		0.93756		0.93991		0.84238		0.79821		0.91753		0.85372		0.69246
AUC improved at epoch  90 ;	best_auc: 0.9375567544468779
91		2924.05		0.93977		0.94192		0.84755		0.81106		0.90722		0.85645		0.69996
AUC improved at epoch  91 ;	best_auc: 0.9397735163719887
92		2925.54		0.94287		0.94407		0.86305		0.83099		0.91237		0.86978		0.72955
AUC improved at epoch  92 ;	best_auc: 0.9428716414721435
93		2926.76		0.94314		0.94369		0.86047		0.81818		0.92784		0.86957		0.72743
AUC improved at epoch  93 ;	best_auc: 0.943138721222157
94		2928.1		0.94138		0.94178		0.84496		0.8018		0.91753		0.85577		0.69715
95		2930.03		0.93911		0.94075		0.84238		0.8009		0.91237		0.85301		0.69141
96		2931.67		0.94063		0.94339		0.85013		0.81193		0.91237		0.85922		0.70561
97		2932.9		0.9429		0.94541		0.86047		0.80973		0.9433		0.87143		0.73088
98		2934.01		0.94175		0.94327		0.86305		0.82192		0.92784		0.87167		0.73215
99		2935.22		0.9406		0.94175		0.85271		0.80444		0.93299		0.86396		0.71454
100		2936.56		0.94501		0.94755		0.86047		0.81532		0.93299		0.87019		0.7285
AUC improved at epoch  100 ;	best_auc: 0.9450082794722504
101		2938.01		0.94544		0.94805		0.8553		0.82243		0.90722		0.86275		0.71434
AUC improved at epoch  101 ;	best_auc: 0.9454356070722718
102		2939.17		0.94426		0.94646		0.84238		0.78788		0.93814		0.85647		0.69748
103		2940.78		0.94108		0.943		0.85788		0.81735		0.92268		0.86683		0.72172
104		2942.65		0.94506		0.94838		0.8553		0.80804		0.93299		0.86603		0.71918
105		2944.44		0.94974		0.9531		0.8708		0.83333		0.92784		0.87805		0.74637
AUC improved at epoch  105 ;	best_auc: 0.9497355910474868
106		2946.17		0.94976		0.95134		0.84755		0.79221		0.9433		0.86118		0.70801
AUC improved at epoch  106 ;	best_auc: 0.9497622990224881
107		2947.54		0.94578		0.94713		0.87339		0.85366		0.90206		0.87719		0.74794
108		2948.73		0.95241		0.95512		0.83721		0.77178		0.95876		0.85517		0.69505
AUC improved at epoch  108 ;	best_auc: 0.9524063885476203
109		2950.28		0.94979		0.95433		0.87339		0.84689		0.91237		0.87841		0.74897
110		2951.9		0.94682		0.95093		0.8708		0.83333		0.92784		0.87805		0.74637
111		2953.34		0.94514		0.94838		0.83463		0.77542		0.9433		0.85116		0.68542
112		2954.99		0.95016		0.95255		0.86563		0.82569		0.92784		0.87379		0.73687
113		2956.82		0.95449		0.95762		0.87597		0.84112		0.92784		0.88235		0.75592
AUC improved at epoch  113 ;	best_auc: 0.9544896105977244
114		2958.32		0.95283		0.95596		0.86563		0.82569		0.92784		0.87379		0.73687
115		2959.66		0.95048		0.95404		0.86563		0.83178		0.91753		0.87255		0.73513
116		2960.89		0.94621		0.94885		0.85788		0.81166		0.93299		0.86811		0.72383
117		2962.23		0.94974		0.95253		0.84238		0.78541		0.9433		0.85714		0.69895
118		2963.53		0.95116		0.9555		0.87597		0.83796		0.93299		0.88293		0.75677
119		2964.8		0.9542		0.95811		0.87339		0.84038		0.92268		0.87961		0.75033
120		2966.12		0.95532		0.95827		0.86822		0.81778		0.94845		0.87828		0.74597
AUC improved at epoch  120 ;	best_auc: 0.9553175578227658
121		2967.53		0.95366		0.95615		0.87597		0.84762		0.91753		0.88119		0.75447
122		2969.41		0.95489		0.95765		0.88372		0.8371		0.95361		0.89157		0.77494
123		2970.98		0.95502		0.95884		0.86563		0.81696		0.9433		0.8756		0.74011
124		2972.53		0.95388		0.95876		0.88114		0.85238		0.92268		0.88614		0.76484
125		2974.09		0.95406		0.95843		0.87855		0.84507		0.92784		0.88452		0.76072
126		2975.4		0.95508		0.95834		0.86563		0.81982		0.93814		0.875		0.73895
127		2977.29		0.95655		0.95941		0.88114		0.85238		0.92268		0.88614		0.76484
AUC improved at epoch  127 ;	best_auc: 0.9565461246728273
128		2978.62		0.95703		0.96018		0.88114		0.85238		0.92268		0.88614		0.76484
AUC improved at epoch  128 ;	best_auc: 0.9570268682228513
129		2979.75		0.95436		0.95772		0.86563		0.81982		0.93814		0.875		0.73895
130		2980.99		0.95347		0.95669		0.87855		0.84186		0.93299		0.88509		0.76154
131		2982.17		0.95468		0.95751		0.88372		0.84977		0.93299		0.88943		0.77111
132		2983.46		0.95641		0.95971		0.87597		0.83486		0.93814		0.8835		0.75771
133		2984.56		0.95711		0.96087		0.8708		0.82143		0.94845		0.88038		0.75058
AUC improved at epoch  133 ;	best_auc: 0.9571069921478553
134		2985.79		0.95655		0.96059		0.87855		0.83258		0.94845		0.88675		0.7645
135		2987.05		0.95492		0.95884		0.88114		0.85238		0.92268		0.88614		0.76484
136		2988.37		0.95457		0.95787		0.87855		0.84186		0.93299		0.88509		0.76154
137		2989.78		0.95516		0.95836		0.87597		0.83486		0.93814		0.8835		0.75771
138		2991.19		0.95593		0.9595		0.87597		0.83486		0.93814		0.8835		0.75771
139		2993.04		0.95748		0.96151		0.88114		0.84259		0.93814		0.8878		0.76718
AUC improved at epoch  139 ;	best_auc: 0.957480903797874
140		2994.53		0.95725		0.96143		0.8863		0.85047		0.93814		0.89216		0.77671
141		2996.01		0.95574		0.95977		0.87855		0.84186		0.93299		0.88509		0.76154
142		2997.52		0.95369		0.95717		0.8863		0.86408		0.91753		0.89		0.77406
143		2998.92		0.95574		0.9588		0.89147		0.85185		0.94845		0.89756		0.78799
144		3000.28		0.95773		0.95986		0.88889		0.84793		0.94845		0.89538		0.78326
AUC improved at epoch  144 ;	best_auc: 0.9577346295603867
145		3002.07		0.95713		0.95813		0.8863		0.84722		0.9433		0.89268		0.77759
146		3003.75		0.95572		0.95589		0.88889		0.84793		0.94845		0.89538		0.78326
147		3005.17		0.9551		0.95544		0.88889		0.84793		0.94845		0.89538		0.78326
148		3006.41		0.95651		0.95782		0.88889		0.84793		0.94845		0.89538		0.78326
149		3007.55		0.957		0.95952		0.89664		0.87379		0.92784		0.9		0.79478
150		3008.8		0.95689		0.95991		0.89406		0.87317		0.92268		0.89724		0.78936
151		3010.04		0.95727		0.96022		0.8863		0.85714		0.92784		0.89109		0.77522
152		3011.2		0.95763		0.96034		0.87855		0.83871		0.93814		0.88564		0.76244
153		3012.52		0.95804		0.96057		0.88889		0.84793		0.94845		0.89538		0.78326
AUC improved at epoch  153 ;	best_auc: 0.9580417712729021
154		3014.3		0.95669		0.95948		0.88372		0.84332		0.9433		0.89051		0.77285
155		3015.7		0.95791		0.96013		0.87597		0.82589		0.95361		0.88517		0.76105
156		3017.24		0.95867		0.95973		0.87597		0.82301		0.95876		0.88571		0.76234
AUC improved at epoch  156 ;	best_auc: 0.9586694086854335
157		3018.45		0.95687		0.95712		0.87597		0.83182		0.9433		0.88406		0.75874
158		3019.74		0.95597		0.95606		0.8863		0.86058		0.92268		0.89055		0.7746
159		3021.46		0.95512		0.95595		0.89406		0.87317		0.92268		0.89724		0.78936
160		3023.76		0.95545		0.95722		0.88889		0.85116		0.9433		0.89487		0.78234
161		3025.39		0.95477		0.95682		0.88114		0.83636		0.94845		0.88889		0.76917
162		3026.64		0.95454		0.95603		0.88114		0.83945		0.9433		0.88835		0.76813
163		3027.77		0.95373		0.95505		0.8863		0.84722		0.9433		0.89268		0.77759
164		3029.18		0.95445		0.95534		0.88372		0.84977		0.93299		0.88943		0.77111
165		3030.58		0.95753		0.95853		0.89664		0.85648		0.95361		0.90244		0.7984
166		3032.39		0.9588		0.96037		0.89147		0.84862		0.95361		0.89806		0.78897
AUC improved at epoch  166 ;	best_auc: 0.9588029485604401
167		3033.85		0.9582		0.96027		0.88372		0.84332		0.9433		0.89051		0.77285
168		3035.18		0.95728		0.95952		0.89664		0.86667		0.93814		0.90099		0.79596
169		3036.3		0.95769		0.95916		0.90181		0.87864		0.93299		0.905		0.80514
170		3037.64		0.95879		0.95994		0.89147		0.85849		0.93814		0.89655		0.7863
171		3039.22		0.95852		0.96012		0.8863		0.84404		0.94845		0.8932		0.77855
172		3040.51		0.95788		0.96013		0.87855		0.8296		0.95361		0.88729		0.76566
173		3041.7		0.95665		0.95999		0.87597		0.83796		0.93299		0.88293		0.75677
174		3042.94		0.95616		0.9598		0.88114		0.84579		0.93299		0.88725		0.76632
175		3044.97		0.95615		0.95988		0.88372		0.84977		0.93299		0.88943		0.77111
176		3046.16		0.95696		0.95921		0.88889		0.84793		0.94845		0.89538		0.78326
177		3047.84		0.95807		0.9594		0.8863		0.84404		0.94845		0.8932		0.77855
178		3049.55		0.9581		0.9585		0.89406		0.85581		0.94845		0.89976		0.79274
179		3050.81		0.95749		0.95744		0.89147		0.85514		0.9433		0.89706		0.7871
180		3052.07		0.95764		0.95778		0.89406		0.85915		0.9433		0.89926		0.79189
181		3053.4		0.95724		0.95802		0.89406		0.85915		0.9433		0.89926		0.79189
182		3054.66		0.95508		0.95633		0.88889		0.84793		0.94845		0.89538		0.78326
183		3055.88		0.95307		0.95442		0.87855		0.83562		0.9433		0.8862		0.76343
184		3057.14		0.95231		0.9543		0.8863		0.85377		0.93299		0.89163		0.77592
185		3058.33		0.95295		0.95487		0.89147		0.85849		0.93814		0.89655		0.7863
186		3060.06		0.95442		0.9561		0.89147		0.8619		0.93299		0.89604		0.78559
187		3061.72		0.95589		0.95653		0.88114		0.84579		0.93299		0.88725		0.76632
188		3063.11		0.95756		0.95748		0.88889		0.85446		0.93814		0.89435		0.7815
189		3065.01		0.95826		0.95807		0.8863		0.84091		0.95361		0.89372		0.7796
190		3066.63		0.95818		0.95823		0.87855		0.82667		0.95876		0.88783		0.76692
191		3068.02		0.95732		0.95751		0.88372		0.8371		0.95361		0.89157		0.77494
192		3069.25		0.95599		0.95636		0.88889		0.85116		0.9433		0.89487		0.78234
193		3070.66		0.95615		0.95688		0.8863		0.84722		0.9433		0.89268		0.77759
194		3072.26		0.95652		0.95738		0.88372		0.84018		0.94845		0.89104		0.77385
195		3073.77		0.95695		0.95832		0.87597		0.83182		0.9433		0.88406		0.75874
196		3075.3		0.95664		0.95794		0.87855		0.83562		0.9433		0.8862		0.76343
197		3076.79		0.95683		0.9581		0.8863		0.84404		0.94845		0.8932		0.77855
198		3078.49		0.95695		0.958		0.88889		0.84793		0.94845		0.89538		0.78326
199		3079.85		0.9564		0.95756		0.88889		0.85116		0.9433		0.89487		0.78234
200		3081.4		0.95664		0.95834		0.8863		0.84722		0.9433		0.89268		0.77759
201		3082.88		0.95629		0.95838		0.88372		0.84332		0.9433		0.89051		0.77285
202		3084.34		0.95585		0.95799		0.88114		0.83945		0.9433		0.88835		0.76813
203		3085.51		0.9564		0.95816		0.88114		0.84259		0.93814		0.8878		0.76718
204		3086.67		0.95736		0.95862		0.88372		0.84651		0.93814		0.88998		0.77194
205		3087.86		0.95808		0.95932		0.87855		0.83871		0.93814		0.88564		0.76244
206		3089.26		0.95859		0.95963		0.8863		0.85047		0.93814		0.89216		0.77671
207		3090.86		0.9585		0.95956		0.8863		0.84722		0.9433		0.89268		0.77759
208		3092.31		0.95791		0.95923		0.88372		0.84332		0.9433		0.89051		0.77285
209		3093.66		0.95767		0.95967		0.88114		0.83945		0.9433		0.88835		0.76813
210		3095.24		0.95811		0.96076		0.88114		0.83945		0.9433		0.88835		0.76813
211		3097.33		0.95777		0.96072		0.88114		0.84259		0.93814		0.8878		0.76718
212		3098.77		0.95732		0.96046		0.88889		0.85446		0.93814		0.89435		0.7815
213		3099.92		0.95739		0.96061		0.8863		0.85047		0.93814		0.89216		0.77671
214		3101.12		0.95716		0.95997		0.88372		0.84651		0.93814		0.88998		0.77194
215		3102.45		0.95719		0.95973		0.88889		0.85116		0.9433		0.89487		0.78234
216		3103.6		0.95716		0.95934		0.88372		0.84651		0.93814		0.88998		0.77194
217		3104.73		0.95709		0.95909		0.88114		0.84579		0.93299		0.88725		0.76632
218		3105.85		0.95687		0.95847		0.88372		0.84651		0.93814		0.88998		0.77194
219		3107.09		0.95616		0.95784		0.87597		0.83486		0.93814		0.8835		0.75771
220		3108.83		0.95657		0.95792		0.87597		0.83182		0.9433		0.88406		0.75874
221		3110.4		0.95685		0.95809		0.88114		0.83945		0.9433		0.88835		0.76813
222		3111.55		0.95704		0.95839		0.8863		0.84722		0.9433		0.89268		0.77759
223		3112.74		0.95755		0.95921		0.8863		0.84722		0.9433		0.89268		0.77759
224		3114.07		0.95696		0.95863		0.88889		0.85446		0.93814		0.89435		0.7815
225		3115.68		0.95536		0.95703		0.8863		0.85047		0.93814		0.89216		0.77671
226		3117.4		0.95343		0.95512		0.88372		0.84651		0.93814		0.88998		0.77194
227		3118.62		0.95295		0.95496		0.88114		0.84259		0.93814		0.8878		0.76718
228		3119.95		0.95366		0.95584		0.88889		0.85446		0.93814		0.89435		0.7815
229		3121.14		0.95604		0.95802		0.89664		0.86321		0.9433		0.90148		0.79669
230		3122.53		0.95721		0.95909		0.89147		0.8619		0.93299		0.89604		0.78559
231		3123.76		0.95804		0.95899		0.89147		0.8619		0.93299		0.89604		0.78559
232		3125.28		0.95807		0.9584		0.88114		0.84259		0.93814		0.8878		0.76718
233		3126.71		0.95804		0.95834		0.88114		0.83945		0.9433		0.88835		0.76813
234		3128.33		0.95747		0.95754		0.87597		0.82883		0.94845		0.88462		0.75985
235		3129.71		0.95688		0.95713		0.88114		0.83945		0.9433		0.88835		0.76813
236		3131.04		0.95623		0.95716		0.8863		0.84722		0.9433		0.89268		0.77759
237		3132.41		0.95604		0.95754		0.8863		0.85047		0.93814		0.89216		0.77671
238		3134.26		0.95608		0.95792		0.8863		0.85377		0.93299		0.89163		0.77592
239		3135.41		0.95623		0.95836		0.88889		0.85116		0.9433		0.89487		0.78234
240		3137.19		0.95687		0.95882		0.8863		0.84722		0.9433		0.89268		0.77759
241		3138.97		0.95701		0.95868		0.88114		0.83945		0.9433		0.88835		0.76813
242		3140.53		0.9576		0.95922		0.88372		0.84332		0.9433		0.89051		0.77285
243		3142.06		0.95755		0.95844		0.89147		0.85514		0.9433		0.89706		0.7871
244		3143.19		0.95648		0.95709		0.89406		0.85915		0.9433		0.89926		0.79189
245		3144.48		0.95557		0.95568		0.89406		0.85915		0.9433		0.89926		0.79189
246		3145.68		0.95496		0.95523		0.89664		0.86321		0.9433		0.90148		0.79669
247		3146.79		0.95401		0.95408		0.89664		0.87019		0.93299		0.9005		0.79533
248		3147.9		0.9537		0.95413		0.89664		0.87019		0.93299		0.9005		0.79533
249		3149.06		0.95401		0.95497		0.89664		0.87019		0.93299		0.9005		0.79533
250		3150.39		0.95524		0.95646		0.89147		0.85849		0.93814		0.89655		0.7863
251		3151.64		0.95604		0.95765		0.8863		0.84722		0.9433		0.89268		0.77759
252		3153.24		0.95697		0.95867		0.88372		0.84651		0.93814		0.88998		0.77194
253		3154.69		0.95724		0.95872		0.88372		0.84651		0.93814		0.88998		0.77194
254		3156.58		0.95667		0.9582		0.88114		0.84259		0.93814		0.8878		0.76718
255		3158.24		0.95566		0.95692		0.8863		0.85047		0.93814		0.89216		0.77671
256		3159.56		0.95466		0.95573		0.8863		0.85047		0.93814		0.89216		0.77671
257		3160.99		0.95432		0.95542		0.87855		0.83871		0.93814		0.88564		0.76244
258		3162.68		0.95445		0.95598		0.88114		0.84259		0.93814		0.8878		0.76718
259		3164.01		0.95477		0.95618		0.88114		0.84259		0.93814		0.8878		0.76718
260		3165.19		0.95562		0.95727		0.88889		0.85116		0.9433		0.89487		0.78234
261		3166.42		0.95707		0.95883		0.8863		0.84722		0.9433		0.89268		0.77759
262		3167.55		0.95773		0.95928		0.8863		0.84722		0.9433		0.89268		0.77759
263		3168.76		0.95808		0.95921		0.8863		0.84722		0.9433		0.89268		0.77759
264		3169.86		0.95806		0.95872		0.88889		0.85116		0.9433		0.89487		0.78234
265		3171.01		0.95755		0.95768		0.8863		0.84722		0.9433		0.89268		0.77759
266		3172.18		0.95699		0.95682		0.88889		0.85116		0.9433		0.89487		0.78234
267		3173.34		0.95685		0.95649		0.89147		0.85185		0.94845		0.89756		0.78799
268		3174.57		0.95639		0.95609		0.89147		0.85185		0.94845		0.89756		0.78799
269		3175.7		0.95633		0.95606		0.89406		0.85581		0.94845		0.89976		0.79274
270		3176.95		0.95645		0.95657		0.89922		0.86385		0.94845		0.90418		0.80228
271		3178.18		0.95659		0.95704		0.90181		0.86792		0.94845		0.9064		0.80707
272		3179.88		0.9568		0.95757		0.90181		0.86792		0.94845		0.9064		0.80707
273		3181.5		0.95669		0.95771		0.90181		0.86792		0.94845		0.9064		0.80707
274		3182.78		0.9564		0.95758		0.89922		0.86385		0.94845		0.90418		0.80228
275		3184.19		0.95632		0.95747		0.89664		0.85981		0.94845		0.90196		0.7975
276		3185.81		0.95613		0.95726		0.89922		0.86385		0.94845		0.90418		0.80228
277		3187.46		0.95609		0.95698		0.89664		0.86321		0.9433		0.90148		0.79669
278		3189.24		0.95544		0.95654		0.89664		0.86321		0.9433		0.90148		0.79669
279		3191.0		0.95545		0.95652		0.89664		0.86321		0.9433		0.90148		0.79669
280		3192.16		0.95526		0.9564		0.89406		0.85915		0.9433		0.89926		0.79189
281		3193.48		0.95504		0.95636		0.89147		0.8619		0.93299		0.89604		0.78559
282		3194.68		0.95462		0.95582		0.89147		0.8619		0.93299		0.89604		0.78559
283		3195.77		0.95505		0.95634		0.88889		0.85782		0.93299		0.89383		0.78075
284		3196.93		0.95627		0.95747		0.89147		0.85849		0.93814		0.89655		0.7863
285		3198.15		0.95733		0.958		0.89147		0.85514		0.9433		0.89706		0.7871
286		3199.36		0.95779		0.9582		0.89406		0.85581		0.94845		0.89976		0.79274
287		3200.66		0.9586		0.95892		0.89406		0.85581		0.94845		0.89976		0.79274
288		3202.34		0.95859		0.95871		0.89406		0.85581		0.94845		0.89976		0.79274
289		3203.98		0.95879		0.95892		0.89147		0.85514		0.9433		0.89706		0.7871
290		3205.79		0.95864		0.95875		0.89406		0.86256		0.93814		0.89877		0.79112
291		3207.45		0.9583		0.95832		0.89664		0.86667		0.93814		0.90099		0.79596
292		3208.83		0.95795		0.95862		0.89406		0.86256		0.93814		0.89877		0.79112
293		3210.05		0.95772		0.95864		0.89147		0.85849		0.93814		0.89655		0.7863
294		3211.35		0.95699		0.95818		0.88372		0.84018		0.94845		0.89104		0.77385
295		3212.47		0.95613		0.95772		0.8863		0.84091		0.95361		0.89372		0.7796
296		3214.08		0.9566		0.9584		0.88372		0.8371		0.95361		0.89157		0.77494
297		3215.87		0.95637		0.95792		0.89664		0.85648		0.95361		0.90244		0.7984
298		3217.77		0.95612		0.95745		0.89406		0.86256		0.93814		0.89877		0.79112
299		3219.09		0.95628		0.95699		0.89664		0.87019		0.93299		0.9005		0.79533
300		3220.2		0.95597		0.95603		0.89406		0.86603		0.93299		0.89826		0.79045
301		3221.39		0.95627		0.95593		0.88889		0.85782		0.93299		0.89383		0.78075
302		3222.6		0.95661		0.95582		0.88889		0.85446		0.93814		0.89435		0.7815
303		3223.69		0.95671		0.95607		0.89147		0.85514		0.9433		0.89706		0.7871
304		3224.8		0.95684		0.95647		0.8863		0.85047		0.93814		0.89216		0.77671
305		3225.97		0.95665		0.95685		0.8863		0.85047		0.93814		0.89216		0.77671
306		3227.73		0.95578		0.95642		0.88889		0.85116		0.9433		0.89487		0.78234
307		3229.38		0.95514		0.95638		0.8863		0.85047		0.93814		0.89216		0.77671
308		3230.64		0.95404		0.95568		0.8863		0.85047		0.93814		0.89216		0.77671
309		3231.78		0.95374		0.95571		0.88372		0.84977		0.93299		0.88943		0.77111
310		3232.87		0.95522		0.95686		0.8863		0.85047		0.93814		0.89216		0.77671
311		3234.13		0.95562		0.9569		0.88114		0.85238		0.92268		0.88614		0.76484
312		3235.22		0.95584		0.95665		0.87855		0.84507		0.92784		0.88452		0.76072
313		3236.29		0.95546		0.95608		0.88372		0.84651		0.93814		0.88998		0.77194
314		3237.39		0.95362		0.95437		0.88372		0.84018		0.94845		0.89104		0.77385
315		3238.66		0.95209		0.95317		0.87855		0.83562		0.9433		0.8862		0.76343
316		3240.12		0.95151		0.95278		0.88114		0.84259		0.93814		0.8878		0.76718
317		3242.05		0.95179		0.95357		0.89406		0.86603		0.93299		0.89826		0.79045
318		3243.83		0.95355		0.95573		0.90181		0.875		0.93814		0.90547		0.80569
319		3245.1		0.95464		0.95705		0.90181		0.87864		0.93299		0.905		0.80514
320		3247.0		0.9554		0.95722		0.8863		0.85377		0.93299		0.89163		0.77592
321		3248.39		0.95603		0.95743		0.87855		0.84186		0.93299		0.88509		0.76154
322		3249.59		0.95648		0.95804		0.88372		0.84977		0.93299		0.88943		0.77111
323		3250.75		0.95597		0.95765		0.89147		0.85849		0.93814		0.89655		0.7863
324		3251.98		0.95509		0.95672		0.89147		0.85849		0.93814		0.89655		0.7863
325		3253.33		0.95526		0.95694		0.89406		0.86603		0.93299		0.89826		0.79045
326		3254.56		0.95566		0.95708		0.89406		0.86256		0.93814		0.89877		0.79112
327		3255.64		0.95644		0.95762		0.89664		0.86321		0.9433		0.90148		0.79669
328		3256.74		0.95771		0.95883		0.89147		0.85514		0.9433		0.89706		0.7871
329		3257.95		0.95761		0.95876		0.89406		0.85581		0.94845		0.89976		0.79274
330		3259.24		0.95744		0.95881		0.89406		0.86603		0.93299		0.89826		0.79045
331		3260.51		0.95688		0.95841		0.89922		0.8744		0.93299		0.90274		0.80022
332		3261.83		0.95656		0.95818		0.89664		0.87379		0.92784		0.9		0.79478
333		3263.21		0.9562		0.95757		0.89922		0.8744		0.93299		0.90274		0.80022
334		3264.49		0.95565		0.95688		0.88889		0.85782		0.93299		0.89383		0.78075
335		3266.18		0.95553		0.95619		0.8863		0.84404		0.94845		0.8932		0.77855
336		3267.71		0.95437		0.955		0.87855		0.83562		0.9433		0.8862		0.76343
337		3268.99		0.95385		0.95449		0.87855		0.83562		0.9433		0.8862		0.76343
338		3270.41		0.95425		0.95474		0.88372		0.84651		0.93814		0.88998		0.77194
339		3271.72		0.95461		0.95515		0.89406		0.86603		0.93299		0.89826		0.79045
340		3273.04		0.95506		0.95522		0.89147		0.86893		0.92268		0.895		0.78442
341		3274.59		0.95569		0.95568		0.89406		0.86957		0.92784		0.89776		0.78986
342		3276.2		0.95591		0.95617		0.89147		0.85849		0.93814		0.89655		0.7863
343		3277.49		0.95745		0.95775		0.89147		0.85185		0.94845		0.89756		0.78799
344		3278.93		0.95882		0.95941		0.89147		0.85185		0.94845		0.89756		0.78799
AUC improved at epoch  344 ;	best_auc: 0.9588163025479408
345		3280.24		0.95934		0.95982		0.89406		0.85581		0.94845		0.89976		0.79274
AUC improved at epoch  345 ;	best_auc: 0.9593371080604669
346		3281.58		0.95915		0.96015		0.88889		0.85116		0.9433		0.89487		0.78234
347		3283.09		0.95818		0.95971		0.89406		0.85915		0.9433		0.89926		0.79189
348		3284.46		0.9568		0.95805		0.89922		0.87081		0.93814		0.90323		0.80082
349		3285.84		0.95562		0.95717		0.89922		0.8744		0.93299		0.90274		0.80022
350		3287.19		0.95461		0.95613		0.89664		0.87019		0.93299		0.9005		0.79533
351		3288.74		0.95425		0.95572		0.89664		0.86667		0.93814		0.90099		0.79596
352		3290.01		0.95496		0.95616		0.89664		0.86667		0.93814		0.90099		0.79596
353		3291.42		0.95631		0.95752		0.89664		0.86321		0.9433		0.90148		0.79669
354		3292.7		0.95727		0.95869		0.88889		0.85446		0.93814		0.89435		0.7815
355		3294.4		0.95685		0.95857		0.8863		0.85047		0.93814		0.89216		0.77671
356		3295.74		0.95689		0.95872		0.88372		0.84977		0.93299		0.88943		0.77111
357		3297.16		0.95578		0.95758		0.88114		0.84579		0.93299		0.88725		0.76632
358		3298.47		0.95406		0.95614		0.8863		0.84722		0.9433		0.89268		0.77759
359		3300.15		0.95313		0.95513		0.88372		0.84651		0.93814		0.88998		0.77194
360		3301.61		0.95318		0.95519		0.88889		0.86124		0.92784		0.8933		0.78008
361		3303.24		0.95409		0.95572		0.89147		0.86538		0.92784		0.89552		0.78496
362		3304.39		0.95513		0.95621		0.89406		0.86957		0.92784		0.89776		0.78986
363		3305.57		0.95565		0.95649		0.89406		0.86603		0.93299		0.89826		0.79045
364		3306.81		0.95562		0.95609		0.89406		0.85915		0.9433		0.89926		0.79189
365		3307.95		0.95541		0.95587		0.88889		0.85116		0.9433		0.89487		0.78234
366		3309.11		0.95496		0.95544		0.8863		0.84722		0.9433		0.89268		0.77759
367		3310.29		0.95449		0.95526		0.88889		0.85116		0.9433		0.89487		0.78234
368		3311.6		0.95377		0.95476		0.89406		0.85915		0.9433		0.89926		0.79189
369		3312.71		0.9531		0.95427		0.89406		0.85915		0.9433		0.89926		0.79189
370		3313.91		0.95297		0.95431		0.89406		0.85915		0.9433		0.89926		0.79189
371		3315.08		0.95242		0.95372		0.89147		0.85849		0.93814		0.89655		0.7863
372		3316.46		0.95254		0.95394		0.89147		0.85849		0.93814		0.89655		0.7863
373		3317.61		0.95299		0.95436		0.89406		0.86256		0.93814		0.89877		0.79112
374		3319.12		0.95492		0.95607		0.89664		0.86667		0.93814		0.90099		0.79596
375		3320.78		0.95573		0.95647		0.89664		0.86667		0.93814		0.90099		0.79596
376		3322.14		0.95663		0.95692		0.89406		0.86603		0.93299		0.89826		0.79045
377		3323.29		0.95645		0.95627		0.89664		0.87019		0.93299		0.9005		0.79533
378		3324.41		0.95657		0.95638		0.89406		0.86256		0.93814		0.89877		0.79112
379		3325.73		0.95633		0.95578		0.89147		0.8619		0.93299		0.89604		0.78559
380		3327.54		0.95482		0.9545		0.88889		0.86124		0.92784		0.8933		0.78008
381		3329.42		0.95318		0.95289		0.89664		0.87019		0.93299		0.9005		0.79533
382		3331.12		0.95259		0.95261		0.89406		0.86603		0.93299		0.89826		0.79045
383		3332.46		0.95299		0.95371		0.89147		0.85849		0.93814		0.89655		0.7863
384		3333.62		0.9529		0.95421		0.88889		0.85446		0.93814		0.89435		0.7815
385		3334.86		0.95262		0.95433		0.89147		0.85849		0.93814		0.89655		0.7863
386		3336.03		0.95183		0.95371		0.89664		0.86667		0.93814		0.90099		0.79596
387		3337.17		0.95285		0.95446		0.90181		0.87143		0.9433		0.90594		0.80634
388		3338.53		0.95362		0.95489		0.90439		0.8756		0.9433		0.90819		0.81119
389		3340.43		0.95432		0.95513		0.90181		0.87143		0.9433		0.90594		0.80634
390		3341.77		0.95521		0.95553		0.89147		0.85514		0.9433		0.89706		0.7871
391		3343.01		0.95562		0.95588		0.88889		0.85116		0.9433		0.89487		0.78234
392		3344.21		0.95568		0.95598		0.89147		0.85514		0.9433		0.89706		0.7871
393		3345.35		0.95538		0.95567		0.89922		0.8744		0.93299		0.90274		0.80022
394		3346.96		0.9553		0.95555		0.89147		0.8619		0.93299		0.89604		0.78559
395		3348.48		0.9553		0.95594		0.89406		0.86256		0.93814		0.89877		0.79112
396		3349.91		0.95522		0.95627		0.89922		0.86385		0.94845		0.90418		0.80228
397		3351.0		0.9545		0.95585		0.89664		0.85981		0.94845		0.90196		0.7975
398		3352.6		0.95482		0.95639		0.89406		0.86603		0.93299		0.89826		0.79045
399		3354.21		0.95549		0.95679		0.89664		0.87019		0.93299		0.9005		0.79533
400		3355.56		0.95599		0.95677		0.89922		0.8744		0.93299		0.90274		0.80022
401		3356.9		0.95653		0.95712		0.89406		0.86603		0.93299		0.89826		0.79045
402		3358.47		0.95711		0.95774		0.89147		0.8619		0.93299		0.89604		0.78559
403		3360.81		0.95713		0.95787		0.89147		0.8619		0.93299		0.89604		0.78559
404		3362.12		0.95728		0.95815		0.89147		0.8619		0.93299		0.89604		0.78559
405		3363.29		0.95732		0.95809		0.88889		0.85782		0.93299		0.89383		0.78075
406		3364.48		0.95713		0.9583		0.89147		0.8619		0.93299		0.89604		0.78559
407		3365.67		0.95671		0.95825		0.88889		0.85782		0.93299		0.89383		0.78075
408		3366.91		0.95603		0.95747		0.88889		0.85782		0.93299		0.89383		0.78075
409		3367.99		0.95514		0.95625		0.88889		0.85782		0.93299		0.89383		0.78075
410		3369.09		0.95458		0.95547		0.88372		0.85308		0.92784		0.88889		0.77037
411		3370.22		0.95437		0.95504		0.8863		0.85714		0.92784		0.89109		0.77522
412		3371.44		0.95402		0.95487		0.8863		0.85714		0.92784		0.89109		0.77522
413		3372.55		0.95388		0.95459		0.8863		0.85714		0.92784		0.89109		0.77522
414		3373.66		0.95416		0.95516		0.8863		0.85714		0.92784		0.89109		0.77522
415		3374.81		0.9547		0.95572		0.89147		0.8619		0.93299		0.89604		0.78559
416		3375.94		0.9557		0.95672		0.89147		0.85849		0.93814		0.89655		0.7863
417		3377.26		0.9562		0.95704		0.88889		0.85116		0.9433		0.89487		0.78234
418		3378.62		0.95679		0.95799		0.89147		0.85514		0.9433		0.89706		0.7871
419		3380.1		0.95716		0.95906		0.89147		0.85514		0.9433		0.89706		0.7871
420		3381.62		0.95723		0.95933		0.89406		0.85915		0.9433		0.89926		0.79189
421		3383.25		0.95644		0.95877		0.89922		0.8673		0.9433		0.9037		0.8015
422		3384.74		0.956		0.95832		0.89922		0.8673		0.9433		0.9037		0.8015
423		3386.33		0.95537		0.95741		0.89664		0.86321		0.9433		0.90148		0.79669
424		3387.85		0.95445		0.95656		0.88889		0.85782		0.93299		0.89383		0.78075
425		3389.99		0.95345		0.9555		0.8863		0.85377		0.93299		0.89163		0.77592
426		3391.19		0.95327		0.95523		0.8863		0.85377		0.93299		0.89163		0.77592
427		3392.29		0.95417		0.95599		0.89664		0.85981		0.94845		0.90196		0.7975
428		3393.36		0.95488		0.95672		0.89147		0.85849		0.93814		0.89655		0.7863
429		3394.51		0.95561		0.95738		0.88889		0.85446		0.93814		0.89435		0.7815
430		3395.78		0.95599		0.95784		0.89147		0.85849		0.93814		0.89655		0.7863
431		3397.27		0.95562		0.95768		0.89406		0.86256		0.93814		0.89877		0.79112
432		3398.39		0.9553		0.95731		0.89664		0.86321		0.9433		0.90148		0.79669
433		3399.63		0.95446		0.95646		0.89922		0.86385		0.94845		0.90418		0.80228
434		3400.87		0.95452		0.95641		0.89664		0.86321		0.9433		0.90148		0.79669
435		3402.29		0.95468		0.95633		0.89922		0.87081		0.93814		0.90323		0.80082
436		3403.58		0.95512		0.95661		0.89664		0.87019		0.93299		0.9005		0.79533
437		3405.51		0.9554		0.95661		0.89664		0.87019		0.93299		0.9005		0.79533
438		3406.86		0.95546		0.9566		0.89664		0.87019		0.93299		0.9005		0.79533
439		3408.28		0.95639		0.95708		0.89147		0.8619		0.93299		0.89604		0.78559
440		3409.6		0.95653		0.95728		0.88889		0.85782		0.93299		0.89383		0.78075
441		3411.39		0.95684		0.95771		0.88889		0.85446		0.93814		0.89435		0.7815
442		3413.11		0.95685		0.95783		0.88889		0.85446		0.93814		0.89435		0.7815
443		3414.46		0.95604		0.95751		0.88889		0.85446		0.93814		0.89435		0.7815
444		3415.76		0.95546		0.95743		0.89147		0.85849		0.93814		0.89655		0.7863
445		3417.8		0.95485		0.95684		0.89147		0.8619		0.93299		0.89604		0.78559
446		3419.68		0.95501		0.95686		0.89922		0.87081		0.93814		0.90323		0.80082
447		3421.18		0.95498		0.95662		0.89664		0.87019		0.93299		0.9005		0.79533
448		3422.32		0.95481		0.95616		0.89664		0.87019		0.93299		0.9005		0.79533
449		3423.52		0.95518		0.95597		0.89406		0.86603		0.93299		0.89826		0.79045
450		3424.71		0.9552		0.95571		0.89406		0.86603		0.93299		0.89826		0.79045
451		3426.28		0.95566		0.95676		0.89147		0.8619		0.93299		0.89604		0.78559
452		3427.95		0.95564		0.95724		0.89406		0.86603		0.93299		0.89826		0.79045
453		3429.15		0.95469		0.95654		0.89406		0.86256		0.93814		0.89877		0.79112
454		3430.33		0.95404		0.95588		0.89406		0.85915		0.9433		0.89926		0.79189
455		3431.58		0.95338		0.95524		0.88889		0.85116		0.9433		0.89487		0.78234
456		3432.7		0.95359		0.9554		0.89147		0.85514		0.9433		0.89706		0.7871
457		3433.82		0.9544		0.95553		0.89664		0.86667		0.93814		0.90099		0.79596
458		3434.93		0.95617		0.95723		0.90181		0.875		0.93814		0.90547		0.80569
459		3436.01		0.95693		0.95792		0.89147		0.85849		0.93814		0.89655		0.7863
460		3437.21		0.95784		0.95911		0.89147		0.85849		0.93814		0.89655		0.7863
461		3438.41		0.95775		0.9595		0.88889		0.85782		0.93299		0.89383		0.78075
462		3439.52		0.95719		0.95926		0.89147		0.86538		0.92784		0.89552		0.78496
463		3440.67		0.95627		0.95838		0.89664		0.87019		0.93299		0.9005		0.79533
464		3441.91		0.95536		0.95735		0.89406		0.86603		0.93299		0.89826		0.79045
465		3443.15		0.9545		0.95634		0.89406		0.86256		0.93814		0.89877		0.79112
466		3444.57		0.95374		0.9554		0.89147		0.85849		0.93814		0.89655		0.7863
467		3445.91		0.95347		0.95478		0.88889		0.85446		0.93814		0.89435		0.7815
468		3447.42		0.95384		0.95494		0.89664		0.86667		0.93814		0.90099		0.79596
469		3449.2		0.9546		0.95541		0.89147		0.8619		0.93299		0.89604		0.78559
470		3450.69		0.95458		0.95512		0.89147		0.8619		0.93299		0.89604		0.78559
471		3452.12		0.95444		0.95457		0.89406		0.86957		0.92784		0.89776		0.78986
472		3453.69		0.95408		0.95383		0.88889		0.86473		0.92268		0.89277		0.7795
473		3455.22		0.95357		0.9536		0.88889		0.85782		0.93299		0.89383		0.78075
474		3456.84		0.95388		0.95378		0.88889		0.85116		0.9433		0.89487		0.78234
475		3458.1		0.95524		0.95584		0.89406		0.86603		0.93299		0.89826		0.79045
476		3459.6		0.95607		0.95656		0.90181		0.87864		0.93299		0.905		0.80514
477		3461.26		0.95651		0.957		0.90439		0.87923		0.93814		0.90773		0.81058
478		3462.71		0.95636		0.95683		0.89664		0.86667		0.93814		0.90099		0.79596
479		3464.07		0.95659		0.95734		0.89922		0.8673		0.9433		0.9037		0.8015
480		3465.46		0.9574		0.9587		0.89922		0.87081		0.93814		0.90323		0.80082
481		3466.98		0.95793		0.95972		0.90181		0.875		0.93814		0.90547		0.80569
482		3468.66		0.95814		0.96008		0.89664		0.86667		0.93814		0.90099		0.79596
483		3469.93		0.95781		0.95978		0.89147		0.85849		0.93814		0.89655		0.7863
484		3471.28		0.95707		0.95903		0.88889		0.85116		0.9433		0.89487		0.78234
485		3472.73		0.95621		0.95793		0.8863		0.84722		0.9433		0.89268		0.77759
486		3474.08		0.95569		0.95688		0.89406		0.86256		0.93814		0.89877		0.79112
487		3475.37		0.95498		0.95603		0.89922		0.8744		0.93299		0.90274		0.80022
488		3476.52		0.95426		0.95519		0.89922		0.88177		0.92268		0.90176		0.79929
489		3477.61		0.9535		0.95425		0.89664		0.87745		0.92268		0.8995		0.79431
490		3478.71		0.95297		0.95436		0.89406		0.86957		0.92784		0.89776		0.78986
491		3480.01		0.95358		0.9551		0.88372		0.84332		0.9433		0.89051		0.77285
492		3481.49		0.95426		0.9559		0.88372		0.84018		0.94845		0.89104		0.77385
493		3483.09		0.95461		0.95645		0.88372		0.84332		0.9433		0.89051		0.77285
494		3484.55		0.95534		0.95716		0.88889		0.85782		0.93299		0.89383		0.78075
495		3485.85		0.95524		0.95662		0.89922		0.8744		0.93299		0.90274		0.80022
496		3487.16		0.95481		0.95556		0.90181		0.87864		0.93299		0.905		0.80514
497		3488.33		0.95466		0.95541		0.89406		0.86603		0.93299		0.89826		0.79045
498		3489.54		0.95484		0.95544		0.89147		0.8619		0.93299		0.89604		0.78559
499		3490.74		0.95516		0.9559		0.89406		0.85915		0.9433		0.89926		0.79189
500		3492.66		0.95542		0.95622		0.89664		0.86321		0.9433		0.90148		0.79669
501		3494.03		0.95603		0.95675		0.90181		0.87143		0.9433		0.90594		0.80634
502		3495.22		0.95607		0.95694		0.90181		0.87143		0.9433		0.90594		0.80634
503		3496.71		0.95588		0.95658		0.89147		0.85514		0.9433		0.89706		0.7871
504		3498.63		0.95569		0.95641		0.89922		0.8673		0.9433		0.9037		0.8015
505		3500.41		0.95573		0.95651		0.89922		0.87081		0.93814		0.90323		0.80082
506		3502.18		0.95587		0.95678		0.90439		0.87923		0.93814		0.90773		0.81058
507		3503.61		0.95532		0.95606		0.89664		0.87019		0.93299		0.9005		0.79533
508		3504.88		0.95506		0.95616		0.88889		0.85782		0.93299		0.89383		0.78075
509		3506.01		0.95496		0.95555		0.88372		0.84977		0.93299		0.88943		0.77111
510		3507.14		0.95556		0.95625		0.88889		0.85782		0.93299		0.89383		0.78075
511		3508.39		0.95656		0.95745		0.89406		0.86957		0.92784		0.89776		0.78986
512		3509.69		0.95709		0.95821		0.89664		0.87019		0.93299		0.9005		0.79533
513		3510.83		0.95724		0.95848		0.89406		0.86256		0.93814		0.89877		0.79112
514		3512.29		0.95687		0.95809		0.88372		0.84651		0.93814		0.88998		0.77194
515		3514.0		0.95624		0.9576		0.88372		0.84651		0.93814		0.88998		0.77194
516		3515.48		0.95601		0.95736		0.88372		0.84977		0.93299		0.88943		0.77111
517		3516.76		0.95609		0.95739		0.89664		0.86667		0.93814		0.90099		0.79596
518		3518.01		0.95619		0.95766		0.89922		0.87805		0.92784		0.90226		0.79971
519		3519.3		0.95532		0.95659		0.89664		0.87379		0.92784		0.9		0.79478
520		3520.52		0.95569		0.95739		0.89147		0.85849		0.93814		0.89655		0.7863
521		3521.79		0.95601		0.95803		0.8863		0.84722		0.9433		0.89268		0.77759
522		3522.9		0.9554		0.9574		0.88889		0.85116		0.9433		0.89487		0.78234
523		3524.01		0.9551		0.95702		0.88889		0.85116		0.9433		0.89487		0.78234
524		3525.31		0.95542		0.95735		0.89406		0.85915		0.9433		0.89926		0.79189
525		3527.18		0.95457		0.9555		0.89406		0.86256		0.93814		0.89877		0.79112
526		3529.28		0.95397		0.9543		0.87597		0.83486		0.93814		0.8835		0.75771
527		3530.7		0.95255		0.95207		0.87597		0.83486		0.93814		0.8835		0.75771
528		3531.93		0.95648		0.95635		0.89147		0.8619		0.93299		0.89604		0.78559
529		3533.7		0.95757		0.95846		0.88889		0.86829		0.91753		0.89223		0.779
530		3535.45		0.95641		0.95709		0.89406		0.85915		0.9433		0.89926		0.79189
531		3536.61		0.95346		0.9543		0.86822		0.82353		0.93814		0.87711		0.74362
532		3537.79		0.95583		0.95663		0.8863		0.85377		0.93299		0.89163		0.77592
533		3539.01		0.95681		0.9575		0.89406		0.87685		0.91753		0.89673		0.78894
534		3540.27		0.95693		0.95664		0.89664		0.87019		0.93299		0.9005		0.79533
535		3541.43		0.95703		0.95605		0.8863		0.85047		0.93814		0.89216		0.77671
536		3542.55		0.95647		0.95504		0.88372		0.84332		0.9433		0.89051		0.77285
537		3543.65		0.9566		0.95541		0.8863		0.85047		0.93814		0.89216		0.77671
538		3544.88		0.95544		0.9554		0.89922		0.87805		0.92784		0.90226		0.79971
539		3546.31		0.95444		0.95551		0.89406		0.8806		0.91237		0.8962		0.78861
540		3547.89		0.95394		0.95514		0.89147		0.87624		0.91237		0.89394		0.78359
541		3549.48		0.95438		0.95573		0.89922		0.8673		0.9433		0.9037		0.8015
542		3550.78		0.95518		0.95663		0.8863		0.84404		0.94845		0.8932		0.77855
543		3552.63		0.95752		0.95959		0.89664		0.86321		0.9433		0.90148		0.79669
544		3554.16		0.95859		0.96082		0.89664		0.87019		0.93299		0.9005		0.79533
545		3555.52		0.95844		0.96066		0.89664		0.86667		0.93814		0.90099		0.79596
546		3557.39		0.95717		0.95907		0.89406		0.85915		0.9433		0.89926		0.79189
547		3559.02		0.95465		0.95586		0.8863		0.84404		0.94845		0.8932		0.77855
548		3560.84		0.95661		0.95802		0.89664		0.87379		0.92784		0.9		0.79478
549		3562.41		0.95689		0.95828		0.90439		0.89848		0.91237		0.90537		0.80887
550		3563.55		0.95716		0.95828		0.88372		0.84977		0.93299		0.88943		0.77111
551		3564.74		0.95456		0.95548		0.87855		0.82667		0.95876		0.88783		0.76692
552		3565.92		0.9581		0.95879		0.89922		0.86047		0.95361		0.90465		0.80314
553		3567.0		0.95839		0.95829		0.90181		0.875		0.93814		0.90547		0.80569
554		3568.2		0.95619		0.95646		0.88889		0.85446		0.93814		0.89435		0.7815
555		3569.31		0.95055		0.95155		0.8708		0.83028		0.93299		0.87864		0.74729
556		3570.47		0.95313		0.95553		0.89147		0.87255		0.91753		0.89447		0.78396
557		3571.7		0.95473		0.95822		0.90181		0.89394		0.91237		0.90306		0.80378
558		3572.91		0.9585		0.96037		0.89406		0.86603		0.93299		0.89826		0.79045
559		3574.23		0.95982		0.96043		0.8863		0.84091		0.95361		0.89372		0.7796
AUC improved at epoch  559 ;	best_auc: 0.9598178516104909
560		3575.98		0.95916		0.9584		0.89664		0.85981		0.94845		0.90196		0.7975
561		3577.27		0.95709		0.95537		0.90181		0.875		0.93814		0.90547		0.80569
562		3578.47		0.9551		0.95399		0.90181		0.89		0.91753		0.90355		0.80399
563		3579.56		0.95458		0.95496		0.89664		0.87019		0.93299		0.9005		0.79533
564		3580.68		0.9544		0.95631		0.88889		0.85446		0.93814		0.89435		0.7815
565		3582.05		0.95339		0.95565		0.89147		0.85849		0.93814		0.89655		0.7863
566		3583.67		0.95158		0.95357		0.88889		0.85782		0.93299		0.89383		0.78075
567		3585.13		0.95034		0.95134		0.88114		0.85922		0.91237		0.885		0.7637
568		3586.84		0.94986		0.95007		0.88889		0.86829		0.91753		0.89223		0.779
569		3588.36		0.951		0.95105		0.87855		0.85167		0.91753		0.88337		0.75934
570		3589.91		0.95203		0.95193		0.88114		0.85238		0.92268		0.88614		0.76484
571		3591.17		0.9535		0.95308		0.88372		0.85308		0.92784		0.88889		0.77037
572		3592.29		0.9552		0.95528		0.8863		0.85377		0.93299		0.89163		0.77592
573		3593.45		0.95607		0.95612		0.88372		0.85308		0.92784		0.88889		0.77037
574		3595.42		0.95676		0.95698		0.88889		0.85782		0.93299		0.89383		0.78075
575		3596.52		0.95736		0.95775		0.89147		0.85849		0.93814		0.89655		0.7863
576		3597.7		0.95756		0.95819		0.89664		0.85981		0.94845		0.90196		0.7975
577		3598.82		0.95668		0.95729		0.89406		0.86256		0.93814		0.89877		0.79112
578		3600.02		0.95488		0.9555		0.89147		0.86538		0.92784		0.89552		0.78496
579		3601.12		0.95401		0.95413		0.89406		0.87317		0.92268		0.89724		0.78936
580		3602.34		0.95233		0.95151		0.89406		0.87685		0.91753		0.89673		0.78894
581		3603.66		0.95195		0.95059		0.89406		0.8806		0.91237		0.8962		0.78861
582		3604.91		0.95179		0.95025		0.88889		0.87192		0.91237		0.89169		0.77859
583		3606.02		0.95193		0.95145		0.8863		0.85714		0.92784		0.89109		0.77522
584		3607.17		0.95241		0.95226		0.87855		0.84186		0.93299		0.88509		0.76154
585		3608.28		0.95333		0.95289		0.89147		0.85849		0.93814		0.89655		0.7863
586		3609.79		0.95417		0.95376		0.89664		0.86667		0.93814		0.90099		0.79596
587		3611.57		0.95436		0.95393		0.89922		0.8744		0.93299		0.90274		0.80022
588		3612.95		0.95512		0.95399		0.89922		0.87805		0.92784		0.90226		0.79971
589		3614.22		0.95478		0.95369		0.89664		0.87019		0.93299		0.9005		0.79533
590		3615.48		0.95438		0.95339		0.89664		0.86667		0.93814		0.90099		0.79596
591		3617.11		0.95473		0.95408		0.89147		0.85514		0.9433		0.89706		0.7871
592		3618.38		0.95484		0.95471		0.89147		0.85514		0.9433		0.89706		0.7871
593		3619.85		0.95548		0.9556		0.89406		0.85915		0.9433		0.89926		0.79189
594		3621.2		0.95542		0.95544		0.89922		0.8673		0.9433		0.9037		0.8015
595		3622.69		0.95568		0.95581		0.90181		0.875		0.93814		0.90547		0.80569
596		3624.06		0.95677		0.95672		0.90181		0.875		0.93814		0.90547		0.80569
597		3625.48		0.95724		0.95723		0.89406		0.86256		0.93814		0.89877		0.79112
598		3626.8		0.95703		0.9573		0.89406		0.85915		0.9433		0.89926		0.79189
599		3628.21		0.95684		0.95716		0.89147		0.85514		0.9433		0.89706		0.7871
600		3629.74		0.95621		0.95651		0.89147		0.85514		0.9433		0.89706		0.7871
601		3631.25		0.95593		0.95622		0.89406		0.85915		0.9433		0.89926		0.79189
602		3632.61		0.95556		0.95542		0.89664		0.86321		0.9433		0.90148		0.79669
603		3634.06		0.95516		0.95451		0.89664		0.86667		0.93814		0.90099		0.79596
604		3635.63		0.9549		0.95426		0.89406		0.86603		0.93299		0.89826		0.79045
605		3636.95		0.95488		0.95369		0.89406		0.86603		0.93299		0.89826		0.79045
606		3638.84		0.95458		0.95388		0.89147		0.86893		0.92268		0.895		0.78442
607		3640.2		0.95428		0.95395		0.89406		0.87317		0.92268		0.89724		0.78936
608		3641.57		0.95426		0.95404		0.89922		0.8744		0.93299		0.90274		0.80022
609		3643.64		0.9539		0.95372		0.90181		0.875		0.93814		0.90547		0.80569
610		3644.87		0.95425		0.95407		0.89664		0.86667		0.93814		0.90099		0.79596
611		3646.04		0.95444		0.95442		0.89664		0.86667		0.93814		0.90099		0.79596
612		3647.39		0.95485		0.95481		0.89406		0.85915		0.9433		0.89926		0.79189
613		3648.77		0.95497		0.95524		0.89147		0.85514		0.9433		0.89706		0.7871
614		3650.04		0.95501		0.95532		0.8863		0.84722		0.9433		0.89268		0.77759
615		3651.24		0.95529		0.95539		0.88889		0.85116		0.9433		0.89487		0.78234
616		3652.44		0.95505		0.95421		0.89147		0.85514		0.9433		0.89706		0.7871
617		3653.61		0.95469		0.95322		0.89664		0.86321		0.9433		0.90148		0.79669
618		3654.99		0.95517		0.95367		0.89147		0.85514		0.9433		0.89706		0.7871
619		3656.15		0.9553		0.95398		0.8863		0.84722		0.9433		0.89268		0.77759
620		3657.45		0.95564		0.95473		0.88372		0.84651		0.93814		0.88998		0.77194
621		3658.76		0.95619		0.95593		0.8863		0.85047		0.93814		0.89216		0.77671
622		3660.19		0.95647		0.957		0.89664		0.86667		0.93814		0.90099		0.79596
623		3661.66		0.95672		0.95746		0.90181		0.875		0.93814		0.90547		0.80569
624		3663.52		0.95665		0.95782		0.90181		0.875		0.93814		0.90547		0.80569
625		3665.24		0.95705		0.95828		0.90439		0.87923		0.93814		0.90773		0.81058
626		3666.76		0.95727		0.95861		0.90439		0.87923		0.93814		0.90773		0.81058
627		3668.76		0.95707		0.95801		0.90181		0.875		0.93814		0.90547		0.80569
628		3670.38		0.95721		0.95771		0.89406		0.86256		0.93814		0.89877		0.79112
629		3671.52		0.95689		0.95641		0.89406		0.86256		0.93814		0.89877		0.79112
630		3672.71		0.95735		0.95634		0.89922		0.8744		0.93299		0.90274		0.80022
631		3673.97		0.95724		0.95598		0.89664		0.86667		0.93814		0.90099		0.79596
632		3675.06		0.95755		0.95654		0.89406		0.86256		0.93814		0.89877		0.79112
633		3676.15		0.95751		0.9571		0.89664		0.86321		0.9433		0.90148		0.79669
634		3677.26		0.95723		0.95712		0.89664		0.86321		0.9433		0.90148		0.79669
635		3678.48		0.95697		0.95747		0.89147		0.85185		0.94845		0.89756		0.78799
636		3679.62		0.95659		0.95734		0.88889		0.85116		0.9433		0.89487		0.78234
637		3680.76		0.95603		0.95675		0.89406		0.85915		0.9433		0.89926		0.79189
638		3682.68		0.95574		0.95647		0.89664		0.86667		0.93814		0.90099		0.79596
639		3683.83		0.95548		0.95588		0.89922		0.87081		0.93814		0.90323		0.80082
640		3685.07		0.95564		0.95608		0.89922		0.87081		0.93814		0.90323		0.80082
641		3686.28		0.95588		0.95653		0.89664		0.86667		0.93814		0.90099		0.79596
642		3687.45		0.95596		0.95677		0.89406		0.86256		0.93814		0.89877		0.79112
643		3688.75		0.95615		0.9572		0.89406		0.86256		0.93814		0.89877		0.79112
644		3690.08		0.95624		0.9576		0.89147		0.85849		0.93814		0.89655		0.7863
645		3691.52		0.95607		0.95755		0.89147		0.85849		0.93814		0.89655		0.7863
646		3693.02		0.95627		0.95809		0.89147		0.85849		0.93814		0.89655		0.7863
647		3694.55		0.95661		0.95864		0.89147		0.85849		0.93814		0.89655		0.7863
648		3696.5		0.95636		0.95853		0.89406		0.86256		0.93814		0.89877		0.79112
649		3698.34		0.95585		0.95809		0.89147		0.8619		0.93299		0.89604		0.78559
650		3699.51		0.95597		0.95879		0.89147		0.8619		0.93299		0.89604		0.78559
651		3701.45		0.95574		0.95857		0.89147		0.8619		0.93299		0.89604		0.78559
652		3703.58		0.95573		0.95842		0.89406		0.86603		0.93299		0.89826		0.79045
653		3704.8		0.95546		0.95769		0.89406		0.86603		0.93299		0.89826		0.79045
654		3705.95		0.95521		0.95676		0.89406		0.86603		0.93299		0.89826		0.79045
655		3707.1		0.95532		0.95674		0.89147		0.8619		0.93299		0.89604		0.78559
656		3708.33		0.95572		0.95685		0.89147		0.85849		0.93814		0.89655		0.7863
657		3709.44		0.95601		0.95722		0.89147		0.85849		0.93814		0.89655		0.7863
658		3710.54		0.95639		0.95734		0.89406		0.86256		0.93814		0.89877		0.79112
659		3711.74		0.95659		0.95756		0.89664		0.86321		0.9433		0.90148		0.79669
660		3712.93		0.9566		0.95746		0.89406		0.86256		0.93814		0.89877		0.79112
661		3714.35		0.95659		0.95748		0.89406		0.86603		0.93299		0.89826		0.79045
662		3715.55		0.95615		0.95685		0.89664		0.87019		0.93299		0.9005		0.79533
663		3716.72		0.95588		0.95645		0.89922		0.8744		0.93299		0.90274		0.80022
664		3718.14		0.95566		0.95615		0.89664		0.87019		0.93299		0.9005		0.79533
665		3719.96		0.95564		0.95622		0.89664		0.87379		0.92784		0.9		0.79478
666		3721.12		0.9558		0.95669		0.90181		0.87864		0.93299		0.905		0.80514
667		3722.67		0.95565		0.95667		0.89922		0.87805		0.92784		0.90226		0.79971
668		3724.22		0.9553		0.9567		0.89664		0.87379		0.92784		0.9		0.79478
669		3726.03		0.95513		0.95671		0.89664		0.87019		0.93299		0.9005		0.79533
670		3727.66		0.95513		0.95704		0.89406		0.86603		0.93299		0.89826		0.79045
671		3728.85		0.9554		0.95726		0.88889		0.85782		0.93299		0.89383		0.78075
672		3730.14		0.95504		0.95682		0.89664		0.87019		0.93299		0.9005		0.79533
673		3731.3		0.9545		0.95606		0.89664		0.87019		0.93299		0.9005		0.79533
674		3732.51		0.95464		0.95622		0.89147		0.8619		0.93299		0.89604		0.78559
675		3733.79		0.9544		0.95627		0.89147		0.8619		0.93299		0.89604		0.78559
676		3735.15		0.95437		0.9565		0.88889		0.85782		0.93299		0.89383		0.78075
677		3736.39		0.95473		0.95651		0.8863		0.85377		0.93299		0.89163		0.77592
678		3738.11		0.95466		0.9561		0.88372		0.85646		0.92268		0.88834		0.76971
679		3739.72		0.95449		0.95574		0.89147		0.86893		0.92268		0.895		0.78442
680		3741.04		0.95402		0.95508		0.89406		0.87317		0.92268		0.89724		0.78936
681		3742.26		0.95446		0.95553		0.89406		0.87317		0.92268		0.89724		0.78936
682		3743.38		0.95528		0.95629		0.89147		0.86538		0.92784		0.89552		0.78496
683		3744.62		0.95576		0.95656		0.89147		0.86538		0.92784		0.89552		0.78496
684		3745.8		0.95629		0.95756		0.88889		0.85782		0.93299		0.89383		0.78075
685		3746.99		0.95655		0.95803		0.89147		0.8619		0.93299		0.89604		0.78559
686		3748.23		0.95641		0.9579		0.89406		0.86603		0.93299		0.89826		0.79045
687		3749.43		0.95595		0.95711		0.89406		0.86603		0.93299		0.89826		0.79045
688		3750.74		0.95506		0.95577		0.89406		0.86957		0.92784		0.89776		0.78986
689		3752.82		0.95404		0.95412		0.8863		0.86058		0.92268		0.89055		0.7746
690		3757.87		0.95361		0.95322		0.88372		0.85646		0.92268		0.88834		0.76971
691		3761.88		0.95421		0.95389		0.88372		0.85646		0.92268		0.88834		0.76971
692		3765.84		0.95562		0.95604		0.88889		0.86124		0.92784		0.8933		0.78008
693		3770.85		0.95629		0.95706		0.89147		0.86538		0.92784		0.89552		0.78496
694		3774.18		0.95656		0.95756		0.89406		0.86603		0.93299		0.89826		0.79045
695		3775.79		0.95667		0.95858		0.89922		0.8744		0.93299		0.90274		0.80022
696		3777.48		0.95554		0.95768		0.89922		0.87081		0.93814		0.90323		0.80082
697		3779.36		0.95404		0.95619		0.88889		0.85782		0.93299		0.89383		0.78075
698		3781.0		0.95327		0.95517		0.88889		0.85782		0.93299		0.89383		0.78075
699		3782.23		0.95295		0.95421		0.88889		0.86473		0.92268		0.89277		0.7795
700		3783.4		0.95301		0.95362		0.88889		0.86473		0.92268		0.89277		0.7795
701		3784.63		0.95396		0.95396		0.88889		0.86473		0.92268		0.89277		0.7795
702		3785.73		0.95482		0.95482		0.89406		0.86603		0.93299		0.89826		0.79045
703		3786.84		0.95533		0.95579		0.89406		0.86256		0.93814		0.89877		0.79112
704		3788.02		0.95592		0.95664		0.89664		0.86667		0.93814		0.90099		0.79596
705		3789.39		0.95599		0.95698		0.89664		0.87019		0.93299		0.9005		0.79533
706		3790.6		0.9564		0.95713		0.89664		0.87019		0.93299		0.9005		0.79533
707		3791.73		0.95611		0.95624		0.89406		0.86957		0.92784		0.89776		0.78986
708		3792.87		0.9552		0.9551		0.89406		0.86957		0.92784		0.89776		0.78986
709		3794.06		0.95442		0.9535		0.8863		0.85714		0.92784		0.89109		0.77522
710		3795.35		0.95233		0.95099		0.88889		0.86124		0.92784		0.8933		0.78008
711		3796.99		0.95155		0.95055		0.88889		0.86124		0.92784		0.8933		0.78008
712		3798.94		0.95225		0.9519		0.88889		0.86124		0.92784		0.8933		0.78008
713		3800.3		0.95331		0.95414		0.88889		0.86124		0.92784		0.8933		0.78008
714		3802.21		0.9547		0.95634		0.88889		0.85782		0.93299		0.89383		0.78075
715		3803.64		0.95545		0.9577		0.8863		0.85047		0.93814		0.89216		0.77671
716		3805.31		0.95601		0.95845		0.8863		0.85047		0.93814		0.89216		0.77671
717		3806.85		0.95597		0.95789		0.8863		0.84722		0.9433		0.89268		0.77759
718		3808.38		0.9548		0.95584		0.8863		0.85047		0.93814		0.89216		0.77671
719		3809.66		0.95432		0.95481		0.89406		0.86603		0.93299		0.89826		0.79045
720		3811.02		0.95321		0.95284		0.89406		0.86957		0.92784		0.89776		0.78986
721		3812.28		0.95361		0.95323		0.89406		0.86957		0.92784		0.89776		0.78986
722		3813.69		0.95384		0.95364		0.89406		0.86957		0.92784		0.89776		0.78986
723		3814.79		0.95462		0.95473		0.89147		0.86538		0.92784		0.89552		0.78496
724		3815.95		0.95562		0.95674		0.88889		0.86124		0.92784		0.8933		0.78008
725		3817.07		0.9562		0.95823		0.88889		0.86124		0.92784		0.8933		0.78008
726		3818.36		0.9562		0.95856		0.89922		0.8744		0.93299		0.90274		0.80022
727		3819.48		0.95603		0.95824		0.89664		0.87019		0.93299		0.9005		0.79533
728		3821.05		0.95516		0.95673		0.88889		0.85782		0.93299		0.89383		0.78075
729		3822.69		0.95454		0.95518		0.87855		0.84186		0.93299		0.88509		0.76154
730		3823.91		0.955		0.95475		0.88372		0.84977		0.93299		0.88943		0.77111
731		3825.43		0.95561		0.95502		0.89147		0.8619		0.93299		0.89604		0.78559
732		3826.84		0.95671		0.95617		0.89147		0.86538		0.92784		0.89552		0.78496
733		3828.39		0.95728		0.95771		0.89664		0.87379		0.92784		0.9		0.79478
734		3829.93		0.957		0.95786		0.89147		0.86538		0.92784		0.89552		0.78496
735		3831.6		0.95636		0.95831		0.89406		0.86256		0.93814		0.89877		0.79112
736		3833.32		0.95592		0.95818		0.8863		0.85047		0.93814		0.89216		0.77671
737		3834.76		0.95538		0.95782		0.88372		0.84651		0.93814		0.88998		0.77194
738		3835.91		0.95502		0.95742		0.89922		0.87081		0.93814		0.90323		0.80082
739		3837.18		0.95529		0.95753		0.89922		0.8744		0.93299		0.90274		0.80022
740		3838.98		0.95512		0.9569		0.89406		0.87317		0.92268		0.89724		0.78936
741		3841.11		0.95492		0.95622		0.89664		0.87745		0.92268		0.8995		0.79431
742		3842.36		0.95401		0.95417		0.89406		0.87317		0.92268		0.89724		0.78936
743		3843.52		0.95314		0.95229		0.8863		0.85714		0.92784		0.89109		0.77522
744		3844.93		0.95378		0.95319		0.88372		0.85308		0.92784		0.88889		0.77037
745		3846.1		0.95446		0.95421		0.89406		0.86957		0.92784		0.89776		0.78986
746		3847.29		0.95534		0.9554		0.89664		0.87379		0.92784		0.9		0.79478
747		3848.4		0.9558		0.95593		0.89922		0.87805		0.92784		0.90226		0.79971
748		3849.5		0.95593		0.9566		0.89664		0.87019		0.93299		0.9005		0.79533
749		3850.8		0.95566		0.95641		0.89406		0.86256		0.93814		0.89877		0.79112
750		3851.95		0.95513		0.95604		0.89147		0.8619		0.93299		0.89604		0.78559
751		3853.48		0.95529		0.9562		0.89406		0.86957		0.92784		0.89776		0.78986
752		3855.1		0.95514		0.95614		0.89922		0.88177		0.92268		0.90176		0.79929
753		3856.63		0.9551		0.956		0.89922		0.88177		0.92268		0.90176		0.79929
754		3858.11		0.9549		0.95606		0.89922		0.88177		0.92268		0.90176		0.79929
755		3859.6		0.95485		0.95619		0.89406		0.86957		0.92784		0.89776		0.78986
756		3861.23		0.95486		0.95606		0.8863		0.85377		0.93299		0.89163		0.77592
757		3862.82		0.95472		0.95596		0.88372		0.84332		0.9433		0.89051		0.77285
758		3864.36		0.95509		0.95573		0.8863		0.84722		0.9433		0.89268		0.77759
759		3865.86		0.95506		0.95555		0.89406		0.86256		0.93814		0.89877		0.79112
760		3867.31		0.95457		0.95466		0.89664		0.86667		0.93814		0.90099		0.79596
761		3868.9		0.95341		0.95343		0.88372		0.84332		0.9433		0.89051		0.77285
762		3870.55		0.95246		0.95232		0.86822		0.82063		0.9433		0.8777		0.74475
763		3871.67		0.95273		0.95276		0.87855		0.83562		0.9433		0.8862		0.76343
764		3872.84		0.95327		0.95366		0.88889		0.85446		0.93814		0.89435		0.7815
765		3874.06		0.95385		0.95443		0.89922		0.87081		0.93814		0.90323		0.80082
766		3875.39		0.95441		0.95545		0.90181		0.87864		0.93299		0.905		0.80514
767		3876.8		0.95428		0.95557		0.90181		0.875		0.93814		0.90547		0.80569
768		3878.12		0.954		0.9552		0.89664		0.86667		0.93814		0.90099		0.79596
769		3879.25		0.95378		0.9551		0.89406		0.86256		0.93814		0.89877		0.79112
770		3880.54		0.95377		0.95522		0.89922		0.87081		0.93814		0.90323		0.80082
771		3882.56		0.95377		0.95531		0.89922		0.8744		0.93299		0.90274		0.80022
772		3883.87		0.95445		0.95598		0.89922		0.8744		0.93299		0.90274		0.80022
773		3885.06		0.95482		0.95623		0.89922		0.8744		0.93299		0.90274		0.80022
774		3886.34		0.95453		0.95588		0.89406		0.86603		0.93299		0.89826		0.79045
775		3888.29		0.95445		0.95558		0.89147		0.8619		0.93299		0.89604		0.78559
776		3889.51		0.95446		0.95503		0.89147		0.8619		0.93299		0.89604		0.78559
777		3890.69		0.95437		0.95474		0.89406		0.86603		0.93299		0.89826		0.79045
778		3891.84		0.95382		0.95402		0.89147		0.86538		0.92784		0.89552		0.78496
779		3893.21		0.95388		0.95428		0.89664		0.87019		0.93299		0.9005		0.79533
780		3895.02		0.95401		0.9543		0.89406		0.86603		0.93299		0.89826		0.79045
781		3896.56		0.95449		0.95487		0.89922		0.8744		0.93299		0.90274		0.80022
782		3897.75		0.95524		0.95572		0.90181		0.87864		0.93299		0.905		0.80514
783		3898.88		0.95616		0.95662		0.90181		0.87864		0.93299		0.905		0.80514
784		3900.38		0.95601		0.9565		0.90439		0.87923		0.93814		0.90773		0.81058
785		3901.51		0.95597		0.95609		0.90181		0.87864		0.93299		0.905		0.80514
786		3902.96		0.95568		0.95564		0.89406		0.86603		0.93299		0.89826		0.79045
787		3904.34		0.95502		0.95517		0.89406		0.86603		0.93299		0.89826		0.79045
788		3905.93		0.95462		0.95502		0.89406		0.86603		0.93299		0.89826		0.79045
789		3907.35		0.95458		0.95553		0.89406		0.86957		0.92784		0.89776		0.78986
790		3908.68		0.95477		0.95629		0.89664		0.87379		0.92784		0.9		0.79478
791		3910.0		0.95544		0.95723		0.89664		0.87379		0.92784		0.9		0.79478
792		3911.64		0.95591		0.95783		0.89147		0.86538		0.92784		0.89552		0.78496
793		3913.15		0.95612		0.95807		0.89406		0.86603		0.93299		0.89826		0.79045
794		3914.49		0.95656		0.95829		0.89147		0.8619		0.93299		0.89604		0.78559
795		3915.81		0.95681		0.95824		0.89664		0.87019		0.93299		0.9005		0.79533
796		3917.43		0.95633		0.95723		0.89664		0.87379		0.92784		0.9		0.79478
797		3918.72		0.95549		0.95606		0.89147		0.86893		0.92268		0.895		0.78442
798		3920.13		0.95414		0.9542		0.89147		0.86893		0.92268		0.895		0.78442
799		3921.6		0.95335		0.95339		0.88889		0.86473		0.92268		0.89277		0.7795
800		3922.93		0.95293		0.9531		0.89147		0.86538		0.92784		0.89552		0.78496
801		3924.73		0.9535		0.95419		0.90181		0.88235		0.92784		0.90452		0.80467
802		3926.16		0.95449		0.95549		0.90181		0.88235		0.92784		0.90452		0.80467
803		3927.94		0.95517		0.95655		0.89922		0.8744		0.93299		0.90274		0.80022
804		3929.21		0.95545		0.95719		0.89664		0.87019		0.93299		0.9005		0.79533
805		3930.94		0.95556		0.95706		0.90181		0.87143		0.9433		0.90594		0.80634
806		3932.64		0.95572		0.95675		0.89922		0.8744		0.93299		0.90274		0.80022
807		3933.88		0.95468		0.95513		0.89406		0.86957		0.92784		0.89776		0.78986
808		3935.26		0.95377		0.95374		0.87855		0.84834		0.92268		0.88395		0.75999
809		3936.55		0.95343		0.95305		0.87597		0.84434		0.92268		0.88177		0.75515
810		3937.92		0.95369		0.95306		0.88889		0.86473		0.92268		0.89277		0.7795
811		3939.18		0.95453		0.95431		0.89147		0.86538		0.92784		0.89552		0.78496
812		3940.42		0.95522		0.95547		0.89922		0.8744		0.93299		0.90274		0.80022
813		3941.59		0.9556		0.95636		0.89922		0.8744		0.93299		0.90274		0.80022
814		3942.95		0.95568		0.9569		0.89922		0.8744		0.93299		0.90274		0.80022
815		3944.44		0.9554		0.95679		0.90181		0.87864		0.93299		0.905		0.80514
816		3946.25		0.95544		0.95687		0.89922		0.8744		0.93299		0.90274		0.80022
817		3947.53		0.95518		0.95657		0.89922		0.8744		0.93299		0.90274		0.80022
818		3948.68		0.9546		0.95557		0.89664		0.87379		0.92784		0.9		0.79478
819		3950.01		0.95421		0.95502		0.89664		0.87379		0.92784		0.9		0.79478
820		3951.57		0.95388		0.95466		0.89147		0.86893		0.92268		0.895		0.78442
821		3953.31		0.9533		0.95355		0.88372		0.84977		0.93299		0.88943		0.77111
822		3954.55		0.95381		0.95421		0.8863		0.85047		0.93814		0.89216		0.77671
823		3955.97		0.95437		0.95482		0.8863		0.85047		0.93814		0.89216		0.77671
824		3957.5		0.95472		0.95518		0.8863		0.85047		0.93814		0.89216		0.77671
825		3959.02		0.9545		0.95492		0.89664		0.86667		0.93814		0.90099		0.79596
826		3960.84		0.95432		0.95489		0.90181		0.87864		0.93299		0.905		0.80514
827		3962.31		0.95388		0.9544		0.89664		0.87019		0.93299		0.9005		0.79533
828		3964.48		0.95277		0.95315		0.89922		0.8744		0.93299		0.90274		0.80022
829		3965.7		0.95215		0.95262		0.89664		0.87379		0.92784		0.9		0.79478
830		3966.85		0.95294		0.95381		0.89664		0.87379		0.92784		0.9		0.79478
831		3968.15		0.95358		0.95463		0.89147		0.8619		0.93299		0.89604		0.78559
832		3969.44		0.95404		0.95535		0.89147		0.8619		0.93299		0.89604		0.78559
833		3970.57		0.95454		0.9558		0.89406		0.86603		0.93299		0.89826		0.79045
834		3971.76		0.95502		0.95607		0.89406		0.86603		0.93299		0.89826		0.79045
835		3972.9		0.95518		0.95624		0.89147		0.85849		0.93814		0.89655		0.7863
836		3974.1		0.95486		0.95562		0.89406		0.86256		0.93814		0.89877		0.79112
837		3975.63		0.95417		0.9548		0.89406		0.86957		0.92784		0.89776		0.78986
838		3977.29		0.95378		0.95428		0.89406		0.87317		0.92268		0.89724		0.78936
839		3979.04		0.95358		0.95429		0.88889		0.86473		0.92268		0.89277		0.7795
840		3980.98		0.95414		0.95481		0.89406		0.86957		0.92784		0.89776		0.78986
841		3983.46		0.95496		0.95563		0.89147		0.86893		0.92268		0.895		0.78442
842		3985.03		0.95552		0.95628		0.89406		0.87317		0.92268		0.89724		0.78936
843		3986.59		0.95568		0.95663		0.89922		0.88177		0.92268		0.90176		0.79929
844		3988.16		0.95516		0.95583		0.90181		0.88614		0.92268		0.90404		0.80428
845		3989.42		0.95433		0.95493		0.89406		0.87317		0.92268		0.89724		0.78936
846		3990.59		0.95355		0.95414		0.89664		0.87019		0.93299		0.9005		0.79533
847		3991.91		0.95347		0.95414		0.89406		0.87317		0.92268		0.89724		0.78936
848		3993.04		0.95307		0.95405		0.89664		0.87745		0.92268		0.8995		0.79431
849		3994.15		0.95347		0.95454		0.89664		0.87745		0.92268		0.8995		0.79431
850		3995.37		0.95311		0.95408		0.89922		0.87805		0.92784		0.90226		0.79971
851		3996.6		0.95253		0.95271		0.89147		0.8619		0.93299		0.89604		0.78559
852		3997.74		0.95226		0.95196		0.8863		0.85377		0.93299		0.89163		0.77592
853		3998.9		0.95297		0.95269		0.8863		0.86058		0.92268		0.89055		0.7746
854		4000.32		0.95369		0.95305		0.89147		0.86893		0.92268		0.895		0.78442
855		4002.33		0.9541		0.95408		0.89147		0.86893		0.92268		0.895		0.78442
856		4003.78		0.95509		0.95582		0.89147		0.85849		0.93814		0.89655		0.7863
857		4005.09		0.95532		0.9569		0.88889		0.85116		0.9433		0.89487		0.78234
858		4006.48		0.95516		0.95684		0.88372		0.84332		0.9433		0.89051		0.77285
859		4007.95		0.95498		0.95632		0.88372		0.84651		0.93814		0.88998		0.77194
860		4009.48		0.9549		0.95576		0.89406		0.86957		0.92784		0.89776		0.78986
861		4010.87		0.95542		0.95589		0.88889		0.86829		0.91753		0.89223		0.779
862		4012.15		0.9555		0.9557		0.88889		0.87192		0.91237		0.89169		0.77859
863		4013.64		0.95513		0.95567		0.89147		0.86893		0.92268		0.895		0.78442
864		4015.15		0.95533		0.95606		0.88889		0.85782		0.93299		0.89383		0.78075
865		4016.69		0.95546		0.95648		0.88372		0.84977		0.93299		0.88943		0.77111
866		4018.15		0.95603		0.95727		0.8863		0.85377		0.93299		0.89163		0.77592
867		4019.26		0.95578		0.95719		0.89147		0.86538		0.92784		0.89552		0.78496
868		4020.48		0.95509		0.95658		0.89406		0.87317		0.92268		0.89724		0.78936
869		4021.62		0.95408		0.95525		0.88889		0.86473		0.92268		0.89277		0.7795
870		4022.77		0.95203		0.95276		0.87339		0.83721		0.92784		0.8802		0.75114
871		4024.17		0.95237		0.95314		0.87597		0.84112		0.92784		0.88235		0.75592
872		4025.33		0.9531		0.95377		0.8863		0.85714		0.92784		0.89109		0.77522
873		4026.59		0.95441		0.95509		0.89406		0.86957		0.92784		0.89776		0.78986
874		4028.56		0.95477		0.95554		0.89664		0.87019		0.93299		0.9005		0.79533
875		4029.81		0.95524		0.95597		0.89147		0.85849		0.93814		0.89655		0.7863
876		4031.11		0.95585		0.95634		0.88889		0.85446		0.93814		0.89435		0.7815
877		4032.77		0.95592		0.95648		0.88889		0.85446		0.93814		0.89435		0.7815
878		4034.36		0.95587		0.95634		0.89147		0.8619		0.93299		0.89604		0.78559
879		4035.5		0.95553		0.9561		0.89147		0.8619		0.93299		0.89604		0.78559
880		4036.76		0.95516		0.95619		0.88889		0.85782		0.93299		0.89383		0.78075
881		4038.05		0.95526		0.95678		0.88889		0.85782		0.93299		0.89383		0.78075
882		4039.31		0.95518		0.95727		0.89406		0.86603		0.93299		0.89826		0.79045
883		4040.88		0.95548		0.95751		0.89922		0.8744		0.93299		0.90274		0.80022
884		4042.7		0.95538		0.95729		0.89406		0.86603		0.93299		0.89826		0.79045
885		4044.35		0.95538		0.95717		0.89147		0.8619		0.93299		0.89604		0.78559
886		4045.88		0.95553		0.957		0.8863		0.85714		0.92784		0.89109		0.77522
887		4047.31		0.95518		0.95596		0.8863		0.85714		0.92784		0.89109		0.77522
888		4049.1		0.95469		0.95458		0.88889		0.86124		0.92784		0.8933		0.78008
889		4050.53		0.95406		0.9539		0.88889		0.85782		0.93299		0.89383		0.78075
890		4052.2		0.95378		0.95388		0.88889		0.85782		0.93299		0.89383		0.78075
891		4053.39		0.95376		0.95481		0.89147		0.8619		0.93299		0.89604		0.78559
892		4054.57		0.95449		0.95634		0.89664		0.86667		0.93814		0.90099		0.79596
893		4055.86		0.95458		0.9568		0.90181		0.875		0.93814		0.90547		0.80569
894		4057.45		0.95417		0.95672		0.89664		0.87019		0.93299		0.9005		0.79533
895		4059.13		0.95335		0.95526		0.89664		0.87019		0.93299		0.9005		0.79533
896		4060.3		0.95293		0.95434		0.8863		0.86058		0.92268		0.89055		0.7746
897		4061.41		0.95303		0.95417		0.88889		0.86473		0.92268		0.89277		0.7795
898		4062.65		0.95465		0.95546		0.89147		0.86893		0.92268		0.895		0.78442
899		4063.76		0.9562		0.95682		0.89922		0.87805		0.92784		0.90226		0.79971
900		4064.87		0.95637		0.95691		0.89664		0.87379		0.92784		0.9		0.79478
901		4066.08		0.95569		0.95662		0.8863		0.85377		0.93299		0.89163		0.77592
902		4067.3		0.95533		0.95651		0.87855		0.84186		0.93299		0.88509		0.76154
903		4068.58		0.95436		0.95557		0.88114		0.84906		0.92784		0.8867		0.76554
904		4070.48		0.95314		0.95395		0.8863		0.85714		0.92784		0.89109		0.77522
905		4071.88		0.9513		0.95228		0.87855		0.85167		0.91753		0.88337		0.75934
906		4073.09		0.95034		0.95154		0.87855		0.84834		0.92268		0.88395		0.75999
907		4074.48		0.95326		0.95479		0.8863		0.86058		0.92268		0.89055		0.7746
908		4076.23		0.9548		0.95637		0.8863		0.85714		0.92784		0.89109		0.77522
909		4077.69		0.95508		0.95662		0.88889		0.85446		0.93814		0.89435		0.7815
910		4078.91		0.95505		0.9564		0.88372		0.84977		0.93299		0.88943		0.77111
911		4080.57		0.95442		0.9557		0.89664		0.87019		0.93299		0.9005		0.79533
912		4081.89		0.95258		0.95346		0.88372		0.85308		0.92784		0.88889		0.77037
913		4083.36		0.95118		0.95221		0.87597		0.84112		0.92784		0.88235		0.75592
914		4084.77		0.95112		0.95256		0.87855		0.84834		0.92268		0.88395		0.75999
915		4086.0		0.95261		0.95427		0.89406		0.87317		0.92268		0.89724		0.78936
916		4087.17		0.95369		0.95538		0.88889		0.86829		0.91753		0.89223		0.779
917		4088.33		0.95339		0.95515		0.88114		0.85238		0.92268		0.88614		0.76484
918		4089.9		0.95303		0.95519		0.87339		0.83721		0.92784		0.8802		0.75114
919		4091.63		0.9535		0.95553		0.87339		0.83721		0.92784		0.8802		0.75114
920		4092.87		0.95393		0.95555		0.8863		0.86058		0.92268		0.89055		0.7746
921		4094.06		0.95347		0.95468		0.8863		0.86408		0.91753		0.89		0.77406
922		4095.17		0.9539		0.95467		0.88889		0.87192		0.91237		0.89169		0.77859
923		4096.3		0.95372		0.95436		0.89147		0.87255		0.91753		0.89447		0.78396
924		4097.54		0.95369		0.95424		0.8863		0.85714		0.92784		0.89109		0.77522
925		4098.65		0.95325		0.95376		0.8863		0.85047		0.93814		0.89216		0.77671
926		4099.8		0.95437		0.95543		0.88372		0.84651		0.93814		0.88998		0.77194
927		4100.98		0.95488		0.95665		0.89147		0.8619		0.93299		0.89604		0.78559
928		4102.53		0.95477		0.95674		0.89664		0.87379		0.92784		0.9		0.79478
929		4104.19		0.95404		0.95616		0.89406		0.86957		0.92784		0.89776		0.78986
930		4105.46		0.95262		0.95411		0.88114		0.85238		0.92268		0.88614		0.76484
931		4106.91		0.95153		0.95295		0.87339		0.83721		0.92784		0.8802		0.75114
932		4108.36		0.95201		0.95349		0.89147		0.86893		0.92268		0.895		0.78442
933		4109.73		0.95335		0.9548		0.89664		0.88119		0.91753		0.89899		0.79394
934		4111.11		0.95422		0.95572		0.89406		0.8806		0.91237		0.8962		0.78861
935		4112.42		0.95424		0.95644		0.89406		0.86603		0.93299		0.89826		0.79045
936		4114.07		0.95453		0.9571		0.88372		0.84332		0.9433		0.89051		0.77285
937		4115.7		0.95426		0.95714		0.89147		0.8619		0.93299		0.89604		0.78559
938		4117.02		0.95417		0.95699		0.89406		0.87317		0.92268		0.89724		0.78936
939		4118.42		0.95508		0.95715		0.89664		0.87745		0.92268		0.8995		0.79431
940		4119.77		0.9529		0.95397		0.88889		0.86473		0.92268		0.89277		0.7795
941		4121.23		0.95038		0.95056		0.86563		0.82569		0.92784		0.87379		0.73687
942		4123.02		0.95446		0.95496		0.88889		0.86829		0.91753		0.89223		0.779
943		4124.36		0.95573		0.95638		0.89664		0.885		0.91237		0.89848		0.79365
944		4125.69		0.95505		0.95587		0.87855		0.84834		0.92268		0.88395		0.75999
945		4127.17		0.95321		0.95427		0.86563		0.82273		0.93299		0.8744		0.73787
946		4128.95		0.95286		0.95457		0.88114		0.84906		0.92784		0.8867		0.76554
947		4130.21		0.95329		0.95509		0.89406		0.87685		0.91753		0.89673		0.78894
948		4131.75		0.95286		0.95467		0.89406		0.8806		0.91237		0.8962		0.78861
949		4133.07		0.9521		0.95365		0.88889		0.87562		0.90722		0.89114		0.77827
950		4135.21		0.95044		0.95162		0.88114		0.85577		0.91753		0.88557		0.76423
951		4136.59		0.94955		0.95018		0.86822		0.82949		0.92784		0.87591		0.74161
952		4137.92		0.95042		0.95026		0.8708		0.83333		0.92784		0.87805		0.74637
953		4139.27		0.95297		0.95239		0.88372		0.84977		0.93299		0.88943		0.77111
954		4140.69		0.95425		0.95376		0.88889		0.86124		0.92784		0.8933		0.78008
955		4142.06		0.95394		0.95424		0.88889		0.86124		0.92784		0.8933		0.78008
956		4143.6		0.9539		0.95503		0.88889		0.85782		0.93299		0.89383		0.78075
957		4145.19		0.95404		0.9556		0.88889		0.86124		0.92784		0.8933		0.78008
958		4146.52		0.95453		0.95652		0.8863		0.85714		0.92784		0.89109		0.77522
959		4147.9		0.95589		0.95756		0.89664		0.86667		0.93814		0.90099		0.79596
960		4149.18		0.95655		0.95777		0.89664		0.86667		0.93814		0.90099		0.79596
961		4150.41		0.95681		0.95773		0.89664		0.86667		0.93814		0.90099		0.79596
962		4151.99		0.95573		0.9566		0.89664		0.86321		0.9433		0.90148		0.79669
963		4153.76		0.95454		0.95519		0.88889		0.85446		0.93814		0.89435		0.7815
964		4154.98		0.95448		0.95488		0.8863		0.85377		0.93299		0.89163		0.77592
965		4156.2		0.95476		0.95511		0.89147		0.8619		0.93299		0.89604		0.78559
966		4157.55		0.95438		0.95467		0.89664		0.87379		0.92784		0.9		0.79478
967		4158.96		0.95417		0.95435		0.89406		0.86957		0.92784		0.89776		0.78986
968		4160.66		0.95416		0.95471		0.89147		0.86538		0.92784		0.89552		0.78496
969		4162.21		0.95363		0.95423		0.88372		0.85308		0.92784		0.88889		0.77037
970		4163.4		0.95343		0.95387		0.89406		0.86957		0.92784		0.89776		0.78986
971		4164.64		0.95374		0.95413		0.89147		0.87255		0.91753		0.89447		0.78396
972		4165.89		0.95358		0.95424		0.89922		0.88177		0.92268		0.90176		0.79929
973		4167.03		0.95362		0.95446		0.89922		0.88177		0.92268		0.90176		0.79929
974		4168.16		0.95321		0.95391		0.89406		0.86957		0.92784		0.89776		0.78986
975		4169.31		0.95313		0.95365		0.89664		0.86321		0.9433		0.90148		0.79669
976		4170.77		0.95263		0.95344		0.88889		0.85116		0.9433		0.89487		0.78234
977		4172.33		0.95278		0.9536		0.89147		0.85514		0.9433		0.89706		0.7871
978		4173.98		0.95317		0.95393		0.89406		0.86256		0.93814		0.89877		0.79112
979		4175.36		0.95343		0.95445		0.89406		0.86256		0.93814		0.89877		0.79112
980		4176.95		0.95393		0.95499		0.89406		0.86603		0.93299		0.89826		0.79045
981		4178.61		0.95461		0.95579		0.89664		0.87019		0.93299		0.9005		0.79533
982		4180.21		0.95517		0.9567		0.90439		0.87923		0.93814		0.90773		0.81058
983		4181.44		0.95536		0.95706		0.90439		0.87923		0.93814		0.90773		0.81058
984		4182.68		0.956		0.9579		0.89664		0.86667		0.93814		0.90099		0.79596
985		4184.07		0.9558		0.95768		0.89406		0.86256		0.93814		0.89877		0.79112
986		4185.91		0.95513		0.95676		0.89406		0.86256		0.93814		0.89877		0.79112
987		4187.15		0.95466		0.95596		0.89147		0.85849		0.93814		0.89655		0.7863
988		4188.39		0.95363		0.9547		0.8863		0.85714		0.92784		0.89109		0.77522
989		4189.55		0.95241		0.95332		0.88889		0.86473		0.92268		0.89277		0.7795
990		4190.82		0.95261		0.95363		0.89406		0.87317		0.92268		0.89724		0.78936
991		4191.99		0.95278		0.95427		0.89922		0.88177		0.92268		0.90176		0.79929
992		4193.29		0.95335		0.95506		0.89922		0.8744		0.93299		0.90274		0.80022
993		4194.42		0.9538		0.95583		0.89147		0.85849		0.93814		0.89655		0.7863
994		4196.11		0.95401		0.95633		0.89406		0.86256		0.93814		0.89877		0.79112
995		4198.0		0.95428		0.95646		0.89147		0.8619		0.93299		0.89604		0.78559
996		4199.68		0.9543		0.95628		0.88889		0.85782		0.93299		0.89383		0.78075
997		4201.17		0.95416		0.95589		0.88889		0.86124		0.92784		0.8933		0.78008
998		4202.54		0.95372		0.95501		0.88372		0.8599		0.91753		0.88778		0.76914
999		4203.69		0.95295		0.95409		0.88372		0.8599		0.91753		0.88778		0.76914
1000		4205.02		0.95233		0.95335		0.87855		0.85167		0.91753		0.88337		0.75934
fold: 3
Epoch		Time		AUC		AUPR		Accuracy		Precision		Recall		F1-score		Mcc
1		4207.45		0.83425		0.81913		0.65891		0.59807		0.96373		0.7381		0.402
AUC improved at epoch  1 ;	best_auc: 0.8342503071417126
2		4208.91		0.84149		0.81914		0.74419		0.79375		0.65803		0.71955		0.49541
AUC improved at epoch  2 ;	best_auc: 0.8414881683670743
3		4210.3		0.83617		0.81057		0.72093		0.80142		0.58549		0.67665		0.45835
4		4211.56		0.82963		0.80791		0.71318		0.76974		0.60622		0.67826		0.43595
5		4213.24		0.82629		0.80347		0.71835		0.74138		0.66839		0.703		0.43867
6		4215.14		0.82212		0.80007		0.73643		0.74332		0.72021		0.73158		0.47305
7		4216.67		0.81911		0.79979		0.71576		0.73446		0.67358		0.7027		0.43288
8		4217.84		0.81774		0.79788		0.70543		0.73939		0.63212		0.68156		0.415
9		4219.3		0.8166		0.79445		0.70543		0.73939		0.63212		0.68156		0.415
10		4221.09		0.81462		0.78813		0.69767		0.72093		0.64249		0.67945		0.39752
11		4222.39		0.81336		0.78173		0.70543		0.72316		0.66321		0.69189		0.41213
12		4223.66		0.81601		0.77963		0.70801		0.72727		0.66321		0.69377		0.4175
13		4224.96		0.82106		0.79037		0.71835		0.73077		0.68912		0.70933		0.43731
14		4226.26		0.82824		0.79555		0.74419		0.735		0.76166		0.74809		0.48874
15		4227.36		0.84026		0.81023		0.78295		0.76847		0.80829		0.78788		0.5667
16		4228.5		0.85172		0.82622		0.77261		0.79006		0.74093		0.76471		0.5462
AUC improved at epoch  16 ;	best_auc: 0.8517173227925858
17		4229.65		0.85065		0.82348		0.7907		0.76168		0.84456		0.80098		0.58496
18		4231.1		0.85222		0.82558		0.79328		0.78109		0.81347		0.79695		0.58711
AUC improved at epoch  18 ;	best_auc: 0.8522247743176113
19		4232.24		0.85463		0.82698		0.78811		0.78173		0.79793		0.78974		0.57637
AUC improved at epoch  19 ;	best_auc: 0.8546284920677314
20		4233.44		0.85444		0.82303		0.80103		0.77619		0.84456		0.80893		0.60449
21		4234.61		0.85222		0.821		0.80362		0.7799		0.84456		0.81095		0.6094
22		4235.78		0.8522		0.82304		0.79845		0.78894		0.81347		0.80102		0.59722
23		4237.32		0.85329		0.82428		0.79587		0.7767		0.82902		0.80201		0.59314
24		4238.58		0.85516		0.82687		0.80362		0.78261		0.83938		0.81		0.6089
AUC improved at epoch  24 ;	best_auc: 0.8551626515677581
25		4239.95		0.85794		0.82967		0.8062		0.79798		0.81865		0.80818		0.61263
AUC improved at epoch  25 ;	best_auc: 0.8579402809678969
26		4241.4		0.85936		0.83006		0.80879		0.79602		0.82902		0.81218		0.61814
AUC improved at epoch  26 ;	best_auc: 0.8593558036429677
27		4243.03		0.85989		0.82999		0.80362		0.7799		0.84456		0.81095		0.6094
AUC improved at epoch  27 ;	best_auc: 0.8598899631429945
28		4244.6		0.86056		0.83016		0.81137		0.79412		0.83938		0.81612		0.6238
AUC improved at epoch  28 ;	best_auc: 0.8605576625180279
29		4246.02		0.86069		0.82808		0.80362		0.7799		0.84456		0.81095		0.6094
AUC improved at epoch  29 ;	best_auc: 0.8606912023930345
30		4247.31		0.86152		0.82788		0.8062		0.78365		0.84456		0.81297		0.61433
AUC improved at epoch  30 ;	best_auc: 0.861519149618076
31		4248.88		0.86414		0.83048		0.80103		0.78155		0.8342		0.80702		0.6035
AUC improved at epoch  31 ;	best_auc: 0.8641365311682068
32		4250.35		0.86574		0.83223		0.79328		0.76279		0.84974		0.80392		0.59051
AUC improved at epoch  32 ;	best_auc: 0.8657390096682869
33		4251.74		0.86753		0.83512		0.79328		0.76777		0.83938		0.80198		0.58921
AUC improved at epoch  33 ;	best_auc: 0.8675284439933765
34		4253.11		0.86833		0.83506		0.80103		0.78431		0.82902		0.80605		0.6031
AUC improved at epoch  34 ;	best_auc: 0.8683296832434164
35		4254.41		0.86798		0.8353		0.79845		0.77778		0.8342		0.805		0.59854
36		4255.84		0.86555		0.83271		0.79845		0.78325		0.82383		0.80303		0.59775
37		4257.5		0.86545		0.82996		0.80103		0.78431		0.82902		0.80605		0.6031
38		4258.99		0.86622		0.83196		0.79845		0.78049		0.82902		0.80402		0.59811
39		4260.59		0.86918		0.835		0.80103		0.78155		0.8342		0.80702		0.6035
AUC improved at epoch  39 ;	best_auc: 0.8691843384434592
40		4261.98		0.87215		0.84073		0.8062		0.78095		0.84974		0.8139		0.61486
AUC improved at epoch  40 ;	best_auc: 0.8721489236686075
41		4263.37		0.87274		0.8425		0.8062		0.78095		0.84974		0.8139		0.61486
AUC improved at epoch  41 ;	best_auc: 0.8727364991186368
42		4264.57		0.87263		0.84426		0.80879		0.78469		0.84974		0.81592		0.61977
43		4265.69		0.87314		0.84565		0.80879		0.78469		0.84974		0.81592		0.61977
AUC improved at epoch  43 ;	best_auc: 0.8731371187436568
44		4266.84		0.87362		0.84677		0.8062		0.78641		0.83938		0.81203		0.61385
AUC improved at epoch  44 ;	best_auc: 0.8736178622936809
45		4268.83		0.8753		0.85066		0.80103		0.77358		0.84974		0.80988		0.60509
AUC improved at epoch  45 ;	best_auc: 0.875300464718765
46		4270.33		0.87594		0.85228		0.80103		0.79293		0.81347		0.80307		0.60229
AUC improved at epoch  46 ;	best_auc: 0.875941456118797
47		4271.61		0.87618		0.85533		0.7907		0.76168		0.84456		0.80098		0.58496
AUC improved at epoch  47 ;	best_auc: 0.8761818278938092
48		4272.8		0.87754		0.85762		0.80103		0.77885		0.83938		0.80798		0.60396
AUC improved at epoch  48 ;	best_auc: 0.8775439346188773
49		4274.13		0.87992		0.86177		0.79845		0.79487		0.80311		0.79897		0.59694
AUC improved at epoch  49 ;	best_auc: 0.8799209443939959
50		4275.36		0.88046		0.86207		0.80362		0.77209		0.8601		0.81373		0.61131
AUC improved at epoch  50 ;	best_auc: 0.8804551038940227
51		4276.62		0.88238		0.86525		0.80362		0.79695		0.81347		0.80513		0.60738
AUC improved at epoch  51 ;	best_auc: 0.882378078094119
52		4277.91		0.88275		0.8682		0.79587		0.76636		0.84974		0.8059		0.59536
AUC improved at epoch  52 ;	best_auc: 0.8827519897441376
53		4279.63		0.885		0.87052		0.80103		0.77619		0.84456		0.80893		0.60449
AUC improved at epoch  53 ;	best_auc: 0.8849954596442499
54		4281.41		0.88767		0.8733		0.79328		0.80214		0.7772		0.78947		0.58681
AUC improved at epoch  54 ;	best_auc: 0.8876662571443833
55		4283.26		0.88788		0.87609		0.80362		0.77465		0.85492		0.81281		0.61061
AUC improved at epoch  55 ;	best_auc: 0.8878799209443939
56		4284.46		0.88743		0.87636		0.80362		0.78261		0.83938		0.81		0.6089
57		4285.72		0.89162		0.87956		0.80103		0.79592		0.80829		0.80206		0.60215
AUC improved at epoch  57 ;	best_auc: 0.8916190374445809
58		4286.99		0.89108		0.87932		0.79587		0.76887		0.84456		0.80494		0.5947
59		4288.47		0.89461		0.88167		0.80103		0.80526		0.79275		0.79896		0.60212
AUC improved at epoch  59 ;	best_auc: 0.8946103306447305
60		4289.95		0.89442		0.88416		0.80879		0.78469		0.84974		0.81592		0.61977
61		4291.6		0.89464		0.88529		0.79845		0.76744		0.85492		0.80882		0.60091
AUC improved at epoch  61 ;	best_auc: 0.8946370386197319
62		4293.0		0.89766		0.88801		0.80879		0.84795		0.7513		0.7967		0.62149
AUC improved at epoch  62 ;	best_auc: 0.8976550397948827
63		4294.12		0.8996		0.89105		0.82429		0.81726		0.8342		0.82564		0.64873
AUC improved at epoch  63 ;	best_auc: 0.8996047219699802
64		4295.27		0.90001		0.89134		0.80879		0.78469		0.84974		0.81592		0.61977
AUC improved at epoch  64 ;	best_auc: 0.9000053415950002
65		4296.41		0.89824		0.88927		0.81912		0.82888		0.80311		0.81579		0.63852
66		4297.69		0.90171		0.89292		0.80362		0.77465		0.85492		0.81281		0.61061
AUC improved at epoch  66 ;	best_auc: 0.9017146519950857
67		4298.84		0.90244		0.89552		0.8062		0.78365		0.84456		0.81297		0.61433
AUC improved at epoch  67 ;	best_auc: 0.9024357673201219
68		4300.79		0.903		0.89716		0.80362		0.83429		0.75648		0.79348		0.60978
AUC improved at epoch  68 ;	best_auc: 0.9029966347951498
69		4301.94		0.90292		0.8994		0.81912		0.80597		0.83938		0.82234		0.63883
70		4303.17		0.90492		0.90151		0.81912		0.79147		0.86528		0.82673		0.64111
AUC improved at epoch  70 ;	best_auc: 0.904919608995246
71		4304.36		0.90642		0.90245		0.82687		0.83871		0.80829		0.82322		0.65414
AUC improved at epoch  71 ;	best_auc: 0.9064152555953208
72		4306.31		0.90732		0.90438		0.8062		0.80729		0.80311		0.80519		0.6124
AUC improved at epoch  72 ;	best_auc: 0.9073233267453662
73		4307.44		0.90756		0.90676		0.81395		0.77376		0.88601		0.82609		0.63472
AUC improved at epoch  73 ;	best_auc: 0.9075636985203781
74		4308.64		0.90933		0.90882		0.81137		0.82609		0.78756		0.80637		0.62337
AUC improved at epoch  74 ;	best_auc: 0.9093264248704663
75		4309.89		0.91149		0.91125		0.82171		0.84066		0.79275		0.816		0.6444
AUC improved at epoch  75 ;	best_auc: 0.9114897708455744
76		4311.1		0.9136		0.91276		0.80879		0.77674		0.86528		0.81863		0.62171
AUC improved at epoch  76 ;	best_auc: 0.91359970087068
77		4312.27		0.9155		0.91352		0.82171		0.81313		0.8342		0.82353		0.64365
AUC improved at epoch  77 ;	best_auc: 0.9154959670957747
78		4313.48		0.9175		0.91579		0.82687		0.82474		0.82902		0.82687		0.65376
AUC improved at epoch  78 ;	best_auc: 0.9174990652208749
79		4314.86		0.91851		0.91766		0.83721		0.81863		0.86528		0.84131		0.67556
AUC improved at epoch  79 ;	best_auc: 0.9185139682709257
80		4316.45		0.91945		0.91981		0.83463		0.82741		0.84456		0.8359		0.66941
AUC improved at epoch  80 ;	best_auc: 0.9194487473959725
81		4317.99		0.92196		0.92319		0.83204		0.82323		0.84456		0.83376		0.66432
AUC improved at epoch  81 ;	best_auc: 0.9219592970460979
82		4320.23		0.92359		0.92489		0.83204		0.81068		0.86528		0.83709		0.66564
AUC improved at epoch  82 ;	best_auc: 0.9235884835211795
83		4321.49		0.92479		0.92498		0.83204		0.80476		0.87565		0.83871		0.66673
AUC improved at epoch  83 ;	best_auc: 0.9247903423962395
84		4322.87		0.92679		0.92715		0.83979		0.83938		0.83938		0.83938		0.67958
AUC improved at epoch  84 ;	best_auc: 0.9267934405213397
85		4324.07		0.92524		0.92513		0.85271		0.84		0.87047		0.85496		0.70591
86		4325.26		0.92666		0.92773		0.84238		0.85106		0.82902		0.8399		0.68496
87		4326.46		0.93016		0.9318		0.84755		0.835		0.86528		0.84987		0.69557
AUC improved at epoch  87 ;	best_auc: 0.9301586453715079
88		4328.03		0.93454		0.93629		0.85271		0.85789		0.84456		0.85117		0.7055
AUC improved at epoch  88 ;	best_auc: 0.9345387532717269
89		4329.76		0.93363		0.93319		0.82687		0.77155		0.92746		0.84235		0.66761
90		4331.18		0.93828		0.93908		0.84238		0.89286		0.7772		0.83102		0.69044
AUC improved at epoch  90 ;	best_auc: 0.9382778697719139
91		4333.33		0.9374		0.93787		0.84755		0.84896		0.84456		0.84675		0.69509
92		4334.64		0.93798		0.93797		0.85271		0.81776		0.90674		0.85995		0.7097
93		4335.99		0.94001		0.94217		0.85788		0.84848		0.87047		0.85934		0.71602
AUC improved at epoch  93 ;	best_auc: 0.9400138881470007
94		4337.13		0.94314		0.94494		0.84755		0.86813		0.81865		0.84267		0.69617
AUC improved at epoch  94 ;	best_auc: 0.9431387212221569
95		4338.8		0.94391		0.94289		0.86047		0.85279		0.87047		0.86154		0.7211
AUC improved at epoch  95 ;	best_auc: 0.9439132524971956
96		4340.37		0.94439		0.942		0.85013		0.84264		0.8601		0.85128		0.70042
AUC improved at epoch  96 ;	best_auc: 0.9443939960472197
97		4341.63		0.94244		0.93902		0.8553		0.87027		0.8342		0.85185		0.71117
98		4342.77		0.94322		0.94061		0.85788		0.85938		0.85492		0.85714		0.71577
99		4344.12		0.94536		0.94298		0.86305		0.83019		0.91192		0.86914		0.72969
AUC improved at epoch  99 ;	best_auc: 0.9453554831472677
100		4345.63		0.94549		0.94376		0.86822		0.83491		0.9171		0.87407		0.74007
AUC improved at epoch  100 ;	best_auc: 0.9454890230222744
101		4347.24		0.94632		0.94466		0.86563		0.87302		0.85492		0.86387		0.73141
AUC improved at epoch  101 ;	best_auc: 0.9463169702473159
102		4348.65		0.94386		0.94257		0.86563		0.86911		0.8601		0.86458		0.7313
103		4349.9		0.94434		0.94334		0.8708		0.85222		0.89637		0.87374		0.74263
104		4351.29		0.94733		0.94543		0.86822		0.85149		0.89119		0.87089		0.73726
AUC improved at epoch  104 ;	best_auc: 0.9473318732973666
105		4352.72		0.94819		0.9454		0.86563		0.86528		0.86528		0.86528		0.73126
AUC improved at epoch  105 ;	best_auc: 0.9481865284974093
106		4354.37		0.94909		0.94618		0.87597		0.86432		0.89119		0.87755		0.75232
AUC improved at epoch  106 ;	best_auc: 0.9490945996474547
107		4355.87		0.95185		0.94832		0.86563		0.86154		0.87047		0.86598		0.73131
AUC improved at epoch  107 ;	best_auc: 0.9518455210725922
108		4357.3		0.95155		0.94778		0.87855		0.85784		0.90674		0.88161		0.75837
109		4358.84		0.95006		0.94661		0.8708		0.86294		0.88083		0.87179		0.74177
110		4360.83		0.94805		0.94448		0.86822		0.84804		0.89637		0.87154		0.73766
111		4362.09		0.95043		0.94709		0.87597		0.85714		0.90155		0.87879		0.75298
112		4363.34		0.95027		0.947		0.87855		0.86139		0.90155		0.88101		0.75795
113		4364.63		0.95227		0.94907		0.87339		0.87895		0.86528		0.87206		0.74685
AUC improved at epoch  113 ;	best_auc: 0.9522728486726136
114		4365.97		0.95032		0.94634		0.87855		0.85437		0.91192		0.88221		0.75886
115		4367.41		0.95022		0.94688		0.86305		0.84314		0.89119		0.8665		0.72731
116		4368.75		0.94947		0.94656		0.86822		0.85149		0.89119		0.87089		0.73726
117		4369.91		0.95323		0.95032		0.8863		0.88601		0.88601		0.88601		0.77261
AUC improved at epoch  117 ;	best_auc: 0.9532343357726618
118		4371.2		0.95417		0.95069		0.8863		0.84977		0.93782		0.89163		0.77683
AUC improved at epoch  118 ;	best_auc: 0.9541691148977085
119		4372.52		0.95227		0.94924		0.86305		0.89773		0.81865		0.85637		0.72885
120		4373.73		0.9488		0.94477		0.86822		0.82569		0.93264		0.87591		0.74274
121		4375.09		0.9504		0.94657		0.87597		0.86802		0.88601		0.87692		0.75211
122		4376.77		0.95428		0.95098		0.8863		0.9027		0.86528		0.8836		0.77325
AUC improved at epoch  122 ;	best_auc: 0.9542759467977138
123		4378.34		0.95641		0.953		0.88372		0.86634		0.90674		0.88608		0.7683
AUC improved at epoch  123 ;	best_auc: 0.9564125847978207
124		4379.67		0.95478		0.95184		0.87597		0.84689		0.9171		0.8806		0.75457
125		4381.02		0.95385		0.95034		0.87597		0.8836		0.86528		0.87435		0.75208
126		4382.38		0.95254		0.94874		0.8708		0.84211		0.91192		0.87562		0.7442
127		4383.89		0.95246		0.94904		0.8708		0.8593		0.88601		0.87245		0.74198
128		4385.37		0.95177		0.94975		0.87597		0.89617		0.84974		0.87234		0.75291
129		4387.2		0.95198		0.95073		0.8708		0.84211		0.91192		0.87562		0.7442
130		4388.73		0.95465		0.9531		0.87855		0.85096		0.9171		0.88279		0.75944
131		4390.37		0.95553		0.95378		0.88114		0.88889		0.87047		0.87958		0.76242
132		4391.92		0.95538		0.95368		0.88114		0.87692		0.88601		0.88144		0.76232
133		4393.36		0.95452		0.95321		0.87597		0.85024		0.91192		0.88		0.75396
134		4394.73		0.95556		0.95342		0.87597		0.87565		0.87565		0.87565		0.75194
135		4396.07		0.95548		0.95297		0.88114		0.87692		0.88601		0.88144		0.76232
136		4397.83		0.95675		0.95398		0.87597		0.8436		0.92228		0.88119		0.75527
AUC improved at epoch  136 ;	best_auc: 0.9567464344853372
137		4399.49		0.95735		0.95423		0.88372		0.85922		0.9171		0.88722		0.76922
AUC improved at epoch  137 ;	best_auc: 0.9573473639228675
138		4401.08		0.95591		0.95342		0.8863		0.89005		0.88083		0.88542		0.77264
139		4402.26		0.95206		0.9497		0.87597		0.8607		0.89637		0.87817		0.75261
140		4403.55		0.94891		0.94626		0.85271		0.81193		0.9171		0.86131		0.71148
141		4404.76		0.9523		0.9488		0.88114		0.88482		0.87565		0.88021		0.76231
142		4406.0		0.95468		0.95055		0.87855		0.87629		0.88083		0.87855		0.75712
143		4407.19		0.95446		0.95041		0.87339		0.84615		0.91192		0.87781		0.74907
144		4408.63		0.95546		0.95152		0.87855		0.86139		0.90155		0.88101		0.75795
145		4410.6		0.95632		0.9527		0.87339		0.88298		0.8601		0.87139		0.747
146		4411.98		0.95623		0.95306		0.88372		0.87374		0.89637		0.88491		0.76771
147		4413.68		0.95474		0.9523		0.8708		0.83886		0.9171		0.87624		0.74489
148		4415.2		0.95542		0.95295		0.88372		0.86634		0.90674		0.88608		0.7683
149		4416.87		0.95633		0.95331		0.88114		0.88482		0.87565		0.88021		0.76231
150		4418.55		0.95596		0.9529		0.87855		0.87629		0.88083		0.87855		0.75712
151		4419.82		0.95377		0.95144		0.88114		0.86207		0.90674		0.88384		0.76332
152		4421.21		0.95275		0.95087		0.88114		0.86567		0.90155		0.88325		0.76295
153		4422.47		0.95534		0.9526		0.89406		0.88776		0.90155		0.8946		0.78822
154		4423.8		0.95623		0.95334		0.89664		0.88832		0.90674		0.89744		0.79346
155		4425.0		0.95785		0.95524		0.88889		0.86765		0.9171		0.89169		0.77907
AUC improved at epoch  155 ;	best_auc: 0.9578548154478927
156		4426.22		0.95834		0.95591		0.89147		0.87562		0.91192		0.8934		0.78364
AUC improved at epoch  156 ;	best_auc: 0.9583355589979168
157		4427.75		0.9578		0.95595		0.88889		0.89062		0.88601		0.88831		0.77778
158		4429.54		0.95625		0.95474		0.88889		0.88265		0.89637		0.88946		0.77788
159		4430.71		0.9551		0.95315		0.88372		0.87755		0.89119		0.88432		0.76754
160		4431.97		0.95546		0.95281		0.88114		0.87692		0.88601		0.88144		0.76232
161		4433.18		0.95536		0.95162		0.88114		0.87692		0.88601		0.88144		0.76232
162		4434.31		0.95506		0.95125		0.8708		0.85572		0.89119		0.8731		0.74226
163		4435.57		0.95398		0.95005		0.88372		0.87374		0.89637		0.88491		0.76771
164		4436.78		0.95309		0.94965		0.88372		0.87374		0.89637		0.88491		0.76771
165		4437.9		0.95317		0.9501		0.88114		0.8731		0.89119		0.88205		0.76245
166		4439.23		0.9541		0.95095		0.88889		0.88265		0.89637		0.88946		0.77788
167		4440.64		0.95366		0.95086		0.88114		0.86567		0.90155		0.88325		0.76295
168		4442.16		0.95394		0.95056		0.87597		0.8607		0.89637		0.87817		0.75261
169		4443.65		0.95477		0.95158		0.87597		0.86802		0.88601		0.87692		0.75211
170		4445.04		0.9551		0.95291		0.87855		0.86869		0.89119		0.8798		0.75737
171		4446.51		0.95554		0.95397		0.88372		0.86634		0.90674		0.88608		0.7683
172		4448.13		0.95588		0.95453		0.88114		0.86567		0.90155		0.88325		0.76295
173		4449.48		0.95584		0.95464		0.87597		0.8607		0.89637		0.87817		0.75261
174		4450.76		0.95627		0.95486		0.87597		0.8607		0.89637		0.87817		0.75261
175		4452.47		0.95676		0.95499		0.88114		0.8731		0.89119		0.88205		0.76245
176		4453.9		0.9562		0.95376		0.88889		0.8866		0.89119		0.88889		0.77779
177		4455.26		0.95564		0.953		0.88372		0.88144		0.88601		0.88372		0.76745
178		4456.54		0.95492		0.95113		0.87597		0.86432		0.89119		0.87755		0.75232
179		4457.97		0.9545		0.95071		0.86563		0.85075		0.88601		0.86802		0.73192
180		4459.43		0.9555		0.95175		0.8708		0.85222		0.89637		0.87374		0.74263
181		4460.75		0.956		0.95202		0.87597		0.85714		0.90155		0.87879		0.75298
182		4462.34		0.95681		0.95292		0.87597		0.8607		0.89637		0.87817		0.75261
183		4463.67		0.95733		0.9537		0.87855		0.86869		0.89119		0.8798		0.75737
184		4465.61		0.95788		0.95438		0.8863		0.87437		0.90155		0.88776		0.773
185		4467.51		0.95815		0.9548		0.87855		0.87245		0.88601		0.87918		0.75721
186		4468.82		0.95784		0.95467		0.88114		0.88083		0.88083		0.88083		0.76227
187		4470.12		0.95657		0.95368		0.87339		0.86735		0.88083		0.87404		0.74687
188		4471.29		0.95529		0.95265		0.86563		0.84729		0.89119		0.86869		0.73228
189		4472.55		0.95442		0.95167		0.86822		0.84804		0.89637		0.87154		0.73766
190		4473.71		0.95469		0.95182		0.86822		0.84804		0.89637		0.87154		0.73766
191		4474.94		0.95581		0.95216		0.87339		0.85644		0.89637		0.87595		0.74761
192		4476.11		0.95802		0.95471		0.87855		0.86869		0.89119		0.8798		0.75737
193		4477.72		0.95979		0.9567		0.8708		0.8593		0.88601		0.87245		0.74198
AUC improved at epoch  193 ;	best_auc: 0.9597911436354896
194		4479.13		0.95976		0.95654		0.88889		0.89474		0.88083		0.88773		0.77786
195		4480.33		0.95964		0.95645		0.87855		0.88021		0.87565		0.87792		0.75711
196		4481.68		0.95878		0.95563		0.88114		0.87692		0.88601		0.88144		0.76232
197		4483.8		0.95749		0.95411		0.87597		0.8607		0.89637		0.87817		0.75261
198		4485.31		0.95544		0.95285		0.87855		0.85437		0.91192		0.88221		0.75886
199		4486.65		0.95525		0.95278		0.87597		0.8607		0.89637		0.87817		0.75261
200		4488.34		0.95529		0.9526		0.87597		0.86432		0.89119		0.87755		0.75232
201		4489.91		0.9564		0.95413		0.87597		0.86432		0.89119		0.87755		0.75232
202		4491.34		0.95732		0.95552		0.88372		0.88542		0.88083		0.88312		0.76745
203		4492.86		0.95872		0.95692		0.88372		0.88144		0.88601		0.88372		0.76745
204		4494.63		0.95858		0.95683		0.88372		0.87374		0.89637		0.88491		0.76771
205		4495.75		0.95862		0.95676		0.88372		0.87374		0.89637		0.88491		0.76771
206		4497.13		0.95875		0.95553		0.89406		0.88384		0.90674		0.89514		0.78839
207		4498.39		0.9587		0.95519		0.89406		0.89175		0.89637		0.89406		0.78813
208		4499.5		0.95768		0.95377		0.89406		0.88776		0.90155		0.8946		0.78822
209		4500.6		0.95639		0.95239		0.8863		0.87437		0.90155		0.88776		0.773
210		4501.87		0.95496		0.9511		0.87855		0.865		0.89637		0.88041		0.75762
211		4503.65		0.95522		0.95159		0.87597		0.86432		0.89119		0.87755		0.75232
212		4504.8		0.95529		0.9523		0.87597		0.86802		0.88601		0.87692		0.75211
213		4505.92		0.95708		0.95427		0.88372		0.87374		0.89637		0.88491		0.76771
214		4507.25		0.9586		0.95561		0.89664		0.89231		0.90155		0.89691		0.79333
215		4508.5		0.95919		0.95621		0.88889		0.88265		0.89637		0.88946		0.77788
216		4509.68		0.96065		0.95783		0.8863		0.88205		0.89119		0.8866		0.77266
AUC improved at epoch  216 ;	best_auc: 0.9606457988355322
217		4510.89		0.96038		0.95741		0.88889		0.88265		0.89637		0.88946		0.77788
218		4512.03		0.95943		0.9565		0.88889		0.8866		0.89119		0.88889		0.77779
219		4513.4		0.95843		0.95648		0.8863		0.88205		0.89119		0.8866		0.77266
220		4514.73		0.95561		0.95367		0.87855		0.86139		0.90155		0.88101		0.75795
221		4516.37		0.95335		0.95064		0.87597		0.85366		0.90674		0.8794		0.75343
222		4518.34		0.95286		0.95015		0.86563		0.83732		0.90674		0.87065		0.73383
223		4519.83		0.95285		0.94987		0.87339		0.84951		0.90674		0.87719		0.7485
224		4521.41		0.95416		0.95043		0.87339		0.86364		0.88601		0.87468		0.74703
225		4522.92		0.95498		0.95107		0.87855		0.87629		0.88083		0.87855		0.75712
226		4524.79		0.95601		0.95221		0.8863		0.88205		0.89119		0.8866		0.77266
227		4526.25		0.95628		0.95281		0.87597		0.85366		0.90674		0.8794		0.75343
228		4527.57		0.95709		0.95483		0.87597		0.84689		0.9171		0.8806		0.75457
229		4528.76		0.95725		0.95521		0.87855		0.84762		0.92228		0.88337		0.7601
230		4529.93		0.9583		0.9567		0.8863		0.87065		0.90674		0.88832		0.77329
231		4531.83		0.95971		0.95797		0.89147		0.89529		0.88601		0.89062		0.78298
232		4533.29		0.96043		0.9585		0.88889		0.90323		0.87047		0.88654		0.77827
233		4534.71		0.95975		0.95762		0.8863		0.89005		0.88083		0.88542		0.77264
234		4535.83		0.95828		0.9558		0.88372		0.87755		0.89119		0.88432		0.76754
235		4536.93		0.95695		0.95374		0.88114		0.85507		0.9171		0.885		0.76432
236		4538.26		0.95637		0.95269		0.8708		0.84211		0.91192		0.87562		0.7442
237		4539.86		0.95596		0.9523		0.88114		0.86207		0.90674		0.88384		0.76332
238		4541.44		0.95617		0.95238		0.88372		0.87374		0.89637		0.88491		0.76771
239		4542.76		0.95554		0.9514		0.88372		0.87374		0.89637		0.88491		0.76771
240		4544.73		0.95591		0.9519		0.8863		0.87817		0.89637		0.88718		0.77279
241		4545.94		0.95649		0.95252		0.8863		0.87437		0.90155		0.88776		0.773
242		4547.18		0.95621		0.95261		0.88114		0.86207		0.90674		0.88384		0.76332
243		4548.5		0.95683		0.95318		0.87597		0.85714		0.90155		0.87879		0.75298
244		4549.76		0.95831		0.95526		0.88114		0.87692		0.88601		0.88144		0.76232
245		4551.38		0.95987		0.95672		0.89406		0.9		0.88601		0.89295		0.7882
246		4553.23		0.9611		0.95787		0.89664		0.90476		0.88601		0.89529		0.79344
AUC improved at epoch  246 ;	best_auc: 0.961099834410555
247		4554.37		0.96093		0.95751		0.8863		0.88601		0.88601		0.88601		0.77261
248		4555.58		0.96012		0.95733		0.8863		0.87817		0.89637		0.88718		0.77279
249		4556.73		0.95907		0.95541		0.87855		0.86139		0.90155		0.88101		0.75795
250		4557.96		0.95822		0.95572		0.87855		0.865		0.89637		0.88041		0.75762
251		4559.12		0.95743		0.95457		0.88372		0.87755		0.89119		0.88432		0.76754
252		4560.27		0.95665		0.95421		0.8863		0.88205		0.89119		0.8866		0.77266
253		4561.91		0.95705		0.95408		0.8863		0.88205		0.89119		0.8866		0.77266
254		4563.43		0.95755		0.95392		0.8863		0.88601		0.88601		0.88601		0.77261
255		4565.01		0.95812		0.95347		0.8863		0.88601		0.88601		0.88601		0.77261
256		4566.62		0.95807		0.95326		0.88114		0.8731		0.89119		0.88205		0.76245
257		4568.16		0.95852		0.95386		0.88889		0.87879		0.90155		0.89003		0.77805
258		4569.28		0.95814		0.95403		0.88889		0.87879		0.90155		0.89003		0.77805
259		4570.54		0.95792		0.95407		0.89147		0.88718		0.89637		0.89175		0.78299
260		4571.72		0.95747		0.95446		0.88372		0.88144		0.88601		0.88372		0.76745
261		4572.88		0.95783		0.95468		0.88372		0.88542		0.88083		0.88312		0.76745
262		4574.01		0.95846		0.9553		0.87339		0.86364		0.88601		0.87468		0.74703
263		4575.42		0.95836		0.95503		0.87339		0.86735		0.88083		0.87404		0.74687
264		4576.89		0.9583		0.955		0.87339		0.86364		0.88601		0.87468		0.74703
265		4578.36		0.95761		0.95392		0.88114		0.8731		0.89119		0.88205		0.76245
266		4579.99		0.95721		0.95257		0.8708		0.85572		0.89119		0.8731		0.74226
267		4581.57		0.9568		0.95225		0.87855		0.86139		0.90155		0.88101		0.75795
268		4582.88		0.95697		0.95255		0.88114		0.86567		0.90155		0.88325		0.76295
269		4584.88		0.95655		0.95318		0.8863		0.87065		0.90674		0.88832		0.77329
270		4586.14		0.95604		0.95296		0.8863		0.87065		0.90674		0.88832		0.77329
271		4587.53		0.95526		0.95223		0.87855		0.85784		0.90674		0.88161		0.75837
272		4588.72		0.95596		0.95251		0.87855		0.86139		0.90155		0.88101		0.75795
273		4589.88		0.95704		0.95394		0.87855		0.86869		0.89119		0.8798		0.75737
274		4591.66		0.95768		0.95453		0.87597		0.86802		0.88601		0.87692		0.75211
275		4593.13		0.95767		0.95463		0.88372		0.88144		0.88601		0.88372		0.76745
276		4594.52		0.958		0.95499		0.87855		0.87629		0.88083		0.87855		0.75712
277		4596.0		0.95792		0.95491		0.87855		0.87629		0.88083		0.87855		0.75712
278		4598.16		0.95811		0.95556		0.87855		0.88021		0.87565		0.87792		0.75711
279		4599.82		0.95788		0.95567		0.8863		0.88601		0.88601		0.88601		0.77261
280		4601.33		0.95765		0.95573		0.88889		0.88265		0.89637		0.88946		0.77788
281		4602.56		0.95668		0.95467		0.88114		0.8731		0.89119		0.88205		0.76245
282		4604.47		0.95649		0.95437		0.87597		0.8607		0.89637		0.87817		0.75261
283		4605.98		0.95668		0.95455		0.87597		0.86432		0.89119		0.87755		0.75232
284		4607.38		0.95784		0.95448		0.89147		0.88718		0.89637		0.89175		0.78299
285		4609.08		0.95798		0.95425		0.88889		0.88265		0.89637		0.88946		0.77788
286		4610.59		0.9583		0.95412		0.88372		0.88144		0.88601		0.88372		0.76745
287		4612.02		0.95814		0.95405		0.8863		0.87437		0.90155		0.88776		0.773
288		4613.31		0.95784		0.95367		0.8863		0.87437		0.90155		0.88776		0.773
289		4614.93		0.95826		0.95463		0.88114		0.86935		0.89637		0.88265		0.76266
290		4616.59		0.95775		0.95405		0.88114		0.86567		0.90155		0.88325		0.76295
291		4618.2		0.95735		0.95417		0.88889		0.87129		0.91192		0.89114		0.77865
292		4619.44		0.95711		0.95434		0.88889		0.875		0.90674		0.89059		0.77831
293		4620.7		0.95708		0.95442		0.89147		0.88325		0.90155		0.89231		0.78312
294		4622.14		0.95719		0.95394		0.89406		0.88776		0.90155		0.8946		0.78822
295		4623.96		0.95732		0.95424		0.89147		0.88325		0.90155		0.89231		0.78312
296		4625.12		0.95731		0.95408		0.88114		0.86207		0.90674		0.88384		0.76332
297		4626.25		0.95763		0.95435		0.8863		0.867		0.91192		0.88889		0.77367
298		4627.56		0.95783		0.95431		0.88372		0.86634		0.90674		0.88608		0.7683
299		4628.78		0.9587		0.95534		0.87855		0.865		0.89637		0.88041		0.75762
300		4629.89		0.95926		0.95551		0.88372		0.88144		0.88601		0.88372		0.76745
301		4631.1		0.95994		0.95579		0.8863		0.88601		0.88601		0.88601		0.77261
302		4632.21		0.96031		0.95641		0.88372		0.88144		0.88601		0.88372		0.76745
303		4633.49		0.95986		0.95597		0.88889		0.88265		0.89637		0.88946		0.77788
304		4634.77		0.95944		0.95545		0.88889		0.88265		0.89637		0.88946		0.77788
305		4636.45		0.95863		0.95495		0.8863		0.867		0.91192		0.88889		0.77367
306		4637.78		0.9586		0.95492		0.8863		0.8599		0.92228		0.89		0.77468
307		4639.25		0.95875		0.95551		0.89147		0.87192		0.9171		0.89394		0.78402
308		4640.94		0.95824		0.95498		0.89147		0.88325		0.90155		0.89231		0.78312
309		4642.49		0.9582		0.95515		0.8863		0.88601		0.88601		0.88601		0.77261
310		4643.92		0.95776		0.95492		0.88372		0.88144		0.88601		0.88372		0.76745
311		4645.61		0.95806		0.95525		0.88114		0.8731		0.89119		0.88205		0.76245
312		4647.15		0.95712		0.95405		0.88114		0.86935		0.89637		0.88265		0.76266
313		4648.79		0.95633		0.9534		0.87597		0.8607		0.89637		0.87817		0.75261
314		4650.36		0.9566		0.95347		0.87597		0.8607		0.89637		0.87817		0.75261
315		4651.63		0.95709		0.95362		0.88114		0.86935		0.89637		0.88265		0.76266
316		4652.92		0.95759		0.95434		0.88889		0.88265		0.89637		0.88946		0.77788
317		4654.08		0.95799		0.95508		0.87855		0.86869		0.89119		0.8798		0.75737
318		4655.19		0.95808		0.95501		0.87597		0.86432		0.89119		0.87755		0.75232
319		4656.36		0.95822		0.95533		0.88114		0.86935		0.89637		0.88265		0.76266
320		4657.58		0.95824		0.95497		0.87855		0.87245		0.88601		0.87918		0.75721
321		4659.21		0.95876		0.95476		0.88372		0.88144		0.88601		0.88372		0.76745
322		4660.85		0.95891		0.95461		0.88372		0.88144		0.88601		0.88372		0.76745
323		4662.24		0.95912		0.95469		0.88114		0.87692		0.88601		0.88144		0.76232
324		4663.37		0.95864		0.95455		0.88114		0.8731		0.89119		0.88205		0.76245
325		4664.67		0.95812		0.9543		0.87855		0.86869		0.89119		0.8798		0.75737
326		4666.29		0.95808		0.95502		0.8863		0.87817		0.89637		0.88718		0.77279
327		4667.86		0.958		0.95556		0.8863		0.87817		0.89637		0.88718		0.77279
328		4669.22		0.95811		0.95576		0.8863		0.87817		0.89637		0.88718		0.77279
329		4671.03		0.95798		0.95563		0.8863		0.87817		0.89637		0.88718		0.77279
330		4673.11		0.95724		0.95484		0.88114		0.86935		0.89637		0.88265		0.76266
331		4674.81		0.95685		0.95416		0.87855		0.86139		0.90155		0.88101		0.75795
332		4676.29		0.95629		0.95348		0.87339		0.85294		0.90155		0.87657		0.74801
333		4677.57		0.95595		0.95306		0.87339		0.85644		0.89637		0.87595		0.74761
334		4678.73		0.95631		0.95334		0.87597		0.8607		0.89637		0.87817		0.75261
335		4679.94		0.95648		0.95355		0.87855		0.86869		0.89119		0.8798		0.75737
336		4681.29		0.9568		0.95424		0.87855		0.865		0.89637		0.88041		0.75762
337		4682.49		0.95696		0.95447		0.87855		0.865		0.89637		0.88041		0.75762
338		4683.88		0.95715		0.95506		0.87855		0.865		0.89637		0.88041		0.75762
339		4685.1		0.95752		0.95563		0.88114		0.86935		0.89637		0.88265		0.76266
340		4686.32		0.95847		0.95624		0.8863		0.87437		0.90155		0.88776		0.773
341		4687.69		0.95863		0.9563		0.89147		0.8794		0.90674		0.89286		0.78334
342		4688.88		0.95883		0.95624		0.88889		0.88265		0.89637		0.88946		0.77788
343		4690.06		0.95876		0.95589		0.89147		0.89119		0.89119		0.89119		0.78294
344		4691.2		0.95874		0.9558		0.89147		0.89529		0.88601		0.89062		0.78298
345		4692.55		0.95852		0.95556		0.89147		0.89529		0.88601		0.89062		0.78298
346		4694.31		0.95808		0.95507		0.88889		0.8866		0.89119		0.88889		0.77779
347		4696.0		0.95765		0.95486		0.87855		0.87629		0.88083		0.87855		0.75712
348		4697.36		0.957		0.9541		0.87597		0.86802		0.88601		0.87692		0.75211
349		4698.62		0.95775		0.95442		0.88889		0.8866		0.89119		0.88889		0.77779
350		4700.09		0.95791		0.95431		0.89406		0.89583		0.89119		0.89351		0.78812
351		4701.41		0.95768		0.95375		0.89147		0.88325		0.90155		0.89231		0.78312
352		4702.7		0.95796		0.95398		0.8863		0.87437		0.90155		0.88776		0.773
353		4704.35		0.95783		0.95374		0.8863		0.87065		0.90674		0.88832		0.77329
354		4705.79		0.95777		0.95347		0.89147		0.87562		0.91192		0.8934		0.78364
355		4707.5		0.9581		0.95363		0.8863		0.87437		0.90155		0.88776		0.773
356		4709.52		0.95852		0.95387		0.8863		0.87817		0.89637		0.88718		0.77279
357		4711.07		0.95884		0.95403		0.8863		0.87817		0.89637		0.88718		0.77279
358		4712.33		0.95868		0.95383		0.89406		0.89583		0.89119		0.89351		0.78812
359		4713.56		0.95866		0.95418		0.88889		0.89062		0.88601		0.88831		0.77778
360		4714.67		0.95785		0.95384		0.87855		0.87629		0.88083		0.87855		0.75712
361		4715.84		0.95783		0.95413		0.88372		0.87374		0.89637		0.88491		0.76771
362		4716.92		0.95779		0.95417		0.87855		0.86869		0.89119		0.8798		0.75737
363		4718.04		0.95832		0.9548		0.88372		0.87374		0.89637		0.88491		0.76771
364		4719.25		0.95907		0.95526		0.88372		0.87374		0.89637		0.88491		0.76771
365		4720.37		0.9594		0.95551		0.88372		0.87374		0.89637		0.88491		0.76771
366		4721.57		0.95923		0.95518		0.8863		0.87817		0.89637		0.88718		0.77279
367		4723.51		0.95903		0.955		0.88372		0.87374		0.89637		0.88491		0.76771
368		4724.96		0.95867		0.95476		0.8863		0.87437		0.90155		0.88776		0.773
369		4726.44		0.9588		0.95477		0.88889		0.88265		0.89637		0.88946		0.77788
370		4728.13		0.95924		0.95482		0.89147		0.89119		0.89119		0.89119		0.78294
371		4729.56		0.96015		0.95523		0.89406		0.89583		0.89119		0.89351		0.78812
372		4731.22		0.95952		0.95426		0.89664		0.89637		0.89637		0.89637		0.79328
373		4732.91		0.95866		0.95296		0.89147		0.88718		0.89637		0.89175		0.78299
374		4734.4		0.95769		0.95186		0.88889		0.87129		0.91192		0.89114		0.77865
375		4735.88		0.95712		0.95081		0.89147		0.86829		0.92228		0.89447		0.78449
376		4737.53		0.95732		0.9512		0.89147		0.86829		0.92228		0.89447		0.78449
377		4738.8		0.95733		0.95116		0.89147		0.87562		0.91192		0.8934		0.78364
378		4739.95		0.9578		0.9516		0.89922		0.89286		0.90674		0.89974		0.79855
379		4741.1		0.95772		0.95216		0.89922		0.89286		0.90674		0.89974		0.79855
380		4742.19		0.95755		0.95261		0.89147		0.87562		0.91192		0.8934		0.78364
381		4743.35		0.95623		0.95212		0.87855		0.85784		0.90674		0.88161		0.75837
382		4744.57		0.9568		0.95301		0.89147		0.88325		0.90155		0.89231		0.78312
383		4745.71		0.95799		0.95396		0.8863		0.88205		0.89119		0.8866		0.77266
384		4747.4		0.95832		0.95403		0.88114		0.88482		0.87565		0.88021		0.76231
385		4748.9		0.95767		0.95328		0.89406		0.89175		0.89637		0.89406		0.78813
386		4750.32		0.95721		0.9527		0.88889		0.87879		0.90155		0.89003		0.77805
387		4751.49		0.95553		0.95087		0.8863		0.867		0.91192		0.88889		0.77367
388		4752.64		0.95438		0.94943		0.88114		0.86207		0.90674		0.88384		0.76332
389		4754.1		0.9541		0.94944		0.88889		0.87879		0.90155		0.89003		0.77805
390		4756.14		0.95376		0.94823		0.89406		0.89175		0.89637		0.89406		0.78813
391		4757.35		0.95363		0.9479		0.89664		0.89637		0.89637		0.89637		0.79328
392		4758.54		0.9542		0.94862		0.8863		0.87817		0.89637		0.88718		0.77279
393		4759.86		0.95393		0.94795		0.87855		0.85784		0.90674		0.88161		0.75837
394		4761.11		0.95457		0.94914		0.88114		0.85167		0.92228		0.88557		0.76494
395		4762.65		0.95713		0.95205		0.88889		0.87129		0.91192		0.89114		0.77865
396		4764.31		0.95896		0.9535		0.89406		0.88384		0.90674		0.89514		0.78839
397		4765.64		0.95956		0.95403		0.89922		0.90104		0.89637		0.8987		0.79846
398		4767.48		0.95942		0.95422		0.88889		0.8866		0.89119		0.88889		0.77779
399		4768.8		0.95776		0.95363		0.88889		0.87879		0.90155		0.89003		0.77805
400		4770.01		0.9558		0.95208		0.88372		0.86634		0.90674		0.88608		0.7683
401		4771.43		0.95604		0.9519		0.88372		0.86634		0.90674		0.88608		0.7683
402		4772.63		0.95691		0.95228		0.8863		0.87817		0.89637		0.88718		0.77279
403		4773.92		0.95769		0.95241		0.89147		0.89119		0.89119		0.89119		0.78294
404		4775.24		0.95751		0.95188		0.88889		0.88265		0.89637		0.88946		0.77788
405		4777.03		0.95693		0.95115		0.88372		0.87		0.90155		0.8855		0.76796
406		4778.82		0.95763		0.95203		0.89406		0.87624		0.9171		0.8962		0.78899
407		4781.27		0.95798		0.95246		0.88889		0.875		0.90674		0.89059		0.77831
408		4782.48		0.95823		0.95304		0.8863		0.87065		0.90674		0.88832		0.77329
409		4783.79		0.95816		0.9533		0.88889		0.88265		0.89637		0.88946		0.77788
410		4784.93		0.95831		0.95347		0.89406		0.89583		0.89119		0.89351		0.78812
411		4786.91		0.95816		0.95312		0.89406		0.89583		0.89119		0.89351		0.78812
412		4788.24		0.95818		0.95292		0.89664		0.89637		0.89637		0.89637		0.79328
413		4789.99		0.95735		0.95229		0.89147		0.88718		0.89637		0.89175		0.78299
414		4791.49		0.95593		0.95063		0.89147		0.88718		0.89637		0.89175		0.78299
415		4792.88		0.95599		0.95083		0.88889		0.88265		0.89637		0.88946		0.77788
416		4794.4		0.95569		0.95084		0.8863		0.88205		0.89119		0.8866		0.77266
417		4795.77		0.9564		0.95232		0.8863		0.88205		0.89119		0.8866		0.77266
418		4797.09		0.95657		0.95275		0.88372		0.88947		0.87565		0.88251		0.76752
419		4798.24		0.95675		0.95347		0.8863		0.88601		0.88601		0.88601		0.77261
420		4799.49		0.95755		0.95423		0.8863		0.88205		0.89119		0.8866		0.77266
421		4800.96		0.95822		0.95458		0.88889		0.88265		0.89637		0.88946		0.77788
422		4802.59		0.95923		0.9556		0.8863		0.88205		0.89119		0.8866		0.77266
423		4804.03		0.95954		0.95587		0.89147		0.88718		0.89637		0.89175		0.78299
424		4805.32		0.95955		0.95567		0.88889		0.8866		0.89119		0.88889		0.77779
425		4807.13		0.9593		0.95495		0.89147		0.89529		0.88601		0.89062		0.78298
426		4808.64		0.95908		0.95427		0.88889		0.89474		0.88083		0.88773		0.77786
427		4809.8		0.95812		0.953		0.88372		0.88144		0.88601		0.88372		0.76745
428		4811.03		0.95712		0.95168		0.87855		0.865		0.89637		0.88041		0.75762
429		4812.48		0.95631		0.95027		0.88114		0.86567		0.90155		0.88325		0.76295
430		4813.81		0.95585		0.9493		0.8863		0.87065		0.90674		0.88832		0.77329
431		4815.22		0.95576		0.94903		0.88889		0.875		0.90674		0.89059		0.77831
432		4816.71		0.9558		0.94915		0.88889		0.87879		0.90155		0.89003		0.77805
433		4818.43		0.95635		0.95027		0.89147		0.88325		0.90155		0.89231		0.78312
434		4819.89		0.95687		0.95104		0.88114		0.8731		0.89119		0.88205		0.76245
435		4821.06		0.95768		0.95193		0.88889		0.88265		0.89637		0.88946		0.77788
436		4822.3		0.95811		0.95271		0.8863		0.87437		0.90155		0.88776		0.773
437		4823.48		0.95846		0.9537		0.8863		0.87065		0.90674		0.88832		0.77329
438		4825.22		0.95874		0.95437		0.8863		0.87817		0.89637		0.88718		0.77279
439		4827.48		0.95867		0.95453		0.88889		0.8866		0.89119		0.88889		0.77779
440		4828.63		0.95866		0.95478		0.89147		0.88718		0.89637		0.89175		0.78299
441		4829.83		0.9589		0.95475		0.88889		0.88265		0.89637		0.88946		0.77788
442		4830.97		0.9585		0.95424		0.89147		0.88325		0.90155		0.89231		0.78312
443		4832.18		0.95822		0.95365		0.89147		0.88325		0.90155		0.89231		0.78312
444		4833.29		0.95783		0.95321		0.89406		0.88776		0.90155		0.8946		0.78822
445		4834.43		0.95795		0.95356		0.89406		0.89175		0.89637		0.89406		0.78813
446		4835.69		0.95747		0.95304		0.88889		0.8866		0.89119		0.88889		0.77779
447		4836.99		0.9566		0.95213		0.8863		0.88205		0.89119		0.8866		0.77266
448		4838.56		0.95612		0.95137		0.89147		0.88718		0.89637		0.89175		0.78299
449		4840.34		0.9558		0.95067		0.88889		0.88265		0.89637		0.88946		0.77788
450		4841.6		0.95673		0.95112		0.88889		0.8866		0.89119		0.88889		0.77779
451		4843.0		0.9568		0.95052		0.89664		0.89231		0.90155		0.89691		0.79333
452		4845.02		0.95693		0.95011		0.89406		0.88776		0.90155		0.8946		0.78822
453		4846.58		0.95732		0.95053		0.89406		0.88384		0.90674		0.89514		0.78839
454		4848.02		0.95764		0.95098		0.89147		0.8794		0.90674		0.89286		0.78334
455		4849.48		0.958		0.95142		0.89922		0.89286		0.90674		0.89974		0.79855
456		4851.29		0.95818		0.95246		0.89664		0.89231		0.90155		0.89691		0.79333
457		4852.74		0.95838		0.95276		0.89664		0.89231		0.90155		0.89691		0.79333
458		4853.92		0.95868		0.95293		0.88889		0.89474		0.88083		0.88773		0.77786
459		4855.14		0.95839		0.95265		0.89147		0.89529		0.88601		0.89062		0.78298
460		4856.48		0.9586		0.95274		0.89406		0.89175		0.89637		0.89406		0.78813
461		4857.69		0.95812		0.95189		0.89406		0.89175		0.89637		0.89406		0.78813
462		4858.86		0.95737		0.95125		0.88889		0.875		0.90674		0.89059		0.77831
463		4860.09		0.95798		0.95143		0.89922		0.89286		0.90674		0.89974		0.79855
464		4861.21		0.95827		0.95134		0.89406		0.89175		0.89637		0.89406		0.78813
465		4862.49		0.95802		0.95099		0.89664		0.89637		0.89637		0.89637		0.79328
466		4863.75		0.95767		0.95061		0.89922		0.90104		0.89637		0.8987		0.79846
467		4864.91		0.95744		0.95045		0.90181		0.90155		0.90155		0.90155		0.80362
468		4866.09		0.95632		0.94934		0.88889		0.87879		0.90155		0.89003		0.77805
469		4868.06		0.95591		0.9489		0.88889		0.875		0.90674		0.89059		0.77831
470		4869.24		0.95595		0.94882		0.8863		0.87437		0.90155		0.88776		0.773
471		4870.43		0.95608		0.94895		0.89147		0.88325		0.90155		0.89231		0.78312
472		4872.05		0.95636		0.94947		0.88889		0.87879		0.90155		0.89003		0.77805
473		4873.91		0.95585		0.94947		0.88889		0.87879		0.90155		0.89003		0.77805
474		4875.58		0.95596		0.95003		0.8863		0.87817		0.89637		0.88718		0.77279
475		4876.9		0.95608		0.95067		0.88114		0.87692		0.88601		0.88144		0.76232
476		4878.12		0.95621		0.95106		0.88114		0.87692		0.88601		0.88144		0.76232
477		4879.41		0.95645		0.95137		0.88372		0.88144		0.88601		0.88372		0.76745
478		4880.56		0.95665		0.95147		0.88372		0.88144		0.88601		0.88372		0.76745
479		4881.68		0.95684		0.95158		0.89147		0.89119		0.89119		0.89119		0.78294
480		4882.92		0.95729		0.95184		0.89406		0.89583		0.89119		0.89351		0.78812
481		4884.64		0.95677		0.95081		0.89147		0.88718		0.89637		0.89175		0.78299
482		4886.07		0.95652		0.95037		0.88889		0.87879		0.90155		0.89003		0.77805
483		4887.17		0.95669		0.95031		0.8863		0.88205		0.89119		0.8866		0.77266
484		4888.31		0.95697		0.95046		0.89406		0.89175		0.89637		0.89406		0.78813
485		4889.45		0.95727		0.95084		0.89664		0.89637		0.89637		0.89637		0.79328
486		4890.7		0.95773		0.95127		0.89406		0.89583		0.89119		0.89351		0.78812
487		4891.79		0.95727		0.95097		0.89664		0.89637		0.89637		0.89637		0.79328
488		4892.94		0.95705		0.95118		0.88372		0.87374		0.89637		0.88491		0.76771
489		4894.08		0.95708		0.95133		0.87855		0.865		0.89637		0.88041		0.75762
490		4895.4		0.95765		0.95192		0.88889		0.8866		0.89119		0.88889		0.77779
491		4897.36		0.95831		0.95267		0.88889		0.89062		0.88601		0.88831		0.77778
492		4899.41		0.95814		0.95239		0.88889		0.89062		0.88601		0.88831		0.77778
493		4901.09		0.95776		0.95186		0.88889		0.89062		0.88601		0.88831		0.77778
494		4902.52		0.95687		0.95076		0.8863		0.87817		0.89637		0.88718		0.77279
495		4904.02		0.95709		0.95134		0.8863		0.87817		0.89637		0.88718		0.77279
496		4905.61		0.95625		0.95041		0.8863		0.87817		0.89637		0.88718		0.77279
497		4907.3		0.95581		0.95015		0.88889		0.87879		0.90155		0.89003		0.77805
498		4909.03		0.9562		0.95098		0.89664		0.88832		0.90674		0.89744		0.79346
499		4910.3		0.95667		0.95173		0.90181		0.89744		0.90674		0.90206		0.80366
500		4911.43		0.95756		0.95252		0.89922		0.89691		0.90155		0.89922		0.79846
501		4912.63		0.95799		0.9527		0.89664		0.89231		0.90155		0.89691		0.79333
502		4913.8		0.95751		0.95224		0.89406		0.88384		0.90674		0.89514		0.78839
503		4914.94		0.95785		0.95246		0.89406		0.88384		0.90674		0.89514		0.78839
504		4916.16		0.95914		0.95353		0.89406		0.88384		0.90674		0.89514		0.78839
505		4917.27		0.95944		0.9538		0.89922		0.89286		0.90674		0.89974		0.79855
506		4918.51		0.95951		0.95372		0.89922		0.89286		0.90674		0.89974		0.79855
507		4919.98		0.95935		0.95351		0.89922		0.89286		0.90674		0.89974		0.79855
508		4921.86		0.9583		0.95248		0.88889		0.88265		0.89637		0.88946		0.77788
509		4923.24		0.95685		0.95117		0.88889		0.87879		0.90155		0.89003		0.77805
510		4924.57		0.9568		0.95125		0.88372		0.87374		0.89637		0.88491		0.76771
511		4926.46		0.95708		0.9514		0.89147		0.88325		0.90155		0.89231		0.78312
512		4927.58		0.95707		0.95129		0.89406		0.88384		0.90674		0.89514		0.78839
513		4928.79		0.95616		0.95017		0.89147		0.88325		0.90155		0.89231		0.78312
514		4929.88		0.95595		0.9499		0.88372		0.87		0.90155		0.8855		0.76796
515		4930.96		0.95592		0.94989		0.88372		0.87374		0.89637		0.88491		0.76771
516		4932.13		0.95591		0.94998		0.8863		0.88205		0.89119		0.8866		0.77266
517		4933.99		0.95596		0.95006		0.88889		0.89062		0.88601		0.88831		0.77778
518		4935.53		0.95653		0.95081		0.89147		0.89529		0.88601		0.89062		0.78298
519		4936.67		0.95655		0.95109		0.89406		0.89583		0.89119		0.89351		0.78812
520		4937.82		0.95633		0.95094		0.89406		0.89175		0.89637		0.89406		0.78813
521		4938.99		0.95577		0.95017		0.89406		0.88776		0.90155		0.8946		0.78822
522		4940.23		0.95508		0.94925		0.89406		0.88776		0.90155		0.8946		0.78822
523		4941.41		0.95444		0.94763		0.89664		0.88832		0.90674		0.89744		0.79346
524		4942.64		0.95494		0.94779		0.89406		0.88		0.91192		0.89567		0.78865
525		4943.96		0.95517		0.9478		0.88889		0.875		0.90674		0.89059		0.77831
526		4945.63		0.95578		0.94827		0.89147		0.8794		0.90674		0.89286		0.78334
527		4947.05		0.95619		0.94825		0.89664		0.88832		0.90674		0.89744		0.79346
528		4948.55		0.95659		0.94877		0.89922		0.88889		0.91192		0.90026		0.79873
529		4950.0		0.95656		0.9493		0.89922		0.88889		0.91192		0.90026		0.79873
530		4951.48		0.95687		0.94958		0.89664		0.89231		0.90155		0.89691		0.79333
531		4953.06		0.95665		0.94948		0.89664		0.89231		0.90155		0.89691		0.79333
532		4954.62		0.95687		0.94985		0.89406		0.89175		0.89637		0.89406		0.78813
533		4956.06		0.95685		0.95009		0.89406		0.88776		0.90155		0.8946		0.78822
534		4957.33		0.95653		0.95024		0.88889		0.87129		0.91192		0.89114		0.77865
535		4958.59		0.95735		0.95086		0.89406		0.88384		0.90674		0.89514		0.78839
536		4959.71		0.95735		0.95057		0.89406		0.88776		0.90155		0.8946		0.78822
537		4960.8		0.95868		0.95227		0.89406		0.89583		0.89119		0.89351		0.78812
538		4962.34		0.9591		0.95271		0.89922		0.90104		0.89637		0.8987		0.79846
539		4964.16		0.95876		0.95287		0.89147		0.88718		0.89637		0.89175		0.78299
540		4965.76		0.9576		0.95207		0.8863		0.87817		0.89637		0.88718		0.77279
541		4967.69		0.95743		0.95204		0.8863		0.88601		0.88601		0.88601		0.77261
542		4968.93		0.95798		0.95251		0.89406		0.89175		0.89637		0.89406		0.78813
543		4970.29		0.95745		0.95188		0.89664		0.89637		0.89637		0.89637		0.79328
544		4971.51		0.95675		0.95135		0.8863		0.87817		0.89637		0.88718		0.77279
545		4973.12		0.9556		0.9503		0.88889		0.86765		0.9171		0.89169		0.77907
546		4974.75		0.95564		0.95014		0.88889		0.86765		0.9171		0.89169		0.77907
547		4975.97		0.95596		0.95022		0.89406		0.88384		0.90674		0.89514		0.78839
548		4977.26		0.95667		0.95097		0.89664		0.89637		0.89637		0.89637		0.79328
549		4979.21		0.95717		0.95112		0.89664		0.89637		0.89637		0.89637		0.79328
550		4980.59		0.957		0.95034		0.89664		0.89637		0.89637		0.89637		0.79328
551		4981.92		0.95668		0.9496		0.89406		0.88384		0.90674		0.89514		0.78839
552		4983.06		0.95562		0.94841		0.88889		0.87129		0.91192		0.89114		0.77865
553		4984.17		0.9554		0.94837		0.89147		0.88325		0.90155		0.89231		0.78312
554		4985.36		0.95585		0.94861		0.88889		0.88265		0.89637		0.88946		0.77788
555		4986.46		0.95725		0.95		0.89147		0.88718		0.89637		0.89175		0.78299
556		4987.81		0.95624		0.94935		0.8863		0.87817		0.89637		0.88718		0.77279
557		4989.01		0.95514		0.94883		0.88114		0.85854		0.91192		0.88442		0.76378
558		4990.35		0.95521		0.94914		0.88372		0.86634		0.90674		0.88608		0.7683
559		4992.34		0.95641		0.95068		0.88889		0.89062		0.88601		0.88831		0.77778
560		4993.66		0.9566		0.95092		0.89147		0.89947		0.88083		0.89005		0.7831
561		4994.95		0.9556		0.94988		0.89406		0.9		0.88601		0.89295		0.7882
562		4996.41		0.95492		0.94928		0.89147		0.89529		0.88601		0.89062		0.78298
563		4998.1		0.95446		0.94881		0.8863		0.87817		0.89637		0.88718		0.77279
564		4999.8		0.95566		0.94969		0.88372		0.87374		0.89637		0.88491		0.76771
565		5001.65		0.95745		0.951		0.8863		0.87817		0.89637		0.88718		0.77279
566		5003.05		0.95887		0.95191		0.89406		0.89583		0.89119		0.89351		0.78812
567		5004.25		0.95918		0.9518		0.89664		0.89637		0.89637		0.89637		0.79328
568		5005.49		0.95959		0.95226		0.89664		0.89637		0.89637		0.89637		0.79328
569		5006.72		0.95868		0.95075		0.89406		0.88		0.91192		0.89567		0.78865
570		5007.85		0.95761		0.9505		0.89147		0.86829		0.92228		0.89447		0.78449
571		5009.06		0.95777		0.95104		0.89922		0.885		0.9171		0.90076		0.79899
572		5010.37		0.95875		0.95214		0.89406		0.9		0.88601		0.89295		0.7882
573		5011.95		0.95886		0.9525		0.89664		0.90909		0.88083		0.89474		0.79365
574		5013.67		0.95699		0.95065		0.88889		0.8866		0.89119		0.88889		0.77779
575		5014.79		0.95484		0.9487		0.8863		0.87065		0.90674		0.88832		0.77329
576		5015.96		0.95365		0.94759		0.88372		0.86275		0.91192		0.88665		0.76872
577		5017.12		0.9542		0.94779		0.88372		0.87		0.90155		0.8855		0.76796
578		5018.37		0.955		0.94876		0.89406		0.89175		0.89637		0.89406		0.78813
579		5019.48		0.95538		0.94904		0.89406		0.89175		0.89637		0.89406		0.78813
580		5020.63		0.95465		0.94789		0.88889		0.88265		0.89637		0.88946		0.77788
581		5021.95		0.95396		0.94741		0.88889		0.875		0.90674		0.89059		0.77831
582		5023.49		0.95404		0.94764		0.88372		0.86634		0.90674		0.88608		0.7683
583		5025.23		0.95489		0.94868		0.8863		0.87817		0.89637		0.88718		0.77279
584		5026.54		0.956		0.95023		0.88889		0.8866		0.89119		0.88889		0.77779
585		5028.41		0.95713		0.95121		0.89147		0.89119		0.89119		0.89119		0.78294
586		5030.3		0.95757		0.95164		0.89406		0.89175		0.89637		0.89406		0.78813
587		5031.98		0.95755		0.9516		0.8863		0.87437		0.90155		0.88776		0.773
588		5033.91		0.95773		0.95139		0.8863		0.87817		0.89637		0.88718		0.77279
589		5035.85		0.95673		0.95045		0.87855		0.865		0.89637		0.88041		0.75762
590		5041.01		0.95624		0.95021		0.88114		0.86567		0.90155		0.88325		0.76295
591		5047.09		0.95534		0.94976		0.88372		0.87374		0.89637		0.88491		0.76771
592		5050.01		0.95528		0.94952		0.8863		0.88205		0.89119		0.8866		0.77266
593		5051.74		0.95484		0.94941		0.8863		0.88205		0.89119		0.8866		0.77266
594		5053.06		0.95421		0.94864		0.8863		0.88205		0.89119		0.8866		0.77266
595		5054.24		0.95393		0.94829		0.88889		0.89062		0.88601		0.88831		0.77778
596		5055.62		0.95386		0.94805		0.88114		0.87692		0.88601		0.88144		0.76232
597		5056.81		0.95341		0.9472		0.88114		0.8731		0.89119		0.88205		0.76245
598		5057.96		0.95363		0.94688		0.88114		0.8731		0.89119		0.88205		0.76245
599		5059.07		0.95388		0.94703		0.88372		0.87755		0.89119		0.88432		0.76754
600		5060.33		0.9546		0.94728		0.8863		0.87817		0.89637		0.88718		0.77279
601		5061.56		0.95482		0.94829		0.88889		0.87879		0.90155		0.89003		0.77805
602		5062.67		0.95426		0.94774		0.8863		0.87437		0.90155		0.88776		0.773
603		5063.99		0.95464		0.94827		0.8863		0.87437		0.90155		0.88776		0.773
604		5065.71		0.95537		0.94888		0.8863		0.87817		0.89637		0.88718		0.77279
605		5067.71		0.95578		0.94928		0.88889		0.88265		0.89637		0.88946		0.77788
606		5069.85		0.9568		0.95068		0.89664		0.89637		0.89637		0.89637		0.79328
607		5071.0		0.95755		0.95171		0.89406		0.89583		0.89119		0.89351		0.78812
608		5072.14		0.95759		0.9519		0.89147		0.88325		0.90155		0.89231		0.78312
609		5073.34		0.95687		0.95134		0.8863		0.867		0.91192		0.88889		0.77367
610		5074.48		0.95741		0.95229		0.8863		0.867		0.91192		0.88889		0.77367
611		5075.76		0.95769		0.95248		0.88889		0.87879		0.90155		0.89003		0.77805
612		5076.93		0.95852		0.95295		0.88889		0.8866		0.89119		0.88889		0.77779
613		5078.23		0.9584		0.95253		0.88889		0.8866		0.89119		0.88889		0.77779
614		5079.34		0.95761		0.9506		0.89406		0.88776		0.90155		0.8946		0.78822
615		5080.52		0.9574		0.95009		0.89147		0.8794		0.90674		0.89286		0.78334
616		5081.72		0.95664		0.94916		0.89406		0.88776		0.90155		0.8946		0.78822
617		5083.0		0.95671		0.94938		0.89664		0.89231		0.90155		0.89691		0.79333
618		5084.12		0.9554		0.94886		0.89147		0.88325		0.90155		0.89231		0.78312
619		5085.49		0.95444		0.949		0.88114		0.86935		0.89637		0.88265		0.76266
620		5087.23		0.95257		0.94749		0.86822		0.85149		0.89119		0.87089		0.73726
621		5089.25		0.95235		0.94738		0.8708		0.85222		0.89637		0.87374		0.74263
622		5090.96		0.95262		0.94745		0.87339		0.85644		0.89637		0.87595		0.74761
623		5093.02		0.95384		0.94814		0.88889		0.88265		0.89637		0.88946		0.77788
624		5094.19		0.95433		0.94733		0.88889		0.88265		0.89637		0.88946		0.77788
625		5095.96		0.95514		0.94738		0.89147		0.88325		0.90155		0.89231		0.78312
626		5097.54		0.95557		0.94707		0.8863		0.87817		0.89637		0.88718		0.77279
627		5098.7		0.9553		0.94692		0.88372		0.87755		0.89119		0.88432		0.76754
628		5099.9		0.95578		0.94744		0.89406		0.89175		0.89637		0.89406		0.78813
629		5101.05		0.95647		0.94826		0.89406		0.89175		0.89637		0.89406		0.78813
630		5102.34		0.95745		0.94951		0.89922		0.90104		0.89637		0.8987		0.79846
631		5103.49		0.95753		0.94937		0.89922		0.90104		0.89637		0.8987		0.79846
632		5105.31		0.95741		0.94923		0.89922		0.89691		0.90155		0.89922		0.79846
633		5106.73		0.95621		0.94844		0.89147		0.8794		0.90674		0.89286		0.78334
634		5107.9		0.95624		0.94829		0.89922		0.88889		0.91192		0.90026		0.79873
635		5109.15		0.95621		0.94848		0.89922		0.89286		0.90674		0.89974		0.79855
636		5110.31		0.95648		0.94908		0.89664		0.89231		0.90155		0.89691		0.79333
637		5111.49		0.957		0.95004		0.89406		0.88776		0.90155		0.8946		0.78822
638		5112.7		0.95568		0.94862		0.89147		0.88325		0.90155		0.89231		0.78312
639		5114.38		0.95458		0.94758		0.88889		0.87129		0.91192		0.89114		0.77865
640		5116.06		0.95484		0.9479		0.8863		0.867		0.91192		0.88889		0.77367
641		5117.28		0.9555		0.94839		0.88114		0.8731		0.89119		0.88205		0.76245
642		5118.42		0.95635		0.94931		0.89664		0.90476		0.88601		0.89529		0.79344
643		5119.54		0.95611		0.94924		0.89147		0.89119		0.89119		0.89119		0.78294
644		5120.81		0.9546		0.94824		0.87855		0.87245		0.88601		0.87918		0.75721
645		5121.91		0.95384		0.94804		0.88114		0.8731		0.89119		0.88205		0.76245
646		5123.61		0.95462		0.94909		0.8863		0.88601		0.88601		0.88601		0.77261
647		5125.13		0.95711		0.95151		0.8863		0.89005		0.88083		0.88542		0.77264
648		5126.73		0.95802		0.95206		0.89664		0.89637		0.89637		0.89637		0.79328
649		5128.37		0.95804		0.95179		0.89406		0.88776		0.90155		0.8946		0.78822
650		5129.49		0.9574		0.9508		0.89664		0.8806		0.9171		0.89848		0.79398
651		5130.63		0.95757		0.95045		0.89406		0.88384		0.90674		0.89514		0.78839
652		5131.73		0.9578		0.95037		0.89406		0.88776		0.90155		0.8946		0.78822
653		5133.03		0.95729		0.94975		0.89406		0.88776		0.90155		0.8946		0.78822
654		5134.19		0.95693		0.94897		0.89147		0.88325		0.90155		0.89231		0.78312
655		5135.74		0.95623		0.94812		0.89147		0.88325		0.90155		0.89231		0.78312
656		5137.39		0.9554		0.94735		0.89406		0.88		0.91192		0.89567		0.78865
657		5139.07		0.9556		0.94772		0.88889		0.87879		0.90155		0.89003		0.77805
658		5140.19		0.95595		0.94832		0.89406		0.88776		0.90155		0.8946		0.78822
659		5141.32		0.95644		0.94896		0.89147		0.88718		0.89637		0.89175		0.78299
660		5143.18		0.95652		0.94907		0.89147		0.88325		0.90155		0.89231		0.78312
661		5144.33		0.95627		0.94864		0.89664		0.8806		0.9171		0.89848		0.79398
662		5145.55		0.95611		0.94844		0.89406		0.87624		0.9171		0.8962		0.78899
663		5146.68		0.95645		0.9489		0.89147		0.87562		0.91192		0.8934		0.78364
664		5147.79		0.95649		0.94904		0.89406		0.89175		0.89637		0.89406		0.78813
665		5148.93		0.95641		0.94889		0.89406		0.89175		0.89637		0.89406		0.78813
666		5150.19		0.95607		0.94873		0.89147		0.89119		0.89119		0.89119		0.78294
667		5151.28		0.95509		0.94797		0.89147		0.89119		0.89119		0.89119		0.78294
668		5152.38		0.95457		0.94754		0.88372		0.87755		0.89119		0.88432		0.76754
669		5154.08		0.95389		0.9474		0.88114		0.86935		0.89637		0.88265		0.76266
670		5155.75		0.95385		0.9473		0.88114		0.86935		0.89637		0.88265		0.76266
671		5157.02		0.95464		0.94825		0.88114		0.87692		0.88601		0.88144		0.76232
672		5158.49		0.95641		0.94994		0.88889		0.89474		0.88083		0.88773		0.77786
673		5159.85		0.95753		0.95083		0.88889		0.89894		0.87565		0.88714		0.77802
674		5161.14		0.95761		0.95066		0.89147		0.88718		0.89637		0.89175		0.78299
675		5162.53		0.95693		0.94987		0.8863		0.87437		0.90155		0.88776		0.773
676		5164.13		0.95671		0.94949		0.89147		0.87192		0.9171		0.89394		0.78402
677		5165.4		0.95656		0.9497		0.88889		0.87129		0.91192		0.89114		0.77865
678		5166.67		0.95601		0.9494		0.89664		0.88442		0.91192		0.89796		0.79368
679		5168.46		0.95549		0.94893		0.89406		0.88384		0.90674		0.89514		0.78839
680		5169.72		0.95469		0.94812		0.88889		0.87879		0.90155		0.89003		0.77805
681		5171.12		0.95468		0.94788		0.88889		0.87879		0.90155		0.89003		0.77805
682		5172.37		0.9543		0.94723		0.88372		0.87374		0.89637		0.88491		0.76771
683		5174.27		0.95433		0.9469		0.8863		0.88601		0.88601		0.88601		0.77261
684		5176.13		0.95509		0.94718		0.8863		0.89418		0.87565		0.88482		0.77276
685		5177.4		0.95597		0.94798		0.88889		0.89474		0.88083		0.88773		0.77786
686		5178.63		0.95556		0.94798		0.88889		0.89474		0.88083		0.88773		0.77786
687		5179.92		0.95546		0.94807		0.88372		0.87755		0.89119		0.88432		0.76754
688		5181.05		0.95608		0.94851		0.89147		0.88718		0.89637		0.89175		0.78299
689		5182.32		0.95637		0.94873		0.89406		0.88776		0.90155		0.8946		0.78822
690		5183.45		0.95687		0.9493		0.89664		0.89637		0.89637		0.89637		0.79328
691		5184.68		0.95687		0.94965		0.89922		0.89691		0.90155		0.89922		0.79846
692		5185.77		0.95623		0.94956		0.8863		0.87817		0.89637		0.88718		0.77279
693		5186.93		0.95585		0.94943		0.87855		0.86869		0.89119		0.8798		0.75737
694		5188.11		0.95564		0.94887		0.87855		0.87629		0.88083		0.87855		0.75712
695		5189.31		0.95608		0.94909		0.87597		0.87565		0.87565		0.87565		0.75194
696		5190.67		0.9564		0.94911		0.88372		0.88144		0.88601		0.88372		0.76745
697		5191.95		0.95624		0.94886		0.8863		0.88205		0.89119		0.8866		0.77266
698		5193.79		0.95619		0.94891		0.8863		0.88205		0.89119		0.8866		0.77266
699		5195.65		0.95664		0.94949		0.8863		0.88205		0.89119		0.8866		0.77266
700		5197.06		0.95583		0.94919		0.88114		0.8731		0.89119		0.88205		0.76245
701		5198.24		0.95628		0.94983		0.87855		0.87245		0.88601		0.87918		0.75721
702		5199.37		0.95681		0.95007		0.87339		0.87113		0.87565		0.87339		0.74678
703		5200.69		0.95729		0.95021		0.87597		0.87565		0.87565		0.87565		0.75194
704		5202.39		0.95697		0.94956		0.88372		0.88542		0.88083		0.88312		0.76745
705		5203.92		0.9566		0.94889		0.89147		0.88718		0.89637		0.89175		0.78299
706		5205.43		0.9554		0.94794		0.87855		0.86869		0.89119		0.8798		0.75737
707		5206.55		0.95501		0.94764		0.88114		0.8731		0.89119		0.88205		0.76245
708		5207.69		0.95465		0.94697		0.8863		0.89418		0.87565		0.88482		0.77276
709		5209.0		0.95444		0.94676		0.88889		0.89062		0.88601		0.88831		0.77778
710		5210.32		0.95592		0.94778		0.8863		0.88601		0.88601		0.88601		0.77261
711		5211.67		0.95616		0.94762		0.8863		0.87437		0.90155		0.88776		0.773
712		5213.0		0.95639		0.94786		0.88889		0.875		0.90674		0.89059		0.77831
713		5214.9		0.95695		0.94871		0.89922		0.88889		0.91192		0.90026		0.79873
714		5216.21		0.95767		0.95008		0.89664		0.89637		0.89637		0.89637		0.79328
715		5217.64		0.95668		0.95008		0.89664		0.89637		0.89637		0.89637		0.79328
716		5219.18		0.9556		0.9496		0.89406		0.89583		0.89119		0.89351		0.78812
717		5220.7		0.95489		0.94887		0.89147		0.88718		0.89637		0.89175		0.78299
718		5222.51		0.95506		0.94872		0.8863		0.87817		0.89637		0.88718		0.77279
719		5223.87		0.95592		0.94854		0.89147		0.88718		0.89637		0.89175		0.78299
720		5225.59		0.95684		0.94895		0.88889		0.87879		0.90155		0.89003		0.77805
721		5226.8		0.95641		0.9482		0.8863		0.87437		0.90155		0.88776		0.773
722		5228.02		0.95572		0.94797		0.88372		0.86634		0.90674		0.88608		0.7683
723		5229.26		0.95466		0.94729		0.89406		0.87255		0.92228		0.89673		0.78942
724		5230.42		0.95484		0.94825		0.8863		0.87065		0.90674		0.88832		0.77329
725		5231.55		0.95552		0.94906		0.89147		0.89119		0.89119		0.89119		0.78294
726		5233.15		0.95648		0.94944		0.89922		0.90957		0.88601		0.89764		0.7987
727		5234.9		0.95693		0.94823		0.89664		0.90052		0.89119		0.89583		0.79332
728		5236.5		0.95728		0.94766		0.89922		0.89286		0.90674		0.89974		0.79855
729		5237.99		0.95692		0.94641		0.89406		0.88384		0.90674		0.89514		0.78839
730		5239.24		0.95624		0.94509		0.89147		0.8794		0.90674		0.89286		0.78334
731		5240.4		0.95639		0.94608		0.89922		0.89691		0.90155		0.89922		0.79846
732		5241.68		0.95623		0.94653		0.89406		0.89175		0.89637		0.89406		0.78813
733		5242.85		0.95509		0.94647		0.89406		0.89583		0.89119		0.89351		0.78812
734		5243.99		0.95424		0.94657		0.8863		0.89005		0.88083		0.88542		0.77264
735		5245.25		0.95334		0.94616		0.87597		0.87179		0.88083		0.87629		0.75198
736		5246.73		0.95417		0.94686		0.88114		0.8731		0.89119		0.88205		0.76245
737		5248.44		0.9552		0.9474		0.8863		0.88205		0.89119		0.8866		0.77266
738		5249.71		0.95546		0.94703		0.88889		0.88265		0.89637		0.88946		0.77788
739		5250.83		0.95569		0.94691		0.8863		0.87817		0.89637		0.88718		0.77279
740		5252.11		0.95605		0.94662		0.88114		0.86935		0.89637		0.88265		0.76266
741		5253.28		0.9555		0.94589		0.88372		0.86634		0.90674		0.88608		0.7683
742		5254.42		0.95484		0.9455		0.88372		0.87		0.90155		0.8855		0.76796
743		5255.52		0.95473		0.94539		0.88889		0.88265		0.89637		0.88946		0.77788
744		5256.64		0.95496		0.94593		0.89147		0.89119		0.89119		0.89119		0.78294
745		5257.88		0.95445		0.94491		0.89406		0.89583		0.89119		0.89351		0.78812
746		5259.13		0.95402		0.94457		0.88889		0.88265		0.89637		0.88946		0.77788
747		5260.59		0.95307		0.94363		0.88372		0.86634		0.90674		0.88608		0.7683
748		5262.07		0.95334		0.94403		0.88114		0.86567		0.90155		0.88325		0.76295
749		5263.88		0.95508		0.94608		0.88889		0.8866		0.89119		0.88889		0.77779
750		5265.45		0.95632		0.94747		0.89147		0.89119		0.89119		0.89119		0.78294
751		5267.21		0.95728		0.94863		0.89664		0.89637		0.89637		0.89637		0.79328
752		5268.48		0.95749		0.94897		0.89664		0.89637		0.89637		0.89637		0.79328
753		5269.85		0.95663		0.94834		0.90698		0.89848		0.9171		0.90769		0.81414
754		5271.45		0.95627		0.94807		0.90439		0.89394		0.9171		0.90537		0.80907
755		5273.11		0.95501		0.94681		0.90181		0.8934		0.91192		0.90256		0.8038
756		5274.33		0.95386		0.94611		0.89406		0.88		0.91192		0.89567		0.78865
757		5275.58		0.95302		0.94553		0.8863		0.86341		0.9171		0.88945		0.77413
758		5276.77		0.95249		0.94484		0.87855		0.86139		0.90155		0.88101		0.75795
759		5277.94		0.9529		0.94513		0.88889		0.87879		0.90155		0.89003		0.77805
760		5279.11		0.95373		0.94595		0.89406		0.88776		0.90155		0.8946		0.78822
761		5280.45		0.95409		0.94629		0.8863		0.87817		0.89637		0.88718		0.77279
762		5281.7		0.95369		0.94579		0.88372		0.86275		0.91192		0.88665		0.76872
763		5282.89		0.95388		0.94605		0.8863		0.86341		0.9171		0.88945		0.77413
764		5284.02		0.95438		0.94695		0.89147		0.87192		0.9171		0.89394		0.78402
765		5285.42		0.95516		0.94791		0.89147		0.87192		0.9171		0.89394		0.78402
766		5287.29		0.95596		0.94878		0.89664		0.88442		0.91192		0.89796		0.79368
767		5289.08		0.95639		0.94917		0.89664		0.88832		0.90674		0.89744		0.79346
768		5290.61		0.95601		0.94818		0.89406		0.88776		0.90155		0.8946		0.78822
769		5292.04		0.95492		0.94758		0.89406		0.88384		0.90674		0.89514		0.78839
770		5293.55		0.95428		0.9472		0.89147		0.8794		0.90674		0.89286		0.78334
771		5295.28		0.95524		0.94795		0.89406		0.89175		0.89637		0.89406		0.78813
772		5296.7		0.95524		0.94729		0.89406		0.89175		0.89637		0.89406		0.78813
773		5298.24		0.95458		0.94545		0.88114		0.86935		0.89637		0.88265		0.76266
774		5299.8		0.95421		0.94555		0.8863		0.87065		0.90674		0.88832		0.77329
775		5301.48		0.95413		0.94511		0.88889		0.87129		0.91192		0.89114		0.77865
776		5303.1		0.95478		0.9454		0.89664		0.88832		0.90674		0.89744		0.79346
777		5304.3		0.9554		0.94656		0.89664		0.89637		0.89637		0.89637		0.79328
778		5305.57		0.95584		0.94717		0.90439		0.90625		0.90155		0.9039		0.80879
779		5306.91		0.95496		0.94675		0.89406		0.88776		0.90155		0.8946		0.78822
780		5308.13		0.95494		0.946		0.89406		0.88384		0.90674		0.89514		0.78839
781		5309.44		0.95581		0.94701		0.89664		0.8806		0.9171		0.89848		0.79398
782		5310.67		0.95581		0.94679		0.89406		0.88384		0.90674		0.89514		0.78839
783		5312.03		0.95588		0.94719		0.89664		0.88832		0.90674		0.89744		0.79346
784		5313.92		0.95512		0.94716		0.88372		0.87374		0.89637		0.88491		0.76771
785		5315.36		0.9545		0.94699		0.8863		0.87817		0.89637		0.88718		0.77279
786		5316.61		0.95501		0.94751		0.8863		0.87817		0.89637		0.88718		0.77279
787		5317.76		0.95545		0.94809		0.88889		0.88265		0.89637		0.88946		0.77788
788		5319.0		0.95565		0.94808		0.89406		0.89175		0.89637		0.89406		0.78813
789		5320.13		0.95558		0.94786		0.89406		0.88776		0.90155		0.8946		0.78822
790		5321.29		0.95468		0.94653		0.89147		0.8794		0.90674		0.89286		0.78334
791		5322.51		0.9543		0.94626		0.88372		0.86275		0.91192		0.88665		0.76872
792		5323.73		0.95585		0.94793		0.8863		0.87817		0.89637		0.88718		0.77279
793		5325.52		0.95649		0.9482		0.89147		0.89119		0.89119		0.89119		0.78294
794		5327.1		0.95632		0.94769		0.89664		0.90052		0.89119		0.89583		0.79332
795		5328.52		0.9556		0.94723		0.88889		0.8866		0.89119		0.88889		0.77779
796		5330.28		0.95279		0.94451		0.88372		0.86275		0.91192		0.88665		0.76872
797		5331.96		0.95278		0.94471		0.8863		0.87065		0.90674		0.88832		0.77329
798		5333.67		0.95333		0.94481		0.89147		0.88718		0.89637		0.89175		0.78299
799		5335.13		0.95351		0.94429		0.89406		0.89583		0.89119		0.89351		0.78812
800		5336.76		0.95318		0.94376		0.89406		0.89175		0.89637		0.89406		0.78813
801		5338.07		0.95198		0.94194		0.87855		0.86139		0.90155		0.88101		0.75795
802		5339.3		0.95209		0.9422		0.88372		0.86275		0.91192		0.88665		0.76872
803		5340.42		0.95349		0.94498		0.88114		0.8731		0.89119		0.88205		0.76245
804		5341.53		0.95564		0.94754		0.88372		0.88144		0.88601		0.88372		0.76745
805		5342.67		0.95679		0.94899		0.89147		0.89947		0.88083		0.89005		0.7831
806		5343.97		0.95716		0.94954		0.88889		0.89474		0.88083		0.88773		0.77786
807		5345.11		0.95558		0.94814		0.88889		0.87879		0.90155		0.89003		0.77805
808		5346.22		0.95445		0.94643		0.8863		0.8599		0.92228		0.89		0.77468
809		5347.43		0.95506		0.9465		0.8863		0.8599		0.92228		0.89		0.77468
810		5348.69		0.95596		0.94714		0.8863		0.87437		0.90155		0.88776		0.773
811		5349.87		0.95593		0.94698		0.89147		0.88325		0.90155		0.89231		0.78312
812		5351.64		0.95625		0.94749		0.89664		0.89637		0.89637		0.89637		0.79328
813		5352.95		0.95601		0.94737		0.89664		0.89637		0.89637		0.89637		0.79328
814		5354.1		0.95465		0.94691		0.88372		0.87		0.90155		0.8855		0.76796
815		5355.81		0.95346		0.94576		0.88889		0.875		0.90674		0.89059		0.77831
816		5357.16		0.9542		0.94624		0.88889		0.87879		0.90155		0.89003		0.77805
817		5358.48		0.95432		0.94628		0.88372		0.88144		0.88601		0.88372		0.76745
818		5359.78		0.95377		0.94556		0.87597		0.86802		0.88601		0.87692		0.75211
819		5361.47		0.95412		0.94576		0.87855		0.87245		0.88601		0.87918		0.75721
820		5362.75		0.95502		0.94677		0.8863		0.87817		0.89637		0.88718		0.77279
821		5364.13		0.95661		0.94812		0.89147		0.88325		0.90155		0.89231		0.78312
822		5365.78		0.95708		0.9486		0.89147		0.88325		0.90155		0.89231		0.78312
823		5367.26		0.95753		0.9489		0.89147		0.88325		0.90155		0.89231		0.78312
824		5368.54		0.9576		0.94862		0.89406		0.88384		0.90674		0.89514		0.78839
825		5369.89		0.95773		0.94886		0.89664		0.88832		0.90674		0.89744		0.79346
826		5371.68		0.95741		0.94819		0.89922		0.89286		0.90674		0.89974		0.79855
827		5373.1		0.9572		0.94774		0.90181		0.89744		0.90674		0.90206		0.80366
828		5374.38		0.95763		0.94805		0.90181		0.89744		0.90674		0.90206		0.80366
829		5375.88		0.95744		0.94799		0.89664		0.89637		0.89637		0.89637		0.79328
830		5377.26		0.95732		0.94786		0.89406		0.88776		0.90155		0.8946		0.78822
831		5378.72		0.95687		0.9475		0.89406		0.88384		0.90674		0.89514		0.78839
832		5380.05		0.95641		0.94725		0.88889		0.87879		0.90155		0.89003		0.77805
833		5381.55		0.95661		0.94767		0.88372		0.87374		0.89637		0.88491		0.76771
834		5382.92		0.95677		0.94782		0.88889		0.88265		0.89637		0.88946		0.77788
835		5384.28		0.95612		0.94732		0.89147		0.88718		0.89637		0.89175		0.78299
836		5385.8		0.95536		0.947		0.89147		0.8794		0.90674		0.89286		0.78334
837		5387.21		0.95532		0.94719		0.8863		0.87065		0.90674		0.88832		0.77329
838		5389.12		0.95592		0.94836		0.89406		0.89175		0.89637		0.89406		0.78813
839		5390.78		0.95605		0.94838		0.89922		0.90104		0.89637		0.8987		0.79846
840		5392.21		0.95595		0.94859		0.89664		0.89637		0.89637		0.89637		0.79328
841		5393.35		0.95587		0.9485		0.89922		0.89286		0.90674		0.89974		0.79855
842		5394.48		0.955		0.94689		0.8863		0.867		0.91192		0.88889		0.77367
843		5395.57		0.95458		0.94627		0.89147		0.87562		0.91192		0.8934		0.78364
844		5396.67		0.95468		0.94577		0.89147		0.88325		0.90155		0.89231		0.78312
845		5397.88		0.95532		0.94595		0.89147		0.88718		0.89637		0.89175		0.78299
846		5399.04		0.9552		0.94568		0.88889		0.8866		0.89119		0.88889		0.77779
847		5400.27		0.95452		0.94518		0.8863		0.87817		0.89637		0.88718		0.77279
848		5401.51		0.95381		0.94463		0.88114		0.86567		0.90155		0.88325		0.76295
849		5402.87		0.95438		0.94518		0.88114		0.86567		0.90155		0.88325		0.76295
850		5404.02		0.95572		0.94655		0.89147		0.88718		0.89637		0.89175		0.78299
851		5405.67		0.95704		0.948		0.89147		0.89119		0.89119		0.89119		0.78294
852		5407.32		0.95697		0.94812		0.89147		0.88718		0.89637		0.89175		0.78299
853		5408.56		0.95613		0.94808		0.89147		0.87192		0.9171		0.89394		0.78402
854		5409.79		0.95596		0.94819		0.88889		0.86765		0.9171		0.89169		0.77907
855		5411.38		0.95647		0.94908		0.89147		0.88325		0.90155		0.89231		0.78312
856		5412.97		0.95627		0.94896		0.89922		0.89691		0.90155		0.89922		0.79846
857		5414.43		0.95608		0.94833		0.89922		0.89691		0.90155		0.89922		0.79846
858		5416.01		0.95596		0.94768		0.89922		0.89691		0.90155		0.89922		0.79846
859		5417.6		0.95561		0.94692		0.88889		0.875		0.90674		0.89059		0.77831
860		5418.76		0.95583		0.94687		0.87597		0.85714		0.90155		0.87879		0.75298
861		5419.9		0.95612		0.94673		0.8863		0.88205		0.89119		0.8866		0.77266
862		5421.01		0.95628		0.94689		0.8863		0.88601		0.88601		0.88601		0.77261
863		5422.25		0.95607		0.9466		0.88889		0.8866		0.89119		0.88889		0.77779
864		5423.35		0.9551		0.94566		0.88889		0.87879		0.90155		0.89003		0.77805
865		5424.51		0.95505		0.94596		0.88889		0.87879		0.90155		0.89003		0.77805
866		5425.68		0.95516		0.94643		0.89147		0.88718		0.89637		0.89175		0.78299
867		5427.55		0.95561		0.94719		0.89147		0.89119		0.89119		0.89119		0.78294
868		5429.12		0.95661		0.94845		0.88889		0.89062		0.88601		0.88831		0.77778
869		5430.29		0.95724		0.94867		0.89406		0.89583		0.89119		0.89351		0.78812
870		5431.46		0.9568		0.94794		0.89664		0.88832		0.90674		0.89744		0.79346
871		5432.86		0.9568		0.94745		0.89664		0.88832		0.90674		0.89744		0.79346
872		5434.22		0.95683		0.94733		0.89922		0.89286		0.90674		0.89974		0.79855
873		5435.54		0.95784		0.94804		0.90181		0.89744		0.90674		0.90206		0.80366
874		5436.8		0.95819		0.94822		0.90181		0.89744		0.90674		0.90206		0.80366
875		5438.12		0.95788		0.94802		0.89406		0.88384		0.90674		0.89514		0.78839
876		5439.98		0.95685		0.94712		0.89406		0.88		0.91192		0.89567		0.78865
877		5441.61		0.95741		0.94817		0.89147		0.8794		0.90674		0.89286		0.78334
878		5443.15		0.95779		0.94909		0.90181		0.89744		0.90674		0.90206		0.80366
879		5444.92		0.95793		0.94933		0.89664		0.88832		0.90674		0.89744		0.79346
880		5446.68		0.95808		0.94953		0.89664		0.88832		0.90674		0.89744		0.79346
881		5448.1		0.95709		0.94814		0.89664		0.88832		0.90674		0.89744		0.79346
882		5449.64		0.95637		0.94742		0.89664		0.88442		0.91192		0.89796		0.79368
883		5451.17		0.95605		0.94736		0.89147		0.8794		0.90674		0.89286		0.78334
884		5452.79		0.95562		0.94698		0.89147		0.88325		0.90155		0.89231		0.78312
885		5454.77		0.95444		0.94574		0.88889		0.87879		0.90155		0.89003		0.77805
886		5456.38		0.95386		0.94495		0.88889		0.87879		0.90155		0.89003		0.77805
887		5457.53		0.95333		0.94467		0.88372		0.86634		0.90674		0.88608		0.7683
888		5458.71		0.95445		0.94519		0.89406		0.88384		0.90674		0.89514		0.78839
889		5460.01		0.95558		0.94592		0.89922		0.89691		0.90155		0.89922		0.79846
890		5461.15		0.95629		0.94677		0.89922		0.89691		0.90155		0.89922		0.79846
891		5462.37		0.95655		0.94737		0.89664		0.89637		0.89637		0.89637		0.79328
892		5463.49		0.95609		0.94698		0.89922		0.89286		0.90674		0.89974		0.79855
893		5464.74		0.95585		0.94702		0.89406		0.88384		0.90674		0.89514		0.78839
894		5465.88		0.9554		0.94663		0.8863		0.867		0.91192		0.88889		0.77367
895		5467.11		0.95528		0.94638		0.8863		0.87437		0.90155		0.88776		0.773
896		5468.29		0.95544		0.9468		0.89664		0.89637		0.89637		0.89637		0.79328
897		5469.73		0.95506		0.94633		0.89147		0.88718		0.89637		0.89175		0.78299
898		5471.24		0.9551		0.94596		0.89406		0.89175		0.89637		0.89406		0.78813
899		5472.94		0.95512		0.94573		0.88889		0.875		0.90674		0.89059		0.77831
900		5474.72		0.95478		0.94501		0.88889		0.875		0.90674		0.89059		0.77831
901		5476.71		0.95505		0.94508		0.89147		0.87562		0.91192		0.8934		0.78364
902		5478.26		0.95549		0.94568		0.89922		0.89691		0.90155		0.89922		0.79846
903		5479.55		0.95488		0.94525		0.8863		0.87817		0.89637		0.88718		0.77279
904		5480.68		0.95422		0.94492		0.8863		0.87065		0.90674		0.88832		0.77329
905		5481.85		0.95462		0.94535		0.8863		0.87065		0.90674		0.88832		0.77329
906		5483.11		0.95541		0.94633		0.89406		0.88776		0.90155		0.8946		0.78822
907		5484.28		0.95668		0.94803		0.90181		0.90576		0.89637		0.90104		0.80365
908		5485.39		0.95683		0.94844		0.89406		0.89175		0.89637		0.89406		0.78813
909		5486.52		0.95603		0.94797		0.88889		0.87879		0.90155		0.89003		0.77805
910		5487.77		0.95578		0.94754		0.8863		0.87437		0.90155		0.88776		0.773
911		5489.07		0.95643		0.94787		0.89147		0.88718		0.89637		0.89175		0.78299
912		5490.2		0.95624		0.94726		0.89406		0.88776		0.90155		0.8946		0.78822
913		5491.38		0.95512		0.94651		0.89406		0.88384		0.90674		0.89514		0.78839
914		5492.84		0.95485		0.9461		0.89147		0.87562		0.91192		0.8934		0.78364
915		5494.48		0.95476		0.94648		0.89406		0.88776		0.90155		0.8946		0.78822
916		5496.04		0.95492		0.94662		0.89147		0.88718		0.89637		0.89175		0.78299
917		5497.9		0.95394		0.94576		0.8863		0.87437		0.90155		0.88776		0.773
918		5499.48		0.95326		0.94573		0.8863		0.867		0.91192		0.88889		0.77367
919		5500.86		0.95394		0.94634		0.88114		0.86935		0.89637		0.88265		0.76266
920		5502.14		0.95452		0.9465		0.88889		0.88265		0.89637		0.88946		0.77788
921		5503.46		0.95522		0.94606		0.88889		0.88265		0.89637		0.88946		0.77788
922		5505.16		0.9543		0.94457		0.8863		0.87817		0.89637		0.88718		0.77279
923		5506.67		0.95418		0.94467		0.88889		0.88265		0.89637		0.88946		0.77788
924		5507.97		0.95414		0.94475		0.89406		0.88776		0.90155		0.8946		0.78822
925		5509.3		0.95465		0.94553		0.89147		0.88718		0.89637		0.89175		0.78299
926		5510.69		0.95482		0.94611		0.88889		0.8866		0.89119		0.88889		0.77779
927		5512.04		0.95436		0.94576		0.8863		0.88205		0.89119		0.8866		0.77266
928		5513.31		0.95413		0.94604		0.88372		0.88144		0.88601		0.88372		0.76745
929		5515.12		0.95565		0.94743		0.88889		0.89474		0.88083		0.88773		0.77786
930		5516.75		0.95615		0.94774		0.89147		0.89119		0.89119		0.89119		0.78294
931		5518.86		0.95572		0.94719		0.88889		0.88265		0.89637		0.88946		0.77788
932		5520.05		0.95496		0.94642		0.8863		0.87437		0.90155		0.88776		0.773
933		5521.5		0.95476		0.94607		0.8863		0.87065		0.90674		0.88832		0.77329
934		5522.98		0.9549		0.94602		0.8863		0.87817		0.89637		0.88718		0.77279
935		5524.58		0.95565		0.94653		0.8863		0.87817		0.89637		0.88718		0.77279
936		5525.88		0.95544		0.94634		0.8863		0.87817		0.89637		0.88718		0.77279
937		5527.13		0.95517		0.9459		0.88889		0.87879		0.90155		0.89003		0.77805
938		5528.23		0.95524		0.94641		0.89147		0.8794		0.90674		0.89286		0.78334
939		5529.4		0.95517		0.94569		0.89147		0.8794		0.90674		0.89286		0.78334
940		5530.63		0.95552		0.9459		0.89147		0.88325		0.90155		0.89231		0.78312
941		5532.19		0.95592		0.94615		0.89406		0.89175		0.89637		0.89406		0.78813
942		5533.84		0.95632		0.94647		0.89664		0.89637		0.89637		0.89637		0.79328
943		5535.17		0.95601		0.94666		0.89406		0.88384		0.90674		0.89514		0.78839
944		5536.61		0.95501		0.94608		0.88889		0.875		0.90674		0.89059		0.77831
945		5538.34		0.95465		0.94599		0.89147		0.8794		0.90674		0.89286		0.78334
946		5540.04		0.95494		0.94666		0.88889		0.87879		0.90155		0.89003		0.77805
947		5541.19		0.95536		0.94732		0.88889		0.89062		0.88601		0.88831		0.77778
948		5542.37		0.95534		0.94752		0.8863		0.89005		0.88083		0.88542		0.77264
949		5543.48		0.9554		0.94748		0.8863		0.88601		0.88601		0.88601		0.77261
950		5544.69		0.95514		0.94714		0.88889		0.88265		0.89637		0.88946		0.77788
951		5546.25		0.95498		0.94673		0.89147		0.88325		0.90155		0.89231		0.78312
952		5547.8		0.95469		0.94619		0.8863		0.87817		0.89637		0.88718		0.77279
953		5548.96		0.95537		0.9464		0.89406		0.89175		0.89637		0.89406		0.78813
954		5550.14		0.95574		0.94666		0.89922		0.90104		0.89637		0.8987		0.79846
955		5551.47		0.95565		0.94651		0.89922		0.90104		0.89637		0.8987		0.79846
956		5552.67		0.95436		0.9457		0.89664		0.88832		0.90674		0.89744		0.79346
957		5553.79		0.95398		0.94527		0.89147		0.87562		0.91192		0.8934		0.78364
958		5555.23		0.95434		0.94558		0.89664		0.88832		0.90674		0.89744		0.79346
959		5557.07		0.95466		0.94549		0.89922		0.89286		0.90674		0.89974		0.79855
960		5558.5		0.95506		0.94578		0.89406		0.88776		0.90155		0.8946		0.78822
961		5559.99		0.95473		0.94527		0.89406		0.88384		0.90674		0.89514		0.78839
962		5561.63		0.95369		0.94458		0.8863		0.87437		0.90155		0.88776		0.773
963		5563.0		0.95287		0.94416		0.88889		0.875		0.90674		0.89059		0.77831
964		5564.14		0.95305		0.94416		0.89147		0.8794		0.90674		0.89286		0.78334
965		5565.28		0.95355		0.94483		0.89147		0.88718		0.89637		0.89175		0.78299
966		5566.46		0.95376		0.94555		0.88889		0.8866		0.89119		0.88889		0.77779
967		5567.75		0.95433		0.94601		0.88372		0.87755		0.89119		0.88432		0.76754
968		5569.0		0.95472		0.94579		0.8863		0.88601		0.88601		0.88601		0.77261
969		5570.43		0.9556		0.94596		0.8863		0.88601		0.88601		0.88601		0.77261
970		5572.11		0.95599		0.94592		0.88889		0.8866		0.89119		0.88889		0.77779
971		5573.97		0.9552		0.94519		0.89147		0.88718		0.89637		0.89175		0.78299
972		5575.62		0.95465		0.94497		0.8863		0.87817		0.89637		0.88718		0.77279
973		5576.83		0.95393		0.94446		0.8863		0.87437		0.90155		0.88776		0.773
974		5578.0		0.95347		0.94461		0.88889		0.88265		0.89637		0.88946		0.77788
975		5579.14		0.95385		0.94513		0.90181		0.90576		0.89637		0.90104		0.80365
976		5581.17		0.9558		0.947		0.89922		0.90526		0.89119		0.89817		0.79854
977		5582.74		0.95516		0.94592		0.88889		0.87879		0.90155		0.89003		0.77805
978		5583.88		0.95454		0.94544		0.8863		0.867		0.91192		0.88889		0.77367
979		5585.25		0.95506		0.94586		0.88889		0.875		0.90674		0.89059		0.77831
980		5587.03		0.9553		0.94621		0.88889		0.88265		0.89637		0.88946		0.77788
981		5588.67		0.95545		0.94668		0.8863		0.88601		0.88601		0.88601		0.77261
982		5589.88		0.95494		0.94645		0.8863		0.88601		0.88601		0.88601		0.77261
983		5591.0		0.95436		0.94605		0.88114		0.87692		0.88601		0.88144		0.76232
984		5592.13		0.954		0.94585		0.88372		0.87755		0.89119		0.88432		0.76754
985		5593.38		0.95444		0.94595		0.88372		0.87755		0.89119		0.88432		0.76754
986		5595.38		0.95599		0.94727		0.89147		0.89119		0.89119		0.89119		0.78294
987		5596.53		0.95675		0.94724		0.89664		0.90476		0.88601		0.89529		0.79344
988		5598.36		0.95633		0.94647		0.89147		0.89529		0.88601		0.89062		0.78298
989		5599.84		0.95613		0.94614		0.88889		0.88265		0.89637		0.88946		0.77788
990		5601.0		0.95595		0.9459		0.8863		0.87817		0.89637		0.88718		0.77279
991		5602.34		0.95657		0.94631		0.89406		0.88776		0.90155		0.8946		0.78822
992		5603.66		0.95685		0.94625		0.89922		0.89691		0.90155		0.89922		0.79846
993		5604.98		0.95637		0.94607		0.89922		0.89691		0.90155		0.89922		0.79846
994		5606.31		0.95633		0.94625		0.89406		0.88776		0.90155		0.8946		0.78822
995		5607.53		0.95604		0.94615		0.88889		0.88265		0.89637		0.88946		0.77788
996		5608.72		0.95537		0.9458		0.88889		0.88265		0.89637		0.88946		0.77788
997		5609.85		0.955		0.94585		0.88889		0.88265		0.89637		0.88946		0.77788
998		5611.15		0.95536		0.94633		0.89147		0.89119		0.89119		0.89119		0.78294
999		5613.07		0.95569		0.94645		0.89147		0.89119		0.89119		0.89119		0.78294
1000		5614.52		0.95592		0.94657		0.89147		0.89119		0.89119		0.89119		0.78294
fold: 4
Epoch		Time		AUC		AUPR		Accuracy		Precision		Recall		F1-score		Mcc
1		5617.76		0.79835		0.7854		0.67183		0.80556		0.45078		0.57807		0.38182
AUC improved at epoch  1 ;	best_auc: 0.7983547887399177
2		5619.18		0.80776		0.78742		0.72351		0.72165		0.72539		0.72351		0.44704
AUC improved at epoch  2 ;	best_auc: 0.8077559959403878
3		5620.36		0.80901		0.78319		0.73385		0.72059		0.76166		0.74055		0.46853
AUC improved at epoch  3 ;	best_auc: 0.8090112707654505
4		5621.55		0.80939		0.78036		0.73902		0.74211		0.73057		0.73629		0.47807
AUC improved at epoch  4 ;	best_auc: 0.8093851824154693
5		5623.27		0.80722		0.77806		0.7261		0.74033		0.6943		0.71658		0.45298
6		5625.02		0.80503		0.77185		0.71059		0.7341		0.65803		0.69399		0.4233
7		5626.58		0.8033		0.77066		0.71835		0.73333		0.68394		0.70777		0.43758
8		5627.78		0.80177		0.76574		0.71576		0.72928		0.68394		0.70588		0.43226
9		5629.05		0.80209		0.76662		0.71835		0.7234		0.70466		0.71391		0.4368
10		5630.18		0.80298		0.76909		0.71059		0.71892		0.68912		0.7037		0.42148
11		5631.35		0.80386		0.76674		0.70801		0.72989		0.65803		0.6921		0.41789
12		5632.5		0.80591		0.76926		0.71835		0.73333		0.68394		0.70777		0.43758
13		5633.95		0.80997		0.7724		0.74419		0.7398		0.7513		0.7455		0.48845
AUC improved at epoch  13 ;	best_auc: 0.8099727578654987
14		5635.94		0.81363		0.77221		0.73643		0.74595		0.71503		0.73016		0.47321
AUC improved at epoch  14 ;	best_auc: 0.8136317504406815
15		5637.75		0.8151		0.77334		0.74935		0.73077		0.78756		0.7581		0.50031
AUC improved at epoch  15 ;	best_auc: 0.8151006890657551
16		5639.11		0.81069		0.77335		0.74677		0.72727		0.78756		0.75622		0.49534
17		5640.3		0.80479		0.76784		0.72351		0.69725		0.78756		0.73966		0.45099
18		5642.05		0.80703		0.76816		0.73902		0.70536		0.81865		0.75779		0.4845
19		5643.56		0.81222		0.77922		0.75194		0.74372		0.76684		0.7551		0.50415
20		5645.12		0.81924		0.78279		0.75711		0.71806		0.84456		0.77619		0.52255
AUC improved at epoch  20 ;	best_auc: 0.819240425190962
21		5646.51		0.82159		0.78647		0.74677		0.72947		0.78238		0.755		0.49493
AUC improved at epoch  21 ;	best_auc: 0.8215907269910795
22		5647.88		0.82196		0.78875		0.75194		0.75661		0.74093		0.74869		0.50395
AUC improved at epoch  22 ;	best_auc: 0.8219646386410984
23		5649.33		0.82389		0.78993		0.75452		0.73786		0.78756		0.7619		0.51028
AUC improved at epoch  23 ;	best_auc: 0.8238876128411943
24		5650.92		0.82568		0.79081		0.75969		0.72727		0.82902		0.77482		0.52468
AUC improved at epoch  24 ;	best_auc: 0.8256770471662839
25		5652.67		0.82648		0.79367		0.75969		0.73364		0.81347		0.7715		0.5226
AUC improved at epoch  25 ;	best_auc: 0.8264782864163239
26		5654.05		0.82565		0.79359		0.75194		0.74619		0.76166		0.75385		0.50401
27		5655.3		0.82672		0.79443		0.74935		0.73762		0.77202		0.75443		0.49931
AUC improved at epoch  27 ;	best_auc: 0.8267186581913359
28		5656.95		0.82688		0.79555		0.75711		0.72603		0.82383		0.77184		0.51908
AUC improved at epoch  28 ;	best_auc: 0.826878906041344
29		5658.73		0.82712		0.7951		0.75452		0.71875		0.8342		0.77218		0.5159
AUC improved at epoch  29 ;	best_auc: 0.8271192778163561
30		5660.06		0.8264		0.79351		0.75194		0.72558		0.80829		0.76471		0.50731
31		5661.37		0.82605		0.79371		0.75194		0.72986		0.79793		0.76238		0.50619
32		5662.66		0.82819		0.79791		0.76227		0.72646		0.83938		0.77885		0.53115
AUC improved at epoch  32 ;	best_auc: 0.8281875968164094
33		5663.88		0.83032		0.80188		0.76486		0.73182		0.8342		0.77966		0.53511
AUC improved at epoch  33 ;	best_auc: 0.8303242348165162
34		5665.21		0.83308		0.80586		0.76486		0.73832		0.81865		0.77641		0.53299
AUC improved at epoch  34 ;	best_auc: 0.8330751562416538
35		5666.48		0.83537		0.80992		0.76486		0.73832		0.81865		0.77641		0.53299
AUC improved at epoch  35 ;	best_auc: 0.8353720420917686
36		5667.9		0.83705		0.81229		0.76486		0.74057		0.81347		0.77531		0.5324
AUC improved at epoch  36 ;	best_auc: 0.8370546445168527
37		5669.38		0.83815		0.81489		0.76227		0.73934		0.80829		0.77228		0.52694
AUC improved at epoch  37 ;	best_auc: 0.8381496714919073
38		5670.78		0.83938		0.81575		0.76227		0.73059		0.82902		0.7767		0.52951
AUC improved at epoch  38 ;	best_auc: 0.839378238341969
39		5671.96		0.84013		0.81598		0.76744		0.73516		0.8342		0.78155		0.53994
AUC improved at epoch  39 ;	best_auc: 0.8401260616420062
40		5673.46		0.83981		0.81648		0.76744		0.74178		0.81865		0.77833		0.53788
41		5675.21		0.84122		0.81813		0.76744		0.73516		0.8342		0.78155		0.53994
AUC improved at epoch  41 ;	best_auc: 0.841221088617061
42		5676.66		0.84224		0.81932		0.77003		0.73423		0.84456		0.78554		0.54639
AUC improved at epoch  42 ;	best_auc: 0.8422359916671118
43		5678.27		0.84192		0.81977		0.76744		0.75122		0.79793		0.77387		0.53599
44		5679.96		0.84429		0.822		0.77519		0.74091		0.84456		0.78935		0.55598
AUC improved at epoch  44 ;	best_auc: 0.8442925057422147
45		5681.61		0.84528		0.82419		0.78036		0.74545		0.84974		0.79419		0.56642
AUC improved at epoch  45 ;	best_auc: 0.8452807008172639
46		5683.05		0.8472		0.82748		0.77519		0.74537		0.8342		0.78729		0.55445
AUC improved at epoch  46 ;	best_auc: 0.8472036750173602
47		5684.58		0.84768		0.82812		0.77519		0.74537		0.8342		0.78729		0.55445
AUC improved at epoch  47 ;	best_auc: 0.8476844185673842
48		5686.0		0.84921		0.82839		0.77519		0.74537		0.8342		0.78729		0.55445
AUC improved at epoch  48 ;	best_auc: 0.8492067731424602
49		5687.56		0.84974		0.82988		0.77519		0.75		0.82383		0.78519		0.55317
AUC improved at epoch  49 ;	best_auc: 0.8497409326424871
50		5688.92		0.85148		0.83189		0.79328		0.7489		0.88083		0.80952		0.59601
AUC improved at epoch  50 ;	best_auc: 0.8514769510175738
51		5690.27		0.84942		0.83316		0.77519		0.7598		0.80311		0.78086		0.55134
52		5691.64		0.85148		0.83309		0.7907		0.74779		0.87565		0.80668		0.59022
53		5692.88		0.8522		0.83516		0.78811		0.74667		0.87047		0.80383		0.58445
AUC improved at epoch  53 ;	best_auc: 0.85219806634261
54		5694.16		0.8515		0.83542		0.78036		0.75962		0.81865		0.78803		0.5625
55		5695.67		0.85506		0.83766		0.80103		0.76126		0.87565		0.81446		0.60909
AUC improved at epoch  55 ;	best_auc: 0.8550558196677529
56		5697.56		0.8554		0.83807		0.78811		0.76303		0.8342		0.79703		0.57884
AUC improved at epoch  56 ;	best_auc: 0.8554030233427703
57		5698.87		0.85693		0.83789		0.7907		0.75455		0.8601		0.80387		0.58728
AUC improved at epoch  57 ;	best_auc: 0.8569253779178464
58		5700.22		0.85658		0.83755		0.7907		0.76923		0.82902		0.798		0.58323
59		5701.9		0.85797		0.83847		0.79845		0.76744		0.85492		0.80882		0.60091
AUC improved at epoch  59 ;	best_auc: 0.8579669889428982
60		5703.62		0.85783		0.83981		0.8062		0.77064		0.87047		0.81752		0.6177
61		5705.26		0.85765		0.83935		0.80362		0.77465		0.85492		0.81281		0.61061
62		5706.93		0.8604		0.84103		0.78553		0.73109		0.90155		0.80742		0.5874
AUC improved at epoch  62 ;	best_auc: 0.8603974146680199
63		5708.38		0.85936		0.83965		0.78811		0.79365		0.7772		0.78534		0.57633
64		5709.58		0.86211		0.84449		0.8062		0.76818		0.87565		0.8184		0.61859
AUC improved at epoch  64 ;	best_auc: 0.8621067250681054
65		5711.39		0.86382		0.84642		0.79587		0.75221		0.88083		0.81146		0.6007
AUC improved at epoch  65 ;	best_auc: 0.8638160354681907
66		5712.9		0.85799		0.84276		0.78036		0.77		0.79793		0.78372		0.56113
67		5714.62		0.86224		0.84778		0.79845		0.76256		0.86528		0.81068		0.6025
68		5715.78		0.86443		0.85012		0.79845		0.75785		0.87565		0.8125		0.60436
AUC improved at epoch  68 ;	best_auc: 0.8644303188932215
69		5717.01		0.8651		0.85143		0.81137		0.78302		0.8601		0.81975		0.62586
AUC improved at epoch  69 ;	best_auc: 0.8650980182682548
70		5718.19		0.8675		0.85466		0.80103		0.76364		0.87047		0.81356		0.60815
AUC improved at epoch  70 ;	best_auc: 0.867501736018375
71		5719.55		0.86886		0.85543		0.80362		0.77465		0.85492		0.81281		0.61061
AUC improved at epoch  71 ;	best_auc: 0.8688638427434432
72		5720.7		0.86972		0.85611		0.8062		0.78922		0.8342		0.81108		0.61345
AUC improved at epoch  72 ;	best_auc: 0.8697184979434859
73		5721.91		0.87151		0.8574		0.79845		0.75556		0.88083		0.8134		0.6054
AUC improved at epoch  73 ;	best_auc: 0.8715079322685755
74		5723.61		0.86905		0.8562		0.80103		0.76606		0.86528		0.81265		0.60728
75		5725.21		0.86897		0.85769		0.79845		0.78049		0.82902		0.80402		0.59811
76		5726.68		0.87485		0.86098		0.78811		0.74236		0.88083		0.80569		0.58666
AUC improved at epoch  76 ;	best_auc: 0.8748464291437423
77		5727.84		0.87284		0.85816		0.81395		0.80711		0.82383		0.81538		0.62806
78		5728.98		0.87466		0.86159		0.81395		0.79512		0.84456		0.8191		0.62917
79		5730.22		0.87538		0.86328		0.80103		0.76364		0.87047		0.81356		0.60815
AUC improved at epoch  79 ;	best_auc: 0.8753805886437691
80		5731.84		0.87455		0.86171		0.80879		0.78199		0.85492		0.81683		0.62035
81		5733.57		0.87875		0.86482		0.80103		0.76852		0.8601		0.81174		0.60648
AUC improved at epoch  81 ;	best_auc: 0.8787457934939374
82		5735.13		0.87925		0.867		0.7907		0.77723		0.81347		0.79494		0.58207
AUC improved at epoch  82 ;	best_auc: 0.8792532450189627
83		5736.61		0.8819		0.87033		0.80103		0.80526		0.79275		0.79896		0.60212
AUC improved at epoch  83 ;	best_auc: 0.8818973345440948
84		5738.58		0.88281		0.87089		0.79845		0.76995		0.84974		0.80788		0.60022
AUC improved at epoch  84 ;	best_auc: 0.8828054056941403
85		5739.72		0.88187		0.8738		0.80103		0.78431		0.82902		0.80605		0.6031
86		5740.91		0.8777		0.87327		0.8062		0.79798		0.81865		0.80818		0.61263
87		5742.03		0.8866		0.8773		0.81137		0.77778		0.87047		0.82152		0.6273
AUC improved at epoch  87 ;	best_auc: 0.8865979381443299
88		5743.75		0.88871		0.8762		0.81912		0.83978		0.78756		0.81283		0.63941
AUC improved at epoch  88 ;	best_auc: 0.8887078681694354
89		5745.18		0.88868		0.87864		0.80879		0.7931		0.8342		0.81313		0.61845
90		5746.3		0.88166		0.87728		0.79328		0.77561		0.82383		0.79899		0.58776
91		5747.55		0.88553		0.88077		0.8062		0.82778		0.77202		0.79893		0.61372
92		5748.78		0.89149		0.88254		0.81395		0.78947		0.85492		0.8209		0.63014
AUC improved at epoch  92 ;	best_auc: 0.8914854975695743
93		5749.91		0.89341		0.88648		0.81912		0.79426		0.8601		0.82587		0.64051
AUC improved at epoch  93 ;	best_auc: 0.8934084717696704
94		5751.04		0.89303		0.88943		0.82429		0.84153		0.79793		0.81915		0.6494
95		5752.27		0.89135		0.88723		0.81395		0.79512		0.84456		0.8191		0.62917
96		5753.56		0.89173		0.88581		0.82429		0.79904		0.86528		0.83085		0.65088
97		5754.76		0.89285		0.88773		0.81654		0.81122		0.82383		0.81748		0.63316
98		5755.9		0.89461		0.89042		0.82687		0.80882		0.85492		0.83123		0.65485
AUC improved at epoch  98 ;	best_auc: 0.8946103306447306
99		5757.1		0.8948		0.89088		0.82946		0.80976		0.8601		0.83417		0.66024
AUC improved at epoch  99 ;	best_auc: 0.8947972864697399
100		5758.29		0.89397		0.88909		0.81912		0.81218		0.82902		0.82051		0.6384
101		5760.04		0.89319		0.89014		0.83204		0.81068		0.86528		0.83709		0.66564
102		5761.81		0.89301		0.89209		0.81137		0.80928		0.81347		0.81137		0.62275
103		5763.13		0.89589		0.89137		0.82946		0.80383		0.87047		0.83582		0.66125
AUC improved at epoch  103 ;	best_auc: 0.8958923134447946
104		5764.52		0.89798		0.89094		0.82687		0.81818		0.83938		0.82864		0.65399
AUC improved at epoch  104 ;	best_auc: 0.8979755354948987
105		5765.96		0.89819		0.89559		0.84238		0.81731		0.88083		0.84788		0.68688
AUC improved at epoch  105 ;	best_auc: 0.8981891992949095
106		5767.28		0.89533		0.89557		0.82946		0.81281		0.85492		0.83333		0.65984
107		5768.56		0.89774		0.89655		0.82946		0.82564		0.8342		0.8299		0.65896
108		5770.32		0.89822		0.89324		0.83463		0.79724		0.89637		0.8439		0.67456
AUC improved at epoch  108 ;	best_auc: 0.8982159072699109
109		5771.65		0.90062		0.89549		0.83463		0.8377		0.82902		0.83333		0.66928
AUC improved at epoch  109 ;	best_auc: 0.9006196250200309
110		5773.12		0.90166		0.89773		0.82687		0.80882		0.85492		0.83123		0.65485
AUC improved at epoch  110 ;	best_auc: 0.9016612360450831
111		5774.56		0.89878		0.89695		0.82946		0.79812		0.88083		0.83744		0.66255
112		5776.14		0.89766		0.89425		0.82429		0.83422		0.80829		0.82105		0.64886
113		5777.52		0.89936		0.89604		0.83204		0.79907		0.88601		0.84029		0.66812
114		5778.98		0.89944		0.89481		0.82687		0.81188		0.84974		0.83038		0.65449
115		5780.31		0.90265		0.89755		0.83979		0.81643		0.87565		0.845		0.68143
AUC improved at epoch  115 ;	best_auc: 0.9026494311201325
116		5781.85		0.90358		0.90015		0.84755		0.84184		0.85492		0.84833		0.69518
AUC improved at epoch  116 ;	best_auc: 0.9035842102451792
117		5783.37		0.90241		0.90151		0.82946		0.81592		0.84974		0.83249		0.65951
118		5784.93		0.90281		0.90271		0.84238		0.82039		0.87565		0.84712		0.68636
119		5786.34		0.90682		0.90407		0.8553		0.8408		0.87565		0.85787		0.71123
AUC improved at epoch  119 ;	best_auc: 0.9068158752203408
120		5787.98		0.90759		0.90447		0.8553		0.83744		0.88083		0.85859		0.71158
AUC improved at epoch  120 ;	best_auc: 0.9075904064953796
121		5789.65		0.90444		0.90217		0.83979		0.82587		0.8601		0.84264		0.6802
122		5790.92		0.90711		0.90392		0.84238		0.82353		0.87047		0.84635		0.68591
123		5792.62		0.90623		0.90396		0.85013		0.84264		0.8601		0.85128		0.70042
124		5794.05		0.90607		0.90358		0.83979		0.81643		0.87565		0.845		0.68143
125		5795.24		0.90845		0.90506		0.84496		0.84456		0.84456		0.84456		0.68992
AUC improved at epoch  125 ;	best_auc: 0.9084450616954222
126		5796.49		0.90922		0.90672		0.85271		0.8301		0.88601		0.85714		0.70707
AUC improved at epoch  126 ;	best_auc: 0.909219592970461
127		5797.67		0.9109		0.90916		0.84496		0.84103		0.84974		0.84536		0.68997
AUC improved at epoch  127 ;	best_auc: 0.9109021953955452
128		5799.23		0.91275		0.90992		0.85271		0.82381		0.89637		0.85856		0.70823
AUC improved at epoch  128 ;	best_auc: 0.9127450456706374
129		5800.76		0.91229		0.90932		0.84755		0.84896		0.84456		0.84675		0.69509
130		5802.15		0.91055		0.90953		0.83463		0.81773		0.8601		0.83838		0.67019
131		5803.75		0.91328		0.91177		0.85271		0.85052		0.85492		0.85271		0.70544
AUC improved at epoch  131 ;	best_auc: 0.913279205170664
132		5805.01		0.91312		0.9106		0.85271		0.84		0.87047		0.85496		0.70591
133		5806.14		0.91053		0.90758		0.84496		0.83085		0.86528		0.84772		0.69054
134		5807.25		0.91392		0.90949		0.8553		0.85864		0.84974		0.85417		0.71062
AUC improved at epoch  134 ;	best_auc: 0.913920196570696
135		5808.41		0.91644		0.91069		0.85788		0.82243		0.91192		0.86486		0.72009
AUC improved at epoch  135 ;	best_auc: 0.9164441002083222
136		5809.6		0.9144		0.909		0.83463		0.8342		0.8342		0.8342		0.66925
137		5810.86		0.91015		0.90728		0.83721		0.82828		0.84974		0.83887		0.67466
138		5812.1		0.91485		0.91107		0.84755		0.82843		0.87565		0.85139		0.69626
139		5813.86		0.91964		0.91692		0.8553		0.83092		0.89119		0.86		0.71251
AUC improved at epoch  139 ;	best_auc: 0.9196357032209818
140		5815.17		0.91996		0.91717		0.84755		0.83168		0.87047		0.85063		0.69588
AUC improved at epoch  140 ;	best_auc: 0.9199561989209978
141		5816.91		0.91696		0.9138		0.85271		0.82381		0.89637		0.85856		0.70823
142		5818.62		0.91817		0.91217		0.85271		0.84343		0.86528		0.85422		0.70568
143		5820.0		0.91934		0.91384		0.85271		0.82381		0.89637		0.85856		0.70823
144		5821.32		0.91769		0.91238		0.85013		0.83582		0.87047		0.85279		0.70089
145		5822.65		0.91646		0.91225		0.84755		0.84184		0.85492		0.84833		0.69518
146		5823.86		0.91858		0.91481		0.85013		0.82609		0.88601		0.855		0.70215
147		5825.18		0.92255		0.91894		0.85013		0.82609		0.88601		0.855		0.70215
AUC improved at epoch  147 ;	best_auc: 0.9225468724961273
148		5826.86		0.92396		0.92123		0.8553		0.84422		0.87047		0.85714		0.71096
AUC improved at epoch  148 ;	best_auc: 0.923962395171198
149		5828.46		0.92372		0.92223		0.85788		0.85204		0.86528		0.85861		0.71586
150		5829.81		0.9211		0.9196		0.84238		0.81132		0.89119		0.84938		0.68816
151		5831.04		0.92305		0.91932		0.8553		0.85128		0.8601		0.85567		0.71064
152		5832.15		0.92345		0.91811		0.86047		0.85279		0.87047		0.86154		0.7211
153		5833.92		0.92165		0.91734		0.84755		0.82524		0.88083		0.85213		0.69671
154		5835.45		0.92012		0.91766		0.85271		0.84		0.87047		0.85496		0.70591
155		5836.58		0.92241		0.91707		0.86047		0.85279		0.87047		0.86154		0.7211
156		5837.78		0.92263		0.91716		0.8553		0.8408		0.87565		0.85787		0.71123
157		5838.91		0.92216		0.91796		0.86047		0.84236		0.88601		0.86364		0.72193
158		5840.21		0.9211		0.91746		0.85788		0.85204		0.86528		0.85861		0.71586
159		5841.41		0.92188		0.91764		0.8553		0.84772		0.86528		0.85641		0.71076
160		5842.63		0.92354		0.91882		0.85788		0.845		0.87565		0.86005		0.71626
161		5844.13		0.9237		0.9197		0.86047		0.84577		0.88083		0.86294		0.72158
162		5846.04		0.92263		0.92029		0.86822		0.855		0.88601		0.87023		0.73694
163		5847.84		0.92078		0.91861		0.86563		0.85787		0.87565		0.86667		0.73143
164		5849.65		0.92209		0.9197		0.86563		0.84729		0.89119		0.86869		0.73228
165		5850.95		0.9228		0.91974		0.86047		0.83902		0.89119		0.86432		0.72236
166		5853.34		0.92311		0.91931		0.8553		0.8408		0.87565		0.85787		0.71123
167		5854.88		0.92305		0.91739		0.85788		0.84848		0.87047		0.85934		0.71602
168		5856.01		0.92271		0.91605		0.85788		0.84848		0.87047		0.85934		0.71602
169		5857.18		0.92227		0.91627		0.85271		0.84343		0.86528		0.85422		0.70568
170		5858.39		0.92114		0.91614		0.84755		0.83168		0.87047		0.85063		0.69588
171		5859.83		0.92042		0.91737		0.84496		0.83417		0.8601		0.84694		0.69028
172		5861.08		0.92192		0.92105		0.85271		0.84343		0.86528		0.85422		0.70568
173		5862.31		0.92329		0.92256		0.8553		0.8408		0.87565		0.85787		0.71123
174		5863.53		0.92416		0.92271		0.85271		0.83663		0.87565		0.8557		0.70622
AUC improved at epoch  174 ;	best_auc: 0.9241627049837081
175		5864.87		0.92524		0.92321		0.85013		0.82927		0.88083		0.85427		0.70165
AUC improved at epoch  175 ;	best_auc: 0.9252443779712621
176		5866.22		0.92366		0.9209		0.85271		0.8301		0.88601		0.85714		0.70707
177		5867.49		0.92345		0.91897		0.8553		0.83744		0.88083		0.85859		0.71158
178		5868.66		0.92329		0.91797		0.85788		0.84848		0.87047		0.85934		0.71602
179		5869.82		0.92299		0.91729		0.86305		0.86082		0.86528		0.86305		0.72611
180		5871.21		0.92459		0.92027		0.86563		0.85787		0.87565		0.86667		0.73143
181		5872.71		0.92626		0.92251		0.86305		0.85		0.88083		0.86514		0.7266
AUC improved at epoch  181 ;	best_auc: 0.9262592810213128
182		5874.01		0.92743		0.9238		0.86563		0.85075		0.88601		0.86802		0.73192
AUC improved at epoch  182 ;	best_auc: 0.9274344319213716
183		5875.64		0.92856		0.92519		0.86563		0.84729		0.89119		0.86869		0.73228
AUC improved at epoch  183 ;	best_auc: 0.9285561668714278
184		5877.06		0.92874		0.92613		0.86305		0.84653		0.88601		0.86582		0.72692
AUC improved at epoch  184 ;	best_auc: 0.928743122696437
185		5878.44		0.92774		0.92529		0.8708		0.85572		0.89119		0.8731		0.74226
186		5879.76		0.92719		0.9248		0.86563		0.85427		0.88083		0.86735		0.73164
187		5881.22		0.92693		0.92459		0.86305		0.85354		0.87565		0.86445		0.72636
188		5882.49		0.92606		0.92384		0.85271		0.84		0.87047		0.85496		0.70591
189		5883.91		0.92617		0.92328		0.8553		0.83744		0.88083		0.85859		0.71158
190		5885.2		0.92649		0.92283		0.8553		0.84422		0.87047		0.85714		0.71096
191		5886.85		0.92735		0.92335		0.8553		0.84772		0.86528		0.85641		0.71076
192		5888.2		0.92766		0.92272		0.85271		0.85052		0.85492		0.85271		0.70544
193		5889.61		0.92814		0.92286		0.85788		0.85567		0.8601		0.85788		0.71577
194		5890.89		0.92802		0.92331		0.85788		0.84848		0.87047		0.85934		0.71602
195		5892.29		0.92701		0.92296		0.86305		0.84653		0.88601		0.86582		0.72692
196		5893.76		0.9269		0.92279		0.86822		0.84804		0.89637		0.87154		0.73766
197		5895.21		0.9279		0.92244		0.86047		0.84236		0.88601		0.86364		0.72193
198		5896.62		0.92805		0.92291		0.86563		0.85427		0.88083		0.86735		0.73164
199		5898.1		0.92679		0.92212		0.86563		0.85427		0.88083		0.86735		0.73164
200		5899.49		0.9265		0.92261		0.86822		0.855		0.88601		0.87023		0.73694
201		5901.11		0.92471		0.92202		0.86047		0.83902		0.89119		0.86432		0.72236
202		5902.4		0.92431		0.92212		0.8553		0.83744		0.88083		0.85859		0.71158
203		5903.6		0.92536		0.92354		0.8553		0.84772		0.86528		0.85641		0.71076
204		5904.71		0.92551		0.92346		0.86305		0.86842		0.85492		0.86162		0.72617
205		5905.91		0.92563		0.9226		0.86563		0.87302		0.85492		0.86387		0.73141
206		5907.09		0.92622		0.92231		0.86822		0.86224		0.87565		0.86889		0.73653
207		5908.31		0.92678		0.92333		0.86047		0.84236		0.88601		0.86364		0.72193
208		5909.4		0.92698		0.92205		0.85013		0.81991		0.89637		0.85644		0.70338
209		5910.56		0.92689		0.92363		0.85271		0.82075		0.90155		0.85926		0.70892
210		5911.73		0.92661		0.92334		0.86305		0.83981		0.89637		0.86717		0.72779
211		5913.11		0.92659		0.92403		0.86563		0.85075		0.88601		0.86802		0.73192
212		5914.39		0.92686		0.92443		0.86563		0.85787		0.87565		0.86667		0.73143
213		5915.53		0.92621		0.92442		0.86305		0.84653		0.88601		0.86582		0.72692
214		5916.76		0.9255		0.92357		0.86047		0.84577		0.88083		0.86294		0.72158
215		5918.76		0.92609		0.92414		0.86822		0.85859		0.88083		0.86957		0.7367
216		5920.23		0.92542		0.92324		0.86047		0.85279		0.87047		0.86154		0.7211
217		5921.86		0.92566		0.92353		0.85788		0.84848		0.87047		0.85934		0.71602
218		5923.25		0.9259		0.92336		0.8553		0.84422		0.87047		0.85714		0.71096
219		5924.55		0.92578		0.92295		0.86047		0.83902		0.89119		0.86432		0.72236
220		5926.0		0.92585		0.92309		0.86047		0.84236		0.88601		0.86364		0.72193
221		5927.54		0.92589		0.92312		0.86563		0.85075		0.88601		0.86802		0.73192
222		5928.98		0.92586		0.9234		0.86822		0.855		0.88601		0.87023		0.73694
223		5930.31		0.92573		0.9237		0.85788		0.85204		0.86528		0.85861		0.71586
224		5931.78		0.92625		0.92446		0.86305		0.85354		0.87565		0.86445		0.72636
225		5933.21		0.92674		0.92547		0.86305		0.85		0.88083		0.86514		0.7266
226		5934.88		0.92638		0.92511		0.86047		0.83575		0.89637		0.865		0.72287
227		5936.17		0.92633		0.92466		0.8553		0.82775		0.89637		0.8607		0.7131
228		5937.64		0.92559		0.92364		0.85788		0.84158		0.88083		0.86076		0.71657
229		5938.95		0.92566		0.92366		0.86047		0.84925		0.87565		0.86224		0.7213
230		5940.51		0.92642		0.92465		0.86047		0.85279		0.87047		0.86154		0.7211
231		5941.89		0.92641		0.92364		0.86047		0.84236		0.88601		0.86364		0.72193
232		5943.35		0.92659		0.9223		0.85788		0.83824		0.88601		0.86146		0.71696
233		5944.61		0.92697		0.9224		0.85788		0.83495		0.89119		0.86216		0.71743
234		5945.87		0.9269		0.92248		0.85271		0.82692		0.89119		0.85786		0.70761
235		5947.43		0.92718		0.923		0.85788		0.84158		0.88083		0.86076		0.71657
236		5948.91		0.92757		0.92384		0.86305		0.85714		0.87047		0.86375		0.72619
237		5950.19		0.9275		0.92464		0.8553		0.84772		0.86528		0.85641		0.71076
238		5951.48		0.92786		0.92517		0.85788		0.84158		0.88083		0.86076		0.71657
239		5953.0		0.92802		0.92555		0.85271		0.8301		0.88601		0.85714		0.70707
240		5954.63		0.92743		0.92448		0.86047		0.83902		0.89119		0.86432		0.72236
241		5956.45		0.92621		0.9236		0.8553		0.84422		0.87047		0.85714		0.71096
242		5957.68		0.92594		0.92322		0.8553		0.85492		0.85492		0.85492		0.71059
243		5958.97		0.92631		0.92266		0.85788		0.85938		0.85492		0.85714		0.71577
244		5960.15		0.9271		0.92241		0.86047		0.84925		0.87565		0.86224		0.7213
245		5961.38		0.92743		0.92186		0.85271		0.82692		0.89119		0.85786		0.70761
246		5962.75		0.92735		0.9215		0.85271		0.82692		0.89119		0.85786		0.70761
247		5963.97		0.92755		0.92129		0.86305		0.84653		0.88601		0.86582		0.72692
248		5965.07		0.92667		0.92114		0.86563		0.85075		0.88601		0.86802		0.73192
249		5966.36		0.92638		0.92165		0.86822		0.855		0.88601		0.87023		0.73694
250		5967.67		0.92605		0.9226		0.86563		0.85427		0.88083		0.86735		0.73164
251		5968.88		0.92542		0.92345		0.86563		0.85427		0.88083		0.86735		0.73164
252		5970.29		0.92528		0.92328		0.86305		0.85354		0.87565		0.86445		0.72636
253		5971.62		0.9247		0.92306		0.86563		0.85787		0.87565		0.86667		0.73143
254		5973.69		0.92532		0.92277		0.86563		0.85427		0.88083		0.86735		0.73164
255		5974.99		0.92566		0.92259		0.86563		0.85787		0.87565		0.86667		0.73143
256		5976.71		0.92548		0.92256		0.86047		0.85279		0.87047		0.86154		0.7211
257		5978.46		0.9255		0.92221		0.85788		0.84848		0.87047		0.85934		0.71602
258		5979.65		0.92532		0.9214		0.85788		0.84848		0.87047		0.85934		0.71602
259		5981.14		0.92581		0.92206		0.86047		0.84577		0.88083		0.86294		0.72158
260		5982.77		0.92609		0.92283		0.86822		0.85149		0.89119		0.87089		0.73726
261		5984.22		0.92599		0.92218		0.86305		0.85354		0.87565		0.86445		0.72636
262		5985.45		0.92543		0.92131		0.86047		0.85279		0.87047		0.86154		0.7211
263		5986.63		0.92606		0.92197		0.86822		0.85859		0.88083		0.86957		0.7367
264		5987.77		0.92601		0.92254		0.8708		0.8593		0.88601		0.87245		0.74198
265		5989.17		0.92693		0.92461		0.86047		0.84577		0.88083		0.86294		0.72158
266		5990.3		0.92667		0.92534		0.86047		0.84577		0.88083		0.86294		0.72158
267		5991.42		0.92649		0.92551		0.86047		0.84925		0.87565		0.86224		0.7213
268		5992.8		0.92662		0.92596		0.86563		0.85787		0.87565		0.86667		0.73143
269		5994.37		0.92698		0.92596		0.86563		0.85787		0.87565		0.86667		0.73143
270		5996.04		0.92713		0.92517		0.86563		0.85787		0.87565		0.86667		0.73143
271		5997.45		0.92721		0.92475		0.86563		0.85787		0.87565		0.86667		0.73143
272		5998.91		0.92722		0.92429		0.86563		0.85427		0.88083		0.86735		0.73164
273		6000.07		0.92788		0.92479		0.86563		0.85427		0.88083		0.86735		0.73164
274		6001.82		0.92781		0.92473		0.86563		0.85075		0.88601		0.86802		0.73192
275		6003.22		0.92804		0.92475		0.86047		0.85279		0.87047		0.86154		0.7211
276		6004.4		0.92771		0.92489		0.85788		0.84848		0.87047		0.85934		0.71602
277		6005.95		0.92775		0.92544		0.8553		0.84422		0.87047		0.85714		0.71096
278		6007.74		0.92777		0.92555		0.86047		0.84577		0.88083		0.86294		0.72158
279		6009.04		0.92699		0.92507		0.86047		0.84577		0.88083		0.86294		0.72158
280		6010.67		0.92633		0.92416		0.85788		0.84158		0.88083		0.86076		0.71657
281		6012.42		0.92623		0.92398		0.85788		0.845		0.87565		0.86005		0.71626
282		6014.32		0.92663		0.92435		0.85788		0.845		0.87565		0.86005		0.71626
283		6015.6		0.92661		0.92417		0.86047		0.84577		0.88083		0.86294		0.72158
284		6016.87		0.92706		0.92522		0.85788		0.84158		0.88083		0.86076		0.71657
285		6018.16		0.9273		0.92555		0.85788		0.84158		0.88083		0.86076		0.71657
286		6019.57		0.92725		0.92518		0.85788		0.84158		0.88083		0.86076		0.71657
287		6020.87		0.92649		0.92446		0.86047		0.84577		0.88083		0.86294		0.72158
288		6022.05		0.92662		0.92469		0.86047		0.84577		0.88083		0.86294		0.72158
289		6023.17		0.92645		0.92432		0.86047		0.84577		0.88083		0.86294		0.72158
290		6024.45		0.92603		0.92313		0.85788		0.845		0.87565		0.86005		0.71626
291		6026.32		0.92567		0.92251		0.85788		0.845		0.87565		0.86005		0.71626
292		6027.61		0.92574		0.92257		0.86047		0.84925		0.87565		0.86224		0.7213
293		6028.75		0.92499		0.92167		0.8553		0.8408		0.87565		0.85787		0.71123
294		6030.13		0.92459		0.92109		0.86305		0.85		0.88083		0.86514		0.7266
295		6031.87		0.92479		0.92188		0.86047		0.84925		0.87565		0.86224		0.7213
296		6033.16		0.92495		0.9221		0.86305		0.85		0.88083		0.86514		0.7266
297		6034.29		0.92518		0.92229		0.85788		0.845		0.87565		0.86005		0.71626
298		6035.84		0.92563		0.92262		0.86305		0.85		0.88083		0.86514		0.7266
299		6037.42		0.92601		0.92295		0.86047		0.84577		0.88083		0.86294		0.72158
300		6038.99		0.92623		0.92318		0.86305		0.85		0.88083		0.86514		0.7266
301		6040.2		0.92626		0.92343		0.86563		0.85427		0.88083		0.86735		0.73164
302		6041.67		0.92585		0.92341		0.86305		0.84653		0.88601		0.86582		0.72692
303		6042.9		0.92542		0.92375		0.85788		0.84158		0.88083		0.86076		0.71657
304		6044.01		0.92475		0.92355		0.85788		0.84848		0.87047		0.85934		0.71602
305		6045.19		0.92454		0.92316		0.85271		0.84343		0.86528		0.85422		0.70568
306		6046.51		0.92467		0.9232		0.86305		0.85354		0.87565		0.86445		0.72636
307		6047.64		0.92458		0.92295		0.86305		0.85		0.88083		0.86514		0.7266
308		6049.54		0.9249		0.9229		0.86047		0.84577		0.88083		0.86294		0.72158
309		6051.26		0.92455		0.92251		0.85788		0.84158		0.88083		0.86076		0.71657
310		6052.74		0.92432		0.92183		0.86047		0.84236		0.88601		0.86364		0.72193
311		6054.05		0.92416		0.92233		0.86047		0.84925		0.87565		0.86224		0.7213
312		6055.19		0.92404		0.92213		0.86047		0.84577		0.88083		0.86294		0.72158
313		6056.29		0.9241		0.9213		0.85788		0.84848		0.87047		0.85934		0.71602
314		6057.47		0.92386		0.92087		0.8553		0.84422		0.87047		0.85714		0.71096
315		6058.74		0.92272		0.91951		0.85271		0.84		0.87047		0.85496		0.70591
316		6060.08		0.92236		0.91869		0.85013		0.83582		0.87047		0.85279		0.70089
317		6061.34		0.92243		0.91791		0.85013		0.83582		0.87047		0.85279		0.70089
318		6062.79		0.92284		0.91884		0.8553		0.84422		0.87047		0.85714		0.71096
319		6064.55		0.92297		0.91978		0.8553		0.84772		0.86528		0.85641		0.71076
320		6066.41		0.92305		0.91985		0.85788		0.84848		0.87047		0.85934		0.71602
321		6067.79		0.9234		0.92021		0.85788		0.84158		0.88083		0.86076		0.71657
322		6069.51		0.92368		0.92054		0.86305		0.84314		0.89119		0.8665		0.72731
323		6070.87		0.92418		0.92044		0.86047		0.83902		0.89119		0.86432		0.72236
324		6072.37		0.92432		0.92028		0.86563		0.84729		0.89119		0.86869		0.73228
325		6073.74		0.92468		0.92046		0.86047		0.84577		0.88083		0.86294		0.72158
326		6075.37		0.92459		0.92026		0.85788		0.845		0.87565		0.86005		0.71626
327		6077.15		0.92498		0.92118		0.85271		0.84		0.87047		0.85496		0.70591
328		6078.29		0.92478		0.92151		0.8553		0.84422		0.87047		0.85714		0.71096
329		6080.35		0.92456		0.9218		0.85788		0.84158		0.88083		0.86076		0.71657
330		6081.84		0.92495		0.9228		0.85788		0.83824		0.88601		0.86146		0.71696
331		6083.01		0.92556		0.92401		0.8553		0.83744		0.88083		0.85859		0.71158
332		6084.16		0.92574		0.92473		0.85788		0.84158		0.88083		0.86076		0.71657
333		6085.42		0.92597		0.92513		0.86305		0.85		0.88083		0.86514		0.7266
334		6086.57		0.92591		0.92532		0.86305		0.85		0.88083		0.86514		0.7266
335		6087.67		0.92651		0.92534		0.85788		0.84158		0.88083		0.86076		0.71657
336		6088.81		0.92606		0.92488		0.85788		0.84158		0.88083		0.86076		0.71657
337		6089.91		0.92558		0.92408		0.85788		0.84158		0.88083		0.86076		0.71657
338		6091.16		0.92585		0.92355		0.86047		0.84577		0.88083		0.86294		0.72158
339		6092.46		0.92563		0.92348		0.85788		0.845		0.87565		0.86005		0.71626
340		6094.18		0.92583		0.92431		0.85788		0.84848		0.87047		0.85934		0.71602
341		6095.65		0.92459		0.92299		0.85788		0.84848		0.87047		0.85934		0.71602
342		6096.95		0.9246		0.92327		0.85013		0.83582		0.87047		0.85279		0.70089
343		6098.24		0.92396		0.92219		0.85271		0.84		0.87047		0.85496		0.70591
344		6099.52		0.92348		0.92177		0.85788		0.84848		0.87047		0.85934		0.71602
345		6100.75		0.92287		0.9212		0.85271		0.84694		0.8601		0.85347		0.70552
346		6102.04		0.92244		0.92075		0.85271		0.84694		0.8601		0.85347		0.70552
347		6103.42		0.92275		0.9213		0.8553		0.84772		0.86528		0.85641		0.71076
348		6105.04		0.92317		0.92234		0.8553		0.84772		0.86528		0.85641		0.71076
349		6106.8		0.92311		0.92253		0.86047		0.84925		0.87565		0.86224		0.7213
350		6108.38		0.9236		0.9236		0.86047		0.84925		0.87565		0.86224		0.7213
351		6110.15		0.92386		0.9239		0.85788		0.84848		0.87047		0.85934		0.71602
352		6111.44		0.924		0.924		0.86047		0.85279		0.87047		0.86154		0.7211
353		6112.59		0.92415		0.92445		0.86305		0.85354		0.87565		0.86445		0.72636
354		6114.23		0.92367		0.92384		0.86563		0.85427		0.88083		0.86735		0.73164
355		6115.87		0.92375		0.9236		0.86305		0.85		0.88083		0.86514		0.7266
356		6117.05		0.92343		0.9226		0.86047		0.84577		0.88083		0.86294		0.72158
357		6118.2		0.92332		0.92199		0.86305		0.85		0.88083		0.86514		0.7266
358		6119.38		0.9236		0.92124		0.86047		0.84577		0.88083		0.86294		0.72158
359		6120.56		0.92378		0.92117		0.85788		0.845		0.87565		0.86005		0.71626
360		6121.88		0.92344		0.92083		0.86047		0.84925		0.87565		0.86224		0.7213
361		6123.14		0.92267		0.91992		0.86305		0.85714		0.87047		0.86375		0.72619
362		6124.32		0.92227		0.91934		0.85788		0.84848		0.87047		0.85934		0.71602
363		6125.55		0.92189		0.91851		0.85788		0.845		0.87565		0.86005		0.71626
364		6126.83		0.92102		0.91713		0.8553		0.8408		0.87565		0.85787		0.71123
365		6127.99		0.92093		0.91658		0.85788		0.845		0.87565		0.86005		0.71626
366		6129.2		0.92171		0.91703		0.86047		0.84925		0.87565		0.86224		0.7213
367		6130.33		0.92181		0.91733		0.85788		0.84848		0.87047		0.85934		0.71602
368		6131.71		0.92272		0.91861		0.85788		0.845		0.87565		0.86005		0.71626
369		6133.0		0.92284		0.91922		0.86047		0.84577		0.88083		0.86294		0.72158
370		6134.57		0.92364		0.92032		0.86047		0.84577		0.88083		0.86294		0.72158
371		6136.05		0.92362		0.92069		0.85788		0.845		0.87565		0.86005		0.71626
372		6137.46		0.92327		0.92104		0.86047		0.85279		0.87047		0.86154		0.7211
373		6138.85		0.92331		0.92131		0.85788		0.85204		0.86528		0.85861		0.71586
374		6140.24		0.92316		0.92151		0.8553		0.84772		0.86528		0.85641		0.71076
375		6141.56		0.92372		0.92189		0.8553		0.84772		0.86528		0.85641		0.71076
376		6143.0		0.92456		0.92315		0.85788		0.84848		0.87047		0.85934		0.71602
377		6144.29		0.92455		0.92391		0.85788		0.84848		0.87047		0.85934		0.71602
378		6145.9		0.92467		0.92429		0.8553		0.84772		0.86528		0.85641		0.71076
379		6147.29		0.92414		0.92359		0.8553		0.84772		0.86528		0.85641		0.71076
380		6148.69		0.92384		0.92341		0.8553		0.85128		0.8601		0.85567		0.71064
381		6150.17		0.92333		0.92219		0.85271		0.84694		0.8601		0.85347		0.70552
382		6151.55		0.92343		0.92175		0.85013		0.84615		0.85492		0.85052		0.7003
383		6152.83		0.92341		0.92139		0.8553		0.8408		0.87565		0.85787		0.71123
384		6154.32		0.92374		0.92195		0.86047		0.84236		0.88601		0.86364		0.72193
385		6155.99		0.92454		0.92293		0.85788		0.84158		0.88083		0.86076		0.71657
386		6157.36		0.92539		0.92467		0.86305		0.85		0.88083		0.86514		0.7266
387		6158.73		0.92573		0.92535		0.86305		0.85		0.88083		0.86514		0.7266
388		6160.43		0.9259		0.92572		0.86047		0.84577		0.88083		0.86294		0.72158
389		6162.08		0.92531		0.92513		0.85788		0.84158		0.88083		0.86076		0.71657
390		6163.86		0.92496		0.92414		0.86047		0.84577		0.88083		0.86294		0.72158
391		6165.1		0.92427		0.923		0.85788		0.845		0.87565		0.86005		0.71626
392		6166.23		0.9238		0.9223		0.85788		0.845		0.87565		0.86005		0.71626
393		6167.35		0.92406		0.92245		0.86047		0.84925		0.87565		0.86224		0.7213
394		6168.68		0.92423		0.92244		0.86047		0.84925		0.87565		0.86224		0.7213
395		6169.82		0.924		0.92228		0.86047		0.84925		0.87565		0.86224		0.7213
396		6171.0		0.92378		0.92215		0.86047		0.84925		0.87565		0.86224		0.7213
397		6172.15		0.92316		0.92206		0.86305		0.85354		0.87565		0.86445		0.72636
398		6173.31		0.92333		0.92221		0.86305		0.85354		0.87565		0.86445		0.72636
399		6175.17		0.92293		0.92183		0.86047		0.85279		0.87047		0.86154		0.7211
400		6176.54		0.92351		0.92227		0.85788		0.84848		0.87047		0.85934		0.71602
401		6177.73		0.92356		0.92244		0.8553		0.84422		0.87047		0.85714		0.71096
402		6178.91		0.92366		0.92253		0.8553		0.84422		0.87047		0.85714		0.71096
403		6180.15		0.92366		0.92281		0.86047		0.84925		0.87565		0.86224		0.7213
404		6181.29		0.92427		0.92366		0.85788		0.845		0.87565		0.86005		0.71626
405		6182.59		0.92507		0.9247		0.86047		0.84577		0.88083		0.86294		0.72158
406		6184.28		0.9265		0.92664		0.85788		0.845		0.87565		0.86005		0.71626
407		6185.68		0.92613		0.92613		0.86305		0.85714		0.87047		0.86375		0.72619
408		6186.92		0.92552		0.92527		0.86305		0.85714		0.87047		0.86375		0.72619
409		6188.09		0.92514		0.92441		0.86047		0.85279		0.87047		0.86154		0.7211
410		6189.38		0.9243		0.92231		0.8553		0.83744		0.88083		0.85859		0.71158
411		6191.21		0.92316		0.92057		0.8553		0.83744		0.88083		0.85859		0.71158
412		6192.92		0.92275		0.91989		0.85788		0.845		0.87565		0.86005		0.71626
413		6194.7		0.92241		0.91968		0.8553		0.84772		0.86528		0.85641		0.71076
414		6195.97		0.92332		0.92035		0.86563		0.85075		0.88601		0.86802		0.73192
415		6197.1		0.92407		0.92102		0.86563		0.84729		0.89119		0.86869		0.73228
416		6198.28		0.92428		0.92154		0.86305		0.84314		0.89119		0.8665		0.72731
417		6199.52		0.92391		0.92159		0.86305		0.84653		0.88601		0.86582		0.72692
418		6200.63		0.92408		0.92258		0.86563		0.85427		0.88083		0.86735		0.73164
419		6201.71		0.92406		0.92278		0.86305		0.85714		0.87047		0.86375		0.72619
420		6202.82		0.92341		0.92136		0.86047		0.85641		0.86528		0.86082		0.72097
421		6204.07		0.92243		0.91939		0.85788		0.84848		0.87047		0.85934		0.71602
422		6205.2		0.92201		0.91829		0.8553		0.83744		0.88083		0.85859		0.71158
423		6206.49		0.92253		0.91883		0.8553		0.83744		0.88083		0.85859		0.71158
424		6207.84		0.92287		0.91929		0.85788		0.845		0.87565		0.86005		0.71626
425		6209.63		0.9238		0.92123		0.86047		0.84925		0.87565		0.86224		0.7213
426		6211.22		0.9241		0.92147		0.85788		0.84848		0.87047		0.85934		0.71602
427		6212.89		0.92399		0.92177		0.86305		0.85714		0.87047		0.86375		0.72619
428		6214.01		0.92466		0.9236		0.86047		0.84925		0.87565		0.86224		0.7213
429		6215.14		0.92556		0.92493		0.86563		0.85427		0.88083		0.86735		0.73164
430		6216.33		0.92573		0.92574		0.86563		0.85427		0.88083		0.86735		0.73164
431		6217.47		0.92583		0.92603		0.86563		0.85787		0.87565		0.86667		0.73143
432		6218.58		0.92507		0.9249		0.86305		0.85354		0.87565		0.86445		0.72636
433		6219.81		0.92446		0.92311		0.86047		0.84925		0.87565		0.86224		0.7213
434		6221.81		0.92335		0.92101		0.86305		0.84653		0.88601		0.86582		0.72692
435		6223.21		0.92311		0.91978		0.86305		0.84314		0.89119		0.8665		0.72731
436		6225.05		0.92272		0.91845		0.85788		0.84158		0.88083		0.86076		0.71657
437		6226.28		0.92269		0.91917		0.86305		0.85354		0.87565		0.86445		0.72636
438		6227.69		0.92296		0.91963		0.8553		0.84422		0.87047		0.85714		0.71096
439		6228.93		0.92418		0.92203		0.85788		0.83495		0.89119		0.86216		0.71743
440		6230.83		0.92488		0.92346		0.86047		0.83902		0.89119		0.86432		0.72236
441		6232.39		0.92494		0.92472		0.86047		0.84236		0.88601		0.86364		0.72193
442		6233.95		0.92491		0.92573		0.86047		0.85279		0.87047		0.86154		0.7211
443		6235.37		0.92348		0.9246		0.85013		0.85714		0.83938		0.84817		0.70039
444		6236.89		0.92145		0.92226		0.85271		0.84694		0.8601		0.85347		0.70552
445		6238.35		0.92112		0.92125		0.84496		0.82439		0.87565		0.84925		0.6913
446		6239.64		0.92149		0.92084		0.86305		0.84314		0.89119		0.8665		0.72731
447		6240.84		0.91977		0.91843		0.85788		0.84158		0.88083		0.86076		0.71657
448		6241.97		0.9196		0.9177		0.84496		0.83756		0.85492		0.84615		0.69008
449		6243.14		0.92081		0.91937		0.85271		0.84		0.87047		0.85496		0.70591
450		6244.26		0.92237		0.92192		0.8553		0.83744		0.88083		0.85859		0.71158
451		6245.54		0.92442		0.92453		0.85788		0.83824		0.88601		0.86146		0.71696
452		6246.71		0.92569		0.92687		0.86047		0.84236		0.88601		0.86364		0.72193
453		6247.85		0.92647		0.92783		0.86305		0.85		0.88083		0.86514		0.7266
454		6249.25		0.92547		0.92711		0.86305		0.85354		0.87565		0.86445		0.72636
455		6251.02		0.9239		0.92618		0.8553		0.84422		0.87047		0.85714		0.71096
456		6252.37		0.92216		0.92438		0.85788		0.84158		0.88083		0.86076		0.71657
457		6253.98		0.92281		0.92476		0.8553		0.8408		0.87565		0.85787		0.71123
458		6255.45		0.9226		0.92394		0.85271		0.84343		0.86528		0.85422		0.70568
459		6256.91		0.92216		0.92257		0.8553		0.84422		0.87047		0.85714		0.71096
460		6258.48		0.92183		0.92127		0.85788		0.84158		0.88083		0.86076		0.71657
461		6259.69		0.92153		0.91991		0.86047		0.84236		0.88601		0.86364		0.72193
462		6260.88		0.92201		0.91995		0.85788		0.83495		0.89119		0.86216		0.71743
463		6262.33		0.92356		0.92253		0.85271		0.83663		0.87565		0.8557		0.70622
464		6264.2		0.92414		0.92432		0.8553		0.84772		0.86528		0.85641		0.71076
465		6265.31		0.92484		0.92482		0.85013		0.83251		0.87565		0.85354		0.70123
466		6266.56		0.92419		0.92398		0.85788		0.83824		0.88601		0.86146		0.71696
467		6267.72		0.92227		0.92232		0.8553		0.8408		0.87565		0.85787		0.71123
468		6268.85		0.92504		0.92559		0.85788		0.85204		0.86528		0.85861		0.71586
469		6270.07		0.92556		0.9265		0.8553		0.85128		0.8601		0.85567		0.71064
470		6271.19		0.92651		0.92635		0.86305		0.84653		0.88601		0.86582		0.72692
471		6272.42		0.92677		0.92569		0.85013		0.82297		0.89119		0.85572		0.70273
472		6274.37		0.92669		0.92528		0.85788		0.83495		0.89119		0.86216		0.71743
473		6275.59		0.92626		0.92508		0.85013		0.83582		0.87047		0.85279		0.70089
474		6276.77		0.92556		0.9254		0.86047		0.86387		0.85492		0.85938		0.72096
475		6277.9		0.9253		0.9262		0.85271		0.84343		0.86528		0.85422		0.70568
476		6279.17		0.92468		0.92594		0.85013		0.83251		0.87565		0.85354		0.70123
477		6280.31		0.92546		0.92761		0.8553		0.83415		0.88601		0.8593		0.71201
478		6281.82		0.92622		0.9292		0.86047		0.83902		0.89119		0.86432		0.72236
479		6283.31		0.92566		0.92862		0.85788		0.83495		0.89119		0.86216		0.71743
480		6284.94		0.92422		0.92663		0.85271		0.83663		0.87565		0.8557		0.70622
481		6286.36		0.92293		0.92469		0.8553		0.8408		0.87565		0.85787		0.71123
482		6287.83		0.92253		0.92414		0.85271		0.83663		0.87565		0.8557		0.70622
483		6289.29		0.92171		0.92338		0.84496		0.83756		0.85492		0.84615		0.69008
484		6291.35		0.9224		0.92438		0.85013		0.84615		0.85492		0.85052		0.7003
485		6292.91		0.92316		0.92466		0.85271		0.84694		0.8601		0.85347		0.70552
486		6294.82		0.92418		0.92553		0.85271		0.84343		0.86528		0.85422		0.70568
487		6296.36		0.9259		0.927		0.85788		0.845		0.87565		0.86005		0.71626
488		6297.66		0.92599		0.92682		0.85788		0.845		0.87565		0.86005		0.71626
489		6298.82		0.9261		0.9267		0.8553		0.8408		0.87565		0.85787		0.71123
490		6300.22		0.92651		0.92617		0.85013		0.83251		0.87565		0.85354		0.70123
491		6301.65		0.9263		0.92527		0.85271		0.83663		0.87565		0.8557		0.70622
492		6302.84		0.92618		0.92488		0.85788		0.845		0.87565		0.86005		0.71626
493		6303.98		0.92601		0.92473		0.85788		0.845		0.87565		0.86005		0.71626
494		6305.16		0.92543		0.92449		0.8553		0.84422		0.87047		0.85714		0.71096
495		6306.47		0.9251		0.92426		0.85788		0.845		0.87565		0.86005		0.71626
496		6307.72		0.92482		0.92456		0.8553		0.8408		0.87565		0.85787		0.71123
497		6308.91		0.92428		0.92487		0.8553		0.8408		0.87565		0.85787		0.71123
498		6310.11		0.92363		0.92463		0.85271		0.83663		0.87565		0.8557		0.70622
499		6311.36		0.92376		0.92445		0.85788		0.845		0.87565		0.86005		0.71626
500		6312.64		0.92358		0.92484		0.85271		0.85052		0.85492		0.85271		0.70544
501		6314.28		0.92336		0.92467		0.86047		0.85641		0.86528		0.86082		0.72097
502		6315.65		0.92408		0.9247		0.85788		0.83824		0.88601		0.86146		0.71696
503		6316.93		0.92299		0.92246		0.85013		0.82297		0.89119		0.85572		0.70273
504		6318.45		0.9228		0.92191		0.85271		0.84		0.87047		0.85496		0.70591
505		6319.93		0.92331		0.92189		0.85013		0.84615		0.85492		0.85052		0.7003
506		6321.27		0.92285		0.92068		0.85271		0.84694		0.8601		0.85347		0.70552
507		6322.56		0.92293		0.92091		0.85788		0.845		0.87565		0.86005		0.71626
508		6324.02		0.92327		0.92086		0.86047		0.83902		0.89119		0.86432		0.72236
509		6325.59		0.92299		0.92067		0.85788		0.83495		0.89119		0.86216		0.71743
510		6326.84		0.92406		0.92245		0.85788		0.845		0.87565		0.86005		0.71626
511		6328.14		0.92431		0.92313		0.86563		0.86154		0.87047		0.86598		0.73131
512		6329.84		0.92502		0.92408		0.86822		0.86979		0.86528		0.86753		0.73644
513		6331.11		0.92384		0.92342		0.86047		0.84925		0.87565		0.86224		0.7213
514		6332.54		0.92287		0.92195		0.85013		0.83251		0.87565		0.85354		0.70123
515		6334.02		0.92403		0.92291		0.85788		0.84158		0.88083		0.86076		0.71657
516		6335.72		0.9238		0.92303		0.86305		0.85		0.88083		0.86514		0.7266
517		6337.0		0.92426		0.92369		0.86305		0.85		0.88083		0.86514		0.7266
518		6338.14		0.92456		0.92417		0.86563		0.85075		0.88601		0.86802		0.73192
519		6339.3		0.92422		0.92382		0.85788		0.83824		0.88601		0.86146		0.71696
520		6340.44		0.92407		0.92417		0.86047		0.83575		0.89637		0.865		0.72287
521		6341.9		0.92347		0.92321		0.8553		0.83415		0.88601		0.8593		0.71201
522		6343.18		0.92351		0.92331		0.85271		0.83333		0.88083		0.85642		0.70661
523		6344.36		0.92378		0.92375		0.8553		0.84422		0.87047		0.85714		0.71096
524		6345.62		0.92443		0.92468		0.86047		0.85641		0.86528		0.86082		0.72097
525		6346.94		0.9241		0.92415		0.86047		0.85641		0.86528		0.86082		0.72097
526		6348.16		0.92335		0.92293		0.86047		0.84925		0.87565		0.86224		0.7213
527		6349.71		0.92307		0.9226		0.86047		0.84236		0.88601		0.86364		0.72193
528		6351.16		0.92256		0.92163		0.85788		0.83824		0.88601		0.86146		0.71696
529		6352.75		0.92299		0.92212		0.86047		0.84925		0.87565		0.86224		0.7213
530		6354.13		0.92316		0.92272		0.8553		0.85128		0.8601		0.85567		0.71064
531		6355.61		0.92319		0.92297		0.8553		0.85128		0.8601		0.85567		0.71064
532		6357.28		0.92359		0.92325		0.86047		0.85279		0.87047		0.86154		0.7211
533		6358.93		0.92378		0.92351		0.86047		0.84925		0.87565		0.86224		0.7213
534		6360.9		0.92386		0.92314		0.86305		0.84653		0.88601		0.86582		0.72692
535		6362.21		0.92431		0.92429		0.86047		0.84236		0.88601		0.86364		0.72193
536		6363.81		0.92434		0.92414		0.86047		0.84236		0.88601		0.86364		0.72193
537		6365.37		0.92439		0.92439		0.8553		0.8408		0.87565		0.85787		0.71123
538		6367.02		0.92472		0.92461		0.86305		0.85354		0.87565		0.86445		0.72636
539		6368.53		0.92402		0.92374		0.85271		0.84694		0.8601		0.85347		0.70552
540		6369.68		0.92283		0.92213		0.85271		0.84343		0.86528		0.85422		0.70568
541		6371.26		0.92217		0.92126		0.85788		0.84158		0.88083		0.86076		0.71657
542		6372.85		0.9224		0.92136		0.85788		0.84158		0.88083		0.86076		0.71657
543		6374.16		0.92296		0.92182		0.85788		0.84158		0.88083		0.86076		0.71657
544		6375.31		0.92382		0.92244		0.86563		0.85075		0.88601		0.86802		0.73192
545		6376.45		0.92431		0.92269		0.86563		0.85075		0.88601		0.86802		0.73192
546		6377.61		0.92496		0.92357		0.86563		0.85075		0.88601		0.86802		0.73192
547		6378.76		0.92511		0.92386		0.86047		0.84236		0.88601		0.86364		0.72193
548		6380.04		0.92387		0.9226		0.86047		0.84236		0.88601		0.86364		0.72193
549		6381.19		0.92378		0.92284		0.85788		0.84158		0.88083		0.86076		0.71657
550		6382.38		0.92407		0.92357		0.86305		0.85354		0.87565		0.86445		0.72636
551		6384.03		0.92371		0.9237		0.86047		0.84925		0.87565		0.86224		0.7213
552		6385.76		0.92328		0.9234		0.86047		0.84925		0.87565		0.86224		0.7213
553		6386.95		0.92275		0.9226		0.85788		0.84158		0.88083		0.86076		0.71657
554		6388.25		0.92153		0.92125		0.86047		0.84236		0.88601		0.86364		0.72193
555		6390.47		0.921		0.92027		0.86305		0.84653		0.88601		0.86582		0.72692
556		6396.59		0.92139		0.92094		0.85788		0.84848		0.87047		0.85934		0.71602
557		6402.25		0.92085		0.92031		0.8553		0.84772		0.86528		0.85641		0.71076
558		6404.35		0.92089		0.92043		0.85788		0.84848		0.87047		0.85934		0.71602
559		6405.46		0.92128		0.92079		0.86563		0.85075		0.88601		0.86802		0.73192
560		6406.61		0.92185		0.92114		0.86047		0.84236		0.88601		0.86364		0.72193
561		6408.13		0.92291		0.9222		0.85788		0.83824		0.88601		0.86146		0.71696
562		6409.67		0.92382		0.92354		0.86047		0.84577		0.88083		0.86294		0.72158
563		6410.98		0.92416		0.92399		0.86305		0.84653		0.88601		0.86582		0.72692
564		6412.31		0.92459		0.92428		0.86305		0.84653		0.88601		0.86582		0.72692
565		6414.12		0.92451		0.92433		0.86822		0.85859		0.88083		0.86957		0.7367
566		6415.55		0.92431		0.92406		0.86563		0.85787		0.87565		0.86667		0.73143
567		6417.51		0.92526		0.92477		0.86305		0.85354		0.87565		0.86445		0.72636
568		6418.92		0.92606		0.92529		0.86305		0.85354		0.87565		0.86445		0.72636
569		6420.74		0.92631		0.92603		0.86563		0.85427		0.88083		0.86735		0.73164
570		6422.3		0.92598		0.92555		0.86305		0.85354		0.87565		0.86445		0.72636
571		6423.74		0.925		0.92465		0.86563		0.85427		0.88083		0.86735		0.73164
572		6425.11		0.92424		0.92376		0.86305		0.85354		0.87565		0.86445		0.72636
573		6426.6		0.92358		0.92299		0.86305		0.85714		0.87047		0.86375		0.72619
574		6428.36		0.92252		0.92192		0.86305		0.85354		0.87565		0.86445		0.72636
575		6429.96		0.92267		0.92166		0.86047		0.85279		0.87047		0.86154		0.7211
576		6432.12		0.92256		0.92187		0.86047		0.84925		0.87565		0.86224		0.7213
577		6433.38		0.92269		0.922		0.8553		0.8408		0.87565		0.85787		0.71123
578		6434.6		0.92293		0.92193		0.8553		0.83744		0.88083		0.85859		0.71158
579		6435.71		0.92263		0.92165		0.86047		0.84577		0.88083		0.86294		0.72158
580		6436.88		0.92287		0.92217		0.86047		0.84577		0.88083		0.86294		0.72158
581		6438.05		0.92316		0.92241		0.86305		0.85		0.88083		0.86514		0.7266
582		6439.93		0.92332		0.92221		0.86563		0.85427		0.88083		0.86735		0.73164
583		6441.38		0.92398		0.92272		0.86822		0.85859		0.88083		0.86957		0.7367
584		6442.58		0.92398		0.92279		0.86822		0.86224		0.87565		0.86889		0.73653
585		6444.56		0.92394		0.92262		0.86563		0.85787		0.87565		0.86667		0.73143
586		6445.87		0.92415		0.92352		0.8708		0.86294		0.88083		0.87179		0.74177
587		6447.03		0.9248		0.92451		0.8708		0.85572		0.89119		0.8731		0.74226
588		6448.19		0.92448		0.92457		0.86822		0.85149		0.89119		0.87089		0.73726
589		6449.3		0.92442		0.92481		0.86822		0.85149		0.89119		0.87089		0.73726
590		6450.51		0.92554		0.92576		0.8708		0.8593		0.88601		0.87245		0.74198
591		6452.13		0.92589		0.92593		0.86563		0.85787		0.87565		0.86667		0.73143
592		6453.57		0.92599		0.926		0.86563		0.85787		0.87565		0.86667		0.73143
593		6455.18		0.92559		0.92492		0.8708		0.8593		0.88601		0.87245		0.74198
594		6457.15		0.92496		0.92365		0.86822		0.855		0.88601		0.87023		0.73694
595		6459.24		0.92402		0.92281		0.86563		0.85427		0.88083		0.86735		0.73164
596		6460.92		0.92355		0.92241		0.86047		0.85279		0.87047		0.86154		0.7211
597		6462.05		0.92247		0.9215		0.85271		0.84694		0.8601		0.85347		0.70552
598		6463.46		0.92224		0.92204		0.85271		0.84694		0.8601		0.85347		0.70552
599		6464.61		0.92223		0.92238		0.8553		0.84422		0.87047		0.85714		0.71096
600		6465.83		0.92283		0.92335		0.86047		0.84577		0.88083		0.86294		0.72158
601		6467.07		0.92355		0.92404		0.86047		0.84577		0.88083		0.86294		0.72158
602		6468.73		0.92364		0.92416		0.85788		0.84158		0.88083		0.86076		0.71657
603		6470.37		0.92371		0.92374		0.8553		0.84422		0.87047		0.85714		0.71096
604		6471.67		0.92355		0.9232		0.86305		0.85354		0.87565		0.86445		0.72636
605		6472.88		0.92245		0.92099		0.86563		0.85427		0.88083		0.86735		0.73164
606		6474.1		0.92259		0.92099		0.86305		0.85		0.88083		0.86514		0.7266
607		6475.21		0.92228		0.92061		0.86305		0.85354		0.87565		0.86445		0.72636
608		6476.42		0.92272		0.92116		0.86047		0.84925		0.87565		0.86224		0.7213
609		6477.64		0.92296		0.92164		0.85788		0.845		0.87565		0.86005		0.71626
610		6478.74		0.92241		0.92159		0.85788		0.845		0.87565		0.86005		0.71626
611		6480.07		0.92285		0.92252		0.86047		0.84925		0.87565		0.86224		0.7213
612		6481.33		0.9232		0.92339		0.8553		0.84422		0.87047		0.85714		0.71096
613		6482.9		0.92388		0.92462		0.85788		0.845		0.87565		0.86005		0.71626
614		6484.32		0.92448		0.92572		0.85788		0.84848		0.87047		0.85934		0.71602
615		6485.94		0.92422		0.92547		0.8553		0.84772		0.86528		0.85641		0.71076
616		6487.45		0.92378		0.925		0.86047		0.85279		0.87047		0.86154		0.7211
617		6488.82		0.92348		0.9246		0.86305		0.85354		0.87565		0.86445		0.72636
618		6490.35		0.92411		0.92477		0.86047		0.85279		0.87047		0.86154		0.7211
619		6491.96		0.92438		0.92507		0.86563		0.85427		0.88083		0.86735		0.73164
620		6493.3		0.92398		0.92406		0.86305		0.84653		0.88601		0.86582		0.72692
621		6494.52		0.92371		0.92338		0.86305		0.84653		0.88601		0.86582		0.72692
622		6496.06		0.92271		0.92192		0.86047		0.84577		0.88083		0.86294		0.72158
623		6497.73		0.92204		0.92082		0.85788		0.845		0.87565		0.86005		0.71626
624		6499.17		0.92165		0.92029		0.8553		0.84422		0.87047		0.85714		0.71096
625		6500.28		0.92133		0.91962		0.85788		0.845		0.87565		0.86005		0.71626
626		6501.5		0.92152		0.91991		0.85271		0.84		0.87047		0.85496		0.70591
627		6502.83		0.92173		0.92036		0.8553		0.83744		0.88083		0.85859		0.71158
628		6504.21		0.922		0.92029		0.8553		0.83415		0.88601		0.8593		0.71201
629		6505.36		0.92256		0.92125		0.86047		0.84236		0.88601		0.86364		0.72193
630		6506.63		0.92227		0.92108		0.86563		0.85075		0.88601		0.86802		0.73192
631		6507.98		0.92239		0.92182		0.8708		0.86294		0.88083		0.87179		0.74177
632		6509.12		0.92311		0.92312		0.86563		0.85787		0.87565		0.86667		0.73143
633		6510.26		0.92288		0.92333		0.86305		0.85714		0.87047		0.86375		0.72619
634		6511.39		0.9224		0.92238		0.86047		0.85279		0.87047		0.86154		0.7211
635		6512.73		0.92235		0.92233		0.86047		0.84577		0.88083		0.86294		0.72158
636		6514.73		0.92235		0.92275		0.85788		0.84848		0.87047		0.85934		0.71602
637		6516.01		0.92199		0.92238		0.85788		0.84848		0.87047		0.85934		0.71602
638		6517.48		0.9216		0.92203		0.85788		0.84848		0.87047		0.85934		0.71602
639		6518.96		0.92128		0.92107		0.86047		0.84925		0.87565		0.86224		0.7213
640		6520.51		0.92122		0.92005		0.86047		0.84577		0.88083		0.86294		0.72158
641		6521.93		0.92073		0.91908		0.85271		0.83333		0.88083		0.85642		0.70661
642		6523.15		0.92139		0.92036		0.86305		0.85		0.88083		0.86514		0.7266
643		6524.47		0.92203		0.92119		0.8708		0.86667		0.87565		0.87113		0.74165
644		6526.2		0.922		0.92039		0.86563		0.86154		0.87047		0.86598		0.73131
645		6527.52		0.92204		0.92151		0.86047		0.85279		0.87047		0.86154		0.7211
646		6528.67		0.92184		0.92208		0.86047		0.84925		0.87565		0.86224		0.7213
647		6529.78		0.92281		0.9235		0.86047		0.84925		0.87565		0.86224		0.7213
648		6531.03		0.9232		0.92453		0.85788		0.845		0.87565		0.86005		0.71626
649		6532.26		0.92367		0.92579		0.85788		0.84158		0.88083		0.86076		0.71657
650		6533.39		0.92359		0.92564		0.85788		0.84158		0.88083		0.86076		0.71657
651		6534.56		0.9232		0.92462		0.85788		0.84158		0.88083		0.86076		0.71657
652		6536.66		0.92255		0.92375		0.86047		0.84925		0.87565		0.86224		0.7213
653		6538.42		0.92215		0.92327		0.84755		0.84896		0.84456		0.84675		0.69509
654		6540.09		0.92171		0.92244		0.85013		0.84974		0.84974		0.84974		0.70026
655		6541.4		0.922		0.92185		0.8553		0.8408		0.87565		0.85787		0.71123
656		6542.71		0.92204		0.92125		0.85271		0.8301		0.88601		0.85714		0.70707
657		6544.16		0.92244		0.92182		0.8553		0.83415		0.88601		0.8593		0.71201
658		6545.76		0.92191		0.9216		0.86047		0.84925		0.87565		0.86224		0.7213
659		6546.93		0.92197		0.9219		0.8553		0.85492		0.85492		0.85492		0.71059
660		6548.33		0.91982		0.91945		0.85013		0.84615		0.85492		0.85052		0.7003
661		6549.63		0.91989		0.91892		0.86047		0.84925		0.87565		0.86224		0.7213
662		6550.75		0.9212		0.92088		0.85788		0.845		0.87565		0.86005		0.71626
663		6552.15		0.92267		0.92302		0.86047		0.84925		0.87565		0.86224		0.7213
664		6553.68		0.92341		0.92389		0.85788		0.845		0.87565		0.86005		0.71626
665		6555.52		0.92426		0.92549		0.86305		0.85		0.88083		0.86514		0.7266
666		6556.67		0.92227		0.92351		0.86305		0.85		0.88083		0.86514		0.7266
667		6558.66		0.92168		0.92339		0.8553		0.85128		0.8601		0.85567		0.71064
668		6559.8		0.92149		0.92318		0.86047		0.85641		0.86528		0.86082		0.72097
669		6561.04		0.92201		0.92309		0.86305		0.85354		0.87565		0.86445		0.72636
670		6562.51		0.92287		0.92401		0.85788		0.84158		0.88083		0.86076		0.71657
671		6563.68		0.92355		0.92499		0.86047		0.84236		0.88601		0.86364		0.72193
672		6564.84		0.92372		0.92538		0.85271		0.84343		0.86528		0.85422		0.70568
673		6565.96		0.92352		0.92545		0.8553		0.84772		0.86528		0.85641		0.71076
674		6567.2		0.92285		0.9253		0.85788		0.85204		0.86528		0.85861		0.71586
675		6568.34		0.92137		0.92337		0.86047		0.85279		0.87047		0.86154		0.7211
676		6569.73		0.92025		0.92232		0.85788		0.85204		0.86528		0.85861		0.71586
677		6571.14		0.92213		0.92452		0.85013		0.84974		0.84974		0.84974		0.70026
678		6572.6		0.9222		0.9235		0.85271		0.85417		0.84974		0.85195		0.70543
679		6574.17		0.92033		0.92064		0.85271		0.8301		0.88601		0.85714		0.70707
680		6575.33		0.9203		0.92068		0.85013		0.81991		0.89637		0.85644		0.70338
681		6576.53		0.92518		0.92806		0.86305		0.86458		0.8601		0.86234		0.7261
682		6577.66		0.92528		0.92936		0.85788		0.86702		0.84456		0.85564		0.71598
683		6580.26		0.91758		0.91921		0.82171		0.76957		0.9171		0.83688		0.65567
684		6581.74		0.90726		0.91338		0.82946		0.89937		0.74093		0.8125		0.66918
685		6583.01		0.90226		0.90134		0.79845		0.74059		0.9171		0.81944		0.61475
686		6584.21		0.86464		0.87538		0.65375		0.95385		0.32124		0.48062		0.40898
687		6585.34		0.86993		0.87539		0.66667		0.60458		0.95855		0.74148		0.41154
688		6586.67		0.89194		0.9029		0.77519		0.88971		0.62694		0.73556		0.57562
689		6587.79		0.8894		0.90473		0.77778		0.92126		0.60622		0.73125		0.59065
690		6588.89		0.89173		0.90667		0.80879		0.78199		0.85492		0.81683		0.62035
691		6590.12		0.88267		0.89465		0.72351		0.65926		0.92228		0.7689		0.48779
692		6591.31		0.87501		0.88312		0.79328		0.77033		0.8342		0.801		0.58866
693		6592.4		0.8612		0.86542		0.76227		0.904		0.58549		0.71069		0.55989
694		6593.57		0.86347		0.86753		0.73385		0.92453		0.50777		0.65552		0.52307
695		6594.73		0.87995		0.88509		0.75711		0.88372		0.59067		0.70807		0.54449
696		6596.54		0.89389		0.90109		0.81654		0.85057		0.76684		0.80654		0.63605
697		6598.21		0.89803		0.90637		0.82687		0.80882		0.85492		0.83123		0.65485
698		6599.37		0.89579		0.90415		0.82429		0.78802		0.88601		0.83415		0.65373
699		6600.81		0.89365		0.90158		0.81912		0.78341		0.88083		0.82927		0.64332
700		6602.58		0.89082		0.89841		0.82171		0.80392		0.84974		0.8262		0.6445
701		6604.43		0.88828		0.8956		0.82429		0.83422		0.80829		0.82105		0.64886
702		6605.88		0.88793		0.89619		0.81395		0.84181		0.77202		0.80541		0.62998
703		6607.42		0.89031		0.90051		0.81912		0.85549		0.76684		0.80874		0.64158
704		6608.74		0.89496		0.90605		0.81137		0.84091		0.76684		0.80217		0.62507
705		6609.98		0.89822		0.90907		0.82171		0.83333		0.80311		0.81794		0.6438
706		6611.13		0.89899		0.90726		0.82429		0.81726		0.8342		0.82564		0.64873
707		6612.2		0.89656		0.90223		0.81654		0.80198		0.83938		0.82025		0.6338
708		6613.49		0.894		0.89849		0.82171		0.81313		0.8342		0.82353		0.64365
709		6615.34		0.89466		0.89829		0.81395		0.82353		0.79793		0.81053		0.62818
710		6616.77		0.89907		0.90315		0.82946		0.85475		0.79275		0.82258		0.66058
711		6618.02		0.90316		0.90672		0.84755		0.86813		0.81865		0.84267		0.69617
712		6619.14		0.90759		0.91127		0.83721		0.84211		0.82902		0.83551		0.67448
713		6620.42		0.90973		0.9144		0.84496		0.84456		0.84456		0.84456		0.68992
714		6621.75		0.91317		0.9198		0.85271		0.85052		0.85492		0.85271		0.70544
715		6623.25		0.9125		0.92101		0.85271		0.85789		0.84456		0.85117		0.7055
716		6624.65		0.9128		0.92249		0.85013		0.86096		0.8342		0.84737		0.70057
717		6626.18		0.91245		0.92277		0.85013		0.86486		0.82902		0.84656		0.70082
718		6628.14		0.9125		0.92211		0.85271		0.8617		0.83938		0.85039		0.70564
719		6629.97		0.91403		0.92225		0.85271		0.85417		0.84974		0.85195		0.70543
720		6631.2		0.91648		0.92333		0.85013		0.86486		0.82902		0.84656		0.70082
721		6632.7		0.91969		0.92546		0.8553		0.87432		0.82902		0.85106		0.7115
722		6634.26		0.92161		0.92721		0.85788		0.86702		0.84456		0.85564		0.71598
723		6635.69		0.92394		0.92908		0.85788		0.85204		0.86528		0.85861		0.71586
724		6637.22		0.92687		0.93185		0.85788		0.85204		0.86528		0.85861		0.71586
725		6638.35		0.92813		0.93318		0.86563		0.86911		0.8601		0.86458		0.7313
726		6639.62		0.92818		0.93326		0.86822		0.86598		0.87047		0.86822		0.73645
727		6640.73		0.92805		0.93308		0.8553		0.86243		0.84456		0.8534		0.71073
728		6641.83		0.9261		0.93137		0.86047		0.87166		0.84456		0.85789		0.72125
729		6642.93		0.92543		0.93047		0.86047		0.87166		0.84456		0.85789		0.72125
730		6644.05		0.92458		0.92955		0.86047		0.87166		0.84456		0.85789		0.72125
731		6645.39		0.92492		0.93014		0.8553		0.86243		0.84456		0.8534		0.71073
732		6646.54		0.92703		0.93147		0.86822		0.86598		0.87047		0.86822		0.73645
733		6647.69		0.93032		0.93397		0.86047		0.84925		0.87565		0.86224		0.7213
AUC improved at epoch  733 ;	best_auc: 0.930318893221516
734		6649.15		0.93238		0.93538		0.8553		0.85492		0.85492		0.85492		0.71059
AUC improved at epoch  734 ;	best_auc: 0.9323754072966188
735		6651.07		0.9316		0.93458		0.86047		0.85641		0.86528		0.86082		0.72097
736		6652.26		0.92904		0.93245		0.86047		0.85279		0.87047		0.86154		0.7211
737		6653.57		0.92762		0.93085		0.85788		0.86702		0.84456		0.85564		0.71598
738		6655.03		0.92354		0.92725		0.86047		0.86387		0.85492		0.85938		0.72096
739		6656.46		0.92394		0.92755		0.86047		0.86387		0.85492		0.85938		0.72096
740		6657.93		0.92564		0.92929		0.85788		0.86702		0.84456		0.85564		0.71598
741		6659.21		0.92666		0.93007		0.86047		0.85279		0.87047		0.86154		0.7211
742		6660.34		0.92759		0.93099		0.86047		0.84925		0.87565		0.86224		0.7213
743		6661.43		0.92901		0.93207		0.86047		0.85641		0.86528		0.86082		0.72097
744		6662.96		0.92813		0.93132		0.86305		0.86842		0.85492		0.86162		0.72617
745		6664.49		0.92621		0.92891		0.85271		0.84694		0.8601		0.85347		0.70552
746		6666.24		0.92615		0.92878		0.8553		0.85492		0.85492		0.85492		0.71059
747		6667.86		0.92722		0.92994		0.8553		0.86631		0.83938		0.85263		0.71091
748		6669.56		0.92727		0.93006		0.8553		0.84772		0.86528		0.85641		0.71076
749		6670.97		0.9287		0.93131		0.85271		0.82692		0.89119		0.85786		0.70761
750		6672.9		0.93007		0.93279		0.84496		0.83085		0.86528		0.84772		0.69054
751		6674.04		0.93008		0.93259		0.84496		0.83756		0.85492		0.84615		0.69008
752		6675.15		0.92893		0.93075		0.83979		0.82915		0.85492		0.84184		0.67994
753		6676.36		0.92759		0.9293		0.84496		0.83085		0.86528		0.84772		0.69054
754		6677.47		0.92663		0.92877		0.83721		0.83163		0.84456		0.83805		0.67451
755		6678.61		0.92634		0.92833		0.83721		0.83163		0.84456		0.83805		0.67451
756		6679.83		0.92602		0.92845		0.83721		0.83163		0.84456		0.83805		0.67451
757		6681.46		0.92687		0.92922		0.84238		0.83		0.8601		0.84478		0.68523
758		6683.06		0.92808		0.93089		0.83979		0.82915		0.85492		0.84184		0.67994
759		6684.17		0.92985		0.93285		0.84496		0.84456		0.84456		0.84456		0.68992
760		6685.36		0.9304		0.93337		0.84496		0.84103		0.84974		0.84536		0.68997
761		6686.56		0.93007		0.93281		0.83721		0.82828		0.84974		0.83887		0.67466
762		6687.83		0.92973		0.93206		0.84496		0.83085		0.86528		0.84772		0.69054
763		6689.07		0.93049		0.93274		0.84238		0.83		0.8601		0.84478		0.68523
764		6690.27		0.93068		0.93301		0.83979		0.82915		0.85492		0.84184		0.67994
765		6691.38		0.9308		0.93312		0.84496		0.84103		0.84974		0.84536		0.68997
766		6692.95		0.93068		0.93284		0.84496		0.84103		0.84974		0.84536		0.68997
767		6694.62		0.93027		0.93204		0.84755		0.84536		0.84974		0.84755		0.6951
768		6696.27		0.93029		0.93182		0.84755		0.84536		0.84974		0.84755		0.6951
769		6697.82		0.93063		0.93213		0.84496		0.84456		0.84456		0.84456		0.68992
770		6699.22		0.93068		0.93237		0.84496		0.84456		0.84456		0.84456		0.68992
771		6700.55		0.9308		0.93237		0.85013		0.8534		0.84456		0.84896		0.70029
772		6701.72		0.93123		0.93283		0.85013		0.8534		0.84456		0.84896		0.70029
773		6702.85		0.93113		0.93273		0.85013		0.84974		0.84974		0.84974		0.70026
774		6704.0		0.93116		0.93291		0.84755		0.84536		0.84974		0.84755		0.6951
775		6705.26		0.93183		0.93372		0.85013		0.84615		0.85492		0.85052		0.7003
776		6706.7		0.93214		0.93427		0.8553		0.85492		0.85492		0.85492		0.71059
777		6708.31		0.93278		0.93495		0.85013		0.84264		0.8601		0.85128		0.70042
AUC improved at epoch  777 ;	best_auc: 0.9327760269216387
778		6709.8		0.93226		0.93437		0.85271		0.84694		0.8601		0.85347		0.70552
779		6711.04		0.93168		0.93382		0.84496		0.83417		0.8601		0.84694		0.69028
780		6712.99		0.93119		0.93335		0.84496		0.83417		0.8601		0.84694		0.69028
781		6714.53		0.93121		0.93346		0.84496		0.83417		0.8601		0.84694		0.69028
782		6715.72		0.93104		0.93331		0.84755		0.83838		0.8601		0.8491		0.69534
783		6716.85		0.93035		0.93288		0.84755		0.84184		0.85492		0.84833		0.69518
784		6718.41		0.92993		0.93268		0.84238		0.84021		0.84456		0.84238		0.68477
785		6720.14		0.929		0.93162		0.84496		0.84103		0.84974		0.84536		0.68997
786		6721.48		0.9287		0.93116		0.84496		0.83417		0.8601		0.84694		0.69028
787		6723.18		0.92793		0.93003		0.84755		0.83168		0.87047		0.85063		0.69588
788		6724.79		0.92845		0.93045		0.84496		0.83417		0.8601		0.84694		0.69028
789		6725.99		0.9286		0.93074		0.85013		0.84264		0.8601		0.85128		0.70042
790		6727.18		0.92952		0.9316		0.85013		0.84974		0.84974		0.84974		0.70026
791		6728.39		0.93005		0.932		0.85271		0.85052		0.85492		0.85271		0.70544
792		6729.63		0.92994		0.93179		0.85013		0.84264		0.8601		0.85128		0.70042
793		6730.82		0.93003		0.93175		0.84755		0.83168		0.87047		0.85063		0.69588
794		6732.25		0.93032		0.93202		0.84755		0.83168		0.87047		0.85063		0.69588
795		6733.73		0.93081		0.93266		0.84755		0.83168		0.87047		0.85063		0.69588
796		6735.49		0.93156		0.93368		0.8553		0.84422		0.87047		0.85714		0.71096
797		6736.61		0.93144		0.93356		0.85271		0.84343		0.86528		0.85422		0.70568
798		6737.75		0.93139		0.93349		0.84755		0.84184		0.85492		0.84833		0.69518
799		6738.86		0.93124		0.93344		0.85013		0.84264		0.8601		0.85128		0.70042
800		6740.17		0.93068		0.93263		0.85013		0.83582		0.87047		0.85279		0.70089
801		6742.17		0.92999		0.93203		0.84496		0.83085		0.86528		0.84772		0.69054
802		6743.26		0.92946		0.93151		0.84496		0.83085		0.86528		0.84772		0.69054
803		6744.36		0.92933		0.93116		0.84496		0.83085		0.86528		0.84772		0.69054
804		6745.45		0.92966		0.93141		0.85013		0.84264		0.8601		0.85128		0.70042
805		6746.67		0.92973		0.93136		0.85013		0.84974		0.84974		0.84974		0.70026
806		6748.31		0.92962		0.9313		0.85013		0.84974		0.84974		0.84974		0.70026
807		6749.77		0.92996		0.93162		0.85013		0.84974		0.84974		0.84974		0.70026
808		6751.21		0.93031		0.93206		0.85271		0.85417		0.84974		0.85195		0.70543
809		6752.96		0.92994		0.93159		0.85788		0.85567		0.8601		0.85788		0.71577
810		6754.77		0.9297		0.93151		0.8553		0.85128		0.8601		0.85567		0.71064
811		6756.01		0.92988		0.93172		0.85271		0.84694		0.8601		0.85347		0.70552
812		6757.13		0.92976		0.93154		0.85013		0.84615		0.85492		0.85052		0.7003
813		6758.6		0.92924		0.9311		0.85013		0.84615		0.85492		0.85052		0.7003
814		6760.31		0.92922		0.93109		0.84755		0.84184		0.85492		0.84833		0.69518
815		6762.45		0.92892		0.93084		0.84496		0.83756		0.85492		0.84615		0.69008
816		6763.79		0.92877		0.93072		0.84496		0.83756		0.85492		0.84615		0.69008
817		6764.99		0.92857		0.93064		0.84496		0.83756		0.85492		0.84615		0.69008
818		6766.13		0.92869		0.93077		0.84496		0.83756		0.85492		0.84615		0.69008
819		6767.34		0.92856		0.93036		0.84496		0.83756		0.85492		0.84615		0.69008
820		6768.48		0.92861		0.93018		0.84496		0.83756		0.85492		0.84615		0.69008
821		6769.63		0.9288		0.93017		0.84755		0.84184		0.85492		0.84833		0.69518
822		6770.73		0.92906		0.93025		0.84755		0.84184		0.85492		0.84833		0.69518
823		6771.97		0.92921		0.93038		0.84755		0.84184		0.85492		0.84833		0.69518
824		6773.17		0.92945		0.93083		0.84755		0.84536		0.84974		0.84755		0.6951
825		6775.16		0.92988		0.93133		0.84755		0.84896		0.84456		0.84675		0.69509
826		6776.46		0.9304		0.93184		0.85013		0.84974		0.84974		0.84974		0.70026
827		6777.62		0.9304		0.9317		0.84755		0.84536		0.84974		0.84755		0.6951
828		6778.86		0.93089		0.93237		0.85013		0.84615		0.85492		0.85052		0.7003
829		6779.94		0.93136		0.93309		0.85271		0.84694		0.8601		0.85347		0.70552
830		6781.21		0.93163		0.93327		0.85013		0.84264		0.8601		0.85128		0.70042
831		6783.37		0.93155		0.93294		0.84755		0.83838		0.8601		0.8491		0.69534
832		6785.14		0.93133		0.93284		0.85271		0.84343		0.86528		0.85422		0.70568
833		6786.39		0.93109		0.93273		0.85013		0.84264		0.8601		0.85128		0.70042
834		6787.54		0.93057		0.9321		0.85013		0.84264		0.8601		0.85128		0.70042
835		6788.65		0.93032		0.93201		0.85013		0.84264		0.8601		0.85128		0.70042
836		6789.87		0.92948		0.93128		0.85013		0.84264		0.8601		0.85128		0.70042
837		6791.09		0.92937		0.93085		0.85271		0.84343		0.86528		0.85422		0.70568
838		6792.26		0.92936		0.93074		0.85013		0.84264		0.8601		0.85128		0.70042
839		6793.74		0.92944		0.93076		0.85013		0.84264		0.8601		0.85128		0.70042
840		6795.29		0.93008		0.93131		0.85271		0.84694		0.8601		0.85347		0.70552
841		6796.9		0.93113		0.9325		0.8553		0.85128		0.8601		0.85567		0.71064
842		6798.07		0.93159		0.93327		0.8553		0.85128		0.8601		0.85567		0.71064
843		6799.7		0.93175		0.9335		0.8553		0.85128		0.8601		0.85567		0.71064
844		6801.09		0.93159		0.93336		0.8553		0.84772		0.86528		0.85641		0.71076
845		6802.75		0.93101		0.93314		0.85271		0.84343		0.86528		0.85422		0.70568
846		6804.86		0.93065		0.93238		0.84755		0.835		0.86528		0.84987		0.69557
847		6806.0		0.9302		0.93186		0.85013		0.8392		0.86528		0.85204		0.70062
848		6807.13		0.9292		0.93076		0.84755		0.83838		0.8601		0.8491		0.69534
849		6808.32		0.92898		0.93074		0.84755		0.83838		0.8601		0.8491		0.69534
850		6810.19		0.92957		0.93154		0.85013		0.84615		0.85492		0.85052		0.7003
851		6811.67		0.92949		0.93168		0.85013		0.84615		0.85492		0.85052		0.7003
852		6812.81		0.93001		0.93208		0.84755		0.84184		0.85492		0.84833		0.69518
853		6813.95		0.93059		0.93278		0.84496		0.83756		0.85492		0.84615		0.69008
854		6815.23		0.93108		0.93333		0.84755		0.83838		0.8601		0.8491		0.69534
855		6816.49		0.93132		0.93353		0.85013		0.8392		0.86528		0.85204		0.70062
856		6817.69		0.93125		0.93334		0.85013		0.8392		0.86528		0.85204		0.70062
857		6818.81		0.93139		0.93335		0.85013		0.8392		0.86528		0.85204		0.70062
858		6820.04		0.93228		0.93444		0.84755		0.83838		0.8601		0.8491		0.69534
859		6821.17		0.93238		0.9343		0.84496		0.83756		0.85492		0.84615		0.69008
860		6822.28		0.93294		0.93471		0.84755		0.84184		0.85492		0.84833		0.69518
AUC improved at epoch  860 ;	best_auc: 0.9329362747716469
861		6823.47		0.93258		0.93441		0.84755		0.84184		0.85492		0.84833		0.69518
862		6824.68		0.932		0.93383		0.85271		0.84343		0.86528		0.85422		0.70568
863		6826.35		0.93129		0.93302		0.85013		0.8392		0.86528		0.85204		0.70062
864		6827.81		0.93087		0.93265		0.85013		0.8392		0.86528		0.85204		0.70062
865		6829.5		0.93023		0.932		0.85013		0.8392		0.86528		0.85204		0.70062
866		6831.2		0.92965		0.93134		0.84496		0.83417		0.8601		0.84694		0.69028
867		6832.61		0.92941		0.93121		0.84496		0.83417		0.8601		0.84694		0.69028
868		6834.25		0.92901		0.93076		0.84755		0.83838		0.8601		0.8491		0.69534
869		6835.94		0.92872		0.93057		0.85013		0.84615		0.85492		0.85052		0.7003
870		6837.45		0.92901		0.93096		0.85271		0.85052		0.85492		0.85271		0.70544
871		6839.18		0.92888		0.9308		0.85013		0.84974		0.84974		0.84974		0.70026
872		6840.72		0.92846		0.93047		0.85013		0.84615		0.85492		0.85052		0.7003
873		6841.84		0.928		0.93031		0.85013		0.84264		0.8601		0.85128		0.70042
874		6842.94		0.92796		0.93049		0.85013		0.8392		0.86528		0.85204		0.70062
875		6844.14		0.92789		0.93033		0.84755		0.835		0.86528		0.84987		0.69557
876		6845.3		0.92824		0.93072		0.84755		0.835		0.86528		0.84987		0.69557
877		6846.41		0.92865		0.93114		0.84496		0.83085		0.86528		0.84772		0.69054
878		6847.54		0.92938		0.93154		0.84755		0.83838		0.8601		0.8491		0.69534
879		6848.64		0.92994		0.93202		0.84496		0.83756		0.85492		0.84615		0.69008
880		6849.89		0.93021		0.93219		0.85013		0.84264		0.8601		0.85128		0.70042
881		6851.83		0.93065		0.93258		0.85013		0.84264		0.8601		0.85128		0.70042
882		6852.92		0.93111		0.93302		0.85013		0.84264		0.8601		0.85128		0.70042
883		6854.02		0.93099		0.93285		0.85271		0.84343		0.86528		0.85422		0.70568
884		6855.35		0.93117		0.93319		0.85271		0.84343		0.86528		0.85422		0.70568
885		6856.99		0.93108		0.93321		0.85271		0.84343		0.86528		0.85422		0.70568
886		6858.38		0.93061		0.9327		0.85271		0.84343		0.86528		0.85422		0.70568
887		6859.93		0.92981		0.93194		0.85013		0.8392		0.86528		0.85204		0.70062
888		6861.11		0.92924		0.93117		0.84755		0.83838		0.8601		0.8491		0.69534
889		6862.41		0.9284		0.93037		0.85013		0.84264		0.8601		0.85128		0.70042
890		6863.83		0.92818		0.93019		0.85271		0.84694		0.8601		0.85347		0.70552
891		6865.43		0.92814		0.93001		0.85013		0.84264		0.8601		0.85128		0.70042
892		6866.88		0.92806		0.92984		0.85013		0.84264		0.8601		0.85128		0.70042
893		6868.47		0.92821		0.92973		0.85271		0.84694		0.8601		0.85347		0.70552
894		6869.84		0.92857		0.93014		0.85271		0.84694		0.8601		0.85347		0.70552
895		6870.95		0.92909		0.93055		0.85271		0.84694		0.8601		0.85347		0.70552
896		6872.65		0.92945		0.93097		0.85013		0.84264		0.8601		0.85128		0.70042
897		6874.08		0.92942		0.93093		0.85013		0.8392		0.86528		0.85204		0.70062
898		6875.34		0.92958		0.93125		0.85013		0.8392		0.86528		0.85204		0.70062
899		6876.59		0.93004		0.9318		0.85013		0.8392		0.86528		0.85204		0.70062
900		6878.3		0.93028		0.93216		0.85013		0.8392		0.86528		0.85204		0.70062
901		6879.83		0.93032		0.9323		0.85271		0.84343		0.86528		0.85422		0.70568
902		6881.12		0.93037		0.93235		0.85013		0.8392		0.86528		0.85204		0.70062
903		6882.3		0.93016		0.93222		0.85013		0.8392		0.86528		0.85204		0.70062
904		6883.57		0.93032		0.93225		0.85013		0.8392		0.86528		0.85204		0.70062
905		6884.99		0.93053		0.93236		0.85013		0.8392		0.86528		0.85204		0.70062
906		6886.61		0.93032		0.93209		0.84755		0.835		0.86528		0.84987		0.69557
907		6888.29		0.93009		0.93188		0.84755		0.835		0.86528		0.84987		0.69557
908		6889.67		0.92999		0.9317		0.84755		0.835		0.86528		0.84987		0.69557
909		6891.06		0.93008		0.93201		0.84755		0.835		0.86528		0.84987		0.69557
910		6892.35		0.93031		0.9323		0.84496		0.83417		0.8601		0.84694		0.69028
911		6894.53		0.93048		0.93248		0.84755		0.83838		0.8601		0.8491		0.69534
912		6896.12		0.93064		0.93253		0.84755		0.83838		0.8601		0.8491		0.69534
913		6897.82		0.93043		0.93245		0.84755		0.83838		0.8601		0.8491		0.69534
914		6899.11		0.93016		0.93225		0.84755		0.835		0.86528		0.84987		0.69557
915		6900.59		0.92965		0.93163		0.84496		0.83417		0.8601		0.84694		0.69028
916		6901.86		0.92934		0.93135		0.84496		0.83417		0.8601		0.84694		0.69028
917		6903.21		0.92932		0.93142		0.84496		0.83417		0.8601		0.84694		0.69028
918		6904.54		0.92936		0.93136		0.84238		0.83333		0.85492		0.84399		0.685
919		6905.81		0.92974		0.93182		0.84238		0.83333		0.85492		0.84399		0.685
920		6907.12		0.92989		0.93209		0.83979		0.8359		0.84456		0.84021		0.67963
921		6908.29		0.93007		0.93223		0.83979		0.8359		0.84456		0.84021		0.67963
922		6909.41		0.93008		0.93238		0.84496		0.84103		0.84974		0.84536		0.68997
923		6910.72		0.93056		0.9327		0.84496		0.84103		0.84974		0.84536		0.68997
924		6912.03		0.93063		0.93272		0.84496		0.84103		0.84974		0.84536		0.68997
925		6913.35		0.93061		0.93265		0.84496		0.84103		0.84974		0.84536		0.68997
926		6915.08		0.93056		0.93266		0.84496		0.84103		0.84974		0.84536		0.68997
927		6917.19		0.93059		0.93277		0.84496		0.84103		0.84974		0.84536		0.68997
928		6918.63		0.93084		0.93299		0.84496		0.84103		0.84974		0.84536		0.68997
929		6919.93		0.93017		0.93248		0.84496		0.84456		0.84456		0.84456		0.68992
930		6921.38		0.93004		0.93233		0.84238		0.84021		0.84456		0.84238		0.68477
931		6922.95		0.93		0.93227		0.84755		0.84184		0.85492		0.84833		0.69518
932		6924.6		0.92982		0.93214		0.84755		0.84184		0.85492		0.84833		0.69518
933		6926.24		0.92956		0.93188		0.84496		0.83417		0.8601		0.84694		0.69028
934		6928.1		0.9293		0.93157		0.84496		0.83417		0.8601		0.84694		0.69028
935		6929.37		0.92921		0.93139		0.84496		0.83417		0.8601		0.84694		0.69028
936		6930.66		0.92944		0.93149		0.84755		0.835		0.86528		0.84987		0.69557
937		6931.77		0.92946		0.93165		0.85013		0.8392		0.86528		0.85204		0.70062
938		6932.96		0.92948		0.93174		0.85271		0.84343		0.86528		0.85422		0.70568
939		6934.1		0.92946		0.93178		0.85271		0.84694		0.8601		0.85347		0.70552
940		6935.21		0.92962		0.93178		0.85013		0.84615		0.85492		0.85052		0.7003
941		6936.52		0.92961		0.93168		0.85013		0.84615		0.85492		0.85052		0.7003
942		6937.67		0.92958		0.9317		0.85271		0.84694		0.8601		0.85347		0.70552
943		6939.21		0.9297		0.93179		0.85271		0.84694		0.8601		0.85347		0.70552
944		6940.9		0.92994		0.93185		0.85271		0.84694		0.8601		0.85347		0.70552
945		6942.65		0.93016		0.93207		0.85013		0.84264		0.8601		0.85128		0.70042
946		6944.18		0.92996		0.93203		0.8553		0.84772		0.86528		0.85641		0.71076
947		6945.37		0.93012		0.93251		0.8553		0.84772		0.86528		0.85641		0.71076
948		6946.52		0.93021		0.93258		0.85013		0.84615		0.85492		0.85052		0.7003
949		6947.65		0.93055		0.93308		0.85013		0.84974		0.84974		0.84974		0.70026
950		6948.9		0.93053		0.93321		0.84755		0.84536		0.84974		0.84755		0.6951
951		6950.04		0.92974		0.93247		0.84755		0.84184		0.85492		0.84833		0.69518
952		6951.32		0.92921		0.93194		0.84496		0.83756		0.85492		0.84615		0.69008
953		6952.87		0.9285		0.93125		0.84755		0.83838		0.8601		0.8491		0.69534
954		6954.53		0.9281		0.93067		0.84755		0.83838		0.8601		0.8491		0.69534
955		6955.71		0.92806		0.9305		0.84755		0.83838		0.8601		0.8491		0.69534
956		6956.86		0.92862		0.93101		0.84755		0.84184		0.85492		0.84833		0.69518
957		6958.01		0.92912		0.93151		0.84496		0.84103		0.84974		0.84536		0.68997
958		6959.11		0.92938		0.93171		0.84755		0.84184		0.85492		0.84833		0.69518
959		6961.18		0.9295		0.93172		0.84755		0.84184		0.85492		0.84833		0.69518
960		6962.33		0.92999		0.93213		0.84496		0.83756		0.85492		0.84615		0.69008
961		6963.49		0.92997		0.93212		0.84496		0.83756		0.85492		0.84615		0.69008
962		6964.6		0.92992		0.93191		0.84238		0.83673		0.84974		0.84319		0.68485
963		6965.91		0.92964		0.93171		0.84238		0.83673		0.84974		0.84319		0.68485
964		6967.54		0.92961		0.93187		0.84496		0.83756		0.85492		0.84615		0.69008
965		6968.92		0.92933		0.93162		0.84755		0.83838		0.8601		0.8491		0.69534
966		6970.48		0.92893		0.93128		0.84755		0.83838		0.8601		0.8491		0.69534
967		6972.2		0.92846		0.93089		0.84755		0.83838		0.8601		0.8491		0.69534
968		6974.01		0.92838		0.93075		0.84496		0.83417		0.8601		0.84694		0.69028
969		6975.16		0.92844		0.93082		0.83979		0.82915		0.85492		0.84184		0.67994
970		6976.29		0.92841		0.93091		0.84238		0.83333		0.85492		0.84399		0.685
971		6977.57		0.92856		0.93079		0.84496		0.83756		0.85492		0.84615		0.69008
972		6979.03		0.92878		0.93093		0.84755		0.84184		0.85492		0.84833		0.69518
973		6980.53		0.92884		0.93066		0.84755		0.84184		0.85492		0.84833		0.69518
974		6982.03		0.92901		0.93086		0.85271		0.85052		0.85492		0.85271		0.70544
975		6983.79		0.9289		0.93053		0.84755		0.84184		0.85492		0.84833		0.69518
976		6984.94		0.92906		0.93052		0.84755		0.84184		0.85492		0.84833		0.69518
977		6986.15		0.92901		0.93055		0.84755		0.84184		0.85492		0.84833		0.69518
978		6987.26		0.92917		0.93072		0.85013		0.84615		0.85492		0.85052		0.7003
979		6988.45		0.92933		0.93089		0.85271		0.84694		0.8601		0.85347		0.70552
980		6989.62		0.9296		0.93112		0.85271		0.84694		0.8601		0.85347		0.70552
981		6990.96		0.92976		0.93128		0.85271		0.84694		0.8601		0.85347		0.70552
982		6992.06		0.9297		0.93123		0.85271		0.84694		0.8601		0.85347		0.70552
983		6993.16		0.92984		0.93142		0.85788		0.85204		0.86528		0.85861		0.71586
984		6994.29		0.92994		0.93146		0.8553		0.85128		0.8601		0.85567		0.71064
985		6995.77		0.92992		0.93163		0.85271		0.85052		0.85492		0.85271		0.70544
986		6997.41		0.92989		0.93149		0.85271		0.85052		0.85492		0.85271		0.70544
987		6998.76		0.92952		0.93114		0.8553		0.85128		0.8601		0.85567		0.71064
988		6999.89		0.9293		0.93084		0.85271		0.84694		0.8601		0.85347		0.70552
989		7001.01		0.9294		0.93084		0.85271		0.84694		0.8601		0.85347		0.70552
990		7002.24		0.92949		0.93094		0.85271		0.84694		0.8601		0.85347		0.70552
991		7003.83		0.92942		0.93116		0.85271		0.84694		0.8601		0.85347		0.70552
992		7005.98		0.9292		0.93107		0.85013		0.84615		0.85492		0.85052		0.7003
993		7007.52		0.92929		0.93138		0.84755		0.84184		0.85492		0.84833		0.69518
994		7008.87		0.92908		0.93142		0.85271		0.85052		0.85492		0.85271		0.70544
995		7010.07		0.92921		0.93154		0.85013		0.84974		0.84974		0.84974		0.70026
996		7011.35		0.9295		0.93171		0.85013		0.84615		0.85492		0.85052		0.7003
997		7012.52		0.92952		0.93178		0.84755		0.84184		0.85492		0.84833		0.69518
998		7013.75		0.92952		0.93182		0.84755		0.84184		0.85492		0.84833		0.69518
999		7014.87		0.92952		0.93193		0.85013		0.84615		0.85492		0.85052		0.7003
1000		7015.99		0.92965		0.93205		0.85013		0.84615		0.85492		0.85052		0.7003
fold: 5
Epoch		Time		AUC		AUPR		Accuracy		Precision		Recall		F1-score		Mcc
1		7018.09		0.79243		0.78732		0.65116		0.59667		0.92746		0.72617		0.36381
AUC improved at epoch  1 ;	best_auc: 0.7924256182896213
2		7019.83		0.80314		0.80031		0.73385		0.73936		0.72021		0.72966		0.46782
AUC improved at epoch  2 ;	best_auc: 0.8031355162651567
3		7021.42		0.8022		0.79963		0.72351		0.74432		0.67876		0.71003		0.44863
4		7023.28		0.79998		0.79703		0.72093		0.74011		0.67876		0.70811		0.44326
5		7024.55		0.7979		0.79522		0.7261		0.75145		0.67358		0.71038		0.45448
6		7025.76		0.79523		0.79336		0.72093		0.75148		0.65803		0.70166		0.44512
7		7027.08		0.79339		0.79205		0.70801		0.71978		0.67876		0.69867		0.4166
8		7028.87		0.79106		0.78532		0.70801		0.71053		0.69948		0.70496		0.41604
9		7030.75		0.78919		0.7768		0.69767		0.69388		0.70466		0.69923		0.39542
10		7032.06		0.78756		0.77403		0.70284		0.69697		0.71503		0.70588		0.40586
11		7033.27		0.78855		0.77102		0.70284		0.6875		0.74093		0.71322		0.40702
12		7034.45		0.78989		0.76762		0.70543		0.68545		0.75648		0.71921		0.41322
13		7035.58		0.79419		0.76786		0.71576		0.69124		0.7772		0.73171		0.43506
14		7036.77		0.80255		0.7774		0.71576		0.69856		0.75648		0.72637		0.43312
15		7037.86		0.80792		0.78179		0.73643		0.70588		0.80829		0.75362		0.47809
AUC improved at epoch  15 ;	best_auc: 0.8079162437903957
16		7039.01		0.80519		0.78197		0.73902		0.73		0.75648		0.743		0.47839
17		7040.1		0.80225		0.77369		0.72868		0.67054		0.89637		0.76718		0.48602
18		7041.3		0.8038		0.77795		0.73385		0.70833		0.79275		0.74817		0.4712
19		7042.4		0.80896		0.78399		0.7416		0.73134		0.76166		0.74619		0.48367
AUC improved at epoch  19 ;	best_auc: 0.808957854815448
20		7043.54		0.81067		0.78393		0.7416		0.70306		0.8342		0.76303		0.49203
AUC improved at epoch  20 ;	best_auc: 0.8106671652155333
21		7044.97		0.81088		0.78385		0.73902		0.68548		0.88083		0.77098		0.49897
AUC improved at epoch  21 ;	best_auc: 0.810880829015544
22		7046.67		0.81272		0.7868		0.74419		0.70614		0.8342		0.76485		0.49679
AUC improved at epoch  22 ;	best_auc: 0.8127236792906363
23		7048.01		0.81489		0.79005		0.72868		0.71569		0.75648		0.73552		0.45818
AUC improved at epoch  23 ;	best_auc: 0.8148870252657443
24		7049.64		0.81644		0.79226		0.72868		0.71782		0.7513		0.73418		0.45792
AUC improved at epoch  24 ;	best_auc: 0.8164360878158218
25		7051.07		0.81582		0.79		0.74935		0.71429		0.82902		0.76739		0.50544
26		7052.51		0.81553		0.79351		0.74935		0.69512		0.88601		0.77904		0.51887
27		7054.41		0.81545		0.79337		0.74677		0.70563		0.84456		0.76887		0.50359
28		7056.25		0.81545		0.793		0.73643		0.71564		0.78238		0.74752		0.47505
29		7057.79		0.81606		0.79379		0.73902		0.7233		0.77202		0.74687		0.47921
30		7059.1		0.81563		0.79238		0.74419		0.7156		0.80829		0.75912		0.49267
31		7060.49		0.81526		0.79142		0.74935		0.70513		0.85492		0.77283		0.51056
32		7061.89		0.81534		0.79348		0.74677		0.70925		0.8342		0.76667		0.50156
33		7063.07		0.81553		0.79176		0.7416		0.72464		0.7772		0.75		0.48457
34		7064.38		0.81523		0.79346		0.74419		0.73039		0.77202		0.75063		0.48923
35		7065.82		0.81726		0.79853		0.74935		0.71818		0.81865		0.76513		0.50381
AUC improved at epoch  35 ;	best_auc: 0.8172640350408633
36		7068.14		0.81911		0.80138		0.73902		0.69658		0.84456		0.76347		0.48942
AUC improved at epoch  36 ;	best_auc: 0.8191068853159553
37		7070.11		0.821		0.8053		0.74677		0.71689		0.81347		0.76214		0.49823
AUC improved at epoch  37 ;	best_auc: 0.8210031515410502
38		7071.9		0.82196		0.80719		0.7416		0.73604		0.7513		0.74359		0.48333
AUC improved at epoch  38 ;	best_auc: 0.8219646386410981
39		7073.68		0.82245		0.80749		0.7416		0.73604		0.7513		0.74359		0.48333
AUC improved at epoch  39 ;	best_auc: 0.8224453821911222
40		7074.92		0.82343		0.80815		0.75194		0.72558		0.80829		0.76471		0.50731
AUC improved at epoch  40 ;	best_auc: 0.8234335772661716
41		7076.34		0.82442		0.80985		0.74419		0.70614		0.8342		0.76485		0.49679
AUC improved at epoch  41 ;	best_auc: 0.824421772341221
42		7077.48		0.82474		0.81111		0.75969		0.73364		0.81347		0.7715		0.5226
AUC improved at epoch  42 ;	best_auc: 0.8247422680412371
43		7078.72		0.82423		0.81176		0.74677		0.73632		0.76684		0.75127		0.49401
44		7080.4		0.82592		0.81397		0.75452		0.7402		0.78238		0.76071		0.50994
AUC improved at epoch  44 ;	best_auc: 0.8259174189412958
45		7082.21		0.82731		0.81576		0.74935		0.71429		0.82902		0.76739		0.50544
AUC improved at epoch  45 ;	best_auc: 0.8273062336413654
46		7083.46		0.82789		0.81769		0.75452		0.72072		0.82902		0.77108		0.51504
AUC improved at epoch  46 ;	best_auc: 0.8278938090913947
47		7084.71		0.82701		0.81838		0.75711		0.73913		0.79275		0.765		0.51565
48		7085.94		0.82669		0.8187		0.74935		0.73301		0.78238		0.75689		0.49992
49		7087.32		0.82952		0.82171		0.75711		0.72		0.83938		0.77512		0.52159
AUC improved at epoch  49 ;	best_auc: 0.8295229955664761
50		7088.58		0.83153		0.82409		0.75969		0.72321		0.83938		0.77698		0.52637
AUC improved at epoch  50 ;	best_auc: 0.8315260936915763
51		7089.82		0.83318		0.82591		0.74677		0.72093		0.80311		0.7598		0.49691
AUC improved at epoch  51 ;	best_auc: 0.8331819881416591
52		7091.11		0.83468		0.82746		0.74935		0.72857		0.79275		0.75931		0.50075
AUC improved at epoch  52 ;	best_auc: 0.8346776347417338
53		7093.2		0.83575		0.82905		0.74419		0.71759		0.80311		0.75795		0.49201
AUC improved at epoch  53 ;	best_auc: 0.8357459537417873
54		7094.46		0.837		0.83052		0.75452		0.72072		0.82902		0.77108		0.51504
AUC improved at epoch  54 ;	best_auc: 0.83700122856685
55		7095.77		0.83676		0.83067		0.75452		0.72477		0.81865		0.76886		0.51351
56		7097.05		0.83719		0.8321		0.75194		0.72986		0.79793		0.76238		0.50619
AUC improved at epoch  56 ;	best_auc: 0.8371881843918595
57		7098.88		0.84019		0.83567		0.75452		0.73113		0.80311		0.76543		0.51164
AUC improved at epoch  57 ;	best_auc: 0.8401928315795095
58		7100.45		0.84306		0.83871		0.75452		0.71875		0.8342		0.77218		0.5159
AUC improved at epoch  58 ;	best_auc: 0.8430639388921533
59		7101.65		0.84437		0.8404		0.75711		0.73023		0.81347		0.76961		0.51771
AUC improved at epoch  59 ;	best_auc: 0.8443726296672186
60		7102.79		0.84392		0.8414		0.76486		0.75758		0.7772		0.76726		0.52992
61		7104.06		0.84897		0.84673		0.76227		0.73934		0.80829		0.77228		0.52694
AUC improved at epoch  61 ;	best_auc: 0.8489664013674483
62		7105.33		0.85081		0.84965		0.75452		0.72273		0.82383		0.76998		0.51424
AUC improved at epoch  62 ;	best_auc: 0.8508092516425405
63		7106.75		0.85105		0.84935		0.76744		0.75369		0.79275		0.77273		0.53566
AUC improved at epoch  63 ;	best_auc: 0.8510496234175525
64		7108.42		0.85142		0.8507		0.75969		0.7551		0.76684		0.76093		0.51946
AUC improved at epoch  64 ;	best_auc: 0.8514235350675712
65		7109.79		0.85762		0.85875		0.77003		0.73423		0.84456		0.78554		0.54639
AUC improved at epoch  65 ;	best_auc: 0.8576197852678811
66		7111.38		0.85914		0.86173		0.77261		0.73973		0.83938		0.78641		0.55036
AUC improved at epoch  66 ;	best_auc: 0.8591421398429571
67		7112.78		0.85799		0.85982		0.75711		0.7619		0.74611		0.75393		0.51429
68		7114.55		0.86085		0.86046		0.78036		0.74107		0.8601		0.79616		0.56824
AUC improved at epoch  68 ;	best_auc: 0.8608514502430427
69		7116.58		0.86764		0.87183		0.77519		0.75481		0.81347		0.78304		0.55214
AUC improved at epoch  69 ;	best_auc: 0.8676352758933817
70		7118.12		0.86905		0.87302		0.77003		0.75743		0.79275		0.77468		0.54069
AUC improved at epoch  70 ;	best_auc: 0.8690507985684526
71		7119.5		0.86723		0.8677		0.78811		0.75576		0.84974		0.8		0.58084
72		7120.68		0.86796		0.86955		0.78295		0.76847		0.80829		0.78788		0.5667
73		7121.79		0.8764		0.88101		0.77261		0.74419		0.82902		0.78431		0.54891
AUC improved at epoch  73 ;	best_auc: 0.8763954916938197
74		7122.93		0.87939		0.88351		0.77778		0.75117		0.82902		0.78818		0.55866
AUC improved at epoch  74 ;	best_auc: 0.8793867848939694
75		7124.31		0.87848		0.88046		0.79328		0.77033		0.8342		0.801		0.58866
76		7125.93		0.88147		0.88549		0.77778		0.76884		0.79275		0.78061		0.55586
AUC improved at epoch  76 ;	best_auc: 0.8814700069440735
77		7127.54		0.88521		0.89077		0.78295		0.74222		0.86528		0.79904		0.57397
AUC improved at epoch  77 ;	best_auc: 0.8852091234442604
78		7129.09		0.88534		0.88982		0.7907		0.77184		0.82383		0.79699		0.58278
AUC improved at epoch  78 ;	best_auc: 0.8853426633192671
79		7130.42		0.89028		0.89439		0.79587		0.7767		0.82902		0.80201		0.59314
AUC improved at epoch  79 ;	best_auc: 0.8902836386945141
80		7131.89		0.89426		0.89982		0.78295		0.76329		0.81865		0.79		0.56746
AUC improved at epoch  80 ;	best_auc: 0.8942631269697132
81		7133.54		0.89659		0.90184		0.78036		0.74771		0.84456		0.79319		0.5656
AUC improved at epoch  81 ;	best_auc: 0.8965867207948294
82		7135.42		0.89442		0.8972		0.79328		0.78392		0.80829		0.79592		0.58688
83		7137.16		0.89886		0.90278		0.79328		0.77295		0.82902		0.8		0.58818
AUC improved at epoch  83 ;	best_auc: 0.8988568986699428
84		7138.55		0.90372		0.90792		0.80103		0.76852		0.8601		0.81174		0.60648
AUC improved at epoch  84 ;	best_auc: 0.9037177501201858
85		7139.85		0.90011		0.90421		0.80362		0.83815		0.7513		0.79235		0.6104
86		7141.08		0.905		0.90851		0.78811		0.71595		0.95337		0.81778		0.61091
AUC improved at epoch  86 ;	best_auc: 0.9049997329202499
87		7142.49		0.90134		0.9077		0.8062		0.83523		0.76166		0.79675		0.61469
88		7143.81		0.90388		0.90901		0.79587		0.8314		0.74093		0.78356		0.59513
89		7144.94		0.90337		0.90945		0.79328		0.75799		0.8601		0.80583		0.59207
90		7146.07		0.90449		0.91092		0.79328		0.74043		0.90155		0.81308		0.60111
91		7147.27		0.90516		0.91178		0.79845		0.78607		0.81865		0.80203		0.59745
AUC improved at epoch  91 ;	best_auc: 0.905159980770258
92		7148.48		0.90415		0.91181		0.80879		0.82873		0.7772		0.80214		0.6187
93		7149.81		0.90943		0.91566		0.80879		0.80829		0.80829		0.80829		0.61757
AUC improved at epoch  93 ;	best_auc: 0.9094332567704716
94		7151.01		0.91149		0.91651		0.8062		0.78922		0.8342		0.81108		0.61345
AUC improved at epoch  94 ;	best_auc: 0.9114897708455745
95		7152.41		0.91053		0.91648		0.79587		0.7767		0.82902		0.80201		0.59314
96		7154.24		0.91483		0.92192		0.80362		0.78818		0.82902		0.80808		0.6081
AUC improved at epoch  96 ;	best_auc: 0.9148282677207413
97		7156.1		0.91226		0.92031		0.80879		0.79024		0.83938		0.81407		0.61882
98		7157.68		0.90949		0.91736		0.80879		0.7931		0.8342		0.81313		0.61845
99		7158.95		0.91074		0.91723		0.82946		0.8191		0.84456		0.83163		0.65926
100		7160.34		0.91339		0.92136		0.81654		0.79902		0.84456		0.82116		0.63415
101		7162.0		0.91411		0.92318		0.82171		0.82632		0.81347		0.81984		0.64347
102		7163.67		0.91737		0.92672		0.82687		0.82812		0.82383		0.82597		0.65375
AUC improved at epoch  102 ;	best_auc: 0.9173655253458682
103		7165.2		0.91878		0.92788		0.83463		0.8209		0.85492		0.83756		0.66986
AUC improved at epoch  103 ;	best_auc: 0.918781048020939
104		7166.72		0.91942		0.9272		0.83463		0.8342		0.8342		0.8342		0.66925
AUC improved at epoch  104 ;	best_auc: 0.9194220394209711
105		7168.21		0.92343		0.93192		0.83204		0.81068		0.86528		0.83709		0.66564
AUC improved at epoch  105 ;	best_auc: 0.9234282356711716
106		7169.85		0.92378		0.93332		0.83204		0.8299		0.8342		0.83204		0.66409
AUC improved at epoch  106 ;	best_auc: 0.9237754393461888
107		7171.02		0.92201		0.93216		0.84496		0.85185		0.8342		0.84293		0.69005
108		7172.17		0.92175		0.93233		0.82946		0.80676		0.86528		0.835		0.66071
109		7173.31		0.92586		0.93513		0.84755		0.84184		0.85492		0.84833		0.69518
AUC improved at epoch  109 ;	best_auc: 0.925858661396293
110		7174.63		0.9257		0.93454		0.85013		0.86096		0.8342		0.84737		0.70057
111		7176.58		0.92468		0.93402		0.82946		0.80976		0.8601		0.83417		0.66024
112		7177.8		0.92364		0.93307		0.83721		0.81863		0.86528		0.84131		0.67556
113		7178.91		0.92458		0.93415		0.84755		0.85638		0.8342		0.84514		0.6953
114		7180.69		0.92663		0.93563		0.85788		0.845		0.87565		0.86005		0.71626
AUC improved at epoch  114 ;	best_auc: 0.9266331926713316
115		7182.33		0.92981		0.93786		0.85271		0.83663		0.87565		0.8557		0.70622
AUC improved at epoch  115 ;	best_auc: 0.9298114416964907
116		7183.69		0.93192		0.93947		0.8553		0.86243		0.84456		0.8534		0.71073
AUC improved at epoch  116 ;	best_auc: 0.9319213717215961
117		7185.1		0.93056		0.93895		0.84496		0.83085		0.86528		0.84772		0.69054
118		7186.33		0.93048		0.93877		0.83463		0.81773		0.8601		0.83838		0.67019
119		7187.61		0.93136		0.93924		0.8553		0.86243		0.84456		0.8534		0.71073
120		7188.72		0.93294		0.94015		0.84496		0.83085		0.86528		0.84772		0.69054
AUC improved at epoch  120 ;	best_auc: 0.9329362747716469
121		7190.4		0.93633		0.94266		0.86047		0.84577		0.88083		0.86294		0.72158
AUC improved at epoch  121 ;	best_auc: 0.9363281875968165
122		7192.12		0.93646		0.94279		0.86047		0.85279		0.87047		0.86154		0.7211
AUC improved at epoch  122 ;	best_auc: 0.936461727471823
123		7193.43		0.93724		0.9438		0.8553		0.84772		0.86528		0.85641		0.71076
AUC improved at epoch  123 ;	best_auc: 0.9372362587468618
124		7194.63		0.93697		0.94295		0.86047		0.87166		0.84456		0.85789		0.72125
125		7195.81		0.93766		0.94405		0.85788		0.83495		0.89119		0.86216		0.71743
AUC improved at epoch  125 ;	best_auc: 0.9376635863468832
126		7197.84		0.9394		0.94428		0.86822		0.86224		0.87565		0.86889		0.73653
AUC improved at epoch  126 ;	best_auc: 0.93939960472197
127		7199.12		0.94065		0.94596		0.85788		0.82857		0.90155		0.86352		0.7186
AUC improved at epoch  127 ;	best_auc: 0.9406548795470328
128		7200.28		0.93806		0.94464		0.8553		0.85128		0.8601		0.85567		0.71064
129		7201.46		0.93983		0.94507		0.86822		0.88172		0.84974		0.86544		0.73689
130		7202.68		0.94023		0.9456		0.85788		0.82243		0.91192		0.86486		0.72009
131		7203.97		0.941		0.94652		0.8708		0.87435		0.86528		0.86979		0.74163
AUC improved at epoch  131 ;	best_auc: 0.9410020832220501
132		7205.45		0.94127		0.94681		0.86563		0.8439		0.89637		0.86935		0.73272
AUC improved at epoch  132 ;	best_auc: 0.9412691629720635
133		7207.27		0.94004		0.94513		0.8553		0.83092		0.89119		0.86		0.71251
134		7208.69		0.93764		0.94299		0.86563		0.85787		0.87565		0.86667		0.73143
135		7209.85		0.93929		0.94506		0.85271		0.83663		0.87565		0.8557		0.70622
136		7211.22		0.93871		0.94418		0.85271		0.85052		0.85492		0.85271		0.70544
137		7212.35		0.94116		0.94624		0.86047		0.83902		0.89119		0.86432		0.72236
138		7213.48		0.94151		0.94656		0.86047		0.83254		0.90155		0.86567		0.72346
AUC improved at epoch  138 ;	best_auc: 0.9415095347470755
139		7214.63		0.94074		0.94609		0.8708		0.87831		0.8601		0.86911		0.74175
140		7216.29		0.93964		0.945		0.86563		0.86528		0.86528		0.86528		0.73126
141		7217.98		0.94178		0.94622		0.87339		0.85294		0.90155		0.87657		0.74801
AUC improved at epoch  141 ;	best_auc: 0.9417766144970888
142		7219.28		0.94159		0.94561		0.86305		0.84314		0.89119		0.8665		0.72731
143		7220.74		0.94087		0.94521		0.86563		0.8439		0.89637		0.86935		0.73272
144		7222.08		0.94095		0.94472		0.86047		0.84925		0.87565		0.86224		0.7213
145		7223.9		0.94259		0.9448		0.8708		0.87435		0.86528		0.86979		0.74163
AUC improved at epoch  145 ;	best_auc: 0.9425912077346297
146		7226.09		0.9424		0.94501		0.86047		0.85279		0.87047		0.86154		0.7211
147		7227.85		0.94342		0.94722		0.86822		0.84804		0.89637		0.87154		0.73766
AUC improved at epoch  147 ;	best_auc: 0.943419154959671
148		7229.44		0.94378		0.94816		0.8708		0.85572		0.89119		0.8731		0.74226
AUC improved at epoch  148 ;	best_auc: 0.943779712622189
149		7230.96		0.94461		0.9483		0.86563		0.8439		0.89637		0.86935		0.73272
AUC improved at epoch  149 ;	best_auc: 0.9446076598472304
150		7232.18		0.94514		0.9479		0.86047		0.84577		0.88083		0.86294		0.72158
AUC improved at epoch  150 ;	best_auc: 0.945141819347257
151		7233.36		0.94378		0.94588		0.86047		0.84925		0.87565		0.86224		0.7213
152		7235.07		0.94195		0.94317		0.86563		0.86911		0.8601		0.86458		0.7313
153		7236.62		0.94239		0.94392		0.86563		0.85427		0.88083		0.86735		0.73164
154		7237.87		0.94323		0.94538		0.86047		0.83575		0.89637		0.865		0.72287
155		7239.18		0.9441		0.94663		0.87339		0.85294		0.90155		0.87657		0.74801
156		7240.5		0.94453		0.94784		0.87597		0.86432		0.89119		0.87755		0.75232
157		7241.7		0.94434		0.94728		0.86563		0.86911		0.8601		0.86458		0.7313
158		7242.94		0.94457		0.94581		0.87597		0.87565		0.87565		0.87565		0.75194
159		7244.04		0.94385		0.94447		0.86822		0.86224		0.87565		0.86889		0.73653
160		7245.75		0.94565		0.94629		0.86822		0.855		0.88601		0.87023		0.73694
AUC improved at epoch  160 ;	best_auc: 0.9456492708722825
161		7247.42		0.94692		0.94815		0.86563		0.84729		0.89119		0.86869		0.73228
AUC improved at epoch  161 ;	best_auc: 0.9469178996848459
162		7249.0		0.94669		0.94844		0.86047		0.84577		0.88083		0.86294		0.72158
163		7250.7		0.94613		0.94824		0.86047		0.85279		0.87047		0.86154		0.7211
164		7252.28		0.9462		0.94852		0.86305		0.86082		0.86528		0.86305		0.72611
165		7253.61		0.94641		0.94825		0.87597		0.8836		0.86528		0.87435		0.75208
166		7254.85		0.94716		0.94828		0.86305		0.86082		0.86528		0.86305		0.72611
AUC improved at epoch  166 ;	best_auc: 0.947158271459858
167		7256.12		0.94708		0.9472		0.86047		0.84925		0.87565		0.86224		0.7213
168		7257.3		0.94712		0.94705		0.86822		0.86224		0.87565		0.86889		0.73653
169		7258.46		0.9463		0.94655		0.86305		0.86458		0.8601		0.86234		0.7261
170		7259.79		0.94499		0.94544		0.86563		0.86528		0.86528		0.86528		0.73126
171		7261.37		0.94458		0.94505		0.86822		0.86224		0.87565		0.86889		0.73653
172		7262.96		0.94434		0.94492		0.86305		0.83981		0.89637		0.86717		0.72779
173		7264.08		0.94606		0.94698		0.87339		0.86364		0.88601		0.87468		0.74703
174		7265.19		0.9462		0.94756		0.87597		0.87958		0.87047		0.875		0.75197
175		7266.88		0.9453		0.94702		0.87597		0.87958		0.87047		0.875		0.75197
176		7268.61		0.94398		0.94587		0.8708		0.87435		0.86528		0.86979		0.74163
177		7269.75		0.94258		0.94462		0.86305		0.86458		0.8601		0.86234		0.7261
178		7270.92		0.94203		0.94406		0.86563		0.86911		0.8601		0.86458		0.7313
179		7272.13		0.94251		0.9436		0.8708		0.87047		0.87047		0.87047		0.7416
180		7273.43		0.94342		0.94399		0.87855		0.88421		0.87047		0.87728		0.75719
181		7274.88		0.9447		0.94408		0.87339		0.87113		0.87565		0.87339		0.74678
182		7276.49		0.94558		0.94457		0.8708		0.85572		0.89119		0.8731		0.74226
183		7277.97		0.94702		0.94637		0.87339		0.85644		0.89637		0.87595		0.74761
184		7279.36		0.94823		0.94816		0.87339		0.86364		0.88601		0.87468		0.74703
AUC improved at epoch  184 ;	best_auc: 0.9482265904599113
185		7280.96		0.94873		0.94971		0.87597		0.87958		0.87047		0.875		0.75197
AUC improved at epoch  185 ;	best_auc: 0.9487340419849367
186		7282.73		0.94737		0.94913		0.87339		0.875		0.87047		0.87273		0.74677
187		7284.44		0.94755		0.94969		0.87339		0.87895		0.86528		0.87206		0.74685
188		7285.6		0.94773		0.95001		0.87597		0.87958		0.87047		0.875		0.75197
189		7286.98		0.94891		0.95108		0.88889		0.89474		0.88083		0.88773		0.77786
AUC improved at epoch  189 ;	best_auc: 0.9489076438224454
190		7289.2		0.94919		0.95115		0.8863		0.88205		0.89119		0.8866		0.77266
AUC improved at epoch  190 ;	best_auc: 0.9491880775599595
191		7290.84		0.94859		0.95039		0.87855		0.86869		0.89119		0.8798		0.75737
192		7292.14		0.94759		0.94908		0.8708		0.85572		0.89119		0.8731		0.74226
193		7293.61		0.94646		0.94753		0.8708		0.85572		0.89119		0.8731		0.74226
194		7294.85		0.9454		0.94568		0.86822		0.855		0.88601		0.87023		0.73694
195		7296.19		0.9447		0.94467		0.8708		0.86667		0.87565		0.87113		0.74165
196		7297.56		0.9437		0.94382		0.86822		0.86598		0.87047		0.86822		0.73645
197		7298.89		0.94442		0.94473		0.87597		0.87958		0.87047		0.875		0.75197
198		7300.18		0.94576		0.94678		0.88114		0.88889		0.87047		0.87958		0.76242
199		7301.31		0.94708		0.94851		0.87855		0.88021		0.87565		0.87792		0.75711
200		7302.52		0.94636		0.94868		0.87855		0.86869		0.89119		0.8798		0.75737
201		7303.89		0.9466		0.9493		0.87855		0.86869		0.89119		0.8798		0.75737
202		7305.06		0.94705		0.94972		0.8708		0.86294		0.88083		0.87179		0.74177
203		7306.61		0.94649		0.9492		0.87855		0.87629		0.88083		0.87855		0.75712
204		7308.31		0.94586		0.94854		0.88372		0.89362		0.87047		0.88189		0.76768
205		7309.55		0.94509		0.94752		0.87339		0.88298		0.8601		0.87139		0.747
206		7311.02		0.9454		0.9476		0.86563		0.86911		0.8601		0.86458		0.7313
207		7312.92		0.94593		0.94789		0.85788		0.85567		0.8601		0.85788		0.71577
208		7314.94		0.9461		0.9478		0.85271		0.83333		0.88083		0.85642		0.70661
209		7316.2		0.94682		0.94827		0.8553		0.8408		0.87565		0.85787		0.71123
210		7317.57		0.94751		0.94866		0.86822		0.85859		0.88083		0.86957		0.7367
211		7318.75		0.94776		0.94867		0.86822		0.86598		0.87047		0.86822		0.73645
212		7319.87		0.94801		0.94882		0.86822		0.86598		0.87047		0.86822		0.73645
213		7321.0		0.94731		0.94853		0.86822		0.86598		0.87047		0.86822		0.73645
214		7322.22		0.94702		0.9484		0.8708		0.86667		0.87565		0.87113		0.74165
215		7323.47		0.9463		0.94789		0.8708		0.86294		0.88083		0.87179		0.74177
216		7324.65		0.94553		0.94737		0.8708		0.86667		0.87565		0.87113		0.74165
217		7325.85		0.94501		0.94673		0.86563		0.86911		0.8601		0.86458		0.7313
218		7327.04		0.94491		0.94693		0.87339		0.88298		0.8601		0.87139		0.747
219		7328.31		0.94536		0.94699		0.87597		0.8836		0.86528		0.87435		0.75208
220		7329.49		0.9449		0.94642		0.87339		0.875		0.87047		0.87273		0.74677
221		7331.38		0.94486		0.94585		0.86305		0.85714		0.87047		0.86375		0.72619
222		7332.78		0.94429		0.94532		0.85788		0.84848		0.87047		0.85934		0.71602
223		7334.19		0.94442		0.94469		0.86305		0.86082		0.86528		0.86305		0.72611
224		7335.93		0.9456		0.94576		0.8708		0.87047		0.87047		0.87047		0.7416
225		7337.51		0.94664		0.947		0.87597		0.8836		0.86528		0.87435		0.75208
226		7339.11		0.94689		0.94733		0.87339		0.88298		0.8601		0.87139		0.747
227		7340.43		0.94648		0.94756		0.87339		0.88298		0.8601		0.87139		0.747
228		7341.85		0.94682		0.94852		0.8708		0.88235		0.85492		0.86842		0.74194
229		7343.43		0.94669		0.94871		0.8708		0.88235		0.85492		0.86842		0.74194
230		7345.1		0.94588		0.9479		0.8708		0.88235		0.85492		0.86842		0.74194
231		7346.83		0.94552		0.94782		0.87339		0.88298		0.8601		0.87139		0.747
232		7348.5		0.94541		0.94733		0.87597		0.87958		0.87047		0.875		0.75197
233		7350.45		0.94537		0.94725		0.87855		0.88021		0.87565		0.87792		0.75711
234		7352.14		0.94548		0.9475		0.88114		0.89305		0.86528		0.87895		0.76262
235		7354.06		0.94501		0.94698		0.88114		0.8973		0.8601		0.87831		0.7629
236		7355.64		0.94429		0.94583		0.87855		0.8883		0.86528		0.87664		0.75734
237		7356.92		0.94381		0.94549		0.87855		0.88421		0.87047		0.87728		0.75719
238		7358.15		0.9441		0.9459		0.8708		0.87435		0.86528		0.86979		0.74163
239		7359.64		0.9443		0.94593		0.8708		0.87435		0.86528		0.86979		0.74163
240		7361.4		0.94413		0.94577		0.8708		0.87435		0.86528		0.86979		0.74163
241		7362.71		0.94426		0.94602		0.87855		0.88421		0.87047		0.87728		0.75719
242		7364.04		0.94425		0.94609		0.87597		0.87958		0.87047		0.875		0.75197
243		7365.14		0.9437		0.94577		0.87597		0.8836		0.86528		0.87435		0.75208
244		7366.26		0.94337		0.94556		0.87597		0.8877		0.8601		0.87368		0.75228
245		7367.37		0.94379		0.94605		0.8708		0.87435		0.86528		0.86979		0.74163
246		7368.65		0.94443		0.94621		0.8708		0.87047		0.87047		0.87047		0.7416
247		7369.93		0.94462		0.94584		0.86822		0.86224		0.87565		0.86889		0.73653
248		7371.12		0.94449		0.94558		0.8708		0.86667		0.87565		0.87113		0.74165
249		7372.32		0.94506		0.94604		0.88114		0.88889		0.87047		0.87958		0.76242
250		7373.64		0.94609		0.9471		0.88372		0.89785		0.86528		0.88127		0.76792
251		7375.0		0.94638		0.94674		0.87855		0.8883		0.86528		0.87664		0.75734
252		7376.29		0.94665		0.94675		0.86563		0.86154		0.87047		0.86598		0.73131
253		7378.18		0.94681		0.94669		0.86563		0.85427		0.88083		0.86735		0.73164
254		7379.9		0.94664		0.94671		0.86305		0.85354		0.87565		0.86445		0.72636
255		7381.6		0.94696		0.94696		0.86563		0.85787		0.87565		0.86667		0.73143
256		7383.27		0.94747		0.94794		0.86822		0.86224		0.87565		0.86889		0.73653
257		7385.13		0.94712		0.94739		0.8708		0.87047		0.87047		0.87047		0.7416
258		7386.54		0.94656		0.94688		0.8708		0.87047		0.87047		0.87047		0.7416
259		7387.78		0.94572		0.9464		0.87597		0.87958		0.87047		0.875		0.75197
260		7388.92		0.94557		0.94665		0.87855		0.88421		0.87047		0.87728		0.75719
261		7390.06		0.94517		0.94624		0.87855		0.88021		0.87565		0.87792		0.75711
262		7391.16		0.94536		0.94643		0.87597		0.87958		0.87047		0.875		0.75197
263		7392.37		0.9454		0.94642		0.8708		0.87047		0.87047		0.87047		0.7416
264		7393.49		0.94517		0.94612		0.8708		0.87047		0.87047		0.87047		0.7416
265		7394.6		0.94532		0.9466		0.8708		0.87047		0.87047		0.87047		0.7416
266		7395.74		0.94556		0.9467		0.86563		0.85787		0.87565		0.86667		0.73143
267		7396.97		0.9455		0.94656		0.86822		0.86224		0.87565		0.86889		0.73653
268		7398.15		0.94605		0.94699		0.86822		0.86598		0.87047		0.86822		0.73645
269		7399.33		0.94534		0.9463		0.8708		0.87047		0.87047		0.87047		0.7416
270		7400.48		0.94572		0.94689		0.87597		0.87958		0.87047		0.875		0.75197
271		7401.85		0.94606		0.94742		0.88114		0.88889		0.87047		0.87958		0.76242
272		7403.65		0.94621		0.94769		0.88114		0.88889		0.87047		0.87958		0.76242
273		7405.27		0.94649		0.94818		0.87855		0.88021		0.87565		0.87792		0.75711
274		7406.91		0.94602		0.94761		0.87855		0.87629		0.88083		0.87855		0.75712
275		7408.2		0.94581		0.94716		0.87597		0.87179		0.88083		0.87629		0.75198
276		7409.69		0.946		0.94732		0.87855		0.87629		0.88083		0.87855		0.75712
277		7410.95		0.94642		0.94759		0.88114		0.88083		0.88083		0.88083		0.76227
278		7412.36		0.94613		0.94764		0.87855		0.88421		0.87047		0.87728		0.75719
279		7413.64		0.94616		0.94754		0.87855		0.8883		0.86528		0.87664		0.75734
280		7415.24		0.94621		0.94738		0.87339		0.88298		0.8601		0.87139		0.747
281		7416.75		0.94593		0.94683		0.87339		0.875		0.87047		0.87273		0.74677
282		7418.04		0.94577		0.94659		0.8708		0.86667		0.87565		0.87113		0.74165
283		7419.59		0.94622		0.94706		0.86822		0.85859		0.88083		0.86957		0.7367
284		7420.85		0.94636		0.9472		0.85788		0.84158		0.88083		0.86076		0.71657
285		7422.46		0.94593		0.94694		0.86047		0.84577		0.88083		0.86294		0.72158
286		7424.08		0.9458		0.94707		0.86822		0.85859		0.88083		0.86957		0.7367
287		7425.87		0.94544		0.94707		0.86822		0.85859		0.88083		0.86957		0.7367
288		7427.36		0.94538		0.94718		0.87597		0.87958		0.87047		0.875		0.75197
289		7428.77		0.94569		0.94748		0.87855		0.8883		0.86528		0.87664		0.75734
290		7429.94		0.94572		0.94734		0.87855		0.89247		0.8601		0.87599		0.75758
291		7431.1		0.94582		0.94751		0.87855		0.89247		0.8601		0.87599		0.75758
292		7432.22		0.94658		0.94826		0.8708		0.88235		0.85492		0.86842		0.74194
293		7433.32		0.94764		0.94908		0.86563		0.86911		0.8601		0.86458		0.7313
294		7434.56		0.94784		0.94894		0.86305		0.86082		0.86528		0.86305		0.72611
295		7435.65		0.94797		0.9492		0.86822		0.86224		0.87565		0.86889		0.73653
296		7436.83		0.94732		0.94851		0.86305		0.85		0.88083		0.86514		0.7266
297		7438.02		0.94712		0.94858		0.86305		0.85		0.88083		0.86514		0.7266
298		7440.02		0.94684		0.94842		0.87597		0.87565		0.87565		0.87565		0.75194
299		7441.17		0.94674		0.9485		0.87339		0.87895		0.86528		0.87206		0.74685
300		7442.36		0.94626		0.94798		0.87855		0.8883		0.86528		0.87664		0.75734
301		7443.51		0.94565		0.94715		0.88114		0.89305		0.86528		0.87895		0.76262
302		7444.63		0.94502		0.94628		0.87339		0.87895		0.86528		0.87206		0.74685
303		7445.98		0.94457		0.94525		0.87339		0.87895		0.86528		0.87206		0.74685
304		7447.42		0.94406		0.94448		0.87597		0.87958		0.87047		0.875		0.75197
305		7448.7		0.94391		0.94394		0.87597		0.87958		0.87047		0.875		0.75197
306		7450.24		0.94414		0.94378		0.87339		0.875		0.87047		0.87273		0.74677
307		7451.73		0.94434		0.9437		0.87855		0.88421		0.87047		0.87728		0.75719
308		7453.05		0.94469		0.94398		0.88114		0.89305		0.86528		0.87895		0.76262
309		7454.32		0.94478		0.94426		0.88114		0.88889		0.87047		0.87958		0.76242
310		7455.95		0.94474		0.9443		0.88114		0.88482		0.87565		0.88021		0.76231
311		7457.45		0.94457		0.94454		0.86822		0.85859		0.88083		0.86957		0.7367
312		7459.04		0.94329		0.94353		0.86047		0.84236		0.88601		0.86364		0.72193
313		7460.32		0.94353		0.94433		0.86563		0.85787		0.87565		0.86667		0.73143
314		7461.9		0.94358		0.94481		0.8708		0.87435		0.86528		0.86979		0.74163
315		7464.04		0.94362		0.94517		0.87855		0.89247		0.8601		0.87599		0.75758
316		7465.42		0.94338		0.94527		0.87597		0.8877		0.8601		0.87368		0.75228
317		7466.53		0.94363		0.94589		0.86822		0.87368		0.8601		0.86684		0.73651
318		7467.6		0.94385		0.94633		0.8708		0.86667		0.87565		0.87113		0.74165
319		7468.72		0.94462		0.94737		0.86563		0.85787		0.87565		0.86667		0.73143
320		7469.91		0.94533		0.94787		0.87339		0.87113		0.87565		0.87339		0.74678
321		7471.05		0.94613		0.9483		0.86822		0.86598		0.87047		0.86822		0.73645
322		7472.22		0.94664		0.94861		0.86822		0.86598		0.87047		0.86822		0.73645
323		7473.34		0.9464		0.94814		0.87597		0.87958		0.87047		0.875		0.75197
324		7474.55		0.94672		0.94767		0.88372		0.89362		0.87047		0.88189		0.76768
325		7475.77		0.94666		0.9472		0.8863		0.8984		0.87047		0.88421		0.77296
326		7477.48		0.94581		0.94608		0.87855		0.88421		0.87047		0.87728		0.75719
327		7479.12		0.94578		0.94589		0.8708		0.87047		0.87047		0.87047		0.7416
328		7480.23		0.94561		0.94576		0.87597		0.87958		0.87047		0.875		0.75197
329		7481.48		0.94573		0.94606		0.87597		0.87958		0.87047		0.875		0.75197
330		7482.7		0.94574		0.9462		0.88114		0.88482		0.87565		0.88021		0.76231
331		7484.43		0.94621		0.94665		0.88372		0.88947		0.87565		0.88251		0.76752
332		7485.74		0.94653		0.94697		0.88372		0.88947		0.87565		0.88251		0.76752
333		7487.16		0.9469		0.94742		0.88372		0.88947		0.87565		0.88251		0.76752
334		7488.5		0.94676		0.9473		0.88372		0.88947		0.87565		0.88251		0.76752
335		7489.95		0.94702		0.94786		0.88372		0.89362		0.87047		0.88189		0.76768
336		7491.37		0.94674		0.94752		0.88114		0.8973		0.8601		0.87831		0.7629
337		7492.86		0.94669		0.94755		0.87597		0.89617		0.84974		0.87234		0.75291
338		7494.26		0.94673		0.94763		0.87855		0.89674		0.85492		0.87533		0.7579
339		7495.56		0.94642		0.94755		0.87339		0.8871		0.85492		0.87071		0.74723
340		7496.85		0.946		0.94733		0.87597		0.8836		0.86528		0.87435		0.75208
341		7498.35		0.94592		0.94741		0.87597		0.87958		0.87047		0.875		0.75197
342		7500.12		0.9458		0.94728		0.86822		0.86979		0.86528		0.86753		0.73644
343		7501.87		0.94581		0.9473		0.87597		0.8836		0.86528		0.87435		0.75208
344		7503.25		0.94517		0.94658		0.87597		0.8836		0.86528		0.87435		0.75208
345		7504.35		0.94522		0.94546		0.87597		0.8836		0.86528		0.87435		0.75208
346		7505.6		0.94442		0.94428		0.8708		0.87435		0.86528		0.86979		0.74163
347		7506.7		0.94389		0.94323		0.86822		0.86979		0.86528		0.86753		0.73644
348		7507.81		0.94362		0.94253		0.86822		0.86979		0.86528		0.86753		0.73644
349		7508.88		0.94325		0.94277		0.87597		0.8836		0.86528		0.87435		0.75208
350		7510.07		0.94351		0.94317		0.87339		0.88298		0.8601		0.87139		0.747
351		7511.18		0.94387		0.94365		0.87855		0.8883		0.86528		0.87664		0.75734
352		7512.28		0.94357		0.94344		0.87855		0.88421		0.87047		0.87728		0.75719
353		7513.35		0.94425		0.94419		0.8708		0.87047		0.87047		0.87047		0.7416
354		7514.5		0.94481		0.94511		0.87855		0.88021		0.87565		0.87792		0.75711
355		7515.78		0.94605		0.94647		0.8708		0.86667		0.87565		0.87113		0.74165
356		7516.99		0.94676		0.94728		0.86822		0.86979		0.86528		0.86753		0.73644
357		7518.19		0.94729		0.94791		0.87339		0.87895		0.86528		0.87206		0.74685
358		7519.79		0.94725		0.94781		0.87855		0.89247		0.8601		0.87599		0.75758
359		7526.51		0.94767		0.94828		0.87855		0.8883		0.86528		0.87664		0.75734
360		7532.77		0.94796		0.94863		0.87855		0.88421		0.87047		0.87728		0.75719
361		7538.15		0.94741		0.94806		0.88372		0.88947		0.87565		0.88251		0.76752
362		7541.18		0.94609		0.94667		0.87597		0.87565		0.87565		0.87565		0.75194
363		7542.98		0.94434		0.94478		0.87339		0.87113		0.87565		0.87339		0.74678
364		7544.6		0.94317		0.94344		0.87597		0.87565		0.87565		0.87565		0.75194
365		7545.75		0.94354		0.94282		0.8708		0.86294		0.88083		0.87179		0.74177
366		7546.94		0.94361		0.9425		0.88114		0.87692		0.88601		0.88144		0.76232
367		7548.1		0.94379		0.94232		0.87597		0.8836		0.86528		0.87435		0.75208
368		7549.31		0.94398		0.94232		0.8708		0.87831		0.8601		0.86911		0.74175
369		7550.44		0.94409		0.94257		0.87339		0.8913		0.84974		0.87003		0.74755
370		7551.82		0.94421		0.94357		0.8708		0.88649		0.84974		0.86772		0.74221
371		7553.56		0.94422		0.94393		0.87339		0.8871		0.85492		0.87071		0.74723
372		7555.4		0.94451		0.94486		0.8708		0.87435		0.86528		0.86979		0.74163
373		7557.18		0.94494		0.94552		0.8708		0.87435		0.86528		0.86979		0.74163
374		7558.64		0.94498		0.94531		0.8708		0.87047		0.87047		0.87047		0.7416
375		7560.09		0.94445		0.94442		0.86563		0.86528		0.86528		0.86528		0.73126
376		7561.83		0.94427		0.9441		0.87339		0.87895		0.86528		0.87206		0.74685
377		7563.35		0.9437		0.94356		0.87855		0.89247		0.8601		0.87599		0.75758
378		7564.71		0.94371		0.94272		0.8708		0.87831		0.8601		0.86911		0.74175
379		7566.19		0.94338		0.94231		0.8708		0.87831		0.8601		0.86911		0.74175
380		7567.68		0.94395		0.9431		0.8708		0.87435		0.86528		0.86979		0.74163
381		7569.15		0.94399		0.94353		0.8708		0.87435		0.86528		0.86979		0.74163
382		7570.37		0.94398		0.94377		0.87339		0.87895		0.86528		0.87206		0.74685
383		7571.48		0.94426		0.94448		0.8708		0.87831		0.8601		0.86911		0.74175
384		7572.56		0.94403		0.9441		0.8708		0.87831		0.8601		0.86911		0.74175
385		7573.65		0.94366		0.94406		0.8708		0.87831		0.8601		0.86911		0.74175
386		7574.92		0.94367		0.94354		0.87339		0.87895		0.86528		0.87206		0.74685
387		7576.04		0.94365		0.94307		0.87339		0.875		0.87047		0.87273		0.74677
388		7577.16		0.94479		0.94399		0.8708		0.87435		0.86528		0.86979		0.74163
389		7578.29		0.94505		0.9439		0.8708		0.87831		0.8601		0.86911		0.74175
390		7579.54		0.94501		0.94359		0.8708		0.88649		0.84974		0.86772		0.74221
391		7580.74		0.94454		0.94333		0.86822		0.88172		0.84974		0.86544		0.73689
392		7581.92		0.94351		0.94281		0.86305		0.86842		0.85492		0.86162		0.72617
393		7583.32		0.94282		0.94266		0.86822		0.86979		0.86528		0.86753		0.73644
394		7584.86		0.94216		0.94257		0.87597		0.87179		0.88083		0.87629		0.75198
395		7586.33		0.94164		0.94268		0.87855		0.88021		0.87565		0.87792		0.75711
396		7587.78		0.94155		0.94368		0.87855		0.89247		0.8601		0.87599		0.75758
397		7589.09		0.94154		0.94382		0.8863		0.9071		0.8601		0.88298		0.77361
398		7590.46		0.94302		0.94487		0.87597		0.8877		0.8601		0.87368		0.75228
399		7592.11		0.94474		0.94585		0.87597		0.8877		0.8601		0.87368		0.75228
400		7593.46		0.94618		0.94634		0.87597		0.8836		0.86528		0.87435		0.75208
401		7594.77		0.94622		0.94588		0.87339		0.87895		0.86528		0.87206		0.74685
402		7596.13		0.94676		0.94611		0.87597		0.8836		0.86528		0.87435		0.75208
403		7597.55		0.9465		0.94633		0.87855		0.8883		0.86528		0.87664		0.75734
404		7598.81		0.94593		0.9457		0.88372		0.89785		0.86528		0.88127		0.76792
405		7600.08		0.94482		0.94484		0.88372		0.89785		0.86528		0.88127		0.76792
406		7601.47		0.94382		0.94396		0.87597		0.87958		0.87047		0.875		0.75197
407		7602.97		0.9429		0.94288		0.87597		0.87958		0.87047		0.875		0.75197
408		7604.27		0.94214		0.94211		0.87855		0.88421		0.87047		0.87728		0.75719
409		7605.56		0.94183		0.94161		0.88114		0.88889		0.87047		0.87958		0.76242
410		7607.08		0.94171		0.94161		0.88114		0.88889		0.87047		0.87958		0.76242
411		7608.77		0.94263		0.94283		0.87855		0.88021		0.87565		0.87792		0.75711
412		7610.32		0.94365		0.94323		0.87597		0.87958		0.87047		0.875		0.75197
413		7611.58		0.94473		0.94403		0.87597		0.87958		0.87047		0.875		0.75197
414		7613.08		0.94564		0.94466		0.87597		0.87958		0.87047		0.875		0.75197
415		7614.34		0.94617		0.94475		0.87339		0.88298		0.8601		0.87139		0.747
416		7615.97		0.94656		0.94501		0.87597		0.8877		0.8601		0.87368		0.75228
417		7617.33		0.94662		0.94533		0.87855		0.89247		0.8601		0.87599		0.75758
418		7619.11		0.94598		0.945		0.87855		0.89247		0.8601		0.87599		0.75758
419		7620.93		0.94522		0.94495		0.87597		0.87958		0.87047		0.875		0.75197
420		7622.17		0.94433		0.94479		0.86822		0.86224		0.87565		0.86889		0.73653
421		7623.38		0.94386		0.94445		0.86822		0.86224		0.87565		0.86889		0.73653
422		7624.57		0.94337		0.94394		0.8708		0.87435		0.86528		0.86979		0.74163
423		7625.65		0.94341		0.94385		0.87339		0.88298		0.8601		0.87139		0.747
424		7626.8		0.94419		0.94423		0.87855		0.89247		0.8601		0.87599		0.75758
425		7628.11		0.94498		0.94458		0.88114		0.8973		0.8601		0.87831		0.7629
426		7629.43		0.94521		0.94433		0.87855		0.89247		0.8601		0.87599		0.75758
427		7630.59		0.94596		0.94496		0.87855		0.89247		0.8601		0.87599		0.75758
428		7631.74		0.94654		0.94559		0.88372		0.90217		0.8601		0.88064		0.76824
429		7632.98		0.94698		0.94622		0.88372		0.89785		0.86528		0.88127		0.76792
430		7634.09		0.94749		0.94721		0.88114		0.88889		0.87047		0.87958		0.76242
431		7635.26		0.94803		0.94808		0.87855		0.88421		0.87047		0.87728		0.75719
432		7636.79		0.94832		0.94842		0.87855		0.88021		0.87565		0.87792		0.75711
433		7638.32		0.94812		0.94785		0.87339		0.87113		0.87565		0.87339		0.74678
434		7639.89		0.94784		0.94728		0.87339		0.87113		0.87565		0.87339		0.74678
435		7641.23		0.94825		0.94744		0.88114		0.88889		0.87047		0.87958		0.76242
436		7642.87		0.94819		0.94715		0.89147		0.90811		0.87047		0.88889		0.78359
437		7644.27		0.94796		0.94687		0.89147		0.91257		0.86528		0.8883		0.78396
438		7645.82		0.94775		0.94646		0.88889		0.90323		0.87047		0.88654		0.77827
439		7647.28		0.94727		0.94598		0.88114		0.88482		0.87565		0.88021		0.76231
440		7648.84		0.94658		0.94563		0.87855		0.88021		0.87565		0.87792		0.75711
441		7650.28		0.94664		0.94599		0.87339		0.87895		0.86528		0.87206		0.74685
442		7651.66		0.94621		0.94622		0.87855		0.8883		0.86528		0.87664		0.75734
443		7653.31		0.94589		0.94638		0.87855		0.89247		0.8601		0.87599		0.75758
444		7654.44		0.94522		0.94598		0.88114		0.8973		0.8601		0.87831		0.7629
445		7655.57		0.94499		0.94586		0.87339		0.8871		0.85492		0.87071		0.74723
446		7656.73		0.94429		0.94526		0.87597		0.8836		0.86528		0.87435		0.75208
447		7657.94		0.94413		0.94523		0.87339		0.875		0.87047		0.87273		0.74677
448		7659.05		0.94363		0.94491		0.8708		0.87435		0.86528		0.86979		0.74163
449		7660.84		0.9437		0.94502		0.8708		0.87831		0.8601		0.86911		0.74175
450		7662.2		0.94375		0.9448		0.87339		0.8913		0.84974		0.87003		0.74755
451		7663.33		0.94375		0.94475		0.87597		0.89617		0.84974		0.87234		0.75291
452		7664.56		0.94431		0.94469		0.87597		0.8877		0.8601		0.87368		0.75228
453		7665.65		0.94453		0.94431		0.87597		0.87958		0.87047		0.875		0.75197
454		7666.75		0.94447		0.94389		0.86563		0.85787		0.87565		0.86667		0.73143
455		7667.85		0.94413		0.94357		0.86563		0.85787		0.87565		0.86667		0.73143
456		7669.12		0.94433		0.94378		0.87339		0.87113		0.87565		0.87339		0.74678
457		7670.22		0.9447		0.94428		0.87855		0.89247		0.8601		0.87599		0.75758
458		7672.02		0.9457		0.94527		0.88372		0.89785		0.86528		0.88127		0.76792
459		7673.66		0.94582		0.9459		0.88372		0.89362		0.87047		0.88189		0.76768
460		7675.09		0.94577		0.94617		0.88889		0.89474		0.88083		0.88773		0.77786
461		7676.55		0.94586		0.9462		0.8863		0.89418		0.87565		0.88482		0.77276
462		7678.18		0.94606		0.94618		0.88114		0.89305		0.86528		0.87895		0.76262
463		7679.55		0.94677		0.9467		0.88114		0.8973		0.8601		0.87831		0.7629
464		7681.08		0.94662		0.94646		0.88372		0.89785		0.86528		0.88127		0.76792
465		7682.47		0.94609		0.94601		0.88114		0.8973		0.8601		0.87831		0.7629
466		7683.79		0.94597		0.94574		0.87339		0.88298		0.8601		0.87139		0.747
467		7685.32		0.94568		0.94514		0.87339		0.87895		0.86528		0.87206		0.74685
468		7686.77		0.94506		0.94464		0.86822		0.87368		0.8601		0.86684		0.73651
469		7688.17		0.94495		0.94483		0.86822		0.87368		0.8601		0.86684		0.73651
470		7689.78		0.94494		0.94503		0.87855		0.89247		0.8601		0.87599		0.75758
471		7691.12		0.94503		0.94497		0.88114		0.8973		0.8601		0.87831		0.7629
472		7692.5		0.94514		0.94474		0.87855		0.89247		0.8601		0.87599		0.75758
473		7694.08		0.94506		0.94417		0.86563		0.86911		0.8601		0.86458		0.7313
474		7695.4		0.94514		0.94377		0.86305		0.86082		0.86528		0.86305		0.72611
475		7696.81		0.94506		0.94361		0.86305		0.85714		0.87047		0.86375		0.72619
476		7698.27		0.94553		0.94408		0.86822		0.86598		0.87047		0.86822		0.73645
477		7700.34		0.9459		0.94453		0.8708		0.87047		0.87047		0.87047		0.7416
478		7701.6		0.94676		0.94567		0.87597		0.87958		0.87047		0.875		0.75197
479		7702.72		0.94678		0.94603		0.87597		0.8836		0.86528		0.87435		0.75208
480		7703.83		0.94637		0.94579		0.88114		0.88889		0.87047		0.87958		0.76242
481		7705.14		0.94556		0.94535		0.8863		0.89005		0.88083		0.88542		0.77264
482		7706.29		0.94495		0.94505		0.87855		0.88421		0.87047		0.87728		0.75719
483		7707.63		0.94491		0.94553		0.87855		0.89247		0.8601		0.87599		0.75758
484		7708.71		0.94433		0.94568		0.88114		0.89305		0.86528		0.87895		0.76262
485		7709.79		0.94471		0.94605		0.87597		0.87958		0.87047		0.875		0.75197
486		7711.06		0.94466		0.94525		0.87339		0.86735		0.88083		0.87404		0.74687
487		7712.16		0.94509		0.94467		0.86563		0.85427		0.88083		0.86735		0.73164
488		7713.4		0.94541		0.94427		0.87339		0.86735		0.88083		0.87404		0.74687
489		7714.68		0.94501		0.943		0.87597		0.87565		0.87565		0.87565		0.75194
490		7716.45		0.94544		0.94316		0.87597		0.8877		0.8601		0.87368		0.75228
491		7718.01		0.94532		0.94291		0.87597		0.89189		0.85492		0.87302		0.75255
492		7719.15		0.94506		0.94257		0.87855		0.89674		0.85492		0.87533		0.7579
493		7720.55		0.94467		0.94309		0.88114		0.8973		0.8601		0.87831		0.7629
494		7721.99		0.94486		0.94465		0.88114		0.88889		0.87047		0.87958		0.76242
495		7723.87		0.94513		0.9461		0.87855		0.8883		0.86528		0.87664		0.75734
496		7725.65		0.94465		0.94634		0.87855		0.8883		0.86528		0.87664		0.75734
497		7726.76		0.94447		0.94634		0.87597		0.8836		0.86528		0.87435		0.75208
498		7727.86		0.94455		0.94644		0.87597		0.8836		0.86528		0.87435		0.75208
499		7729.08		0.94467		0.94601		0.87855		0.89247		0.8601		0.87599		0.75758
500		7730.18		0.94425		0.94519		0.88114		0.89305		0.86528		0.87895		0.76262
501		7731.33		0.94361		0.94366		0.8863		0.8984		0.87047		0.88421		0.77296
502		7732.8		0.94381		0.94389		0.87855		0.89674		0.85492		0.87533		0.7579
503		7734.56		0.94378		0.9442		0.87855		0.89674		0.85492		0.87533		0.7579
504		7736.35		0.94378		0.94462		0.87339		0.8871		0.85492		0.87071		0.74723
505		7738.06		0.94353		0.9452		0.85788		0.85567		0.8601		0.85788		0.71577
506		7739.23		0.94295		0.94492		0.86305		0.86082		0.86528		0.86305		0.72611
507		7740.39		0.94268		0.94414		0.86563		0.86911		0.8601		0.86458		0.7313
508		7741.62		0.94279		0.94363		0.87597		0.8877		0.8601		0.87368		0.75228
509		7742.74		0.94283		0.94333		0.87855		0.89247		0.8601		0.87599		0.75758
510		7743.86		0.94259		0.94229		0.8708		0.87831		0.8601		0.86911		0.74175
511		7745.01		0.94231		0.9413		0.87339		0.88298		0.8601		0.87139		0.747
512		7746.23		0.9425		0.94171		0.88372		0.90217		0.8601		0.88064		0.76824
513		7747.94		0.94294		0.94278		0.8863		0.9027		0.86528		0.8836		0.77325
514		7749.59		0.94303		0.94308		0.88114		0.88889		0.87047		0.87958		0.76242
515		7751.33		0.94307		0.94339		0.87855		0.87629		0.88083		0.87855		0.75712
516		7752.68		0.94366		0.94438		0.87597		0.86802		0.88601		0.87692		0.75211
517		7754.18		0.94375		0.94512		0.87339		0.86364		0.88601		0.87468		0.74703
518		7755.73		0.94414		0.94503		0.88114		0.87692		0.88601		0.88144		0.76232
519		7757.39		0.94371		0.94406		0.87855		0.88021		0.87565		0.87792		0.75711
520		7758.49		0.94365		0.94366		0.87597		0.8877		0.8601		0.87368		0.75228
521		7759.71		0.94405		0.94375		0.87597		0.89189		0.85492		0.87302		0.75255
522		7760.93		0.94339		0.94283		0.87855		0.89247		0.8601		0.87599		0.75758
523		7762.05		0.94351		0.94295		0.87855		0.8883		0.86528		0.87664		0.75734
524		7763.14		0.9441		0.94372		0.87855		0.8883		0.86528		0.87664		0.75734
525		7764.23		0.94394		0.9445		0.87855		0.8883		0.86528		0.87664		0.75734
526		7765.47		0.94425		0.94572		0.87855		0.8883		0.86528		0.87664		0.75734
527		7766.58		0.94438		0.94664		0.87597		0.8836		0.86528		0.87435		0.75208
528		7767.68		0.9443		0.9471		0.87597		0.87958		0.87047		0.875		0.75197
529		7768.8		0.94439		0.94688		0.87597		0.87958		0.87047		0.875		0.75197
530		7770.03		0.94463		0.9465		0.8708		0.87831		0.8601		0.86911		0.74175
531		7771.41		0.94445		0.9459		0.87597		0.8877		0.8601		0.87368		0.75228
532		7772.9		0.94413		0.94473		0.87855		0.89247		0.8601		0.87599		0.75758
533		7774.89		0.94301		0.94297		0.87855		0.89247		0.8601		0.87599		0.75758
534		7776.4		0.94222		0.94151		0.87597		0.8836		0.86528		0.87435		0.75208
535		7777.86		0.94122		0.94043		0.87339		0.87895		0.86528		0.87206		0.74685
536		7779.53		0.94074		0.94048		0.87339		0.88298		0.8601		0.87139		0.747
537		7781.13		0.94112		0.94169		0.87597		0.8877		0.8601		0.87368		0.75228
538		7782.31		0.94128		0.94254		0.87597		0.8877		0.8601		0.87368		0.75228
539		7783.83		0.94099		0.94275		0.87855		0.8883		0.86528		0.87664		0.75734
540		7785.57		0.9409		0.94284		0.88114		0.88889		0.87047		0.87958		0.76242
541		7787.17		0.94118		0.9426		0.87339		0.87895		0.86528		0.87206		0.74685
542		7788.32		0.94223		0.94327		0.87855		0.89674		0.85492		0.87533		0.7579
543		7789.71		0.94315		0.94401		0.87855		0.89674		0.85492		0.87533		0.7579
544		7790.97		0.94355		0.94401		0.88114		0.90164		0.85492		0.87766		0.76326
545		7792.16		0.94357		0.94328		0.88372		0.90217		0.8601		0.88064		0.76824
546		7793.31		0.94375		0.94246		0.88114		0.89305		0.86528		0.87895		0.76262
547		7794.77		0.94462		0.94329		0.88114		0.89305		0.86528		0.87895		0.76262
548		7796.46		0.94514		0.94398		0.88114		0.88889		0.87047		0.87958		0.76242
549		7798.21		0.94597		0.94485		0.8863		0.9071		0.8601		0.88298		0.77361
550		7799.68		0.94558		0.9446		0.8863		0.9071		0.8601		0.88298		0.77361
551		7801.03		0.94545		0.94428		0.88372		0.89362		0.87047		0.88189		0.76768
552		7802.18		0.94429		0.94363		0.88372		0.89362		0.87047		0.88189		0.76768
553		7803.39		0.94361		0.94336		0.8863		0.89418		0.87565		0.88482		0.77276
554		7805.1		0.94291		0.94277		0.87855		0.88421		0.87047		0.87728		0.75719
555		7806.54		0.94203		0.94238		0.89406		0.91758		0.86528		0.89067		0.78936
556		7808.0		0.94159		0.94224		0.88372		0.90659		0.85492		0.88		0.76865
557		7809.14		0.94243		0.94312		0.88372		0.90217		0.8601		0.88064		0.76824
558		7810.27		0.94255		0.94287		0.88372		0.90217		0.8601		0.88064		0.76824
559		7811.4		0.94326		0.9434		0.88372		0.89362		0.87047		0.88189		0.76768
560		7812.79		0.94347		0.94372		0.87855		0.88021		0.87565		0.87792		0.75711
561		7814.55		0.94394		0.94423		0.87855		0.88421		0.87047		0.87728		0.75719
562		7815.67		0.94449		0.94458		0.87855		0.8883		0.86528		0.87664		0.75734
563		7816.79		0.94402		0.94394		0.87597		0.8877		0.8601		0.87368		0.75228
564		7817.91		0.94435		0.94412		0.88114		0.8973		0.8601		0.87831		0.7629
565		7819.37		0.94469		0.94378		0.8863		0.9071		0.8601		0.88298		0.77361
566		7821.22		0.94502		0.94366		0.88114		0.90164		0.85492		0.87766		0.76326
567		7822.8		0.94525		0.94346		0.88372		0.90217		0.8601		0.88064		0.76824
568		7823.95		0.94466		0.94272		0.88114		0.89305		0.86528		0.87895		0.76262
569		7825.26		0.94397		0.94266		0.87597		0.87565		0.87565		0.87565		0.75194
570		7826.39		0.94335		0.94264		0.87855		0.88021		0.87565		0.87792		0.75711
571		7827.57		0.94295		0.94257		0.87855		0.8883		0.86528		0.87664		0.75734
572		7828.73		0.94196		0.94182		0.88114		0.90164		0.85492		0.87766		0.76326
573		7830.29		0.94203		0.94164		0.87855		0.89674		0.85492		0.87533		0.7579
574		7831.73		0.94175		0.94093		0.88114		0.89305		0.86528		0.87895		0.76262
575		7833.01		0.94164		0.94061		0.87339		0.87895		0.86528		0.87206		0.74685
576		7834.66		0.94216		0.94113		0.87597		0.8877		0.8601		0.87368		0.75228
577		7836.61		0.94338		0.94292		0.87339		0.8871		0.85492		0.87071		0.74723
578		7838.5		0.94234		0.94268		0.87855		0.89674		0.85492		0.87533		0.7579
579		7840.41		0.94227		0.94342		0.88114		0.90164		0.85492		0.87766		0.76326
580		7841.97		0.94207		0.94366		0.88114		0.8973		0.8601		0.87831		0.7629
581		7843.49		0.94212		0.94375		0.88372		0.89785		0.86528		0.88127		0.76792
582		7844.81		0.94262		0.94426		0.88372		0.89785		0.86528		0.88127		0.76792
583		7846.56		0.94338		0.94432		0.8863		0.9027		0.86528		0.8836		0.77325
584		7847.98		0.94413		0.94431		0.8863		0.9071		0.8601		0.88298		0.77361
585		7849.73		0.94458		0.9437		0.89147		0.90811		0.87047		0.88889		0.78359
586		7851.17		0.94469		0.9428		0.8863		0.8984		0.87047		0.88421		0.77296
587		7852.67		0.94529		0.94371		0.8863		0.8984		0.87047		0.88421		0.77296
588		7853.96		0.94576		0.94472		0.88114		0.88889		0.87047		0.87958		0.76242
589		7855.52		0.94479		0.94456		0.88114		0.89305		0.86528		0.87895		0.76262
590		7856.89		0.94411		0.94412		0.86822		0.86979		0.86528		0.86753		0.73644
591		7858.35		0.94438		0.94481		0.86563		0.85787		0.87565		0.86667		0.73143
592		7859.98		0.94407		0.94487		0.86822		0.86598		0.87047		0.86822		0.73645
593		7861.41		0.94394		0.94493		0.87855		0.8883		0.86528		0.87664		0.75734
594		7862.78		0.94357		0.94453		0.87855		0.89247		0.8601		0.87599		0.75758
595		7864.52		0.94401		0.94424		0.87855		0.89247		0.8601		0.87599		0.75758
596		7866.48		0.94419		0.94434		0.8708		0.87435		0.86528		0.86979		0.74163
597		7867.66		0.94463		0.94431		0.86822		0.85859		0.88083		0.86957		0.7367
598		7868.9		0.94491		0.9447		0.87597		0.87179		0.88083		0.87629		0.75198
599		7870.12		0.94522		0.94557		0.88372		0.88947		0.87565		0.88251		0.76752
600		7871.3		0.94493		0.9458		0.87855		0.89247		0.8601		0.87599		0.75758
601		7872.45		0.94422		0.94504		0.88372		0.89362		0.87047		0.88189		0.76768
602		7873.57		0.94303		0.94321		0.88372		0.89362		0.87047		0.88189		0.76768
603		7874.72		0.94188		0.94218		0.87597		0.87958		0.87047		0.875		0.75197
604		7876.53		0.94166		0.94175		0.88114		0.88889		0.87047		0.87958		0.76242
605		7878.12		0.941		0.94085		0.88114		0.89305		0.86528		0.87895		0.76262
606		7879.49		0.94098		0.94052		0.88372		0.89785		0.86528		0.88127		0.76792
607		7881.37		0.94111		0.94063		0.87855		0.89674		0.85492		0.87533		0.7579
608		7882.54		0.94122		0.94074		0.87339		0.8871		0.85492		0.87071		0.74723
609		7883.8		0.94186		0.94216		0.8708		0.87435		0.86528		0.86979		0.74163
610		7884.91		0.94203		0.94215		0.86563		0.86154		0.87047		0.86598		0.73131
611		7886.09		0.94212		0.94302		0.8708		0.87047		0.87047		0.87047		0.7416
612		7887.25		0.94244		0.94323		0.87597		0.89189		0.85492		0.87302		0.75255
613		7888.56		0.94216		0.94238		0.88372		0.90217		0.8601		0.88064		0.76824
614		7890.42		0.94136		0.94167		0.88114		0.90164		0.85492		0.87766		0.76326
615		7891.82		0.94142		0.94181		0.87855		0.89674		0.85492		0.87533		0.7579
616		7892.96		0.94228		0.94247		0.87855		0.89247		0.8601		0.87599		0.75758
617		7894.18		0.9425		0.94292		0.86822		0.87368		0.8601		0.86684		0.73651
618		7895.29		0.94338		0.94411		0.87855		0.88421		0.87047		0.87728		0.75719
619		7896.41		0.94268		0.94391		0.88114		0.8973		0.8601		0.87831		0.7629
620		7898.38		0.9435		0.94479		0.88372		0.90659		0.85492		0.88		0.76865
621		7899.7		0.94295		0.9434		0.88114		0.8973		0.8601		0.87831		0.7629
622		7900.94		0.94306		0.94245		0.88372		0.89362		0.87047		0.88189		0.76768
623		7902.58		0.9425		0.94128		0.87855		0.88021		0.87565		0.87792		0.75711
624		7903.93		0.94199		0.94139		0.87597		0.8877		0.8601		0.87368		0.75228
625		7905.05		0.94215		0.94215		0.88372		0.90217		0.8601		0.88064		0.76824
626		7906.34		0.9422		0.94288		0.88114		0.90164		0.85492		0.87766		0.76326
627		7907.45		0.94311		0.94389		0.88372		0.90217		0.8601		0.88064		0.76824
628		7908.82		0.94347		0.94425		0.88372		0.88947		0.87565		0.88251		0.76752
629		7910.64		0.94406		0.94463		0.87597		0.87179		0.88083		0.87629		0.75198
630		7912.23		0.94455		0.94515		0.86822		0.85859		0.88083		0.86957		0.7367
631		7913.46		0.94429		0.94507		0.87855		0.8883		0.86528		0.87664		0.75734
632		7914.66		0.94409		0.94501		0.88372		0.90217		0.8601		0.88064		0.76824
633		7915.98		0.94365		0.9443		0.88114		0.8973		0.8601		0.87831		0.7629
634		7917.3		0.94342		0.94381		0.88114		0.8973		0.8601		0.87831		0.7629
635		7918.71		0.94309		0.9434		0.88114		0.89305		0.86528		0.87895		0.76262
636		7920.22		0.94271		0.94333		0.88372		0.88947		0.87565		0.88251		0.76752
637		7921.89		0.94283		0.94327		0.88372		0.88144		0.88601		0.88372		0.76745
638		7923.16		0.94321		0.94346		0.88372		0.88144		0.88601		0.88372		0.76745
639		7924.66		0.94319		0.94299		0.87597		0.87565		0.87565		0.87565		0.75194
640		7926.25		0.94333		0.9425		0.87597		0.87565		0.87565		0.87565		0.75194
641		7927.8		0.94297		0.94183		0.87597		0.87958		0.87047		0.875		0.75197
642		7929.31		0.9424		0.94127		0.8708		0.87831		0.8601		0.86911		0.74175
643		7930.8		0.94232		0.9415		0.87339		0.88298		0.8601		0.87139		0.747
644		7932.43		0.94234		0.94172		0.87597		0.8877		0.8601		0.87368		0.75228
645		7933.96		0.94178		0.94157		0.87597		0.8877		0.8601		0.87368		0.75228
646		7935.39		0.94096		0.94115		0.87855		0.89247		0.8601		0.87599		0.75758
647		7936.84		0.94087		0.94136		0.87855		0.8883		0.86528		0.87664		0.75734
648		7938.08		0.94162		0.94222		0.88114		0.89305		0.86528		0.87895		0.76262
649		7939.25		0.94128		0.9423		0.87597		0.8877		0.8601		0.87368		0.75228
650		7940.53		0.94092		0.94196		0.87597		0.8877		0.8601		0.87368		0.75228
651		7941.74		0.94082		0.94173		0.88114		0.8973		0.8601		0.87831		0.7629
652		7942.88		0.94063		0.94141		0.88114		0.8973		0.8601		0.87831		0.7629
653		7944.14		0.94148		0.94218		0.87855		0.89247		0.8601		0.87599		0.75758
654		7945.61		0.942		0.94241		0.88114		0.8973		0.8601		0.87831		0.7629
655		7947.27		0.94268		0.94303		0.88114		0.90164		0.85492		0.87766		0.76326
656		7948.43		0.94305		0.94305		0.88114		0.8973		0.8601		0.87831		0.7629
657		7949.66		0.94351		0.94328		0.88114		0.88889		0.87047		0.87958		0.76242
658		7950.9		0.94397		0.94371		0.88114		0.88889		0.87047		0.87958		0.76242
659		7952.32		0.94397		0.94359		0.87855		0.89674		0.85492		0.87533		0.7579
660		7953.87		0.94351		0.94306		0.88372		0.89785		0.86528		0.88127		0.76792
661		7955.38		0.94389		0.94313		0.88372		0.90217		0.8601		0.88064		0.76824
662		7956.89		0.94369		0.94292		0.88114		0.8973		0.8601		0.87831		0.7629
663		7958.41		0.94349		0.94265		0.88114		0.88889		0.87047		0.87958		0.76242
664		7960.11		0.94251		0.94183		0.8863		0.89005		0.88083		0.88542		0.77264
665		7961.73		0.94218		0.9417		0.88372		0.88542		0.88083		0.88312		0.76745
666		7963.34		0.94238		0.9421		0.88372		0.88947		0.87565		0.88251		0.76752
667		7964.69		0.94239		0.94224		0.88372		0.89785		0.86528		0.88127		0.76792
668		7966.26		0.94199		0.9421		0.87855		0.9011		0.84974		0.87467		0.7583
669		7967.72		0.94188		0.94219		0.88372		0.90659		0.85492		0.88		0.76865
670		7968.95		0.94203		0.94246		0.88114		0.8973		0.8601		0.87831		0.7629
671		7970.11		0.94186		0.94269		0.87597		0.8836		0.86528		0.87435		0.75208
672		7971.28		0.94251		0.9433		0.87855		0.88421		0.87047		0.87728		0.75719
673		7972.4		0.94299		0.94366		0.8863		0.89418		0.87565		0.88482		0.77276
674		7973.59		0.94266		0.94292		0.88372		0.89785		0.86528		0.88127		0.76792
675		7974.83		0.94259		0.94237		0.88114		0.8973		0.8601		0.87831		0.7629
676		7975.99		0.94252		0.94179		0.87597		0.89189		0.85492		0.87302		0.75255
677		7977.07		0.94309		0.94134		0.87597		0.89617		0.84974		0.87234		0.75291
678		7978.82		0.9437		0.94148		0.87339		0.8913		0.84974		0.87003		0.74755
679		7980.23		0.94419		0.94167		0.88114		0.89305		0.86528		0.87895		0.76262
680		7981.36		0.94422		0.94189		0.88114		0.89305		0.86528		0.87895		0.76262
681		7982.56		0.94438		0.9423		0.88114		0.89305		0.86528		0.87895		0.76262
682		7984.38		0.94427		0.94286		0.87855		0.89247		0.8601		0.87599		0.75758
683		7985.71		0.94378		0.94273		0.88114		0.90164		0.85492		0.87766		0.76326
684		7987.0		0.94301		0.94237		0.88114		0.90164		0.85492		0.87766		0.76326
685		7988.56		0.94242		0.94182		0.88114		0.8973		0.8601		0.87831		0.7629
686		7990.02		0.94158		0.94105		0.87597		0.8877		0.8601		0.87368		0.75228
687		7991.4		0.94159		0.94107		0.87597		0.8877		0.8601		0.87368		0.75228
688		7992.52		0.94162		0.94118		0.87855		0.89674		0.85492		0.87533		0.7579
689		7993.7		0.94203		0.94144		0.88372		0.90217		0.8601		0.88064		0.76824
690		7995.02		0.94214		0.94167		0.88372		0.90217		0.8601		0.88064		0.76824
691		7996.49		0.9422		0.94142		0.87855		0.8883		0.86528		0.87664		0.75734
692		7997.83		0.94215		0.94082		0.88372		0.88947		0.87565		0.88251		0.76752
693		7999.44		0.94178		0.9405		0.8863		0.8984		0.87047		0.88421		0.77296
694		8001.17		0.94179		0.94044		0.88114		0.90164		0.85492		0.87766		0.76326
695		8002.55		0.94199		0.94074		0.88114		0.90164		0.85492		0.87766		0.76326
696		8004.31		0.94194		0.941		0.88372		0.90217		0.8601		0.88064		0.76824
697		8005.95		0.94242		0.94198		0.87855		0.8883		0.86528		0.87664		0.75734
698		8007.59		0.94267		0.94224		0.87855		0.88021		0.87565		0.87792		0.75711
699		8009.1		0.94252		0.94186		0.87339		0.87113		0.87565		0.87339		0.74678
700		8010.44		0.94239		0.94135		0.87855		0.88021		0.87565		0.87792		0.75711
701		8011.8		0.94192		0.94046		0.87855		0.8883		0.86528		0.87664		0.75734
702		8013.13		0.94119		0.93929		0.87339		0.8871		0.85492		0.87071		0.74723
703		8014.37		0.94106		0.93901		0.87855		0.9011		0.84974		0.87467		0.7583
704		8015.74		0.94059		0.93883		0.87855		0.9011		0.84974		0.87467		0.7583
705		8017.27		0.94049		0.93915		0.8708		0.88235		0.85492		0.86842		0.74194
706		8018.86		0.94083		0.93956		0.8708		0.87435		0.86528		0.86979		0.74163
707		8020.41		0.9408		0.94002		0.87339		0.87895		0.86528		0.87206		0.74685
708		8021.8		0.94052		0.93969		0.87339		0.87895		0.86528		0.87206		0.74685
709		8023.21		0.94052		0.94		0.87339		0.88298		0.8601		0.87139		0.747
710		8024.4		0.94071		0.93987		0.87855		0.8883		0.86528		0.87664		0.75734
711		8025.73		0.93969		0.93862		0.87597		0.87958		0.87047		0.875		0.75197
712		8026.91		0.94024		0.93855		0.87855		0.8883		0.86528		0.87664		0.75734
713		8028.33		0.94036		0.93798		0.87855		0.89247		0.8601		0.87599		0.75758
714		8030.29		0.94084		0.93826		0.88114		0.90164		0.85492		0.87766		0.76326
715		8031.47		0.94146		0.93941		0.88372		0.90659		0.85492		0.88		0.76865
716		8032.89		0.94204		0.93985		0.88114		0.90164		0.85492		0.87766		0.76326
717		8034.43		0.94244		0.94014		0.87339		0.8956		0.84456		0.86933		0.74794
718		8036.2		0.94256		0.94009		0.87855		0.9011		0.84974		0.87467		0.7583
719		8037.48		0.94239		0.9397		0.88114		0.89305		0.86528		0.87895		0.76262
720		8038.88		0.94266		0.94006		0.87855		0.88421		0.87047		0.87728		0.75719
721		8040.06		0.94254		0.94002		0.88372		0.89362		0.87047		0.88189		0.76768
722		8041.25		0.94203		0.94014		0.88372		0.89362		0.87047		0.88189		0.76768
723		8042.58		0.94198		0.94071		0.88114		0.89305		0.86528		0.87895		0.76262
724		8044.01		0.94218		0.94133		0.88372		0.89785		0.86528		0.88127		0.76792
725		8045.72		0.94214		0.94074		0.88114		0.89305		0.86528		0.87895		0.76262
726		8047.1		0.94271		0.94121		0.87855		0.88421		0.87047		0.87728		0.75719
727		8048.93		0.94298		0.94136		0.87855		0.88421		0.87047		0.87728		0.75719
728		8050.44		0.94353		0.94151		0.87855		0.88421		0.87047		0.87728		0.75719
729		8051.99		0.94333		0.94124		0.87597		0.87958		0.87047		0.875		0.75197
730		8053.73		0.94266		0.94049		0.88114		0.88889		0.87047		0.87958		0.76242
731		8054.93		0.94228		0.93982		0.8863		0.9027		0.86528		0.8836		0.77325
732		8056.22		0.94211		0.93986		0.88372		0.90217		0.8601		0.88064		0.76824
733		8057.35		0.94194		0.93943		0.88114		0.8973		0.8601		0.87831		0.7629
734		8058.52		0.94138		0.93875		0.87339		0.88298		0.8601		0.87139		0.747
735		8059.66		0.941		0.93875		0.87597		0.8877		0.8601		0.87368		0.75228
736		8061.2		0.94055		0.93955		0.87339		0.8913		0.84974		0.87003		0.74755
737		8062.77		0.94023		0.94006		0.8708		0.89071		0.84456		0.86702		0.74256
738		8064.22		0.94068		0.94049		0.86822		0.88587		0.84456		0.86472		0.7372
739		8065.53		0.94144		0.94081		0.86563		0.88108		0.84456		0.86243		0.73186
740		8066.78		0.94226		0.94099		0.8708		0.88235		0.85492		0.86842		0.74194
741		8067.96		0.9428		0.94125		0.87855		0.89247		0.8601		0.87599		0.75758
742		8069.1		0.94334		0.94167		0.87597		0.89189		0.85492		0.87302		0.75255
743		8070.25		0.94389		0.94274		0.87597		0.89189		0.85492		0.87302		0.75255
744		8071.89		0.94383		0.9426		0.87855		0.89674		0.85492		0.87533		0.7579
745		8073.49		0.94373		0.9426		0.88114		0.89305		0.86528		0.87895		0.76262
746		8074.71		0.94333		0.94204		0.88114		0.88083		0.88083		0.88083		0.76227
747		8075.84		0.94322		0.94175		0.88114		0.88482		0.87565		0.88021		0.76231
748		8077.46		0.94323		0.94178		0.87597		0.8877		0.8601		0.87368		0.75228
749		8079.16		0.94276		0.94213		0.87339		0.8956		0.84456		0.86933		0.74794
750		8080.44		0.94274		0.94227		0.86822		0.88587		0.84456		0.86472		0.7372
751		8081.6		0.94243		0.9415		0.86047		0.85279		0.87047		0.86154		0.7211
752		8082.8		0.94236		0.94144		0.86563		0.86154		0.87047		0.86598		0.73131
753		8084.07		0.94381		0.94304		0.87597		0.8877		0.8601		0.87368		0.75228
754		8085.23		0.94397		0.94302		0.8708		0.88649		0.84974		0.86772		0.74221
755		8086.36		0.94271		0.94101		0.87339		0.8871		0.85492		0.87071		0.74723
756		8087.86		0.9424		0.94006		0.8708		0.87435		0.86528		0.86979		0.74163
757		8089.61		0.94106		0.93957		0.86822		0.86979		0.86528		0.86753		0.73644
758		8091.09		0.94049		0.93921		0.86563		0.86911		0.8601		0.86458		0.7313
759		8092.36		0.94086		0.93926		0.87597		0.89189		0.85492		0.87302		0.75255
760		8093.62		0.94115		0.93922		0.87597		0.89189		0.85492		0.87302		0.75255
761		8095.46		0.94194		0.93894		0.87339		0.88298		0.8601		0.87139		0.747
762		8097.37		0.94244		0.93922		0.88114		0.88889		0.87047		0.87958		0.76242
763		8099.03		0.94278		0.93961		0.87597		0.87958		0.87047		0.875		0.75197
764		8100.21		0.94321		0.9406		0.87855		0.8883		0.86528		0.87664		0.75734
765		8101.4		0.94363		0.94131		0.87855		0.89247		0.8601		0.87599		0.75758
766		8102.7		0.94357		0.94203		0.88114		0.8973		0.8601		0.87831		0.7629
767		8103.84		0.94297		0.94208		0.87855		0.89247		0.8601		0.87599		0.75758
768		8105.16		0.94287		0.94253		0.87339		0.87895		0.86528		0.87206		0.74685
769		8106.53		0.94288		0.94235		0.86822		0.86979		0.86528		0.86753		0.73644
770		8108.29		0.94337		0.94271		0.87597		0.8836		0.86528		0.87435		0.75208
771		8109.6		0.94357		0.9428		0.87339		0.8871		0.85492		0.87071		0.74723
772		8110.73		0.94309		0.9418		0.87597		0.89617		0.84974		0.87234		0.75291
773		8111.86		0.94293		0.94116		0.87597		0.89617		0.84974		0.87234		0.75291
774		8112.99		0.9421		0.93994		0.87855		0.89674		0.85492		0.87533		0.7579
775		8114.74		0.94168		0.93976		0.87855		0.8883		0.86528		0.87664		0.75734
776		8116.3		0.94084		0.93911		0.87855		0.8883		0.86528		0.87664		0.75734
777		8117.42		0.94065		0.93975		0.87855		0.89247		0.8601		0.87599		0.75758
778		8118.68		0.94049		0.93989		0.87597		0.89617		0.84974		0.87234		0.75291
779		8120.39		0.94132		0.94075		0.88372		0.89785		0.86528		0.88127		0.76792
780		8121.79		0.94202		0.94076		0.87339		0.875		0.87047		0.87273		0.74677
781		8122.94		0.94186		0.93982		0.87339		0.87113		0.87565		0.87339		0.74678
782		8124.13		0.94206		0.93954		0.88114		0.88083		0.88083		0.88083		0.76227
783		8125.22		0.94268		0.94004		0.87855		0.88421		0.87047		0.87728		0.75719
784		8126.42		0.94246		0.94012		0.87855		0.89674		0.85492		0.87533		0.7579
785		8127.52		0.94251		0.94053		0.87597		0.89617		0.84974		0.87234		0.75291
786		8128.8		0.94167		0.94025		0.87855		0.9011		0.84974		0.87467		0.7583
787		8129.94		0.94057		0.93919		0.87855		0.89247		0.8601		0.87599		0.75758
788		8131.64		0.93989		0.93831		0.87855		0.88021		0.87565		0.87792		0.75711
789		8133.21		0.94		0.93924		0.8863		0.8984		0.87047		0.88421		0.77296
790		8135.12		0.94017		0.93978		0.87855		0.89674		0.85492		0.87533		0.7579
791		8136.31		0.93913		0.93892		0.87339		0.8871		0.85492		0.87071		0.74723
792		8137.45		0.9392		0.9382		0.87597		0.8877		0.8601		0.87368		0.75228
793		8138.76		0.93949		0.93774		0.87339		0.875		0.87047		0.87273		0.74677
794		8139.88		0.93959		0.9375		0.87597		0.87958		0.87047		0.875		0.75197
795		8141.0		0.94028		0.93889		0.8708		0.87831		0.8601		0.86911		0.74175
796		8142.6		0.94035		0.93936		0.87597		0.89617		0.84974		0.87234		0.75291
797		8144.45		0.94015		0.93949		0.87597		0.89617		0.84974		0.87234		0.75291
798		8145.69		0.93941		0.93899		0.87855		0.89247		0.8601		0.87599		0.75758
799		8147.69		0.93925		0.93873		0.8708		0.87047		0.87047		0.87047		0.7416
800		8149.07		0.93997		0.93946		0.86822		0.86224		0.87565		0.86889		0.73653
801		8150.44		0.9409		0.94157		0.8708		0.87831		0.8601		0.86911		0.74175
802		8151.81		0.94183		0.94283		0.8708		0.87831		0.8601		0.86911		0.74175
803		8153.4		0.94174		0.94223		0.87339		0.88298		0.8601		0.87139		0.747
804		8154.75		0.94244		0.94207		0.86563		0.86911		0.8601		0.86458		0.7313
805		8155.9		0.94204		0.94051		0.86822		0.86224		0.87565		0.86889		0.73653
806		8157.45		0.94219		0.94023		0.86563		0.86154		0.87047		0.86598		0.73131
807		8159.05		0.94293		0.94081		0.86563		0.86911		0.8601		0.86458		0.7313
808		8160.35		0.94315		0.94111		0.8708		0.87831		0.8601		0.86911		0.74175
809		8161.55		0.94272		0.94062		0.8708		0.87831		0.8601		0.86911		0.74175
810		8162.81		0.94212		0.93982		0.87339		0.87895		0.86528		0.87206		0.74685
811		8164.03		0.94188		0.93922		0.87597		0.87958		0.87047		0.875		0.75197
812		8165.25		0.9409		0.93893		0.87339		0.8913		0.84974		0.87003		0.74755
813		8166.45		0.93965		0.93808		0.87339		0.8956		0.84456		0.86933		0.74794
814		8167.67		0.93865		0.93688		0.86822		0.88587		0.84456		0.86472		0.7372
815		8169.03		0.93772		0.93583		0.87597		0.8836		0.86528		0.87435		0.75208
816		8170.43		0.9374		0.93543		0.87339		0.875		0.87047		0.87273		0.74677
817		8172.28		0.93748		0.93621		0.8708		0.87435		0.86528		0.86979		0.74163
818		8173.83		0.93802		0.93753		0.87597		0.89617		0.84974		0.87234		0.75291
819		8175.59		0.93868		0.93907		0.87855		0.9011		0.84974		0.87467		0.7583
820		8176.86		0.93929		0.93968		0.88114		0.90164		0.85492		0.87766		0.76326
821		8178.05		0.93965		0.93996		0.87597		0.8877		0.8601		0.87368		0.75228
822		8179.16		0.94004		0.94006		0.8708		0.87831		0.8601		0.86911		0.74175
823		8180.38		0.94116		0.94038		0.87339		0.87895		0.86528		0.87206		0.74685
824		8181.48		0.94108		0.9399		0.87597		0.8836		0.86528		0.87435		0.75208
825		8182.91		0.94118		0.94002		0.87597		0.8877		0.8601		0.87368		0.75228
826		8184.56		0.94124		0.93966		0.8708		0.88649		0.84974		0.86772		0.74221
827		8186.4		0.94178		0.93971		0.8708		0.88649		0.84974		0.86772		0.74221
828		8188.1		0.94126		0.93901		0.8708		0.88649		0.84974		0.86772		0.74221
829		8189.58		0.94104		0.93838		0.8708		0.88649		0.84974		0.86772		0.74221
830		8190.77		0.9415		0.93863		0.8708		0.88649		0.84974		0.86772		0.74221
831		8192.1		0.94184		0.9391		0.8708		0.88649		0.84974		0.86772		0.74221
832		8193.25		0.94114		0.9386		0.87339		0.8913		0.84974		0.87003		0.74755
833		8195.13		0.9411		0.93887		0.8708		0.88649		0.84974		0.86772		0.74221
834		8196.38		0.94074		0.93895		0.87597		0.8836		0.86528		0.87435		0.75208
835		8197.54		0.94071		0.93913		0.87339		0.87895		0.86528		0.87206		0.74685
836		8199.51		0.94044		0.9393		0.87855		0.88421		0.87047		0.87728		0.75719
837		8200.65		0.94072		0.93966		0.87597		0.8877		0.8601		0.87368		0.75228
838		8201.76		0.94112		0.94015		0.87339		0.8871		0.85492		0.87071		0.74723
839		8202.93		0.94151		0.94047		0.87339		0.8913		0.84974		0.87003		0.74755
840		8204.25		0.94204		0.94093		0.87339		0.8913		0.84974		0.87003		0.74755
841		8205.5		0.94214		0.94065		0.87339		0.8913		0.84974		0.87003		0.74755
842		8206.7		0.94215		0.94027		0.87855		0.8883		0.86528		0.87664		0.75734
843		8207.93		0.9421		0.93983		0.87597		0.8836		0.86528		0.87435		0.75208
844		8209.26		0.94158		0.93969		0.87597		0.8836		0.86528		0.87435		0.75208
845		8210.62		0.94216		0.94104		0.87597		0.8877		0.8601		0.87368		0.75228
846		8211.98		0.94186		0.94155		0.88114		0.90164		0.85492		0.87766		0.76326
847		8213.29		0.94123		0.94111		0.88114		0.89305		0.86528		0.87895		0.76262
848		8214.93		0.94092		0.94066		0.87855		0.88421		0.87047		0.87728		0.75719
849		8217.1		0.94116		0.94059		0.87339		0.88298		0.8601		0.87139		0.747
850		8218.51		0.94102		0.94035		0.87597		0.89617		0.84974		0.87234		0.75291
851		8220.18		0.94055		0.93957		0.87597		0.89617		0.84974		0.87234		0.75291
852		8221.49		0.94019		0.93875		0.86822		0.88172		0.84974		0.86544		0.73689
853		8222.68		0.94035		0.9382		0.8708		0.87047		0.87047		0.87047		0.7416
854		8224.21		0.94047		0.93847		0.87339		0.875		0.87047		0.87273		0.74677
855		8225.89		0.94087		0.9394		0.86822		0.87368		0.8601		0.86684		0.73651
856		8228.02		0.94108		0.94038		0.87597		0.8877		0.8601		0.87368		0.75228
857		8229.46		0.94064		0.93974		0.87855		0.89247		0.8601		0.87599		0.75758
858		8231.01		0.94114		0.93966		0.87339		0.87895		0.86528		0.87206		0.74685
859		8232.39		0.94194		0.9401		0.87855		0.87245		0.88601		0.87918		0.75721
860		8233.71		0.94215		0.93997		0.88114		0.88482		0.87565		0.88021		0.76231
861		8235.18		0.94175		0.9402		0.87339		0.8871		0.85492		0.87071		0.74723
862		8237.05		0.94123		0.93975		0.8708		0.88649		0.84974		0.86772		0.74221
863		8238.35		0.9414		0.93975		0.87339		0.8871		0.85492		0.87071		0.74723
864		8239.55		0.94103		0.93861		0.87339		0.88298		0.8601		0.87139		0.747
865		8240.78		0.94076		0.93817		0.8708		0.88235		0.85492		0.86842		0.74194
866		8241.98		0.94088		0.93827		0.87339		0.8871		0.85492		0.87071		0.74723
867		8243.27		0.94052		0.9375		0.87339		0.8871		0.85492		0.87071		0.74723
868		8244.92		0.94082		0.93708		0.8708		0.88235		0.85492		0.86842		0.74194
869		8246.54		0.94071		0.93644		0.87597		0.8836		0.86528		0.87435		0.75208
870		8247.87		0.941		0.93733		0.87597		0.8836		0.86528		0.87435		0.75208
871		8249.27		0.94151		0.93893		0.87597		0.8836		0.86528		0.87435		0.75208
872		8250.99		0.9416		0.93973		0.87339		0.88298		0.8601		0.87139		0.747
873		8252.64		0.94167		0.94065		0.88114		0.8973		0.8601		0.87831		0.7629
874		8254.02		0.94178		0.94155		0.87339		0.88298		0.8601		0.87139		0.747
875		8255.94		0.94172		0.94185		0.87339		0.88298		0.8601		0.87139		0.747
876		8257.33		0.94108		0.94099		0.8708		0.87831		0.8601		0.86911		0.74175
877		8258.45		0.94124		0.94161		0.8708		0.88235		0.85492		0.86842		0.74194
878		8259.69		0.94098		0.94117		0.8708		0.89071		0.84456		0.86702		0.74256
879		8260.89		0.94071		0.94106		0.86822		0.88587		0.84456		0.86472		0.7372
880		8262.13		0.94048		0.94023		0.8708		0.88649		0.84974		0.86772		0.74221
881		8263.38		0.94064		0.93953		0.8708		0.87831		0.8601		0.86911		0.74175
882		8264.99		0.94075		0.93877		0.86822		0.86979		0.86528		0.86753		0.73644
883		8266.67		0.94104		0.93926		0.86822		0.88172		0.84974		0.86544		0.73689
884		8268.09		0.94107		0.93962		0.8708		0.89071		0.84456		0.86702		0.74256
885		8269.42		0.94156		0.9396		0.86822		0.88587		0.84456		0.86472		0.7372
886		8270.74		0.94168		0.93917		0.87339		0.88298		0.8601		0.87139		0.747
887		8272.31		0.9421		0.93946		0.86822		0.87368		0.8601		0.86684		0.73651
888		8273.97		0.94302		0.9402		0.8708		0.88235		0.85492		0.86842		0.74194
889		8275.46		0.94391		0.94145		0.87597		0.8877		0.8601		0.87368		0.75228
890		8276.76		0.94439		0.94188		0.87339		0.87895		0.86528		0.87206		0.74685
891		8278.47		0.94345		0.94133		0.87597		0.8836		0.86528		0.87435		0.75208
892		8280.51		0.94295		0.94072		0.87597		0.87565		0.87565		0.87565		0.75194
893		8282.26		0.94202		0.93951		0.8708		0.87831		0.8601		0.86911		0.74175
894		8283.69		0.94159		0.93928		0.87855		0.89247		0.8601		0.87599		0.75758
895		8284.9		0.94039		0.93848		0.87597		0.89189		0.85492		0.87302		0.75255
896		8286.05		0.93956		0.93768		0.86822		0.88172		0.84974		0.86544		0.73689
897		8287.27		0.93944		0.93762		0.87339		0.8913		0.84974		0.87003		0.74755
898		8288.4		0.93936		0.93804		0.87597		0.89189		0.85492		0.87302		0.75255
899		8289.52		0.93993		0.93832		0.87339		0.8913		0.84974		0.87003		0.74755
900		8290.72		0.93992		0.93783		0.88114		0.89305		0.86528		0.87895		0.76262
901		8292.03		0.94068		0.93812		0.87855		0.8883		0.86528		0.87664		0.75734
902		8293.28		0.94059		0.93828		0.87597		0.89189		0.85492		0.87302		0.75255
903		8294.54		0.94174		0.93893		0.87597		0.89189		0.85492		0.87302		0.75255
904		8295.82		0.94186		0.93895		0.87855		0.89247		0.8601		0.87599		0.75758
905		8297.2		0.94158		0.93795		0.87855		0.89247		0.8601		0.87599		0.75758
906		8299.03		0.94139		0.93782		0.88114		0.89305		0.86528		0.87895		0.76262
907		8300.61		0.94222		0.9386		0.88372		0.89362		0.87047		0.88189		0.76768
908		8302.39		0.9422		0.93853		0.88114		0.89305		0.86528		0.87895		0.76262
909		8303.98		0.94254		0.93935		0.88372		0.89785		0.86528		0.88127		0.76792
910		8305.89		0.94319		0.94037		0.88114		0.89305		0.86528		0.87895		0.76262
911		8307.55		0.9439		0.94143		0.87855		0.8883		0.86528		0.87664		0.75734
912		8309.05		0.94389		0.94158		0.87597		0.87958		0.87047		0.875		0.75197
913		8310.64		0.94389		0.94169		0.87855		0.88421		0.87047		0.87728		0.75719
914		8312.03		0.94318		0.94109		0.87855		0.88421		0.87047		0.87728		0.75719
915		8313.32		0.94263		0.94068		0.87855		0.88421		0.87047		0.87728		0.75719
916		8314.58		0.94231		0.94029		0.87339		0.87895		0.86528		0.87206		0.74685
917		8315.73		0.94184		0.94008		0.8708		0.87831		0.8601		0.86911		0.74175
918		8316.86		0.94083		0.93927		0.8708		0.88649		0.84974		0.86772		0.74221
919		8318.34		0.94258		0.94035		0.87597		0.89189		0.85492		0.87302		0.75255
920		8319.69		0.94381		0.9412		0.88114		0.89305		0.86528		0.87895		0.76262
921		8321.02		0.94437		0.94178		0.87597		0.8836		0.86528		0.87435		0.75208
922		8323.06		0.94446		0.94199		0.87597		0.8836		0.86528		0.87435		0.75208
923		8324.44		0.94405		0.94166		0.87339		0.87895		0.86528		0.87206		0.74685
924		8325.98		0.94418		0.94183		0.87597		0.8836		0.86528		0.87435		0.75208
925		8327.24		0.94441		0.94205		0.87339		0.87895		0.86528		0.87206		0.74685
926		8328.8		0.94419		0.94151		0.88114		0.88889		0.87047		0.87958		0.76242
927		8330.34		0.9445		0.94103		0.87855		0.8883		0.86528		0.87664		0.75734
928		8331.87		0.94387		0.94065		0.8708		0.88649		0.84974		0.86772		0.74221
929		8333.05		0.94335		0.94072		0.87597		0.89617		0.84974		0.87234		0.75291
930		8334.63		0.94278		0.94066		0.87597		0.89617		0.84974		0.87234		0.75291
931		8336.17		0.94317		0.94172		0.87339		0.8913		0.84974		0.87003		0.74755
932		8337.61		0.94259		0.94103		0.8708		0.87435		0.86528		0.86979		0.74163
933		8338.96		0.94256		0.94158		0.86822		0.86979		0.86528		0.86753		0.73644
934		8340.19		0.94228		0.9424		0.8708		0.87831		0.8601		0.86911		0.74175
935		8341.55		0.94248		0.94346		0.87339		0.8913		0.84974		0.87003		0.74755
936		8343.56		0.94243		0.94306		0.87339		0.8913		0.84974		0.87003		0.74755
937		8344.96		0.9424		0.94258		0.87597		0.8877		0.8601		0.87368		0.75228
938		8346.1		0.94212		0.94132		0.86822		0.87368		0.8601		0.86684		0.73651
939		8347.32		0.9427		0.94216		0.86822		0.87368		0.8601		0.86684		0.73651
940		8348.99		0.94258		0.9424		0.87339		0.88298		0.8601		0.87139		0.747
941		8350.43		0.94167		0.94137		0.86822		0.87766		0.85492		0.86614		0.73666
942		8351.63		0.94167		0.94016		0.8708		0.88649		0.84974		0.86772		0.74221
943		8352.77		0.9409		0.93791		0.87339		0.8913		0.84974		0.87003		0.74755
944		8354.07		0.94094		0.93754		0.87339		0.8913		0.84974		0.87003		0.74755
945		8355.26		0.94001		0.93689		0.87339		0.8913		0.84974		0.87003		0.74755
946		8356.85		0.93959		0.93747		0.87597		0.89189		0.85492		0.87302		0.75255
947		8358.25		0.93965		0.93812		0.87339		0.88298		0.8601		0.87139		0.747
948		8359.82		0.93951		0.93763		0.86822		0.86979		0.86528		0.86753		0.73644
949		8361.06		0.94		0.93763		0.86822		0.86979		0.86528		0.86753		0.73644
950		8362.58		0.94035		0.93744		0.87339		0.87895		0.86528		0.87206		0.74685
951		8364.01		0.94065		0.93789		0.8708		0.88649		0.84974		0.86772		0.74221
952		8365.45		0.94102		0.93876		0.87339		0.8871		0.85492		0.87071		0.74723
953		8366.75		0.9417		0.93965		0.87339		0.8871		0.85492		0.87071		0.74723
954		8368.7		0.94228		0.9403		0.87339		0.8871		0.85492		0.87071		0.74723
955		8370.56		0.94263		0.94067		0.87597		0.8836		0.86528		0.87435		0.75208
956		8371.84		0.9426		0.94071		0.87339		0.875		0.87047		0.87273		0.74677
957		8373.27		0.94218		0.94059		0.86822		0.87368		0.8601		0.86684		0.73651
958		8374.55		0.94223		0.94082		0.8708		0.88649		0.84974		0.86772		0.74221
959		8375.93		0.94208		0.94116		0.86822		0.88587		0.84456		0.86472		0.7372
960		8377.03		0.94179		0.9407		0.87339		0.8871		0.85492		0.87071		0.74723
961		8378.34		0.94144		0.9394		0.87597		0.8877		0.8601		0.87368		0.75228
962		8379.47		0.94179		0.93944		0.87597		0.8877		0.8601		0.87368		0.75228
963		8380.77		0.9424		0.93993		0.87597		0.8877		0.8601		0.87368		0.75228
964		8381.94		0.94232		0.93975		0.87855		0.8883		0.86528		0.87664		0.75734
965		8383.11		0.94184		0.93984		0.87597		0.8877		0.8601		0.87368		0.75228
966		8384.49		0.94171		0.93979		0.87597		0.8877		0.8601		0.87368		0.75228
967		8386.18		0.94183		0.93998		0.87339		0.88298		0.8601		0.87139		0.747
968		8387.84		0.94162		0.93939		0.87855		0.88421		0.87047		0.87728		0.75719
969		8389.14		0.94128		0.93895		0.8708		0.87831		0.8601		0.86911		0.74175
970		8390.5		0.9413		0.93932		0.87339		0.88298		0.8601		0.87139		0.747
971		8392.4		0.94142		0.93946		0.87339		0.8913		0.84974		0.87003		0.74755
972		8393.67		0.94146		0.93984		0.8708		0.88649		0.84974		0.86772		0.74221
973		8394.96		0.94159		0.94054		0.8708		0.88235		0.85492		0.86842		0.74194
974		8396.27		0.94096		0.94002		0.87339		0.88298		0.8601		0.87139		0.747
975		8397.94		0.94072		0.9396		0.87597		0.8877		0.8601		0.87368		0.75228
976		8399.37		0.94098		0.94006		0.87339		0.8871		0.85492		0.87071		0.74723
977		8400.78		0.94114		0.93979		0.87339		0.8871		0.85492		0.87071		0.74723
978		8402.12		0.94127		0.9388		0.87339		0.8871		0.85492		0.87071		0.74723
979		8403.64		0.94084		0.93776		0.8708		0.87831		0.8601		0.86911		0.74175
980		8405.36		0.94035		0.93767		0.87339		0.8871		0.85492		0.87071		0.74723
981		8406.7		0.94068		0.93847		0.87855		0.89674		0.85492		0.87533		0.7579
982		8407.99		0.94138		0.93952		0.87597		0.89617		0.84974		0.87234		0.75291
983		8409.37		0.94128		0.9397		0.87597		0.89617		0.84974		0.87234		0.75291
984		8411.19		0.94072		0.93893		0.87339		0.8871		0.85492		0.87071		0.74723
985		8412.92		0.94052		0.93877		0.86305		0.86458		0.8601		0.86234		0.7261
986		8414.5		0.9404		0.93831		0.86822		0.87766		0.85492		0.86614		0.73666
987		8415.64		0.9402		0.93773		0.86822		0.87766		0.85492		0.86614		0.73666
988		8416.76		0.94032		0.93796		0.87339		0.8913		0.84974		0.87003		0.74755
989		8418.11		0.94175		0.94018		0.87597		0.89189		0.85492		0.87302		0.75255
990		8419.53		0.9421		0.94027		0.87855		0.89674		0.85492		0.87533		0.7579
991		8420.92		0.94239		0.94066		0.88114		0.89305		0.86528		0.87895		0.76262
992		8422.17		0.9425		0.94108		0.87597		0.8836		0.86528		0.87435		0.75208
993		8423.37		0.94282		0.94162		0.88114		0.89305		0.86528		0.87895		0.76262
994		8424.64		0.9433		0.94217		0.87597		0.89189		0.85492		0.87302		0.75255
995		8425.87		0.94287		0.94189		0.87339		0.8871		0.85492		0.87071		0.74723
996		8427.36		0.94327		0.94185		0.87339		0.88298		0.8601		0.87139		0.747
997		8429.12		0.9433		0.94172		0.87339		0.87895		0.86528		0.87206		0.74685
998		8430.77		0.94307		0.9412		0.8708		0.87831		0.8601		0.86911		0.74175
999		8432.04		0.94263		0.94116		0.86305		0.87634		0.84456		0.86016		0.72655
1000		8433.46		0.94212		0.94106		0.8708		0.89071		0.84456		0.86702		0.74256
fold: 6
Epoch		Time		AUC		AUPR		Accuracy		Precision		Recall		F1-score		Mcc
1		8435.89		0.82163		0.80592		0.72021		0.80576		0.58031		0.6747		0.45874
AUC improved at epoch  1 ;	best_auc: 0.8216327955112889
2		8437.39		0.82408		0.809		0.70207		0.81452		0.52332		0.63722		0.43275
AUC improved at epoch  2 ;	best_auc: 0.8240758141158151
3		8439.04		0.82555		0.81519		0.6943		0.81513		0.50259		0.62179		0.42076
AUC improved at epoch  3 ;	best_auc: 0.8255523638218477
4		8440.53		0.82469		0.81652		0.70466		0.8062		0.53886		0.64596		0.43388
5		8442.51		0.82362		0.81535		0.73057		0.79085		0.62694		0.69942		0.47137
6		8444.05		0.82241		0.81421		0.75648		0.77966		0.71503		0.74595		0.51473
7		8445.21		0.81927		0.80862		0.76166		0.77297		0.74093		0.75661		0.52377
8		8446.49		0.81624		0.80072		0.75648		0.76757		0.73575		0.75132		0.51339
9		8447.91		0.81398		0.7956		0.74352		0.76404		0.70466		0.73315		0.48852
10		8449.8		0.81194		0.79338		0.73834		0.75556		0.70466		0.72922		0.47777
11		8451.49		0.81208		0.79439		0.7513		0.75393		0.74611		0.75		0.50262
12		8452.68		0.81511		0.7974		0.74352		0.77011		0.6943		0.73025		0.48942
13		8453.86		0.81975		0.80138		0.75907		0.7809		0.72021		0.74933		0.51971
14		8455.17		0.82612		0.80641		0.77461		0.76768		0.78756		0.77749		0.54941
AUC improved at epoch  14 ;	best_auc: 0.826116137345969
15		8456.32		0.83165		0.81164		0.7772		0.76617		0.79793		0.78173		0.55488
AUC improved at epoch  15 ;	best_auc: 0.8316464871540177
16		8457.71		0.82386		0.80352		0.76425		0.77419		0.74611		0.75989		0.52885
17		8459.33		0.82126		0.80058		0.76166		0.73934		0.80829		0.77228		0.52561
18		8461.09		0.82308		0.80149		0.75907		0.74038		0.79793		0.76808		0.51971
19		8462.46		0.82955		0.80612		0.76943		0.75743		0.79275		0.77468		0.53945
20		8464.34		0.83522		0.81215		0.77461		0.765		0.79275		0.77863		0.54958
AUC improved at epoch  20 ;	best_auc: 0.8352170528067867
21		8465.53		0.8371		0.81448		0.76943		0.75		0.80829		0.77805		0.54049
AUC improved at epoch  21 ;	best_auc: 0.8370962978871915
22		8466.73		0.8379		0.81497		0.77979		0.78421		0.77202		0.77807		0.55965
AUC improved at epoch  22 ;	best_auc: 0.8379016886359365
23		8468.03		0.83884		0.81547		0.7772		0.77157		0.78756		0.77949		0.55452
AUC improved at epoch  23 ;	best_auc: 0.8388413111761389
24		8469.27		0.84016		0.81543		0.76684		0.73733		0.82902		0.78049		0.53785
AUC improved at epoch  24 ;	best_auc: 0.8401567827324224
25		8471.09		0.84072		0.81511		0.77461		0.75481		0.81347		0.78304		0.55089
AUC improved at epoch  25 ;	best_auc: 0.8407205562565438
26		8472.26		0.83983		0.81296		0.78238		0.77949		0.78756		0.78351		0.5648
27		8473.41		0.84002		0.81304		0.77461		0.75481		0.81347		0.78304		0.55089
28		8474.84		0.83994		0.81299		0.77202		0.75862		0.79793		0.77778		0.54477
29		8476.01		0.84034		0.81292		0.76943		0.75243		0.80311		0.77694		0.54009
30		8477.13		0.84051		0.81323		0.77202		0.75862		0.79793		0.77778		0.54477
31		8478.66		0.84067		0.81378		0.77461		0.7598		0.80311		0.78086		0.55012
32		8480.55		0.84134		0.81495		0.7772		0.76355		0.80311		0.78283		0.55515
AUC improved at epoch  32 ;	best_auc: 0.8413380224972483
33		8481.78		0.84228		0.81613		0.77979		0.76214		0.81347		0.78697		0.56086
AUC improved at epoch  33 ;	best_auc: 0.8422776450374507
34		8482.95		0.84381		0.81828		0.76943		0.75743		0.79275		0.77468		0.53945
AUC improved at epoch  34 ;	best_auc: 0.843807887460066
35		8484.07		0.84601		0.82099		0.77461		0.7598		0.80311		0.78086		0.55012
AUC improved at epoch  35 ;	best_auc: 0.8460092888399688
36		8485.27		0.84746		0.82407		0.77461		0.765		0.79275		0.77863		0.54958
AUC improved at epoch  36 ;	best_auc: 0.8474589921877097
37		8486.96		0.84786		0.82445		0.7772		0.76884		0.79275		0.78061		0.55467
AUC improved at epoch  37 ;	best_auc: 0.8478616875620822
38		8488.63		0.8495		0.82773		0.77461		0.76238		0.79793		0.77975		0.54982
AUC improved at epoch  38 ;	best_auc: 0.8494993154178636
39		8490.22		0.84928		0.82811		0.77202		0.76119		0.79275		0.77665		0.54451
40		8491.96		0.84735		0.82741		0.76425		0.7602		0.77202		0.76607		0.52856
41		8493.33		0.84853		0.83025		0.77461		0.75481		0.81347		0.78304		0.55089
42		8494.49		0.85127		0.83323		0.76943		0.75		0.80829		0.77805		0.54049
AUC improved at epoch  42 ;	best_auc: 0.8512711750651025
43		8495.78		0.85216		0.83576		0.76684		0.77249		0.75648		0.7644		0.53379
AUC improved at epoch  43 ;	best_auc: 0.852157104888722
44		8497.48		0.8572		0.84136		0.76684		0.74641		0.80829		0.77612		0.53552
AUC improved at epoch  44 ;	best_auc: 0.8572042202475234
45		8499.5		0.85879		0.84388		0.76943		0.75243		0.80311		0.77694		0.54009
AUC improved at epoch  45 ;	best_auc: 0.8587881553867218
46		8501.11		0.85702		0.84195		0.76943		0.77368		0.76166		0.76762		0.53893
47		8502.3		0.86231		0.84807		0.77461		0.75238		0.81865		0.78412		0.55137
AUC improved at epoch  47 ;	best_auc: 0.862305028322908
48		8503.52		0.86311		0.84786		0.7772		0.75845		0.81347		0.785		0.55587
AUC improved at epoch  48 ;	best_auc: 0.863110419071653
49		8504.78		0.86196		0.84671		0.77979		0.77551		0.78756		0.78149		0.55965
50		8505.89		0.8648		0.85061		0.77461		0.75		0.82383		0.78519		0.5519
AUC improved at epoch  50 ;	best_auc: 0.8648017396440173
51		8507.04		0.86531		0.852		0.76425		0.73832		0.81865		0.77641		0.53165
AUC improved at epoch  51 ;	best_auc: 0.8653118204515556
52		8508.16		0.86008		0.84575		0.76425		0.77128		0.7513		0.76115		0.52867
53		8509.28		0.86947		0.85732		0.7772		0.75117		0.82902		0.78818		0.55741
AUC improved at epoch  53 ;	best_auc: 0.8694730059867378
54		8510.76		0.87135		0.86087		0.77979		0.75234		0.8342		0.79115		0.56293
AUC improved at epoch  54 ;	best_auc: 0.8713522510671428
55		8512.35		0.86593		0.85302		0.77202		0.78689		0.74611		0.76596		0.54477
56		8513.84		0.87329		0.8634		0.7772		0.75117		0.82902		0.78818		0.55741
AUC improved at epoch  56 ;	best_auc: 0.8732851888641305
57		8514.98		0.87648		0.86871		0.77979		0.75234		0.8342		0.79115		0.56293
AUC improved at epoch  57 ;	best_auc: 0.8764799055008189
58		8516.29		0.87388		0.86381		0.7772		0.77436		0.78238		0.77835		0.55443
59		8518.01		0.87439		0.86532		0.77461		0.77604		0.77202		0.77403		0.54923
60		8519.53		0.87841		0.87317		0.76425		0.73182		0.8342		0.77966		0.53375
AUC improved at epoch  60 ;	best_auc: 0.8784128432978068
61		8520.7		0.87927		0.87424		0.77461		0.75		0.82383		0.78519		0.5519
AUC improved at epoch  61 ;	best_auc: 0.8792719267631346
62		8522.03		0.87911		0.87311		0.77461		0.79444		0.74093		0.76676		0.55047
63		8523.62		0.8844		0.88077		0.78756		0.77073		0.81865		0.79397		0.57624
AUC improved at epoch  63 ;	best_auc: 0.8843995811968106
64		8525.42		0.88593		0.8832		0.77979		0.75714		0.82383		0.78908		0.56177
AUC improved at epoch  64 ;	best_auc: 0.8859298236194261
65		8526.72		0.88279		0.87944		0.78238		0.77949		0.78756		0.78351		0.5648
66		8527.92		0.88539		0.88109		0.78756		0.79058		0.78238		0.78646		0.57516
67		8529.59		0.88859		0.88452		0.79275		0.77833		0.81865		0.79798		0.58628
AUC improved at epoch  67 ;	best_auc: 0.8885876130902842
68		8531.26		0.88998		0.88617		0.78756		0.77612		0.80829		0.79188		0.57562
AUC improved at epoch  68 ;	best_auc: 0.8899836237214421
69		8532.76		0.88977		0.88652		0.79275		0.79894		0.78238		0.79058		0.58562
70		8534.0		0.89353		0.891		0.8057		0.80102		0.81347		0.8072		0.61147
AUC improved at epoch  70 ;	best_auc: 0.8935273430159199
71		8535.36		0.89455		0.89242		0.80311		0.8		0.80829		0.80412		0.60625
AUC improved at epoch  71 ;	best_auc: 0.8945475046309969
72		8536.86		0.89546		0.89359		0.79793		0.79188		0.80829		0.8		0.59598
AUC improved at epoch  72 ;	best_auc: 0.8954602808129077
73		8538.59		0.89396		0.89177		0.80829		0.80203		0.81865		0.81026		0.61671
74		8540.11		0.89927		0.8985		0.80052		0.79		0.81865		0.80407		0.60143
AUC improved at epoch  74 ;	best_auc: 0.8992724636903004
75		8541.91		0.90048		0.89885		0.80052		0.79897		0.80311		0.80103		0.60104
AUC improved at epoch  75 ;	best_auc: 0.9004805498134179
76		8543.75		0.9011		0.89895		0.81088		0.79412		0.83938		0.81612		0.62277
AUC improved at epoch  76 ;	best_auc: 0.9010980160541222
77		8544.96		0.90413		0.90292		0.80829		0.80203		0.81865		0.81026		0.61671
AUC improved at epoch  77 ;	best_auc: 0.9041316545410615
78		8546.12		0.90529		0.90349		0.81606		0.79612		0.84974		0.82206		0.63356
AUC improved at epoch  78 ;	best_auc: 0.9052860479475958
79		8547.27		0.90649		0.90461		0.81865		0.83243		0.79793		0.81481		0.63785
AUC improved at epoch  79 ;	best_auc: 0.9064941340707132
80		8548.75		0.9073		0.90742		0.80311		0.76233		0.88083		0.81731		0.61368
AUC improved at epoch  80 ;	best_auc: 0.9072995248194583
81		8550.59		0.91041		0.90887		0.81606		0.84659		0.77202		0.80759		0.63459
AUC improved at epoch  81 ;	best_auc: 0.910413702381272
82		8551.78		0.91006		0.90737		0.82642		0.82143		0.8342		0.82776		0.65293
83		8552.92		0.91173		0.91196		0.80829		0.76923		0.88083		0.82126		0.62317
AUC improved at epoch  83 ;	best_auc: 0.9117291739375554
84		8554.19		0.91224		0.91182		0.81347		0.82011		0.80311		0.81152		0.62708
AUC improved at epoch  84 ;	best_auc: 0.9122392547450938
85		8555.74		0.90695		0.9041		0.81606		0.81771		0.81347		0.81558		0.63213
86		8557.45		0.9168		0.91687		0.82642		0.80288		0.86528		0.83292		0.65483
AUC improved at epoch  86 ;	best_auc: 0.9168031356546484
87		8558.58		0.91659		0.91923		0.81865		0.82888		0.80311		0.81579		0.63761
88		8559.83		0.91809		0.91728		0.83938		0.82587		0.8601		0.84264		0.67934
AUC improved at epoch  88 ;	best_auc: 0.9180917608526403
89		8561.25		0.92027		0.91953		0.83938		0.85027		0.82383		0.83684		0.67908
AUC improved at epoch  89 ;	best_auc: 0.9202663158742517
90		8562.78		0.92376		0.92454		0.8342		0.8209		0.85492		0.83756		0.66897
AUC improved at epoch  90 ;	best_auc: 0.9237563424521463
91		8564.64		0.9233		0.92386		0.82642		0.79439		0.88083		0.83538		0.65675
92		8565.98		0.92424		0.92499		0.84715		0.86413		0.82383		0.8435		0.69506
AUC improved at epoch  92 ;	best_auc: 0.9242395769013934
93		8567.18		0.92204		0.92016		0.8342		0.81159		0.87047		0.84		0.67016
94		8568.76		0.92778		0.92981		0.84715		0.8764		0.80829		0.84097		0.69641
AUC improved at epoch  94 ;	best_auc: 0.927783296195871
95		8570.63		0.93012		0.93029		0.84197		0.81429		0.88601		0.84864		0.68661
AUC improved at epoch  95 ;	best_auc: 0.9301189293672314
96		8572.02		0.92569		0.92424		0.84456		0.81818		0.88601		0.85075		0.6915
97		8573.48		0.92956		0.92877		0.83679		0.87791		0.78238		0.8274		0.6776
98		8575.15		0.92918		0.92901		0.84456		0.80645		0.90674		0.85366		0.69451
99		8576.58		0.92972		0.93087		0.84715		0.84896		0.84456		0.84675		0.69431
100		8577.81		0.92974		0.93038		0.85751		0.85938		0.85492		0.85714		0.71504
101		8579.15		0.93157		0.93016		0.85492		0.82464		0.90155		0.86139		0.71295
AUC improved at epoch  101 ;	best_auc: 0.9315686327149721
102		8580.32		0.93339		0.93361		0.86269		0.85714		0.87047		0.86375		0.72548
AUC improved at epoch  102 ;	best_auc: 0.9333941850787941
103		8581.5		0.93377		0.93474		0.85751		0.84848		0.87047		0.85934		0.71527
AUC improved at epoch  103 ;	best_auc: 0.933770034094875
104		8582.64		0.93353		0.93433		0.85751		0.84158		0.88083		0.86076		0.7158
105		8584.55		0.93329		0.93425		0.85492		0.85128		0.8601		0.85567		0.70988
106		8585.87		0.93645		0.93718		0.86528		0.85075		0.88601		0.86802		0.7312
AUC improved at epoch  106 ;	best_auc: 0.9364546699240247
107		8587.05		0.93624		0.937		0.85751		0.83495		0.89119		0.86216		0.71665
108		8588.45		0.93651		0.93716		0.86788		0.86598		0.87047		0.86822		0.73576
AUC improved at epoch  108 ;	best_auc: 0.9365083626406078
109		8589.66		0.928		0.92749		0.84715		0.82524		0.88083		0.85213		0.69588
110		8590.91		0.93447		0.9353		0.85751		0.86702		0.84456		0.85564		0.71527
111		8592.09		0.9379		0.93936		0.8601		0.85279		0.87047		0.86154		0.72036
AUC improved at epoch  111 ;	best_auc: 0.9379043732717657
112		8593.26		0.93672		0.93689		0.86788		0.84466		0.90155		0.87218		0.73743
113		8594.4		0.93667		0.93731		0.87047		0.89503		0.83938		0.86631		0.74237
114		8595.81		0.93484		0.9352		0.84456		0.8093		0.90155		0.85294		0.69364
115		8597.12		0.93581		0.9367		0.85233		0.85789		0.84456		0.85117		0.70475
116		8598.99		0.93796		0.93815		0.8601		0.85279		0.87047		0.86154		0.72036
AUC improved at epoch  116 ;	best_auc: 0.9379580659883486
117		8600.31		0.93543		0.93396		0.85751		0.82547		0.90674		0.8642		0.71852
118		8601.48		0.93562		0.93592		0.87306		0.8871		0.85492		0.87071		0.74661
119		8603.2		0.93533		0.93518		0.85492		0.83415		0.88601		0.8593		0.71122
120		8605.27		0.93329		0.93311		0.85751		0.83824		0.88601		0.86146		0.71619
121		8606.88		0.93624		0.93668		0.83938		0.8359		0.84456		0.84021		0.67879
122		8608.16		0.93619		0.93716		0.85233		0.82692		0.89119		0.85786		0.7068
123		8609.61		0.93487		0.93519		0.86788		0.86224		0.87565		0.86889		0.73584
124		8610.74		0.93393		0.93388		0.86269		0.85714		0.87047		0.86375		0.72548
125		8611.99		0.93637		0.93581		0.85751		0.83173		0.89637		0.86284		0.7172
126		8613.16		0.93726		0.9376		0.84974		0.84264		0.8601		0.85128		0.69963
127		8614.26		0.93616		0.93587		0.85492		0.83744		0.88083		0.85859		0.7108
128		8615.49		0.93468		0.93363		0.85492		0.8216		0.90674		0.86207		0.71369
129		8616.65		0.93503		0.93539		0.87824		0.87629		0.88083		0.87855		0.75649
130		8618.04		0.93651		0.9376		0.86528		0.84058		0.90155		0.87		0.7325
131		8619.25		0.93659		0.93723		0.86788		0.84466		0.90155		0.87218		0.73743
132		8620.67		0.93543		0.9364		0.85751		0.84158		0.88083		0.86076		0.7158
133		8622.2		0.93621		0.93792		0.85751		0.83824		0.88601		0.86146		0.71619
134		8623.57		0.93978		0.94177		0.85233		0.82075		0.90155		0.85926		0.7081
AUC improved at epoch  134 ;	best_auc: 0.9397836183521705
135		8625.33		0.9397		0.94215		0.85751		0.86702		0.84456		0.85564		0.71527
136		8626.72		0.94263		0.94389		0.84974		0.82609		0.88601		0.855		0.70133
AUC improved at epoch  136 ;	best_auc: 0.9426293323310693
137		8628.68		0.9433		0.94388		0.86528		0.84729		0.89119		0.86869		0.73155
AUC improved at epoch  137 ;	best_auc: 0.9433004912883567
138		8630.26		0.94407		0.94411		0.86788		0.85149		0.89119		0.87089		0.73655
AUC improved at epoch  138 ;	best_auc: 0.9440656124996644
139		8631.49		0.94445		0.9445		0.87047		0.84541		0.90674		0.875		0.74289
AUC improved at epoch  139 ;	best_auc: 0.9444548846948911
140		8632.84		0.9435		0.94367		0.87565		0.85714		0.90155		0.87879		0.75231
141		8634.26		0.94486		0.94487		0.87565		0.87179		0.88083		0.87629		0.75134
AUC improved at epoch  141 ;	best_auc: 0.9448575800692636
142		8635.4		0.94458		0.94351		0.86788		0.84466		0.90155		0.87218		0.73743
143		8636.75		0.94381		0.944		0.87824		0.85784		0.90674		0.88161		0.75771
144		8638.08		0.94244		0.94382		0.86788		0.86598		0.87047		0.86822		0.73576
145		8639.4		0.94292		0.94384		0.86528		0.84729		0.89119		0.86869		0.73155
146		8640.88		0.94182		0.94239		0.8601		0.83575		0.89637		0.865		0.72211
147		8642.69		0.94282		0.94446		0.86528		0.85427		0.88083		0.86735		0.73092
148		8644.25		0.94354		0.94471		0.86788		0.8381		0.91192		0.87345		0.73862
149		8645.59		0.94334		0.94437		0.86269		0.82407		0.92228		0.87042		0.7306
150		8647.44		0.94437		0.94569		0.86528		0.85427		0.88083		0.86735		0.73092
151		8649.22		0.94518		0.94584		0.87047		0.87047		0.87047		0.87047		0.74093
AUC improved at epoch  151 ;	best_auc: 0.9451797363687616
152		8650.44		0.94444		0.9447		0.87047		0.85572		0.89119		0.8731		0.74157
153		8651.8		0.94385		0.9442		0.87824		0.865		0.89637		0.88041		0.75697
154		8653.34		0.94123		0.94084		0.87565		0.85714		0.90155		0.87879		0.75231
155		8654.68		0.93973		0.93888		0.86269		0.83981		0.89637		0.86717		0.72704
156		8656.11		0.94137		0.94046		0.86269		0.83654		0.90155		0.86783		0.72759
157		8657.71		0.94319		0.94212		0.86788		0.855		0.88601		0.87023		0.73624
158		8659.52		0.9445		0.9431		0.87306		0.85294		0.90155		0.87657		0.74733
159		8660.71		0.94413		0.94227		0.87565		0.85366		0.90674		0.8794		0.75275
160		8662.14		0.94399		0.94219		0.86788		0.84466		0.90155		0.87218		0.73743
161		8663.82		0.94444		0.94395		0.87824		0.85784		0.90674		0.88161		0.75771
162		8665.63		0.94362		0.94334		0.88342		0.86634		0.90674		0.88608		0.76767
163		8666.83		0.94362		0.94396		0.88342		0.86634		0.90674		0.88608		0.76767
164		8668.04		0.94386		0.94437		0.87824		0.85784		0.90674		0.88161		0.75771
165		8669.99		0.9445		0.94555		0.87306		0.85294		0.90155		0.87657		0.74733
166		8671.35		0.94531		0.94678		0.86528		0.84729		0.89119		0.86869		0.73155
AUC improved at epoch  166 ;	best_auc: 0.9453139681602191
167		8672.52		0.94564		0.94711		0.87565		0.85366		0.90674		0.8794		0.75275
AUC improved at epoch  167 ;	best_auc: 0.945636124459717
168		8674.01		0.94476		0.94497		0.87047		0.84878		0.90155		0.87437		0.74237
169		8675.31		0.94186		0.94134		0.87306		0.85644		0.89637		0.87595		0.74693
170		8676.54		0.93982		0.93829		0.86788		0.85149		0.89119		0.87089		0.73655
171		8677.86		0.94123		0.93992		0.87565		0.85366		0.90674		0.8794		0.75275
172		8679.01		0.94378		0.9433		0.87306		0.84951		0.90674		0.87719		0.74781
173		8680.6		0.94456		0.94464		0.87565		0.85366		0.90674		0.8794		0.75275
174		8682.41		0.94463		0.94501		0.87306		0.85644		0.89637		0.87595		0.74693
175		8684.46		0.94404		0.94452		0.87306		0.85644		0.89637		0.87595		0.74693
176		8685.72		0.94396		0.94467		0.87306		0.86		0.89119		0.87532		0.74661
177		8686.9		0.94252		0.94354		0.87824		0.865		0.89637		0.88041		0.75697
178		8688.5		0.94335		0.94449		0.88083		0.86207		0.90674		0.88384		0.76268
179		8690.16		0.94405		0.94497		0.87565		0.85714		0.90155		0.87879		0.75231
180		8691.55		0.94423		0.94489		0.88083		0.86935		0.89637		0.88265		0.76203
181		8692.76		0.94377		0.94397		0.87824		0.86139		0.90155		0.88101		0.7573
182		8693.92		0.94404		0.94417		0.88083		0.86207		0.90674		0.88384		0.76268
183		8695.27		0.94451		0.94454		0.87565		0.85366		0.90674		0.8794		0.75275
184		8696.75		0.94478		0.94454		0.87306		0.84951		0.90674		0.87719		0.74781
185		8697.95		0.94526		0.94528		0.87047		0.84878		0.90155		0.87437		0.74237
186		8699.28		0.94539		0.94541		0.87306		0.85644		0.89637		0.87595		0.74693
187		8700.58		0.94499		0.945		0.86788		0.85149		0.89119		0.87089		0.73655
188		8701.87		0.94521		0.94495		0.87306		0.85294		0.90155		0.87657		0.74733
189		8703.21		0.94462		0.94398		0.87306		0.85294		0.90155		0.87657		0.74733
190		8704.54		0.94407		0.94303		0.86788		0.84466		0.90155		0.87218		0.73743
191		8705.93		0.94452		0.94311		0.87306		0.85294		0.90155		0.87657		0.74733
192		8707.5		0.94415		0.94204		0.87306		0.85644		0.89637		0.87595		0.74693
193		8709.82		0.9433		0.94086		0.86788		0.855		0.88601		0.87023		0.73624
194		8711.37		0.94358		0.9412		0.87047		0.85222		0.89637		0.87374		0.74193
195		8712.65		0.94409		0.94232		0.88083		0.85167		0.92228		0.88557		0.76429
196		8714.33		0.94535		0.94484		0.88083		0.85167		0.92228		0.88557		0.76429
197		8715.97		0.94535		0.94574		0.87824		0.85096		0.9171		0.88279		0.75877
198		8717.36		0.94568		0.94672		0.87565		0.85024		0.91192		0.88		0.75328
AUC improved at epoch  198 ;	best_auc: 0.9456763939971542
199		8718.58		0.94502		0.94598		0.87306		0.84951		0.90674		0.87719		0.74781
200		8719.76		0.94467		0.94503		0.86528		0.83732		0.90674		0.87065		0.73309
201		8720.99		0.94382		0.94347		0.87306		0.85294		0.90155		0.87657		0.74733
202		8722.2		0.94365		0.94252		0.87306		0.85294		0.90155		0.87657		0.74733
203		8723.33		0.94474		0.94299		0.88083		0.86567		0.90155		0.88325		0.76231
204		8724.59		0.9458		0.94363		0.87306		0.85644		0.89637		0.87595		0.74693
AUC improved at epoch  204 ;	best_auc: 0.945797202609466
205		8725.9		0.94527		0.94323		0.87565		0.8607		0.89637		0.87817		0.75194
206		8727.43		0.94561		0.94312		0.88083		0.86935		0.89637		0.88265		0.76203
207		8729.34		0.94546		0.94275		0.88083		0.86567		0.90155		0.88325		0.76231
208		8730.67		0.94539		0.94227		0.87824		0.85784		0.90674		0.88161		0.75771
209		8731.82		0.94491		0.94129		0.88601		0.867		0.91192		0.88889		0.77306
210		8732.96		0.94505		0.94119		0.88342		0.86634		0.90674		0.88608		0.76767
211		8734.46		0.94486		0.94141		0.88083		0.86935		0.89637		0.88265		0.76203
212		8735.86		0.94592		0.94247		0.88342		0.88144		0.88601		0.88372		0.76685
AUC improved at epoch  212 ;	best_auc: 0.9459180112217778
213		8737.4		0.94609		0.94361		0.87824		0.865		0.89637		0.88041		0.75697
AUC improved at epoch  213 ;	best_auc: 0.9460925125506725
214		8738.93		0.94608		0.9447		0.87565		0.8607		0.89637		0.87817		0.75194
215		8740.45		0.94629		0.94556		0.87047		0.85222		0.89637		0.87374		0.74193
AUC improved at epoch  215 ;	best_auc: 0.9462938602378587
216		8742.47		0.94617		0.94622		0.86788		0.84804		0.89637		0.87154		0.73695
217		8744.06		0.94623		0.9465		0.86528		0.85075		0.88601		0.86802		0.7312
218		8745.46		0.94616		0.94621		0.86788		0.855		0.88601		0.87023		0.73624
219		8746.7		0.94594		0.94528		0.86788		0.84804		0.89637		0.87154		0.73695
220		8747.97		0.94556		0.94425		0.87306		0.84951		0.90674		0.87719		0.74781
221		8749.29		0.9456		0.94402		0.87565		0.85714		0.90155		0.87879		0.75231
222		8751.28		0.94525		0.94302		0.87824		0.865		0.89637		0.88041		0.75697
223		8753.23		0.94574		0.94287		0.88083		0.86935		0.89637		0.88265		0.76203
224		8754.87		0.94577		0.94298		0.88083		0.86935		0.89637		0.88265		0.76203
225		8756.31		0.94491		0.94176		0.88083		0.86567		0.90155		0.88325		0.76231
226		8757.63		0.94514		0.94259		0.87824		0.85437		0.91192		0.88221		0.7582
227		8759.0		0.94494		0.94335		0.87565		0.85366		0.90674		0.8794		0.75275
228		8760.52		0.94589		0.94426		0.88083		0.86207		0.90674		0.88384		0.76268
229		8761.83		0.9462		0.9452		0.88342		0.86634		0.90674		0.88608		0.76767
230		8763.28		0.94659		0.94607		0.88083		0.86567		0.90155		0.88325		0.76231
AUC improved at epoch  230 ;	best_auc: 0.9465891701790652
231		8764.6		0.94662		0.94636		0.87824		0.86139		0.90155		0.88101		0.7573
AUC improved at epoch  231 ;	best_auc: 0.9466160165373567
232		8766.3		0.94717		0.94684		0.87306		0.85294		0.90155		0.87657		0.74733
AUC improved at epoch  232 ;	best_auc: 0.9471663668823325
233		8767.85		0.9465		0.94624		0.87047		0.84878		0.90155		0.87437		0.74237
234		8769.17		0.94605		0.94568		0.86788		0.84466		0.90155		0.87218		0.73743
235		8770.51		0.94552		0.94513		0.86528		0.8439		0.89637		0.86935		0.73199
236		8772.45		0.94499		0.94411		0.87047		0.85222		0.89637		0.87374		0.74193
237		8773.6		0.94451		0.94312		0.86528		0.85075		0.88601		0.86802		0.7312
238		8774.74		0.9445		0.94266		0.87306		0.85644		0.89637		0.87595		0.74693
239		8775.88		0.94429		0.94205		0.87047		0.85222		0.89637		0.87374		0.74193
240		8776.96		0.94408		0.94112		0.87047		0.84541		0.90674		0.875		0.74289
241		8778.22		0.94384		0.93997		0.87306		0.84286		0.9171		0.87841		0.74903
242		8779.48		0.94346		0.93974		0.87824		0.85437		0.91192		0.88221		0.7582
243		8780.63		0.94313		0.93903		0.87824		0.85784		0.90674		0.88161		0.75771
244		8781.78		0.94272		0.93861		0.88083		0.86567		0.90155		0.88325		0.76231
245		8783.23		0.94248		0.9389		0.88083		0.86935		0.89637		0.88265		0.76203
246		8784.66		0.94327		0.94034		0.8886		0.875		0.90674		0.89059		0.77771
247		8785.99		0.94455		0.94262		0.87824		0.86139		0.90155		0.88101		0.7573
248		8787.51		0.94447		0.94337		0.86788		0.84466		0.90155		0.87218		0.73743
249		8789.15		0.94475		0.94402		0.86788		0.84135		0.90674		0.87282		0.73798
250		8790.6		0.9449		0.94442		0.86788		0.84135		0.90674		0.87282		0.73798
251		8791.92		0.94537		0.94466		0.87565		0.8607		0.89637		0.87817		0.75194
252		8793.27		0.94578		0.94486		0.87306		0.85644		0.89637		0.87595		0.74693
253		8794.63		0.94523		0.94413		0.87306		0.86364		0.88601		0.87468		0.74636
254		8796.14		0.94443		0.9427		0.87047		0.85572		0.89119		0.8731		0.74157
255		8797.51		0.94326		0.94135		0.87047		0.8593		0.88601		0.87245		0.74129
256		8798.91		0.9428		0.94102		0.87306		0.85644		0.89637		0.87595		0.74693
257		8800.35		0.94296		0.94089		0.87047		0.84541		0.90674		0.875		0.74289
258		8801.63		0.94342		0.94136		0.87306		0.84286		0.9171		0.87841		0.74903
259		8803.13		0.94433		0.94225		0.87306		0.84615		0.91192		0.87781		0.74838
260		8804.6		0.94509		0.94274		0.88083		0.85854		0.91192		0.88442		0.76313
261		8806.06		0.94521		0.94244		0.88342		0.86634		0.90674		0.88608		0.76767
262		8807.38		0.94527		0.94189		0.88342		0.87		0.90155		0.8855		0.76734
263		8808.83		0.94565		0.9419		0.88601		0.87817		0.89637		0.88718		0.77219
264		8810.18		0.94603		0.94224		0.89119		0.8794		0.90674		0.89286		0.78276
265		8811.65		0.94623		0.9429		0.8886		0.875		0.90674		0.89059		0.77771
266		8813.06		0.94616		0.94343		0.88342		0.86275		0.91192		0.88665		0.76809
267		8814.38		0.94617		0.94348		0.87565		0.85024		0.91192		0.88		0.75328
268		8815.82		0.94545		0.94285		0.87306		0.84615		0.91192		0.87781		0.74838
269		8817.33		0.94541		0.94242		0.87565		0.85024		0.91192		0.88		0.75328
270		8818.69		0.94498		0.94226		0.88601		0.867		0.91192		0.88889		0.77306
271		8819.98		0.94412		0.94105		0.88342		0.87		0.90155		0.8855		0.76734
272		8821.57		0.94376		0.94017		0.87824		0.87245		0.88601		0.87918		0.75657
273		8823.08		0.94323		0.93964		0.87565		0.86802		0.88601		0.87692		0.75146
274		8824.56		0.94311		0.93943		0.87565		0.86432		0.89119		0.87755		0.75166
275		8825.83		0.9431		0.93942		0.87824		0.85437		0.91192		0.88221		0.7582
276		8828.25		0.94356		0.94003		0.88342		0.86634		0.90674		0.88608		0.76767
277		8833.92		0.94401		0.94109		0.88083		0.8731		0.89119		0.88205		0.76182
278		8839.31		0.94454		0.94194		0.88083		0.8731		0.89119		0.88205		0.76182
279		8841.29		0.9442		0.94159		0.87824		0.86869		0.89119		0.8798		0.75673
280		8842.4		0.94365		0.94119		0.88083		0.86935		0.89637		0.88265		0.76203
281		8844.2		0.94319		0.94048		0.87565		0.86432		0.89119		0.87755		0.75166
282		8845.78		0.94292		0.94036		0.87306		0.85644		0.89637		0.87595		0.74693
283		8846.98		0.94376		0.94172		0.87824		0.86139		0.90155		0.88101		0.7573
284		8848.37		0.94432		0.9424		0.87565		0.8607		0.89637		0.87817		0.75194
285		8850.02		0.94424		0.9423		0.88083		0.86567		0.90155		0.88325		0.76231
286		8851.47		0.94394		0.94161		0.87824		0.865		0.89637		0.88041		0.75697
287		8853.28		0.94393		0.94111		0.88342		0.87		0.90155		0.8855		0.76734
288		8855.79		0.94373		0.94083		0.87565		0.86432		0.89119		0.87755		0.75166
289		8857.27		0.94419		0.94111		0.87824		0.86869		0.89119		0.8798		0.75673
290		8858.73		0.94488		0.94193		0.88083		0.86567		0.90155		0.88325		0.76231
291		8859.9		0.9449		0.94227		0.87565		0.85714		0.90155		0.87879		0.75231
292		8861.0		0.94529		0.94312		0.88083		0.86567		0.90155		0.88325		0.76231
293		8862.09		0.94577		0.94408		0.88342		0.87		0.90155		0.8855		0.76734
294		8863.67		0.94573		0.94466		0.88083		0.86935		0.89637		0.88265		0.76203
295		8865.23		0.94475		0.9438		0.88083		0.86935		0.89637		0.88265		0.76203
296		8866.47		0.9447		0.94337		0.88083		0.86567		0.90155		0.88325		0.76231
297		8867.65		0.94366		0.94146		0.87047		0.85572		0.89119		0.8731		0.74157
298		8868.93		0.94291		0.93999		0.86528		0.83732		0.90674		0.87065		0.73309
299		8870.07		0.9438		0.94092		0.87306		0.85294		0.90155		0.87657		0.74733
300		8871.31		0.94545		0.94305		0.88342		0.87374		0.89637		0.88491		0.7671
301		8872.66		0.94648		0.94373		0.87565		0.86432		0.89119		0.87755		0.75166
302		8874.03		0.94589		0.94321		0.87565		0.86802		0.88601		0.87692		0.75146
303		8875.24		0.94603		0.94297		0.87565		0.86802		0.88601		0.87692		0.75146
304		8876.4		0.94573		0.94235		0.87565		0.85714		0.90155		0.87879		0.75231
305		8877.6		0.94444		0.94013		0.88083		0.85854		0.91192		0.88442		0.76313
306		8878.99		0.94385		0.93928		0.88083		0.85854		0.91192		0.88442		0.76313
307		8880.75		0.94294		0.93791		0.88342		0.86634		0.90674		0.88608		0.76767
308		8882.38		0.94282		0.93788		0.88601		0.87817		0.89637		0.88718		0.77219
309		8884.22		0.94361		0.93898		0.8886		0.88265		0.89637		0.88946		0.7773
310		8885.36		0.94382		0.93923		0.8886		0.87879		0.90155		0.89003		0.77746
311		8886.7		0.94458		0.94093		0.88083		0.86935		0.89637		0.88265		0.76203
312		8887.85		0.94484		0.94158		0.87565		0.8607		0.89637		0.87817		0.75194
313		8888.97		0.94542		0.94271		0.87306		0.86		0.89119		0.87532		0.74661
314		8890.08		0.94533		0.94274		0.86788		0.84804		0.89637		0.87154		0.73695
315		8891.45		0.94531		0.94269		0.87824		0.85437		0.91192		0.88221		0.7582
316		8893.03		0.94478		0.94198		0.87824		0.85437		0.91192		0.88221		0.7582
317		8894.57		0.94358		0.94066		0.8886		0.875		0.90674		0.89059		0.77771
318		8896.38		0.94294		0.9403		0.88342		0.87755		0.89119		0.88432		0.76693
319		8898.04		0.94315		0.94077		0.88342		0.88144		0.88601		0.88372		0.76685
320		8899.48		0.94343		0.9413		0.88601		0.88205		0.89119		0.8866		0.77206
321		8900.71		0.94382		0.94174		0.87824		0.86869		0.89119		0.8798		0.75673
322		8902.01		0.9445		0.94219		0.87306		0.84615		0.91192		0.87781		0.74838
323		8903.71		0.94482		0.9427		0.87306		0.85294		0.90155		0.87657		0.74733
324		8905.51		0.94543		0.94379		0.87047		0.85222		0.89637		0.87374		0.74193
325		8906.87		0.94521		0.94416		0.87306		0.85644		0.89637		0.87595		0.74693
326		8908.54		0.94484		0.94385		0.87306		0.86		0.89119		0.87532		0.74661
327		8910.1		0.94429		0.94296		0.87306		0.86735		0.88083		0.87404		0.7462
328		8911.25		0.9426		0.94165		0.87565		0.86802		0.88601		0.87692		0.75146
329		8912.6		0.94216		0.94084		0.87565		0.86802		0.88601		0.87692		0.75146
330		8913.82		0.94252		0.94101		0.87824		0.86869		0.89119		0.8798		0.75673
331		8915.25		0.94365		0.94194		0.87565		0.85714		0.90155		0.87879		0.75231
332		8916.53		0.94419		0.94258		0.87565		0.85714		0.90155		0.87879		0.75231
333		8917.84		0.94514		0.94391		0.87824		0.86139		0.90155		0.88101		0.7573
334		8919.04		0.94535		0.9443		0.88083		0.86567		0.90155		0.88325		0.76231
335		8920.25		0.94543		0.94439		0.88083		0.86567		0.90155		0.88325		0.76231
336		8921.67		0.94476		0.94385		0.87565		0.85714		0.90155		0.87879		0.75231
337		8923.67		0.94458		0.94382		0.88083		0.86207		0.90674		0.88384		0.76268
338		8924.98		0.94397		0.94282		0.87824		0.86139		0.90155		0.88101		0.7573
339		8926.17		0.94309		0.94163		0.87306		0.86		0.89119		0.87532		0.74661
340		8927.53		0.94322		0.94129		0.88083		0.8731		0.89119		0.88205		0.76182
341		8929.24		0.94349		0.94133		0.88083		0.87692		0.88601		0.88144		0.7617
342		8931.07		0.9438		0.94181		0.88342		0.87755		0.89119		0.88432		0.76693
343		8932.34		0.94437		0.94243		0.87824		0.86139		0.90155		0.88101		0.7573
344		8934.32		0.94464		0.9425		0.87824		0.86139		0.90155		0.88101		0.7573
345		8935.63		0.94509		0.94304		0.88083		0.86207		0.90674		0.88384		0.76268
346		8936.85		0.94478		0.94239		0.88083		0.85854		0.91192		0.88442		0.76313
347		8938.27		0.94405		0.94104		0.88083		0.86207		0.90674		0.88384		0.76268
348		8939.43		0.94376		0.94044		0.88342		0.87		0.90155		0.8855		0.76734
349		8940.58		0.94405		0.94051		0.8886		0.87879		0.90155		0.89003		0.77746
350		8942.37		0.94388		0.94008		0.88601		0.87437		0.90155		0.88776		0.77239
351		8943.83		0.9433		0.93927		0.88601		0.87437		0.90155		0.88776		0.77239
352		8944.97		0.94335		0.93957		0.88601		0.87437		0.90155		0.88776		0.77239
353		8946.14		0.9436		0.94023		0.88342		0.87		0.90155		0.8855		0.76734
354		8947.27		0.94343		0.94123		0.87824		0.865		0.89637		0.88041		0.75697
355		8948.52		0.9442		0.94261		0.87565		0.86802		0.88601		0.87692		0.75146
356		8949.74		0.94487		0.94386		0.87824		0.87245		0.88601		0.87918		0.75657
357		8950.84		0.94534		0.94437		0.87565		0.86802		0.88601		0.87692		0.75146
358		8951.98		0.94561		0.94448		0.87824		0.86139		0.90155		0.88101		0.7573
359		8953.1		0.94523		0.94371		0.87306		0.85294		0.90155		0.87657		0.74733
360		8954.34		0.94507		0.94325		0.88083		0.85507		0.9171		0.885		0.76367
361		8955.74		0.94496		0.94291		0.88601		0.86341		0.9171		0.88945		0.77352
362		8957.19		0.94502		0.94281		0.88601		0.867		0.91192		0.88889		0.77306
363		8958.93		0.94396		0.94135		0.88342		0.87		0.90155		0.8855		0.76734
364		8960.58		0.94333		0.94049		0.8886		0.875		0.90674		0.89059		0.77771
365		8961.87		0.94326		0.9405		0.88342		0.87374		0.89637		0.88491		0.7671
366		8963.38		0.94354		0.94058		0.88601		0.87437		0.90155		0.88776		0.77239
367		8964.88		0.94413		0.94094		0.87565		0.85714		0.90155		0.87879		0.75231
368		8966.45		0.94455		0.94181		0.88083		0.86207		0.90674		0.88384		0.76268
369		8967.72		0.94507		0.94254		0.88342		0.86275		0.91192		0.88665		0.76809
370		8969.18		0.94542		0.94302		0.88342		0.86634		0.90674		0.88608		0.76767
371		8970.51		0.94574		0.94303		0.88083		0.86567		0.90155		0.88325		0.76231
372		8972.22		0.94682		0.94451		0.88083		0.8731		0.89119		0.88205		0.76182
373		8973.8		0.94592		0.94388		0.88083		0.8731		0.89119		0.88205		0.76182
374		8975.65		0.94648		0.94439		0.88083		0.86935		0.89637		0.88265		0.76203
375		8977.44		0.94663		0.94483		0.87824		0.86139		0.90155		0.88101		0.7573
376		8978.79		0.94684		0.94539		0.87824		0.86139		0.90155		0.88101		0.7573
377		8980.05		0.94682		0.94516		0.88601		0.87437		0.90155		0.88776		0.77239
378		8981.24		0.94679		0.94491		0.88601		0.87437		0.90155		0.88776		0.77239
379		8982.5		0.94645		0.94428		0.88342		0.87		0.90155		0.8855		0.76734
380		8983.74		0.94619		0.94363		0.87824		0.86139		0.90155		0.88101		0.7573
381		8985.13		0.94517		0.94203		0.88083		0.86567		0.90155		0.88325		0.76231
382		8986.37		0.94499		0.94146		0.88601		0.87065		0.90674		0.88832		0.77268
383		8987.83		0.94498		0.94174		0.88342		0.87		0.90155		0.8855		0.76734
384		8989.55		0.94506		0.94208		0.87824		0.86869		0.89119		0.8798		0.75673
385		8991.14		0.94513		0.94218		0.88083		0.8731		0.89119		0.88205		0.76182
386		8992.31		0.94506		0.94259		0.87565		0.86432		0.89119		0.87755		0.75166
387		8994.27		0.94518		0.94222		0.87824		0.865		0.89637		0.88041		0.75697
388		8995.4		0.94456		0.94149		0.88083		0.86207		0.90674		0.88384		0.76268
389		8996.55		0.94408		0.94049		0.88342		0.86275		0.91192		0.88665		0.76809
390		8997.82		0.94441		0.94063		0.87824		0.85096		0.9171		0.88279		0.75877
391		8999.03		0.94412		0.94023		0.87565		0.85024		0.91192		0.88		0.75328
392		9000.15		0.94424		0.94011		0.87824		0.85784		0.90674		0.88161		0.75771
393		9001.41		0.9448		0.94091		0.88342		0.87		0.90155		0.8855		0.76734
394		9002.81		0.94484		0.94048		0.88342		0.87		0.90155		0.8855		0.76734
395		9004.13		0.94439		0.93968		0.88083		0.86207		0.90674		0.88384		0.76268
396		9005.28		0.94455		0.93968		0.87824		0.85784		0.90674		0.88161		0.75771
397		9006.42		0.94548		0.94049		0.88083		0.86207		0.90674		0.88384		0.76268
398		9007.56		0.94616		0.94114		0.88342		0.87		0.90155		0.8855		0.76734
399		9008.85		0.94701		0.94233		0.88342		0.87		0.90155		0.8855		0.76734
400		9010.0		0.94723		0.94256		0.8886		0.87129		0.91192		0.89114		0.77805
AUC improved at epoch  400 ;	best_auc: 0.9472334827780612
401		9011.43		0.94722		0.9427		0.88342		0.86275		0.91192		0.88665		0.76809
402		9012.73		0.94671		0.94227		0.88601		0.8599		0.92228		0.89		0.77406
403		9014.43		0.94655		0.94193		0.88601		0.8599		0.92228		0.89		0.77406
404		9015.71		0.94721		0.94354		0.88083		0.85507		0.9171		0.885		0.76367
405		9017.08		0.94611		0.94251		0.88601		0.86341		0.9171		0.88945		0.77352
406		9018.55		0.94483		0.94096		0.8886		0.86765		0.9171		0.89169		0.77847
407		9020.13		0.94474		0.94117		0.8886		0.87879		0.90155		0.89003		0.77746
408		9021.77		0.94499		0.94099		0.88601		0.87817		0.89637		0.88718		0.77219
409		9023.35		0.94475		0.94091		0.88342		0.87		0.90155		0.8855		0.76734
410		9024.84		0.94386		0.9399		0.8886		0.86765		0.9171		0.89169		0.77847
411		9026.26		0.94416		0.9403		0.88601		0.867		0.91192		0.88889		0.77306
412		9027.74		0.9444		0.94092		0.88601		0.87065		0.90674		0.88832		0.77268
413		9029.03		0.9437		0.94018		0.88342		0.87		0.90155		0.8855		0.76734
414		9030.51		0.94322		0.93934		0.88601		0.867		0.91192		0.88889		0.77306
415		9031.89		0.94301		0.93881		0.88601		0.87065		0.90674		0.88832		0.77268
416		9033.51		0.94278		0.9389		0.8886		0.875		0.90674		0.89059		0.77771
417		9034.92		0.94382		0.94007		0.8886		0.875		0.90674		0.89059		0.77771
418		9036.5		0.94417		0.9405		0.89119		0.88325		0.90155		0.89231		0.78255
419		9037.89		0.94513		0.94157		0.8886		0.87879		0.90155		0.89003		0.77746
420		9039.77		0.94553		0.94193		0.8886		0.87879		0.90155		0.89003		0.77746
421		9041.09		0.94585		0.94237		0.88083		0.86207		0.90674		0.88384		0.76268
422		9042.23		0.94576		0.94252		0.87824		0.85784		0.90674		0.88161		0.75771
423		9043.35		0.94593		0.94251		0.87306		0.85644		0.89637		0.87595		0.74693
424		9044.45		0.94582		0.94204		0.87047		0.85572		0.89119		0.8731		0.74157
425		9045.73		0.94503		0.9409		0.87565		0.86802		0.88601		0.87692		0.75146
426		9046.99		0.94381		0.93946		0.87565		0.87179		0.88083		0.87629		0.75134
427		9048.15		0.94286		0.93847		0.87047		0.86667		0.87565		0.87113		0.74097
428		9049.36		0.94131		0.9364		0.87306		0.86		0.89119		0.87532		0.74661
429		9050.45		0.94072		0.93648		0.87565		0.86432		0.89119		0.87755		0.75166
430		9051.7		0.94103		0.93649		0.88342		0.87		0.90155		0.8855		0.76734
431		9053.15		0.94142		0.93718		0.87824		0.86139		0.90155		0.88101		0.7573
432		9054.83		0.94251		0.93821		0.87565		0.86432		0.89119		0.87755		0.75166
433		9056.43		0.94303		0.93851		0.87565		0.8607		0.89637		0.87817		0.75194
434		9058.15		0.94347		0.93825		0.88083		0.85854		0.91192		0.88442		0.76313
435		9059.75		0.94343		0.93831		0.87565		0.84689		0.9171		0.8806		0.75389
436		9061.13		0.94478		0.9395		0.88601		0.867		0.91192		0.88889		0.77306
437		9062.33		0.94518		0.9402		0.88083		0.86935		0.89637		0.88265		0.76203
438		9064.28		0.94521		0.94068		0.88083		0.8731		0.89119		0.88205		0.76182
439		9065.54		0.94515		0.93983		0.88601		0.867		0.91192		0.88889		0.77306
440		9066.66		0.94531		0.93946		0.88601		0.86341		0.9171		0.88945		0.77352
441		9068.22		0.94467		0.93853		0.87565		0.84689		0.9171		0.8806		0.75389
442		9069.7		0.94584		0.94135		0.88601		0.87817		0.89637		0.88718		0.77219
443		9071.09		0.94502		0.94163		0.87306		0.87895		0.86528		0.87206		0.7462
444		9072.69		0.94439		0.94158		0.87824		0.87629		0.88083		0.87855		0.75649
445		9074.46		0.94364		0.94093		0.8886		0.875		0.90674		0.89059		0.77771
446		9075.87		0.94331		0.94129		0.87565		0.85366		0.90674		0.8794		0.75275
447		9077.77		0.94389		0.9428		0.87565		0.85714		0.90155		0.87879		0.75231
448		9078.91		0.94432		0.94363		0.88083		0.86567		0.90155		0.88325		0.76231
449		9080.03		0.9451		0.94418		0.88083		0.86207		0.90674		0.88384		0.76268
450		9081.15		0.94553		0.944		0.87824		0.86139		0.90155		0.88101		0.7573
451		9082.49		0.94578		0.94347		0.88083		0.86567		0.90155		0.88325		0.76231
452		9083.67		0.94458		0.94157		0.88342		0.87		0.90155		0.8855		0.76734
453		9084.99		0.94423		0.94065		0.8886		0.87879		0.90155		0.89003		0.77746
454		9086.32		0.94545		0.94161		0.8886		0.8866		0.89119		0.88889		0.77721
455		9087.7		0.94678		0.94369		0.89119		0.89119		0.89119		0.89119		0.78238
456		9089.51		0.94707		0.94452		0.8886		0.8866		0.89119		0.88889		0.77721
457		9091.02		0.94753		0.94561		0.88083		0.8731		0.89119		0.88205		0.76182
AUC improved at epoch  457 ;	best_auc: 0.9475287927192675
458		9092.34		0.94761		0.94629		0.88342		0.86275		0.91192		0.88665		0.76809
AUC improved at epoch  458 ;	best_auc: 0.9476093317941422
459		9093.59		0.9476		0.94665		0.87824		0.85784		0.90674		0.88161		0.75771
460		9094.97		0.94692		0.94593		0.87824		0.865		0.89637		0.88041		0.75697
461		9096.83		0.94572		0.94394		0.87565		0.87179		0.88083		0.87629		0.75134
462		9098.05		0.94462		0.9419		0.88083		0.87692		0.88601		0.88144		0.7617
463		9099.22		0.94464		0.94112		0.88083		0.8731		0.89119		0.88205		0.76182
464		9100.45		0.94444		0.94067		0.88601		0.87817		0.89637		0.88718		0.77219
465		9101.61		0.94346		0.9392		0.88601		0.87817		0.89637		0.88718		0.77219
466		9103.16		0.94399		0.93989		0.89119		0.88325		0.90155		0.89231		0.78255
467		9104.86		0.9451		0.94129		0.89119		0.87562		0.91192		0.8934		0.78306
468		9106.3		0.94542		0.94171		0.88601		0.87065		0.90674		0.88832		0.77268
469		9107.64		0.94535		0.94205		0.8886		0.87129		0.91192		0.89114		0.77805
470		9108.85		0.94549		0.94244		0.88083		0.86935		0.89637		0.88265		0.76203
471		9110.18		0.94553		0.94288		0.88342		0.87755		0.89119		0.88432		0.76693
472		9111.41		0.94538		0.94318		0.88601		0.88601		0.88601		0.88601		0.77202
473		9112.82		0.94478		0.94252		0.8886		0.89062		0.88601		0.88831		0.77721
474		9114.37		0.94454		0.94222		0.88083		0.87692		0.88601		0.88144		0.7617
475		9116.19		0.94432		0.94137		0.88342		0.87374		0.89637		0.88491		0.7671
476		9117.61		0.94429		0.94065		0.87824		0.86139		0.90155		0.88101		0.7573
477		9119.13		0.94394		0.9398		0.87824		0.85437		0.91192		0.88221		0.7582
478		9120.65		0.94415		0.93947		0.88342		0.85922		0.9171		0.88722		0.76858
479		9121.97		0.94432		0.93951		0.88342		0.86634		0.90674		0.88608		0.76767
480		9123.13		0.94533		0.94064		0.88342		0.87		0.90155		0.8855		0.76734
481		9124.31		0.9466		0.94192		0.8886		0.87879		0.90155		0.89003		0.77746
482		9125.55		0.94688		0.94171		0.89119		0.8794		0.90674		0.89286		0.78276
483		9126.66		0.94725		0.94217		0.89119		0.8794		0.90674		0.89286		0.78276
484		9127.8		0.94686		0.94139		0.8886		0.875		0.90674		0.89059		0.77771
485		9129.03		0.94624		0.94014		0.89119		0.87562		0.91192		0.8934		0.78306
486		9130.73		0.946		0.9398		0.8886		0.875		0.90674		0.89059		0.77771
487		9132.4		0.94584		0.9399		0.88601		0.87065		0.90674		0.88832		0.77268
488		9133.68		0.94577		0.94033		0.88083		0.86567		0.90155		0.88325		0.76231
489		9135.04		0.94603		0.94101		0.88342		0.86634		0.90674		0.88608		0.76767
490		9136.34		0.94597		0.94124		0.88342		0.86634		0.90674		0.88608		0.76767
491		9137.85		0.94569		0.94143		0.88601		0.87065		0.90674		0.88832		0.77268
492		9139.23		0.94558		0.94156		0.88601		0.87065		0.90674		0.88832		0.77268
493		9141.09		0.94582		0.94202		0.88342		0.86634		0.90674		0.88608		0.76767
494		9142.48		0.94542		0.94121		0.88342		0.86275		0.91192		0.88665		0.76809
495		9144.19		0.94498		0.94042		0.88601		0.867		0.91192		0.88889		0.77306
496		9146.18		0.94511		0.94066		0.89119		0.87562		0.91192		0.8934		0.78306
497		9148.14		0.94609		0.94195		0.8886		0.875		0.90674		0.89059		0.77771
498		9149.46		0.94709		0.94312		0.88601		0.87817		0.89637		0.88718		0.77219
499		9150.73		0.94773		0.94485		0.89378		0.88776		0.90155		0.8946		0.78766
AUC improved at epoch  499 ;	best_auc: 0.9477301404064538
500		9152.0		0.9479		0.94506		0.88601		0.867		0.91192		0.88889		0.77306
AUC improved at epoch  500 ;	best_auc: 0.9479046417353486
501		9153.44		0.94715		0.94396		0.88083		0.85854		0.91192		0.88442		0.76313
502		9154.71		0.94654		0.94298		0.88342		0.86275		0.91192		0.88665		0.76809
503		9155.99		0.9455		0.94111		0.8886		0.875		0.90674		0.89059		0.77771
504		9157.41		0.94382		0.93924		0.89119		0.8794		0.90674		0.89286		0.78276
505		9158.52		0.94331		0.93837		0.8886		0.87879		0.90155		0.89003		0.77746
506		9159.68		0.94439		0.93938		0.8886		0.875		0.90674		0.89059		0.77771
507		9161.0		0.94511		0.94028		0.8886		0.87129		0.91192		0.89114		0.77805
508		9163.1		0.94659		0.94249		0.88083		0.86207		0.90674		0.88384		0.76268
509		9164.44		0.94799		0.94478		0.8886		0.875		0.90674		0.89059		0.77771
AUC improved at epoch  509 ;	best_auc: 0.9479851808102231
510		9165.64		0.94792		0.94465		0.8886		0.88265		0.89637		0.88946		0.7773
511		9166.93		0.94754		0.94422		0.89119		0.88718		0.89637		0.89175		0.78243
512		9168.35		0.9464		0.94241		0.88342		0.87		0.90155		0.8855		0.76734
513		9169.53		0.94384		0.93829		0.88083		0.86207		0.90674		0.88384		0.76268
514		9170.94		0.94275		0.93713		0.87824		0.85784		0.90674		0.88161		0.75771
515		9172.47		0.94298		0.93738		0.87824		0.86139		0.90155		0.88101		0.7573
516		9174.12		0.94471		0.93943		0.8886		0.88265		0.89637		0.88946		0.7773
517		9175.52		0.94562		0.94133		0.8886		0.88265		0.89637		0.88946		0.7773
518		9176.87		0.94588		0.94171		0.89119		0.88325		0.90155		0.89231		0.78255
519		9178.11		0.94631		0.94244		0.88601		0.87437		0.90155		0.88776		0.77239
520		9179.69		0.9467		0.94252		0.87824		0.85784		0.90674		0.88161		0.75771
521		9181.25		0.94651		0.94243		0.87824		0.85784		0.90674		0.88161		0.75771
522		9182.99		0.94611		0.94204		0.89119		0.88325		0.90155		0.89231		0.78255
523		9184.84		0.9458		0.94102		0.8886		0.88265		0.89637		0.88946		0.7773
524		9185.99		0.94495		0.93926		0.88601		0.87817		0.89637		0.88718		0.77219
525		9187.23		0.94464		0.93879		0.8886		0.87879		0.90155		0.89003		0.77746
526		9188.4		0.94445		0.93795		0.8886		0.875		0.90674		0.89059		0.77771
527		9189.51		0.9447		0.93824		0.8886		0.875		0.90674		0.89059		0.77771
528		9190.66		0.94518		0.93852		0.8886		0.875		0.90674		0.89059		0.77771
529		9191.81		0.94521		0.93883		0.88601		0.867		0.91192		0.88889		0.77306
530		9193.07		0.94502		0.93875		0.88601		0.87065		0.90674		0.88832		0.77268
531		9194.29		0.94484		0.93789		0.88601		0.87065		0.90674		0.88832		0.77268
532		9195.49		0.94384		0.93633		0.88342		0.86634		0.90674		0.88608		0.76767
533		9197.29		0.9428		0.93511		0.88601		0.87065		0.90674		0.88832		0.77268
534		9198.84		0.94252		0.93481		0.87824		0.865		0.89637		0.88041		0.75697
535		9200.11		0.94384		0.937		0.8886		0.88265		0.89637		0.88946		0.7773
536		9201.5		0.94509		0.93902		0.88083		0.87692		0.88601		0.88144		0.7617
537		9203.6		0.94507		0.93967		0.87824		0.87245		0.88601		0.87918		0.75657
538		9205.09		0.94552		0.93992		0.88083		0.86567		0.90155		0.88325		0.76231
539		9206.61		0.94514		0.93951		0.88083		0.86207		0.90674		0.88384		0.76268
540		9207.7		0.94413		0.93823		0.87047		0.84878		0.90155		0.87437		0.74237
541		9208.89		0.94565		0.94056		0.88342		0.87374		0.89637		0.88491		0.7671
542		9210.0		0.94553		0.94072		0.8886		0.89474		0.88083		0.88773		0.7773
543		9211.24		0.94568		0.94034		0.8886		0.88265		0.89637		0.88946		0.7773
544		9212.35		0.9445		0.93849		0.87824		0.86139		0.90155		0.88101		0.7573
545		9213.51		0.94347		0.93752		0.86528		0.83412		0.91192		0.87129		0.73377
546		9214.7		0.94482		0.93958		0.88083		0.8731		0.89119		0.88205		0.76182
547		9216.22		0.94552		0.94083		0.88342		0.88947		0.87565		0.88251		0.76693
548		9217.97		0.94521		0.9405		0.87824		0.88021		0.87565		0.87792		0.75649
549		9219.76		0.94548		0.93964		0.88083		0.86935		0.89637		0.88265		0.76203
550		9221.66		0.94455		0.93764		0.8886		0.86765		0.9171		0.89169		0.77847
551		9223.57		0.94403		0.9367		0.87824		0.85096		0.9171		0.88279		0.75877
552		9224.85		0.94407		0.93654		0.8886		0.875		0.90674		0.89059		0.77771
553		9226.07		0.94382		0.9362		0.88342		0.88144		0.88601		0.88372		0.76685
554		9227.18		0.94325		0.93591		0.87824		0.88421		0.87047		0.87728		0.75657
555		9228.36		0.94298		0.93547		0.88342		0.87374		0.89637		0.88491		0.7671
556		9229.86		0.94404		0.93747		0.87306		0.84951		0.90674		0.87719		0.74781
557		9231.23		0.94608		0.94028		0.87047		0.84541		0.90674		0.875		0.74289
558		9232.54		0.94772		0.94343		0.87565		0.85024		0.91192		0.88		0.75328
559		9233.76		0.94773		0.94404		0.88083		0.86207		0.90674		0.88384		0.76268
560		9234.87		0.94698		0.94355		0.8886		0.875		0.90674		0.89059		0.77771
561		9236.19		0.94624		0.94192		0.88342		0.87		0.90155		0.8855		0.76734
562		9237.35		0.94501		0.9401		0.88601		0.87437		0.90155		0.88776		0.77239
563		9238.48		0.94417		0.93831		0.88342		0.87374		0.89637		0.88491		0.7671
564		9240.48		0.94397		0.93836		0.87565		0.86802		0.88601		0.87692		0.75146
565		9241.74		0.94388		0.93851		0.87824		0.86869		0.89119		0.8798		0.75673
566		9243.1		0.94456		0.93997		0.88083		0.8731		0.89119		0.88205		0.76182
567		9244.26		0.94531		0.94129		0.88601		0.87817		0.89637		0.88718		0.77219
568		9245.53		0.94655		0.94373		0.87824		0.86139		0.90155		0.88101		0.7573
569		9247.13		0.9469		0.94477		0.87565		0.85714		0.90155		0.87879		0.75231
570		9248.79		0.94668		0.9438		0.87306		0.85294		0.90155		0.87657		0.74733
571		9250.36		0.94599		0.94157		0.87306		0.85294		0.90155		0.87657		0.74733
572		9251.99		0.94511		0.94001		0.87565		0.86432		0.89119		0.87755		0.75166
573		9253.54		0.94412		0.93785		0.88083		0.86567		0.90155		0.88325		0.76231
574		9254.78		0.94295		0.93585		0.88083		0.86567		0.90155		0.88325		0.76231
575		9255.92		0.94266		0.93521		0.88083		0.86567		0.90155		0.88325		0.76231
576		9257.17		0.9439		0.9365		0.87824		0.865		0.89637		0.88041		0.75697
577		9258.97		0.94386		0.93697		0.87824		0.86139		0.90155		0.88101		0.7573
578		9260.5		0.94356		0.93707		0.87824		0.85437		0.91192		0.88221		0.7582
579		9261.68		0.94412		0.93772		0.87824		0.85437		0.91192		0.88221		0.7582
580		9262.92		0.94502		0.93859		0.87824		0.85784		0.90674		0.88161		0.75771
581		9264.31		0.94537		0.93928		0.88601		0.87817		0.89637		0.88718		0.77219
582		9265.63		0.94604		0.94035		0.88601		0.88205		0.89119		0.8866		0.77206
583		9266.74		0.94603		0.94062		0.88083		0.88083		0.88083		0.88083		0.76166
584		9267.84		0.94599		0.94084		0.87306		0.86364		0.88601		0.87468		0.74636
585		9269.09		0.94546		0.94072		0.87306		0.85644		0.89637		0.87595		0.74693
586		9270.76		0.94526		0.94064		0.87824		0.85096		0.9171		0.88279		0.75877
587		9272.39		0.94499		0.94052		0.88342		0.85922		0.9171		0.88722		0.76858
588		9273.55		0.94484		0.94001		0.88083		0.85507		0.9171		0.885		0.76367
589		9274.84		0.94399		0.93876		0.88601		0.867		0.91192		0.88889		0.77306
590		9276.22		0.94369		0.93841		0.88601		0.87065		0.90674		0.88832		0.77268
591		9278.55		0.94339		0.93789		0.8886		0.875		0.90674		0.89059		0.77771
592		9280.11		0.94385		0.93812		0.89119		0.87192		0.9171		0.89394		0.78344
593		9281.73		0.94456		0.93879		0.88342		0.85577		0.92228		0.88778		0.76917
594		9282.88		0.94507		0.93945		0.88342		0.85577		0.92228		0.88778		0.76917
595		9284.36		0.94609		0.94078		0.8886		0.86408		0.92228		0.89223		0.77897
596		9285.78		0.94641		0.94109		0.8886		0.86765		0.9171		0.89169		0.77847
597		9287.16		0.94725		0.94198		0.89119		0.87192		0.9171		0.89394		0.78344
598		9288.66		0.94778		0.94243		0.8886		0.87129		0.91192		0.89114		0.77805
599		9290.34		0.94772		0.94231		0.8886		0.875		0.90674		0.89059		0.77771
600		9291.75		0.94722		0.94123		0.89119		0.87562		0.91192		0.8934		0.78306
601		9292.93		0.94711		0.94051		0.8886		0.87129		0.91192		0.89114		0.77805
602		9294.19		0.94695		0.94046		0.88342		0.87		0.90155		0.8855		0.76734
603		9295.76		0.9467		0.94034		0.88342		0.87		0.90155		0.8855		0.76734
604		9297.7		0.94663		0.94062		0.8886		0.87879		0.90155		0.89003		0.77746
605		9298.91		0.94643		0.94094		0.89378		0.88384		0.90674		0.89514		0.78783
606		9300.9		0.94637		0.94157		0.89119		0.88325		0.90155		0.89231		0.78255
607		9302.2		0.94688		0.94276		0.88342		0.87		0.90155		0.8855		0.76734
608		9303.5		0.94644		0.94254		0.87306		0.85294		0.90155		0.87657		0.74733
609		9304.79		0.94589		0.94175		0.87565		0.85366		0.90674		0.8794		0.75275
610		9306.16		0.94568		0.9413		0.87565		0.85366		0.90674		0.8794		0.75275
611		9307.54		0.94601		0.94142		0.87824		0.85784		0.90674		0.88161		0.75771
612		9308.76		0.94577		0.94077		0.88342		0.86634		0.90674		0.88608		0.76767
613		9310.15		0.94594		0.94033		0.88083		0.86567		0.90155		0.88325		0.76231
614		9311.4		0.94585		0.93928		0.88342		0.87		0.90155		0.8855		0.76734
615		9312.56		0.94592		0.93939		0.88601		0.87065		0.90674		0.88832		0.77268
616		9313.79		0.94593		0.9393		0.88342		0.87		0.90155		0.8855		0.76734
617		9314.96		0.94636		0.93976		0.87824		0.86139		0.90155		0.88101		0.7573
618		9316.31		0.94623		0.93966		0.87824		0.86139		0.90155		0.88101		0.7573
619		9317.53		0.94585		0.93903		0.88601		0.86341		0.9171		0.88945		0.77352
620		9318.93		0.94506		0.93819		0.8886		0.86408		0.92228		0.89223		0.77897
621		9321.0		0.94502		0.93809		0.8886		0.87129		0.91192		0.89114		0.77805
622		9322.47		0.9442		0.93782		0.89119		0.88325		0.90155		0.89231		0.78255
623		9323.96		0.94432		0.9379		0.89378		0.88776		0.90155		0.8946		0.78766
624		9325.6		0.94417		0.93778		0.88601		0.88601		0.88601		0.88601		0.77202
625		9327.07		0.94384		0.93767		0.8886		0.88265		0.89637		0.88946		0.7773
626		9328.47		0.94361		0.93739		0.88601		0.87437		0.90155		0.88776		0.77239
627		9330.06		0.94392		0.93803		0.88601		0.87065		0.90674		0.88832		0.77268
628		9331.84		0.94388		0.93796		0.88601		0.87065		0.90674		0.88832		0.77268
629		9333.25		0.94419		0.93851		0.89119		0.87192		0.9171		0.89394		0.78344
630		9334.41		0.94441		0.93868		0.8886		0.86765		0.9171		0.89169		0.77847
631		9335.78		0.94429		0.93797		0.88601		0.867		0.91192		0.88889		0.77306
632		9336.97		0.9439		0.93737		0.88342		0.86634		0.90674		0.88608		0.76767
633		9338.19		0.94397		0.93701		0.8886		0.875		0.90674		0.89059		0.77771
634		9339.64		0.94381		0.9369		0.88601		0.87437		0.90155		0.88776		0.77239
635		9341.62		0.94424		0.93755		0.88083		0.86567		0.90155		0.88325		0.76231
636		9342.87		0.94474		0.93899		0.8886		0.86765		0.9171		0.89169		0.77847
637		9344.22		0.94533		0.93999		0.88083		0.85507		0.9171		0.885		0.76367
638		9345.59		0.94578		0.94079		0.89119		0.87192		0.9171		0.89394		0.78344
639		9346.87		0.94644		0.94162		0.89119		0.87192		0.9171		0.89394		0.78344
640		9348.36		0.94652		0.94197		0.88601		0.87437		0.90155		0.88776		0.77239
641		9349.69		0.94645		0.94238		0.88601		0.867		0.91192		0.88889		0.77306
642		9351.12		0.9458		0.94117		0.88083		0.85854		0.91192		0.88442		0.76313
643		9352.33		0.94527		0.94035		0.88601		0.867		0.91192		0.88889		0.77306
644		9353.86		0.94482		0.93983		0.88601		0.867		0.91192		0.88889		0.77306
645		9355.63		0.94494		0.9397		0.89119		0.87562		0.91192		0.8934		0.78306
646		9357.09		0.94533		0.93991		0.89119		0.87562		0.91192		0.8934		0.78306
647		9358.78		0.94534		0.9398		0.89119		0.8794		0.90674		0.89286		0.78276
648		9360.96		0.94517		0.939		0.89119		0.8794		0.90674		0.89286		0.78276
649		9362.58		0.94421		0.93717		0.8886		0.87129		0.91192		0.89114		0.77805
650		9364.2		0.94352		0.93574		0.88601		0.867		0.91192		0.88889		0.77306
651		9365.85		0.94286		0.93484		0.88342		0.86634		0.90674		0.88608		0.76767
652		9367.37		0.9431		0.93485		0.88342		0.86634		0.90674		0.88608		0.76767
653		9368.88		0.94377		0.93627		0.88342		0.87		0.90155		0.8855		0.76734
654		9370.09		0.94513		0.93832		0.88083		0.86567		0.90155		0.88325		0.76231
655		9371.37		0.94593		0.93953		0.88342		0.87		0.90155		0.8855		0.76734
656		9372.83		0.94624		0.94014		0.88083		0.86207		0.90674		0.88384		0.76268
657		9374.18		0.94645		0.94052		0.87824		0.85437		0.91192		0.88221		0.7582
658		9375.47		0.94654		0.94119		0.8886		0.86765		0.9171		0.89169		0.77847
659		9376.71		0.94607		0.94061		0.8886		0.86765		0.9171		0.89169		0.77847
660		9378.0		0.94533		0.94029		0.89119		0.88325		0.90155		0.89231		0.78255
661		9379.65		0.94496		0.93999		0.89378		0.88776		0.90155		0.8946		0.78766
662		9381.24		0.94484		0.93933		0.88342		0.87		0.90155		0.8855		0.76734
663		9383.08		0.94518		0.93969		0.88601		0.87065		0.90674		0.88832		0.77268
664		9384.72		0.94565		0.93975		0.88601		0.867		0.91192		0.88889		0.77306
665		9386.26		0.94671		0.94086		0.88601		0.867		0.91192		0.88889		0.77306
666		9387.55		0.94684		0.94086		0.88601		0.867		0.91192		0.88889		0.77306
667		9388.78		0.94695		0.94072		0.88342		0.86634		0.90674		0.88608		0.76767
668		9390.04		0.94652		0.93937		0.8886		0.87129		0.91192		0.89114		0.77805
669		9391.29		0.94623		0.93844		0.89378		0.87624		0.9171		0.8962		0.78842
670		9392.63		0.9457		0.93745		0.89119		0.87192		0.9171		0.89394		0.78344
671		9394.01		0.9457		0.9372		0.89378		0.88		0.91192		0.89567		0.78808
672		9395.36		0.94538		0.93663		0.8886		0.87129		0.91192		0.89114		0.77805
673		9396.53		0.94529		0.93633		0.88342		0.86634		0.90674		0.88608		0.76767
674		9398.04		0.94527		0.9367		0.88342		0.86634		0.90674		0.88608		0.76767
675		9399.61		0.94549		0.93711		0.88601		0.867		0.91192		0.88889		0.77306
676		9401.26		0.94562		0.93801		0.88601		0.867		0.91192		0.88889		0.77306
677		9403.13		0.94529		0.938		0.89119		0.87192		0.9171		0.89394		0.78344
678		9405.05		0.94554		0.93868		0.8886		0.86765		0.9171		0.89169		0.77847
679		9406.68		0.94594		0.93917		0.88342		0.86275		0.91192		0.88665		0.76809
680		9407.82		0.94565		0.93891		0.88342		0.86275		0.91192		0.88665		0.76809
681		9409.28		0.94592		0.93937		0.88342		0.86275		0.91192		0.88665		0.76809
682		9410.87		0.94539		0.93882		0.8886		0.87129		0.91192		0.89114		0.77805
683		9412.61		0.94468		0.93779		0.89119		0.87562		0.91192		0.8934		0.78306
684		9414.01		0.944		0.93627		0.89119		0.87562		0.91192		0.8934		0.78306
685		9415.34		0.94381		0.9358		0.89119		0.87562		0.91192		0.8934		0.78306
686		9416.75		0.94421		0.93632		0.88342		0.87		0.90155		0.8855		0.76734
687		9418.01		0.9448		0.93696		0.87824		0.865		0.89637		0.88041		0.75697
688		9419.37		0.94568		0.93835		0.88083		0.86567		0.90155		0.88325		0.76231
689		9420.68		0.94573		0.93897		0.87565		0.85714		0.90155		0.87879		0.75231
690		9421.94		0.94658		0.94028		0.88083		0.85854		0.91192		0.88442		0.76313
691		9423.85		0.94616		0.94001		0.87824		0.85437		0.91192		0.88221		0.7582
692		9425.45		0.9465		0.94009		0.88083		0.86935		0.89637		0.88265		0.76203
693		9426.61		0.94586		0.93928		0.88601		0.87817		0.89637		0.88718		0.77219
694		9427.75		0.94581		0.93908		0.88601		0.87437		0.90155		0.88776		0.77239
695		9428.92		0.94506		0.93817		0.88342		0.86634		0.90674		0.88608		0.76767
696		9430.19		0.94492		0.9381		0.87824		0.85437		0.91192		0.88221		0.7582
697		9431.48		0.94521		0.93881		0.88083		0.85854		0.91192		0.88442		0.76313
698		9433.16		0.94589		0.94001		0.88342		0.86634		0.90674		0.88608		0.76767
699		9434.77		0.94601		0.93994		0.88083		0.8731		0.89119		0.88205		0.76182
700		9436.14		0.94631		0.93996		0.88342		0.87755		0.89119		0.88432		0.76693
701		9437.72		0.94632		0.93915		0.88342		0.87374		0.89637		0.88491		0.7671
702		9439.46		0.94498		0.93692		0.87565		0.85714		0.90155		0.87879		0.75231
703		9440.95		0.94365		0.93447		0.87306		0.85644		0.89637		0.87595		0.74693
704		9442.38		0.94411		0.93515		0.88342		0.87		0.90155		0.8855		0.76734
705		9444.27		0.94428		0.93569		0.88601		0.87437		0.90155		0.88776		0.77239
706		9446.17		0.94403		0.93542		0.88083		0.86567		0.90155		0.88325		0.76231
707		9447.7		0.94315		0.93472		0.88342		0.86634		0.90674		0.88608		0.76767
708		9449.48		0.94287		0.93468		0.88083		0.85167		0.92228		0.88557		0.76429
709		9451.1		0.94302		0.93506		0.88083		0.85167		0.92228		0.88557		0.76429
710		9452.91		0.94458		0.93745		0.87824		0.85096		0.9171		0.88279		0.75877
711		9454.96		0.94557		0.93939		0.89637		0.88442		0.91192		0.89796		0.79313
712		9456.81		0.94554		0.93891		0.89119		0.87562		0.91192		0.8934		0.78306
713		9458.65		0.94518		0.93837		0.88601		0.86341		0.9171		0.88945		0.77352
714		9460.49		0.94494		0.93756		0.88601		0.86341		0.9171		0.88945		0.77352
715		9462.13		0.94509		0.9381		0.88601		0.867		0.91192		0.88889		0.77306
716		9464.03		0.94589		0.93909		0.8886		0.87129		0.91192		0.89114		0.77805
717		9465.7		0.94522		0.93839		0.88342		0.86634		0.90674		0.88608		0.76767
718		9467.73		0.94492		0.93787		0.88083		0.85854		0.91192		0.88442		0.76313
719		9468.97		0.94487		0.93788		0.88083		0.85507		0.9171		0.885		0.76367
720		9470.24		0.94533		0.93868		0.88083		0.85854		0.91192		0.88442		0.76313
721		9471.5		0.94623		0.93959		0.88342		0.87		0.90155		0.8855		0.76734
722		9472.95		0.94623		0.93907		0.8886		0.88265		0.89637		0.88946		0.7773
723		9474.1		0.94635		0.93913		0.88342		0.88542		0.88083		0.88312		0.76685
724		9475.26		0.94488		0.93703		0.88083		0.8731		0.89119		0.88205		0.76182
725		9476.43		0.94378		0.93524		0.87824		0.86139		0.90155		0.88101		0.7573
726		9477.74		0.94388		0.93514		0.87824		0.86139		0.90155		0.88101		0.7573
727		9479.0		0.94396		0.93616		0.89119		0.8794		0.90674		0.89286		0.78276
728		9480.37		0.94346		0.93559		0.88601		0.87437		0.90155		0.88776		0.77239
729		9481.76		0.94334		0.93526		0.8886		0.86765		0.9171		0.89169		0.77847
730		9483.71		0.94255		0.93478		0.88342		0.85922		0.9171		0.88722		0.76858
731		9485.03		0.94229		0.935		0.88601		0.86341		0.9171		0.88945		0.77352
732		9486.46		0.9429		0.93614		0.88342		0.86634		0.90674		0.88608		0.76767
733		9487.83		0.94429		0.93788		0.87565		0.86802		0.88601		0.87692		0.75146
734		9489.12		0.94517		0.93902		0.87824		0.87245		0.88601		0.87918		0.75657
735		9490.72		0.94573		0.93976		0.87306		0.85294		0.90155		0.87657		0.74733
736		9492.29		0.94629		0.94101		0.87306		0.85294		0.90155		0.87657		0.74733
737		9493.56		0.94691		0.94237		0.87824		0.86139		0.90155		0.88101		0.7573
738		9494.72		0.94699		0.94268		0.8886		0.87879		0.90155		0.89003		0.77746
739		9495.91		0.94658		0.94141		0.89119		0.88325		0.90155		0.89231		0.78255
740		9497.86		0.9458		0.9395		0.8886		0.875		0.90674		0.89059		0.77771
741		9499.47		0.94609		0.93837		0.88601		0.867		0.91192		0.88889		0.77306
742		9500.91		0.94529		0.93559		0.8886		0.875		0.90674		0.89059		0.77771
743		9502.86		0.9442		0.93311		0.88342		0.87		0.90155		0.8855		0.76734
744		9504.13		0.9437		0.93256		0.8886		0.875		0.90674		0.89059		0.77771
745		9505.3		0.94337		0.93275		0.88601		0.867		0.91192		0.88889		0.77306
746		9506.48		0.94298		0.93389		0.88601		0.867		0.91192		0.88889		0.77306
747		9507.76		0.94368		0.93607		0.88342		0.86275		0.91192		0.88665		0.76809
748		9509.1		0.94523		0.93775		0.88601		0.87065		0.90674		0.88832		0.77268
749		9510.39		0.94521		0.93856		0.88342		0.86634		0.90674		0.88608		0.76767
750		9511.54		0.94534		0.93858		0.88342		0.86275		0.91192		0.88665		0.76809
751		9512.78		0.94546		0.93696		0.87824		0.84762		0.92228		0.88337		0.75943
752		9513.94		0.94539		0.93659		0.88342		0.85577		0.92228		0.88778		0.76917
753		9515.19		0.94597		0.93891		0.88083		0.86935		0.89637		0.88265		0.76203
754		9516.37		0.9458		0.93944		0.87824		0.87629		0.88083		0.87855		0.75649
755		9517.98		0.9464		0.9406		0.88342		0.87755		0.89119		0.88432		0.76693
756		9519.28		0.94628		0.94057		0.88083		0.86567		0.90155		0.88325		0.76231
757		9520.64		0.946		0.93946		0.87047		0.84541		0.90674		0.875		0.74289
758		9522.14		0.94573		0.93848		0.87306		0.84951		0.90674		0.87719		0.74781
759		9523.49		0.94548		0.93834		0.87565		0.85714		0.90155		0.87879		0.75231
760		9524.8		0.94527		0.93845		0.87824		0.865		0.89637		0.88041		0.75697
761		9526.17		0.94593		0.93856		0.89119		0.88325		0.90155		0.89231		0.78255
762		9528.05		0.94558		0.9385		0.88601		0.87065		0.90674		0.88832		0.77268
763		9529.34		0.94483		0.93737		0.87824		0.85096		0.9171		0.88279		0.75877
764		9530.66		0.94592		0.93881		0.88083		0.85167		0.92228		0.88557		0.76429
765		9532.04		0.94762		0.94152		0.88342		0.85922		0.9171		0.88722		0.76858
766		9533.6		0.94776		0.94208		0.88083		0.85507		0.9171		0.885		0.76367
767		9535.01		0.94785		0.94297		0.8886		0.875		0.90674		0.89059		0.77771
768		9536.27		0.9476		0.94285		0.88342		0.87374		0.89637		0.88491		0.7671
769		9537.61		0.94666		0.94147		0.87824		0.86869		0.89119		0.8798		0.75673
770		9539.1		0.94603		0.94013		0.88083		0.86567		0.90155		0.88325		0.76231
771		9540.61		0.94545		0.93836		0.87824		0.85784		0.90674		0.88161		0.75771
772		9541.98		0.94486		0.9371		0.87824		0.865		0.89637		0.88041		0.75697
773		9543.37		0.94615		0.93929		0.88342		0.87374		0.89637		0.88491		0.7671
774		9544.63		0.94675		0.93973		0.87565		0.86432		0.89119		0.87755		0.75166
775		9546.04		0.94692		0.9397		0.87565		0.85714		0.90155		0.87879		0.75231
776		9547.35		0.94647		0.93901		0.88083		0.85854		0.91192		0.88442		0.76313
777		9548.9		0.94568		0.93701		0.87824		0.85096		0.9171		0.88279		0.75877
778		9550.31		0.94503		0.93554		0.87824		0.85096		0.9171		0.88279		0.75877
779		9551.72		0.94376		0.93301		0.88601		0.867		0.91192		0.88889		0.77306
780		9553.34		0.94314		0.93206		0.8886		0.87129		0.91192		0.89114		0.77805
781		9554.97		0.94362		0.93284		0.88083		0.8731		0.89119		0.88205		0.76182
782		9556.69		0.9449		0.93536		0.8886		0.875		0.90674		0.89059		0.77771
783		9558.28		0.94513		0.93555		0.87306		0.84286		0.9171		0.87841		0.74903
784		9559.75		0.94519		0.93582		0.86788		0.83491		0.9171		0.87407		0.73934
785		9561.02		0.94557		0.93692		0.87306		0.84615		0.91192		0.87781		0.74838
786		9562.32		0.94586		0.93732		0.8886		0.875		0.90674		0.89059		0.77771
787		9563.58		0.94416		0.93546		0.88342		0.88144		0.88601		0.88372		0.76685
788		9564.97		0.93931		0.92706		0.87306		0.86		0.89119		0.87532		0.74661
789		9566.13		0.93276		0.91854		0.85751		0.82857		0.90155		0.86352		0.71782
790		9567.31		0.93811		0.93535		0.8601		0.89266		0.81865		0.85405		0.72269
791		9568.59		0.9044		0.89019		0.72021		0.64407		0.98446		0.77869		0.51878
792		9569.85		0.89112		0.89625		0.81865		0.90196		0.71503		0.79769		0.65145
793		9571.59		0.83998		0.82942		0.59067		0.55132		0.97409		0.70412		0.28254
794		9573.11		0.86158		0.85431		0.59067		0.92683		0.19689		0.32479		0.29428
795		9574.77		0.88861		0.89116		0.7772		0.8963		0.62694		0.7378		0.58127
796		9576.56		0.89549		0.90253		0.71244		0.64041		0.96891		0.77113		0.49495
797		9577.71		0.88719		0.89576		0.73575		0.66667		0.94301		0.78112		0.51811
798		9579.08		0.86953		0.87057		0.78238		0.85621		0.67876		0.75723		0.5773
799		9580.23		0.86378		0.85965		0.66321		0.90909		0.36269		0.51852		0.40843
800		9581.35		0.86929		0.86401		0.69948		0.88889		0.45596		0.60274		0.45681
801		9582.73		0.87796		0.87255		0.81088		0.88462		0.71503		0.79083		0.63351
802		9583.9		0.88596		0.88252		0.79016		0.75455		0.8601		0.80387		0.58607
803		9585.18		0.89065		0.88944		0.76425		0.69767		0.93264		0.79823		0.56129
804		9586.33		0.89167		0.89208		0.75389		0.67883		0.96373		0.79657		0.55942
805		9587.57		0.88918		0.88903		0.7513		0.68441		0.93264		0.78947		0.53931
806		9589.29		0.88531		0.8852		0.76166		0.70445		0.90155		0.79091		0.54509
807		9591.73		0.88094		0.88073		0.78756		0.75576		0.84974		0.8		0.57963
808		9593.2		0.87452		0.87316		0.79275		0.78109		0.81347		0.79695		0.586
809		9594.56		0.86961		0.86717		0.78756		0.82081		0.73575		0.77596		0.57824
810		9595.97		0.86569		0.86232		0.78497		0.8481		0.6943		0.76353		0.57956
811		9597.27		0.86338		0.85986		0.77202		0.84768		0.66321		0.74419		0.5574
812		9598.77		0.86252		0.85926		0.76684		0.84106		0.65803		0.73837		0.54678
813		9600.29		0.86322		0.86046		0.77202		0.83439		0.67876		0.74857		0.55376
814		9601.85		0.86545		0.8631		0.78756		0.83234		0.72021		0.77222		0.58042
815		9603.16		0.86883		0.86751		0.78497		0.7957		0.76684		0.781		0.57032
816		9604.36		0.8724		0.87297		0.78497		0.775		0.80311		0.7888		0.57032
817		9605.52		0.87559		0.87781		0.78238		0.76077		0.82383		0.79104		0.56672
818		9606.64		0.87828		0.8824		0.77461		0.73874		0.84974		0.79036		0.55553
819		9607.93		0.88037		0.8857		0.77461		0.73661		0.85492		0.79137		0.55645
820		9609.74		0.88139		0.88718		0.77202		0.73756		0.84456		0.78744		0.54986
821		9611.15		0.88083		0.88715		0.7772		0.74884		0.8342		0.78922		0.55804
822		9612.32		0.88035		0.88697		0.79275		0.78109		0.81347		0.79695		0.586
823		9613.82		0.87978		0.88659		0.79534		0.8		0.78756		0.79373		0.59074
824		9615.48		0.87959		0.88686		0.79275		0.81215		0.76166		0.7861		0.58663
825		9616.84		0.88021		0.8876		0.78238		0.81503		0.73057		0.77049		0.56782
826		9618.09		0.88131		0.88865		0.78497		0.82353		0.72539		0.77135		0.57404
827		9619.27		0.88231		0.88915		0.77979		0.81765		0.72021		0.76584		0.5636
828		9620.61		0.88464		0.89032		0.77461		0.80114		0.73057		0.76423		0.55137
829		9622.34		0.8873		0.89222		0.78238		0.8011		0.7513		0.7754		0.56586
830		9623.86		0.88985		0.89408		0.79016		0.79787		0.7772		0.7874		0.58051
831		9625.3		0.89288		0.89661		0.80311		0.8		0.80829		0.80412		0.60625
832		9626.58		0.89551		0.8993		0.81088		0.80303		0.82383		0.8133		0.62197
833		9628.41		0.89694		0.90011		0.80829		0.80203		0.81865		0.81026		0.61671
834		9629.68		0.89761		0.8998		0.81088		0.8125		0.80829		0.81039		0.62177
835		9631.56		0.89914		0.90126		0.8057		0.82778		0.77202		0.79893		0.61279
836		9633.27		0.89981		0.90092		0.79793		0.82857		0.7513		0.78804		0.59846
837		9634.49		0.90067		0.9011		0.80311		0.84615		0.74093		0.79006		0.61096
838		9635.58		0.90153		0.90155		0.80052		0.85366		0.72539		0.78431		0.60794
839		9636.71		0.90249		0.90133		0.79793		0.84431		0.73057		0.78333		0.60134
840		9637.82		0.90317		0.90018		0.82124		0.84831		0.78238		0.81402		0.64444
841		9639.12		0.90483		0.90119		0.81347		0.83425		0.78238		0.80749		0.62816
842		9640.39		0.90615		0.90225		0.81088		0.82258		0.79275		0.80739		0.62217
843		9641.52		0.90792		0.90358		0.81865		0.83607		0.79275		0.81383		0.63816
844		9642.69		0.90902		0.90466		0.81865		0.84358		0.78238		0.81183		0.63899
845		9643.92		0.91047		0.90614		0.82124		0.85632		0.77202		0.81199		0.64562
846		9645.11		0.91173		0.90746		0.82642		0.86628		0.77202		0.81644		0.65675
847		9646.27		0.91364		0.90909		0.82124		0.85632		0.77202		0.81199		0.64562
848		9647.4		0.91468		0.90984		0.82902		0.85876		0.78756		0.82162		0.6603
849		9648.58		0.91613		0.91101		0.82902		0.84699		0.80311		0.82447		0.65892
850		9649.84		0.91739		0.91231		0.8342		0.85246		0.80829		0.82979		0.66929
851		9651.65		0.91981		0.91455		0.83938		0.87006		0.79793		0.83243		0.6811
852		9653.13		0.92193		0.91663		0.83679		0.87791		0.78238		0.8274		0.6776
853		9654.64		0.92266		0.91738		0.84197		0.87079		0.80311		0.83558		0.68601
854		9656.45		0.9229		0.91708		0.85492		0.86631		0.83938		0.85263		0.71019
855		9658.34		0.92531		0.91958		0.85751		0.86702		0.84456		0.85564		0.71527
856		9659.77		0.92872		0.92367		0.86528		0.8895		0.8342		0.86096		0.73199
857		9660.99		0.93076		0.92628		0.86269		0.87634		0.84456		0.86016		0.72587
858		9662.32		0.93235		0.92823		0.85751		0.86316		0.84974		0.8564		0.71511
859		9663.42		0.93334		0.92904		0.8601		0.8601		0.8601		0.8601		0.72021
860		9664.54		0.93388		0.93		0.8601		0.87166		0.84456		0.85789		0.72056
861		9665.65		0.93476		0.93089		0.85751		0.85938		0.85492		0.85714		0.71504
862		9666.86		0.93576		0.93221		0.85751		0.85938		0.85492		0.85714		0.71504
863		9667.97		0.9357		0.9322		0.86269		0.86458		0.8601		0.86234		0.7254
864		9669.09		0.93511		0.93132		0.86269		0.87634		0.84456		0.86016		0.72587
865		9670.8		0.93455		0.93075		0.87047		0.87435		0.86528		0.86979		0.74097
866		9672.4		0.93509		0.93063		0.86788		0.86598		0.87047		0.86822		0.73576
867		9673.53		0.9379		0.93266		0.86528		0.88108		0.84456		0.86243		0.7312
868		9674.67		0.9375		0.93184		0.87306		0.86364		0.88601		0.87468		0.74636
869		9675.78		0.93825		0.93258		0.87047		0.86667		0.87565		0.87113		0.74097
870		9677.29		0.93785		0.93099		0.87047		0.87435		0.86528		0.86979		0.74097
871		9679.07		0.93688		0.92979		0.8601		0.84925		0.87565		0.86224		0.72056
872		9680.87		0.93828		0.93008		0.87306		0.88298		0.8601		0.87139		0.74636
873		9682.31		0.93772		0.92921		0.86788		0.85859		0.88083		0.86957		0.736
874		9683.43		0.93769		0.92874		0.8601		0.83902		0.89119		0.86432		0.7216
875		9684.74		0.93992		0.93051		0.87306		0.8913		0.84974		0.87003		0.74693
876		9685.89		0.93962		0.93066		0.86528		0.85427		0.88083		0.86735		0.73092
877		9687.01		0.9368		0.92786		0.85233		0.81193		0.9171		0.86131		0.71065
878		9688.92		0.9393		0.92927		0.85751		0.88764		0.81865		0.85175		0.7172
879		9690.04		0.9393		0.92972		0.87047		0.87047		0.87047		0.87047		0.74093
880		9691.84		0.93538		0.92687		0.84456		0.8009		0.9171		0.85507		0.69649
881		9693.28		0.93935		0.92902		0.86788		0.86979		0.86528		0.86753		0.73576
882		9694.36		0.93973		0.92925		0.8601		0.87166		0.84456		0.85789		0.72056
883		9695.49		0.93841		0.92853		0.86528		0.84058		0.90155		0.87		0.7325
884		9696.7		0.93554		0.92761		0.84715		0.81019		0.90674		0.85575		0.69928
885		9697.78		0.93737		0.92856		0.86788		0.87368		0.8601		0.86684		0.73584
886		9698.95		0.93752		0.92912		0.87047		0.89503		0.83938		0.86631		0.74237
887		9700.19		0.93801		0.93051		0.87306		0.86		0.89119		0.87532		0.74661
888		9701.35		0.93836		0.93133		0.8601		0.82629		0.91192		0.867		0.72411
889		9702.64		0.94013		0.93261		0.8601		0.83254		0.90155		0.86567		0.72269
890		9704.02		0.94118		0.93297		0.87047		0.86667		0.87565		0.87113		0.74097
891		9705.56		0.94094		0.93277		0.87565		0.87958		0.87047		0.875		0.75134
892		9707.02		0.93895		0.93111		0.87565		0.86802		0.88601		0.87692		0.75146
893		9708.81		0.93726		0.92922		0.86269		0.84314		0.89119		0.8665		0.72657
894		9710.26		0.94027		0.93228		0.87565		0.8607		0.89637		0.87817		0.75194
895		9711.83		0.94291		0.93532		0.87824		0.87629		0.88083		0.87855		0.75649
896		9713.15		0.94349		0.93649		0.87824		0.86869		0.89119		0.8798		0.75673
897		9714.27		0.94217		0.93551		0.87565		0.85024		0.91192		0.88		0.75328
898		9715.55		0.94161		0.93559		0.87565		0.84689		0.9171		0.8806		0.75389
899		9716.64		0.9427		0.93764		0.88083		0.86935		0.89637		0.88265		0.76203
900		9717.73		0.94318		0.9389		0.86528		0.87302		0.85492		0.86387		0.73073
901		9718.84		0.94287		0.93864		0.87306		0.87113		0.87565		0.87339		0.74612
902		9720.03		0.94125		0.93688		0.87824		0.85784		0.90674		0.88161		0.75771
903		9721.11		0.94071		0.9363		0.86528		0.83732		0.90674		0.87065		0.73309
904		9722.2		0.94275		0.93857		0.88083		0.86207		0.90674		0.88384		0.76268
905		9723.28		0.94475		0.94108		0.87047		0.87047		0.87047		0.87047		0.74093
906		9724.81		0.94526		0.94155		0.87565		0.87565		0.87565		0.87565		0.7513
907		9726.62		0.94517		0.94124		0.8886		0.86765		0.9171		0.89169		0.77847
908		9727.99		0.94382		0.93979		0.87824		0.84762		0.92228		0.88337		0.75943
909		9729.24		0.94413		0.93986		0.87824		0.85096		0.9171		0.88279		0.75877
910		9731.08		0.94491		0.94087		0.88342		0.87374		0.89637		0.88491		0.7671
911		9732.37		0.94478		0.94092		0.87565		0.87958		0.87047		0.875		0.75134
912		9733.52		0.94388		0.93982		0.87565		0.87958		0.87047		0.875		0.75134
913		9734.68		0.94259		0.93852		0.88601		0.87065		0.90674		0.88832		0.77268
914		9736.34		0.94262		0.93833		0.87824		0.85784		0.90674		0.88161		0.75771
915		9738.05		0.94455		0.94054		0.8886		0.86765		0.9171		0.89169		0.77847
916		9739.31		0.94604		0.94211		0.88342		0.87		0.90155		0.8855		0.76734
917		9740.54		0.94612		0.94191		0.88083		0.87692		0.88601		0.88144		0.7617
918		9742.16		0.94627		0.94194		0.8886		0.875		0.90674		0.89059		0.77771
919		9743.83		0.94543		0.94099		0.89378		0.87624		0.9171		0.8962		0.78842
920		9745.19		0.94441		0.93981		0.8886		0.875		0.90674		0.89059		0.77771
921		9746.61		0.944		0.93946		0.8886		0.875		0.90674		0.89059		0.77771
922		9748.12		0.9451		0.94075		0.8886		0.88265		0.89637		0.88946		0.7773
923		9749.9		0.94565		0.94183		0.88342		0.88144		0.88601		0.88372		0.76685
924		9751.52		0.94573		0.94194		0.8886		0.88265		0.89637		0.88946		0.7773
925		9752.72		0.94542		0.94147		0.89119		0.87562		0.91192		0.8934		0.78306
926		9753.93		0.94464		0.94049		0.88601		0.86341		0.9171		0.88945		0.77352
927		9755.14		0.94437		0.94031		0.8886		0.86765		0.9171		0.89169		0.77847
928		9757.05		0.9442		0.94039		0.88601		0.87065		0.90674		0.88832		0.77268
929		9758.61		0.94432		0.94073		0.88342		0.88542		0.88083		0.88312		0.76685
930		9759.85		0.94415		0.94063		0.88083		0.88083		0.88083		0.88083		0.76166
931		9761.31		0.94377		0.94009		0.88083		0.87692		0.88601		0.88144		0.7617
932		9763.32		0.94323		0.93925		0.87824		0.865		0.89637		0.88041		0.75697
933		9764.64		0.94299		0.93894		0.88342		0.86275		0.91192		0.88665		0.76809
934		9765.82		0.94385		0.93943		0.8886		0.86765		0.9171		0.89169		0.77847
935		9767.01		0.94456		0.94054		0.8886		0.875		0.90674		0.89059		0.77771
936		9768.49		0.94495		0.94096		0.8886		0.87879		0.90155		0.89003		0.77746
937		9770.27		0.94525		0.94147		0.8886		0.88265		0.89637		0.88946		0.7773
938		9771.74		0.94522		0.9414		0.89119		0.88325		0.90155		0.89231		0.78255
939		9772.97		0.94499		0.9412		0.89119		0.87192		0.9171		0.89394		0.78344
940		9774.11		0.94407		0.94019		0.88601		0.86341		0.9171		0.88945		0.77352
941		9775.47		0.9436		0.93962		0.88342		0.86275		0.91192		0.88665		0.76809
942		9776.65		0.94298		0.93923		0.8886		0.87129		0.91192		0.89114		0.77805
943		9777.78		0.94358		0.94015		0.8886		0.875		0.90674		0.89059		0.77771
944		9778.9		0.94399		0.94069		0.88601		0.87817		0.89637		0.88718		0.77219
945		9780.17		0.94488		0.94175		0.88601		0.88205		0.89119		0.8866		0.77206
946		9781.37		0.94542		0.94223		0.88601		0.88205		0.89119		0.8866		0.77206
947		9782.54		0.94556		0.9424		0.88083		0.88083		0.88083		0.88083		0.76166
948		9783.71		0.94565		0.94269		0.8886		0.875		0.90674		0.89059		0.77771
949		9784.96		0.94574		0.94222		0.8886		0.86765		0.9171		0.89169		0.77847
950		9786.94		0.94593		0.94256		0.88601		0.86341		0.9171		0.88945		0.77352
951		9788.38		0.94611		0.9424		0.88083		0.86207		0.90674		0.88384		0.76268
952		9789.7		0.94651		0.94304		0.87565		0.86432		0.89119		0.87755		0.75166
953		9791.29		0.94691		0.94349		0.87565		0.86432		0.89119		0.87755		0.75166
954		9792.74		0.9466		0.94334		0.87824		0.87245		0.88601		0.87918		0.75657
955		9794.04		0.94651		0.94304		0.87824		0.87245		0.88601		0.87918		0.75657
956		9795.42		0.9462		0.94273		0.88083		0.86935		0.89637		0.88265		0.76203
957		9796.78		0.94574		0.94181		0.88342		0.87		0.90155		0.8855		0.76734
958		9798.42		0.94537		0.94092		0.88601		0.867		0.91192		0.88889		0.77306
959		9799.91		0.9448		0.94031		0.88342		0.86634		0.90674		0.88608		0.76767
960		9801.17		0.94568		0.94112		0.88342		0.86634		0.90674		0.88608		0.76767
961		9802.95		0.9456		0.9409		0.88083		0.86935		0.89637		0.88265		0.76203
962		9804.35		0.94548		0.9407		0.88601		0.87817		0.89637		0.88718		0.77219
963		9805.84		0.94527		0.94034		0.88342		0.87755		0.89119		0.88432		0.76693
964		9807.22		0.94564		0.94073		0.88083		0.8731		0.89119		0.88205		0.76182
965		9808.58		0.9456		0.94063		0.8886		0.87879		0.90155		0.89003		0.77746
966		9810.15		0.94541		0.94039		0.8886		0.87879		0.90155		0.89003		0.77746
967		9811.75		0.94522		0.94011		0.8886		0.87879		0.90155		0.89003		0.77746
968		9813.5		0.94525		0.94004		0.8886		0.87879		0.90155		0.89003		0.77746
969		9814.83		0.94523		0.94013		0.88601		0.87817		0.89637		0.88718		0.77219
970		9816.09		0.94535		0.94046		0.88601		0.87817		0.89637		0.88718		0.77219
971		9817.38		0.94541		0.94063		0.88601		0.88205		0.89119		0.8866		0.77206
972		9818.63		0.94507		0.94044		0.88601		0.88205		0.89119		0.8866		0.77206
973		9819.8		0.94476		0.94044		0.88083		0.87692		0.88601		0.88144		0.7617
974		9821.69		0.94445		0.94015		0.87824		0.86869		0.89119		0.8798		0.75673
975		9823.13		0.94423		0.93979		0.88083		0.86567		0.90155		0.88325		0.76231
976		9824.37		0.94413		0.9397		0.88083		0.86567		0.90155		0.88325		0.76231
977		9825.67		0.94437		0.93979		0.88083		0.86207		0.90674		0.88384		0.76268
978		9827.01		0.94483		0.94026		0.88342		0.86275		0.91192		0.88665		0.76809
979		9828.36		0.94533		0.94085		0.8886		0.86765		0.9171		0.89169		0.77847
980		9829.72		0.94593		0.94173		0.88601		0.87065		0.90674		0.88832		0.77268
981		9831.06		0.94617		0.9411		0.88083		0.86935		0.89637		0.88265		0.76203
982		9832.26		0.94658		0.94159		0.88342		0.87755		0.89119		0.88432		0.76693
983		9833.69		0.94709		0.94223		0.88342		0.87374		0.89637		0.88491		0.7671
984		9835.15		0.94735		0.94281		0.88083		0.86935		0.89637		0.88265		0.76203
985		9836.69		0.94768		0.94318		0.88601		0.87065		0.90674		0.88832		0.77268
986		9838.27		0.94756		0.94308		0.8886		0.87129		0.91192		0.89114		0.77805
987		9839.73		0.94674		0.94181		0.88601		0.867		0.91192		0.88889		0.77306
988		9841.05		0.94636		0.9415		0.88601		0.867		0.91192		0.88889		0.77306
989		9842.41		0.94633		0.94152		0.88601		0.87065		0.90674		0.88832		0.77268
990		9844.38		0.94592		0.94122		0.88601		0.87437		0.90155		0.88776		0.77239
991		9846.57		0.9455		0.94084		0.88601		0.87437		0.90155		0.88776		0.77239
992		9847.68		0.94534		0.94062		0.88342		0.87374		0.89637		0.88491		0.7671
993		9848.85		0.94534		0.94064		0.88601		0.87437		0.90155		0.88776		0.77239
994		9850.09		0.94531		0.94057		0.8886		0.87129		0.91192		0.89114		0.77805
995		9851.17		0.94498		0.94004		0.88601		0.867		0.91192		0.88889		0.77306
996		9852.49		0.94503		0.94011		0.88342		0.86275		0.91192		0.88665		0.76809
997		9853.6		0.94482		0.93971		0.88342		0.86275		0.91192		0.88665		0.76809
998		9854.87		0.9448		0.93961		0.88601		0.87065		0.90674		0.88832		0.77268
999		9856.04		0.94487		0.93986		0.88342		0.87374		0.89637		0.88491		0.7671
1000		9857.34		0.94495		0.9399		0.8886		0.88265		0.89637		0.88946		0.7773
fold: 7
Epoch		Time		AUC		AUPR		Accuracy		Precision		Recall		F1-score		Mcc
1		9859.69		0.82475		0.80739		0.75389		0.74747		0.76684		0.75703		0.50794
AUC improved at epoch  1 ;	best_auc: 0.8247469730731026
2		9861.03		0.83159		0.8166		0.71762		0.83871		0.53886		0.65615		0.46603
AUC improved at epoch  2 ;	best_auc: 0.8315927944374347
3		9862.66		0.83508		0.81742		0.70984		0.824		0.53368		0.6478		0.44845
AUC improved at epoch  3 ;	best_auc: 0.8350828210153294
4		9864.18		0.83632		0.81541		0.7228		0.81618		0.57513		0.67477		0.4664
AUC improved at epoch  4 ;	best_auc: 0.8363177534967381
5		9865.48		0.83468		0.8119		0.73575		0.81379		0.6114		0.69822		0.4868
6		9867.38		0.83277		0.80547		0.73316		0.80822		0.6114		0.69617		0.4808
7		9868.77		0.83073		0.8016		0.73316		0.80405		0.61658		0.69795		0.47954
8		9870.6		0.82821		0.80702		0.73834		0.79114		0.64767		0.71225		0.48472
9		9871.9		0.82851		0.81047		0.74093		0.79245		0.65285		0.71591		0.48952
10		9873.29		0.82902		0.81867		0.74611		0.79503		0.66321		0.72316		0.49914
11		9875.07		0.82912		0.82225		0.74611		0.79503		0.66321		0.72316		0.49914
12		9876.37		0.83012		0.82547		0.75648		0.78613		0.70466		0.74317		0.51573
13		9877.48		0.83288		0.82562		0.75389		0.79518		0.68394		0.73538		0.51281
14		9878.71		0.83822		0.82502		0.75907		0.8012		0.68912		0.74095		0.52328
AUC improved at epoch  14 ;	best_auc: 0.8382238449354344
15		9880.48		0.84622		0.83384		0.77202		0.79661		0.73057		0.76216		0.54592
AUC improved at epoch  15 ;	best_auc: 0.8462240597063009
16		9882.03		0.85267		0.83273		0.77461		0.77895		0.76684		0.77285		0.54929
AUC improved at epoch  16 ;	best_auc: 0.8526671856962603
17		9883.14		0.85565		0.8368		0.76425		0.80723		0.6943		0.74652		0.53375
AUC improved at epoch  17 ;	best_auc: 0.8556471314666165
18		9884.42		0.85589		0.83515		0.76425		0.755		0.78238		0.76845		0.52885
AUC improved at epoch  18 ;	best_auc: 0.8558887486912401
19		9885.58		0.85538		0.83435		0.77202		0.74648		0.82383		0.78325		0.54699
20		9886.67		0.85594		0.83906		0.76684		0.7641		0.77202		0.76804		0.53371
AUC improved at epoch  20 ;	best_auc: 0.8559424414078229
21		9887.83		0.86041		0.84486		0.76684		0.75879		0.78238		0.77041		0.53394
AUC improved at epoch  21 ;	best_auc: 0.8604123600633574
22		9888.97		0.86171		0.84594		0.78756		0.77073		0.81865		0.79397		0.57624
AUC improved at epoch  22 ;	best_auc: 0.861714408440495
23		9890.66		0.86182		0.84675		0.78238		0.77387		0.79793		0.78571		0.56504
AUC improved at epoch  23 ;	best_auc: 0.861821793873661
24		9892.14		0.86236		0.84691		0.78238		0.77387		0.79793		0.78571		0.56504
AUC improved at epoch  24 ;	best_auc: 0.862358721039491
25		9893.32		0.86351		0.84776		0.78497		0.76699		0.81865		0.79198		0.57125
AUC improved at epoch  25 ;	best_auc: 0.8635131144460254
26		9894.55		0.86435		0.84443		0.77979		0.77273		0.79275		0.78261		0.55977
AUC improved at epoch  26 ;	best_auc: 0.8643453515530618
27		9895.81		0.86461		0.8446		0.79534		0.79688		0.79275		0.79481		0.59068
AUC improved at epoch  27 ;	best_auc: 0.8646138151359769
28		9897.12		0.86606		0.84586		0.78497		0.77228		0.80829		0.78987		0.57057
AUC improved at epoch  28 ;	best_auc: 0.8660635184837178
29		9899.03		0.86652		0.84641		0.79016		0.78		0.80829		0.79389		0.58069
AUC improved at epoch  29 ;	best_auc: 0.8665199065746733
30		9900.17		0.86641		0.84615		0.79016		0.78866		0.79275		0.7907		0.58032
31		9901.35		0.86789		0.84766		0.79016		0.78		0.80829		0.79389		0.58069
AUC improved at epoch  31 ;	best_auc: 0.8678890708475395
32		9902.61		0.86835		0.84819		0.79016		0.78283		0.80311		0.79284		0.58051
AUC improved at epoch  32 ;	best_auc: 0.868345458938495
33		9903.71		0.86824		0.84805		0.79016		0.78283		0.80311		0.79284		0.58051
34		9904.82		0.86891		0.84893		0.79016		0.77451		0.81865		0.79597		0.58126
AUC improved at epoch  34 ;	best_auc: 0.8689092324626164
35		9906.09		0.86902		0.84925		0.79016		0.77451		0.81865		0.79597		0.58126
AUC improved at epoch  35 ;	best_auc: 0.8690166178957824
36		9908.02		0.86891		0.84898		0.79016		0.79167		0.78756		0.78961		0.58032
37		9909.13		0.8721		0.85287		0.79534		0.77941		0.82383		0.80101		0.59164
AUC improved at epoch  37 ;	best_auc: 0.8721039490993047
38		9910.26		0.87237		0.85385		0.79016		0.77451		0.81865		0.79597		0.58126
AUC improved at epoch  38 ;	best_auc: 0.8723724126822197
39		9911.38		0.87146		0.85317		0.79275		0.79894		0.78238		0.79058		0.58562
40		9912.5		0.87261		0.85466		0.79275		0.78974		0.79793		0.79381		0.58552
AUC improved at epoch  40 ;	best_auc: 0.8726140299068431
41		9914.41		0.87498		0.86181		0.78497		0.76442		0.82383		0.79302		0.57168
AUC improved at epoch  41 ;	best_auc: 0.874976509436495
42		9916.37		0.87484		0.86203		0.79793		0.79188		0.80829		0.8		0.59598
43		9917.7		0.87425		0.86193		0.79793		0.80105		0.79275		0.79688		0.59589
44		9918.95		0.87651		0.86687		0.79275		0.77833		0.81865		0.79798		0.58628
AUC improved at epoch  44 ;	best_auc: 0.8765067518591103
45		9920.29		0.87793		0.86997		0.78497		0.7619		0.82902		0.79404		0.57217
AUC improved at epoch  45 ;	best_auc: 0.8779296088485596
46		9921.59		0.87731		0.86952		0.80311		0.8		0.80829		0.80412		0.60625
47		9922.77		0.87868		0.87127		0.80829		0.80203		0.81865		0.81026		0.61671
AUC improved at epoch  47 ;	best_auc: 0.8786813068807217
48		9923.88		0.88021		0.87401		0.79534		0.77941		0.82383		0.80101		0.59164
AUC improved at epoch  48 ;	best_auc: 0.880211549303337
49		9925.07		0.87965		0.87395		0.79793		0.78894		0.81347		0.80102		0.59614
50		9926.22		0.87914		0.87598		0.80311		0.8		0.80829		0.80412		0.60625
51		9928.04		0.87865		0.87598		0.79793		0.78894		0.81347		0.80102		0.59614
52		9929.57		0.87954		0.87944		0.79534		0.78218		0.81865		0.8		0.59132
53		9931.05		0.87839		0.87792		0.80829		0.80513		0.81347		0.80928		0.61661
54		9932.52		0.87766		0.87764		0.8057		0.81053		0.79793		0.80418		0.61147
55		9934.26		0.87812		0.87948		0.79793		0.78049		0.82902		0.80402		0.59701
56		9936.12		0.87927		0.88035		0.8057		0.79798		0.81865		0.80818		0.6116
57		9937.88		0.87965		0.88183		0.8057		0.82065		0.78238		0.80106		0.61206
58		9939.74		0.88078		0.88357		0.80829		0.80203		0.81865		0.81026		0.61671
AUC improved at epoch  58 ;	best_auc: 0.8807753228274585
59		9940.88		0.88083		0.88344		0.81606		0.82105		0.80829		0.81462		0.6322
AUC improved at epoch  59 ;	best_auc: 0.8808290155440416
60		9942.1		0.88231		0.88518		0.81606		0.82447		0.80311		0.81365		0.63234
AUC improved at epoch  60 ;	best_auc: 0.8823055652500738
61		9943.44		0.88394		0.88626		0.80311		0.79104		0.82383		0.80711		0.60674
AUC improved at epoch  61 ;	best_auc: 0.8839431931058551
62		9944.55		0.8837		0.88616		0.81865		0.83243		0.79793		0.81481		0.63785
63		9945.73		0.88448		0.88658		0.81606		0.82796		0.79793		0.81266		0.63254
AUC improved at epoch  63 ;	best_auc: 0.8844801202716852
64		9946.93		0.8851		0.88726		0.79793		0.78325		0.82383		0.80303		0.59666
AUC improved at epoch  64 ;	best_auc: 0.8850975865123897
65		9948.14		0.88569		0.88886		0.81088		0.83708		0.77202		0.80323		0.62365
AUC improved at epoch  65 ;	best_auc: 0.8856882063948026
66		9949.46		0.88518		0.88856		0.8057		0.80412		0.80829		0.8062		0.61141
67		9950.98		0.88606		0.88986		0.81088		0.8125		0.80829		0.81039		0.62177
AUC improved at epoch  67 ;	best_auc: 0.8860640554108834
68		9952.58		0.88853		0.89168		0.81606		0.82447		0.80311		0.81365		0.63234
AUC improved at epoch  68 ;	best_auc: 0.8885339203737014
69		9953.75		0.88926		0.89244		0.8057		0.79798		0.81865		0.80818		0.6116
AUC improved at epoch  69 ;	best_auc: 0.8892587720475718
70		9955.09		0.89065		0.89484		0.82902		0.86705		0.7772		0.81967		0.66159
AUC improved at epoch  70 ;	best_auc: 0.8906547826787296
71		9956.29		0.89385		0.89772		0.8057		0.7783		0.85492		0.81481		0.61438
AUC improved at epoch  71 ;	best_auc: 0.8938494993154178
72		9957.43		0.89398		0.89824		0.81088		0.84884		0.75648		0.8		0.62548
AUC improved at epoch  72 ;	best_auc: 0.8939837311068753
73		9958.64		0.89707		0.90165		0.83161		0.84043		0.81865		0.8294		0.66344
AUC improved at epoch  73 ;	best_auc: 0.8970710623103976
74		9959.83		0.89785		0.90172		0.80311		0.78261		0.83938		0.81		0.60782
AUC improved at epoch  74 ;	best_auc: 0.897849606700851
75		9961.5		0.90107		0.90526		0.82124		0.87349		0.7513		0.8078		0.64887
AUC improved at epoch  75 ;	best_auc: 0.9010711696958308
76		9963.22		0.90386		0.90844		0.83938		0.86592		0.80311		0.83333		0.68055
AUC improved at epoch  76 ;	best_auc: 0.9038631909581465
77		9964.99		0.90751		0.91216		0.81606		0.79902		0.84456		0.82116		0.63315
AUC improved at epoch  77 ;	best_auc: 0.9075142956857903
78		9966.7		0.90824		0.91348		0.84456		0.87571		0.80311		0.83784		0.6915
AUC improved at epoch  78 ;	best_auc: 0.9082391473596606
79		9967.98		0.91114		0.91627		0.83679		0.8869		0.77202		0.82548		0.6793
AUC improved at epoch  79 ;	best_auc: 0.9111385540551424
80		9969.86		0.91318		0.91894		0.84456		0.84103		0.84974		0.84536		0.68916
AUC improved at epoch  80 ;	best_auc: 0.9131788772852962
81		9971.09		0.91382		0.92016		0.84197		0.86667		0.80829		0.83646		0.68549
AUC improved at epoch  81 ;	best_auc: 0.9138231898842922
82		9972.24		0.91444		0.92195		0.84197		0.88824		0.78238		0.83196		0.68885
AUC improved at epoch  82 ;	best_auc: 0.9144406561249966
83		9973.38		0.9168		0.92411		0.85492		0.85492		0.85492		0.85492		0.70984
AUC improved at epoch  83 ;	best_auc: 0.9168031356546485
84		9974.6		0.92139		0.92962		0.85233		0.86559		0.8342		0.8496		0.70513
AUC improved at epoch  84 ;	best_auc: 0.9213938629224946
85		9975.8		0.92099		0.93066		0.84456		0.88889		0.78756		0.83516		0.69364
86		9976.99		0.92502		0.93416		0.84974		0.85714		0.83938		0.84817		0.69963
AUC improved at epoch  86 ;	best_auc: 0.9250181212918468
87		9978.16		0.92658		0.93589		0.85492		0.85128		0.8601		0.85567		0.70988
AUC improved at epoch  87 ;	best_auc: 0.9265752100727537
88		9979.41		0.92794		0.93782		0.85751		0.89655		0.80829		0.85014		0.71852
AUC improved at epoch  88 ;	best_auc: 0.9279443743456199
89		9980.58		0.93221		0.94235		0.86269		0.86458		0.8601		0.86234		0.7254
AUC improved at epoch  89 ;	best_auc: 0.9322129453139683
90		9981.81		0.93374		0.94371		0.8601		0.85279		0.87047		0.86154		0.72036
AUC improved at epoch  90 ;	best_auc: 0.9337431877365835
91		9983.04		0.93262		0.94327		0.86788		0.91279		0.81347		0.86027		0.74015
92		9984.21		0.93656		0.94736		0.87306		0.8871		0.85492		0.87071		0.74661
AUC improved at epoch  92 ;	best_auc: 0.9365620553571907
93		9985.74		0.93882		0.94897		0.85492		0.83415		0.88601		0.8593		0.71122
AUC improved at epoch  93 ;	best_auc: 0.9388171494536766
94		9987.06		0.93458		0.94455		0.87565		0.91429		0.82902		0.86957		0.75458
95		9988.38		0.93965		0.94952		0.87306		0.875		0.87047		0.87273		0.74612
AUC improved at epoch  95 ;	best_auc: 0.9396493865607131
96		9989.81		0.93538		0.94672		0.84456		0.83417		0.8601		0.84694		0.68945
97		9991.29		0.93726		0.94825		0.87565		0.91429		0.82902		0.86957		0.75458
98		9992.72		0.93962		0.94973		0.87565		0.87565		0.87565		0.87565		0.7513
99		9994.1		0.94067		0.95078		0.86788		0.86979		0.86528		0.86753		0.73576
AUC improved at epoch  99 ;	best_auc: 0.9406695481757898
100		9995.44		0.94011		0.95073		0.87824		0.92941		0.81865		0.87052		0.76191
101		9997.08		0.94045		0.9513		0.86528		0.86911		0.8601		0.86458		0.73061
102		9998.48		0.93981		0.95054		0.87306		0.8913		0.84974		0.87003		0.74693
103		9999.79		0.94258		0.95289		0.88083		0.91525		0.83938		0.87568		0.76429
AUC improved at epoch  103 ;	best_auc: 0.9425756396144862
104		10001.1		0.94145		0.95135		0.8601		0.8601		0.8601		0.8601		0.72021
105		10002.57		0.94233		0.95231		0.88601		0.9071		0.8601		0.88298		0.77306
106		10004.12		0.94064		0.95147		0.86788		0.90341		0.82383		0.86179		0.73862
107		10005.41		0.9408		0.95278		0.85492		0.83744		0.88083		0.85859		0.7108
108		10006.86		0.94019		0.95245		0.87824		0.91477		0.8342		0.87263		0.75943
109		10008.16		0.94169		0.9531		0.86269		0.86842		0.85492		0.86162		0.72548
110		10009.94		0.94346		0.95424		0.87565		0.87958		0.87047		0.875		0.75134
AUC improved at epoch  110 ;	best_auc: 0.9434615694381057
111		10011.35		0.94523		0.95566		0.88601		0.9162		0.84974		0.88172		0.77406
AUC improved at epoch  111 ;	best_auc: 0.9452334290853447
112		10012.78		0.9462		0.95592		0.87047		0.87435		0.86528		0.86979		0.74097
AUC improved at epoch  112 ;	best_auc: 0.9461998979838385
113		10014.11		0.94639		0.95584		0.86528		0.87701		0.84974		0.86316		0.73092
AUC improved at epoch  113 ;	best_auc: 0.946387822491879
114		10015.77		0.948		0.95765		0.88083		0.89305		0.86528		0.87895		0.76203
AUC improved at epoch  114 ;	best_auc: 0.9479986039893689
115		10017.24		0.94762		0.95784		0.8886		0.93103		0.83938		0.88283		0.781
116		10018.69		0.94709		0.95731		0.86788		0.855		0.88601		0.87023		0.73624
117		10019.95		0.94703		0.95715		0.88083		0.91525		0.83938		0.87568		0.76429
118		10021.47		0.94617		0.9563		0.87824		0.88021		0.87565		0.87792		0.75649
119		10023.16		0.94413		0.95503		0.87047		0.86667		0.87565		0.87113		0.74097
120		10025.13		0.94545		0.95584		0.87565		0.90503		0.83938		0.87097		0.75328
121		10026.32		0.94703		0.95693		0.87047		0.86294		0.88083		0.87179		0.74109
122		10027.44		0.95001		0.96031		0.88601		0.8984		0.87047		0.88421		0.77239
AUC improved at epoch  122 ;	best_auc: 0.9500120808612312
123		10028.69		0.94888		0.95979		0.89637		0.91803		0.87047		0.89362		0.79381
124		10029.85		0.94615		0.95723		0.86528		0.84729		0.89119		0.86869		0.73155
125		10031.0		0.94988		0.96003		0.88601		0.93567		0.82902		0.87912		0.77709
126		10032.2		0.95028		0.9598		0.87824		0.8883		0.86528		0.87664		0.75673
AUC improved at epoch  126 ;	best_auc: 0.9502805444441461
127		10033.55		0.94314		0.95448		0.87306		0.86		0.89119		0.87532		0.74661
128		10034.69		0.94537		0.95668		0.89378		0.91758		0.86528		0.89067		0.78885
129		10035.82		0.95133		0.96081		0.89378		0.9086		0.87565		0.89182		0.78808
AUC improved at epoch  129 ;	best_auc: 0.9513275524175145
130		10036.96		0.95535		0.96346		0.88601		0.89418		0.87565		0.88482		0.77219
AUC improved at epoch  130 ;	best_auc: 0.9553545061612392
131		10038.81		0.95291		0.96118		0.87824		0.88021		0.87565		0.87792		0.75649
132		10040.29		0.94786		0.95757		0.87565		0.87565		0.87565		0.87565		0.7513
133		10041.44		0.94502		0.95652		0.89896		0.92308		0.87047		0.896		0.79923
134		10042.58		0.94574		0.95714		0.89378		0.91304		0.87047		0.89125		0.78842
135		10043.75		0.94778		0.95859		0.88083		0.87692		0.88601		0.88144		0.7617
136		10045.46		0.94856		0.95914		0.89378		0.91758		0.86528		0.89067		0.78885
137		10047.01		0.94835		0.95928		0.89378		0.92222		0.8601		0.89008		0.78936
138		10048.21		0.9469		0.95888		0.88342		0.89785		0.86528		0.88127		0.76734
139		10049.31		0.94604		0.95883		0.89378		0.9		0.88601		0.89295		0.78766
140		10050.63		0.9476		0.95971		0.90155		0.91005		0.89119		0.90052		0.80328
141		10051.84		0.94821		0.95977		0.89378		0.9086		0.87565		0.89182		0.78808
142		10052.97		0.94813		0.95929		0.89637		0.91351		0.87565		0.89418		0.79343
143		10054.17		0.94843		0.95926		0.89637		0.91803		0.87047		0.89362		0.79381
144		10055.9		0.94843		0.95919		0.8886		0.89894		0.87565		0.88714		0.77746
145		10058.09		0.94953		0.96027		0.8886		0.89894		0.87565		0.88714		0.77746
146		10059.67		0.95036		0.96104		0.89119		0.89119		0.89119		0.89119		0.78238
147		10060.79		0.95141		0.96177		0.89378		0.89583		0.89119		0.89351		0.78758
148		10061.92		0.9502		0.96085		0.8886		0.89894		0.87565		0.88714		0.77746
149		10063.14		0.94805		0.95897		0.89119		0.90374		0.87565		0.88947		0.78276
150		10064.26		0.94752		0.95829		0.8886		0.89894		0.87565		0.88714		0.77746
151		10065.63		0.94765		0.95866		0.88601		0.89418		0.87565		0.88482		0.77219
152		10066.8		0.94887		0.95954		0.8886		0.89894		0.87565		0.88714		0.77746
153		10067.98		0.94886		0.95983		0.89378		0.91304		0.87047		0.89125		0.78842
154		10069.5		0.94808		0.95944		0.8886		0.90323		0.87047		0.88654		0.77771
155		10071.25		0.94781		0.95974		0.8886		0.89474		0.88083		0.88773		0.7773
156		10072.61		0.94789		0.95993		0.89119		0.89529		0.88601		0.89062		0.78243
157		10073.78		0.948		0.95984		0.89378		0.9086		0.87565		0.89182		0.78808
158		10075.55		0.94894		0.9606		0.89378		0.91758		0.86528		0.89067		0.78885
159		10077.22		0.94999		0.96123		0.89378		0.91758		0.86528		0.89067		0.78885
160		10078.33		0.95119		0.96142		0.8886		0.91209		0.8601		0.88533		0.77847
161		10080.14		0.95028		0.96062		0.90155		0.9235		0.87565		0.89894		0.80419
162		10081.57		0.94879		0.95946		0.89896		0.92308		0.87047		0.896		0.79923
163		10082.84		0.94789		0.95865		0.89378		0.91304		0.87047		0.89125		0.78842
164		10083.98		0.94985		0.96058		0.89637		0.90476		0.88601		0.89529		0.79292
165		10085.11		0.95152		0.9619		0.90155		0.91444		0.88601		0.9		0.8035
166		10086.25		0.95173		0.96187		0.89378		0.89583		0.89119		0.89351		0.78758
167		10087.75		0.95066		0.96092		0.8886		0.89062		0.88601		0.88831		0.77721
168		10089.4		0.94921		0.95993		0.88601		0.89418		0.87565		0.88482		0.77219
169		10090.67		0.94698		0.9584		0.88601		0.89418		0.87565		0.88482		0.77219
170		10091.83		0.94585		0.95754		0.88083		0.88482		0.87565		0.88021		0.7617
171		10093.22		0.94757		0.95905		0.88601		0.89418		0.87565		0.88482		0.77219
172		10095.06		0.94813		0.9595		0.89119		0.90811		0.87047		0.88889		0.78306
173		10096.41		0.94962		0.96051		0.8886		0.90761		0.86528		0.88594		0.77805
174		10097.71		0.95005		0.96067		0.8886		0.90323		0.87047		0.88654		0.77771
175		10099.41		0.9477		0.95859		0.88342		0.89362		0.87047		0.88189		0.7671
176		10101.25		0.94475		0.95629		0.86788		0.86598		0.87047		0.86822		0.73576
177		10102.44		0.94378		0.95591		0.88601		0.8984		0.87047		0.88421		0.77239
178		10103.56		0.94572		0.9576		0.8886		0.92614		0.84456		0.88347		0.78023
179		10104.7		0.94588		0.95756		0.86788		0.88587		0.84456		0.86472		0.73655
180		10105.87		0.9466		0.95825		0.86528		0.86154		0.87047		0.86598		0.73061
181		10106.99		0.94723		0.95868		0.87824		0.86139		0.90155		0.88101		0.7573
182		10108.07		0.9484		0.95977		0.8886		0.89062		0.88601		0.88831		0.77721
183		10109.15		0.94778		0.95919		0.89378		0.91304		0.87047		0.89125		0.78842
184		10110.23		0.94625		0.95772		0.89637		0.9322		0.85492		0.89189		0.79548
185		10111.46		0.94456		0.95601		0.89896		0.92778		0.86528		0.89544		0.79974
186		10112.62		0.94518		0.95681		0.89637		0.92265		0.86528		0.89305		0.79428
187		10113.82		0.94655		0.95831		0.88342		0.88947		0.87565		0.88251		0.76693
188		10115.55		0.9476		0.95916		0.88342		0.88542		0.88083		0.88312		0.76685
189		10117.11		0.94761		0.95901		0.89119		0.89947		0.88083		0.89005		0.78255
190		10118.24		0.94667		0.95826		0.8886		0.90323		0.87047		0.88654		0.77771
191		10119.39		0.94648		0.9581		0.88342		0.88947		0.87565		0.88251		0.76693
192		10120.59		0.94643		0.95807		0.88342		0.88947		0.87565		0.88251		0.76693
193		10122.26		0.94703		0.95843		0.88342		0.88947		0.87565		0.88251		0.76693
194		10123.67		0.9477		0.95877		0.89119		0.90811		0.87047		0.88889		0.78306
195		10124.8		0.948		0.95905		0.90155		0.92818		0.87047		0.8984		0.80467
196		10126.71		0.94741		0.9588		0.89119		0.92179		0.85492		0.8871		0.78445
197		10127.96		0.94644		0.95823		0.89119		0.93143		0.84456		0.88587		0.78581
198		10129.11		0.94556		0.9579		0.90155		0.94286		0.85492		0.89674		0.80662
199		10130.34		0.94494		0.95745		0.89378		0.92222		0.8601		0.89008		0.78936
200		10132.24		0.94429		0.95699		0.88342		0.90217		0.8601		0.88064		0.76767
201		10134.19		0.94454		0.95732		0.88601		0.9071		0.8601		0.88298		0.77306
202		10135.5		0.94483		0.95785		0.89119		0.91713		0.8601		0.8877		0.7839
203		10136.61		0.94561		0.95867		0.89378		0.92222		0.8601		0.89008		0.78936
204		10137.75		0.94695		0.95962		0.90155		0.9235		0.87565		0.89894		0.80419
205		10138.92		0.94811		0.96048		0.90155		0.9235		0.87565		0.89894		0.80419
206		10140.19		0.94942		0.96149		0.89896		0.91848		0.87565		0.89655		0.7988
207		10141.29		0.95015		0.96173		0.90415		0.92857		0.87565		0.90133		0.80961
208		10142.39		0.9499		0.96137		0.90674		0.92896		0.88083		0.90426		0.81457
209		10143.58		0.95007		0.96132		0.90415		0.93333		0.87047		0.9008		0.81013
210		10144.95		0.95017		0.96121		0.90415		0.93333		0.87047		0.9008		0.81013
211		10146.2		0.94993		0.96096		0.90155		0.93296		0.86528		0.89785		0.80523
212		10147.7		0.95047		0.9613		0.90415		0.9382		0.86528		0.90027		0.81074
213		10149.3		0.95028		0.9612		0.90415		0.93333		0.87047		0.9008		0.81013
214		10151.49		0.95003		0.96111		0.90674		0.9337		0.87565		0.90374		0.81505
215		10154.44		0.94918		0.96066		0.90415		0.9382		0.86528		0.90027		0.81074
216		10158.53		0.94867		0.96054		0.90155		0.93785		0.8601		0.8973		0.80588
217		10160.77		0.94827		0.9605		0.90155		0.93785		0.8601		0.8973		0.80588
218		10165.6		0.9476		0.96006		0.90415		0.9382		0.86528		0.90027		0.81074
219		10169.0		0.9466		0.95939		0.90933		0.94382		0.87047		0.90566		0.82114
220		10170.21		0.94601		0.95886		0.90674		0.93855		0.87047		0.90323		0.81562
221		10171.43		0.94676		0.95945		0.90155		0.92818		0.87047		0.8984		0.80467
222		10172.65		0.94703		0.95945		0.89637		0.91803		0.87047		0.89362		0.79381
223		10173.87		0.94778		0.95981		0.89378		0.92222		0.8601		0.89008		0.78936
224		10175.23		0.94905		0.96076		0.89119		0.91713		0.8601		0.8877		0.7839
225		10176.42		0.94993		0.96137		0.89637		0.91803		0.87047		0.89362		0.79381
226		10177.64		0.95055		0.96193		0.89896		0.91848		0.87565		0.89655		0.7988
227		10179.04		0.95076		0.96208		0.89896		0.91398		0.88083		0.8971		0.79845
228		10180.98		0.95066		0.96195		0.89896		0.91398		0.88083		0.8971		0.79845
229		10182.64		0.95033		0.96174		0.90155		0.92818		0.87047		0.8984		0.80467
230		10184.37		0.94961		0.96126		0.90415		0.9382		0.86528		0.90027		0.81074
231		10186.07		0.94891		0.96075		0.89637		0.92265		0.86528		0.89305		0.79428
232		10187.52		0.94872		0.96052		0.8886		0.90761		0.86528		0.88594		0.77805
233		10189.03		0.94835		0.96035		0.8886		0.90761		0.86528		0.88594		0.77805
234		10190.65		0.9487		0.96075		0.89637		0.92265		0.86528		0.89305		0.79428
235		10192.07		0.94923		0.9611		0.89896		0.92778		0.86528		0.89544		0.79974
236		10193.28		0.9505		0.96187		0.90155		0.93296		0.86528		0.89785		0.80523
237		10194.52		0.95138		0.96249		0.89637		0.91803		0.87047		0.89362		0.79381
238		10196.06		0.95207		0.9629		0.90155		0.91892		0.88083		0.89947		0.8038
239		10197.76		0.95231		0.96306		0.90155		0.91892		0.88083		0.89947		0.8038
240		10198.95		0.95211		0.96292		0.89896		0.91848		0.87565		0.89655		0.7988
241		10200.18		0.95232		0.96299		0.90415		0.92391		0.88083		0.90186		0.80917
242		10202.23		0.95264		0.96322		0.90933		0.93407		0.88083		0.90667		0.81999
243		10203.32		0.95237		0.96308		0.90933		0.93889		0.87565		0.90617		0.82052
244		10204.41		0.95158		0.96231		0.89896		0.92308		0.87047		0.896		0.79923
245		10205.58		0.95106		0.96188		0.89378		0.91758		0.86528		0.89067		0.78885
246		10206.9		0.95031		0.96128		0.8886		0.90761		0.86528		0.88594		0.77805
247		10208.08		0.94923		0.96041		0.8886		0.90761		0.86528		0.88594		0.77805
248		10209.27		0.94864		0.95994		0.88601		0.9027		0.86528		0.8836		0.77268
249		10211.2		0.94816		0.95948		0.89119		0.90374		0.87565		0.88947		0.78276
250		10212.43		0.94786		0.95926		0.8886		0.89894		0.87565		0.88714		0.77746
251		10213.59		0.94762		0.9592		0.89119		0.90374		0.87565		0.88947		0.78276
252		10214.7		0.94757		0.95945		0.89378		0.91758		0.86528		0.89067		0.78885
253		10215.8		0.94717		0.95938		0.89378		0.91758		0.86528		0.89067		0.78885
254		10216.89		0.94679		0.95934		0.89637		0.92265		0.86528		0.89305		0.79428
255		10218.77		0.94556		0.95843		0.89637		0.92265		0.86528		0.89305		0.79428
256		10220.07		0.9444		0.95766		0.90155		0.92818		0.87047		0.8984		0.80467
257		10221.21		0.94405		0.95764		0.90155		0.92818		0.87047		0.8984		0.80467
258		10222.38		0.94577		0.95905		0.90155		0.92818		0.87047		0.8984		0.80467
259		10223.72		0.94746		0.96052		0.90674		0.9435		0.86528		0.9027		0.81628
260		10224.91		0.94888		0.9614		0.90155		0.93785		0.8601		0.8973		0.80588
261		10226.48		0.94996		0.96177		0.89896		0.93258		0.8601		0.89488		0.80035
262		10228.29		0.95048		0.96195		0.89896		0.92308		0.87047		0.896		0.79923
263		10229.78		0.95082		0.96218		0.89378		0.9086		0.87565		0.89182		0.78808
264		10230.89		0.95074		0.96212		0.89378		0.9086		0.87565		0.89182		0.78808
265		10232.19		0.95078		0.96245		0.90155		0.9235		0.87565		0.89894		0.80419
266		10233.58		0.95052		0.96236		0.90674		0.9337		0.87565		0.90374		0.81505
267		10235.67		0.94993		0.96196		0.90415		0.9382		0.86528		0.90027		0.81074
268		10237.41		0.94938		0.96162		0.90674		0.9435		0.86528		0.9027		0.81628
269		10239.56		0.94905		0.96124		0.90674		0.9435		0.86528		0.9027		0.81628
270		10241.1		0.94856		0.96065		0.90415		0.93333		0.87047		0.9008		0.81013
271		10242.69		0.94854		0.9606		0.90155		0.9235		0.87565		0.89894		0.80419
272		10243.86		0.94852		0.96074		0.89637		0.91351		0.87565		0.89418		0.79343
273		10245.08		0.94856		0.96072		0.89637		0.91351		0.87565		0.89418		0.79343
274		10246.19		0.94907		0.96109		0.89119		0.91257		0.86528		0.8883		0.78344
275		10247.37		0.94862		0.96071		0.89378		0.91758		0.86528		0.89067		0.78885
276		10248.75		0.94837		0.96059		0.89896		0.92778		0.86528		0.89544		0.79974
277		10249.89		0.94843		0.96048		0.89637		0.92265		0.86528		0.89305		0.79428
278		10251.02		0.94776		0.96005		0.89637		0.92265		0.86528		0.89305		0.79428
279		10252.19		0.94768		0.95997		0.89637		0.92265		0.86528		0.89305		0.79428
280		10253.48		0.9484		0.96052		0.89637		0.92265		0.86528		0.89305		0.79428
281		10255.34		0.9491		0.96105		0.89637		0.91351		0.87565		0.89418		0.79343
282		10257.17		0.95015		0.96168		0.89637		0.91351		0.87565		0.89418		0.79343
283		10258.97		0.95106		0.96238		0.89637		0.91351		0.87565		0.89418		0.79343
284		10260.76		0.95174		0.96294		0.90155		0.9235		0.87565		0.89894		0.80419
285		10262.03		0.95221		0.96338		0.89896		0.91848		0.87565		0.89655		0.7988
286		10263.22		0.95153		0.96283		0.90415		0.91935		0.88601		0.90237		0.80882
287		10264.3		0.95117		0.96261		0.90415		0.92391		0.88083		0.90186		0.80917
288		10265.4		0.94982		0.96181		0.90674		0.92896		0.88083		0.90426		0.81457
289		10266.8		0.94894		0.96138		0.91192		0.93923		0.88083		0.90909		0.82543
290		10267.93		0.94803		0.96071		0.90933		0.94382		0.87047		0.90566		0.82114
291		10269.27		0.94905		0.96142		0.90415		0.93333		0.87047		0.9008		0.81013
292		10270.41		0.94977		0.96171		0.90155		0.92818		0.87047		0.8984		0.80467
293		10271.6		0.95047		0.96217		0.89119		0.90811		0.87047		0.88889		0.78306
294		10273.06		0.95092		0.96255		0.89119		0.90811		0.87047		0.88889		0.78306
295		10274.83		0.95192		0.96347		0.89637		0.90909		0.88083		0.89474		0.79313
296		10276.04		0.95188		0.96354		0.89896		0.91848		0.87565		0.89655		0.7988
297		10277.23		0.95087		0.96279		0.89637		0.91351		0.87565		0.89418		0.79343
298		10278.49		0.94907		0.96151		0.89637		0.91803		0.87047		0.89362		0.79381
299		10279.68		0.94789		0.96045		0.89119		0.91257		0.86528		0.8883		0.78344
300		10280.81		0.94663		0.95933		0.89119		0.91257		0.86528		0.8883		0.78344
301		10282.38		0.94534		0.95821		0.89637		0.92265		0.86528		0.89305		0.79428
302		10283.83		0.94475		0.95776		0.89637		0.92737		0.8601		0.89247		0.79484
303		10285.39		0.94509		0.95792		0.89119		0.91257		0.86528		0.8883		0.78344
304		10287.32		0.94588		0.95861		0.88601		0.8984		0.87047		0.88421		0.77239
305		10288.94		0.94676		0.95932		0.88601		0.8984		0.87047		0.88421		0.77239
306		10290.98		0.9466		0.9593		0.88083		0.88889		0.87047		0.87958		0.76182
307		10292.87		0.94682		0.95946		0.88601		0.9027		0.86528		0.8836		0.77268
308		10294.04		0.94711		0.9598		0.8886		0.90761		0.86528		0.88594		0.77805
309		10295.16		0.94743		0.95984		0.8886		0.90761		0.86528		0.88594		0.77805
310		10296.29		0.94717		0.95955		0.88601		0.9027		0.86528		0.8836		0.77268
311		10297.44		0.94781		0.96004		0.88601		0.9027		0.86528		0.8836		0.77268
312		10298.78		0.9487		0.96079		0.89378		0.91758		0.86528		0.89067		0.78885
313		10299.9		0.94926		0.96111		0.90415		0.93333		0.87047		0.9008		0.81013
314		10301.07		0.94993		0.96157		0.90674		0.9337		0.87565		0.90374		0.81505
315		10302.17		0.95028		0.96169		0.90415		0.92857		0.87565		0.90133		0.80961
316		10303.51		0.95047		0.96178		0.90155		0.9235		0.87565		0.89894		0.80419
317		10304.8		0.9502		0.96171		0.89637		0.91803		0.87047		0.89362		0.79381
318		10306.27		0.94966		0.96156		0.89896		0.93258		0.8601		0.89488		0.80035
319		10307.81		0.94907		0.96125		0.89119		0.93143		0.84456		0.88587		0.78581
320		10309.37		0.94862		0.96092		0.89378		0.93182		0.84974		0.88889		0.79064
321		10311.03		0.94902		0.96113		0.89637		0.9322		0.85492		0.89189		0.79548
322		10312.59		0.94923		0.96124		0.90155		0.9235		0.87565		0.89894		0.80419
323		10314.04		0.94961		0.96131		0.89637		0.91351		0.87565		0.89418		0.79343
324		10315.45		0.94972		0.96145		0.89896		0.91398		0.88083		0.8971		0.79845
325		10316.66		0.94977		0.96167		0.90155		0.9235		0.87565		0.89894		0.80419
326		10318.53		0.9498		0.96175		0.90415		0.92857		0.87565		0.90133		0.80961
327		10320.02		0.94956		0.9615		0.90155		0.92818		0.87047		0.8984		0.80467
328		10321.17		0.9498		0.96163		0.90155		0.93296		0.86528		0.89785		0.80523
329		10322.45		0.94937		0.96107		0.89637		0.92265		0.86528		0.89305		0.79428
330		10323.58		0.94902		0.96069		0.88601		0.9071		0.8601		0.88298		0.77306
331		10324.74		0.94835		0.96036		0.88601		0.9071		0.8601		0.88298		0.77306
332		10325.87		0.94781		0.96006		0.88342		0.91111		0.84974		0.87936		0.76858
333		10327.13		0.94765		0.96021		0.89119		0.92655		0.84974		0.88649		0.78509
334		10328.29		0.94805		0.96071		0.89378		0.93182		0.84974		0.88889		0.79064
335		10329.43		0.94832		0.96099		0.89896		0.93258		0.8601		0.89488		0.80035
336		10330.94		0.94913		0.96169		0.90155		0.92818		0.87047		0.8984		0.80467
337		10332.69		0.9498		0.96203		0.90415		0.92857		0.87565		0.90133		0.80961
338		10333.98		0.9505		0.96236		0.90674		0.92896		0.88083		0.90426		0.81457
339		10335.33		0.95111		0.9626		0.90933		0.93407		0.88083		0.90667		0.81999
340		10336.77		0.95114		0.96247		0.90155		0.9235		0.87565		0.89894		0.80419
341		10338.53		0.95044		0.96198		0.89896		0.92308		0.87047		0.896		0.79923
342		10339.81		0.95031		0.96187		0.89896		0.92778		0.86528		0.89544		0.79974
343		10341.18		0.94972		0.96144		0.89896		0.92778		0.86528		0.89544		0.79974
344		10342.46		0.94883		0.96107		0.90155		0.93296		0.86528		0.89785		0.80523
345		10343.86		0.94789		0.96045		0.89896		0.92308		0.87047		0.896		0.79923
346		10345.54		0.9476		0.96006		0.89896		0.92308		0.87047		0.896		0.79923
347		10346.8		0.94794		0.96033		0.89896		0.92308		0.87047		0.896		0.79923
348		10348.25		0.94905		0.96109		0.90674		0.9337		0.87565		0.90374		0.81505
349		10349.67		0.94972		0.96165		0.90674		0.9435		0.86528		0.9027		0.81628
350		10351.15		0.94966		0.96162		0.90674		0.94857		0.8601		0.90217		0.81703
351		10352.44		0.94934		0.96112		0.90415		0.92857		0.87565		0.90133		0.80961
352		10353.98		0.94805		0.96		0.8886		0.89894		0.87565		0.88714		0.77746
353		10355.34		0.94726		0.95937		0.88601		0.89418		0.87565		0.88482		0.77219
354		10356.72		0.94848		0.96059		0.89896		0.91848		0.87565		0.89655		0.7988
355		10358.26		0.94929		0.96146		0.89896		0.93258		0.8601		0.89488		0.80035
356		10360.02		0.94929		0.9613		0.89637		0.9422		0.84456		0.89071		0.79704
357		10362.07		0.94902		0.96066		0.88601		0.9162		0.84974		0.88172		0.77406
358		10363.28		0.94886		0.9601		0.88342		0.89362		0.87047		0.88189		0.7671
359		10364.49		0.94733		0.95872		0.87306		0.87113		0.87565		0.87339		0.74612
360		10365.71		0.94612		0.95832		0.88083		0.89305		0.86528		0.87895		0.76203
361		10367.01		0.9455		0.95866		0.89378		0.92222		0.8601		0.89008		0.78936
362		10368.18		0.94507		0.95883		0.89378		0.93182		0.84974		0.88889		0.79064
363		10369.32		0.94502		0.9589		0.89637		0.9322		0.85492		0.89189		0.79548
364		10370.61		0.94523		0.9591		0.89896		0.92778		0.86528		0.89544		0.79974
365		10371.81		0.94507		0.95873		0.89637		0.91351		0.87565		0.89418		0.79343
366		10373.07		0.94593		0.95882		0.89119		0.90374		0.87565		0.88947		0.78276
367		10374.22		0.94663		0.95911		0.88601		0.89418		0.87565		0.88482		0.77219
368		10375.57		0.94749		0.95986		0.89378		0.9086		0.87565		0.89182		0.78808
369		10376.83		0.9484		0.96048		0.89637		0.92265		0.86528		0.89305		0.79428
370		10378.04		0.94897		0.96095		0.90674		0.93855		0.87047		0.90323		0.81562
371		10379.71		0.94923		0.96118		0.90155		0.93296		0.86528		0.89785		0.80523
372		10381.46		0.94958		0.96158		0.89637		0.92265		0.86528		0.89305		0.79428
373		10383.01		0.94886		0.96094		0.89378		0.91304		0.87047		0.89125		0.78842
374		10384.57		0.94913		0.96124		0.89119		0.91713		0.8601		0.8877		0.7839
375		10386.24		0.94926		0.96129		0.89896		0.9375		0.85492		0.89431		0.80104
376		10387.42		0.94866		0.96093		0.89637		0.92737		0.8601		0.89247		0.79484
377		10388.69		0.94845		0.96059		0.89637		0.92265		0.86528		0.89305		0.79428
378		10390.11		0.94757		0.95965		0.89378		0.91304		0.87047		0.89125		0.78842
379		10391.83		0.94644		0.95857		0.89119		0.90811		0.87047		0.88889		0.78306
380		10392.96		0.94539		0.95774		0.88601		0.8984		0.87047		0.88421		0.77239
381		10394.15		0.94539		0.95832		0.89378		0.91304		0.87047		0.89125		0.78842
382		10395.53		0.9455		0.95878		0.90155		0.93296		0.86528		0.89785		0.80523
383		10396.68		0.94628		0.95953		0.89637		0.93714		0.84974		0.8913		0.79622
384		10397.82		0.94692		0.95993		0.89637		0.93714		0.84974		0.8913		0.79622
385		10399.36		0.94832		0.96065		0.89637		0.92265		0.86528		0.89305		0.79428
386		10401.22		0.94948		0.96112		0.89896		0.91848		0.87565		0.89655		0.7988
387		10402.9		0.95066		0.96171		0.8886		0.89474		0.88083		0.88773		0.7773
388		10404.41		0.95101		0.96175		0.89119		0.89529		0.88601		0.89062		0.78243
389		10405.82		0.95074		0.96178		0.8886		0.90323		0.87047		0.88654		0.77771
390		10407.61		0.94918		0.96065		0.89637		0.92737		0.8601		0.89247		0.79484
391		10408.78		0.94835		0.96043		0.89896		0.93258		0.8601		0.89488		0.80035
392		10410.43		0.94679		0.9596		0.90155		0.9235		0.87565		0.89894		0.80419
393		10411.97		0.9455		0.95849		0.89637		0.90909		0.88083		0.89474		0.79313
394		10413.11		0.94612		0.95921		0.89896		0.91848		0.87565		0.89655		0.7988
395		10414.4		0.94722		0.96011		0.89637		0.92265		0.86528		0.89305		0.79428
396		10415.59		0.94845		0.96095		0.89637		0.92265		0.86528		0.89305		0.79428
397		10416.81		0.94888		0.96118		0.89637		0.92265		0.86528		0.89305		0.79428
398		10418.16		0.94964		0.9616		0.89378		0.92222		0.8601		0.89008		0.78936
399		10419.76		0.95017		0.9621		0.89637		0.92265		0.86528		0.89305		0.79428
400		10421.93		0.94977		0.96163		0.89378		0.91758		0.86528		0.89067		0.78885
401		10423.41		0.94891		0.96107		0.89378		0.91758		0.86528		0.89067		0.78885
402		10425.05		0.94813		0.96055		0.89378		0.91758		0.86528		0.89067		0.78885
403		10426.6		0.9476		0.9602		0.89637		0.92265		0.86528		0.89305		0.79428
404		10428.0		0.94641		0.95936		0.89378		0.91758		0.86528		0.89067		0.78885
405		10429.42		0.9459		0.95889		0.89119		0.91257		0.86528		0.8883		0.78344
406		10430.65		0.94623		0.95895		0.88342		0.90659		0.85492		0.88		0.76809
407		10431.95		0.94671		0.95896		0.88083		0.90164		0.85492		0.87766		0.76268
408		10433.18		0.94757		0.95934		0.87824		0.89674		0.85492		0.87533		0.7573
409		10434.7		0.94835		0.95969		0.88083		0.90164		0.85492		0.87766		0.76268
410		10436.39		0.94937		0.96048		0.8886		0.91667		0.85492		0.88472		0.77897
411		10437.93		0.94982		0.96082		0.88601		0.9116		0.85492		0.88235		0.77352
412		10439.08		0.94956		0.96075		0.89378		0.92222		0.8601		0.89008		0.78936
413		10440.24		0.94945		0.96089		0.89378		0.92222		0.8601		0.89008		0.78936
414		10442.18		0.94929		0.96106		0.89896		0.93258		0.8601		0.89488		0.80035
415		10443.38		0.94899		0.96105		0.90155		0.93296		0.86528		0.89785		0.80523
416		10444.86		0.94854		0.96083		0.90155		0.93296		0.86528		0.89785		0.80523
417		10445.99		0.94821		0.96055		0.90155		0.93296		0.86528		0.89785		0.80523
418		10447.31		0.94964		0.96185		0.90155		0.9235		0.87565		0.89894		0.80419
419		10448.83		0.94982		0.96186		0.90155		0.9235		0.87565		0.89894		0.80419
420		10450.7		0.95052		0.96241		0.89378		0.91304		0.87047		0.89125		0.78842
421		10452.55		0.95076		0.96248		0.89637		0.91803		0.87047		0.89362		0.79381
422		10454.27		0.9506		0.96227		0.89896		0.92308		0.87047		0.896		0.79923
423		10455.62		0.94982		0.96165		0.90155		0.92818		0.87047		0.8984		0.80467
424		10456.81		0.94907		0.96109		0.90155		0.92818		0.87047		0.8984		0.80467
425		10458.11		0.94738		0.95977		0.90155		0.92818		0.87047		0.8984		0.80467
426		10459.51		0.94652		0.95923		0.89637		0.92265		0.86528		0.89305		0.79428
427		10461.4		0.94601		0.9589		0.89637		0.92265		0.86528		0.89305		0.79428
428		10463.18		0.94663		0.95937		0.89637		0.92265		0.86528		0.89305		0.79428
429		10464.91		0.94765		0.96023		0.90155		0.93296		0.86528		0.89785		0.80523
430		10466.11		0.94848		0.96073		0.90155		0.93296		0.86528		0.89785		0.80523
431		10467.27		0.94891		0.96096		0.89637		0.92265		0.86528		0.89305		0.79428
432		10468.47		0.94886		0.96075		0.89378		0.91758		0.86528		0.89067		0.78885
433		10469.73		0.94867		0.96063		0.89378		0.91758		0.86528		0.89067		0.78885
434		10471.02		0.9487		0.96088		0.89378		0.92222		0.8601		0.89008		0.78936
435		10472.13		0.94784		0.96034		0.89637		0.93714		0.84974		0.8913		0.79622
436		10473.25		0.94778		0.9604		0.90155		0.93785		0.8601		0.8973		0.80588
437		10474.34		0.94797		0.96075		0.89637		0.92265		0.86528		0.89305		0.79428
438		10475.6		0.94811		0.96108		0.89896		0.92308		0.87047		0.896		0.79923
439		10476.72		0.94918		0.96165		0.89378		0.91304		0.87047		0.89125		0.78842
440		10477.89		0.94993		0.96205		0.89896		0.92308		0.87047		0.896		0.79923
441		10479.14		0.94996		0.96191		0.89896		0.92308		0.87047		0.896		0.79923
442		10480.65		0.95017		0.9618		0.90415		0.92857		0.87565		0.90133		0.80961
443		10482.44		0.94897		0.96057		0.89637		0.91803		0.87047		0.89362		0.79381
444		10484.22		0.94757		0.95922		0.89378		0.91758		0.86528		0.89067		0.78885
445		10485.65		0.9473		0.95915		0.89378		0.92222		0.8601		0.89008		0.78936
446		10487.12		0.94719		0.95958		0.8886		0.92614		0.84456		0.88347		0.78023
447		10488.99		0.94682		0.95925		0.88601		0.9209		0.84456		0.88108		0.77469
448		10490.16		0.94668		0.95922		0.88601		0.9071		0.8601		0.88298		0.77306
449		10491.47		0.9466		0.95908		0.88083		0.8973		0.8601		0.87831		0.76231
450		10492.64		0.9469		0.95945		0.88342		0.90217		0.8601		0.88064		0.76767
451		10494.08		0.94701		0.95943		0.89119		0.90811		0.87047		0.88889		0.78306
452		10495.83		0.94725		0.95958		0.89119		0.91257		0.86528		0.8883		0.78344
453		10497.32		0.94837		0.96022		0.89378		0.91758		0.86528		0.89067		0.78885
454		10498.48		0.94886		0.96051		0.89378		0.92222		0.8601		0.89008		0.78936
455		10499.64		0.94859		0.9605		0.89378		0.92222		0.8601		0.89008		0.78936
456		10501.15		0.94757		0.95965		0.89119		0.92179		0.85492		0.8871		0.78445
457		10502.97		0.9466		0.95888		0.89378		0.92222		0.8601		0.89008		0.78936
458		10504.14		0.94534		0.95777		0.8886		0.91209		0.8601		0.88533		0.77847
459		10505.31		0.94496		0.95769		0.8886		0.91209		0.8601		0.88533		0.77847
460		10506.59		0.9459		0.95843		0.88601		0.9071		0.8601		0.88298		0.77306
461		10507.76		0.94722		0.95956		0.88601		0.9071		0.8601		0.88298		0.77306
462		10509.11		0.94832		0.96049		0.88601		0.9071		0.8601		0.88298		0.77306
463		10510.67		0.94891		0.96096		0.89119		0.91713		0.8601		0.8877		0.7839
464		10512.47		0.94899		0.96102		0.89119		0.91713		0.8601		0.8877		0.7839
465		10514.34		0.94926		0.96104		0.89378		0.91758		0.86528		0.89067		0.78885
466		10516.01		0.9491		0.96069		0.89119		0.91713		0.8601		0.8877		0.7839
467		10517.15		0.94985		0.96138		0.89119		0.91713		0.8601		0.8877		0.7839
468		10518.29		0.94956		0.96127		0.8886		0.91209		0.8601		0.88533		0.77847
469		10519.55		0.94915		0.9609		0.89119		0.90811		0.87047		0.88889		0.78306
470		10521.6		0.94871		0.9606		0.8886		0.90323		0.87047		0.88654		0.77771
471		10522.75		0.94808		0.96014		0.89378		0.90426		0.88083		0.89239		0.78783
472		10523.88		0.94713		0.95937		0.89378		0.9086		0.87565		0.89182		0.78808
473		10525.13		0.9459		0.95846		0.89119		0.91257		0.86528		0.8883		0.78344
474		10526.27		0.94545		0.95828		0.89119		0.92179		0.85492		0.8871		0.78445
475		10527.38		0.94542		0.9584		0.89119		0.92179		0.85492		0.8871		0.78445
476		10528.52		0.9459		0.95895		0.89378		0.92697		0.85492		0.88949		0.78995
477		10529.72		0.9466		0.95948		0.89119		0.92179		0.85492		0.8871		0.78445
478		10530.94		0.94741		0.96003		0.88342		0.89785		0.86528		0.88127		0.76734
479		10532.11		0.94856		0.96082		0.88601		0.89418		0.87565		0.88482		0.77219
480		10533.33		0.94926		0.96131		0.8886		0.90323		0.87047		0.88654		0.77771
481		10534.72		0.94981		0.96168		0.8886		0.90323		0.87047		0.88654		0.77771
482		10536.28		0.94977		0.96172		0.89378		0.91758		0.86528		0.89067		0.78885
483		10537.59		0.95012		0.96184		0.89637		0.92737		0.8601		0.89247		0.79484
484		10538.86		0.94985		0.96141		0.89637		0.92737		0.8601		0.89247		0.79484
485		10540.41		0.95009		0.96139		0.89637		0.92265		0.86528		0.89305		0.79428
486		10541.97		0.9502		0.96131		0.89637		0.91803		0.87047		0.89362		0.79381
487		10543.23		0.94966		0.96102		0.89637		0.91803		0.87047		0.89362		0.79381
488		10544.58		0.94977		0.96121		0.89637		0.91803		0.87047		0.89362		0.79381
489		10546.0		0.94939		0.96111		0.89378		0.91304		0.87047		0.89125		0.78842
490		10547.49		0.94875		0.96092		0.89378		0.91304		0.87047		0.89125		0.78842
491		10548.97		0.94918		0.9611		0.89378		0.9086		0.87565		0.89182		0.78808
492		10550.24		0.94948		0.96127		0.89378		0.91304		0.87047		0.89125		0.78842
493		10551.62		0.94953		0.96136		0.89637		0.91803		0.87047		0.89362		0.79381
494		10553.08		0.94956		0.96154		0.89637		0.92265		0.86528		0.89305		0.79428
495		10554.48		0.94921		0.96132		0.89119		0.91713		0.8601		0.8877		0.7839
496		10555.82		0.94891		0.961		0.89378		0.91758		0.86528		0.89067		0.78885
497		10557.33		0.94803		0.96022		0.89378		0.91304		0.87047		0.89125		0.78842
498		10558.96		0.94762		0.95995		0.8886		0.90761		0.86528		0.88594		0.77805
499		10560.41		0.94749		0.95995		0.8886		0.90761		0.86528		0.88594		0.77805
500		10561.68		0.94749		0.96		0.88342		0.89785		0.86528		0.88127		0.76734
501		10563.11		0.94819		0.96056		0.88601		0.9071		0.8601		0.88298		0.77306
502		10564.47		0.94819		0.96053		0.8886		0.91667		0.85492		0.88472		0.77897
503		10565.83		0.94813		0.96041		0.89119		0.91713		0.8601		0.8877		0.7839
504		10567.39		0.94722		0.95963		0.89378		0.91758		0.86528		0.89067		0.78885
505		10568.75		0.94687		0.95949		0.89378		0.91758		0.86528		0.89067		0.78885
506		10570.16		0.94789		0.96042		0.89896		0.93258		0.8601		0.89488		0.80035
507		10571.9		0.94843		0.96075		0.89637		0.9322		0.85492		0.89189		0.79548
508		10573.77		0.94821		0.96022		0.89637		0.9322		0.85492		0.89189		0.79548
509		10575.02		0.94768		0.95961		0.89119		0.92179		0.85492		0.8871		0.78445
510		10576.15		0.94762		0.95947		0.88601		0.9071		0.8601		0.88298		0.77306
511		10577.44		0.94811		0.95975		0.89119		0.91713		0.8601		0.8877		0.7839
512		10578.68		0.94813		0.95987		0.8886		0.91209		0.8601		0.88533		0.77847
513		10579.98		0.94781		0.9597		0.8886		0.91209		0.8601		0.88533		0.77847
514		10581.24		0.94794		0.9597		0.88601		0.9116		0.85492		0.88235		0.77352
515		10582.42		0.94808		0.95975		0.89119		0.91257		0.86528		0.8883		0.78344
516		10583.56		0.94815		0.95989		0.89378		0.91758		0.86528		0.89067		0.78885
517		10584.83		0.9477		0.95963		0.89378		0.91758		0.86528		0.89067		0.78885
518		10585.96		0.94756		0.95945		0.89119		0.91257		0.86528		0.8883		0.78344
519		10587.28		0.94757		0.9596		0.8886		0.90761		0.86528		0.88594		0.77805
520		10588.52		0.94671		0.95904		0.88601		0.9027		0.86528		0.8836		0.77268
521		10590.13		0.94631		0.95903		0.89119		0.91257		0.86528		0.8883		0.78344
522		10591.93		0.94604		0.95892		0.8886		0.91209		0.8601		0.88533		0.77847
523		10593.31		0.94628		0.95911		0.8886		0.90761		0.86528		0.88594		0.77805
524		10594.79		0.94682		0.95954		0.89119		0.91257		0.86528		0.8883		0.78344
525		10596.49		0.94773		0.96026		0.89119		0.91257		0.86528		0.8883		0.78344
526		10598.04		0.94848		0.9606		0.8886		0.90761		0.86528		0.88594		0.77805
527		10599.27		0.94875		0.96082		0.88601		0.9027		0.86528		0.8836		0.77268
528		10600.61		0.94872		0.96079		0.8886		0.90761		0.86528		0.88594		0.77805
529		10602.11		0.94811		0.96033		0.89119		0.91713		0.8601		0.8877		0.7839
530		10604.0		0.9458		0.95876		0.89637		0.92265		0.86528		0.89305		0.79428
531		10605.43		0.94427		0.9577		0.89119		0.92179		0.85492		0.8871		0.78445
532		10606.58		0.94338		0.95715		0.88601		0.9071		0.8601		0.88298		0.77306
533		10607.72		0.94346		0.95719		0.8886		0.91209		0.8601		0.88533		0.77847
534		10609.36		0.94437		0.9578		0.88342		0.89785		0.86528		0.88127		0.76734
535		10610.99		0.94483		0.95811		0.88601		0.8984		0.87047		0.88421		0.77239
536		10612.53		0.94609		0.95899		0.88601		0.8984		0.87047		0.88421		0.77239
537		10614.25		0.94666		0.95939		0.88342		0.89785		0.86528		0.88127		0.76734
538		10615.71		0.94711		0.95973		0.88601		0.8984		0.87047		0.88421		0.77239
539		10617.05		0.94717		0.95964		0.88601		0.8984		0.87047		0.88421		0.77239
540		10618.29		0.94717		0.95964		0.89119		0.90374		0.87565		0.88947		0.78276
541		10619.61		0.94733		0.95975		0.88342		0.90217		0.8601		0.88064		0.76767
542		10621.11		0.9477		0.96014		0.8886		0.91209		0.8601		0.88533		0.77847
543		10622.61		0.94754		0.96		0.88601		0.9071		0.8601		0.88298		0.77306
544		10623.98		0.94757		0.95998		0.88601		0.9071		0.8601		0.88298		0.77306
545		10625.56		0.94789		0.9603		0.8886		0.90761		0.86528		0.88594		0.77805
546		10626.94		0.94805		0.96041		0.89378		0.91304		0.87047		0.89125		0.78842
547		10628.8		0.94943		0.96137		0.89637		0.91803		0.87047		0.89362		0.79381
548		10629.92		0.94977		0.96155		0.89896		0.92308		0.87047		0.896		0.79923
549		10631.05		0.94999		0.96169		0.89896		0.92308		0.87047		0.896		0.79923
550		10632.8		0.9491		0.9611		0.89896		0.92308		0.87047		0.896		0.79923
551		10634.64		0.94832		0.96066		0.90155		0.92818		0.87047		0.8984		0.80467
552		10635.82		0.94749		0.96002		0.90155		0.92818		0.87047		0.8984		0.80467
553		10636.97		0.94628		0.95912		0.89637		0.92737		0.8601		0.89247		0.79484
554		10638.29		0.94668		0.95943		0.89378		0.92222		0.8601		0.89008		0.78936
555		10639.55		0.94789		0.96037		0.88601		0.9071		0.8601		0.88298		0.77306
556		10640.87		0.94886		0.96099		0.8886		0.91209		0.8601		0.88533		0.77847
557		10642.01		0.94929		0.96131		0.89378		0.91758		0.86528		0.89067		0.78885
558		10643.64		0.94993		0.96156		0.89119		0.91257		0.86528		0.8883		0.78344
559		10645.37		0.94934		0.96074		0.89637		0.91351		0.87565		0.89418		0.79343
560		10646.95		0.94824		0.95944		0.8886		0.90323		0.87047		0.88654		0.77771
561		10648.22		0.94808		0.95943		0.89378		0.91758		0.86528		0.89067		0.78885
562		10649.8		0.94956		0.96105		0.89119		0.91713		0.8601		0.8877		0.7839
563		10651.37		0.95103		0.96244		0.88601		0.9071		0.8601		0.88298		0.77306
564		10652.68		0.95173		0.96315		0.89637		0.90909		0.88083		0.89474		0.79313
565		10653.96		0.95149		0.9632		0.8886		0.89062		0.88601		0.88831		0.77721
566		10655.14		0.9509		0.96286		0.89378		0.9		0.88601		0.89295		0.78766
567		10656.31		0.95007		0.96216		0.89637		0.92737		0.8601		0.89247		0.79484
568		10658.15		0.94851		0.96102		0.89637		0.9422		0.84456		0.89071		0.79704
569		10659.57		0.94625		0.95893		0.89378		0.92697		0.85492		0.88949		0.78995
570		10660.83		0.94413		0.95656		0.8886		0.89894		0.87565		0.88714		0.77746
571		10662.73		0.94362		0.95576		0.87565		0.87179		0.88083		0.87629		0.75134
572		10664.37		0.94733		0.95959		0.89637		0.91803		0.87047		0.89362		0.79381
573		10665.67		0.94746		0.96017		0.90415		0.9382		0.86528		0.90027		0.81074
574		10667.35		0.94768		0.95996		0.89378		0.91304		0.87047		0.89125		0.78842
575		10668.9		0.94573		0.95801		0.89637		0.90909		0.88083		0.89474		0.79313
576		10670.37		0.9465		0.95916		0.89896		0.92778		0.86528		0.89544		0.79974
577		10671.5		0.9473		0.96005		0.90155		0.94286		0.85492		0.89674		0.80662
578		10672.75		0.94719		0.95971		0.89896		0.93258		0.8601		0.89488		0.80035
579		10673.87		0.94674		0.95918		0.88083		0.89305		0.86528		0.87895		0.76203
580		10674.99		0.94722		0.95972		0.88083		0.88482		0.87565		0.88021		0.7617
581		10676.85		0.94741		0.95965		0.88601		0.9027		0.86528		0.8836		0.77268
582		10678.11		0.94752		0.96015		0.88601		0.9071		0.8601		0.88298		0.77306
583		10679.38		0.94682		0.9596		0.88601		0.9116		0.85492		0.88235		0.77352
584		10680.59		0.94604		0.95902		0.88083		0.90608		0.84974		0.87701		0.76313
585		10681.73		0.94513		0.95827		0.88601		0.8984		0.87047		0.88421		0.77239
586		10682.91		0.94386		0.95745		0.88601		0.89418		0.87565		0.88482		0.77219
587		10684.15		0.94462		0.95823		0.88601		0.8984		0.87047		0.88421		0.77239
588		10685.91		0.94596		0.95919		0.88342		0.89785		0.86528		0.88127		0.76734
589		10687.26		0.94714		0.95967		0.89119		0.91257		0.86528		0.8883		0.78344
590		10688.52		0.94789		0.96037		0.89119		0.90811		0.87047		0.88889		0.78306
591		10689.91		0.94907		0.96118		0.88601		0.89005		0.88083		0.88542		0.77206
592		10691.35		0.94939		0.9616		0.88601		0.88601		0.88601		0.88601		0.77202
593		10692.54		0.9505		0.96258		0.89378		0.9		0.88601		0.89295		0.78766
594		10693.72		0.94974		0.96202		0.90155		0.92818		0.87047		0.8984		0.80467
595		10694.83		0.94875		0.96122		0.90155		0.93296		0.86528		0.89785		0.80523
596		10696.31		0.94749		0.96038		0.89119		0.92179		0.85492		0.8871		0.78445
597		10697.71		0.94639		0.95945		0.89119		0.90811		0.87047		0.88889		0.78306
598		10699.55		0.94556		0.95867		0.88601		0.8984		0.87047		0.88421		0.77239
599		10700.84		0.94668		0.95934		0.8886		0.90323		0.87047		0.88654		0.77771
600		10702.24		0.94792		0.96035		0.8886		0.91209		0.8601		0.88533		0.77847
601		10703.56		0.94843		0.96069		0.88601		0.9116		0.85492		0.88235		0.77352
602		10704.84		0.94854		0.96081		0.8886		0.91667		0.85492		0.88472		0.77897
603		10706.24		0.94776		0.96031		0.89378		0.9086		0.87565		0.89182		0.78808
604		10707.6		0.94676		0.95971		0.89378		0.9086		0.87565		0.89182		0.78808
605		10709.1		0.94593		0.95897		0.8886		0.89894		0.87565		0.88714		0.77746
606		10710.5		0.94604		0.95928		0.89637		0.91351		0.87565		0.89418		0.79343
607		10711.89		0.94561		0.95919		0.89378		0.91304		0.87047		0.89125		0.78842
608		10713.2		0.9457		0.95932		0.89119		0.91257		0.86528		0.8883		0.78344
609		10714.72		0.94553		0.95915		0.89119		0.91713		0.8601		0.8877		0.7839
610		10716.07		0.94531		0.95886		0.89119		0.91713		0.8601		0.8877		0.7839
611		10717.6		0.94518		0.95853		0.8886		0.91209		0.8601		0.88533		0.77847
612		10719.05		0.94499		0.9582		0.8886		0.90761		0.86528		0.88594		0.77805
613		10720.47		0.9448		0.95784		0.89119		0.90374		0.87565		0.88947		0.78276
614		10721.73		0.94486		0.95765		0.88083		0.88889		0.87047		0.87958		0.76182
615		10723.18		0.94639		0.959		0.8886		0.90761		0.86528		0.88594		0.77805
616		10724.49		0.94711		0.9596		0.88083		0.91061		0.84456		0.87634		0.76367
617		10725.87		0.94754		0.96002		0.88083		0.91061		0.84456		0.87634		0.76367
618		10727.14		0.94733		0.95978		0.88342		0.91111		0.84974		0.87936		0.76858
619		10728.78		0.94765		0.96005		0.88601		0.9071		0.8601		0.88298		0.77306
620		10730.34		0.9469		0.95952		0.88601		0.89418		0.87565		0.88482		0.77219
621		10732.34		0.94631		0.95902		0.88083		0.88482		0.87565		0.88021		0.7617
622		10733.48		0.94684		0.95947		0.89119		0.89947		0.88083		0.89005		0.78255
623		10734.62		0.94676		0.95965		0.88601		0.9071		0.8601		0.88298		0.77306
624		10735.82		0.94655		0.95954		0.8886		0.91209		0.8601		0.88533		0.77847
625		10737.14		0.94588		0.95898		0.8886		0.91209		0.8601		0.88533		0.77847
626		10738.5		0.94541		0.9584		0.8886		0.91209		0.8601		0.88533		0.77847
627		10739.72		0.94521		0.95818		0.88601		0.9027		0.86528		0.8836		0.77268
628		10740.82		0.94475		0.95774		0.88083		0.89305		0.86528		0.87895		0.76203
629		10741.98		0.9455		0.95838		0.8886		0.90323		0.87047		0.88654		0.77771
630		10743.2		0.94644		0.95945		0.8886		0.91667		0.85492		0.88472		0.77897
631		10744.37		0.94719		0.96018		0.89378		0.92697		0.85492		0.88949		0.78995
632		10745.51		0.94741		0.96038		0.89119		0.92179		0.85492		0.8871		0.78445
633		10746.81		0.9476		0.96051		0.88601		0.9162		0.84974		0.88172		0.77406
634		10748.73		0.94743		0.96031		0.87824		0.9011		0.84974		0.87467		0.75771
635		10750.04		0.94722		0.96003		0.88083		0.8973		0.8601		0.87831		0.76231
636		10751.85		0.94692		0.95963		0.88342		0.89362		0.87047		0.88189		0.7671
637		10753.55		0.94692		0.95943		0.88083		0.88889		0.87047		0.87958		0.76182
638		10754.7		0.94703		0.95931		0.88342		0.90217		0.8601		0.88064		0.76767
639		10756.02		0.94776		0.95976		0.89119		0.92179		0.85492		0.8871		0.78445
640		10757.59		0.94897		0.96069		0.89637		0.9322		0.85492		0.89189		0.79548
641		10759.29		0.94899		0.96072		0.89378		0.92697		0.85492		0.88949		0.78995
642		10760.89		0.94757		0.95978		0.89119		0.91713		0.8601		0.8877		0.7839
643		10762.24		0.94668		0.95922		0.88342		0.89785		0.86528		0.88127		0.76734
644		10763.58		0.946		0.95887		0.8886		0.89894		0.87565		0.88714		0.77746
645		10764.86		0.94564		0.95879		0.8886		0.90323		0.87047		0.88654		0.77771
646		10766.96		0.94609		0.9592		0.8886		0.90761		0.86528		0.88594		0.77805
647		10768.12		0.94604		0.95919		0.89378		0.92222		0.8601		0.89008		0.78936
648		10769.88		0.94628		0.95924		0.89119		0.92179		0.85492		0.8871		0.78445
649		10771.45		0.94625		0.95903		0.8886		0.91209		0.8601		0.88533		0.77847
650		10772.87		0.94604		0.95867		0.8886		0.91209		0.8601		0.88533		0.77847
651		10774.11		0.94566		0.95835		0.8886		0.91209		0.8601		0.88533		0.77847
652		10775.25		0.9455		0.95836		0.87824		0.89674		0.85492		0.87533		0.7573
653		10777.02		0.94569		0.95865		0.88083		0.8973		0.8601		0.87831		0.76231
654		10778.66		0.94623		0.95916		0.88342		0.90217		0.8601		0.88064		0.76767
655		10780.02		0.94676		0.95981		0.88342		0.90217		0.8601		0.88064		0.76767
656		10781.37		0.94776		0.96058		0.88342		0.90217		0.8601		0.88064		0.76767
657		10782.73		0.94835		0.96087		0.88601		0.9071		0.8601		0.88298		0.77306
658		10784.47		0.94897		0.9612		0.88601		0.9071		0.8601		0.88298		0.77306
659		10786.04		0.94894		0.96106		0.89119		0.91257		0.86528		0.8883		0.78344
660		10787.66		0.94899		0.96118		0.89119		0.91257		0.86528		0.8883		0.78344
661		10789.5		0.94864		0.96084		0.88601		0.9071		0.8601		0.88298		0.77306
662		10790.89		0.94824		0.96051		0.88601		0.9071		0.8601		0.88298		0.77306
663		10792.02		0.94743		0.95988		0.88601		0.9071		0.8601		0.88298		0.77306
664		10793.37		0.94658		0.95914		0.8886		0.90761		0.86528		0.88594		0.77805
665		10794.49		0.94612		0.95877		0.8886		0.90323		0.87047		0.88654		0.77771
666		10795.77		0.94609		0.95875		0.88601		0.8984		0.87047		0.88421		0.77239
667		10796.95		0.94644		0.95906		0.88601		0.9027		0.86528		0.8836		0.77268
668		10798.08		0.94725		0.95978		0.87824		0.89674		0.85492		0.87533		0.7573
669		10799.25		0.9477		0.96003		0.88083		0.90164		0.85492		0.87766		0.76268
670		10800.52		0.94781		0.96012		0.88083		0.8973		0.8601		0.87831		0.76231
671		10801.78		0.94781		0.96021		0.88342		0.90659		0.85492		0.88		0.76809
672		10803.38		0.94786		0.96032		0.88601		0.9027		0.86528		0.8836		0.77268
673		10804.98		0.94749		0.96011		0.88601		0.9071		0.8601		0.88298		0.77306
674		10806.35		0.94706		0.95971		0.88601		0.9071		0.8601		0.88298		0.77306
675		10808.03		0.94639		0.95911		0.89119		0.91713		0.8601		0.8877		0.7839
676		10809.65		0.94599		0.95879		0.89119		0.91257		0.86528		0.8883		0.78344
677		10810.92		0.94641		0.95905		0.89378		0.91304		0.87047		0.89125		0.78842
678		10812.27		0.94709		0.95941		0.89119		0.91257		0.86528		0.8883		0.78344
679		10813.72		0.94752		0.95973		0.8886		0.90761		0.86528		0.88594		0.77805
680		10815.35		0.94765		0.95982		0.8886		0.90761		0.86528		0.88594		0.77805
681		10817.05		0.94714		0.95949		0.8886		0.90761		0.86528		0.88594		0.77805
682		10818.67		0.94599		0.9588		0.89119		0.90811		0.87047		0.88889		0.78306
683		10820.05		0.94531		0.95847		0.89119		0.91257		0.86528		0.8883		0.78344
684		10821.7		0.94408		0.95761		0.8886		0.90761		0.86528		0.88594		0.77805
685		10823.45		0.94354		0.95732		0.8886		0.91209		0.8601		0.88533		0.77847
686		10824.71		0.9437		0.95738		0.8886		0.91209		0.8601		0.88533		0.77847
687		10826.09		0.94445		0.95793		0.8886		0.90761		0.86528		0.88594		0.77805
688		10827.27		0.94572		0.95893		0.8886		0.90761		0.86528		0.88594		0.77805
689		10828.43		0.94655		0.95942		0.89637		0.91803		0.87047		0.89362		0.79381
690		10829.71		0.94671		0.95944		0.89378		0.91304		0.87047		0.89125		0.78842
691		10831.84		0.94636		0.95907		0.89119		0.90811		0.87047		0.88889		0.78306
692		10832.96		0.94641		0.95877		0.8886		0.90761		0.86528		0.88594		0.77805
693		10834.08		0.94542		0.95807		0.8886		0.91209		0.8601		0.88533		0.77847
694		10835.22		0.94459		0.95735		0.88601		0.9116		0.85492		0.88235		0.77352
695		10836.48		0.94309		0.95606		0.88342		0.90659		0.85492		0.88		0.76809
696		10837.98		0.94295		0.95593		0.8886		0.90323		0.87047		0.88654		0.77771
697		10839.48		0.94381		0.95661		0.88601		0.9027		0.86528		0.8836		0.77268
698		10841.08		0.94526		0.95779		0.88342		0.90217		0.8601		0.88064		0.76767
699		10842.44		0.94687		0.95913		0.88601		0.9162		0.84974		0.88172		0.77406
700		10843.7		0.9477		0.95968		0.8886		0.90761		0.86528		0.88594		0.77805
701		10845.11		0.94789		0.95977		0.89119		0.90811		0.87047		0.88889		0.78306
702		10846.43		0.94721		0.95914		0.88601		0.9027		0.86528		0.8836		0.77268
703		10847.6		0.94655		0.95875		0.88342		0.90659		0.85492		0.88		0.76809
704		10848.94		0.94639		0.95885		0.88601		0.9162		0.84974		0.88172		0.77406
705		10850.8		0.94746		0.95983		0.88342		0.91111		0.84974		0.87936		0.76858
706		10852.66		0.94797		0.96001		0.8886		0.90323		0.87047		0.88654		0.77771
707		10854.32		0.94752		0.95948		0.8886		0.90323		0.87047		0.88654		0.77771
708		10855.52		0.94674		0.95853		0.88342		0.89785		0.86528		0.88127		0.76734
709		10857.37		0.94615		0.95821		0.88342		0.89785		0.86528		0.88127		0.76734
710		10858.93		0.94542		0.95755		0.89119		0.90811		0.87047		0.88889		0.78306
711		10860.16		0.94416		0.95656		0.88342		0.89785		0.86528		0.88127		0.76734
712		10861.34		0.94401		0.95659		0.88601		0.9027		0.86528		0.8836		0.77268
713		10862.48		0.94445		0.95702		0.88601		0.9027		0.86528		0.8836		0.77268
714		10863.95		0.94513		0.95777		0.8886		0.90761		0.86528		0.88594		0.77805
715		10865.22		0.94596		0.95837		0.88342		0.89362		0.87047		0.88189		0.7671
716		10866.63		0.94625		0.95886		0.88601		0.8984		0.87047		0.88421		0.77239
717		10868.67		0.94519		0.95787		0.88083		0.88889		0.87047		0.87958		0.76182
718		10870.14		0.94445		0.95705		0.8886		0.89894		0.87565		0.88714		0.77746
719		10872.18		0.94464		0.95729		0.89378		0.91758		0.86528		0.89067		0.78885
720		10873.37		0.94491		0.95755		0.89378		0.91758		0.86528		0.89067		0.78885
721		10874.57		0.9451		0.95791		0.89119		0.92179		0.85492		0.8871		0.78445
722		10875.81		0.94526		0.95818		0.88601		0.9162		0.84974		0.88172		0.77406
723		10877.11		0.94515		0.95811		0.88601		0.8984		0.87047		0.88421		0.77239
724		10878.23		0.94419		0.95757		0.88083		0.88889		0.87047		0.87958		0.76182
725		10879.52		0.94472		0.95822		0.88342		0.89362		0.87047		0.88189		0.7671
726		10881.28		0.9466		0.95978		0.89119		0.91257		0.86528		0.8883		0.78344
727		10883.03		0.94749		0.96049		0.89637		0.92265		0.86528		0.89305		0.79428
728		10884.45		0.94811		0.96093		0.89378		0.92222		0.8601		0.89008		0.78936
729		10885.63		0.94851		0.96123		0.89119		0.91713		0.8601		0.8877		0.7839
730		10886.87		0.94813		0.96085		0.8886		0.89894		0.87565		0.88714		0.77746
731		10888.26		0.9473		0.96008		0.88601		0.89005		0.88083		0.88542		0.77206
732		10890.04		0.94805		0.9605		0.8886		0.89474		0.88083		0.88773		0.7773
733		10891.92		0.94872		0.96125		0.89119		0.91713		0.8601		0.8877		0.7839
734		10893.65		0.94894		0.96123		0.88601		0.9209		0.84456		0.88108		0.77469
735		10895.23		0.94781		0.96029		0.88342		0.91573		0.84456		0.87871		0.76917
736		10897.01		0.94529		0.95802		0.88083		0.88889		0.87047		0.87958		0.76182
737		10898.52		0.94322		0.95613		0.88083		0.88083		0.88083		0.88083		0.76166
738		10900.11		0.94569		0.9583		0.88601		0.8984		0.87047		0.88421		0.77239
739		10901.42		0.94789		0.96027		0.88601		0.9116		0.85492		0.88235		0.77352
740		10902.68		0.94862		0.96086		0.89378		0.92222		0.8601		0.89008		0.78936
741		10903.89		0.94905		0.96112		0.8886		0.92135		0.84974		0.8841		0.77956
742		10905.0		0.94827		0.9602		0.87824		0.89247		0.8601		0.87599		0.75697
743		10906.11		0.94692		0.95902		0.87565		0.8836		0.86528		0.87435		0.75146
744		10907.29		0.94658		0.95892		0.87565		0.8836		0.86528		0.87435		0.75146
745		10908.6		0.94676		0.95934		0.88342		0.90217		0.8601		0.88064		0.76767
746		10909.97		0.94639		0.95905		0.89119		0.92179		0.85492		0.8871		0.78445
747		10911.89		0.9451		0.95808		0.88601		0.9116		0.85492		0.88235		0.77352
748		10913.71		0.94462		0.9576		0.88083		0.8973		0.8601		0.87831		0.76231
749		10915.21		0.94352		0.9566		0.87565		0.8877		0.8601		0.87368		0.75166
750		10916.37		0.94311		0.95619		0.87306		0.88298		0.8601		0.87139		0.74636
751		10917.53		0.94386		0.95696		0.88342		0.90217		0.8601		0.88064		0.76767
752		10918.77		0.94488		0.95776		0.89119		0.92179		0.85492		0.8871		0.78445
753		10920.57		0.94521		0.95814		0.89378		0.92697		0.85492		0.88949		0.78995
754		10921.93		0.94556		0.95808		0.89378		0.91758		0.86528		0.89067		0.78885
755		10923.37		0.94488		0.95747		0.88342		0.89362		0.87047		0.88189		0.7671
756		10924.66		0.94507		0.9576		0.88083		0.88889		0.87047		0.87958		0.76182
757		10925.92		0.94652		0.95882		0.8886		0.90323		0.87047		0.88654		0.77771
758		10927.12		0.94832		0.96037		0.8886		0.90761		0.86528		0.88594		0.77805
759		10928.26		0.94843		0.96057		0.89119		0.92179		0.85492		0.8871		0.78445
760		10929.72		0.94886		0.96075		0.89119		0.91713		0.8601		0.8877		0.7839
761		10931.46		0.94899		0.96074		0.88601		0.9071		0.8601		0.88298		0.77306
762		10932.78		0.9488		0.96055		0.88601		0.9027		0.86528		0.8836		0.77268
763		10933.97		0.94819		0.95995		0.8886		0.89894		0.87565		0.88714		0.77746
764		10935.09		0.94776		0.95972		0.8886		0.90323		0.87047		0.88654		0.77771
765		10936.74		0.94824		0.9603		0.89378		0.91758		0.86528		0.89067		0.78885
766		10938.46		0.94832		0.96052		0.89378		0.92222		0.8601		0.89008		0.78936
767		10939.59		0.94848		0.96063		0.89119		0.91257		0.86528		0.8883		0.78344
768		10940.99		0.94782		0.95989		0.89119		0.90374		0.87565		0.88947		0.78276
769		10942.73		0.94623		0.95815		0.8886		0.89894		0.87565		0.88714		0.77746
770		10944.15		0.94565		0.95743		0.89119		0.90374		0.87565		0.88947		0.78276
771		10945.34		0.94612		0.95782		0.89378		0.91304		0.87047		0.89125		0.78842
772		10946.46		0.94641		0.95821		0.89378		0.92222		0.8601		0.89008		0.78936
773		10947.88		0.94687		0.95908		0.89119		0.92179		0.85492		0.8871		0.78445
774		10949.99		0.94762		0.96011		0.8886		0.92135		0.84974		0.8841		0.77956
775		10951.67		0.94803		0.9603		0.89119		0.91257		0.86528		0.8883		0.78344
776		10952.89		0.94773		0.95997		0.8886		0.89894		0.87565		0.88714		0.77746
777		10954.12		0.94743		0.95976		0.8886		0.89894		0.87565		0.88714		0.77746
778		10955.23		0.94709		0.95951		0.88342		0.89362		0.87047		0.88189		0.7671
779		10956.42		0.94717		0.95957		0.88601		0.9027		0.86528		0.8836		0.77268
780		10957.52		0.94735		0.95975		0.89378		0.91758		0.86528		0.89067		0.78885
781		10958.65		0.94679		0.95938		0.89378		0.91304		0.87047		0.89125		0.78842
782		10959.76		0.94596		0.95858		0.8886		0.90761		0.86528		0.88594		0.77805
783		10960.87		0.94542		0.95821		0.89119		0.91257		0.86528		0.8883		0.78344
784		10962.12		0.9448		0.9575		0.89378		0.91304		0.87047		0.89125		0.78842
785		10963.26		0.9437		0.9566		0.89378		0.91304		0.87047		0.89125		0.78842
786		10964.58		0.94373		0.95656		0.89896		0.91848		0.87565		0.89655		0.7988
787		10965.8		0.94478		0.95742		0.90155		0.9235		0.87565		0.89894		0.80419
788		10967.94		0.94539		0.95813		0.89896		0.92308		0.87047		0.896		0.79923
789		10969.12		0.94572		0.95863		0.89119		0.91257		0.86528		0.8883		0.78344
790		10970.68		0.94682		0.95972		0.89378		0.91758		0.86528		0.89067		0.78885
791		10972.6		0.94674		0.95944		0.89378		0.91758		0.86528		0.89067		0.78885
792		10974.21		0.9465		0.95916		0.89119		0.91257		0.86528		0.8883		0.78344
793		10975.79		0.9462		0.9588		0.8886		0.90761		0.86528		0.88594		0.77805
794		10977.21		0.94568		0.95834		0.88601		0.9027		0.86528		0.8836		0.77268
795		10978.82		0.94537		0.95784		0.8886		0.91209		0.8601		0.88533		0.77847
796		10980.43		0.94472		0.95721		0.8886		0.91209		0.8601		0.88533		0.77847
797		10982.06		0.94478		0.95719		0.89119		0.91713		0.8601		0.8877		0.7839
798		10983.86		0.94459		0.95697		0.8886		0.91667		0.85492		0.88472		0.77897
799		10985.42		0.94437		0.95671		0.88601		0.9162		0.84974		0.88172		0.77406
800		10986.75		0.94467		0.95692		0.88601		0.9116		0.85492		0.88235		0.77352
801		10988.84		0.9447		0.95718		0.8886		0.90761		0.86528		0.88594		0.77805
802		10990.11		0.94494		0.95746		0.8886		0.90761		0.86528		0.88594		0.77805
803		10991.32		0.94582		0.9583		0.89119		0.91257		0.86528		0.8883		0.78344
804		10992.66		0.94628		0.95875		0.89119		0.91713		0.8601		0.8877		0.7839
805		10993.99		0.94671		0.95908		0.89119		0.91713		0.8601		0.8877		0.7839
806		10995.46		0.94709		0.95935		0.89378		0.91758		0.86528		0.89067		0.78885
807		10996.68		0.94676		0.959		0.89637		0.91803		0.87047		0.89362		0.79381
808		10997.97		0.94617		0.95849		0.88601		0.8984		0.87047		0.88421		0.77239
809		10999.24		0.94553		0.95815		0.88601		0.8984		0.87047		0.88421		0.77239
810		11000.5		0.94558		0.95856		0.89119		0.91257		0.86528		0.8883		0.78344
811		11001.98		0.94531		0.95846		0.8886		0.91209		0.8601		0.88533		0.77847
812		11003.81		0.94537		0.95829		0.8886		0.91209		0.8601		0.88533		0.77847
813		11005.39		0.94607		0.95878		0.88342		0.90217		0.8601		0.88064		0.76767
814		11007.56		0.94612		0.95868		0.88601		0.89418		0.87565		0.88482		0.77219
815		11009.28		0.94596		0.95869		0.8886		0.89894		0.87565		0.88714		0.77746
816		11010.44		0.94572		0.95858		0.89119		0.90374		0.87565		0.88947		0.78276
817		11011.81		0.94604		0.9591		0.90155		0.9235		0.87565		0.89894		0.80419
818		11013.15		0.94599		0.95919		0.90155		0.92818		0.87047		0.8984		0.80467
819		11014.58		0.94427		0.95777		0.89378		0.9086		0.87565		0.89182		0.78808
820		11015.82		0.94276		0.9562		0.88342		0.88542		0.88083		0.88312		0.76685
821		11017.21		0.94239		0.95583		0.88342		0.88947		0.87565		0.88251		0.76693
822		11018.89		0.94419		0.95738		0.8886		0.90761		0.86528		0.88594		0.77805
823		11020.71		0.94464		0.95763		0.88342		0.91111		0.84974		0.87936		0.76858
824		11022.29		0.94392		0.95719		0.8886		0.91209		0.8601		0.88533		0.77847
825		11023.78		0.94319		0.95643		0.88083		0.8973		0.8601		0.87831		0.76231
826		11025.33		0.94239		0.95558		0.88342		0.89362		0.87047		0.88189		0.7671
827		11027.18		0.94274		0.95583		0.87824		0.89247		0.8601		0.87599		0.75697
828		11028.51		0.94389		0.95707		0.88601		0.9071		0.8601		0.88298		0.77306
829		11029.88		0.94408		0.95761		0.88601		0.9162		0.84974		0.88172		0.77406
830		11031.68		0.9437		0.95723		0.88601		0.9162		0.84974		0.88172		0.77406
831		11033.64		0.94346		0.95687		0.88342		0.90659		0.85492		0.88		0.76809
832		11035.2		0.94292		0.95621		0.88342		0.90217		0.8601		0.88064		0.76767
833		11036.63		0.94207		0.95527		0.87565		0.8836		0.86528		0.87435		0.75146
834		11037.77		0.94204		0.95491		0.87824		0.88421		0.87047		0.87728		0.75657
835		11039.18		0.94274		0.95561		0.88083		0.89305		0.86528		0.87895		0.76203
836		11040.7		0.94322		0.95615		0.88342		0.89785		0.86528		0.88127		0.76734
837		11041.93		0.9433		0.95644		0.88342		0.90659		0.85492		0.88		0.76809
838		11043.12		0.94325		0.95631		0.8886		0.90761		0.86528		0.88594		0.77805
839		11044.47		0.94217		0.95527		0.88342		0.90217		0.8601		0.88064		0.76767
840		11046.47		0.9425		0.95577		0.88083		0.89305		0.86528		0.87895		0.76203
841		11047.66		0.9429		0.9563		0.87824		0.8883		0.86528		0.87664		0.75673
842		11048.88		0.94445		0.95796		0.88601		0.9116		0.85492		0.88235		0.77352
843		11050.04		0.94475		0.95829		0.88342		0.91111		0.84974		0.87936		0.76858
844		11051.25		0.9448		0.95833		0.88601		0.9116		0.85492		0.88235		0.77352
845		11052.54		0.94467		0.95787		0.87565		0.8877		0.8601		0.87368		0.75166
846		11053.78		0.94515		0.958		0.88083		0.88889		0.87047		0.87958		0.76182
847		11054.95		0.9458		0.9586		0.88083		0.88889		0.87047		0.87958		0.76182
848		11056.2		0.94628		0.95895		0.88601		0.9071		0.8601		0.88298		0.77306
849		11057.49		0.94566		0.95828		0.89637		0.92265		0.86528		0.89305		0.79428
850		11059.1		0.94435		0.95711		0.89119		0.91257		0.86528		0.8883		0.78344
851		11060.97		0.94397		0.95674		0.88601		0.9027		0.86528		0.8836		0.77268
852		11062.47		0.94405		0.95689		0.87824		0.88421		0.87047		0.87728		0.75657
853		11063.85		0.94507		0.95799		0.88342		0.89785		0.86528		0.88127		0.76734
854		11065.29		0.94558		0.95851		0.89119		0.91257		0.86528		0.8883		0.78344
855		11066.78		0.94612		0.95899		0.89378		0.92222		0.8601		0.89008		0.78936
856		11068.25		0.94607		0.95851		0.89119		0.90374		0.87565		0.88947		0.78276
857		11069.53		0.94362		0.95568		0.88342		0.88542		0.88083		0.88312		0.76685
858		11071.41		0.94349		0.95583		0.88601		0.89005		0.88083		0.88542		0.77206
859		11073.11		0.94408		0.95717		0.89378		0.91304		0.87047		0.89125		0.78842
860		11074.63		0.94357		0.95697		0.89378		0.91758		0.86528		0.89067		0.78885
861		11076.02		0.94241		0.95606		0.89119		0.91257		0.86528		0.8883		0.78344
862		11077.69		0.94161		0.95541		0.8886		0.90323		0.87047		0.88654		0.77771
863		11079.85		0.94204		0.9558		0.88601		0.89418		0.87565		0.88482		0.77219
864		11080.98		0.94346		0.95666		0.88601		0.9027		0.86528		0.8836		0.77268
865		11082.13		0.94488		0.95767		0.89119		0.91257		0.86528		0.8883		0.78344
866		11083.33		0.94548		0.95802		0.89378		0.91758		0.86528		0.89067		0.78885
867		11084.61		0.9437		0.9566		0.89378		0.91304		0.87047		0.89125		0.78842
868		11085.89		0.94188		0.95499		0.87824		0.88021		0.87565		0.87792		0.75649
869		11087.02		0.94225		0.95548		0.87824		0.8883		0.86528		0.87664		0.75673
870		11088.23		0.94309		0.95664		0.8886		0.91667		0.85492		0.88472		0.77897
871		11089.39		0.94381		0.95747		0.88342		0.91573		0.84456		0.87871		0.76917
872		11090.62		0.9447		0.95821		0.88342		0.91573		0.84456		0.87871		0.76917
873		11091.75		0.94499		0.95807		0.89119		0.91713		0.8601		0.8877		0.7839
874		11092.87		0.944		0.95693		0.88083		0.89305		0.86528		0.87895		0.76203
875		11094.01		0.94352		0.95644		0.87824		0.8883		0.86528		0.87664		0.75673
876		11095.57		0.94365		0.95654		0.88083		0.88889		0.87047		0.87958		0.76182
877		11096.95		0.94362		0.95652		0.88083		0.90164		0.85492		0.87766		0.76268
878		11098.81		0.94413		0.95691		0.88601		0.9116		0.85492		0.88235		0.77352
879		11100.12		0.94475		0.95743		0.88601		0.9116		0.85492		0.88235		0.77352
880		11102.03		0.94507		0.95757		0.88342		0.91111		0.84974		0.87936		0.76858
881		11103.39		0.94491		0.95742		0.88083		0.90164		0.85492		0.87766		0.76268
882		11104.58		0.94462		0.95695		0.8886		0.90323		0.87047		0.88654		0.77771
883		11105.7		0.94424		0.9565		0.88342		0.89362		0.87047		0.88189		0.7671
884		11106.82		0.94378		0.95603		0.8886		0.90323		0.87047		0.88654		0.77771
885		11108.27		0.94333		0.95592		0.88601		0.9071		0.8601		0.88298		0.77306
886		11110.16		0.9437		0.95654		0.88342		0.90659		0.85492		0.88		0.76809
887		11111.48		0.94376		0.95647		0.8886		0.91209		0.8601		0.88533		0.77847
888		11112.65		0.94343		0.95597		0.8886		0.91209		0.8601		0.88533		0.77847
889		11113.94		0.94295		0.9553		0.88342		0.90217		0.8601		0.88064		0.76767
890		11115.13		0.94362		0.95585		0.88083		0.89305		0.86528		0.87895		0.76203
891		11116.42		0.94467		0.95676		0.88342		0.89785		0.86528		0.88127		0.76734
892		11118.16		0.94531		0.95746		0.88342		0.90217		0.8601		0.88064		0.76767
893		11119.63		0.9458		0.95813		0.8886		0.91667		0.85492		0.88472		0.77897
894		11121.42		0.94588		0.9581		0.88601		0.9116		0.85492		0.88235		0.77352
895		11122.87		0.94529		0.95758		0.88601		0.9071		0.8601		0.88298		0.77306
896		11124.58		0.94478		0.95706		0.8886		0.90761		0.86528		0.88594		0.77805
897		11125.81		0.94472		0.95695		0.88601		0.9027		0.86528		0.8836		0.77268
898		11127.34		0.94483		0.9572		0.8886		0.90761		0.86528		0.88594		0.77805
899		11128.97		0.94513		0.95762		0.89119		0.91713		0.8601		0.8877		0.7839
900		11130.23		0.94486		0.95746		0.8886		0.91667		0.85492		0.88472		0.77897
901		11131.52		0.94459		0.95725		0.8886		0.91667		0.85492		0.88472		0.77897
902		11132.64		0.94408		0.95682		0.88342		0.90659		0.85492		0.88		0.76809
903		11133.78		0.94368		0.95639		0.8886		0.90761		0.86528		0.88594		0.77805
904		11134.95		0.94247		0.95523		0.88342		0.90659		0.85492		0.88		0.76809
905		11136.04		0.94252		0.95508		0.88601		0.9071		0.8601		0.88298		0.77306
906		11137.96		0.94266		0.95529		0.88601		0.9116		0.85492		0.88235		0.77352
907		11140.01		0.9429		0.95558		0.88342		0.91111		0.84974		0.87936		0.76858
908		11141.43		0.94314		0.95585		0.88342		0.91111		0.84974		0.87936		0.76858
909		11142.55		0.94349		0.95636		0.88601		0.9116		0.85492		0.88235		0.77352
910		11143.77		0.94335		0.95629		0.88083		0.90164		0.85492		0.87766		0.76268
911		11144.92		0.94384		0.95676		0.88083		0.8973		0.8601		0.87831		0.76231
912		11146.05		0.94445		0.9574		0.89119		0.91257		0.86528		0.8883		0.78344
913		11147.24		0.94534		0.95819		0.8886		0.91667		0.85492		0.88472		0.77897
914		11148.43		0.94496		0.9579		0.89119		0.92179		0.85492		0.8871		0.78445
915		11149.85		0.94435		0.95715		0.88601		0.9116		0.85492		0.88235		0.77352
916		11151.32		0.94411		0.95688		0.8886		0.90761		0.86528		0.88594		0.77805
917		11153.02		0.94416		0.95686		0.8886		0.90323		0.87047		0.88654		0.77771
918		11154.56		0.94448		0.95699		0.89119		0.90374		0.87565		0.88947		0.78276
919		11156.84		0.94518		0.95769		0.89378		0.9086		0.87565		0.89182		0.78808
920		11158.15		0.94529		0.95772		0.89378		0.91304		0.87047		0.89125		0.78842
921		11159.44		0.94556		0.95794		0.89378		0.91304		0.87047		0.89125		0.78842
922		11160.77		0.94521		0.95752		0.89119		0.90811		0.87047		0.88889		0.78306
923		11161.89		0.94502		0.95734		0.8886		0.90323		0.87047		0.88654		0.77771
924		11163.12		0.9448		0.95715		0.8886		0.90323		0.87047		0.88654		0.77771
925		11164.64		0.94537		0.95765		0.8886		0.90323		0.87047		0.88654		0.77771
926		11166.39		0.94601		0.95828		0.89378		0.91758		0.86528		0.89067		0.78885
927		11168.08		0.94585		0.95802		0.89119		0.91257		0.86528		0.8883		0.78344
928		11169.97		0.94572		0.95778		0.8886		0.90761		0.86528		0.88594		0.77805
929		11171.31		0.94574		0.95774		0.88601		0.9027		0.86528		0.8836		0.77268
930		11172.48		0.94515		0.95728		0.88601		0.9027		0.86528		0.8836		0.77268
931		11174.52		0.94462		0.95688		0.88342		0.90217		0.8601		0.88064		0.76767
932		11175.7		0.94389		0.95628		0.87824		0.89247		0.8601		0.87599		0.75697
933		11176.96		0.94306		0.95578		0.88083		0.8973		0.8601		0.87831		0.76231
934		11178.53		0.94445		0.95713		0.88083		0.8973		0.8601		0.87831		0.76231
935		11180.11		0.94596		0.95849		0.88342		0.90217		0.8601		0.88064		0.76767
936		11181.32		0.9466		0.959		0.88342		0.90217		0.8601		0.88064		0.76767
937		11182.56		0.9465		0.95887		0.8886		0.90323		0.87047		0.88654		0.77771
938		11183.66		0.94628		0.95857		0.8886		0.89894		0.87565		0.88714		0.77746
939		11184.85		0.94566		0.95817		0.8886		0.90323		0.87047		0.88654		0.77771
940		11185.98		0.94491		0.95782		0.88601		0.9116		0.85492		0.88235		0.77352
941		11187.22		0.944		0.95715		0.8886		0.91209		0.8601		0.88533		0.77847
942		11188.58		0.94284		0.95627		0.8886		0.90761		0.86528		0.88594		0.77805
943		11190.53		0.94244		0.95572		0.8886		0.90323		0.87047		0.88654		0.77771
944		11191.81		0.94263		0.9557		0.8886		0.90323		0.87047		0.88654		0.77771
945		11193.0		0.94338		0.95631		0.89378		0.9086		0.87565		0.89182		0.78808
946		11194.61		0.94405		0.95689		0.88601		0.9027		0.86528		0.8836		0.77268
947		11195.91		0.94432		0.95734		0.88342		0.90217		0.8601		0.88064		0.76767
948		11197.94		0.94424		0.9572		0.8886		0.90323		0.87047		0.88654		0.77771
949		11199.34		0.94413		0.95704		0.88601		0.89418		0.87565		0.88482		0.77219
950		11200.63		0.94405		0.95698		0.88083		0.88889		0.87047		0.87958		0.76182
951		11202.44		0.94408		0.95724		0.88601		0.8984		0.87047		0.88421		0.77239
952		11204.41		0.94298		0.95653		0.88083		0.90608		0.84974		0.87701		0.76313
953		11206.0		0.94276		0.9562		0.87824		0.91011		0.83938		0.87332		0.75877
954		11207.77		0.94266		0.95596		0.88342		0.91111		0.84974		0.87936		0.76858
955		11209.46		0.94174		0.95481		0.8886		0.90761		0.86528		0.88594		0.77805
956		11210.71		0.94174		0.95468		0.87306		0.87895		0.86528		0.87206		0.7462
957		11211.94		0.94276		0.95577		0.88601		0.8984		0.87047		0.88421		0.77239
958		11213.07		0.94427		0.95722		0.89637		0.92265		0.86528		0.89305		0.79428
959		11214.54		0.94421		0.95738		0.89119		0.92179		0.85492		0.8871		0.78445
960		11215.76		0.94384		0.9571		0.88342		0.90217		0.8601		0.88064		0.76767
961		11217.15		0.94338		0.95647		0.88342		0.88947		0.87565		0.88251		0.76693
962		11218.48		0.94419		0.95708		0.88083		0.88889		0.87047		0.87958		0.76182
963		11219.82		0.94545		0.95824		0.88601		0.9027		0.86528		0.8836		0.77268
964		11220.94		0.94719		0.9596		0.89378		0.91758		0.86528		0.89067		0.78885
965		11222.16		0.94749		0.95982		0.89378		0.91304		0.87047		0.89125		0.78842
966		11223.76		0.94628		0.95868		0.88601		0.8984		0.87047		0.88421		0.77239
967		11225.76		0.94542		0.95771		0.88083		0.88889		0.87047		0.87958		0.76182
968		11227.3		0.9458		0.9583		0.88083		0.88889		0.87047		0.87958		0.76182
969		11228.85		0.94631		0.95865		0.88342		0.90217		0.8601		0.88064		0.76767
970		11230.35		0.94668		0.95889		0.88342		0.91111		0.84974		0.87936		0.76858
971		11231.9		0.94663		0.95879		0.88601		0.9027		0.86528		0.8836		0.77268
972		11233.54		0.94513		0.95709		0.88601		0.89418		0.87565		0.88482		0.77219
973		11235.03		0.94416		0.95607		0.88342		0.89362		0.87047		0.88189		0.7671
974		11236.57		0.94381		0.9563		0.88601		0.9027		0.86528		0.8836		0.77268
975		11238.0		0.94405		0.95697		0.8886		0.91209		0.8601		0.88533		0.77847
976		11239.4		0.94362		0.95691		0.8886		0.91209		0.8601		0.88533		0.77847
977		11240.6		0.94309		0.95636		0.87824		0.8883		0.86528		0.87664		0.75673
978		11241.8		0.94327		0.95636		0.87824		0.88421		0.87047		0.87728		0.75657
979		11242.93		0.94499		0.95792		0.88601		0.9027		0.86528		0.8836		0.77268
980		11244.19		0.94658		0.95931		0.90155		0.92818		0.87047		0.8984		0.80467
981		11245.44		0.94706		0.95968		0.90155		0.92818		0.87047		0.8984		0.80467
982		11246.91		0.94577		0.95843		0.89637		0.92265		0.86528		0.89305		0.79428
983		11248.46		0.94386		0.95657		0.88601		0.9071		0.8601		0.88298		0.77306
984		11249.82		0.94342		0.95632		0.88342		0.90217		0.8601		0.88064		0.76767
985		11251.69		0.944		0.95692		0.89119		0.91713		0.8601		0.8877		0.7839
986		11253.29		0.94491		0.95771		0.89119		0.91257		0.86528		0.8883		0.78344
987		11254.96		0.94515		0.95782		0.89119		0.91257		0.86528		0.8883		0.78344
988		11256.28		0.94488		0.95751		0.89119		0.91257		0.86528		0.8883		0.78344
989		11257.58		0.94534		0.95793		0.89119		0.90811		0.87047		0.88889		0.78306
990		11258.96		0.94561		0.95813		0.88601		0.9027		0.86528		0.8836		0.77268
991		11260.32		0.9462		0.95877		0.88601		0.9027		0.86528		0.8836		0.77268
992		11262.05		0.94652		0.95911		0.88342		0.90659		0.85492		0.88		0.76809
993		11263.67		0.94668		0.95934		0.88342		0.91111		0.84974		0.87936		0.76858
994		11265.04		0.94633		0.959		0.8886		0.90761		0.86528		0.88594		0.77805
995		11266.73		0.94644		0.95888		0.8886		0.90761		0.86528		0.88594		0.77805
996		11268.37		0.94684		0.95894		0.88601		0.8984		0.87047		0.88421		0.77239
997		11269.55		0.94641		0.95858		0.88601		0.9027		0.86528		0.8836		0.77268
998		11271.21		0.94505		0.95739		0.88342		0.90217		0.8601		0.88064		0.76767
999		11272.77		0.944		0.9567		0.88601		0.9162		0.84974		0.88172		0.77406
1000		11274.02		0.94292		0.95598		0.88601		0.9162		0.84974		0.88172		0.77406
fold: 8
Epoch		Time		AUC		AUPR		Accuracy		Precision		Recall		F1-score		Mcc
1		11276.18		0.7937		0.7723		0.5		0.5		1.0		0.66667		0.0
AUC improved at epoch  1 ;	best_auc: 0.7936991597089854
2		11277.37		0.80287		0.78197		0.54922		0.52603		0.99482		0.68817		0.21702
AUC improved at epoch  2 ;	best_auc: 0.802867191065532
3		11278.51		0.80469		0.78611		0.73316		0.69737		0.82383		0.75534		0.47418
AUC improved at epoch  3 ;	best_auc: 0.8046927434293538
4		11279.81		0.80112		0.78499		0.70466		0.70466		0.70466		0.70466		0.40933
5		11281.26		0.795		0.77883		0.70207		0.69697		0.71503		0.70588		0.40428
6		11282.61		0.78963		0.77486		0.70466		0.69458		0.73057		0.71212		0.40988
7		11283.8		0.78818		0.77568		0.70207		0.68932		0.73575		0.71178		0.40507
8		11285.07		0.78598		0.76764		0.69948		0.68599		0.73575		0.71		0.40002
9		11286.64		0.78507		0.76379		0.6943		0.68473		0.72021		0.70202		0.38912
10		11288.15		0.78241		0.75814		0.6943		0.68293		0.72539		0.70352		0.38935
11		11289.85		0.78416		0.76139		0.6943		0.68473		0.72021		0.70202		0.38912
12		11291.5		0.78958		0.77041		0.68912		0.68912		0.68912		0.68912		0.37824
13		11292.82		0.79412		0.77966		0.69689		0.68627		0.72539		0.70529		0.39442
14		11294.51		0.79916		0.78666		0.70984		0.68664		0.77202		0.72683		0.42297
15		11295.79		0.81197		0.79738		0.71762		0.70192		0.75648		0.72818		0.43655
AUC improved at epoch  15 ;	best_auc: 0.8119681065263497
16		11297.35		0.82469		0.80567		0.74352		0.71364		0.81347		0.76029		0.49188
AUC improved at epoch  16 ;	best_auc: 0.8246932803565196
17		11298.67		0.83739		0.81149		0.74093		0.69787		0.84974		0.76636		0.4937
AUC improved at epoch  17 ;	best_auc: 0.8373916078283982
18		11300.26		0.84421		0.81486		0.77461		0.72845		0.87565		0.79529		0.56079
AUC improved at epoch  18 ;	best_auc: 0.8442105828344384
19		11301.69		0.84392		0.8109		0.76425		0.71429		0.88083		0.78886		0.54348
20		11303.01		0.84295		0.80866		0.76166		0.70445		0.90155		0.79091		0.54509
21		11304.37		0.84429		0.81069		0.77461		0.74537		0.8342		0.78729		0.55316
AUC improved at epoch  21 ;	best_auc: 0.844291121909313
22		11305.88		0.83908		0.80514		0.75389		0.69758		0.89637		0.78458		0.52974
23		11307.99		0.83841		0.80481		0.75907		0.71186		0.87047		0.78322		0.53149
24		11309.71		0.83863		0.80453		0.75907		0.7193		0.84974		0.7791		0.52687
25		11311.0		0.83863		0.8047		0.75389		0.71304		0.84974		0.77541		0.51737
26		11312.84		0.83828		0.80346		0.75648		0.70886		0.87047		0.7814		0.52683
27		11314.2		0.84069		0.80653		0.75389		0.70763		0.86528		0.77855		0.52086
28		11315.48		0.84214		0.80661		0.75907		0.7193		0.84974		0.7791		0.52687
29		11316.59		0.84268		0.80654		0.76166		0.72247		0.84974		0.78095		0.53163
30		11317.72		0.84153		0.80549		0.77202		0.7234		0.88083		0.79439		0.5574
31		11318.86		0.83967		0.80185		0.76166		0.70954		0.88601		0.78802		0.54029
32		11320.11		0.84016		0.80227		0.76684		0.7173		0.88083		0.7907		0.54811
33		11321.24		0.84171		0.8033		0.76684		0.72489		0.8601		0.78673		0.54321
34		11322.41		0.84118		0.80109		0.76425		0.71429		0.88083		0.78886		0.54348
35		11323.57		0.84128		0.79968		0.76684		0.71369		0.89119		0.79263		0.55099
36		11324.8		0.8423		0.80019		0.76684		0.71193		0.89637		0.79358		0.55254
37		11326.11		0.84617		0.80448		0.77202		0.72926		0.86528		0.79147		0.55376
AUC improved at epoch  37 ;	best_auc: 0.8461703669897178
38		11327.32		0.84692		0.805		0.7772		0.73362		0.87047		0.79621		0.56431
AUC improved at epoch  38 ;	best_auc: 0.8469220650218798
39		11329.28		0.84421		0.80278		0.77202		0.71605		0.90155		0.79817		0.56327
40		11330.51		0.8451		0.80333		0.77202		0.72152		0.88601		0.79535		0.55876
41		11331.85		0.84714		0.80588		0.77461		0.73874		0.84974		0.79036		0.55553
AUC improved at epoch  41 ;	best_auc: 0.8471368358882118
42		11333.03		0.84732		0.80643		0.77202		0.72926		0.86528		0.79147		0.55376
AUC improved at epoch  42 ;	best_auc: 0.8473247603962522
43		11334.43		0.84864		0.80605		0.77202		0.71784		0.89637		0.79724		0.56169
AUC improved at epoch  43 ;	best_auc: 0.8486402319525357
44		11335.91		0.85243		0.80974		0.7772		0.72961		0.88083		0.79812		0.56671
AUC improved at epoch  44 ;	best_auc: 0.8524255684716369
45		11337.71		0.85573		0.81384		0.78238		0.74222		0.86528		0.79904		0.57269
AUC improved at epoch  45 ;	best_auc: 0.855727670541491
46		11339.53		0.85763		0.8166		0.77461		0.72269		0.89119		0.79814		0.56479
AUC improved at epoch  46 ;	best_auc: 0.8576337619801874
47		11341.17		0.85903		0.82053		0.77979		0.73077		0.88601		0.80094		0.57266
AUC improved at epoch  47 ;	best_auc: 0.8590297726113453
48		11342.31		0.86		0.8219		0.77979		0.73684		0.87047		0.7981		0.56902
AUC improved at epoch  48 ;	best_auc: 0.8599962415098392
49		11343.63		0.85994		0.82304		0.78238		0.74009		0.87047		0.8		0.57374
50		11344.97		0.86024		0.82693		0.77202		0.71784		0.89637		0.79724		0.56169
AUC improved at epoch  50 ;	best_auc: 0.8602378587344627
51		11346.58		0.86308		0.83016		0.78238		0.73593		0.88083		0.80189		0.57604
AUC improved at epoch  51 ;	best_auc: 0.8630835727133614
52		11348.37		0.86545		0.83297		0.78756		0.74667		0.87047		0.80383		0.5832
AUC improved at epoch  52 ;	best_auc: 0.8654460522430132
53		11349.76		0.86617		0.83468		0.77202		0.71967		0.89119		0.7963		0.56019
AUC improved at epoch  53 ;	best_auc: 0.8661709039168837
54		11351.42		0.86625		0.83629		0.7772		0.72574		0.89119		0.8		0.5694
AUC improved at epoch  54 ;	best_auc: 0.8662514429917582
55		11352.99		0.86687		0.83522		0.79793		0.76744		0.85492		0.80882		0.59976
AUC improved at epoch  55 ;	best_auc: 0.8668689092324626
56		11354.52		0.86929		0.84021		0.76943		0.71667		0.89119		0.79446		0.55559
AUC improved at epoch  56 ;	best_auc: 0.8692850814786973
57		11355.67		0.87213		0.84464		0.76166		0.70954		0.88601		0.78802		0.54029
AUC improved at epoch  57 ;	best_auc: 0.8721307954575962
58		11356.95		0.87347		0.84506		0.80052		0.76606		0.86528		0.81265		0.60614
AUC improved at epoch  58 ;	best_auc: 0.873473113372171
59		11358.05		0.87441		0.84858		0.77461		0.72458		0.88601		0.7972		0.56338
AUC improved at epoch  59 ;	best_auc: 0.8744127359123735
60		11359.15		0.87476		0.8501		0.76943		0.71667		0.89119		0.79446		0.55559
AUC improved at epoch  60 ;	best_auc: 0.8747617385701629
61		11360.29		0.87661		0.8518		0.80052		0.76126		0.87565		0.81446		0.60794
AUC improved at epoch  61 ;	best_auc: 0.8766141372922762
62		11361.45		0.8782		0.85512		0.78497		0.73913		0.88083		0.80378		0.58072
AUC improved at epoch  62 ;	best_auc: 0.8781980724314747
63		11362.71		0.87997		0.85878		0.77979		0.72881		0.89119		0.80186		0.57401
AUC improved at epoch  63 ;	best_auc: 0.8799699320787135
64		11363.87		0.88147		0.86042		0.79793		0.75556		0.88083		0.8134		0.60422
AUC improved at epoch  64 ;	best_auc: 0.8814733281430374
65		11365.01		0.88255		0.86211		0.79534		0.75		0.88601		0.81235		0.60063
AUC improved at epoch  65 ;	best_auc: 0.8825471824746972
66		11366.16		0.88402		0.86512		0.79016		0.74348		0.88601		0.80851		0.59128
AUC improved at epoch  66 ;	best_auc: 0.8840237321807297
67		11367.4		0.88504		0.86638		0.79275		0.7489		0.88083		0.80952		0.59479
AUC improved at epoch  67 ;	best_auc: 0.8850438937958066
68		11368.7		0.88749		0.86946		0.80311		0.76		0.88601		0.81818		0.61473
AUC improved at epoch  68 ;	best_auc: 0.8874869124003328
69		11370.39		0.88754		0.86773		0.78497		0.73504		0.89119		0.80562		0.58326
AUC improved at epoch  69 ;	best_auc: 0.8875406051169159
70		11372.19		0.8852		0.86643		0.8057		0.77315		0.86528		0.81663		0.61579
71		11373.72		0.88765		0.86996		0.78238		0.73191		0.89119		0.80374		0.57863
AUC improved at epoch  71 ;	best_auc: 0.8876479905500819
72		11375.03		0.89076		0.87256		0.78238		0.73593		0.88083		0.80189		0.57604
AUC improved at epoch  72 ;	best_auc: 0.8907621681118957
73		11376.68		0.89151		0.87484		0.79793		0.75785		0.87565		0.8125		0.60319
AUC improved at epoch  73 ;	best_auc: 0.8915138661440576
74		11378.53		0.88883		0.87257		0.79275		0.73444		0.9171		0.81567		0.60449
75		11380.28		0.89208		0.87557		0.79534		0.75446		0.87565		0.81055		0.59844
AUC improved at epoch  75 ;	best_auc: 0.892077639668179
76		11382.0		0.89447		0.87882		0.79534		0.75446		0.87565		0.81055		0.59844
AUC improved at epoch  76 ;	best_auc: 0.8944669655561223
77		11383.15		0.89463		0.88443		0.76943		0.71311		0.90155		0.79634		0.55872
AUC improved at epoch  77 ;	best_auc: 0.8946280437058713
78		11384.34		0.89162		0.88262		0.79016		0.75		0.87047		0.80576		0.58794
79		11385.59		0.89506		0.88655		0.79793		0.76498		0.8601		0.80976		0.60052
AUC improved at epoch  79 ;	best_auc: 0.8950575854385353
80		11387.02		0.89063		0.88469		0.77202		0.71605		0.90155		0.79817		0.56327
81		11388.36		0.89498		0.8875		0.79793		0.76498		0.8601		0.80976		0.60052
82		11389.94		0.8928		0.88543		0.8057		0.77315		0.86528		0.81663		0.61579
83		11391.46		0.89753		0.89161		0.7772		0.72766		0.88601		0.79907		0.56802
AUC improved at epoch  83 ;	best_auc: 0.8975274504013531
84		11393.17		0.89917		0.89539		0.78756		0.73418		0.90155		0.8093		0.59068
AUC improved at epoch  84 ;	best_auc: 0.8991650782571344
85		11394.96		0.90169		0.89726		0.81088		0.78846		0.84974		0.81796		0.62365
AUC improved at epoch  85 ;	best_auc: 0.9016886359365353
86		11396.58		0.89729		0.89368		0.79016		0.73932		0.89637		0.8103		0.59387
87		11397.79		0.90276		0.89935		0.80311		0.76471		0.87565		0.81643		0.6127
AUC improved at epoch  87 ;	best_auc: 0.9027624902681951
88		11399.09		0.90534		0.90281		0.80829		0.75983		0.90155		0.82464		0.62759
AUC improved at epoch  88 ;	best_auc: 0.9053397406641789
89		11400.25		0.90606		0.90351		0.80311		0.75546		0.89637		0.81991		0.61705
AUC improved at epoch  89 ;	best_auc: 0.9060645923380494
90		11401.38		0.90743		0.90451		0.82383		0.79904		0.86528		0.83085		0.64991
AUC improved at epoch  90 ;	best_auc: 0.9074337566109156
91		11402.56		0.91205		0.90953		0.80829		0.75319		0.9171		0.8271		0.63172
AUC improved at epoch  91 ;	best_auc: 0.9120513302370533
92		11403.78		0.91345		0.91065		0.81606		0.78241		0.87565		0.82641		0.63666
AUC improved at epoch  92 ;	best_auc: 0.9134473408682113
93		11405.33		0.90942		0.90651		0.81865		0.77093		0.90674		0.83333		0.64743
94		11407.51		0.9073		0.9052		0.81606		0.79902		0.84456		0.82116		0.63315
95		11409.12		0.91812		0.9144		0.82642		0.77391		0.92228		0.84161		0.66519
AUC improved at epoch  95 ;	best_auc: 0.9181186072109317
96		11410.67		0.9215		0.91802		0.8342		0.79452		0.90155		0.84466		0.67454
AUC improved at epoch  96 ;	best_auc: 0.9215012483556605
97		11412.67		0.91994		0.91565		0.82124		0.77928		0.89637		0.83373		0.64987
98		11413.81		0.91393		0.90985		0.82124		0.77928		0.89637		0.83373		0.64987
99		11415.89		0.9175		0.9144		0.82902		0.8191		0.84456		0.83163		0.65835
100		11421.38		0.92491		0.92196		0.82642		0.7625		0.94819		0.84527		0.67311
AUC improved at epoch  100 ;	best_auc: 0.9249107358586808
101		11426.85		0.9309		0.92758		0.83161		0.79907		0.88601		0.84029		0.66717
AUC improved at epoch  101 ;	best_auc: 0.9308974737576848
102		11431.32		0.93044		0.92686		0.8342		0.80569		0.88083		0.84158		0.67132
103		11434.98		0.92749		0.92451		0.84197		0.78947		0.93264		0.85511		0.69547
104		11436.31		0.92276		0.9204		0.84456		0.8009		0.9171		0.85507		0.69649
105		11438.01		0.92832		0.92403		0.84197		0.81429		0.88601		0.84864		0.68661
106		11439.49		0.93404		0.92889		0.83938		0.79638		0.91192		0.85024		0.68601
AUC improved at epoch  106 ;	best_auc: 0.93403849767779
107		11441.1		0.93847		0.93427		0.85233		0.80088		0.93782		0.86396		0.7152
AUC improved at epoch  107 ;	best_auc: 0.9384681467958873
108		11443.06		0.94048		0.93786		0.85492		0.8186		0.91192		0.86275		0.7145
AUC improved at epoch  108 ;	best_auc: 0.9404816236677496
109		11444.55		0.93627		0.93475		0.85751		0.83824		0.88601		0.86146		0.71619
110		11446.53		0.93471		0.9337		0.83161		0.7735		0.93782		0.84778		0.6787
111		11447.96		0.93798		0.93665		0.85751		0.82243		0.91192		0.86486		0.7193
112		11449.1		0.94228		0.93995		0.8601		0.82326		0.9171		0.86765		0.72493
AUC improved at epoch  112 ;	best_auc: 0.9422803296732798
113		11450.33		0.94472		0.94262		0.84456		0.79039		0.93782		0.85782		0.70143
AUC improved at epoch  113 ;	best_auc: 0.9447233482778061
114		11451.77		0.94585		0.94355		0.86788		0.84135		0.90674		0.87282		0.73798
AUC improved at epoch  114 ;	best_auc: 0.945850895326049
115		11452.97		0.94703		0.94458		0.85233		0.81776		0.90674		0.85995		0.70887
AUC improved at epoch  115 ;	best_auc: 0.9470321350908749
116		11454.22		0.94939		0.94693		0.85492		0.80717		0.93264		0.86538		0.71858
AUC improved at epoch  116 ;	best_auc: 0.9493946146205268
117		11456.39		0.94813		0.94583		0.86528		0.82488		0.92746		0.87317		0.73628
118		11457.52		0.94644		0.94407		0.86788		0.8287		0.92746		0.87531		0.74103
119		11458.88		0.94743		0.94502		0.86528		0.819		0.93782		0.8744		0.73838
120		11460.15		0.95074		0.94854		0.87306		0.84286		0.9171		0.87841		0.74903
AUC improved at epoch  120 ;	best_auc: 0.9507369325351016
121		11461.52		0.9531		0.95106		0.8601		0.81166		0.93782		0.87019		0.72907
AUC improved at epoch  121 ;	best_auc: 0.9530994120647533
122		11462.85		0.94996		0.94883		0.86269		0.81532		0.93782		0.87229		0.73372
123		11464.12		0.9513		0.94997		0.87565		0.8436		0.92228		0.88119		0.75458
124		11465.23		0.95417		0.9532		0.87824		0.83796		0.93782		0.88509		0.76191
AUC improved at epoch  124 ;	best_auc: 0.9541732663964133
125		11466.4		0.95237		0.95171		0.87306		0.82432		0.94819		0.88193		0.75468
126		11467.7		0.95479		0.95425		0.86528		0.83732		0.90674		0.87065		0.73309
AUC improved at epoch  126 ;	best_auc: 0.9547907326371178
127		11469.56		0.95589		0.9559		0.86788		0.82273		0.93782		0.87651		0.74306
AUC improved at epoch  127 ;	best_auc: 0.9558914333270692
128		11470.84		0.95868		0.95775		0.87565		0.84038		0.92746		0.88177		0.75536
AUC improved at epoch  128 ;	best_auc: 0.958683454589385
129		11472.12		0.9557		0.95477		0.87824		0.84434		0.92746		0.88395		0.76017
130		11473.78		0.95203		0.9521		0.8601		0.81735		0.92746		0.86893		0.72683
131		11475.28		0.95321		0.95234		0.87306		0.84286		0.9171		0.87841		0.74903
132		11476.68		0.9545		0.95317		0.87047		0.83256		0.92746		0.87745		0.74579
133		11478.04		0.95372		0.95342		0.87306		0.83333		0.93264		0.8802		0.75147
134		11479.63		0.95612		0.95538		0.88601		0.85646		0.92746		0.89055		0.77469
135		11481.0		0.95858		0.95807		0.87047		0.82648		0.93782		0.87864		0.74775
136		11482.5		0.95761		0.95722		0.86528		0.82488		0.92746		0.87317		0.73628
137		11484.18		0.95348		0.95403		0.87565		0.84689		0.9171		0.8806		0.75389
138		11486.14		0.95511		0.95636		0.86528		0.819		0.93782		0.8744		0.73838
139		11487.56		0.96087		0.9612		0.88342		0.85238		0.92746		0.88834		0.76983
AUC improved at epoch  139 ;	best_auc: 0.960871432790142
140		11488.94		0.9596		0.95955		0.88342		0.84906		0.93264		0.88889		0.77058
141		11490.24		0.95239		0.9536		0.87047		0.83256		0.92746		0.87745		0.74579
142		11491.42		0.95501		0.95635		0.87824		0.84434		0.92746		0.88395		0.76017
143		11492.54		0.95925		0.95958		0.87565		0.8436		0.92228		0.88119		0.75458
144		11493.68		0.9579		0.95781		0.87565		0.84038		0.92746		0.88177		0.75536
145		11495.0		0.95769		0.9572		0.88083		0.85167		0.92228		0.88557		0.76429
146		11496.66		0.96215		0.96129		0.87306		0.83028		0.93782		0.88078		0.75245
AUC improved at epoch  146 ;	best_auc: 0.9621466348089881
147		11498.57		0.96086		0.96019		0.88083		0.84507		0.93264		0.8867		0.76578
148		11499.77		0.95372		0.95465		0.87047		0.84878		0.90155		0.87437		0.74237
149		11501.49		0.95035		0.95281		0.86269		0.82407		0.92228		0.87042		0.7306
150		11503.05		0.95519		0.95674		0.87824		0.84112		0.93264		0.88452		0.76099
151		11504.39		0.96403		0.96406		0.89378		0.87255		0.92228		0.89673		0.78885
AUC improved at epoch  151 ;	best_auc: 0.964025879889393
152		11505.57		0.96314		0.96328		0.88342		0.83945		0.94819		0.89051		0.77335
153		11506.78		0.95793		0.95899		0.86788		0.81696		0.94819		0.8777		0.74543
154		11508.25		0.95498		0.95681		0.88083		0.85167		0.92228		0.88557		0.76429
155		11509.93		0.95709		0.95943		0.87565		0.8436		0.92228		0.88119		0.75458
156		11511.64		0.95938		0.96191		0.86788		0.8287		0.92746		0.87531		0.74103
157		11512.99		0.95986		0.96217		0.87565		0.84038		0.92746		0.88177		0.75536
158		11514.31		0.96164		0.96312		0.87824		0.84762		0.92228		0.88337		0.75943
159		11515.57		0.96221		0.96348		0.87824		0.84112		0.93264		0.88452		0.76099
160		11516.75		0.96098		0.96225		0.88342		0.84906		0.93264		0.88889		0.77058
161		11518.04		0.96016		0.96189		0.88083		0.84834		0.92746		0.88614		0.76499
162		11519.79		0.96099		0.96394		0.87824		0.83796		0.93782		0.88509		0.76191
163		11521.44		0.96121		0.96411		0.87824		0.83486		0.94301		0.88564		0.7629
164		11523.03		0.96195		0.96428		0.87824		0.83796		0.93782		0.88509		0.76191
165		11524.35		0.96178		0.96293		0.87824		0.84434		0.92746		0.88395		0.76017
166		11525.98		0.9647		0.9652		0.88601		0.85308		0.93264		0.89109		0.7754
AUC improved at epoch  166 ;	best_auc: 0.9646970388466805
167		11527.34		0.96478		0.96547		0.87824		0.84434		0.92746		0.88395		0.76017
AUC improved at epoch  167 ;	best_auc: 0.9647775779215549
168		11528.87		0.96142		0.96228		0.87565		0.8341		0.93782		0.88293		0.75717
169		11530.37		0.95756		0.95906		0.87565		0.8341		0.93782		0.88293		0.75717
170		11531.69		0.9568		0.95811		0.87824		0.84762		0.92228		0.88337		0.75943
171		11533.53		0.95839		0.95972		0.87306		0.83962		0.92228		0.87901		0.74976
172		11534.93		0.96072		0.96194		0.87824		0.84434		0.92746		0.88395		0.76017
173		11536.06		0.96133		0.96277		0.86788		0.8287		0.92746		0.87531		0.74103
174		11537.19		0.96021		0.96196		0.86788		0.82569		0.93264		0.87591		0.742
175		11538.46		0.96094		0.96275		0.87565		0.84038		0.92746		0.88177		0.75536
176		11540.35		0.96192		0.96312		0.88083		0.85507		0.9171		0.885		0.76367
177		11541.76		0.96189		0.96277		0.87824		0.85437		0.91192		0.88221		0.7582
178		11543.37		0.9606		0.96192		0.88342		0.84259		0.94301		0.88998		0.77234
179		11544.86		0.95871		0.96018		0.87047		0.82353		0.94301		0.87923		0.74886
180		11546.27		0.96005		0.96185		0.88601		0.84651		0.94301		0.89216		0.77709
181		11547.55		0.96083		0.96266		0.89119		0.86473		0.92746		0.895		0.78445
182		11548.7		0.96043		0.96277		0.88342		0.84906		0.93264		0.88889		0.77058
183		11549.86		0.96042		0.96256		0.87306		0.83028		0.93782		0.88078		0.75245
184		11551.39		0.96298		0.96398		0.87565		0.8341		0.93782		0.88293		0.75717
185		11552.56		0.9638		0.96434		0.88342		0.83945		0.94819		0.89051		0.77335
186		11553.75		0.96325		0.96329		0.88342		0.84579		0.93782		0.88943		0.77142
187		11555.25		0.96107		0.96073		0.88601		0.84332		0.94819		0.89268		0.77806
188		11557.03		0.95927		0.95882		0.88342		0.83636		0.95337		0.89104		0.77446
189		11559.09		0.95876		0.9584		0.88342		0.83636		0.95337		0.89104		0.77446
190		11560.48		0.95819		0.95796		0.8886		0.84722		0.94819		0.89487		0.78278
191		11561.71		0.95847		0.95821		0.88601		0.8599		0.92228		0.89		0.77406
192		11562.86		0.96009		0.96091		0.88601		0.8599		0.92228		0.89		0.77406
193		11564.23		0.96113		0.96274		0.8886		0.85377		0.93782		0.89383		0.781
194		11565.59		0.96298		0.96471		0.8886		0.84722		0.94819		0.89487		0.78278
195		11567.26		0.9642		0.96613		0.88083		0.83562		0.94819		0.88835		0.76866
196		11568.79		0.96544		0.96737		0.87824		0.83486		0.94301		0.88564		0.7629
AUC improved at epoch  196 ;	best_auc: 0.9654353136996966
197		11570.1		0.96476		0.96668		0.88083		0.84186		0.93782		0.88725		0.76666
198		11571.68		0.96362		0.96548		0.87824		0.84434		0.92746		0.88395		0.76017
199		11573.35		0.96176		0.96373		0.87565		0.8436		0.92228		0.88119		0.75458
200		11575.26		0.96028		0.96239		0.87565		0.8436		0.92228		0.88119		0.75458
201		11576.88		0.95945		0.96182		0.88601		0.85646		0.92746		0.89055		0.77469
202		11578.39		0.95909		0.96183		0.88601		0.85646		0.92746		0.89055		0.77469
203		11579.73		0.95945		0.96231		0.88083		0.85167		0.92228		0.88557		0.76429
204		11581.08		0.96029		0.96293		0.87824		0.84762		0.92228		0.88337		0.75943
205		11582.34		0.9611		0.96354		0.87824		0.84762		0.92228		0.88337		0.75943
206		11584.15		0.96153		0.9638		0.87824		0.84112		0.93264		0.88452		0.76099
207		11585.38		0.96211		0.96411		0.87306		0.83333		0.93264		0.8802		0.75147
208		11586.55		0.96274		0.96448		0.87306		0.83333		0.93264		0.8802		0.75147
209		11587.9		0.96299		0.96481		0.88342		0.84906		0.93264		0.88889		0.77058
210		11589.24		0.96239		0.9642		0.8886		0.85714		0.93264		0.8933		0.78023
211		11590.77		0.96087		0.96273		0.8886		0.85714		0.93264		0.8933		0.78023
212		11592.21		0.95919		0.96099		0.88601		0.84977		0.93782		0.89163		0.7762
213		11594.1		0.95847		0.96022		0.88601		0.84977		0.93782		0.89163		0.7762
214		11595.45		0.95887		0.96085		0.88601		0.84651		0.94301		0.89216		0.77709
215		11596.87		0.96046		0.96225		0.8886		0.84722		0.94819		0.89487		0.78278
216		11598.03		0.96169		0.96301		0.89119		0.85116		0.94819		0.89706		0.78752
217		11600.09		0.96309		0.96411		0.89378		0.85514		0.94819		0.89926		0.79227
218		11601.68		0.96385		0.96425		0.88601		0.85308		0.93264		0.89109		0.7754
219		11603.21		0.96391		0.96424		0.88083		0.84507		0.93264		0.8867		0.76578
220		11604.94		0.96266		0.96319		0.87824		0.84434		0.92746		0.88395		0.76017
221		11606.17		0.96199		0.9632		0.87824		0.84434		0.92746		0.88395		0.76017
222		11608.14		0.96126		0.96294		0.87565		0.84038		0.92746		0.88177		0.75536
223		11609.42		0.96097		0.96285		0.87565		0.84038		0.92746		0.88177		0.75536
224		11611.42		0.96139		0.9631		0.87565		0.8436		0.92228		0.88119		0.75458
225		11612.59		0.96172		0.96337		0.88083		0.84834		0.92746		0.88614		0.76499
226		11613.83		0.9622		0.96385		0.88083		0.84834		0.92746		0.88614		0.76499
227		11615.02		0.96209		0.96408		0.88342		0.84906		0.93264		0.88889		0.77058
228		11616.34		0.9627		0.96471		0.88342		0.84906		0.93264		0.88889		0.77058
229		11617.68		0.96278		0.96473		0.88342		0.84906		0.93264		0.88889		0.77058
230		11618.75		0.96294		0.96465		0.88342		0.84906		0.93264		0.88889		0.77058
231		11620.07		0.96315		0.96465		0.88601		0.85308		0.93264		0.89109		0.7754
232		11621.53		0.9625		0.96377		0.88342		0.84906		0.93264		0.88889		0.77058
233		11622.88		0.96275		0.96381		0.87824		0.84434		0.92746		0.88395		0.76017
234		11624.23		0.96231		0.96305		0.88083		0.84834		0.92746		0.88614		0.76499
235		11625.95		0.96087		0.96157		0.87824		0.84434		0.92746		0.88395		0.76017
236		11627.94		0.96024		0.96085		0.87306		0.83645		0.92746		0.87961		0.75057
237		11629.78		0.95897		0.95995		0.87565		0.84038		0.92746		0.88177		0.75536
238		11631.61		0.96056		0.96167		0.87824		0.84112		0.93264		0.88452		0.76099
239		11632.94		0.96255		0.96428		0.88083		0.84507		0.93264		0.8867		0.76578
240		11634.08		0.96337		0.96558		0.87565		0.84689		0.9171		0.8806		0.75389
241		11635.59		0.96318		0.96559		0.87565		0.84689		0.9171		0.8806		0.75389
242		11637.01		0.96228		0.96504		0.87565		0.84689		0.9171		0.8806		0.75389
243		11638.6		0.96043		0.96369		0.87306		0.83962		0.92228		0.87901		0.74976
244		11640.04		0.95879		0.96222		0.87306		0.83645		0.92746		0.87961		0.75057
245		11641.51		0.95868		0.96206		0.87565		0.83721		0.93264		0.88235		0.75622
246		11642.82		0.96042		0.96359		0.87565		0.84038		0.92746		0.88177		0.75536
247		11644.57		0.96221		0.96505		0.87824		0.84762		0.92228		0.88337		0.75943
248		11646.12		0.96306		0.96564		0.87824		0.85096		0.9171		0.88279		0.75877
249		11647.3		0.96205		0.96433		0.88342		0.84579		0.93782		0.88943		0.77142
250		11648.66		0.96131		0.96308		0.88342		0.84259		0.94301		0.88998		0.77234
251		11649.9		0.96046		0.96201		0.88083		0.83871		0.94301		0.8878		0.76762
252		11651.06		0.95988		0.96148		0.88083		0.84186		0.93782		0.88725		0.76666
253		11652.2		0.95942		0.96106		0.8886		0.85714		0.93264		0.8933		0.78023
254		11653.45		0.95988		0.96168		0.88342		0.85577		0.92228		0.88778		0.76917
255		11654.83		0.95997		0.96173		0.88083		0.85167		0.92228		0.88557		0.76429
256		11656.28		0.95978		0.96187		0.88083		0.85167		0.92228		0.88557		0.76429
257		11657.97		0.96		0.96233		0.87047		0.83568		0.92228		0.87685		0.74494
258		11659.63		0.95973		0.96241		0.87047		0.83256		0.92746		0.87745		0.74579
259		11661.63		0.95921		0.96177		0.87047		0.83256		0.92746		0.87745		0.74579
260		11663.55		0.95931		0.96166		0.87306		0.83333		0.93264		0.8802		0.75147
261		11665.58		0.9586		0.96041		0.87565		0.83721		0.93264		0.88235		0.75622
262		11667.13		0.95807		0.96011		0.87306		0.83962		0.92228		0.87901		0.74976
263		11668.64		0.95749		0.96003		0.87824		0.84762		0.92228		0.88337		0.75943
264		11669.97		0.95679		0.95954		0.88342		0.85577		0.92228		0.88778		0.76917
265		11671.1		0.95701		0.95967		0.87824		0.85096		0.9171		0.88279		0.75877
266		11672.31		0.95752		0.96006		0.88083		0.85167		0.92228		0.88557		0.76429
267		11673.5		0.95847		0.96092		0.88083		0.84834		0.92746		0.88614		0.76499
268		11674.95		0.95929		0.9615		0.88083		0.84834		0.92746		0.88614		0.76499
269		11676.71		0.96059		0.96261		0.88083		0.84834		0.92746		0.88614		0.76499
270		11678.1		0.96105		0.96279		0.88083		0.84834		0.92746		0.88614		0.76499
271		11679.78		0.96121		0.96316		0.88342		0.84259		0.94301		0.88998		0.77234
272		11681.42		0.96156		0.96345		0.88601		0.84332		0.94819		0.89268		0.77806
273		11682.99		0.96216		0.96447		0.8886		0.84722		0.94819		0.89487		0.78278
274		11684.51		0.96307		0.96513		0.8886		0.84722		0.94819		0.89487		0.78278
275		11686.05		0.9633		0.96542		0.88601		0.84977		0.93782		0.89163		0.7762
276		11687.78		0.96344		0.96553		0.87824		0.84762		0.92228		0.88337		0.75943
277		11689.61		0.9636		0.96574		0.87047		0.84541		0.90674		0.875		0.74289
278		11691.16		0.96315		0.965		0.87306		0.84615		0.91192		0.87781		0.74838
279		11692.36		0.96263		0.96398		0.87306		0.84286		0.9171		0.87841		0.74903
280		11693.54		0.96172		0.96295		0.87565		0.84038		0.92746		0.88177		0.75536
281		11695.12		0.96133		0.96248		0.87824		0.84434		0.92746		0.88395		0.76017
282		11696.63		0.96086		0.96201		0.87824		0.84112		0.93264		0.88452		0.76099
283		11697.99		0.96109		0.96231		0.87824		0.84434		0.92746		0.88395		0.76017
284		11699.5		0.96189		0.96299		0.87565		0.84689		0.9171		0.8806		0.75389
285		11700.82		0.96204		0.96333		0.87824		0.84762		0.92228		0.88337		0.75943
286		11702.15		0.96133		0.96279		0.88083		0.84507		0.93264		0.8867		0.76578
287		11703.79		0.95988		0.96156		0.88083		0.83871		0.94301		0.8878		0.76762
288		11705.72		0.95893		0.96094		0.87565		0.83721		0.93264		0.88235		0.75622
289		11707.15		0.95851		0.96093		0.87565		0.83721		0.93264		0.88235		0.75622
290		11708.44		0.95829		0.96083		0.87565		0.84038		0.92746		0.88177		0.75536
291		11709.65		0.95833		0.96077		0.87824		0.84762		0.92228		0.88337		0.75943
292		11710.79		0.95879		0.96092		0.87565		0.8436		0.92228		0.88119		0.75458
293		11712.15		0.95903		0.96105		0.87824		0.84112		0.93264		0.88452		0.76099
294		11713.73		0.9605		0.96238		0.88083		0.84186		0.93782		0.88725		0.76666
295		11715.2		0.96106		0.96265		0.88342		0.84579		0.93782		0.88943		0.77142
296		11716.82		0.96137		0.96263		0.88601		0.84977		0.93782		0.89163		0.7762
297		11718.3		0.96146		0.9624		0.88083		0.84834		0.92746		0.88614		0.76499
298		11719.91		0.96039		0.96114		0.88342		0.84906		0.93264		0.88889		0.77058
299		11721.65		0.9598		0.96033		0.88342		0.84579		0.93782		0.88943		0.77142
300		11722.99		0.95931		0.96001		0.88601		0.84651		0.94301		0.89216		0.77709
301		11725.06		0.95992		0.96082		0.88601		0.84332		0.94819		0.89268		0.77806
302		11726.56		0.96103		0.96217		0.88601		0.84332		0.94819		0.89268		0.77806
303		11728.01		0.96191		0.96324		0.88342		0.84259		0.94301		0.88998		0.77234
304		11729.48		0.96279		0.9642		0.88342		0.84259		0.94301		0.88998		0.77234
305		11731.09		0.9622		0.96369		0.88601		0.84651		0.94301		0.89216		0.77709
306		11732.71		0.96161		0.96337		0.8886		0.84722		0.94819		0.89487		0.78278
307		11734.09		0.96097		0.96291		0.88342		0.84259		0.94301		0.88998		0.77234
308		11735.22		0.95944		0.96157		0.88083		0.84507		0.93264		0.8867		0.76578
309		11736.36		0.9585		0.9609		0.88342		0.85238		0.92746		0.88834		0.76983
310		11737.72		0.95886		0.96115		0.88083		0.84834		0.92746		0.88614		0.76499
311		11739.05		0.96003		0.96221		0.87824		0.84762		0.92228		0.88337		0.75943
312		11740.19		0.96111		0.9631		0.87824		0.84434		0.92746		0.88395		0.76017
313		11741.48		0.96204		0.96412		0.88083		0.84186		0.93782		0.88725		0.76666
314		11743.08		0.96275		0.96476		0.88342		0.84259		0.94301		0.88998		0.77234
315		11744.83		0.9628		0.96481		0.87565		0.83105		0.94301		0.8835		0.75821
316		11746.67		0.96185		0.96376		0.88083		0.83562		0.94819		0.88835		0.76866
317		11748.02		0.96071		0.96264		0.87306		0.83645		0.92746		0.87961		0.75057
318		11749.51		0.96004		0.96186		0.87306		0.83962		0.92228		0.87901		0.74976
319		11750.88		0.95935		0.96116		0.87565		0.8436		0.92228		0.88119		0.75458
320		11752.7		0.95843		0.95999		0.87565		0.84689		0.9171		0.8806		0.75389
321		11753.95		0.95812		0.9598		0.88083		0.85167		0.92228		0.88557		0.76429
322		11755.11		0.95754		0.95931		0.87565		0.8436		0.92228		0.88119		0.75458
323		11756.28		0.95813		0.96004		0.87565		0.84038		0.92746		0.88177		0.75536
324		11758.05		0.95813		0.96026		0.87824		0.84112		0.93264		0.88452		0.76099
325		11759.62		0.95856		0.95984		0.88083		0.84186		0.93782		0.88725		0.76666
326		11761.24		0.95851		0.95917		0.87824		0.84434		0.92746		0.88395		0.76017
327		11763.05		0.95827		0.95848		0.88083		0.84834		0.92746		0.88614		0.76499
328		11764.49		0.95769		0.95797		0.87824		0.84762		0.92228		0.88337		0.75943
329		11765.77		0.95773		0.95826		0.87824		0.84762		0.92228		0.88337		0.75943
330		11766.96		0.95817		0.95915		0.87824		0.84434		0.92746		0.88395		0.76017
331		11768.15		0.95864		0.96018		0.87824		0.84112		0.93264		0.88452		0.76099
332		11769.97		0.95878		0.96073		0.88083		0.84507		0.93264		0.8867		0.76578
333		11771.52		0.95907		0.96102		0.87565		0.83721		0.93264		0.88235		0.75622
334		11772.86		0.95942		0.96112		0.87565		0.83721		0.93264		0.88235		0.75622
335		11774.1		0.95942		0.961		0.87824		0.84112		0.93264		0.88452		0.76099
336		11775.27		0.95922		0.96063		0.87565		0.84038		0.92746		0.88177		0.75536
337		11776.87		0.95797		0.95959		0.88083		0.83871		0.94301		0.8878		0.76762
338		11778.57		0.95729		0.95936		0.87565		0.83721		0.93264		0.88235		0.75622
339		11780.13		0.95719		0.95935		0.87824		0.84112		0.93264		0.88452		0.76099
340		11781.28		0.95833		0.96032		0.88083		0.85167		0.92228		0.88557		0.76429
341		11782.48		0.95986		0.96153		0.88342		0.85577		0.92228		0.88778		0.76917
342		11783.77		0.962		0.96332		0.88342		0.85238		0.92746		0.88834		0.76983
343		11784.93		0.96294		0.96414		0.88601		0.85308		0.93264		0.89109		0.7754
344		11786.38		0.96271		0.96394		0.8886		0.85047		0.94301		0.89435		0.78184
345		11788.27		0.96235		0.9637		0.88601		0.84651		0.94301		0.89216		0.77709
346		11789.5		0.96093		0.96212		0.88601		0.84977		0.93782		0.89163		0.7762
347		11791.37		0.95999		0.9611		0.88083		0.84507		0.93264		0.8867		0.76578
348		11792.97		0.95867		0.95955		0.87824		0.84762		0.92228		0.88337		0.75943
349		11794.48		0.95756		0.95846		0.87824		0.84762		0.92228		0.88337		0.75943
350		11795.64		0.95693		0.95813		0.87565		0.84038		0.92746		0.88177		0.75536
351		11797.24		0.95663		0.95801		0.87565		0.84038		0.92746		0.88177		0.75536
352		11798.64		0.95817		0.96017		0.87824		0.84112		0.93264		0.88452		0.76099
353		11800.09		0.95961		0.96208		0.87824		0.84112		0.93264		0.88452		0.76099
354		11801.38		0.96076		0.96331		0.87824		0.83796		0.93782		0.88509		0.76191
355		11802.65		0.96137		0.96399		0.88342		0.84579		0.93782		0.88943		0.77142
356		11804.28		0.9615		0.96383		0.88083		0.84507		0.93264		0.8867		0.76578
357		11805.65		0.96131		0.96336		0.87565		0.84038		0.92746		0.88177		0.75536
358		11807.41		0.96067		0.96229		0.87565		0.83721		0.93264		0.88235		0.75622
359		11809.04		0.96052		0.96159		0.87824		0.84112		0.93264		0.88452		0.76099
360		11810.54		0.96043		0.96137		0.87824		0.84112		0.93264		0.88452		0.76099
361		11811.89		0.96064		0.96152		0.87047		0.83886		0.9171		0.87624		0.74418
362		11813.09		0.9604		0.96126		0.87565		0.84038		0.92746		0.88177		0.75536
363		11814.57		0.96076		0.9614		0.87306		0.83645		0.92746		0.87961		0.75057
364		11816.1		0.96024		0.96087		0.87565		0.84038		0.92746		0.88177		0.75536
365		11817.38		0.95954		0.96034		0.87047		0.83886		0.9171		0.87624		0.74418
366		11818.51		0.95769		0.95833		0.87565		0.84689		0.9171		0.8806		0.75389
367		11819.61		0.95615		0.95665		0.87306		0.84615		0.91192		0.87781		0.74838
368		11820.93		0.95491		0.95577		0.87824		0.85096		0.9171		0.88279		0.75877
369		11822.33		0.95522		0.95633		0.87824		0.84762		0.92228		0.88337		0.75943
370		11823.92		0.95691		0.95822		0.87565		0.84038		0.92746		0.88177		0.75536
371		11825.79		0.95836		0.95965		0.87824		0.84434		0.92746		0.88395		0.76017
372		11827.67		0.95986		0.96108		0.87824		0.84434		0.92746		0.88395		0.76017
373		11829.13		0.96043		0.96184		0.88083		0.84507		0.93264		0.8867		0.76578
374		11830.29		0.96052		0.96215		0.88342		0.84906		0.93264		0.88889		0.77058
375		11831.47		0.95966		0.96177		0.88342		0.84906		0.93264		0.88889		0.77058
376		11832.83		0.95852		0.96055		0.88342		0.84906		0.93264		0.88889		0.77058
377		11834.74		0.95768		0.95938		0.88083		0.84507		0.93264		0.8867		0.76578
378		11835.96		0.95804		0.95978		0.88083		0.84507		0.93264		0.8867		0.76578
379		11837.13		0.96005		0.96131		0.88083		0.84507		0.93264		0.8867		0.76578
380		11838.3		0.9613		0.96252		0.87565		0.84038		0.92746		0.88177		0.75536
381		11840.02		0.96137		0.96251		0.87824		0.84434		0.92746		0.88395		0.76017
382		11841.71		0.96114		0.96176		0.88342		0.85238		0.92746		0.88834		0.76983
383		11843.19		0.96071		0.96131		0.88342		0.85238		0.92746		0.88834		0.76983
384		11845.11		0.96024		0.96063		0.87824		0.84112		0.93264		0.88452		0.76099
385		11846.59		0.95883		0.95898		0.88342		0.84579		0.93782		0.88943		0.77142
386		11847.82		0.95859		0.95897		0.87824		0.84434		0.92746		0.88395		0.76017
387		11849.07		0.95859		0.95914		0.88601		0.85646		0.92746		0.89055		0.77469
388		11850.19		0.95862		0.95954		0.88601		0.8599		0.92228		0.89		0.77406
389		11851.34		0.95902		0.96075		0.88601		0.85646		0.92746		0.89055		0.77469
390		11853.07		0.95909		0.96123		0.88083		0.84507		0.93264		0.8867		0.76578
391		11854.63		0.95933		0.96179		0.87824		0.83796		0.93782		0.88509		0.76191
392		11856.11		0.96005		0.96247		0.87565		0.8341		0.93782		0.88293		0.75717
393		11857.57		0.96097		0.96307		0.87565		0.8341		0.93782		0.88293		0.75717
394		11859.22		0.96055		0.9616		0.88342		0.84579		0.93782		0.88943		0.77142
395		11860.86		0.95954		0.95988		0.8886		0.85714		0.93264		0.8933		0.78023
396		11862.69		0.95827		0.95809		0.88342		0.85238		0.92746		0.88834		0.76983
397		11864.15		0.95821		0.95819		0.88342		0.85238		0.92746		0.88834		0.76983
398		11865.27		0.95764		0.95821		0.87565		0.84038		0.92746		0.88177		0.75536
399		11866.52		0.9595		0.9609		0.87824		0.84434		0.92746		0.88395		0.76017
400		11867.61		0.96162		0.96307		0.88601		0.84977		0.93782		0.89163		0.7762
401		11868.78		0.96193		0.96302		0.88342		0.84259		0.94301		0.88998		0.77234
402		11869.9		0.95944		0.95927		0.87824		0.83486		0.94301		0.88564		0.7629
403		11871.12		0.95808		0.95708		0.87565		0.83105		0.94301		0.8835		0.75821
404		11872.28		0.95796		0.95587		0.87824		0.83796		0.93782		0.88509		0.76191
405		11873.48		0.95897		0.95695		0.87824		0.84434		0.92746		0.88395		0.76017
406		11874.74		0.95925		0.95776		0.87824		0.84762		0.92228		0.88337		0.75943
407		11875.98		0.958		0.95695		0.87824		0.84112		0.93264		0.88452		0.76099
408		11877.68		0.95617		0.95603		0.86788		0.83178		0.92228		0.87469		0.74015
409		11879.2		0.95666		0.95658		0.87306		0.83962		0.92228		0.87901		0.74976
410		11880.78		0.9571		0.9576		0.87824		0.85096		0.9171		0.88279		0.75877
411		11882.26		0.95688		0.95767		0.88342		0.85922		0.9171		0.88722		0.76858
412		11883.72		0.95801		0.95927		0.87565		0.8436		0.92228		0.88119		0.75458
413		11885.03		0.95968		0.96081		0.87565		0.8341		0.93782		0.88293		0.75717
414		11886.32		0.9609		0.96243		0.87824		0.83182		0.94819		0.8862		0.76399
415		11887.77		0.96191		0.9637		0.87306		0.83333		0.93264		0.8802		0.75147
416		11889.16		0.96271		0.96443		0.87824		0.84434		0.92746		0.88395		0.76017
417		11890.56		0.96284		0.96446		0.88342		0.85238		0.92746		0.88834		0.76983
418		11891.83		0.9618		0.96311		0.88342		0.85238		0.92746		0.88834		0.76983
419		11893.18		0.96021		0.96119		0.88342		0.84906		0.93264		0.88889		0.77058
420		11894.6		0.96025		0.96116		0.87824		0.84112		0.93264		0.88452		0.76099
421		11896.17		0.96149		0.96258		0.87306		0.83333		0.93264		0.8802		0.75147
422		11897.52		0.96346		0.96464		0.88083		0.83871		0.94301		0.8878		0.76762
423		11898.9		0.96362		0.96451		0.88342		0.84579		0.93782		0.88943		0.77142
424		11900.19		0.96341		0.96417		0.88601		0.84977		0.93782		0.89163		0.7762
425		11901.69		0.96262		0.96321		0.88601		0.84977		0.93782		0.89163		0.7762
426		11903.04		0.96133		0.96199		0.87824		0.84112		0.93264		0.88452		0.76099
427		11904.43		0.95949		0.95956		0.87565		0.83721		0.93264		0.88235		0.75622
428		11905.85		0.9586		0.95895		0.87565		0.83721		0.93264		0.88235		0.75622
429		11907.21		0.95799		0.95913		0.87565		0.84038		0.92746		0.88177		0.75536
430		11908.93		0.95831		0.96008		0.87824		0.84434		0.92746		0.88395		0.76017
431		11910.37		0.95848		0.96106		0.87824		0.84762		0.92228		0.88337		0.75943
432		11911.76		0.95876		0.96121		0.87565		0.8436		0.92228		0.88119		0.75458
433		11913.03		0.95795		0.96009		0.87824		0.83796		0.93782		0.88509		0.76191
434		11914.6		0.95856		0.9605		0.87565		0.82805		0.94819		0.88406		0.75933
435		11916.6		0.95961		0.96096		0.88083		0.83562		0.94819		0.88835		0.76866
436		11918.28		0.96122		0.96195		0.88083		0.84834		0.92746		0.88614		0.76499
437		11919.61		0.96195		0.96199		0.88342		0.85238		0.92746		0.88834		0.76983
438		11920.94		0.96032		0.9604		0.87824		0.84762		0.92228		0.88337		0.75943
439		11922.11		0.95803		0.95798		0.87565		0.84038		0.92746		0.88177		0.75536
440		11923.41		0.95656		0.95632		0.86788		0.8287		0.92746		0.87531		0.74103
441		11924.59		0.95734		0.95769		0.87565		0.84038		0.92746		0.88177		0.75536
442		11926.37		0.95758		0.95872		0.87565		0.8436		0.92228		0.88119		0.75458
443		11927.89		0.95785		0.95955		0.87824		0.84762		0.92228		0.88337		0.75943
444		11929.36		0.95727		0.95937		0.86788		0.83491		0.9171		0.87407		0.73934
445		11930.64		0.95655		0.95829		0.86788		0.83178		0.92228		0.87469		0.74015
446		11932.1		0.95654		0.95747		0.87306		0.83962		0.92228		0.87901		0.74976
447		11933.34		0.95765		0.95789		0.87565		0.8436		0.92228		0.88119		0.75458
448		11934.51		0.95868		0.9591		0.87824		0.84762		0.92228		0.88337		0.75943
449		11935.78		0.95962		0.96054		0.88083		0.85167		0.92228		0.88557		0.76429
450		11936.91		0.96117		0.9624		0.87824		0.84762		0.92228		0.88337		0.75943
451		11938.23		0.96103		0.96279		0.87824		0.84762		0.92228		0.88337		0.75943
452		11939.38		0.9597		0.9613		0.86788		0.8287		0.92746		0.87531		0.74103
453		11940.58		0.95935		0.96029		0.87565		0.8341		0.93782		0.88293		0.75717
454		11942.2		0.95879		0.9593		0.87306		0.83333		0.93264		0.8802		0.75147
455		11943.91		0.95858		0.95881		0.87824		0.84434		0.92746		0.88395		0.76017
456		11945.34		0.95926		0.95937		0.88601		0.85646		0.92746		0.89055		0.77469
457		11946.7		0.96075		0.96104		0.88342		0.85238		0.92746		0.88834		0.76983
458		11948.15		0.9615		0.96217		0.88342		0.84579		0.93782		0.88943		0.77142
459		11949.75		0.9625		0.96329		0.8886		0.84404		0.95337		0.89538		0.78381
460		11951.2		0.96244		0.96327		0.88601		0.84332		0.94819		0.89268		0.77806
461		11952.57		0.96268		0.96358		0.88083		0.84186		0.93782		0.88725		0.76666
462		11953.98		0.96192		0.96287		0.87565		0.83721		0.93264		0.88235		0.75622
463		11955.4		0.95995		0.96106		0.87565		0.8341		0.93782		0.88293		0.75717
464		11956.8		0.9576		0.95875		0.87565		0.8341		0.93782		0.88293		0.75717
465		11958.15		0.95671		0.95794		0.87565		0.83721		0.93264		0.88235		0.75622
466		11959.56		0.95714		0.95825		0.87306		0.83333		0.93264		0.8802		0.75147
467		11960.92		0.95778		0.9587		0.87824		0.84762		0.92228		0.88337		0.75943
468		11962.19		0.95846		0.95896		0.87824		0.85096		0.9171		0.88279		0.75877
469		11963.6		0.95772		0.95807		0.87565		0.85024		0.91192		0.88		0.75328
470		11965.17		0.95667		0.95679		0.88083		0.85167		0.92228		0.88557		0.76429
471		11966.83		0.95572		0.95603		0.87565		0.84038		0.92746		0.88177		0.75536
472		11968.63		0.9545		0.9553		0.87565		0.83721		0.93264		0.88235		0.75622
473		11970.71		0.95433		0.95593		0.87565		0.83721		0.93264		0.88235		0.75622
474		11972.53		0.95502		0.95736		0.87565		0.83721		0.93264		0.88235		0.75622
475		11974.05		0.95569		0.95806		0.87565		0.8436		0.92228		0.88119		0.75458
476		11975.42		0.95605		0.95822		0.87824		0.84762		0.92228		0.88337		0.75943
477		11976.87		0.95646		0.95867		0.87824		0.84762		0.92228		0.88337		0.75943
478		11978.39		0.9582		0.96026		0.87306		0.84286		0.9171		0.87841		0.74903
479		11979.87		0.95876		0.96093		0.87047		0.83568		0.92228		0.87685		0.74494
480		11981.32		0.95859		0.96044		0.87047		0.83256		0.92746		0.87745		0.74579
481		11982.78		0.95906		0.96087		0.86788		0.83178		0.92228		0.87469		0.74015
482		11984.3		0.9608		0.96223		0.87306		0.83962		0.92228		0.87901		0.74976
483		11985.77		0.96217		0.96362		0.87565		0.8436		0.92228		0.88119		0.75458
484		11987.2		0.96078		0.96239		0.87306		0.83962		0.92228		0.87901		0.74976
485		11988.75		0.95988		0.96151		0.87306		0.83645		0.92746		0.87961		0.75057
486		11990.48		0.95888		0.96067		0.87047		0.83256		0.92746		0.87745		0.74579
487		11991.85		0.95841		0.96022		0.87565		0.8341		0.93782		0.88293		0.75717
488		11992.99		0.95843		0.96012		0.88083		0.84186		0.93782		0.88725		0.76666
489		11994.13		0.95819		0.95985		0.88342		0.85238		0.92746		0.88834		0.76983
490		11995.28		0.95893		0.96044		0.88601		0.85646		0.92746		0.89055		0.77469
491		11996.56		0.95935		0.96078		0.88342		0.85577		0.92228		0.88778		0.76917
492		11998.41		0.95882		0.9601		0.87824		0.85096		0.9171		0.88279		0.75877
493		11999.9		0.95796		0.9592		0.87565		0.84689		0.9171		0.8806		0.75389
494		12001.25		0.95738		0.95842		0.87306		0.84286		0.9171		0.87841		0.74903
495		12002.52		0.95718		0.95805		0.87306		0.84286		0.9171		0.87841		0.74903
496		12003.77		0.95745		0.95854		0.87565		0.84689		0.9171		0.8806		0.75389
497		12004.94		0.95774		0.95905		0.87824		0.85096		0.9171		0.88279		0.75877
498		12006.09		0.95776		0.95922		0.87824		0.85096		0.9171		0.88279		0.75877
499		12007.39		0.95777		0.9594		0.88083		0.84507		0.93264		0.8867		0.76578
500		12008.93		0.95823		0.95987		0.87565		0.8341		0.93782		0.88293		0.75717
501		12010.17		0.95953		0.96122		0.87824		0.83796		0.93782		0.88509		0.76191
502		12011.62		0.95993		0.96157		0.87824		0.84112		0.93264		0.88452		0.76099
503		12013.21		0.9615		0.96298		0.8886		0.85714		0.93264		0.8933		0.78023
504		12015.38		0.96039		0.96165		0.88083		0.84186		0.93782		0.88725		0.76666
505		12017.4		0.95811		0.95912		0.87306		0.83645		0.92746		0.87961		0.75057
506		12019.59		0.95636		0.95649		0.87047		0.83256		0.92746		0.87745		0.74579
507		12021.0		0.95611		0.95562		0.87306		0.83645		0.92746		0.87961		0.75057
508		12022.67		0.9567		0.95623		0.88083		0.85167		0.92228		0.88557		0.76429
509		12024.26		0.95734		0.95673		0.88083		0.85507		0.9171		0.885		0.76367
510		12025.93		0.95871		0.95782		0.88601		0.85646		0.92746		0.89055		0.77469
511		12027.1		0.95906		0.95861		0.8886		0.85714		0.93264		0.8933		0.78023
512		12028.36		0.95874		0.95865		0.88083		0.83871		0.94301		0.8878		0.76762
513		12029.48		0.95858		0.95884		0.88083		0.83258		0.95337		0.88889		0.7698
514		12030.63		0.95863		0.95942		0.88083		0.83562		0.94819		0.88835		0.76866
515		12031.79		0.95893		0.95972		0.88601		0.85308		0.93264		0.89109		0.7754
516		12033.2		0.95872		0.95945		0.89119		0.86829		0.92228		0.89447		0.7839
517		12035.08		0.95739		0.95773		0.8886		0.85714		0.93264		0.8933		0.78023
518		12036.28		0.95625		0.95583		0.88601		0.84977		0.93782		0.89163		0.7762
519		12038.06		0.95733		0.95652		0.88342		0.84579		0.93782		0.88943		0.77142
520		12039.65		0.95833		0.95675		0.88342		0.84579		0.93782		0.88943		0.77142
521		12041.02		0.95926		0.95758		0.8886		0.86058		0.92746		0.89277		0.77956
522		12042.26		0.9595		0.95784		0.88601		0.86341		0.9171		0.88945		0.77352
523		12043.53		0.95852		0.95694		0.88601		0.85646		0.92746		0.89055		0.77469
524		12045.04		0.95573		0.95441		0.87824		0.84112		0.93264		0.88452		0.76099
525		12046.74		0.95331		0.95205		0.87306		0.83333		0.93264		0.8802		0.75147
526		12048.27		0.95309		0.95344		0.87824		0.84112		0.93264		0.88452		0.76099
527		12049.51		0.9549		0.95607		0.8886		0.86058		0.92746		0.89277		0.77956
528		12051.09		0.9569		0.95864		0.89637		0.87317		0.92746		0.8995		0.79428
529		12052.72		0.95871		0.96098		0.89119		0.86473		0.92746		0.895		0.78445
530		12054.03		0.95914		0.96101		0.88083		0.84834		0.92746		0.88614		0.76499
531		12055.27		0.96009		0.96212		0.87824		0.83796		0.93782		0.88509		0.76191
532		12056.41		0.96017		0.96188		0.87565		0.8341		0.93782		0.88293		0.75717
533		12057.67		0.96067		0.96226		0.87824		0.83796		0.93782		0.88509		0.76191
534		12059.25		0.96123		0.96302		0.87565		0.8436		0.92228		0.88119		0.75458
535		12060.83		0.96016		0.96171		0.88083		0.85167		0.92228		0.88557		0.76429
536		12062.42		0.95828		0.9593		0.88083		0.85167		0.92228		0.88557		0.76429
537		12063.99		0.95654		0.9572		0.88342		0.85238		0.92746		0.88834		0.76983
538		12065.65		0.95611		0.95637		0.88083		0.84834		0.92746		0.88614		0.76499
539		12067.31		0.95663		0.95693		0.87306		0.83645		0.92746		0.87961		0.75057
540		12068.61		0.9571		0.95731		0.87565		0.83721		0.93264		0.88235		0.75622
541		12070.62		0.95832		0.95878		0.88083		0.84834		0.92746		0.88614		0.76499
542		12071.76		0.95883		0.95946		0.87565		0.84689		0.9171		0.8806		0.75389
543		12073.13		0.95942		0.95999		0.87824		0.85096		0.9171		0.88279		0.75877
544		12074.33		0.95882		0.95917		0.88342		0.85238		0.92746		0.88834		0.76983
545		12075.68		0.9575		0.95769		0.88083		0.84834		0.92746		0.88614		0.76499
546		12077.32		0.95694		0.95694		0.87824		0.84434		0.92746		0.88395		0.76017
547		12078.9		0.95671		0.95657		0.87824		0.84434		0.92746		0.88395		0.76017
548		12080.17		0.95715		0.95712		0.87824		0.84434		0.92746		0.88395		0.76017
549		12081.31		0.9578		0.95802		0.88083		0.84507		0.93264		0.8867		0.76578
550		12082.46		0.95786		0.95819		0.87824		0.84434		0.92746		0.88395		0.76017
551		12083.68		0.95831		0.95878		0.88083		0.84834		0.92746		0.88614		0.76499
552		12085.02		0.95793		0.95819		0.88083		0.84834		0.92746		0.88614		0.76499
553		12086.66		0.95746		0.95737		0.88083		0.84186		0.93782		0.88725		0.76666
554		12088.21		0.9569		0.95619		0.87824		0.83796		0.93782		0.88509		0.76191
555		12089.73		0.95671		0.9555		0.87306		0.83028		0.93782		0.88078		0.75245
556		12091.29		0.95752		0.95634		0.88083		0.84186		0.93782		0.88725		0.76666
557		12092.76		0.95895		0.95808		0.88083		0.84834		0.92746		0.88614		0.76499
558		12094.33		0.96048		0.96016		0.88342		0.84906		0.93264		0.88889		0.77058
559		12095.86		0.9605		0.96087		0.87306		0.83333		0.93264		0.8802		0.75147
560		12097.35		0.96016		0.96112		0.87306		0.83333		0.93264		0.8802		0.75147
561		12099.02		0.95996		0.96077		0.87565		0.8341		0.93782		0.88293		0.75717
562		12100.44		0.96009		0.96061		0.87565		0.83721		0.93264		0.88235		0.75622
563		12101.55		0.95796		0.95784		0.88083		0.84507		0.93264		0.8867		0.76578
564		12102.67		0.95632		0.95627		0.87565		0.8436		0.92228		0.88119		0.75458
565		12103.91		0.95401		0.95443		0.87565		0.8436		0.92228		0.88119		0.75458
566		12105.08		0.9536		0.95435		0.87824		0.84762		0.92228		0.88337		0.75943
567		12106.21		0.95537		0.95647		0.8886		0.85714		0.93264		0.8933		0.78023
568		12107.92		0.95874		0.96017		0.88342		0.85577		0.92228		0.88778		0.76917
569		12109.56		0.96051		0.96158		0.88083		0.84834		0.92746		0.88614		0.76499
570		12111.21		0.95976		0.96023		0.87306		0.83333		0.93264		0.8802		0.75147
571		12112.88		0.95774		0.95731		0.87047		0.82648		0.93782		0.87864		0.74775
572		12114.37		0.95503		0.95391		0.87306		0.82727		0.94301		0.88136		0.75352
573		12115.76		0.95456		0.95356		0.88083		0.85854		0.91192		0.88442		0.76313
574		12117.03		0.95364		0.95289		0.88083		0.86207		0.90674		0.88384		0.76268
575		12118.38		0.95384		0.95337		0.88601		0.8599		0.92228		0.89		0.77406
576		12120.27		0.95494		0.95491		0.88083		0.84507		0.93264		0.8867		0.76578
577		12121.4		0.95671		0.95736		0.88083		0.83871		0.94301		0.8878		0.76762
578		12122.71		0.95902		0.96004		0.88342		0.84579		0.93782		0.88943		0.77142
579		12123.96		0.96139		0.96282		0.89119		0.85446		0.94301		0.89655		0.78662
580		12125.19		0.9618		0.96367		0.89378		0.85849		0.94301		0.89877		0.79141
581		12126.45		0.96048		0.96252		0.89119		0.85446		0.94301		0.89655		0.78662
582		12127.88		0.95926		0.96101		0.88601		0.84651		0.94301		0.89216		0.77709
583		12129.72		0.95907		0.96055		0.87824		0.84762		0.92228		0.88337		0.75943
584		12131.08		0.95854		0.95984		0.87824		0.84762		0.92228		0.88337		0.75943
585		12132.64		0.95863		0.95972		0.87565		0.84689		0.9171		0.8806		0.75389
586		12134.29		0.95844		0.9593		0.87824		0.84762		0.92228		0.88337		0.75943
587		12135.75		0.9586		0.95947		0.88342		0.85238		0.92746		0.88834		0.76983
588		12136.86		0.95897		0.95971		0.88083		0.84507		0.93264		0.8867		0.76578
589		12137.99		0.95852		0.95903		0.87824		0.84762		0.92228		0.88337		0.75943
590		12139.1		0.95848		0.95965		0.88342		0.85238		0.92746		0.88834		0.76983
591		12140.38		0.95841		0.95923		0.88083		0.84507		0.93264		0.8867		0.76578
592		12141.52		0.95884		0.95954		0.88083		0.84186		0.93782		0.88725		0.76666
593		12142.77		0.96048		0.96159		0.88083		0.84186		0.93782		0.88725		0.76666
594		12144.52		0.96133		0.96239		0.88342		0.84579		0.93782		0.88943		0.77142
595		12146.41		0.96017		0.96048		0.88601		0.84977		0.93782		0.89163		0.7762
596		12148.11		0.96007		0.96029		0.88083		0.84186		0.93782		0.88725		0.76666
597		12149.46		0.95938		0.95928		0.87047		0.82648		0.93782		0.87864		0.74775
598		12151.39		0.95927		0.9594		0.87306		0.83028		0.93782		0.88078		0.75245
599		12152.71		0.96028		0.9607		0.88342		0.84906		0.93264		0.88889		0.77058
600		12154.09		0.96075		0.9615		0.88342		0.85577		0.92228		0.88778		0.76917
601		12155.46		0.96032		0.96116		0.88083		0.85167		0.92228		0.88557		0.76429
602		12156.8		0.95965		0.96051		0.87306		0.83962		0.92228		0.87901		0.74976
603		12157.97		0.95852		0.95903		0.87047		0.83568		0.92228		0.87685		0.74494
604		12159.28		0.95711		0.95722		0.87047		0.83568		0.92228		0.87685		0.74494
605		12160.45		0.95718		0.95715		0.87824		0.84762		0.92228		0.88337		0.75943
606		12161.64		0.95693		0.95694		0.88083		0.85167		0.92228		0.88557		0.76429
607		12162.78		0.95725		0.95733		0.88342		0.84906		0.93264		0.88889		0.77058
608		12163.95		0.9582		0.95849		0.87824		0.84112		0.93264		0.88452		0.76099
609		12165.3		0.95909		0.95947		0.88083		0.84186		0.93782		0.88725		0.76666
610		12166.75		0.96008		0.96065		0.87565		0.83721		0.93264		0.88235		0.75622
611		12168.79		0.96115		0.96188		0.88083		0.84186		0.93782		0.88725		0.76666
612		12170.37		0.96117		0.96177		0.88083		0.84186		0.93782		0.88725		0.76666
613		12172.05		0.96106		0.96143		0.87824		0.84112		0.93264		0.88452		0.76099
614		12173.77		0.95972		0.95976		0.87824		0.84112		0.93264		0.88452		0.76099
615		12175.33		0.95832		0.95808		0.87824		0.84112		0.93264		0.88452		0.76099
616		12177.34		0.95737		0.95717		0.8886		0.85377		0.93782		0.89383		0.781
617		12178.89		0.9568		0.95606		0.8886		0.85377		0.93782		0.89383		0.781
618		12180.46		0.95766		0.95695		0.88601		0.84977		0.93782		0.89163		0.7762
619		12181.57		0.9585		0.958		0.88342		0.84579		0.93782		0.88943		0.77142
620		12182.72		0.95922		0.95895		0.88342		0.84579		0.93782		0.88943		0.77142
621		12183.87		0.95985		0.96006		0.88342		0.84579		0.93782		0.88943		0.77142
622		12185.27		0.96012		0.96053		0.8886		0.85377		0.93782		0.89383		0.781
623		12187.04		0.95913		0.95948		0.88601		0.84977		0.93782		0.89163		0.7762
624		12188.44		0.95766		0.95764		0.88601		0.85308		0.93264		0.89109		0.7754
625		12189.58		0.95651		0.95616		0.88342		0.84906		0.93264		0.88889		0.77058
626		12190.87		0.95666		0.95595		0.88601		0.85308		0.93264		0.89109		0.7754
627		12192.3		0.95647		0.95554		0.88601		0.85308		0.93264		0.89109		0.7754
628		12193.63		0.95643		0.95503		0.89119		0.85446		0.94301		0.89655		0.78662
629		12194.78		0.95643		0.9548		0.88083		0.84186		0.93782		0.88725		0.76666
630		12196.14		0.95655		0.955		0.88342		0.84579		0.93782		0.88943		0.77142
631		12197.54		0.95643		0.95525		0.88083		0.84186		0.93782		0.88725		0.76666
632		12198.88		0.95686		0.9558		0.88083		0.84186		0.93782		0.88725		0.76666
633		12200.4		0.9568		0.95589		0.88601		0.84651		0.94301		0.89216		0.77709
634		12202.05		0.95675		0.95609		0.88342		0.84579		0.93782		0.88943		0.77142
635		12203.32		0.95619		0.95599		0.88083		0.84186		0.93782		0.88725		0.76666
636		12204.95		0.95592		0.95619		0.87565		0.8341		0.93782		0.88293		0.75717
637		12206.61		0.9555		0.95599		0.87824		0.83796		0.93782		0.88509		0.76191
638		12207.94		0.95545		0.95631		0.87824		0.84434		0.92746		0.88395		0.76017
639		12209.21		0.95534		0.95615		0.87824		0.84434		0.92746		0.88395		0.76017
640		12210.8		0.95554		0.95596		0.87824		0.84434		0.92746		0.88395		0.76017
641		12212.11		0.95514		0.95548		0.87824		0.84434		0.92746		0.88395		0.76017
642		12213.78		0.95478		0.95482		0.87565		0.83721		0.93264		0.88235		0.75622
643		12215.05		0.9553		0.95509		0.87565		0.83721		0.93264		0.88235		0.75622
644		12216.52		0.95662		0.95617		0.87565		0.83721		0.93264		0.88235		0.75622
645		12218.03		0.95705		0.95655		0.88342		0.84906		0.93264		0.88889		0.77058
646		12219.49		0.95801		0.95786		0.89119		0.86124		0.93264		0.89552		0.78509
647		12221.24		0.95686		0.95679		0.8886		0.85377		0.93782		0.89383		0.781
648		12222.73		0.95647		0.95626		0.88342		0.84579		0.93782		0.88943		0.77142
649		12224.33		0.95629		0.95567		0.88342		0.84579		0.93782		0.88943		0.77142
650		12225.72		0.95733		0.95672		0.88083		0.84186		0.93782		0.88725		0.76666
651		12227.15		0.95852		0.95784		0.88083		0.84186		0.93782		0.88725		0.76666
652		12228.6		0.95879		0.95827		0.88601		0.85308		0.93264		0.89109		0.7754
653		12229.73		0.9578		0.95791		0.88342		0.84579		0.93782		0.88943		0.77142
654		12231.24		0.95766		0.95804		0.88342		0.84579		0.93782		0.88943		0.77142
655		12232.95		0.9579		0.95839		0.88342		0.84579		0.93782		0.88943		0.77142
656		12234.4		0.95926		0.95937		0.88342		0.84906		0.93264		0.88889		0.77058
657		12235.92		0.96008		0.96017		0.88601		0.84977		0.93782		0.89163		0.7762
658		12237.53		0.96		0.95995		0.88601		0.84977		0.93782		0.89163		0.7762
659		12238.69		0.95938		0.95896		0.88601		0.84651		0.94301		0.89216		0.77709
660		12239.93		0.95894		0.95847		0.88342		0.84259		0.94301		0.88998		0.77234
661		12241.34		0.95839		0.95779		0.88342		0.84579		0.93782		0.88943		0.77142
662		12242.8		0.95867		0.95825		0.88342		0.84906		0.93264		0.88889		0.77058
663		12244.11		0.9584		0.95758		0.87824		0.83486		0.94301		0.88564		0.7629
664		12245.23		0.95715		0.95544		0.88083		0.83562		0.94819		0.88835		0.76866
665		12246.53		0.95844		0.95651		0.87824		0.84112		0.93264		0.88452		0.76099
666		12247.84		0.95986		0.95791		0.88601		0.8599		0.92228		0.89		0.77406
667		12249.14		0.95903		0.95715		0.88601		0.8599		0.92228		0.89		0.77406
668		12250.42		0.95576		0.95334		0.88601		0.84977		0.93782		0.89163		0.7762
669		12252.17		0.95341		0.95087		0.87306		0.83028		0.93782		0.88078		0.75245
670		12254.07		0.95574		0.95361		0.88342		0.84579		0.93782		0.88943		0.77142
671		12255.79		0.95761		0.95636		0.8886		0.86058		0.92746		0.89277		0.77956
672		12257.59		0.95848		0.9573		0.88601		0.85646		0.92746		0.89055		0.77469
673		12259.21		0.9593		0.95817		0.87824		0.84112		0.93264		0.88452		0.76099
674		12260.75		0.95901		0.95814		0.86528		0.82488		0.92746		0.87317		0.73628
675		12262.25		0.95978		0.9592		0.87824		0.84434		0.92746		0.88395		0.76017
676		12263.71		0.95978		0.95936		0.88342		0.85577		0.92228		0.88778		0.76917
677		12265.11		0.95925		0.95916		0.88342		0.85577		0.92228		0.88778		0.76917
678		12266.34		0.95839		0.95842		0.87565		0.8436		0.92228		0.88119		0.75458
679		12267.61		0.95639		0.95639		0.87565		0.8341		0.93782		0.88293		0.75717
680		12268.74		0.95615		0.9558		0.87306		0.83333		0.93264		0.8802		0.75147
681		12269.91		0.95734		0.957		0.88083		0.84507		0.93264		0.8867		0.76578
682		12271.1		0.9578		0.95749		0.89119		0.86473		0.92746		0.895		0.78445
683		12273.17		0.95719		0.95705		0.8886		0.86058		0.92746		0.89277		0.77956
684		12274.38		0.95636		0.95617		0.8886		0.85714		0.93264		0.8933		0.78023
685		12275.53		0.95715		0.95719		0.88601		0.85308		0.93264		0.89109		0.7754
686		12276.7		0.95827		0.95806		0.88083		0.84507		0.93264		0.8867		0.76578
687		12277.86		0.9604		0.96033		0.88083		0.84507		0.93264		0.8867		0.76578
688		12279.16		0.9611		0.96112		0.88342		0.84906		0.93264		0.88889		0.77058
689		12280.86		0.96076		0.96074		0.87824		0.84434		0.92746		0.88395		0.76017
690		12282.15		0.95937		0.95936		0.88083		0.84507		0.93264		0.8867		0.76578
691		12283.76		0.95632		0.9557		0.86788		0.82569		0.93264		0.87591		0.742
692		12285.31		0.95462		0.95341		0.86788		0.82569		0.93264		0.87591		0.742
693		12286.89		0.95388		0.95239		0.88083		0.84834		0.92746		0.88614		0.76499
694		12288.23		0.95412		0.95268		0.88342		0.85577		0.92228		0.88778		0.76917
695		12289.66		0.95566		0.9545		0.88601		0.8599		0.92228		0.89		0.77406
696		12291.08		0.95758		0.95631		0.88601		0.85646		0.92746		0.89055		0.77469
697		12292.48		0.95855		0.95756		0.87047		0.82949		0.93264		0.87805		0.74673
698		12293.77		0.95957		0.9593		0.87306		0.83028		0.93782		0.88078		0.75245
699		12295.42		0.9605		0.95983		0.87565		0.8341		0.93782		0.88293		0.75717
700		12296.73		0.95984		0.95891		0.88342		0.84906		0.93264		0.88889		0.77058
701		12298.46		0.95821		0.95705		0.88601		0.84977		0.93782		0.89163		0.7762
702		12299.79		0.95679		0.95531		0.88342		0.84906		0.93264		0.88889		0.77058
703		12301.52		0.95548		0.9537		0.88342		0.84579		0.93782		0.88943		0.77142
704		12303.35		0.95463		0.9529		0.88342		0.84579		0.93782		0.88943		0.77142
705		12305.15		0.95506		0.95357		0.88342		0.84579		0.93782		0.88943		0.77142
706		12306.43		0.95658		0.95549		0.88601		0.85308		0.93264		0.89109		0.7754
707		12307.57		0.95813		0.95745		0.88342		0.84906		0.93264		0.88889		0.77058
708		12308.77		0.95804		0.95764		0.87824		0.84434		0.92746		0.88395		0.76017
709		12310.05		0.95651		0.95597		0.87306		0.83028		0.93782		0.88078		0.75245
710		12311.53		0.95491		0.95336		0.87306		0.82727		0.94301		0.88136		0.75352
711		12312.7		0.9533		0.95154		0.87306		0.83333		0.93264		0.8802		0.75147
712		12313.82		0.9519		0.94947		0.87565		0.83721		0.93264		0.88235		0.75622
713		12315.04		0.95209		0.94945		0.88083		0.84507		0.93264		0.8867		0.76578
714		12316.33		0.95329		0.95096		0.88601		0.85308		0.93264		0.89109		0.7754
715		12317.48		0.95507		0.95346		0.88083		0.84507		0.93264		0.8867		0.76578
716		12318.99		0.95867		0.95832		0.88342		0.84906		0.93264		0.88889		0.77058
717		12320.49		0.96138		0.96176		0.88601		0.85308		0.93264		0.89109		0.7754
718		12322.54		0.96279		0.96334		0.8886		0.85714		0.93264		0.8933		0.78023
719		12324.03		0.96282		0.96337		0.8886		0.85714		0.93264		0.8933		0.78023
720		12325.75		0.9617		0.96202		0.8886		0.85377		0.93782		0.89383		0.781
721		12327.35		0.95974		0.95968		0.8886		0.85377		0.93782		0.89383		0.781
722		12329.01		0.95792		0.95759		0.88601		0.85308		0.93264		0.89109		0.7754
723		12330.34		0.9557		0.95461		0.88342		0.84906		0.93264		0.88889		0.77058
724		12332.16		0.95404		0.95211		0.88342		0.85238		0.92746		0.88834		0.76983
725		12333.72		0.95334		0.95123		0.88601		0.85646		0.92746		0.89055		0.77469
726		12334.96		0.95407		0.95202		0.8886		0.85714		0.93264		0.8933		0.78023
727		12336.24		0.95549		0.95379		0.8886		0.85714		0.93264		0.8933		0.78023
728		12337.66		0.95684		0.95534		0.8886		0.85714		0.93264		0.8933		0.78023
729		12339.3		0.95722		0.95585		0.88083		0.84186		0.93782		0.88725		0.76666
730		12340.93		0.95737		0.95595		0.87824		0.83796		0.93782		0.88509		0.76191
731		12342.51		0.95718		0.95586		0.87306		0.82727		0.94301		0.88136		0.75352
732		12343.74		0.95695		0.95567		0.87565		0.83105		0.94301		0.8835		0.75821
733		12344.89		0.9569		0.95575		0.88342		0.84259		0.94301		0.88998		0.77234
734		12346.14		0.95694		0.95569		0.88342		0.85238		0.92746		0.88834		0.76983
735		12347.44		0.95686		0.95551		0.88083		0.85167		0.92228		0.88557		0.76429
736		12348.75		0.95619		0.95449		0.87824		0.84762		0.92228		0.88337		0.75943
737		12350.16		0.95509		0.95345		0.88083		0.84186		0.93782		0.88725		0.76666
738		12351.69		0.95491		0.95337		0.87824		0.83796		0.93782		0.88509		0.76191
739		12353.12		0.95574		0.95447		0.87565		0.8341		0.93782		0.88293		0.75717
740		12354.92		0.95646		0.95543		0.87824		0.83796		0.93782		0.88509		0.76191
741		12356.27		0.95749		0.95691		0.87824		0.83796		0.93782		0.88509		0.76191
742		12357.79		0.95786		0.95764		0.88083		0.84186		0.93782		0.88725		0.76666
743		12359.3		0.958		0.95796		0.88601		0.85308		0.93264		0.89109		0.7754
744		12360.82		0.95727		0.95706		0.87565		0.83721		0.93264		0.88235		0.75622
745		12362.13		0.95619		0.95584		0.87565		0.83721		0.93264		0.88235		0.75622
746		12363.34		0.95573		0.95499		0.87306		0.83645		0.92746		0.87961		0.75057
747		12364.52		0.95586		0.95459		0.87565		0.84038		0.92746		0.88177		0.75536
748		12365.7		0.956		0.95413		0.88083		0.84834		0.92746		0.88614		0.76499
749		12367.14		0.95599		0.95398		0.88083		0.84507		0.93264		0.8867		0.76578
750		12368.42		0.95541		0.95351		0.87824		0.83796		0.93782		0.88509		0.76191
751		12369.63		0.95502		0.95305		0.88342		0.84259		0.94301		0.88998		0.77234
752		12370.8		0.95487		0.95323		0.87565		0.83105		0.94301		0.8835		0.75821
753		12372.36		0.95454		0.9538		0.87565		0.83105		0.94301		0.8835		0.75821
754		12373.53		0.95584		0.95599		0.87306		0.83645		0.92746		0.87961		0.75057
755		12375.04		0.95699		0.9568		0.88342		0.85238		0.92746		0.88834		0.76983
756		12376.78		0.95688		0.95663		0.88601		0.85646		0.92746		0.89055		0.77469
757		12378.27		0.95523		0.95457		0.88083		0.84507		0.93264		0.8867		0.76578
758		12379.9		0.95475		0.95392		0.87306		0.83028		0.93782		0.88078		0.75245
759		12381.42		0.95742		0.9568		0.89119		0.85446		0.94301		0.89655		0.78662
760		12383.08		0.95925		0.95823		0.88601		0.84977		0.93782		0.89163		0.7762
761		12384.67		0.95905		0.95849		0.88342		0.84579		0.93782		0.88943		0.77142
762		12385.99		0.95765		0.95729		0.88083		0.84186		0.93782		0.88725		0.76666
763		12387.56		0.95538		0.95528		0.87824		0.83796		0.93782		0.88509		0.76191
764		12389.18		0.95162		0.95132		0.87824		0.84112		0.93264		0.88452		0.76099
765		12390.71		0.94957		0.94912		0.88342		0.84579		0.93782		0.88943		0.77142
766		12392.08		0.94982		0.94945		0.88342		0.84579		0.93782		0.88943		0.77142
767		12393.38		0.95295		0.95244		0.88083		0.84507		0.93264		0.8867		0.76578
768		12394.51		0.95617		0.95557		0.87824		0.84112		0.93264		0.88452		0.76099
769		12395.7		0.95867		0.95838		0.87047		0.82353		0.94301		0.87923		0.74886
770		12397.84		0.96013		0.95992		0.87047		0.82353		0.94301		0.87923		0.74886
771		12399.64		0.96007		0.96003		0.87047		0.82353		0.94301		0.87923		0.74886
772		12400.84		0.95748		0.95736		0.88083		0.84186		0.93782		0.88725		0.76666
773		12402.06		0.95251		0.9526		0.87306		0.83962		0.92228		0.87901		0.74976
774		12403.2		0.9487		0.94864		0.87824		0.85437		0.91192		0.88221		0.7582
775		12404.5		0.95133		0.95063		0.88601		0.86341		0.9171		0.88945		0.77352
776		12406.07		0.95573		0.95511		0.88601		0.8599		0.92228		0.89		0.77406
777		12408.01		0.95799		0.95715		0.87824		0.83796		0.93782		0.88509		0.76191
778		12409.16		0.95786		0.95622		0.87306		0.82143		0.95337		0.88249		0.75593
779		12410.31		0.95545		0.95314		0.87565		0.83105		0.94301		0.8835		0.75821
780		12411.88		0.95509		0.95345		0.88601		0.85646		0.92746		0.89055		0.77469
781		12413.39		0.95552		0.95534		0.88601		0.867		0.91192		0.88889		0.77306
782		12414.99		0.95482		0.95528		0.88342		0.85577		0.92228		0.88778		0.76917
783		12416.13		0.95266		0.95295		0.87565		0.83721		0.93264		0.88235		0.75622
784		12417.58		0.95553		0.95587		0.88342		0.84259		0.94301		0.88998		0.77234
785		12419.06		0.9575		0.95801		0.88601		0.84651		0.94301		0.89216		0.77709
786		12420.64		0.95811		0.95859		0.88601		0.84332		0.94819		0.89268		0.77806
787		12422.12		0.95839		0.95853		0.88601		0.84332		0.94819		0.89268		0.77806
788		12423.53		0.95868		0.95876		0.8886		0.84722		0.94819		0.89487		0.78278
789		12424.73		0.95878		0.95894		0.8886		0.85047		0.94301		0.89435		0.78184
790		12425.87		0.95886		0.95909		0.88601		0.84977		0.93782		0.89163		0.7762
791		12427.01		0.95949		0.95952		0.88342		0.84579		0.93782		0.88943		0.77142
792		12428.26		0.96005		0.96008		0.88083		0.84186		0.93782		0.88725		0.76666
793		12429.44		0.95923		0.95887		0.88083		0.84186		0.93782		0.88725		0.76666
794		12430.86		0.95854		0.95786		0.88083		0.84186		0.93782		0.88725		0.76666
795		12432.45		0.95847		0.95719		0.88342		0.84579		0.93782		0.88943		0.77142
796		12434.01		0.95863		0.95736		0.88601		0.84977		0.93782		0.89163		0.7762
797		12435.2		0.95828		0.95676		0.88601		0.85646		0.92746		0.89055		0.77469
798		12436.41		0.95801		0.95672		0.88601		0.85308		0.93264		0.89109		0.7754
799		12437.68		0.95807		0.95737		0.88083		0.84507		0.93264		0.8867		0.76578
800		12438.84		0.95762		0.95717		0.88083		0.84186		0.93782		0.88725		0.76666
801		12440.39		0.95866		0.95876		0.88601		0.85308		0.93264		0.89109		0.7754
802		12441.73		0.95957		0.96015		0.89119		0.86124		0.93264		0.89552		0.78509
803		12442.95		0.95655		0.95718		0.88601		0.84977		0.93782		0.89163		0.7762
804		12444.09		0.9551		0.95593		0.88342		0.84259		0.94301		0.88998		0.77234
805		12445.54		0.95624		0.95686		0.89119		0.85782		0.93782		0.89604		0.78581
806		12446.98		0.95739		0.95758		0.89378		0.8619		0.93782		0.89826		0.79064
807		12448.62		0.95765		0.95758		0.88601		0.85646		0.92746		0.89055		0.77469
808		12450.4		0.95641		0.95541		0.88342		0.84906		0.93264		0.88889		0.77058
809		12452.0		0.95515		0.95377		0.88601		0.84651		0.94301		0.89216		0.77709
810		12453.99		0.95478		0.9531		0.88342		0.84579		0.93782		0.88943		0.77142
811		12455.58		0.95605		0.95456		0.88601		0.85646		0.92746		0.89055		0.77469
812		12457.37		0.95723		0.95608		0.88601		0.85646		0.92746		0.89055		0.77469
813		12458.96		0.95737		0.95648		0.88601		0.85646		0.92746		0.89055		0.77469
814		12460.79		0.95691		0.9562		0.88342		0.85238		0.92746		0.88834		0.76983
815		12462.09		0.95554		0.95476		0.88342		0.84579		0.93782		0.88943		0.77142
816		12463.33		0.9557		0.95495		0.88601		0.84332		0.94819		0.89268		0.77806
817		12464.59		0.95646		0.95534		0.88601		0.84651		0.94301		0.89216		0.77709
818		12465.82		0.95785		0.95596		0.88601		0.84977		0.93782		0.89163		0.7762
819		12467.96		0.95812		0.95602		0.8886		0.85377		0.93782		0.89383		0.781
820		12469.31		0.95761		0.95525		0.8886		0.85047		0.94301		0.89435		0.78184
821		12470.91		0.95468		0.95201		0.88342		0.84259		0.94301		0.88998		0.77234
822		12472.01		0.95263		0.94961		0.88083		0.84186		0.93782		0.88725		0.76666
823		12473.47		0.95403		0.95189		0.87565		0.84038		0.92746		0.88177		0.75536
824		12474.65		0.95471		0.9534		0.88342		0.85238		0.92746		0.88834		0.76983
825		12475.82		0.95452		0.95344		0.87565		0.83721		0.93264		0.88235		0.75622
826		12477.0		0.95448		0.95418		0.87306		0.83333		0.93264		0.8802		0.75147
827		12478.2		0.95691		0.95671		0.88083		0.84507		0.93264		0.8867		0.76578
828		12479.69		0.95844		0.95821		0.88601		0.85646		0.92746		0.89055		0.77469
829		12480.85		0.95817		0.95771		0.89119		0.85446		0.94301		0.89655		0.78662
830		12482.04		0.95632		0.95489		0.88083		0.83871		0.94301		0.8878		0.76762
831		12484.01		0.95475		0.95286		0.87824		0.83486		0.94301		0.88564		0.7629
832		12485.64		0.95429		0.9524		0.88083		0.84186		0.93782		0.88725		0.76666
833		12487.23		0.95459		0.95264		0.88601		0.84977		0.93782		0.89163		0.7762
834		12488.78		0.95464		0.95304		0.88601		0.84977		0.93782		0.89163		0.7762
835		12490.59		0.95429		0.95291		0.88601		0.84977		0.93782		0.89163		0.7762
836		12492.27		0.95325		0.95121		0.88342		0.84579		0.93782		0.88943		0.77142
837		12493.92		0.95199		0.94995		0.88342		0.83945		0.94819		0.89051		0.77335
838		12495.43		0.9536		0.95172		0.88083		0.84507		0.93264		0.8867		0.76578
839		12496.91		0.9558		0.95406		0.88342		0.85238		0.92746		0.88834		0.76983
840		12498.36		0.95705		0.95545		0.88342		0.85577		0.92228		0.88778		0.76917
841		12499.71		0.95658		0.95508		0.88601		0.84977		0.93782		0.89163		0.7762
842		12500.9		0.95658		0.9554		0.8886		0.85047		0.94301		0.89435		0.78184
843		12502.04		0.95749		0.95676		0.8886		0.85047		0.94301		0.89435		0.78184
844		12503.27		0.95819		0.95819		0.89119		0.85446		0.94301		0.89655		0.78662
845		12504.59		0.9589		0.95921		0.8886		0.85377		0.93782		0.89383		0.781
846		12505.97		0.95874		0.95886		0.8886		0.85377		0.93782		0.89383		0.781
847		12507.18		0.95819		0.95803		0.88601		0.84977		0.93782		0.89163		0.7762
848		12508.54		0.95733		0.95667		0.8886		0.85047		0.94301		0.89435		0.78184
849		12509.77		0.95687		0.95587		0.8886		0.85047		0.94301		0.89435		0.78184
850		12511.13		0.95674		0.95563		0.88601		0.84977		0.93782		0.89163		0.7762
851		12513.21		0.95664		0.95534		0.88342		0.84906		0.93264		0.88889		0.77058
852		12514.75		0.95686		0.95536		0.88342		0.84906		0.93264		0.88889		0.77058
853		12516.65		0.95656		0.95473		0.88083		0.84834		0.92746		0.88614		0.76499
854		12518.5		0.95619		0.95395		0.88342		0.84579		0.93782		0.88943		0.77142
855		12520.0		0.95667		0.95425		0.88083		0.84186		0.93782		0.88725		0.76666
856		12521.22		0.95641		0.95398		0.87824		0.84112		0.93264		0.88452		0.76099
857		12522.38		0.95596		0.95347		0.88342		0.84259		0.94301		0.88998		0.77234
858		12523.67		0.95562		0.95309		0.88342		0.84259		0.94301		0.88998		0.77234
859		12524.87		0.9556		0.9532		0.8886		0.85047		0.94301		0.89435		0.78184
860		12526.32		0.95534		0.953		0.89119		0.85446		0.94301		0.89655		0.78662
861		12527.91		0.95549		0.95351		0.89119		0.85446		0.94301		0.89655		0.78662
862		12529.5		0.95558		0.95374		0.89119		0.85782		0.93782		0.89604		0.78581
863		12531.0		0.95542		0.95361		0.8886		0.85714		0.93264		0.8933		0.78023
864		12532.5		0.95522		0.9534		0.88601		0.85308		0.93264		0.89109		0.7754
865		12533.99		0.95471		0.95289		0.88342		0.84906		0.93264		0.88889		0.77058
866		12535.61		0.95503		0.95315		0.88083		0.84186		0.93782		0.88725		0.76666
867		12537.2		0.95592		0.95408		0.88342		0.84579		0.93782		0.88943		0.77142
868		12539.05		0.95735		0.95574		0.88083		0.84507		0.93264		0.8867		0.76578
869		12540.25		0.95796		0.9561		0.88083		0.84507		0.93264		0.8867		0.76578
870		12541.41		0.95766		0.95574		0.88083		0.84186		0.93782		0.88725		0.76666
871		12542.72		0.95726		0.95569		0.87565		0.83105		0.94301		0.8835		0.75821
872		12543.82		0.95722		0.95556		0.87565		0.8341		0.93782		0.88293		0.75717
873		12544.98		0.9579		0.95632		0.88083		0.84186		0.93782		0.88725		0.76666
874		12546.53		0.95832		0.95675		0.88083		0.85167		0.92228		0.88557		0.76429
875		12548.37		0.95789		0.95631		0.88342		0.85238		0.92746		0.88834		0.76983
876		12549.76		0.95629		0.95475		0.88342		0.84259		0.94301		0.88998		0.77234
877		12550.99		0.95507		0.95344		0.88342		0.84259		0.94301		0.88998		0.77234
878		12552.16		0.95443		0.95304		0.88342		0.84259		0.94301		0.88998		0.77234
879		12553.33		0.95491		0.95375		0.88342		0.84906		0.93264		0.88889		0.77058
880		12554.89		0.95523		0.95428		0.87824		0.84762		0.92228		0.88337		0.75943
881		12556.68		0.95586		0.95479		0.88083		0.84834		0.92746		0.88614		0.76499
882		12558.2		0.95521		0.95408		0.88083		0.83871		0.94301		0.8878		0.76762
883		12559.42		0.95415		0.95298		0.88342		0.83945		0.94819		0.89051		0.77335
884		12560.79		0.95676		0.95561		0.89119		0.85782		0.93782		0.89604		0.78581
885		12562.16		0.95805		0.95675		0.89378		0.86538		0.93264		0.89776		0.78995
886		12563.84		0.95796		0.95671		0.88601		0.84977		0.93782		0.89163		0.7762
887		12565.43		0.95624		0.95528		0.87306		0.82727		0.94301		0.88136		0.75352
888		12566.8		0.95617		0.95535		0.87306		0.82432		0.94819		0.88193		0.75468
889		12568.56		0.95835		0.95753		0.89119		0.85446		0.94301		0.89655		0.78662
890		12570.08		0.95893		0.958		0.89637		0.86957		0.93264		0.9		0.79484
891		12571.64		0.95413		0.95252		0.88342		0.84259		0.94301		0.88998		0.77234
892		12572.87		0.94943		0.94685		0.87306		0.82727		0.94301		0.88136		0.75352
893		12574.4		0.95758		0.95665		0.89637		0.88442		0.91192		0.89796		0.79313
894		12576.15		0.92055		0.90801		0.77461		0.6963		0.97409		0.8121		0.59896
895		12577.63		0.94279		0.94535		0.85751		0.93671		0.76684		0.8433		0.72708
896		12579.11		0.90813		0.89323		0.54404		0.52304		1.0		0.68683		0.21464
897		12580.5		0.91415		0.91841		0.80052		0.77103		0.85492		0.81081		0.60463
898		12581.95		0.91444		0.91797		0.76943		0.90625		0.60104		0.72274		0.57229
899		12583.29		0.93012		0.93359		0.8342		0.84127		0.82383		0.83246		0.66854
900		12584.45		0.93353		0.93362		0.74611		0.66551		0.98964		0.79583		0.56359
901		12585.68		0.93041		0.92639		0.71762		0.64		0.99482		0.7789		0.52296
902		12586.99		0.9259		0.92113		0.81865		0.74502		0.96891		0.84234		0.66819
903		12588.18		0.90953		0.90242		0.80052		0.84524		0.73575		0.7867		0.60614
904		12589.47		0.90432		0.89557		0.7487		0.8871		0.56995		0.69401		0.53261
905		12591.09		0.91057		0.90348		0.7513		0.87597		0.58549		0.70186		0.53273
906		12592.44		0.92193		0.91932		0.8057		0.85976		0.73057		0.78992		0.61842
907		12594.25		0.92821		0.92914		0.85233		0.85052		0.85492		0.85271		0.70467
908		12596.08		0.92679		0.93009		0.82642		0.78636		0.89637		0.83777		0.65933
909		12597.69		0.92241		0.92708		0.82124		0.76724		0.92228		0.83765		0.65602
910		12599.44		0.91825		0.92324		0.8057		0.75652		0.90155		0.8227		0.62295
911		12600.86		0.91506		0.92088		0.79793		0.75109		0.89119		0.81517		0.6065
912		12602.03		0.91237		0.91884		0.79534		0.75676		0.87047		0.80964		0.59746
913		12603.21		0.91133		0.91836		0.81088		0.78302		0.8601		0.81975		0.6248
914		12604.49		0.9109		0.91802		0.82642		0.80288		0.86528		0.83292		0.65483
915		12605.97		0.91237		0.91943		0.81865		0.80597		0.83938		0.82234		0.63785
916		12607.38		0.91508		0.92184		0.81606		0.80198		0.83938		0.82025		0.63281
917		12609.13		0.91984		0.92614		0.83161		0.80476		0.87565		0.83871		0.6658
918		12610.83		0.92494		0.93026		0.8342		0.80282		0.88601		0.84236		0.67201
919		12612.41		0.92878		0.93327		0.83161		0.79358		0.89637		0.84185		0.66885
920		12614.18		0.93033		0.93393		0.84197		0.79464		0.92228		0.85372		0.69293
921		12615.95		0.92996		0.93274		0.84456		0.79556		0.92746		0.85646		0.69879
922		12617.3		0.93119		0.93348		0.84715		0.79911		0.92746		0.85851		0.70343
923		12618.54		0.93262		0.93471		0.8601		0.82028		0.92228		0.86829		0.72584
924		12619.94		0.93444		0.93688		0.86788		0.83491		0.9171		0.87407		0.73934
925		12621.11		0.93675		0.93932		0.86788		0.85859		0.88083		0.86957		0.736
926		12622.33		0.93882		0.94111		0.86528		0.85075		0.88601		0.86802		0.7312
927		12623.49		0.94032		0.94243		0.8601		0.84577		0.88083		0.86294		0.72083
928		12625.0		0.93973		0.94115		0.86528		0.84058		0.90155		0.87		0.7325
929		12626.64		0.94019		0.94127		0.86269		0.83333		0.90674		0.86849		0.72822
930		12628.23		0.94086		0.94174		0.86269		0.83333		0.90674		0.86849		0.72822
931		12630.01		0.94241		0.94332		0.87306		0.84951		0.90674		0.87719		0.74781
932		12631.51		0.9433		0.9437		0.87306		0.86364		0.88601		0.87468		0.74636
933		12632.79		0.94392		0.94415		0.87565		0.87179		0.88083		0.87629		0.75134
934		12634.03		0.94384		0.94391		0.87565		0.87179		0.88083		0.87629		0.75134
935		12635.2		0.94258		0.94246		0.86788		0.85859		0.88083		0.86957		0.736
936		12636.44		0.94258		0.9423		0.86528		0.8439		0.89637		0.86935		0.73199
937		12637.73		0.94212		0.9424		0.86269		0.83333		0.90674		0.86849		0.72822
938		12639.22		0.9419		0.94241		0.86269		0.83654		0.90155		0.86783		0.72759
939		12640.65		0.94166		0.94237		0.87047		0.85572		0.89119		0.8731		0.74157
940		12641.81		0.9426		0.94333		0.87306		0.86364		0.88601		0.87468		0.74636
941		12643.24		0.94397		0.94423		0.86788		0.85859		0.88083		0.86957		0.736
942		12644.78		0.94539		0.9452		0.86788		0.85149		0.89119		0.87089		0.73655
943		12646.27		0.94639		0.9459		0.87306		0.84951		0.90674		0.87719		0.74781
944		12647.8		0.94741		0.94687		0.88083		0.85854		0.91192		0.88442		0.76313
945		12649.59		0.94811		0.94762		0.88083		0.86207		0.90674		0.88384		0.76268
946		12651.24		0.94714		0.94695		0.88083		0.86935		0.89637		0.88265		0.76203
947		12652.4		0.9465		0.94656		0.88083		0.86935		0.89637		0.88265		0.76203
948		12653.53		0.9466		0.94673		0.88342		0.86634		0.90674		0.88608		0.76767
949		12655.06		0.948		0.94802		0.8886		0.86058		0.92746		0.89277		0.77956
950		12656.62		0.94813		0.94843		0.88342		0.86275		0.91192		0.88665		0.76809
951		12658.33		0.94897		0.94943		0.8886		0.875		0.90674		0.89059		0.77771
952		12659.87		0.94966		0.95043		0.89378		0.86893		0.92746		0.89724		0.78936
953		12661.31		0.94982		0.95096		0.88601		0.8599		0.92228		0.89		0.77406
954		12663.08		0.94982		0.95089		0.88342		0.85577		0.92228		0.88778		0.76917
955		12664.49		0.94985		0.951		0.88083		0.85507		0.9171		0.885		0.76367
956		12665.68		0.94993		0.95141		0.88601		0.85646		0.92746		0.89055		0.77469
957		12666.88		0.94878		0.95022		0.88083		0.85167		0.92228		0.88557		0.76429
958		12668.0		0.94819		0.94997		0.87824		0.84112		0.93264		0.88452		0.76099
959		12669.35		0.94856		0.95058		0.88342		0.86634		0.90674		0.88608		0.76767
960		12670.7		0.95017		0.95227		0.88083		0.84507		0.93264		0.8867		0.76578
961		12671.86		0.95251		0.95416		0.8886		0.85047		0.94301		0.89435		0.78184
962		12673.04		0.95404		0.95562		0.90415		0.88614		0.92746		0.90633		0.80917
963		12674.69		0.95458		0.95669		0.8886		0.86058		0.92746		0.89277		0.77956
964		12676.17		0.95433		0.95666		0.88083		0.83871		0.94301		0.8878		0.76762
965		12677.87		0.9549		0.95695		0.90155		0.88557		0.92228		0.90355		0.8038
966		12679.3		0.95538		0.95736		0.87824		0.83486		0.94301		0.88564		0.7629
967		12680.55		0.95595		0.95802		0.88342		0.84906		0.93264		0.88889		0.77058
968		12682.07		0.95731		0.95964		0.8886		0.86058		0.92746		0.89277		0.77956
969		12683.64		0.95772		0.95997		0.88342		0.84579		0.93782		0.88943		0.77142
970		12684.98		0.95705		0.95927		0.87824		0.83796		0.93782		0.88509		0.76191
971		12686.47		0.95774		0.95976		0.90155		0.8934		0.91192		0.90256		0.80328
972		12687.98		0.95858		0.96039		0.89637		0.86603		0.93782		0.9005		0.79548
973		12689.43		0.9578		0.95975		0.86269		0.80973		0.94819		0.87351		0.73623
974		12690.68		0.95941		0.96112		0.89119		0.86473		0.92746		0.895		0.78445
975		12691.94		0.95919		0.96064		0.89896		0.88119		0.92228		0.90127		0.7988
976		12693.52		0.9571		0.95829		0.86788		0.82569		0.93264		0.87591		0.742
977		12694.91		0.95595		0.95744		0.87306		0.83333		0.93264		0.8802		0.75147
978		12696.46		0.95691		0.95885		0.89896		0.88119		0.92228		0.90127		0.7988
979		12697.8		0.95772		0.96001		0.8886		0.87129		0.91192		0.89114		0.77805
980		12699.27		0.95804		0.96045		0.88342		0.85238		0.92746		0.88834		0.76983
981		12701.32		0.95965		0.96166		0.88601		0.85308		0.93264		0.89109		0.7754
982		12702.65		0.96114		0.96247		0.89378		0.86538		0.93264		0.89776		0.78995
983		12704.03		0.96035		0.96158		0.88601		0.85646		0.92746		0.89055		0.77469
984		12705.42		0.95906		0.96041		0.88083		0.84507		0.93264		0.8867		0.76578
985		12706.76		0.95799		0.95962		0.87824		0.84112		0.93264		0.88452		0.76099
986		12708.05		0.95766		0.95982		0.87824		0.84434		0.92746		0.88395		0.76017
987		12709.25		0.95745		0.96008		0.88601		0.85646		0.92746		0.89055		0.77469
988		12710.6		0.95741		0.96017		0.88083		0.84834		0.92746		0.88614		0.76499
989		12712.12		0.95739		0.96042		0.87565		0.83721		0.93264		0.88235		0.75622
990		12713.8		0.95949		0.9621		0.87306		0.83333		0.93264		0.8802		0.75147
991		12715.16		0.96091		0.96318		0.8886		0.85714		0.93264		0.8933		0.78023
992		12716.52		0.96242		0.96458		0.8886		0.85714		0.93264		0.8933		0.78023
993		12717.87		0.96244		0.96464		0.8886		0.85714		0.93264		0.8933		0.78023
994		12719.44		0.96219		0.96451		0.88601		0.85308		0.93264		0.89109		0.7754
995		12721.3		0.96148		0.96378		0.8886		0.85377		0.93782		0.89383		0.781
996		12722.54		0.96134		0.96359		0.8886		0.85714		0.93264		0.8933		0.78023
997		12723.78		0.96032		0.96274		0.88342		0.85577		0.92228		0.88778		0.76917
998		12725.42		0.95949		0.96194		0.88083		0.85167		0.92228		0.88557		0.76429
999		12727.11		0.95874		0.96119		0.87306		0.83645		0.92746		0.87961		0.75057
1000		12728.52		0.95825		0.96056		0.87047		0.83256		0.92746		0.87745		0.74579
fold: 9
Epoch		Time		AUC		AUPR		Accuracy		Precision		Recall		F1-score		Mcc
1		12735.02		0.80314		0.78829		0.6943		0.8		0.51813		0.62893		0.41523
AUC improved at epoch  1 ;	best_auc: 0.8031356546484469
2		12740.32		0.8062		0.79401		0.67876		0.81081		0.46632		0.59211		0.39493
AUC improved at epoch  2 ;	best_auc: 0.8061961394936777
3		12745.3		0.8051		0.78904		0.70725		0.80769		0.54404		0.65015		0.43853
4		12746.51		0.80335		0.7835		0.73057		0.7764		0.64767		0.70621		0.46761
5		12747.8		0.80042		0.77862		0.72539		0.74576		0.68394		0.71351		0.45233
6		12749.1		0.79914		0.77989		0.72021		0.73224		0.6943		0.71277		0.44101
7		12750.76		0.79825		0.77955		0.72539		0.74857		0.67876		0.71196		0.45275
8		12752.43		0.79659		0.7787		0.72539		0.74033		0.6943		0.71658		0.45165
9		12753.68		0.79586		0.77827		0.70984		0.70984		0.70984		0.70984		0.41969
10		12754.8		0.79591		0.77959		0.70984		0.71204		0.70466		0.70833		0.41971
11		12756.0		0.79675		0.7835		0.70725		0.70408		0.71503		0.70951		0.41456
12		12757.12		0.79854		0.78961		0.72021		0.72973		0.69948		0.71429		0.44079
13		12758.24		0.80241		0.79645		0.70207		0.69307		0.72539		0.70886		0.40459
14		12759.49		0.80748		0.8046		0.70725		0.68692		0.76166		0.72236		0.41698
AUC improved at epoch  14 ;	best_auc: 0.8074847646916695
15		12760.63		0.81463		0.81439		0.73057		0.73545		0.72021		0.72775		0.46124
AUC improved at epoch  15 ;	best_auc: 0.8146258959972079
16		12762.06		0.82362		0.82356		0.7487		0.76087		0.72539		0.74271		0.49795
AUC improved at epoch  16 ;	best_auc: 0.8236194260248597
17		12763.67		0.83017		0.8273		0.75389		0.73333		0.79793		0.76427		0.50975
AUC improved at epoch  17 ;	best_auc: 0.8301699374479851
18		12765.33		0.83535		0.83166		0.75907		0.75		0.7772		0.76336		0.51848
AUC improved at epoch  18 ;	best_auc: 0.8353512845982441
19		12767.08		0.83683		0.8323		0.75907		0.76316		0.7513		0.75718		0.5182
AUC improved at epoch  19 ;	best_auc: 0.8368278343042767
20		12769.03		0.8371		0.8321		0.7513		0.72146		0.81865		0.76699		0.50721
AUC improved at epoch  20 ;	best_auc: 0.8370962978871916
21		12770.6		0.83648		0.83182		0.74611		0.71889		0.80829		0.76098		0.49608
22		12772.11		0.83463		0.83014		0.7487		0.7243		0.80311		0.76167		0.50038
23		12773.76		0.83704		0.83171		0.73575		0.68571		0.87047		0.76712		0.48961
24		12775.26		0.83543		0.83153		0.7513		0.72558		0.80829		0.76471		0.50589
25		12776.76		0.83739		0.83282		0.75389		0.72685		0.81347		0.76773		0.51142
AUC improved at epoch  25 ;	best_auc: 0.837391607828398
26		12778.54		0.8401		0.83389		0.74352		0.69106		0.88083		0.77449		0.50652
AUC improved at epoch  26 ;	best_auc: 0.8401030900158395
27		12780.16		0.84182		0.83578		0.75389		0.71121		0.85492		0.77647		0.51847
AUC improved at epoch  27 ;	best_auc: 0.8418212569464952
28		12781.29		0.84241		0.83734		0.74611		0.73399		0.77202		0.75253		0.49289
AUC improved at epoch  28 ;	best_auc: 0.8424118768289083
29		12782.42		0.84432		0.83849		0.75389		0.73333		0.79793		0.76427		0.50975
AUC improved at epoch  29 ;	best_auc: 0.8443179682676045
30		12783.53		0.84555		0.83852		0.7513		0.70996		0.84974		0.77358		0.51263
AUC improved at epoch  30 ;	best_auc: 0.8455529007490133
31		12784.73		0.84598		0.83872		0.7487		0.71239		0.8342		0.7685		0.50484
AUC improved at epoch  31 ;	best_auc: 0.8459824424816775
32		12786.04		0.8459		0.83886		0.76425		0.74757		0.79793		0.77193		0.5297
33		12788.01		0.84706		0.83951		0.75907		0.74752		0.78238		0.76456		0.5187
AUC improved at epoch  33 ;	best_auc: 0.8470562968133373
34		12789.31		0.84716		0.83836		0.75907		0.72523		0.8342		0.7759		0.52408
AUC improved at epoch  34 ;	best_auc: 0.8471636822465033
35		12790.54		0.84794		0.838		0.7513		0.71556		0.8342		0.77033		0.50964
AUC improved at epoch  35 ;	best_auc: 0.8479422266369567
36		12792.0		0.84805		0.83822		0.76166		0.73934		0.80829		0.77228		0.52561
AUC improved at epoch  36 ;	best_auc: 0.8480496120701226
37		12793.25		0.84802		0.83823		0.76166		0.73934		0.80829		0.77228		0.52561
38		12794.53		0.84939		0.83906		0.75389		0.71875		0.8342		0.77218		0.51445
AUC improved at epoch  38 ;	best_auc: 0.8493919299846976
39		12795.85		0.85014		0.83951		0.75389		0.72072		0.82902		0.77108		0.5136
AUC improved at epoch  39 ;	best_auc: 0.8501436280168596
40		12797.11		0.85098		0.84068		0.76425		0.74057		0.81347		0.77531		0.53108
AUC improved at epoch  40 ;	best_auc: 0.8509758651238959
41		12798.59		0.85291		0.84193		0.76684		0.74408		0.81347		0.77723		0.53602
AUC improved at epoch  41 ;	best_auc: 0.8529088029208838
42		12799.77		0.8549		0.8451		0.75907		0.72727		0.82902		0.77482		0.52328
AUC improved at epoch  42 ;	best_auc: 0.8548954334344547
43		12801.28		0.85567		0.84652		0.77202		0.73333		0.85492		0.78947		0.55168
AUC improved at epoch  43 ;	best_auc: 0.8556739778249081
44		12802.77		0.85621		0.84707		0.76943		0.75		0.80829		0.77805		0.54049
AUC improved at epoch  44 ;	best_auc: 0.856210904990738
45		12804.44		0.85696		0.84738		0.76166		0.73488		0.81865		0.77451		0.52675
AUC improved at epoch  45 ;	best_auc: 0.8569626030229
46		12805.87		0.85696		0.84653		0.76684		0.73516		0.8342		0.78155		0.53859
47		12807.25		0.85672		0.84533		0.76943		0.73636		0.83938		0.7845		0.54421
48		12808.6		0.85613		0.84347		0.76166		0.73488		0.81865		0.77451		0.52675
49		12810.02		0.8568		0.84417		0.76684		0.73733		0.82902		0.78049		0.53785
50		12811.31		0.85793		0.84469		0.76943		0.73636		0.83938		0.7845		0.54421
AUC improved at epoch  50 ;	best_auc: 0.8579290719213939
51		12812.75		0.85876		0.84651		0.76943		0.73636		0.83938		0.7845		0.54421
AUC improved at epoch  51 ;	best_auc: 0.8587613090284303
52		12814.26		0.85981		0.84814		0.76943		0.73423		0.84456		0.78554		0.54505
AUC improved at epoch  52 ;	best_auc: 0.8598083170017986
53		12815.77		0.86053		0.84969		0.76166		0.73059		0.82902		0.7767		0.52813
AUC improved at epoch  53 ;	best_auc: 0.8605331686756692
54		12817.1		0.86145		0.85199		0.76943		0.73423		0.84456		0.78554		0.54505
AUC improved at epoch  54 ;	best_auc: 0.8614459448575801
55		12818.42		0.86077		0.85243		0.76943		0.73853		0.8342		0.78345		0.54344
56		12819.94		0.85949		0.85139		0.77979		0.75234		0.8342		0.79115		0.56293
57		12821.47		0.85986		0.85154		0.77979		0.74545		0.84974		0.79419		0.56514
58		12822.73		0.86075		0.85182		0.77979		0.74324		0.85492		0.79518		0.56601
59		12824.12		0.8619		0.85251		0.77979		0.74324		0.85492		0.79518		0.56601
AUC improved at epoch  59 ;	best_auc: 0.8619023329485355
60		12825.5		0.86362		0.8549		0.78238		0.76329		0.81865		0.79		0.56626
AUC improved at epoch  60 ;	best_auc: 0.8636204998791914
61		12827.04		0.86464		0.85654		0.78497		0.74336		0.87047		0.80191		0.57847
AUC improved at epoch  61 ;	best_auc: 0.8646406614942681
62		12828.54		0.86743		0.85973		0.78238		0.75349		0.83938		0.79412		0.56847
AUC improved at epoch  62 ;	best_auc: 0.867432682756584
63		12829.99		0.86902		0.86125		0.77979		0.75714		0.82383		0.78908		0.56177
AUC improved at epoch  63 ;	best_auc: 0.8690166178957824
64		12831.35		0.86789		0.86004		0.77979		0.74771		0.84456		0.79319		0.56434
65		12832.73		0.86714		0.85966		0.7772		0.74208		0.84974		0.79227		0.56033
66		12834.56		0.87055		0.86304		0.80311		0.78537		0.8342		0.80905		0.60739
AUC improved at epoch  66 ;	best_auc: 0.8705468603183977
67		12836.07		0.87114		0.86405		0.80052		0.75893		0.88083		0.81535		0.60894
AUC improved at epoch  67 ;	best_auc: 0.8711374802008107
68		12837.84		0.87444		0.8694		0.79275		0.7868		0.80311		0.79487		0.58562
AUC improved at epoch  68 ;	best_auc: 0.874439582270665
69		12839.23		0.87049		0.86355		0.80052		0.74786		0.90674		0.81967		0.61508
70		12840.74		0.87817		0.87244		0.8057		0.78365		0.84456		0.81297		0.61325
AUC improved at epoch  70 ;	best_auc: 0.8781712260731832
71		12842.05		0.87922		0.8749		0.80052		0.78155		0.8342		0.80702		0.6024
AUC improved at epoch  71 ;	best_auc: 0.8792182340465515
72		12843.18		0.87339		0.86723		0.79534		0.73171		0.93264		0.82005		0.61429
73		12844.35		0.87873		0.87477		0.80311		0.78537		0.8342		0.80905		0.60739
74		12845.66		0.88129		0.87677		0.81088		0.79126		0.84456		0.81704		0.62318
AUC improved at epoch  74 ;	best_auc: 0.881285403634997
75		12847.09		0.88061		0.87474		0.80311		0.75325		0.90155		0.82075		0.61832
76		12848.31		0.88413		0.88066		0.80311		0.77209		0.8601		0.81373		0.61019
AUC improved at epoch  76 ;	best_auc: 0.8841311176138957
77		12849.72		0.88663		0.88379		0.79793		0.77778		0.8342		0.805		0.59743
AUC improved at epoch  77 ;	best_auc: 0.8866278289350049
78		12851.1		0.88617		0.88269		0.80829		0.76211		0.89637		0.82381		0.62638
79		12852.39		0.8906		0.88607		0.81347		0.7788		0.87565		0.82439		0.63185
AUC improved at epoch  79 ;	best_auc: 0.8906010899621467
80		12853.88		0.88923		0.88548		0.82124		0.79808		0.8601		0.82793		0.64444
81		12855.69		0.87997		0.87639		0.79534		0.75676		0.87047		0.80964		0.59746
82		12856.84		0.88714		0.88428		0.8057		0.7757		0.8601		0.81572		0.61505
83		12858.0		0.88851		0.8842		0.81347		0.7713		0.89119		0.82692		0.63466
84		12859.36		0.88961		0.88611		0.80829		0.76211		0.89637		0.82381		0.62638
85		12860.65		0.8913		0.88844		0.81865		0.80597		0.83938		0.82234		0.63785
AUC improved at epoch  85 ;	best_auc: 0.8912990952777256
86		12862.31		0.89801		0.89503		0.81865		0.76623		0.9171		0.83491		0.65003
AUC improved at epoch  86 ;	best_auc: 0.8980106848506001
87		12863.73		0.903		0.90125		0.82383		0.79343		0.87565		0.83251		0.65117
AUC improved at epoch  87 ;	best_auc: 0.9030041074928187
88		12865.18		0.90206		0.90062		0.81606		0.77982		0.88083		0.82725		0.6375
89		12866.54		0.89627		0.89506		0.81088		0.77523		0.87565		0.82238		0.62704
90		12868.1		0.89761		0.89779		0.80311		0.76959		0.86528		0.81463		0.61096
91		12869.55		0.90078		0.90123		0.81088		0.76087		0.90674		0.82742		0.63351
92		12870.93		0.90802		0.90932		0.82902		0.80095		0.87565		0.83663		0.66091
AUC improved at epoch  92 ;	best_auc: 0.9080243764933287
93		12873.14		0.90797		0.90768		0.80829		0.76211		0.89637		0.82381		0.62638
94		12874.97		0.90845		0.91155		0.81088		0.8125		0.80829		0.81039		0.62177
AUC improved at epoch  94 ;	best_auc: 0.9084539182259928
95		12876.34		0.9127		0.91542		0.81347		0.75745		0.92228		0.83178		0.64234
AUC improved at epoch  95 ;	best_auc: 0.9126956428360493
96		12877.78		0.91535		0.91822		0.82642		0.79167		0.88601		0.83619		0.65754
AUC improved at epoch  96 ;	best_auc: 0.9153534323069077
97		12879.32		0.9167		0.9205		0.82902		0.80383		0.87047		0.83582		0.6603
AUC improved at epoch  97 ;	best_auc: 0.9166957502214824
98		12880.71		0.91764		0.92096		0.81606		0.77232		0.89637		0.82974		0.64044
AUC improved at epoch  98 ;	best_auc: 0.9176353727616849
99		12882.02		0.92317		0.92751		0.83938		0.82266		0.86528		0.84343		0.67967
AUC improved at epoch  99 ;	best_auc: 0.9231657225697335
100		12883.36		0.92542		0.92919		0.83161		0.79358		0.89637		0.84185		0.66885
AUC improved at epoch  100 ;	best_auc: 0.9254208166662192
101		12884.72		0.92615		0.93103		0.82902		0.78222		0.91192		0.84211		0.66727
AUC improved at epoch  101 ;	best_auc: 0.9261456683400897
102		12886.58		0.92588		0.93209		0.83679		0.82828		0.84974		0.83887		0.6738
103		12887.9		0.92319		0.92677		0.82124		0.77679		0.90155		0.83453		0.65094
104		12889.22		0.92859		0.93361		0.82383		0.79621		0.87047		0.83168		0.6505
AUC improved at epoch  104 ;	best_auc: 0.9285886869446159
105		12890.66		0.9331		0.93909		0.8342		0.80861		0.87565		0.8408		0.6707
AUC improved at epoch  105 ;	best_auc: 0.9330988751375876
106		12892.14		0.93283		0.93811		0.83679		0.78509		0.92746		0.85036		0.68493
107		12893.94		0.9302		0.93603		0.8342		0.81773		0.8601		0.83838		0.66929
108		12895.28		0.93364		0.93882		0.83679		0.81553		0.87047		0.84211		0.67511
AUC improved at epoch  108 ;	best_auc: 0.9336358023034176
109		12896.63		0.9371		0.94177		0.84456		0.80365		0.91192		0.85437		0.69546
AUC improved at epoch  109 ;	best_auc: 0.9370989825230207
110		12898.52		0.9371		0.9425		0.84197		0.82039		0.87565		0.84712		0.68549
AUC improved at epoch  110 ;	best_auc: 0.9370989825230208
111		12899.93		0.93157		0.93572		0.83938		0.80465		0.89637		0.84804		0.68321
112		12901.24		0.93245		0.93722		0.84456		0.8093		0.90155		0.85294		0.69364
113		12902.35		0.93949		0.94477		0.84197		0.82039		0.87565		0.84712		0.68549
AUC improved at epoch  113 ;	best_auc: 0.939488308410964
114		12903.44		0.93847		0.94124		0.84715		0.79386		0.93782		0.85986		0.70601
115		12904.75		0.93503		0.93848		0.84974		0.84264		0.8601		0.85128		0.69963
116		12906.04		0.93683		0.94195		0.85233		0.81481		0.91192		0.86064		0.70972
117		12907.42		0.94199		0.94621		0.86528		0.83412		0.91192		0.87129		0.73377
AUC improved at epoch  117 ;	best_auc: 0.9419850197320734
118		12908.8		0.94131		0.94549		0.85492		0.8408		0.87565		0.85787		0.71046
119		12910.27		0.93715		0.94107		0.83938		0.79111		0.92228		0.85167		0.68828
120		12911.69		0.93347		0.93892		0.8601		0.84236		0.88601		0.86364		0.72118
121		12912.95		0.93589		0.94029		0.84456		0.81517		0.89119		0.85149		0.69214
122		12914.15		0.9378		0.94115		0.8601		0.83254		0.90155		0.86567		0.72269
123		12915.92		0.9389		0.94252		0.85751		0.83495		0.89119		0.86216		0.71665
124		12917.55		0.94193		0.94745		0.85492		0.8216		0.90674		0.86207		0.71369
125		12919.35		0.94121		0.94694		0.84974		0.81991		0.89637		0.85644		0.70254
126		12920.82		0.93855		0.94374		0.85492		0.83415		0.88601		0.8593		0.71122
127		12922.89		0.93935		0.94533		0.84974		0.81395		0.90674		0.85784		0.70407
128		12924.2		0.93876		0.94638		0.86528		0.84058		0.90155		0.87		0.7325
129		12925.51		0.94107		0.94714		0.86528		0.83732		0.90674		0.87065		0.73309
130		12926.85		0.93997		0.94421		0.85751		0.84158		0.88083		0.86076		0.7158
131		12928.57		0.94075		0.94558		0.85233		0.80631		0.92746		0.86265		0.71276
132		12930.28		0.93584		0.9416		0.86269		0.85714		0.87047		0.86375		0.72548
133		12931.86		0.9371		0.94254		0.84715		0.81019		0.90674		0.85575		0.69928
134		12933.32		0.94027		0.94529		0.85233		0.81481		0.91192		0.86064		0.70972
135		12935.25		0.94343		0.94931		0.86269		0.85714		0.87047		0.86375		0.72548
AUC improved at epoch  135 ;	best_auc: 0.9434347230798142
136		12936.63		0.95012		0.95538		0.85492		0.82775		0.89637		0.8607		0.7123
AUC improved at epoch  136 ;	best_auc: 0.9501194662943973
137		12937.82		0.94789		0.95296		0.86788		0.8381		0.91192		0.87345		0.73862
138		12938.93		0.94437		0.94999		0.87306		0.84286		0.9171		0.87841		0.74903
139		12940.1		0.94244		0.94844		0.86528		0.84058		0.90155		0.87		0.7325
140		12941.33		0.94373		0.94996		0.85751		0.83824		0.88601		0.86146		0.71619
141		12942.47		0.94556		0.9522		0.85233		0.82381		0.89637		0.85856		0.70741
142		12943.61		0.94577		0.95197		0.86269		0.83333		0.90674		0.86849		0.72822
143		12944.75		0.94558		0.95176		0.8601		0.83254		0.90155		0.86567		0.72269
144		12946.99		0.94639		0.95202		0.8601		0.83902		0.89119		0.86432		0.7216
145		12948.66		0.94599		0.95052		0.86269		0.83981		0.89637		0.86717		0.72704
146		12950.8		0.94572		0.95026		0.86788		0.85149		0.89119		0.87089		0.73655
147		12952.0		0.94684		0.95192		0.86528		0.8439		0.89637		0.86935		0.73199
148		12953.11		0.94658		0.95163		0.86528		0.83412		0.91192		0.87129		0.73377
149		12954.41		0.94553		0.95163		0.86528		0.83732		0.90674		0.87065		0.73309
150		12955.76		0.94558		0.95274		0.86788		0.85149		0.89119		0.87089		0.73655
151		12956.94		0.94666		0.95344		0.85751		0.82857		0.90155		0.86352		0.71782
152		12958.28		0.94462		0.95085		0.85751		0.82857		0.90155		0.86352		0.71782
153		12959.44		0.94362		0.94977		0.85751		0.82857		0.90155		0.86352		0.71782
154		12960.93		0.94411		0.95032		0.86269		0.83019		0.91192		0.86914		0.72893
155		12962.65		0.9444		0.9503		0.85751		0.82857		0.90155		0.86352		0.71782
156		12963.86		0.94292		0.94816		0.86269		0.83981		0.89637		0.86717		0.72704
157		12965.04		0.94537		0.9504		0.86269		0.83654		0.90155		0.86783		0.72759
158		12966.6		0.94749		0.95297		0.86788		0.83178		0.92228		0.87469		0.74015
159		12968.4		0.94641		0.95217		0.86528		0.84058		0.90155		0.87		0.7325
160		12969.85		0.94561		0.95232		0.86528		0.84058		0.90155		0.87		0.7325
161		12971.78		0.94486		0.952		0.85233		0.81193		0.9171		0.86131		0.71065
162		12973.11		0.94483		0.95136		0.86269		0.83019		0.91192		0.86914		0.72893
163		12974.74		0.94408		0.94995		0.85751		0.84158		0.88083		0.86076		0.7158
164		12976.25		0.9476		0.95365		0.86269		0.84653		0.88601		0.86582		0.72618
165		12977.81		0.94714		0.95375		0.86269		0.83654		0.90155		0.86783		0.72759
166		12979.15		0.94641		0.95302		0.86269		0.83981		0.89637		0.86717		0.72704
167		12980.44		0.94529		0.95175		0.86269		0.83981		0.89637		0.86717		0.72704
168		12981.63		0.94521		0.9512		0.85492		0.83092		0.89119		0.86		0.71172
169		12982.83		0.94604		0.95168		0.85233		0.81776		0.90674		0.85995		0.70887
170		12984.72		0.9479		0.95403		0.8601		0.82938		0.90674		0.86634		0.72336
171		12985.9		0.94848		0.95487		0.87047		0.8593		0.88601		0.87245		0.74129
172		12987.15		0.94948		0.95595		0.87306		0.85294		0.90155		0.87657		0.74733
173		12988.26		0.94757		0.95426		0.8601		0.82028		0.92228		0.86829		0.72584
174		12989.39		0.94572		0.95204		0.85751		0.82243		0.91192		0.86486		0.7193
175		12990.53		0.94346		0.95015		0.84974		0.82297		0.89119		0.85572		0.7019
176		12991.86		0.94276		0.94991		0.85492		0.83744		0.88083		0.85859		0.7108
177		12993.49		0.94427		0.9515		0.8601		0.84236		0.88601		0.86364		0.72118
178		12995.59		0.94644		0.95339		0.86528		0.83732		0.90674		0.87065		0.73309
179		12997.24		0.94739		0.95385		0.86788		0.84135		0.90674		0.87282		0.73798
180		12998.71		0.94899		0.95517		0.86269		0.83654		0.90155		0.86783		0.72759
181		13000.74		0.95039		0.95688		0.8601		0.83575		0.89637		0.865		0.72211
AUC improved at epoch  181 ;	best_auc: 0.9503879298773121
182		13001.88		0.95091		0.95765		0.8601		0.83575		0.89637		0.865		0.72211
AUC improved at epoch  182 ;	best_auc: 0.9509114338639963
183		13003.32		0.95048		0.95719		0.86269		0.8271		0.9171		0.86978		0.72972
184		13004.96		0.94993		0.95623		0.85751		0.82243		0.91192		0.86486		0.7193
185		13006.39		0.94872		0.95437		0.86528		0.83412		0.91192		0.87129		0.73377
186		13007.58		0.94655		0.95166		0.86269		0.84314		0.89119		0.8665		0.72657
187		13008.74		0.9462		0.95127		0.85751		0.83495		0.89119		0.86216		0.71665
188		13009.86		0.94888		0.95405		0.86528		0.83412		0.91192		0.87129		0.73377
189		13011.14		0.95041		0.95585		0.86269		0.83019		0.91192		0.86914		0.72893
190		13012.31		0.95119		0.95688		0.87047		0.83886		0.9171		0.87624		0.74418
AUC improved at epoch  190 ;	best_auc: 0.9511933206260571
191		13013.62		0.9513		0.95709		0.87047		0.84878		0.90155		0.87437		0.74237
AUC improved at epoch  191 ;	best_auc: 0.9513007060592231
192		13015.43		0.95095		0.95686		0.87047		0.84878		0.90155		0.87437		0.74237
193		13016.94		0.95095		0.95703		0.86788		0.84804		0.89637		0.87154		0.73695
194		13018.09		0.95044		0.95638		0.87047		0.85222		0.89637		0.87374		0.74193
195		13019.34		0.94902		0.95532		0.86528		0.84729		0.89119		0.86869		0.73155
196		13020.62		0.9473		0.95387		0.8601		0.84236		0.88601		0.86364		0.72118
197		13022.65		0.94596		0.95263		0.85751		0.845		0.87565		0.86005		0.7155
198		13023.86		0.94604		0.95271		0.8601		0.84577		0.88083		0.86294		0.72083
199		13025.57		0.94639		0.95316		0.8601		0.84236		0.88601		0.86364		0.72118
200		13027.23		0.94607		0.95275		0.85751		0.84158		0.88083		0.86076		0.7158
201		13028.75		0.94589		0.95244		0.86269		0.83981		0.89637		0.86717		0.72704
202		13029.97		0.94615		0.95277		0.86528		0.8439		0.89637		0.86935		0.73199
203		13031.37		0.94675		0.95337		0.86269		0.83981		0.89637		0.86717		0.72704
204		13032.98		0.94722		0.95395		0.8601		0.83902		0.89119		0.86432		0.7216
205		13034.27		0.94698		0.95382		0.8601		0.83902		0.89119		0.86432		0.7216
206		13036.34		0.94709		0.95389		0.86528		0.8439		0.89637		0.86935		0.73199
207		13037.89		0.94663		0.95334		0.87047		0.84541		0.90674		0.875		0.74289
208		13039.51		0.94671		0.95317		0.87047		0.84211		0.91192		0.87562		0.74349
209		13040.87		0.94573		0.95199		0.86528		0.84058		0.90155		0.87		0.7325
210		13042.34		0.94644		0.95257		0.86528		0.84058		0.90155		0.87		0.7325
211		13043.67		0.94652		0.95288		0.8601		0.83254		0.90155		0.86567		0.72269
212		13044.99		0.9465		0.95328		0.86528		0.84058		0.90155		0.87		0.7325
213		13046.19		0.94655		0.95369		0.86269		0.83654		0.90155		0.86783		0.72759
214		13047.49		0.94658		0.95396		0.86269		0.83654		0.90155		0.86783		0.72759
215		13049.02		0.94688		0.95474		0.86269		0.83333		0.90674		0.86849		0.72822
216		13050.9		0.94773		0.95563		0.86269		0.83333		0.90674		0.86849		0.72822
217		13052.64		0.9484		0.95614		0.8601		0.82938		0.90674		0.86634		0.72336
218		13054.29		0.94918		0.95685		0.86528		0.83732		0.90674		0.87065		0.73309
219		13055.61		0.94897		0.95646		0.86528		0.8439		0.89637		0.86935		0.73199
220		13056.78		0.94848		0.9557		0.86788		0.84466		0.90155		0.87218		0.73743
221		13058.06		0.94808		0.95515		0.87047		0.84878		0.90155		0.87437		0.74237
222		13059.46		0.94859		0.95574		0.86788		0.84466		0.90155		0.87218		0.73743
223		13061.14		0.94899		0.95624		0.86528		0.8439		0.89637		0.86935		0.73199
224		13062.95		0.94886		0.95612		0.86269		0.83981		0.89637		0.86717		0.72704
225		13064.37		0.94921		0.95665		0.86269		0.83654		0.90155		0.86783		0.72759
226		13065.6		0.94867		0.95604		0.86528		0.84058		0.90155		0.87		0.7325
227		13067.12		0.94872		0.95609		0.87306		0.85294		0.90155		0.87657		0.74733
228		13068.83		0.94819		0.95534		0.87047		0.85222		0.89637		0.87374		0.74193
229		13070.21		0.94804		0.9549		0.86269		0.84314		0.89119		0.8665		0.72657
230		13072.07		0.94743		0.95386		0.8601		0.84236		0.88601		0.86364		0.72118
231		13073.54		0.94786		0.95405		0.85492		0.83415		0.88601		0.8593		0.71122
232		13074.72		0.94918		0.95584		0.8601		0.83575		0.89637		0.865		0.72211
233		13076.15		0.94985		0.95676		0.87306		0.84951		0.90674		0.87719		0.74781
234		13077.96		0.9506		0.95744		0.87047		0.84541		0.90674		0.875		0.74289
235		13079.42		0.95041		0.95739		0.86528		0.83732		0.90674		0.87065		0.73309
236		13080.56		0.94994		0.9571		0.86788		0.8381		0.91192		0.87345		0.73862
237		13081.82		0.9488		0.95617		0.87047		0.83886		0.9171		0.87624		0.74418
238		13083.01		0.94792		0.95548		0.86788		0.83178		0.92228		0.87469		0.74015
239		13084.19		0.94743		0.95457		0.86269		0.83654		0.90155		0.86783		0.72759
240		13085.37		0.94687		0.95375		0.86528		0.8439		0.89637		0.86935		0.73199
241		13086.59		0.94647		0.95296		0.86528		0.84729		0.89119		0.86869		0.73155
242		13088.69		0.9466		0.95258		0.86528		0.84729		0.89119		0.86869		0.73155
243		13089.9		0.94664		0.95251		0.86269		0.83981		0.89637		0.86717		0.72704
244		13091.08		0.94741		0.95337		0.86269		0.83654		0.90155		0.86783		0.72759
245		13092.23		0.94902		0.95514		0.86528		0.83732		0.90674		0.87065		0.73309
246		13093.74		0.95003		0.9564		0.86788		0.8381		0.91192		0.87345		0.73862
247		13095.4		0.9506		0.95731		0.87047		0.84211		0.91192		0.87562		0.74349
248		13096.87		0.95016		0.9571		0.86269		0.83333		0.90674		0.86849		0.72822
249		13098.11		0.9499		0.95701		0.85751		0.82857		0.90155		0.86352		0.71782
250		13099.81		0.94925		0.95639		0.8601		0.83254		0.90155		0.86567		0.72269
251		13101.52		0.94921		0.9562		0.86269		0.83654		0.90155		0.86783		0.72759
252		13102.96		0.94907		0.956		0.85751		0.83173		0.89637		0.86284		0.7172
253		13104.78		0.94886		0.9558		0.85751		0.83173		0.89637		0.86284		0.7172
254		13106.09		0.94856		0.95506		0.85751		0.83495		0.89119		0.86216		0.71665
255		13107.96		0.9473		0.95393		0.86269		0.84314		0.89119		0.8665		0.72657
256		13109.55		0.94684		0.95351		0.86528		0.84729		0.89119		0.86869		0.73155
257		13110.66		0.94684		0.95338		0.86528		0.84729		0.89119		0.86869		0.73155
258		13111.83		0.94773		0.95424		0.86528		0.84058		0.90155		0.87		0.7325
259		13113.07		0.94879		0.95491		0.86788		0.84135		0.90674		0.87282		0.73798
260		13114.18		0.9495		0.9556		0.87047		0.83886		0.9171		0.87624		0.74418
261		13115.34		0.95039		0.95652		0.87306		0.84286		0.9171		0.87841		0.74903
262		13116.6		0.95084		0.95699		0.87047		0.84211		0.91192		0.87562		0.74349
263		13118.69		0.95146		0.95768		0.8601		0.83902		0.89119		0.86432		0.7216
AUC improved at epoch  263 ;	best_auc: 0.951461784208972
264		13119.87		0.95243		0.95869		0.86269		0.84314		0.89119		0.8665		0.72657
AUC improved at epoch  264 ;	best_auc: 0.9524282531074659
265		13121.11		0.95256		0.95845		0.86269		0.84314		0.89119		0.8665		0.72657
AUC improved at epoch  265 ;	best_auc: 0.9525624848989234
266		13122.34		0.95256		0.9585		0.86269		0.83981		0.89637		0.86717		0.72704
AUC improved at epoch  266 ;	best_auc: 0.9525624848989235
267		13123.6		0.95181		0.95792		0.86269		0.83981		0.89637		0.86717		0.72704
268		13124.94		0.9513		0.95744		0.85751		0.83495		0.89119		0.86216		0.71665
269		13126.51		0.95015		0.95651		0.85751		0.83495		0.89119		0.86216		0.71665
270		13128.21		0.94905		0.95579		0.85751		0.83495		0.89119		0.86216		0.71665
271		13129.7		0.94811		0.95506		0.85751		0.83495		0.89119		0.86216		0.71665
272		13131.14		0.94864		0.95547		0.86269		0.83981		0.89637		0.86717		0.72704
273		13132.52		0.94966		0.95605		0.86269		0.83981		0.89637		0.86717		0.72704
274		13133.97		0.95019		0.95648		0.86269		0.83981		0.89637		0.86717		0.72704
275		13135.39		0.95071		0.95687		0.86528		0.84058		0.90155		0.87		0.7325
276		13136.87		0.95109		0.95712		0.86269		0.83981		0.89637		0.86717		0.72704
277		13138.22		0.95162		0.95755		0.86528		0.8439		0.89637		0.86935		0.73199
278		13139.9		0.9517		0.95757		0.86788		0.84804		0.89637		0.87154		0.73695
279		13141.24		0.95208		0.9579		0.87047		0.84878		0.90155		0.87437		0.74237
280		13142.92		0.95125		0.9572		0.86528		0.84729		0.89119		0.86869		0.73155
281		13144.39		0.95052		0.95664		0.86528		0.84729		0.89119		0.86869		0.73155
282		13145.72		0.95015		0.95642		0.86269		0.84314		0.89119		0.8665		0.72657
283		13147.17		0.94969		0.95622		0.8601		0.83575		0.89637		0.865		0.72211
284		13148.93		0.94945		0.95613		0.86269		0.83981		0.89637		0.86717		0.72704
285		13151.01		0.95041		0.957		0.86269		0.83981		0.89637		0.86717		0.72704
286		13152.42		0.95076		0.95731		0.86788		0.84466		0.90155		0.87218		0.73743
287		13153.65		0.9509		0.95743		0.87306		0.84951		0.90674		0.87719		0.74781
288		13154.74		0.95071		0.95722		0.87047		0.85222		0.89637		0.87374		0.74193
289		13155.97		0.94993		0.9565		0.87047		0.85222		0.89637		0.87374		0.74193
290		13157.11		0.94961		0.95618		0.87047		0.85222		0.89637		0.87374		0.74193
291		13158.27		0.95003		0.95652		0.86528		0.84729		0.89119		0.86869		0.73155
292		13159.36		0.94981		0.95632		0.86269		0.83981		0.89637		0.86717		0.72704
293		13160.49		0.94958		0.95604		0.8601		0.83575		0.89637		0.865		0.72211
294		13161.87		0.94985		0.95631		0.87047		0.83886		0.9171		0.87624		0.74418
295		13163.3		0.95009		0.95637		0.86788		0.8381		0.91192		0.87345		0.73862
296		13164.88		0.95035		0.95651		0.87306		0.84951		0.90674		0.87719		0.74781
297		13166.72		0.94988		0.9559		0.86528		0.8439		0.89637		0.86935		0.73199
298		13168.46		0.95004		0.95601		0.86788		0.84804		0.89637		0.87154		0.73695
299		13169.93		0.9502		0.95618		0.86528		0.8439		0.89637		0.86935		0.73199
300		13171.22		0.95037		0.9564		0.86528		0.8439		0.89637		0.86935		0.73199
301		13172.46		0.95039		0.95645		0.8601		0.83902		0.89119		0.86432		0.7216
302		13173.57		0.95041		0.95645		0.8601		0.83902		0.89119		0.86432		0.7216
303		13174.81		0.95055		0.95649		0.86269		0.83981		0.89637		0.86717		0.72704
304		13175.92		0.95125		0.95717		0.86788		0.84135		0.90674		0.87282		0.73798
305		13177.58		0.95162		0.95754		0.86788		0.84135		0.90674		0.87282		0.73798
306		13179.33		0.95195		0.95774		0.87306		0.84951		0.90674		0.87719		0.74781
307		13181.3		0.95216		0.95776		0.87047		0.84878		0.90155		0.87437		0.74237
308		13182.88		0.95221		0.95782		0.86788		0.84804		0.89637		0.87154		0.73695
309		13184.69		0.9517		0.95736		0.87047		0.85222		0.89637		0.87374		0.74193
310		13185.81		0.9513		0.95723		0.86788		0.84466		0.90155		0.87218		0.73743
311		13186.97		0.95111		0.95726		0.86528		0.83412		0.91192		0.87129		0.73377
312		13188.17		0.95192		0.95804		0.86269		0.8271		0.9171		0.86978		0.72972
313		13189.41		0.95256		0.95855		0.86788		0.8381		0.91192		0.87345		0.73862
314		13190.58		0.95196		0.95775		0.86528		0.84058		0.90155		0.87		0.7325
315		13191.76		0.95186		0.95786		0.86528		0.8439		0.89637		0.86935		0.73199
316		13193.17		0.95181		0.95785		0.86528		0.84729		0.89119		0.86869		0.73155
317		13194.28		0.95133		0.95729		0.86788		0.85149		0.89119		0.87089		0.73655
318		13195.38		0.95146		0.95723		0.86788		0.84804		0.89637		0.87154		0.73695
319		13196.78		0.95084		0.95664		0.87047		0.84541		0.90674		0.875		0.74289
320		13198.55		0.94968		0.95534		0.86269		0.83333		0.90674		0.86849		0.72822
321		13200.04		0.94874		0.95462		0.8601		0.83575		0.89637		0.865		0.72211
322		13201.59		0.94829		0.95427		0.86528		0.8439		0.89637		0.86935		0.73199
323		13203.21		0.94773		0.9537		0.86788		0.84804		0.89637		0.87154		0.73695
324		13204.33		0.94745		0.95376		0.86788		0.84466		0.90155		0.87218		0.73743
325		13205.68		0.94789		0.95443		0.86528		0.84058		0.90155		0.87		0.7325
326		13206.84		0.9488		0.95544		0.86528		0.84058		0.90155		0.87		0.7325
327		13207.95		0.94942		0.9561		0.86788		0.84466		0.90155		0.87218		0.73743
328		13209.16		0.95039		0.95695		0.86788		0.84466		0.90155		0.87218		0.73743
329		13211.25		0.95064		0.95737		0.8601		0.83575		0.89637		0.865		0.72211
330		13213.01		0.95092		0.95774		0.86788		0.84135		0.90674		0.87282		0.73798
331		13214.72		0.95162		0.9585		0.86269		0.83654		0.90155		0.86783		0.72759
332		13216.99		0.95149		0.95855		0.86528		0.83732		0.90674		0.87065		0.73309
333		13218.29		0.95103		0.95805		0.86788		0.8381		0.91192		0.87345		0.73862
334		13219.43		0.95021		0.95674		0.86788		0.84466		0.90155		0.87218		0.73743
335		13220.55		0.94945		0.95581		0.86788		0.84804		0.89637		0.87154		0.73695
336		13221.69		0.94956		0.95585		0.87047		0.85222		0.89637		0.87374		0.74193
337		13222.94		0.9499		0.95637		0.87047		0.84878		0.90155		0.87437		0.74237
338		13224.04		0.94973		0.95635		0.87047		0.84878		0.90155		0.87437		0.74237
339		13225.21		0.95012		0.95681		0.86788		0.84466		0.90155		0.87218		0.73743
340		13226.34		0.95023		0.95694		0.86528		0.8439		0.89637		0.86935		0.73199
341		13227.67		0.95009		0.95687		0.86528		0.8439		0.89637		0.86935		0.73199
342		13229.43		0.94957		0.95614		0.86269		0.83981		0.89637		0.86717		0.72704
343		13231.0		0.94945		0.95623		0.86269		0.83981		0.89637		0.86717		0.72704
344		13232.32		0.94969		0.95633		0.86269		0.83654		0.90155		0.86783		0.72759
345		13233.8		0.9498		0.95628		0.86528		0.83732		0.90674		0.87065		0.73309
346		13235.35		0.95017		0.9565		0.8601		0.83575		0.89637		0.865		0.72211
347		13236.68		0.94989		0.95593		0.86528		0.8439		0.89637		0.86935		0.73199
348		13238.41		0.95023		0.95607		0.86528		0.8439		0.89637		0.86935		0.73199
349		13239.71		0.95041		0.9562		0.86788		0.84804		0.89637		0.87154		0.73695
350		13241.2		0.95103		0.9566		0.87047		0.85222		0.89637		0.87374		0.74193
351		13242.75		0.95122		0.95696		0.87306		0.85294		0.90155		0.87657		0.74733
352		13244.4		0.9513		0.95731		0.87306		0.85294		0.90155		0.87657		0.74733
353		13246.1		0.95161		0.95781		0.87306		0.85294		0.90155		0.87657		0.74733
354		13247.43		0.95192		0.95839		0.87047		0.84541		0.90674		0.875		0.74289
355		13249.15		0.95152		0.95811		0.87306		0.84615		0.91192		0.87781		0.74838
356		13250.78		0.95066		0.95727		0.86788		0.84466		0.90155		0.87218		0.73743
357		13252.49		0.95054		0.95734		0.86788		0.84466		0.90155		0.87218		0.73743
358		13253.65		0.95154		0.9582		0.87047		0.84541		0.90674		0.875		0.74289
359		13255.11		0.95189		0.95855		0.86788		0.84135		0.90674		0.87282		0.73798
360		13256.55		0.952		0.95843		0.87306		0.84951		0.90674		0.87719		0.74781
361		13258.36		0.95184		0.95841		0.87306		0.84951		0.90674		0.87719		0.74781
362		13259.8		0.95181		0.95833		0.87047		0.84878		0.90155		0.87437		0.74237
363		13261.0		0.95209		0.95862		0.87047		0.85222		0.89637		0.87374		0.74193
364		13262.46		0.95189		0.95861		0.87047		0.85222		0.89637		0.87374		0.74193
365		13263.72		0.95181		0.95847		0.86269		0.83981		0.89637		0.86717		0.72704
366		13264.89		0.95149		0.95823		0.8601		0.83254		0.90155		0.86567		0.72269
367		13266.0		0.95181		0.95855		0.8601		0.82938		0.90674		0.86634		0.72336
368		13267.35		0.95211		0.95878		0.86269		0.83333		0.90674		0.86849		0.72822
369		13268.5		0.95259		0.95915		0.8601		0.83254		0.90155		0.86567		0.72269
AUC improved at epoch  369 ;	best_auc: 0.9525893312572149
370		13269.72		0.9531		0.95951		0.86528		0.83732		0.90674		0.87065		0.73309
AUC improved at epoch  370 ;	best_auc: 0.9530994120647533
371		13270.94		0.95321		0.95956		0.87047		0.84541		0.90674		0.875		0.74289
AUC improved at epoch  371 ;	best_auc: 0.9532067974979194
372		13272.88		0.95334		0.95959		0.86788		0.84466		0.90155		0.87218		0.73743
AUC improved at epoch  372 ;	best_auc: 0.9533410292893769
373		13274.3		0.95315		0.9592		0.86788		0.84466		0.90155		0.87218		0.73743
374		13275.47		0.95295		0.95897		0.86528		0.84058		0.90155		0.87		0.7325
375		13277.25		0.95299		0.95914		0.86528		0.84058		0.90155		0.87		0.7325
376		13278.75		0.95246		0.95871		0.86528		0.84058		0.90155		0.87		0.7325
377		13280.28		0.95184		0.95819		0.86528		0.8439		0.89637		0.86935		0.73199
378		13282.04		0.9516		0.95786		0.86528		0.8439		0.89637		0.86935		0.73199
379		13283.57		0.95135		0.95764		0.86788		0.84466		0.90155		0.87218		0.73743
380		13284.81		0.95195		0.95836		0.87047		0.84541		0.90674		0.875		0.74289
381		13286.02		0.95271		0.95925		0.87306		0.83962		0.92228		0.87901		0.74976
382		13287.61		0.95286		0.9594		0.86788		0.84135		0.90674		0.87282		0.73798
383		13289.23		0.95302		0.95945		0.86269		0.84314		0.89119		0.8665		0.72657
384		13290.31		0.95294		0.95954		0.86788		0.855		0.88601		0.87023		0.73624
385		13291.39		0.95213		0.95888		0.86269		0.85		0.88083		0.86514		0.72587
386		13292.69		0.95225		0.95895		0.87047		0.85222		0.89637		0.87374		0.74193
387		13293.81		0.95186		0.95862		0.87047		0.84211		0.91192		0.87562		0.74349
388		13294.92		0.95133		0.95788		0.87306		0.83962		0.92228		0.87901		0.74976
389		13296.14		0.95044		0.95684		0.87047		0.84541		0.90674		0.875		0.74289
390		13297.39		0.94918		0.9555		0.86788		0.84804		0.89637		0.87154		0.73695
391		13298.66		0.9487		0.9551		0.86528		0.84729		0.89119		0.86869		0.73155
392		13299.82		0.94886		0.95519		0.87047		0.84878		0.90155		0.87437		0.74237
393		13301.03		0.95004		0.95639		0.86788		0.84135		0.90674		0.87282		0.73798
394		13302.73		0.95101		0.95781		0.86528		0.83732		0.90674		0.87065		0.73309
395		13304.39		0.95137		0.95848		0.86528		0.83099		0.9171		0.87192		0.73452
396		13305.63		0.95117		0.95851		0.86528		0.84058		0.90155		0.87		0.7325
397		13307.11		0.95079		0.95827		0.87047		0.84878		0.90155		0.87437		0.74237
398		13308.82		0.95114		0.95881		0.87047		0.85572		0.89119		0.8731		0.74157
399		13310.16		0.95076		0.95837		0.86788		0.85149		0.89119		0.87089		0.73655
400		13311.3		0.94996		0.9573		0.86788		0.85149		0.89119		0.87089		0.73655
401		13312.98		0.95055		0.95762		0.86788		0.85149		0.89119		0.87089		0.73655
402		13314.55		0.95036		0.95712		0.86528		0.84729		0.89119		0.86869		0.73155
403		13316.64		0.94984		0.9564		0.86788		0.84804		0.89637		0.87154		0.73695
404		13317.83		0.95047		0.9568		0.86528		0.84729		0.89119		0.86869		0.73155
405		13319.07		0.95064		0.9571		0.86788		0.85149		0.89119		0.87089		0.73655
406		13320.28		0.95098		0.95755		0.87306		0.86		0.89119		0.87532		0.74661
407		13321.49		0.95071		0.95762		0.87047		0.85572		0.89119		0.8731		0.74157
408		13322.65		0.95154		0.95838		0.86269		0.84314		0.89119		0.8665		0.72657
409		13323.86		0.95213		0.95893		0.8601		0.83575		0.89637		0.865		0.72211
410		13325.17		0.95288		0.95971		0.86528		0.83732		0.90674		0.87065		0.73309
411		13326.51		0.95318		0.95993		0.86788		0.83491		0.9171		0.87407		0.73934
412		13327.64		0.95291		0.95973		0.86528		0.83732		0.90674		0.87065		0.73309
413		13329.18		0.95278		0.95967		0.86788		0.84135		0.90674		0.87282		0.73798
414		13330.71		0.95272		0.95972		0.86788		0.84466		0.90155		0.87218		0.73743
415		13331.85		0.95286		0.95976		0.87565		0.85366		0.90674		0.8794		0.75275
416		13333.16		0.95256		0.95944		0.87565		0.85366		0.90674		0.8794		0.75275
417		13334.31		0.95302		0.95977		0.87306		0.84615		0.91192		0.87781		0.74838
418		13335.41		0.95213		0.95879		0.87565		0.84689		0.9171		0.8806		0.75389
419		13336.8		0.95203		0.9588		0.87047		0.84541		0.90674		0.875		0.74289
420		13338.46		0.95197		0.95888		0.86528		0.84729		0.89119		0.86869		0.73155
421		13339.94		0.95146		0.95844		0.86788		0.85149		0.89119		0.87089		0.73655
422		13341.21		0.95138		0.95835		0.86788		0.85149		0.89119		0.87089		0.73655
423		13343.18		0.95113		0.95806		0.86788		0.85149		0.89119		0.87089		0.73655
424		13344.65		0.95107		0.95774		0.85751		0.83495		0.89119		0.86216		0.71665
425		13346.52		0.95119		0.9577		0.8601		0.83902		0.89119		0.86432		0.7216
426		13348.32		0.95152		0.95785		0.86788		0.85149		0.89119		0.87089		0.73655
427		13349.54		0.95109		0.95727		0.86788		0.85149		0.89119		0.87089		0.73655
428		13350.68		0.95115		0.95731		0.87306		0.85644		0.89637		0.87595		0.74693
429		13351.88		0.95141		0.9577		0.87306		0.85644		0.89637		0.87595		0.74693
430		13353.0		0.95082		0.95722		0.87565		0.85714		0.90155		0.87879		0.75231
431		13354.14		0.95076		0.95729		0.87565		0.85714		0.90155		0.87879		0.75231
432		13355.26		0.95058		0.95713		0.87565		0.85366		0.90674		0.8794		0.75275
433		13356.44		0.9502		0.9568		0.86788		0.84135		0.90674		0.87282		0.73798
434		13358.27		0.95059		0.95724		0.86788		0.84466		0.90155		0.87218		0.73743
435		13359.61		0.9509		0.95767		0.87047		0.85222		0.89637		0.87374		0.74193
436		13360.76		0.95221		0.9587		0.86788		0.85149		0.89119		0.87089		0.73655
437		13362.46		0.95212		0.95854		0.87565		0.85024		0.91192		0.88		0.75328
438		13364.1		0.95237		0.95847		0.87565		0.85366		0.90674		0.8794		0.75275
439		13365.38		0.95246		0.95844		0.87306		0.84951		0.90674		0.87719		0.74781
440		13366.63		0.95186		0.95788		0.87047		0.84878		0.90155		0.87437		0.74237
441		13368.03		0.9516		0.95755		0.86788		0.84804		0.89637		0.87154		0.73695
442		13369.76		0.95165		0.95776		0.86528		0.8439		0.89637		0.86935		0.73199
443		13372.43		0.95149		0.9578		0.86528		0.8439		0.89637		0.86935		0.73199
444		13374.12		0.95135		0.95783		0.87047		0.85222		0.89637		0.87374		0.74193
445		13375.57		0.9516		0.95822		0.87047		0.85222		0.89637		0.87374		0.74193
446		13376.76		0.95211		0.95882		0.86528		0.84729		0.89119		0.86869		0.73155
447		13377.98		0.95213		0.95881		0.86528		0.84729		0.89119		0.86869		0.73155
448		13379.1		0.95248		0.95915		0.86269		0.83981		0.89637		0.86717		0.72704
449		13380.2		0.95248		0.9591		0.87047		0.84211		0.91192		0.87562		0.74349
450		13381.31		0.95237		0.95895		0.87565		0.85024		0.91192		0.88		0.75328
451		13382.77		0.95203		0.95834		0.87306		0.85294		0.90155		0.87657		0.74733
452		13384.47		0.95197		0.95826		0.87306		0.85644		0.89637		0.87595		0.74693
453		13385.96		0.95195		0.95838		0.86788		0.855		0.88601		0.87023		0.73624
454		13387.16		0.95208		0.95844		0.86528		0.85427		0.88083		0.86735		0.73092
455		13388.31		0.95227		0.95856		0.87824		0.85437		0.91192		0.88221		0.7582
456		13389.7		0.95156		0.95787		0.87047		0.84541		0.90674		0.875		0.74289
457		13390.92		0.95067		0.95711		0.87306		0.84951		0.90674		0.87719		0.74781
458		13392.02		0.94985		0.95649		0.87047		0.84878		0.90155		0.87437		0.74237
459		13393.23		0.94923		0.95573		0.87047		0.84878		0.90155		0.87437		0.74237
460		13394.49		0.9498		0.95624		0.86788		0.84135		0.90674		0.87282		0.73798
461		13395.77		0.9502		0.95664		0.87047		0.83568		0.92228		0.87685		0.74494
462		13397.54		0.95184		0.95831		0.86788		0.84135		0.90674		0.87282		0.73798
463		13398.7		0.95221		0.95892		0.87306		0.85294		0.90155		0.87657		0.74733
464		13400.23		0.95162		0.95861		0.86788		0.85149		0.89119		0.87089		0.73655
465		13401.73		0.95176		0.95878		0.87306		0.85294		0.90155		0.87657		0.74733
466		13403.35		0.95221		0.95892		0.87047		0.84541		0.90674		0.875		0.74289
467		13404.49		0.95266		0.95936		0.86528		0.83732		0.90674		0.87065		0.73309
468		13406.35		0.95208		0.95878		0.86528		0.83412		0.91192		0.87129		0.73377
469		13407.81		0.95133		0.95804		0.87047		0.83568		0.92228		0.87685		0.74494
470		13409.61		0.9506		0.95739		0.86528		0.84058		0.90155		0.87		0.7325
471		13411.01		0.95106		0.95729		0.86788		0.85149		0.89119		0.87089		0.73655
472		13412.09		0.95203		0.95813		0.87047		0.85572		0.89119		0.8731		0.74157
473		13413.27		0.95224		0.95835		0.87047		0.84878		0.90155		0.87437		0.74237
474		13414.36		0.95219		0.95824		0.86788		0.84135		0.90674		0.87282		0.73798
475		13415.47		0.95243		0.95857		0.86788		0.84135		0.90674		0.87282		0.73798
476		13416.6		0.95219		0.95833		0.87047		0.84541		0.90674		0.875		0.74289
477		13417.9		0.95272		0.95935		0.86788		0.84466		0.90155		0.87218		0.73743
478		13419.23		0.95219		0.95909		0.86528		0.84729		0.89119		0.86869		0.73155
479		13420.47		0.95111		0.95822		0.86788		0.85149		0.89119		0.87089		0.73655
480		13422.43		0.95095		0.95783		0.87047		0.84878		0.90155		0.87437		0.74237
481		13423.79		0.95114		0.95774		0.87565		0.85024		0.91192		0.88		0.75328
482		13424.96		0.95126		0.95722		0.87306		0.84615		0.91192		0.87781		0.74838
483		13426.15		0.95121		0.95638		0.87047		0.84541		0.90674		0.875		0.74289
484		13427.32		0.95119		0.95635		0.86528		0.8439		0.89637		0.86935		0.73199
485		13428.54		0.95177		0.95733		0.86528		0.84729		0.89119		0.86869		0.73155
486		13429.92		0.95195		0.95786		0.86528		0.84729		0.89119		0.86869		0.73155
487		13431.11		0.95278		0.95868		0.86269		0.84314		0.89119		0.8665		0.72657
488		13432.56		0.95232		0.9582		0.87047		0.84541		0.90674		0.875		0.74289
489		13434.01		0.95181		0.95784		0.86528		0.84058		0.90155		0.87		0.7325
490		13435.57		0.95173		0.95782		0.86528		0.84058		0.90155		0.87		0.7325
491		13437.31		0.95205		0.95829		0.86528		0.84729		0.89119		0.86869		0.73155
492		13438.59		0.95243		0.9587		0.87047		0.85222		0.89637		0.87374		0.74193
493		13439.88		0.95189		0.95782		0.87047		0.84878		0.90155		0.87437		0.74237
494		13441.3		0.95103		0.95702		0.87565		0.84689		0.9171		0.8806		0.75389
495		13442.76		0.95109		0.95708		0.87565		0.84689		0.9171		0.8806		0.75389
496		13444.45		0.95122		0.95744		0.87565		0.84689		0.9171		0.8806		0.75389
497		13445.76		0.95168		0.95826		0.87047		0.84541		0.90674		0.875		0.74289
498		13447.19		0.95213		0.95903		0.87306		0.85294		0.90155		0.87657		0.74733
499		13448.73		0.95213		0.95935		0.87047		0.85572		0.89119		0.8731		0.74157
500		13450.24		0.95197		0.95935		0.86269		0.84653		0.88601		0.86582		0.72618
501		13451.66		0.95122		0.95849		0.86788		0.84466		0.90155		0.87218		0.73743
502		13453.29		0.95119		0.95827		0.87306		0.84615		0.91192		0.87781		0.74838
503		13454.7		0.95173		0.9586		0.87565		0.84689		0.9171		0.8806		0.75389
504		13456.58		0.95216		0.95866		0.87306		0.84951		0.90674		0.87719		0.74781
505		13458.39		0.95192		0.95833		0.87047		0.84878		0.90155		0.87437		0.74237
506		13459.86		0.95107		0.9575		0.87306		0.86		0.89119		0.87532		0.74661
507		13461.16		0.95146		0.95777		0.87306		0.85644		0.89637		0.87595		0.74693
508		13462.56		0.95143		0.95776		0.87306		0.84951		0.90674		0.87719		0.74781
509		13463.95		0.95205		0.9582		0.86528		0.83412		0.91192		0.87129		0.73377
510		13465.59		0.95157		0.95776		0.87047		0.84211		0.91192		0.87562		0.74349
511		13466.87		0.95165		0.95788		0.86788		0.85149		0.89119		0.87089		0.73655
512		13468.05		0.95157		0.9579		0.86528		0.85075		0.88601		0.86802		0.7312
513		13469.36		0.95117		0.95754		0.86528		0.85075		0.88601		0.86802		0.7312
514		13470.52		0.95146		0.95763		0.87047		0.85222		0.89637		0.87374		0.74193
515		13471.64		0.95243		0.95857		0.87047		0.84541		0.90674		0.875		0.74289
516		13472.87		0.95272		0.95895		0.8601		0.83902		0.89119		0.86432		0.7216
517		13474.35		0.95193		0.95844		0.8601		0.84577		0.88083		0.86294		0.72083
518		13475.64		0.9513		0.95769		0.8601		0.84577		0.88083		0.86294		0.72083
519		13477.37		0.95103		0.95736		0.86269		0.84653		0.88601		0.86582		0.72618
520		13478.82		0.95101		0.95704		0.86269		0.84314		0.89119		0.8665		0.72657
521		13480.04		0.95025		0.95614		0.8601		0.83902		0.89119		0.86432		0.7216
522		13481.4		0.95068		0.95673		0.86269		0.84314		0.89119		0.8665		0.72657
523		13482.53		0.95087		0.95722		0.8601		0.84236		0.88601		0.86364		0.72118
524		13483.8		0.95122		0.9578		0.86269		0.84653		0.88601		0.86582		0.72618
525		13485.6		0.95205		0.95866		0.8601		0.83902		0.89119		0.86432		0.7216
526		13487.07		0.95221		0.95886		0.8601		0.83575		0.89637		0.865		0.72211
527		13488.42		0.95146		0.95822		0.85751		0.83495		0.89119		0.86216		0.71665
528		13490.54		0.95036		0.9572		0.85751		0.83495		0.89119		0.86216		0.71665
529		13492.29		0.95097		0.95761		0.85751		0.83495		0.89119		0.86216		0.71665
530		13493.58		0.95028		0.95671		0.86269		0.83981		0.89637		0.86717		0.72704
531		13495.0		0.94954		0.95563		0.86528		0.8439		0.89637		0.86935		0.73199
532		13496.16		0.94868		0.9545		0.86788		0.84804		0.89637		0.87154		0.73695
533		13497.39		0.94864		0.95452		0.86788		0.84804		0.89637		0.87154		0.73695
534		13498.52		0.9498		0.95587		0.86788		0.84804		0.89637		0.87154		0.73695
535		13499.74		0.95043		0.95684		0.8601		0.83575		0.89637		0.865		0.72211
536		13500.97		0.95076		0.95736		0.86269		0.83981		0.89637		0.86717		0.72704
537		13502.69		0.95135		0.95801		0.86269		0.83981		0.89637		0.86717		0.72704
538		13503.88		0.95235		0.95884		0.86269		0.84314		0.89119		0.8665		0.72657
539		13505.44		0.95246		0.95901		0.86788		0.84804		0.89637		0.87154		0.73695
540		13507.09		0.95216		0.95881		0.86788		0.84804		0.89637		0.87154		0.73695
541		13508.23		0.95221		0.9586		0.86788		0.84466		0.90155		0.87218		0.73743
542		13509.61		0.95219		0.95862		0.87047		0.85222		0.89637		0.87374		0.74193
543		13511.2		0.952		0.95873		0.87306		0.85294		0.90155		0.87657		0.74733
544		13512.62		0.95208		0.95907		0.87047		0.84878		0.90155		0.87437		0.74237
545		13514.19		0.95243		0.95949		0.87047		0.84541		0.90674		0.875		0.74289
546		13515.73		0.95246		0.95984		0.87047		0.83886		0.9171		0.87624		0.74418
547		13517.34		0.95246		0.9599		0.87306		0.84286		0.9171		0.87841		0.74903
548		13518.93		0.95247		0.96024		0.8601		0.83902		0.89119		0.86432		0.7216
549		13520.11		0.95264		0.96034		0.86269		0.84314		0.89119		0.8665		0.72657
550		13521.22		0.95356		0.96091		0.86528		0.85075		0.88601		0.86802		0.7312
AUC improved at epoch  550 ;	best_auc: 0.9535558001557088
551		13522.49		0.95388		0.96096		0.86269		0.84314		0.89119		0.8665		0.72657
AUC improved at epoch  551 ;	best_auc: 0.9538779564552068
552		13523.65		0.95474		0.96155		0.86528		0.8439		0.89637		0.86935		0.73199
AUC improved at epoch  552 ;	best_auc: 0.9547370399205348
553		13525.3		0.95479		0.96143		0.86528		0.8439		0.89637		0.86935		0.73199
AUC improved at epoch  553 ;	best_auc: 0.9547907326371178
554		13526.81		0.95509		0.96157		0.86788		0.84804		0.89637		0.87154		0.73695
AUC improved at epoch  554 ;	best_auc: 0.9550860425783243
555		13528.08		0.95439		0.96085		0.86788		0.85149		0.89119		0.87089		0.73655
556		13529.93		0.95372		0.9602		0.86788		0.85149		0.89119		0.87089		0.73655
557		13531.4		0.95372		0.96001		0.86528		0.84729		0.89119		0.86869		0.73155
558		13532.53		0.9538		0.96023		0.86528		0.84058		0.90155		0.87		0.7325
559		13533.65		0.95291		0.95953		0.86528		0.83732		0.90674		0.87065		0.73309
560		13534.86		0.95192		0.95874		0.8601		0.82938		0.90674		0.86634		0.72336
561		13536.06		0.95168		0.95829		0.86269		0.83333		0.90674		0.86849		0.72822
562		13537.22		0.95227		0.95894		0.8601		0.83254		0.90155		0.86567		0.72269
563		13538.45		0.95246		0.95909		0.8601		0.83575		0.89637		0.865		0.72211
564		13539.73		0.95232		0.95912		0.8601		0.83902		0.89119		0.86432		0.7216
565		13541.26		0.95259		0.95933		0.86269		0.83981		0.89637		0.86717		0.72704
566		13543.08		0.95216		0.95875		0.86269		0.83981		0.89637		0.86717		0.72704
567		13545.09		0.95149		0.95765		0.86269		0.84314		0.89119		0.8665		0.72657
568		13546.39		0.95133		0.95745		0.87047		0.85572		0.89119		0.8731		0.74157
569		13547.73		0.9517		0.95761		0.87047		0.85572		0.89119		0.8731		0.74157
570		13548.91		0.95237		0.95808		0.86528		0.84729		0.89119		0.86869		0.73155
571		13550.25		0.95307		0.9587		0.86269		0.84314		0.89119		0.8665		0.72657
572		13551.42		0.95331		0.95909		0.87306		0.84615		0.91192		0.87781		0.74838
573		13552.56		0.95358		0.95948		0.86788		0.84466		0.90155		0.87218		0.73743
574		13553.94		0.95396		0.96026		0.86788		0.84804		0.89637		0.87154		0.73695
575		13555.78		0.95377		0.96028		0.86269		0.84314		0.89119		0.8665		0.72657
576		13557.21		0.95377		0.96017		0.87047		0.84541		0.90674		0.875		0.74289
577		13558.97		0.95342		0.95954		0.86788		0.84135		0.90674		0.87282		0.73798
578		13560.78		0.9529		0.95884		0.86788		0.8381		0.91192		0.87345		0.73862
579		13562.06		0.95219		0.95794		0.87047		0.84211		0.91192		0.87562		0.74349
580		13563.3		0.95129		0.95753		0.87047		0.85222		0.89637		0.87374		0.74193
581		13564.54		0.95063		0.95723		0.87047		0.85572		0.89119		0.8731		0.74157
582		13565.66		0.95211		0.95883		0.86788		0.84804		0.89637		0.87154		0.73695
583		13566.93		0.95268		0.95951		0.8601		0.82938		0.90674		0.86634		0.72336
584		13568.54		0.95286		0.95954		0.8601		0.82326		0.9171		0.86765		0.72493
585		13570.19		0.95286		0.95948		0.86528		0.83732		0.90674		0.87065		0.73309
586		13571.49		0.95307		0.95958		0.86528		0.84729		0.89119		0.86869		0.73155
587		13573.0		0.95288		0.95922		0.86528		0.85075		0.88601		0.86802		0.7312
588		13574.73		0.95319		0.95894		0.87047		0.84878		0.90155		0.87437		0.74237
589		13576.08		0.95246		0.9576		0.86788		0.8381		0.91192		0.87345		0.73862
590		13577.65		0.95236		0.95759		0.86269		0.83333		0.90674		0.86849		0.72822
591		13579.28		0.95164		0.95726		0.86788		0.84466		0.90155		0.87218		0.73743
592		13580.91		0.95127		0.95736		0.86788		0.85149		0.89119		0.87089		0.73655
593		13582.33		0.95084		0.95709		0.86269		0.84314		0.89119		0.8665		0.72657
594		13583.62		0.95121		0.95762		0.86269		0.84314		0.89119		0.8665		0.72657
595		13584.84		0.95216		0.95892		0.86528		0.83732		0.90674		0.87065		0.73309
596		13586.13		0.95286		0.95966		0.86269		0.83654		0.90155		0.86783		0.72759
597		13587.26		0.95262		0.9593		0.87047		0.85222		0.89637		0.87374		0.74193
598		13588.4		0.95154		0.95833		0.87306		0.85644		0.89637		0.87595		0.74693
599		13589.99		0.95001		0.95685		0.87047		0.85572		0.89119		0.8731		0.74157
600		13591.51		0.94974		0.95633		0.86788		0.85149		0.89119		0.87089		0.73655
601		13593.02		0.94929		0.95581		0.86269		0.84314		0.89119		0.8665		0.72657
602		13594.67		0.94988		0.9565		0.85751		0.83495		0.89119		0.86216		0.71665
603		13596.27		0.95095		0.9578		0.85751		0.83495		0.89119		0.86216		0.71665
604		13597.39		0.95143		0.95857		0.8601		0.83575		0.89637		0.865		0.72211
605		13598.65		0.95195		0.95889		0.87047		0.84541		0.90674		0.875		0.74289
606		13599.82		0.952		0.95892		0.87047		0.84541		0.90674		0.875		0.74289
607		13600.95		0.952		0.95871		0.87306		0.84951		0.90674		0.87719		0.74781
608		13602.29		0.95176		0.95844		0.87047		0.84541		0.90674		0.875		0.74289
609		13604.32		0.95084		0.95725		0.86788		0.84135		0.90674		0.87282		0.73798
610		13605.56		0.95084		0.95701		0.8601		0.82938		0.90674		0.86634		0.72336
611		13606.76		0.95063		0.95685		0.8601		0.82938		0.90674		0.86634		0.72336
612		13607.86		0.95066		0.95714		0.86788		0.84135		0.90674		0.87282		0.73798
613		13609.49		0.95063		0.95717		0.86788		0.8381		0.91192		0.87345		0.73862
614		13610.86		0.9499		0.95642		0.86528		0.83732		0.90674		0.87065		0.73309
615		13612.25		0.94937		0.95571		0.8601		0.83254		0.90155		0.86567		0.72269
616		13613.68		0.94982		0.956		0.86528		0.84058		0.90155		0.87		0.7325
617		13614.97		0.94897		0.95462		0.86528		0.83732		0.90674		0.87065		0.73309
618		13616.72		0.94824		0.95332		0.86528		0.83732		0.90674		0.87065		0.73309
619		13618.08		0.94811		0.95309		0.86788		0.84135		0.90674		0.87282		0.73798
620		13619.2		0.94829		0.95352		0.87306		0.84951		0.90674		0.87719		0.74781
621		13620.5		0.94993		0.95562		0.86528		0.83732		0.90674		0.87065		0.73309
622		13621.6		0.9517		0.95755		0.8601		0.82938		0.90674		0.86634		0.72336
623		13622.76		0.95152		0.95793		0.8601		0.82629		0.91192		0.867		0.72411
624		13624.24		0.95125		0.95792		0.86269		0.83019		0.91192		0.86914		0.72893
625		13625.69		0.9516		0.95852		0.86269		0.83333		0.90674		0.86849		0.72822
626		13627.42		0.95181		0.95884		0.86269		0.83654		0.90155		0.86783		0.72759
627		13628.82		0.95146		0.95845		0.86788		0.84466		0.90155		0.87218		0.73743
628		13630.35		0.9513		0.9578		0.87047		0.84541		0.90674		0.875		0.74289
629		13632.15		0.95044		0.95671		0.87047		0.84541		0.90674		0.875		0.74289
630		13633.48		0.9491		0.95541		0.87306		0.85294		0.90155		0.87657		0.74733
631		13634.74		0.94827		0.9548		0.87047		0.85222		0.89637		0.87374		0.74193
632		13635.98		0.94883		0.95554		0.86528		0.84058		0.90155		0.87		0.7325
633		13637.14		0.94719		0.95411		0.85492		0.82464		0.90155		0.86139		0.71295
634		13638.33		0.94726		0.95428		0.85751		0.82547		0.90674		0.8642		0.71852
635		13639.75		0.94741		0.95455		0.85751		0.82547		0.90674		0.8642		0.71852
636		13641.77		0.94913		0.95593		0.8601		0.83902		0.89119		0.86432		0.7216
637		13643.74		0.94985		0.95655		0.8601		0.84577		0.88083		0.86294		0.72083
638		13645.64		0.95004		0.95662		0.86788		0.84804		0.89637		0.87154		0.73695
639		13647.07		0.95015		0.95636		0.86788		0.84466		0.90155		0.87218		0.73743
640		13648.4		0.95095		0.95703		0.86269		0.83333		0.90674		0.86849		0.72822
641		13649.7		0.95141		0.95787		0.86269		0.83654		0.90155		0.86783		0.72759
642		13650.88		0.95135		0.95812		0.86528		0.84058		0.90155		0.87		0.7325
643		13652.11		0.95117		0.95824		0.87306		0.85294		0.90155		0.87657		0.74733
644		13653.44		0.95098		0.95821		0.86528		0.84058		0.90155		0.87		0.7325
645		13654.62		0.95152		0.9589		0.8601		0.82938		0.90674		0.86634		0.72336
646		13656.13		0.95227		0.9595		0.8601		0.82629		0.91192		0.867		0.72411
647		13657.87		0.9527		0.95964		0.86528		0.83732		0.90674		0.87065		0.73309
648		13659.15		0.95262		0.95949		0.8601		0.83902		0.89119		0.86432		0.7216
649		13660.79		0.952		0.95884		0.86788		0.85149		0.89119		0.87089		0.73655
650		13662.35		0.9531		0.95953		0.87047		0.84878		0.90155		0.87437		0.74237
651		13663.51		0.95327		0.95935		0.87047		0.84541		0.90674		0.875		0.74289
652		13664.65		0.95337		0.95928		0.86788		0.8381		0.91192		0.87345		0.73862
653		13666.05		0.95311		0.95915		0.86528		0.83732		0.90674		0.87065		0.73309
654		13667.41		0.95246		0.95885		0.86788		0.84804		0.89637		0.87154		0.73695
655		13668.82		0.95181		0.95848		0.87565		0.8607		0.89637		0.87817		0.75194
656		13670.45		0.95059		0.9571		0.86528		0.8439		0.89637		0.86935		0.73199
657		13672.32		0.9502		0.95645		0.86269		0.83333		0.90674		0.86849		0.72822
658		13673.97		0.95138		0.95743		0.8601		0.82629		0.91192		0.867		0.72411
659		13675.37		0.95192		0.9578		0.86269		0.83019		0.91192		0.86914		0.72893
660		13676.6		0.95189		0.95797		0.85751		0.83173		0.89637		0.86284		0.7172
661		13677.92		0.95149		0.95787		0.8601		0.84236		0.88601		0.86364		0.72118
662		13679.32		0.95208		0.95874		0.86269		0.84653		0.88601		0.86582		0.72618
663		13680.65		0.9531		0.95971		0.87047		0.84211		0.91192		0.87562		0.74349
664		13682.01		0.95291		0.95963		0.86269		0.83019		0.91192		0.86914		0.72893
665		13683.36		0.95339		0.96037		0.86528		0.84058		0.90155		0.87		0.7325
666		13684.75		0.9528		0.9601		0.86269		0.84653		0.88601		0.86582		0.72618
667		13686.7		0.95227		0.95934		0.86528		0.85075		0.88601		0.86802		0.7312
668		13687.94		0.95251		0.95928		0.86528		0.83732		0.90674		0.87065		0.73309
669		13689.37		0.9527		0.95933		0.86269		0.83019		0.91192		0.86914		0.72893
670		13690.84		0.9531		0.95986		0.86528		0.83412		0.91192		0.87129		0.73377
671		13692.23		0.95305		0.96008		0.87047		0.84878		0.90155		0.87437		0.74237
672		13693.59		0.95224		0.9594		0.86528		0.85075		0.88601		0.86802		0.7312
673		13695.02		0.95247		0.95949		0.86269		0.84314		0.89119		0.8665		0.72657
674		13696.58		0.95294		0.95992		0.85751		0.83495		0.89119		0.86216		0.71665
675		13698.09		0.95286		0.95989		0.86269		0.83333		0.90674		0.86849		0.72822
676		13699.68		0.95259		0.95952		0.86528		0.83412		0.91192		0.87129		0.73377
677		13701.41		0.9529		0.95986		0.86269		0.83654		0.90155		0.86783		0.72759
678		13703.19		0.95203		0.95879		0.86269		0.84314		0.89119		0.8665		0.72657
679		13704.97		0.9509		0.9574		0.86788		0.855		0.88601		0.87023		0.73624
680		13706.21		0.9505		0.9568		0.86528		0.85075		0.88601		0.86802		0.7312
681		13707.45		0.95122		0.95742		0.86788		0.84135		0.90674		0.87282		0.73798
682		13708.68		0.9516		0.95787		0.86528		0.83732		0.90674		0.87065		0.73309
683		13710.69		0.95208		0.95862		0.8601		0.82938		0.90674		0.86634		0.72336
684		13711.99		0.95266		0.95949		0.8601		0.82629		0.91192		0.867		0.72411
685		13713.98		0.95119		0.95873		0.86788		0.8381		0.91192		0.87345		0.73862
686		13715.22		0.94918		0.95734		0.86788		0.84135		0.90674		0.87282		0.73798
687		13716.52		0.94918		0.95728		0.86269		0.84314		0.89119		0.8665		0.72657
688		13717.71		0.95009		0.95785		0.86269		0.84314		0.89119		0.8665		0.72657
689		13718.94		0.95095		0.95827		0.86788		0.84466		0.90155		0.87218		0.73743
690		13720.14		0.95063		0.95746		0.86788		0.84466		0.90155		0.87218		0.73743
691		13721.7		0.95086		0.95747		0.86269		0.83981		0.89637		0.86717		0.72704
692		13722.84		0.95087		0.95745		0.87306		0.85294		0.90155		0.87657		0.74733
693		13724.0		0.94988		0.95679		0.86788		0.85149		0.89119		0.87089		0.73655
694		13725.93		0.95031		0.95738		0.86269		0.85		0.88083		0.86514		0.72587
695		13727.08		0.95103		0.95851		0.8601		0.84236		0.88601		0.86364		0.72118
696		13728.4		0.95178		0.95924		0.8601		0.83575		0.89637		0.865		0.72211
697		13730.17		0.95256		0.95992		0.86269		0.83333		0.90674		0.86849		0.72822
698		13732.03		0.95305		0.96037		0.86269		0.83654		0.90155		0.86783		0.72759
699		13733.72		0.95203		0.95905		0.8601		0.84577		0.88083		0.86294		0.72083
700		13734.99		0.95195		0.95895		0.86528		0.85427		0.88083		0.86735		0.73092
701		13736.23		0.95203		0.9588		0.85492		0.83744		0.88083		0.85859		0.7108
702		13738.09		0.95149		0.9582		0.85492		0.82775		0.89637		0.8607		0.7123
703		13739.2		0.95205		0.95854		0.85492		0.83415		0.88601		0.8593		0.71122
704		13740.31		0.95192		0.95837		0.8601		0.84236		0.88601		0.86364		0.72118
705		13741.67		0.95157		0.95792		0.86269		0.84314		0.89119		0.8665		0.72657
706		13742.83		0.95243		0.95847		0.86528		0.83732		0.90674		0.87065		0.73309
707		13743.96		0.95258		0.95861		0.86269		0.83333		0.90674		0.86849		0.72822
708		13745.08		0.95219		0.95817		0.86788		0.84135		0.90674		0.87282		0.73798
709		13746.3		0.95165		0.95796		0.86528		0.84729		0.89119		0.86869		0.73155
710		13748.18		0.952		0.95852		0.86788		0.85149		0.89119		0.87089		0.73655
711		13749.34		0.95251		0.95871		0.87306		0.85294		0.90155		0.87657		0.74733
712		13750.47		0.95256		0.9584		0.86269		0.83333		0.90674		0.86849		0.72822
713		13751.61		0.95339		0.95924		0.86269		0.82407		0.92228		0.87042		0.7306
714		13753.0		0.95385		0.96009		0.86528		0.83412		0.91192		0.87129		0.73377
715		13754.17		0.95348		0.96045		0.86528		0.83732		0.90674		0.87065		0.73309
716		13755.55		0.95368		0.96078		0.8601		0.83902		0.89119		0.86432		0.7216
717		13757.06		0.95412		0.96078		0.8601		0.83254		0.90155		0.86567		0.72269
718		13758.79		0.95309		0.95959		0.86269		0.83019		0.91192		0.86914		0.72893
719		13760.74		0.95239		0.95865		0.86269		0.83333		0.90674		0.86849		0.72822
720		13761.84		0.95135		0.95749		0.86269		0.85		0.88083		0.86514		0.72587
721		13763.38		0.95071		0.95694		0.86788		0.85859		0.88083		0.86957		0.736
722		13764.87		0.95224		0.95851		0.8601		0.84577		0.88083		0.86294		0.72083
723		13766.38		0.95343		0.95976		0.85751		0.83824		0.88601		0.86146		0.71619
724		13767.51		0.95393		0.96037		0.86788		0.83491		0.9171		0.87407		0.73934
725		13768.61		0.9539		0.96056		0.86788		0.83491		0.9171		0.87407		0.73934
726		13769.75		0.9535		0.96032		0.86528		0.83412		0.91192		0.87129		0.73377
727		13771.66		0.95286		0.95951		0.86269		0.83654		0.90155		0.86783		0.72759
728		13772.92		0.95181		0.9584		0.86528		0.84058		0.90155		0.87		0.7325
729		13774.18		0.95138		0.95785		0.86269		0.83654		0.90155		0.86783		0.72759
730		13775.93		0.95091		0.95736		0.86269		0.83981		0.89637		0.86717		0.72704
731		13777.43		0.95059		0.95722		0.86269		0.83981		0.89637		0.86717		0.72704
732		13778.77		0.95111		0.95773		0.8601		0.83575		0.89637		0.865		0.72211
733		13779.89		0.95165		0.95873		0.8601		0.83575		0.89637		0.865		0.72211
734		13781.08		0.95243		0.95992		0.86528		0.8439		0.89637		0.86935		0.73199
735		13782.43		0.95259		0.96024		0.86788		0.84804		0.89637		0.87154		0.73695
736		13784.22		0.95251		0.96025		0.86788		0.84466		0.90155		0.87218		0.73743
737		13785.33		0.95114		0.95858		0.8601		0.83254		0.90155		0.86567		0.72269
738		13786.77		0.94982		0.957		0.85751		0.81944		0.9171		0.86553		0.72016
739		13788.36		0.95063		0.95781		0.85751		0.82547		0.90674		0.8642		0.71852
740		13789.86		0.95036		0.95758		0.85751		0.83495		0.89119		0.86216		0.71665
741		13791.04		0.95064		0.95784		0.85492		0.83415		0.88601		0.8593		0.71122
742		13792.17		0.95219		0.95896		0.8601		0.83575		0.89637		0.865		0.72211
743		13793.67		0.95262		0.95915		0.86269		0.83019		0.91192		0.86914		0.72893
744		13795.55		0.95287		0.95935		0.86269		0.83333		0.90674		0.86849		0.72822
745		13797.67		0.95178		0.95866		0.8601		0.84236		0.88601		0.86364		0.72118
746		13798.88		0.95101		0.95793		0.86269		0.84653		0.88601		0.86582		0.72618
747		13800.02		0.95106		0.95788		0.86788		0.855		0.88601		0.87023		0.73624
748		13801.17		0.95178		0.95831		0.86269		0.83654		0.90155		0.86783		0.72759
749		13802.47		0.9528		0.95942		0.85751		0.82547		0.90674		0.8642		0.71852
750		13803.57		0.95288		0.95977		0.86269		0.82407		0.92228		0.87042		0.7306
751		13804.75		0.95323		0.96052		0.85751		0.82857		0.90155		0.86352		0.71782
752		13805.9		0.9527		0.96021		0.85751		0.83173		0.89637		0.86284		0.7172
753		13807.15		0.95211		0.9595		0.8601		0.83902		0.89119		0.86432		0.7216
754		13809.01		0.95111		0.95847		0.8601		0.84236		0.88601		0.86364		0.72118
755		13810.1		0.95055		0.95754		0.86528		0.8439		0.89637		0.86935		0.73199
756		13811.31		0.95084		0.95762		0.86528		0.8439		0.89637		0.86935		0.73199
757		13812.53		0.95027		0.95695		0.8601		0.82938		0.90674		0.86634		0.72336
758		13813.64		0.95023		0.95687		0.85492		0.8216		0.90674		0.86207		0.71369
759		13815.27		0.95068		0.9575		0.85492		0.8216		0.90674		0.86207		0.71369
760		13816.78		0.95087		0.95798		0.8601		0.83254		0.90155		0.86567		0.72269
761		13818.1		0.95031		0.95785		0.8601		0.83254		0.90155		0.86567		0.72269
762		13819.28		0.95054		0.95819		0.87047		0.84541		0.90674		0.875		0.74289
763		13821.26		0.95058		0.95801		0.86269		0.83654		0.90155		0.86783		0.72759
764		13822.42		0.95047		0.95768		0.86788		0.84466		0.90155		0.87218		0.73743
765		13823.52		0.95052		0.95728		0.86788		0.84466		0.90155		0.87218		0.73743
766		13825.0		0.95092		0.95743		0.87047		0.84878		0.90155		0.87437		0.74237
767		13826.74		0.95149		0.9576		0.86528		0.8439		0.89637		0.86935		0.73199
768		13828.12		0.95141		0.95729		0.86788		0.84466		0.90155		0.87218		0.73743
769		13829.27		0.95103		0.95668		0.86528		0.84058		0.90155		0.87		0.7325
770		13830.71		0.95125		0.95688		0.86528		0.84058		0.90155		0.87		0.7325
771		13832.25		0.95084		0.95655		0.86269		0.83981		0.89637		0.86717		0.72704
772		13833.87		0.95041		0.95611		0.86269		0.83981		0.89637		0.86717		0.72704
773		13835.05		0.95083		0.9568		0.86528		0.8439		0.89637		0.86935		0.73199
774		13836.27		0.95127		0.95756		0.86269		0.84314		0.89119		0.8665		0.72657
775		13837.7		0.95229		0.95876		0.86269		0.83981		0.89637		0.86717		0.72704
776		13839.17		0.95256		0.9594		0.8601		0.83902		0.89119		0.86432		0.7216
777		13840.42		0.95274		0.95982		0.87306		0.86		0.89119		0.87532		0.74661
778		13841.79		0.95342		0.96066		0.87047		0.85572		0.89119		0.8731		0.74157
779		13843.32		0.95401		0.96138		0.86788		0.85149		0.89119		0.87089		0.73655
780		13844.66		0.95417		0.96152		0.86528		0.84729		0.89119		0.86869		0.73155
781		13846.02		0.95395		0.96118		0.86269		0.83981		0.89637		0.86717		0.72704
782		13847.38		0.95369		0.96065		0.8601		0.83254		0.90155		0.86567		0.72269
783		13848.65		0.95297		0.96025		0.86269		0.83333		0.90674		0.86849		0.72822
784		13850.35		0.952		0.95967		0.86528		0.83732		0.90674		0.87065		0.73309
785		13851.64		0.95087		0.95866		0.86269		0.83981		0.89637		0.86717		0.72704
786		13853.17		0.95066		0.95827		0.8601		0.83575		0.89637		0.865		0.72211
787		13854.55		0.95076		0.9579		0.86269		0.83654		0.90155		0.86783		0.72759
788		13855.94		0.95071		0.95744		0.85751		0.82857		0.90155		0.86352		0.71782
789		13857.42		0.95087		0.95713		0.85751		0.82547		0.90674		0.8642		0.71852
790		13858.75		0.95189		0.9586		0.85751		0.83173		0.89637		0.86284		0.7172
791		13860.06		0.95181		0.95909		0.8601		0.83575		0.89637		0.865		0.72211
792		13861.4		0.95211		0.95969		0.8601		0.83575		0.89637		0.865		0.72211
793		13863.03		0.95162		0.95919		0.85751		0.83495		0.89119		0.86216		0.71665
794		13864.43		0.95084		0.9582		0.85751		0.83495		0.89119		0.86216		0.71665
795		13865.73		0.95004		0.95702		0.85492		0.82775		0.89637		0.8607		0.7123
796		13867.15		0.95074		0.9574		0.85492		0.82775		0.89637		0.8607		0.7123
797		13868.54		0.95115		0.95753		0.8601		0.83575		0.89637		0.865		0.72211
798		13869.92		0.95157		0.95771		0.8601		0.83575		0.89637		0.865		0.72211
799		13871.22		0.95192		0.95798		0.8601		0.83575		0.89637		0.865		0.72211
800		13872.75		0.95197		0.95823		0.8601		0.83575		0.89637		0.865		0.72211
801		13874.11		0.95237		0.95899		0.85233		0.82692		0.89119		0.85786		0.7068
802		13875.79		0.95224		0.95888		0.84715		0.81905		0.89119		0.8536		0.69701
803		13877.24		0.95227		0.95916		0.85751		0.83495		0.89119		0.86216		0.71665
804		13878.62		0.95297		0.96002		0.8601		0.83902		0.89119		0.86432		0.7216
805		13880.57		0.95267		0.95983		0.8601		0.83902		0.89119		0.86432		0.7216
806		13882.25		0.95248		0.9597		0.8601		0.83902		0.89119		0.86432		0.7216
807		13883.43		0.95243		0.95947		0.86269		0.83981		0.89637		0.86717		0.72704
808		13884.67		0.95243		0.95936		0.86269		0.83981		0.89637		0.86717		0.72704
809		13885.96		0.95248		0.95954		0.86788		0.84804		0.89637		0.87154		0.73695
810		13887.71		0.95237		0.95919		0.86788		0.84466		0.90155		0.87218		0.73743
811		13889.16		0.95146		0.95774		0.8601		0.83254		0.90155		0.86567		0.72269
812		13890.31		0.95001		0.95599		0.8601		0.82938		0.90674		0.86634		0.72336
813		13891.51		0.94953		0.95547		0.85751		0.82547		0.90674		0.8642		0.71852
814		13892.59		0.94988		0.95556		0.8601		0.82938		0.90674		0.86634		0.72336
815		13893.83		0.94997		0.95587		0.85751		0.82547		0.90674		0.8642		0.71852
816		13895.0		0.95033		0.95653		0.85492		0.82464		0.90155		0.86139		0.71295
817		13896.15		0.95067		0.9571		0.85492		0.82464		0.90155		0.86139		0.71295
818		13897.35		0.95135		0.95798		0.85751		0.82547		0.90674		0.8642		0.71852
819		13899.1		0.95135		0.95783		0.84974		0.81991		0.89637		0.85644		0.70254
820		13900.63		0.95216		0.95846		0.86528		0.84729		0.89119		0.86869		0.73155
821		13901.79		0.95251		0.95883		0.86269		0.84653		0.88601		0.86582		0.72618
822		13902.92		0.9527		0.95865		0.86528		0.85075		0.88601		0.86802		0.7312
823		13904.26		0.95195		0.95764		0.85492		0.82775		0.89637		0.8607		0.7123
824		13905.77		0.95215		0.95797		0.85751		0.82857		0.90155		0.86352		0.71782
825		13907.26		0.95173		0.95777		0.85751		0.82547		0.90674		0.8642		0.71852
826		13908.86		0.95082		0.95757		0.8601		0.83254		0.90155		0.86567		0.72269
827		13910.56		0.95119		0.95809		0.86528		0.8439		0.89637		0.86935		0.73199
828		13912.03		0.9519		0.95868		0.85492		0.82464		0.90155		0.86139		0.71295
829		13913.29		0.95278		0.95936		0.85751		0.82547		0.90674		0.8642		0.71852
830		13914.89		0.95286		0.9594		0.86269		0.83333		0.90674		0.86849		0.72822
831		13916.38		0.95195		0.95851		0.8601		0.83902		0.89119		0.86432		0.7216
832		13918.25		0.95109		0.95799		0.85751		0.84158		0.88083		0.86076		0.7158
833		13919.71		0.95106		0.95797		0.86269		0.84314		0.89119		0.8665		0.72657
834		13920.79		0.95106		0.958		0.8601		0.82938		0.90674		0.86634		0.72336
835		13921.88		0.95036		0.9572		0.84974		0.81106		0.91192		0.85854		0.70495
836		13923.16		0.95023		0.95729		0.85492		0.8216		0.90674		0.86207		0.71369
837		13924.24		0.94958		0.9567		0.85751		0.83173		0.89637		0.86284		0.7172
838		13925.32		0.95098		0.95754		0.8601		0.83254		0.90155		0.86567		0.72269
839		13926.43		0.95189		0.95792		0.8601		0.82938		0.90674		0.86634		0.72336
840		13927.72		0.95246		0.95843		0.86269		0.8271		0.9171		0.86978		0.72972
841		13929.21		0.95237		0.95907		0.86528		0.8439		0.89637		0.86935		0.73199
842		13931.11		0.952		0.95923		0.86269		0.83981		0.89637		0.86717		0.72704
843		13932.29		0.95139		0.95845		0.8601		0.83254		0.90155		0.86567		0.72269
844		13933.48		0.9499		0.95695		0.86528		0.83412		0.91192		0.87129		0.73377
845		13934.69		0.94899		0.95586		0.86788		0.83491		0.9171		0.87407		0.73934
846		13935.85		0.94803		0.95501		0.86269		0.83654		0.90155		0.86783		0.72759
847		13936.95		0.94733		0.95431		0.85492		0.83744		0.88083		0.85859		0.7108
848		13938.07		0.94701		0.95356		0.85492		0.83092		0.89119		0.86		0.71172
849		13939.31		0.9488		0.95481		0.85751		0.82857		0.90155		0.86352		0.71782
850		13940.42		0.94972		0.95571		0.85233		0.82381		0.89637		0.85856		0.70741
851		13941.78		0.95095		0.95686		0.85233		0.82381		0.89637		0.85856		0.70741
852		13943.69		0.95211		0.95814		0.86269		0.83981		0.89637		0.86717		0.72704
853		13945.66		0.95264		0.95899		0.86528		0.8439		0.89637		0.86935		0.73199
854		13947.14		0.9535		0.95979		0.87565		0.85366		0.90674		0.8794		0.75275
855		13948.93		0.95364		0.96006		0.86528		0.83732		0.90674		0.87065		0.73309
856		13950.25		0.9538		0.96022		0.86269		0.83333		0.90674		0.86849		0.72822
857		13951.36		0.95428		0.96051		0.87047		0.84211		0.91192		0.87562		0.74349
858		13952.66		0.95425		0.9604		0.86788		0.84135		0.90674		0.87282		0.73798
859		13954.46		0.9535		0.95955		0.86269		0.83654		0.90155		0.86783		0.72759
860		13955.95		0.9529		0.95885		0.86788		0.84135		0.90674		0.87282		0.73798
861		13957.59		0.95286		0.95907		0.86528		0.84058		0.90155		0.87		0.7325
862		13959.24		0.95283		0.95933		0.86788		0.84466		0.90155		0.87218		0.73743
863		13960.7		0.95292		0.95964		0.86269		0.83654		0.90155		0.86783		0.72759
864		13961.82		0.95339		0.96012		0.86528		0.83732		0.90674		0.87065		0.73309
865		13962.94		0.95382		0.96066		0.86788		0.8381		0.91192		0.87345		0.73862
866		13964.07		0.95374		0.96063		0.86788		0.8381		0.91192		0.87345		0.73862
867		13965.3		0.95385		0.96073		0.86528		0.84058		0.90155		0.87		0.7325
868		13966.43		0.9535		0.96041		0.87306		0.84615		0.91192		0.87781		0.74838
869		13967.55		0.95364		0.96036		0.86788		0.8381		0.91192		0.87345		0.73862
870		13968.69		0.95307		0.9596		0.86269		0.83333		0.90674		0.86849		0.72822
871		13969.95		0.95235		0.9587		0.86269		0.83333		0.90674		0.86849		0.72822
872		13971.76		0.95141		0.9576		0.86788		0.84135		0.90674		0.87282		0.73798
873		13973.56		0.95098		0.95725		0.86269		0.83981		0.89637		0.86717		0.72704
874		13975.21		0.95087		0.95713		0.8601		0.83575		0.89637		0.865		0.72211
875		13976.63		0.95178		0.95802		0.8601		0.83254		0.90155		0.86567		0.72269
876		13978.59		0.95227		0.95845		0.8601		0.83254		0.90155		0.86567		0.72269
877		13980.04		0.95264		0.95884		0.86528		0.83412		0.91192		0.87129		0.73377
878		13981.36		0.95256		0.95882		0.86528		0.83732		0.90674		0.87065		0.73309
879		13982.92		0.95283		0.9592		0.86528		0.83732		0.90674		0.87065		0.73309
880		13984.51		0.95331		0.95974		0.86528		0.84058		0.90155		0.87		0.7325
881		13985.68		0.95364		0.95991		0.86528		0.83732		0.90674		0.87065		0.73309
882		13986.81		0.9535		0.95977		0.86528		0.83732		0.90674		0.87065		0.73309
883		13987.96		0.95339		0.95958		0.86788		0.84466		0.90155		0.87218		0.73743
884		13989.11		0.95307		0.95917		0.87047		0.84878		0.90155		0.87437		0.74237
885		13990.37		0.95315		0.95921		0.86528		0.84058		0.90155		0.87		0.7325
886		13991.54		0.95331		0.95937		0.86528		0.83732		0.90674		0.87065		0.73309
887		13992.77		0.95348		0.95985		0.8601		0.82629		0.91192		0.867		0.72411
888		13994.58		0.95345		0.95979		0.86528		0.83412		0.91192		0.87129		0.73377
889		13996.2		0.9528		0.9592		0.86528		0.8439		0.89637		0.86935		0.73199
890		13997.36		0.95229		0.95897		0.87565		0.8607		0.89637		0.87817		0.75194
891		13998.54		0.95254		0.95897		0.87565		0.86432		0.89119		0.87755		0.75166
892		13999.62		0.95297		0.95893		0.86269		0.83981		0.89637		0.86717		0.72704
893		14000.89		0.95227		0.95811		0.85492		0.82464		0.90155		0.86139		0.71295
894		14002.57		0.95235		0.95819		0.85233		0.82075		0.90155		0.85926		0.7081
895		14004.09		0.95224		0.95827		0.85751		0.82857		0.90155		0.86352		0.71782
896		14005.28		0.95227		0.95874		0.8601		0.83254		0.90155		0.86567		0.72269
897		14007.24		0.95216		0.95911		0.8601		0.84236		0.88601		0.86364		0.72118
898		14008.69		0.95286		0.9599		0.8601		0.83575		0.89637		0.865		0.72211
899		14010.45		0.95353		0.9604		0.8601		0.82629		0.91192		0.867		0.72411
900		14011.84		0.95291		0.95988		0.85751		0.82857		0.90155		0.86352		0.71782
901		14013.1		0.95227		0.95938		0.86528		0.8439		0.89637		0.86935		0.73199
902		14014.31		0.95178		0.95848		0.86788		0.84804		0.89637		0.87154		0.73695
903		14015.48		0.95195		0.95828		0.86269		0.83981		0.89637		0.86717		0.72704
904		14016.71		0.9525		0.95854		0.8601		0.83254		0.90155		0.86567		0.72269
905		14017.9		0.95224		0.95841		0.85751		0.82857		0.90155		0.86352		0.71782
906		14019.45		0.95267		0.9594		0.86269		0.83654		0.90155		0.86783		0.72759
907		14021.67		0.95227		0.95945		0.86528		0.8439		0.89637		0.86935		0.73199
908		14023.18		0.95184		0.9591		0.86528		0.84729		0.89119		0.86869		0.73155
909		14024.31		0.95189		0.95909		0.8601		0.83902		0.89119		0.86432		0.7216
910		14025.58		0.95181		0.95875		0.86788		0.84135		0.90674		0.87282		0.73798
911		14026.77		0.95178		0.95844		0.86528		0.83732		0.90674		0.87065		0.73309
912		14027.93		0.95207		0.9586		0.86788		0.8381		0.91192		0.87345		0.73862
913		14029.08		0.95197		0.9582		0.86269		0.83654		0.90155		0.86783		0.72759
914		14030.69		0.9527		0.95873		0.86528		0.84058		0.90155		0.87		0.7325
915		14032.53		0.95256		0.95857		0.87047		0.84541		0.90674		0.875		0.74289
916		14034.12		0.95262		0.95872		0.86528		0.83732		0.90674		0.87065		0.73309
917		14035.45		0.95246		0.9586		0.86528		0.83732		0.90674		0.87065		0.73309
918		14037.07		0.95283		0.95897		0.86528		0.83732		0.90674		0.87065		0.73309
919		14038.6		0.9535		0.95971		0.86528		0.83732		0.90674		0.87065		0.73309
920		14039.9		0.95407		0.96022		0.86528		0.83732		0.90674		0.87065		0.73309
921		14041.64		0.95393		0.96023		0.86788		0.8381		0.91192		0.87345		0.73862
922		14043.25		0.95356		0.95971		0.86788		0.8381		0.91192		0.87345		0.73862
923		14044.43		0.95323		0.95946		0.86788		0.84135		0.90674		0.87282		0.73798
924		14045.74		0.95334		0.95963		0.86528		0.8439		0.89637		0.86935		0.73199
925		14046.95		0.95302		0.95938		0.86528		0.8439		0.89637		0.86935		0.73199
926		14048.41		0.95302		0.95931		0.86528		0.8439		0.89637		0.86935		0.73199
927		14050.11		0.95251		0.95887		0.86528		0.8439		0.89637		0.86935		0.73199
928		14051.76		0.9527		0.95907		0.8601		0.82938		0.90674		0.86634		0.72336
929		14052.96		0.95284		0.95944		0.85751		0.82243		0.91192		0.86486		0.7193
930		14054.09		0.95251		0.95929		0.86528		0.84058		0.90155		0.87		0.7325
931		14055.24		0.95186		0.95894		0.86269		0.84314		0.89119		0.8665		0.72657
932		14056.41		0.95232		0.95912		0.86528		0.8439		0.89637		0.86935		0.73199
933		14057.73		0.95235		0.95894		0.85492		0.82775		0.89637		0.8607		0.7123
934		14058.9		0.9524		0.95873		0.85751		0.82547		0.90674		0.8642		0.71852
935		14060.14		0.95237		0.95883		0.85751		0.82857		0.90155		0.86352		0.71782
936		14062.06		0.95267		0.95922		0.86788		0.85149		0.89119		0.87089		0.73655
937		14063.41		0.95283		0.95934		0.86788		0.855		0.88601		0.87023		0.73624
938		14064.6		0.9535		0.95981		0.86269		0.84314		0.89119		0.8665		0.72657
939		14066.11		0.95356		0.95967		0.8601		0.83254		0.90155		0.86567		0.72269
940		14067.79		0.95374		0.96001		0.85751		0.82857		0.90155		0.86352		0.71782
941		14069.02		0.95299		0.95949		0.8601		0.83254		0.90155		0.86567		0.72269
942		14070.27		0.95229		0.95915		0.85492		0.83092		0.89119		0.86		0.71172
943		14072.14		0.95173		0.95856		0.85751		0.83495		0.89119		0.86216		0.71665
944		14074.31		0.95224		0.95849		0.85751		0.83173		0.89637		0.86284		0.7172
945		14075.54		0.95264		0.95828		0.85751		0.82857		0.90155		0.86352		0.71782
946		14076.88		0.95221		0.95764		0.85751		0.82547		0.90674		0.8642		0.71852
947		14078.01		0.95217		0.95777		0.85751		0.82857		0.90155		0.86352		0.71782
948		14079.16		0.95203		0.95842		0.8601		0.83575		0.89637		0.865		0.72211
949		14080.55		0.95162		0.95882		0.8601		0.83902		0.89119		0.86432		0.7216
950		14081.94		0.9517		0.95919		0.85492		0.83415		0.88601		0.8593		0.71122
951		14083.28		0.95188		0.9592		0.85233		0.82075		0.90155		0.85926		0.7081
952		14084.69		0.95176		0.95889		0.85233		0.81776		0.90674		0.85995		0.70887
953		14086.45		0.95068		0.95794		0.8601		0.83902		0.89119		0.86432		0.7216
954		14087.78		0.9499		0.95721		0.86269		0.84314		0.89119		0.8665		0.72657
955		14089.25		0.9505		0.95737		0.85751		0.83495		0.89119		0.86216		0.71665
956		14090.44		0.95076		0.95754		0.84974		0.8169		0.90155		0.85714		0.70327
957		14091.61		0.95127		0.95787		0.84715		0.81604		0.89637		0.85432		0.69769
958		14092.94		0.95135		0.95856		0.8601		0.83902		0.89119		0.86432		0.7216
959		14094.67		0.95157		0.95889		0.86528		0.85427		0.88083		0.86735		0.73092
960		14096.44		0.95264		0.95907		0.8601		0.83254		0.90155		0.86567		0.72269
961		14097.76		0.9527		0.9584		0.8601		0.82028		0.92228		0.86829		0.72584
962		14099.2		0.95107		0.95669		0.8601		0.83902		0.89119		0.86432		0.7216
963		14100.71		0.94859		0.95494		0.86269		0.85354		0.87565		0.86445		0.72563
964		14102.09		0.95162		0.95711		0.85751		0.81944		0.9171		0.86553		0.72016
965		14103.69		0.95251		0.95896		0.85751		0.81651		0.92228		0.86618		0.7211
966		14105.07		0.95227		0.95964		0.87047		0.85222		0.89637		0.87374		0.74193
967		14106.69		0.95139		0.95849		0.87824		0.85437		0.91192		0.88221		0.7582
968		14108.07		0.94907		0.95535		0.87565		0.8436		0.92228		0.88119		0.75458
969		14109.34		0.9459		0.9538		0.8601		0.84925		0.87565		0.86224		0.72056
970		14110.62		0.95423		0.96144		0.8601		0.82938		0.90674		0.86634		0.72336
971		14112.36		0.95506		0.96251		0.85492		0.82464		0.90155		0.86139		0.71295
972		14113.7		0.95348		0.96154		0.87047		0.85222		0.89637		0.87374		0.74193
973		14114.97		0.95141		0.95942		0.86528		0.85075		0.88601		0.86802		0.7312
974		14116.33		0.94913		0.9569		0.8601		0.82938		0.90674		0.86634		0.72336
975		14117.7		0.95246		0.96061		0.87565		0.87179		0.88083		0.87629		0.75134
976		14119.35		0.95331		0.96131		0.86788		0.85149		0.89119		0.87089		0.73655
977		14120.83		0.95396		0.96044		0.87047		0.81778		0.95337		0.88038		0.75133
978		14122.1		0.94478		0.95445		0.87306		0.8871		0.85492		0.87071		0.74661
979		14123.38		0.94056		0.94645		0.84715		0.80455		0.9171		0.85714		0.7012
980		14125.14		0.94462		0.9534		0.87306		0.875		0.87047		0.87273		0.74612
981		14126.93		0.95399		0.9616		0.86528		0.83412		0.91192		0.87129		0.73377
982		14128.19		0.9513		0.95877		0.8601		0.81448		0.93264		0.86957		0.72791
983		14129.36		0.94236		0.95125		0.85492		0.91018		0.78756		0.84444		0.71637
984		14130.53		0.86916		0.86272		0.73834		0.66429		0.96373		0.78647		0.53402
985		14131.78		0.85245		0.86339		0.71762		0.92		0.47668		0.62799		0.4967
986		14132.94		0.8997		0.91024		0.73057		0.66182		0.94301		0.77778		0.5094
987		14134.06		0.91637		0.93103		0.85233		0.86559		0.8342		0.8496		0.70513
988		14135.53		0.91256		0.92235		0.83161		0.90506		0.74093		0.81481		0.67439
989		14136.99		0.91117		0.91212		0.82902		0.79812		0.88083		0.83744		0.66159
990		14138.56		0.89951		0.89516		0.76943		0.69847		0.94819		0.8044		0.57699
991		14139.72		0.90145		0.89821		0.81606		0.77982		0.88083		0.82725		0.6375
992		14140.81		0.90158		0.90265		0.81865		0.90728		0.70984		0.79651		0.65295
993		14141.89		0.89847		0.90543		0.79275		0.94488		0.62176		0.75		0.62306
994		14143.11		0.90037		0.91025		0.79793		0.92593		0.64767		0.7622		0.62473
995		14144.32		0.90402		0.91412		0.82642		0.86628		0.77202		0.81644		0.65675
996		14145.55		0.90555		0.91477		0.83161		0.80189		0.88083		0.83951		0.66645
997		14146.71		0.90727		0.91691		0.79534		0.74783		0.89119		0.81324		0.60184
998		14148.08		0.90848		0.91936		0.80052		0.75893		0.88083		0.81535		0.60894
999		14149.81		0.90977		0.92271		0.82124		0.79524		0.86528		0.82878		0.64499
1000		14151.51		0.90998		0.92415		0.83161		0.83333		0.82902		0.83117		0.66322
AUC: [0.9555312216227766, 0.9433523850221677, 0.9598178516104909, 0.961099834410555, 0.9329362747716469, 0.9491880775599595, 0.9479851808102231, 0.9553545061612392, 0.9654353136996966, 0.9550860425783243]
Mean AUC: 0.9525786688247079 ( 0.009036389268275862 )
AUPR: [0.9549780599442655, 0.9534098295368193, 0.960427842854034, 0.9578653027546271, 0.9347098044333693, 0.9511453512012149, 0.9447802563426445, 0.9634588552298518, 0.9673688672433584, 0.96157059432858]
Mean AUPR: 0.9549714763868764 ( 0.009159147110168395 )
Accuracy: [0.8863049095607235, 0.8578811369509044, 0.8863049095607235, 0.896640826873385, 0.8475452196382429, 0.8863049095607235, 0.8886010362694301, 0.8860103626943006, 0.8782383419689119, 0.8678756476683938]
Mean Accuracy: 0.8781707300745738 ( 0.014715546208534191 )
Precision: [0.8504672897196262, 0.8527918781725888, 0.8409090909090909, 0.9047619047619048, 0.8418367346938775, 0.882051282051282, 0.875, 0.8941798941798942, 0.8348623853211009, 0.8480392156862745]
Mean Precision: 0.8624899675495639 ( 0.02330946068745378 )
Recall: [0.9381443298969072, 0.865979381443299, 0.9536082474226805, 0.8860103626943006, 0.8549222797927462, 0.8911917098445595, 0.9067357512953368, 0.8756476683937824, 0.9430051813471503, 0.8963730569948186]
Mean Recall: 0.901161796912558 ( 0.032060945691389876 )
F1: [0.8921568627450981, 0.8593350383631714, 0.893719806763285, 0.8952879581151832, 0.8483290488431876, 0.8865979381443299, 0.8905852417302799, 0.8848167539267016, 0.8856447688564477, 0.871536523929471]
Mean F1: 0.8808009941417156 ( 0.015085400341088717 )
MCC: [0.7767098194146823, 0.7158350343035643, 0.7796040762056875, 0.7934387972814774, 0.6951841684756008, 0.7726556451568684, 0.7777137710478189, 0.7721865863836965, 0.762904133783412, 0.7369492253481372]
Mean MCC: 0.7583181257400945 ( 0.030111905228875958 )
