Dataset: F-dataset
fold: 0
Epoch		Time		AUC		AUPR		Accuracy		Precision		Recall		F1-score		Mcc
1		3.17		0.7998		0.80649		0.49871		0.0		0.0		0.0		0.0
AUC improved at epoch  1 ;	best_auc: 0.7997970193899899
2		4.5		0.81499		0.81934		0.52196		1.0		0.04639		0.08867		0.15391
AUC improved at epoch  2 ;	best_auc: 0.8149938571657498
3		5.83		0.81665		0.82221		0.67442		0.81481		0.45361		0.58278		0.39013
AUC improved at epoch  3 ;	best_auc: 0.8166497516158325
4		7.01		0.8131		0.81809		0.70026		0.74074		0.61856		0.67416		0.40636
5		8.59		0.80973		0.81621		0.7261		0.73913		0.70103		0.71958		0.45287
6		10.53		0.80509		0.81265		0.72868		0.72139		0.74742		0.73418		0.45761
7		12.42		0.79993		0.80796		0.71318		0.69484		0.76289		0.72727		0.42828
8		13.65		0.7956		0.80408		0.71059		0.69159		0.76289		0.72549		0.4233
9		14.93		0.79344		0.80099		0.71059		0.70297		0.73196		0.71717		0.42148
10		16.09		0.79082		0.79767		0.71318		0.71066		0.72165		0.71611		0.42638
11		17.26		0.78962		0.79779		0.71318		0.71066		0.72165		0.71611		0.42638
12		18.69		0.79096		0.80152		0.71059		0.705		0.7268		0.71574		0.42134
13		20.14		0.79737		0.81093		0.71059		0.71134		0.71134		0.71134		0.42118
14		21.81		0.80581		0.82242		0.71318		0.69856		0.75258		0.72457		0.42752
15		23.0		0.8171		0.83462		0.73643		0.70721		0.80928		0.75481		0.4777
AUC improved at epoch  15 ;	best_auc: 0.8171037871908552
16		24.43		0.83059		0.84123		0.75194		0.72897		0.80412		0.76471		0.50645
AUC improved at epoch  16 ;	best_auc: 0.8305913145665296
17		25.57		0.8467		0.8479		0.75969		0.73272		0.81959		0.77372		0.52294
AUC improved at epoch  17 ;	best_auc: 0.8466962234923349
18		26.74		0.85984		0.85697		0.78295		0.74554		0.86082		0.79904		0.57264
AUC improved at epoch  18 ;	best_auc: 0.8598365471929919
19		27.87		0.86411		0.85693		0.77778		0.75		0.83505		0.79024		0.55905
AUC improved at epoch  19 ;	best_auc: 0.8641098231932055
20		29.17		0.86638		0.85954		0.78811		0.74561		0.87629		0.80569		0.58514
AUC improved at epoch  20 ;	best_auc: 0.866380001068319
21		30.7		0.86416		0.85822		0.78553		0.77889		0.79897		0.7888		0.57122
22		32.45		0.86609		0.86157		0.78295		0.74123		0.87113		0.80095		0.57464
23		33.61		0.86454		0.86107		0.78811		0.74138		0.8866		0.80751		0.58746
24		34.76		0.86211		0.85938		0.77778		0.75		0.83505		0.79024		0.55905
25		36.27		0.86299		0.86066		0.78036		0.74439		0.85567		0.79616		0.56696
26		38.08		0.86507		0.86215		0.78553		0.73617		0.89175		0.80653		0.5841
27		39.36		0.86646		0.86204		0.78553		0.74449		0.87113		0.80285		0.57936
AUC improved at epoch  27 ;	best_auc: 0.866460124993323
28		40.44		0.86865		0.86205		0.78811		0.75455		0.85567		0.80193		0.58135
AUC improved at epoch  28 ;	best_auc: 0.8686501789434325
29		41.72		0.87036		0.86291		0.78811		0.75225		0.86082		0.80288		0.5822
AUC improved at epoch  29 ;	best_auc: 0.8703594893435179
30		42.85		0.87151		0.86415		0.7907		0.74672		0.88144		0.80851		0.59095
AUC improved at epoch  30 ;	best_auc: 0.8715079322685754
31		44.02		0.87263		0.86586		0.79328		0.75221		0.87629		0.80952		0.59458
AUC improved at epoch  31 ;	best_auc: 0.8726296672186314
32		45.16		0.87282		0.86701		0.78811		0.75		0.86598		0.80383		0.58311
AUC improved at epoch  32 ;	best_auc: 0.8728166230436408
33		46.45		0.87306		0.86799		0.78295		0.74775		0.85567		0.79808		0.57175
AUC improved at epoch  33 ;	best_auc: 0.8730569948186528
34		47.59		0.87359		0.86969		0.78811		0.73729		0.89691		0.8093		0.59007
AUC improved at epoch  34 ;	best_auc: 0.8735911543186796
35		48.74		0.8749		0.87074		0.79328		0.75		0.88144		0.81043		0.59565
AUC improved at epoch  35 ;	best_auc: 0.874899845093745
36		50.71		0.87789		0.87294		0.78295		0.75463		0.84021		0.79512		0.56946
AUC improved at epoch  36 ;	best_auc: 0.8778911382938945
37		51.97		0.88094		0.87488		0.78811		0.75926		0.84536		0.8		0.57986
AUC improved at epoch  37 ;	best_auc: 0.8809358474440468
38		53.18		0.88219		0.87613		0.7907		0.7364		0.90722		0.81293		0.59754
AUC improved at epoch  38 ;	best_auc: 0.8821911222691096
39		54.41		0.88345		0.87642		0.78553		0.75814		0.84021		0.79707		0.57433
AUC improved at epoch  39 ;	best_auc: 0.8834463970941723
40		55.62		0.8847		0.87765		0.79328		0.78218		0.81443		0.79798		0.58702
AUC improved at epoch  40 ;	best_auc: 0.8847016719192351
41		57.36		0.88337		0.8791		0.79328		0.74569		0.89175		0.81221		0.59801
42		59.04		0.88147		0.87853		0.79845		0.74786		0.90206		0.81776		0.60987
43		60.16		0.8823		0.87909		0.78553		0.75814		0.84021		0.79707		0.57433
44		61.25		0.88275		0.87959		0.78811		0.75926		0.84536		0.8		0.57986
45		62.37		0.88371		0.88059		0.79587		0.74262		0.90722		0.81671		0.60668
46		63.68		0.88817		0.88276		0.79328		0.75446		0.87113		0.80861		0.59358
AUC improved at epoch  46 ;	best_auc: 0.8881737086694087
47		64.98		0.89023		0.88265		0.79845		0.77885		0.83505		0.80597		0.59839
AUC improved at epoch  47 ;	best_auc: 0.8902302227445115
48		66.2		0.89167		0.8827		0.79845		0.75439		0.8866		0.81517		0.60615
AUC improved at epoch  48 ;	best_auc: 0.8916724533945836
49		67.88		0.89087		0.88173		0.80103		0.75107		0.90206		0.81967		0.61448
50		69.34		0.89138		0.88249		0.80362		0.76339		0.88144		0.81818		0.61451
51		70.71		0.8906		0.88284		0.80103		0.77465		0.85052		0.81081		0.60489
52		72.11		0.88665		0.87774		0.80103		0.75107		0.90206		0.81967		0.61448
53		73.73		0.88727		0.8782		0.79845		0.75439		0.8866		0.81517		0.60615
54		75.02		0.89076		0.88201		0.80879		0.78846		0.84536		0.81592		0.61912
55		76.52		0.89071		0.87902		0.80879		0.76316		0.89691		0.82464		0.62716
56		77.83		0.89127		0.87899		0.80879		0.76316		0.89691		0.82464		0.62716
57		79.11		0.89319		0.88327		0.81137		0.78673		0.85567		0.81975		0.62507
AUC improved at epoch  57 ;	best_auc: 0.8931948079696598
58		80.55		0.89237		0.88105		0.81395		0.77727		0.88144		0.82609		0.63352
59		82.08		0.89202		0.87919		0.82171		0.77778		0.90206		0.83532		0.65169
60		83.47		0.89485		0.88349		0.81654		0.79147		0.86082		0.82469		0.63545
AUC improved at epoch  60 ;	best_auc: 0.8948507024197425
61		84.94		0.89635		0.88594		0.82429		0.80583		0.85567		0.83		0.64977
AUC improved at epoch  61 ;	best_auc: 0.8963463490198174
62		86.28		0.89456		0.88132		0.82946		0.78829		0.90206		0.84135		0.6658
63		87.6		0.8944		0.88283		0.82171		0.78539		0.8866		0.83293		0.64873
64		89.14		0.89803		0.89039		0.82429		0.81188		0.84536		0.82828		0.64909
AUC improved at epoch  64 ;	best_auc: 0.8980289514449015
65		91.38		0.89774		0.88634		0.82687		0.78995		0.89175		0.83777		0.65916
66		92.65		0.90051		0.89009		0.82171		0.7907		0.87629		0.8313		0.64713
AUC improved at epoch  66 ;	best_auc: 0.9005127931200256
67		93.85		0.90276		0.89504		0.81654		0.79147		0.86082		0.82469		0.63545
AUC improved at epoch  67 ;	best_auc: 0.9027562630201379
68		95.16		0.90059		0.89203		0.82687		0.79263		0.8866		0.83698		0.65831
69		96.26		0.90326		0.89575		0.82687		0.80095		0.87113		0.83457		0.6562
AUC improved at epoch  69 ;	best_auc: 0.9032637145451631
70		97.5		0.90658		0.89874		0.82171		0.80193		0.85567		0.82793		0.6448
AUC improved at epoch  70 ;	best_auc: 0.9065755034453288
71		98.71		0.90332		0.89503		0.83721		0.79372		0.91237		0.84892		0.682
72		99.82		0.90794		0.90082		0.82171		0.79904		0.86082		0.82878		0.64528
AUC improved at epoch  72 ;	best_auc: 0.9079376101703969
73		101.13		0.90751		0.89838		0.84238		0.80365		0.90722		0.8523		0.69044
74		102.27		0.90919		0.90063		0.83979		0.82039		0.87113		0.845		0.68084
AUC improved at epoch  74 ;	best_auc: 0.9091928849954598
75		103.62		0.90666		0.89886		0.83463		0.79545		0.90206		0.84541		0.67526
76		104.83		0.91379		0.90533		0.85013		0.83663		0.87113		0.85354		0.70082
AUC improved at epoch  76 ;	best_auc: 0.9137866566956893
77		106.3		0.91144		0.90219		0.83979		0.79204		0.92268		0.85238		0.68894
78		107.55		0.91518		0.90803		0.83463		0.88235		0.7732		0.82418		0.67456
AUC improved at epoch  78 ;	best_auc: 0.9151754713957589
79		109.29		0.90591		0.89669		0.82171		0.76596		0.92784		0.83916		0.65817
80		110.75		0.92014		0.91233		0.86822		0.84211		0.90722		0.87345		0.7386
AUC improved at epoch  80 ;	best_auc: 0.9201431547460073
81		111.97		0.9253		0.91886		0.84238		0.87571		0.79897		0.83558		0.68748
AUC improved at epoch  81 ;	best_auc: 0.925297793921265
82		113.35		0.92201		0.9161		0.84238		0.79821		0.91753		0.85372		0.69246
83		114.45		0.91841		0.91336		0.82946		0.78829		0.90206		0.84135		0.6658
84		115.65		0.92816		0.92274		0.88372		0.89005		0.87629		0.88312		0.76754
AUC improved at epoch  84 ;	best_auc: 0.9281555472464077
85		116.97		0.93219		0.92667		0.87855		0.8731		0.8866		0.8798		0.75719
AUC improved at epoch  85 ;	best_auc: 0.9321884514716093
86		119.01		0.93214		0.92703		0.86563		0.8287		0.92268		0.87317		0.73596
87		120.27		0.93246		0.92754		0.8708		0.83962		0.91753		0.87685		0.74477
AUC improved at epoch  87 ;	best_auc: 0.9324555312216227
88		121.46		0.93358		0.92979		0.85271		0.88268		0.81443		0.84718		0.70761
AUC improved at epoch  88 ;	best_auc: 0.9335772661716788
89		122.67		0.9332		0.9302		0.86822		0.85222		0.89175		0.87154		0.7372
90		123.95		0.93499		0.93069		0.86822		0.83568		0.91753		0.87469		0.73994
AUC improved at epoch  90 ;	best_auc: 0.9349927888467496
91		125.27		0.93761		0.93262		0.88372		0.867		0.90722		0.88665		0.76824
AUC improved at epoch  91 ;	best_auc: 0.9376101703968804
92		127.05		0.94148		0.93847		0.88114		0.87		0.89691		0.88325		0.76262
AUC improved at epoch  92 ;	best_auc: 0.9414828267720742
93		128.79		0.94039		0.93793		0.88372		0.87065		0.90206		0.88608		0.76792
94		130.61		0.94191		0.93918		0.87339		0.85366		0.90206		0.87719		0.74794
AUC improved at epoch  94 ;	best_auc: 0.9419101543720956
95		132.19		0.94215		0.93861		0.8863		0.89062		0.88144		0.88601		0.77266
AUC improved at epoch  95 ;	best_auc: 0.9421505261471075
96		133.4		0.94268		0.93798		0.87597		0.84762		0.91753		0.88119		0.75447
AUC improved at epoch  96 ;	best_auc: 0.9426846856471343
97		134.58		0.94557		0.94158		0.88114		0.85577		0.91753		0.88557		0.76423
AUC improved at epoch  97 ;	best_auc: 0.9455691469472784
98		135.71		0.94859		0.94647		0.88889		0.89947		0.87629		0.88773		0.77805
AUC improved at epoch  98 ;	best_auc: 0.9485871481224293
99		137.13		0.94931		0.94699		0.8708		0.83333		0.92784		0.87805		0.74637
AUC improved at epoch  99 ;	best_auc: 0.9493082634474653
100		138.7		0.94909		0.94697		0.88889		0.87562		0.90722		0.89114		0.77827
101		140.4		0.94717		0.9444		0.88889		0.89119		0.8866		0.88889		0.77779
102		141.55		0.94736		0.9446		0.88372		0.85646		0.92268		0.88834		0.76971
103		142.78		0.94952		0.94593		0.88889		0.86473		0.92268		0.89277		0.7795
AUC improved at epoch  103 ;	best_auc: 0.9495219272474761
104		143.97		0.9504		0.94647		0.88372		0.867		0.90722		0.88665		0.76824
AUC improved at epoch  104 ;	best_auc: 0.9504032904225201
105		145.15		0.95153		0.9483		0.8863		0.85714		0.92784		0.89109		0.77522
AUC improved at epoch  105 ;	best_auc: 0.9515250253725762
106		146.74		0.95281		0.95165		0.89147		0.86893		0.92268		0.895		0.78442
AUC improved at epoch  106 ;	best_auc: 0.9528070081726404
107		148.55		0.95238		0.95047		0.8863		0.875		0.90206		0.88832		0.77296
108		150.22		0.94827		0.94473		0.88114		0.84579		0.93299		0.88725		0.76632
109		151.89		0.95134		0.94812		0.88114		0.88947		0.87113		0.88021		0.76245
110		153.02		0.95217		0.95		0.87597		0.83796		0.93299		0.88293		0.75677
111		154.36		0.95473		0.9534		0.89406		0.88442		0.90722		0.89567		0.78836
AUC improved at epoch  111 ;	best_auc: 0.9547299823727365
112		155.48		0.95574		0.95295		0.89147		0.87624		0.91237		0.89394		0.78359
AUC improved at epoch  112 ;	best_auc: 0.9557448854227873
113		156.61		0.95473		0.95179		0.88372		0.84332		0.9433		0.89051		0.77285
114		157.72		0.95417		0.95179		0.90956		0.88038		0.94845		0.91315		0.82156
115		158.82		0.95382		0.95119		0.8863		0.85714		0.92784		0.89109		0.77522
116		160.09		0.95278		0.95057		0.8863		0.86408		0.91753		0.89		0.77406
117		161.25		0.95532		0.95412		0.88889		0.86829		0.91753		0.89223		0.779
118		162.49		0.95807		0.95618		0.88889		0.85116		0.9433		0.89487		0.78234
AUC improved at epoch  118 ;	best_auc: 0.9580684792479034
119		163.72		0.95769		0.95462		0.90698		0.87981		0.9433		0.91045		0.81606
120		164.95		0.95406		0.9515		0.88889		0.86124		0.92784		0.8933		0.78008
121		166.13		0.95679		0.95478		0.90181		0.89		0.91753		0.90355		0.80399
122		167.61		0.95751		0.9556		0.8863		0.84722		0.9433		0.89268		0.77759
123		169.27		0.95839		0.95695		0.90181		0.89		0.91753		0.90355		0.80399
AUC improved at epoch  123 ;	best_auc: 0.9583889749479195
124		170.66		0.95457		0.95308		0.88114		0.84259		0.93814		0.8878		0.76718
125		172.19		0.95628		0.9549		0.89406		0.8806		0.91237		0.8962		0.78861
126		173.56		0.96045		0.95938		0.90698		0.87264		0.95361		0.91133		0.81745
AUC improved at epoch  126 ;	best_auc: 0.9604454890230223
127		174.81		0.96082		0.95864		0.91214		0.88835		0.9433		0.915		0.82585
AUC improved at epoch  127 ;	best_auc: 0.960819400673041
128		175.98		0.9586		0.9559		0.90956		0.89163		0.93299		0.91184		0.81999
129		177.25		0.95703		0.95568		0.90439		0.89447		0.91753		0.90585		0.80904
130		179.25		0.95847		0.95727		0.89406		0.86256		0.93814		0.89877		0.79112
131		180.43		0.9598		0.95736		0.91473		0.88517		0.95361		0.91811		0.83193
132		181.6		0.96029		0.9575		0.91214		0.88095		0.95361		0.91584		0.82708
133		182.75		0.9605		0.95908		0.90439		0.87204		0.94845		0.90864		0.81188
134		183.99		0.96047		0.95993		0.91214		0.91667		0.90722		0.91192		0.82434
135		185.2		0.96149		0.95965		0.88889		0.85446		0.93814		0.89435		0.7815
AUC improved at epoch  135 ;	best_auc: 0.9614871000480744
136		186.74		0.9628		0.96181		0.89922		0.87081		0.93814		0.90323		0.80082
AUC improved at epoch  136 ;	best_auc: 0.9627957908231397
137		188.1		0.9613		0.96085		0.9199		0.91371		0.92784		0.92072		0.83989
138		189.76		0.96141		0.96014		0.90698		0.87264		0.95361		0.91133		0.81745
139		191.05		0.9592		0.95723		0.90698		0.86574		0.96392		0.9122		0.81921
140		192.55		0.95908		0.95731		0.89664		0.885		0.91237		0.89848		0.79365
141		193.98		0.95966		0.9591		0.90181		0.89		0.91753		0.90355		0.80399
142		195.28		0.96202		0.96166		0.89406		0.86603		0.93299		0.89826		0.79045
143		196.91		0.96301		0.96182		0.90956		0.89552		0.92784		0.91139		0.81964
AUC improved at epoch  143 ;	best_auc: 0.9630094546231505
144		198.37		0.96138		0.95936		0.90439		0.88293		0.93299		0.90727		0.81007
145		200.09		0.95844		0.9571		0.89406		0.86256		0.93814		0.89877		0.79112
146		201.47		0.95697		0.95646		0.88889		0.86829		0.91753		0.89223		0.779
147		203.2		0.95932		0.9584		0.90439		0.88293		0.93299		0.90727		0.81007
148		204.48		0.96114		0.95797		0.90956		0.88406		0.9433		0.91272		0.82094
149		205.73		0.96384		0.96142		0.90181		0.87864		0.93299		0.905		0.80514
AUC improved at epoch  149 ;	best_auc: 0.9638374018481919
150		207.59		0.96471		0.96441		0.90439		0.89055		0.92268		0.90633		0.8093
AUC improved at epoch  150 ;	best_auc: 0.9647054110357354
151		208.88		0.96357		0.96381		0.89406		0.88442		0.90722		0.89567		0.78836
152		210.13		0.96202		0.9619		0.90181		0.89		0.91753		0.90355		0.80399
153		211.23		0.96058		0.9603		0.90181		0.88614		0.92268		0.90404		0.80428
154		212.3		0.95994		0.95925		0.90956		0.88406		0.9433		0.91272		0.82094
155		213.88		0.96099		0.96061		0.91473		0.88889		0.94845		0.91771		0.83131
156		215.49		0.96218		0.96205		0.90698		0.895		0.92268		0.90863		0.81433
157		216.67		0.96349		0.96313		0.90698		0.89109		0.92784		0.90909		0.81463
158		217.84		0.96464		0.96462		0.89664		0.87379		0.92784		0.9		0.79478
159		219.01		0.96457		0.96517		0.90698		0.89109		0.92784		0.90909		0.81463
160		220.26		0.96456		0.96584		0.90956		0.90769		0.91237		0.91003		0.81913
161		221.41		0.9628		0.96283		0.90956		0.8995		0.92268		0.91094		0.81938
162		222.57		0.96154		0.95981		0.90698		0.8835		0.93814		0.91		0.81549
163		224.25		0.96122		0.95933		0.90181		0.87864		0.93299		0.905		0.80514
164		225.64		0.95988		0.95824		0.90439		0.8867		0.92784		0.9068		0.80964
165		226.87		0.95879		0.95784		0.89664		0.885		0.91237		0.89848		0.79365
166		228.05		0.95882		0.95853		0.90698		0.89109		0.92784		0.90909		0.81463
167		229.15		0.95922		0.95995		0.90439		0.89055		0.92268		0.90633		0.8093
168		230.26		0.95982		0.9603		0.90956		0.8995		0.92268		0.91094		0.81938
169		231.48		0.96061		0.96105		0.90956		0.8995		0.92268		0.91094		0.81938
170		232.64		0.96163		0.96148		0.91214		0.90404		0.92268		0.91327		0.82446
171		233.8		0.96185		0.96086		0.90698		0.895		0.92268		0.90863		0.81433
172		234.97		0.96133		0.9607		0.89922		0.88177		0.92268		0.90176		0.79929
173		236.33		0.96189		0.96197		0.90956		0.8995		0.92268		0.91094		0.81938
174		237.5		0.96169		0.96256		0.90956		0.90355		0.91753		0.91049		0.81921
175		239.14		0.96211		0.96363		0.90439		0.89447		0.91753		0.90585		0.80904
176		240.93		0.96244		0.96418		0.90439		0.89055		0.92268		0.90633		0.8093
177		242.77		0.96302		0.9645		0.90439		0.8867		0.92784		0.9068		0.80964
178		244.35		0.96285		0.96351		0.90181		0.88235		0.92784		0.90452		0.80467
179		245.48		0.96218		0.96261		0.90439		0.8867		0.92784		0.9068		0.80964
180		246.59		0.96099		0.96087		0.90439		0.89055		0.92268		0.90633		0.8093
181		247.87		0.9603		0.96036		0.90181		0.89		0.91753		0.90355		0.80399
182		248.98		0.95947		0.95937		0.90698		0.89109		0.92784		0.90909		0.81463
183		250.1		0.95919		0.95853		0.90956		0.8878		0.93814		0.91228		0.82042
184		251.26		0.95872		0.95782		0.90439		0.87923		0.93814		0.90773		0.81058
185		252.54		0.95988		0.95877		0.90181		0.88235		0.92784		0.90452		0.80467
186		254.18		0.96154		0.96066		0.90956		0.90355		0.91753		0.91049		0.81921
187		255.92		0.96187		0.9611		0.90181		0.89796		0.90722		0.90256		0.80365
188		257.05		0.96209		0.96162		0.89406		0.8806		0.91237		0.8962		0.78861
189		258.23		0.96229		0.96193		0.90439		0.8867		0.92784		0.9068		0.80964
190		259.64		0.96206		0.96147		0.89406		0.87317		0.92268		0.89724		0.78936
191		261.56		0.96074		0.95952		0.90956		0.89552		0.92784		0.91139		0.81964
192		262.69		0.9597		0.95861		0.91214		0.9		0.92784		0.91371		0.82467
193		263.77		0.95903		0.95733		0.90698		0.90306		0.91237		0.90769		0.81399
194		265.23		0.95908		0.95824		0.90181		0.89394		0.91237		0.90306		0.80378
195		266.9		0.95979		0.9594		0.90439		0.89848		0.91237		0.90537		0.80887
196		268.08		0.96034		0.95986		0.90181		0.88614		0.92268		0.90404		0.80428
197		269.18		0.96158		0.96083		0.90698		0.89109		0.92784		0.90909		0.81463
198		270.98		0.96223		0.96044		0.90698		0.89899		0.91753		0.90816		0.81412
199		272.69		0.96246		0.96048		0.90956		0.89552		0.92784		0.91139		0.81964
200		273.85		0.96302		0.96152		0.91473		0.89655		0.93814		0.91688		0.83033
201		275.1		0.96338		0.96348		0.90956		0.89163		0.93299		0.91184		0.81999
202		276.32		0.96261		0.96471		0.90439		0.89447		0.91753		0.90585		0.80904
203		277.55		0.96057		0.96391		0.90698		0.90722		0.90722		0.90722		0.81395
204		278.82		0.96027		0.96349		0.89922		0.8934		0.90722		0.90026		0.79854
205		280.45		0.96118		0.96287		0.90439		0.88293		0.93299		0.90727		0.81007
206		282.06		0.95996		0.95868		0.90698		0.88725		0.93299		0.90955		0.81502
207		283.22		0.9594		0.9573		0.90439		0.88293		0.93299		0.90727		0.81007
208		284.65		0.95862		0.95664		0.90181		0.89		0.91753		0.90355		0.80399
209		285.92		0.95988		0.95915		0.90698		0.88725		0.93299		0.90955		0.81502
210		287.05		0.96163		0.96277		0.89922		0.8744		0.93299		0.90274		0.80022
211		288.2		0.96163		0.96304		0.89922		0.87805		0.92784		0.90226		0.79971
212		289.35		0.96167		0.9632		0.90439		0.89055		0.92268		0.90633		0.8093
213		290.7		0.96226		0.96307		0.90439		0.89848		0.91237		0.90537		0.80887
214		291.88		0.9625		0.96252		0.90698		0.89899		0.91753		0.90816		0.81412
215		293.04		0.96206		0.96147		0.90698		0.90306		0.91237		0.90769		0.81399
216		294.22		0.96169		0.96048		0.90698		0.89109		0.92784		0.90909		0.81463
217		295.49		0.96077		0.9599		0.89922		0.87805		0.92784		0.90226		0.79971
218		296.66		0.96134		0.9612		0.90956		0.88406		0.9433		0.91272		0.82094
219		297.97		0.9611		0.96118		0.91473		0.89655		0.93814		0.91688		0.83033
220		300.11		0.96079		0.96066		0.91473		0.9005		0.93299		0.91646		0.82998
221		301.91		0.96093		0.96067		0.91731		0.90099		0.93814		0.91919		0.83532
222		303.56		0.96134		0.96106		0.91731		0.90099		0.93814		0.91919		0.83532
223		305.24		0.96213		0.96227		0.91214		0.88835		0.9433		0.915		0.82585
224		306.56		0.96245		0.96261		0.90698		0.8835		0.93814		0.91		0.81549
225		307.73		0.96237		0.96296		0.90698		0.88725		0.93299		0.90955		0.81502
226		309.03		0.96186		0.96261		0.90181		0.89		0.91753		0.90355		0.80399
227		310.16		0.96183		0.96294		0.90181		0.89796		0.90722		0.90256		0.80365
228		311.28		0.96178		0.96343		0.90698		0.90722		0.90722		0.90722		0.81395
229		312.4		0.96162		0.96304		0.90698		0.90722		0.90722		0.90722		0.81395
230		313.69		0.96133		0.9622		0.90698		0.895		0.92268		0.90863		0.81433
231		314.87		0.96113		0.96101		0.90181		0.88235		0.92784		0.90452		0.80467
232		316.62		0.96046		0.9596		0.90181		0.87143		0.9433		0.90594		0.80634
233		317.87		0.96051		0.95986		0.90698		0.8835		0.93814		0.91		0.81549
234		319.01		0.95938		0.95973		0.91731		0.90099		0.93814		0.91919		0.83532
235		320.29		0.95835		0.9592		0.90698		0.89899		0.91753		0.90816		0.81412
236		321.43		0.9576		0.95813		0.90698		0.89899		0.91753		0.90816		0.81412
237		322.66		0.95752		0.95783		0.90698		0.89899		0.91753		0.90816		0.81412
238		323.84		0.95793		0.95781		0.90439		0.89848		0.91237		0.90537		0.80887
239		325.32		0.95876		0.95848		0.89922		0.88945		0.91237		0.90076		0.7987
240		326.54		0.95824		0.95607		0.89406		0.8806		0.91237		0.8962		0.78861
241		327.83		0.95787		0.95466		0.89147		0.87624		0.91237		0.89394		0.78359
242		328.96		0.95912		0.95638		0.89922		0.88945		0.91237		0.90076		0.7987
243		330.2		0.96037		0.9586		0.90439		0.89447		0.91753		0.90585		0.80904
244		331.9		0.96102		0.9604		0.90956		0.8995		0.92268		0.91094		0.81938
245		333.75		0.96123		0.96155		0.91214		0.89604		0.93299		0.91414		0.82497
246		335.09		0.96078		0.96136		0.90698		0.89109		0.92784		0.90909		0.81463
247		336.51		0.96095		0.96179		0.90956		0.89552		0.92784		0.91139		0.81964
248		338.01		0.96102		0.96177		0.91214		0.9		0.92784		0.91371		0.82467
249		339.95		0.96047		0.96056		0.91473		0.90452		0.92784		0.91603		0.82972
250		341.56		0.96053		0.95995		0.91473		0.90452		0.92784		0.91603		0.82972
251		342.93		0.9605		0.95928		0.90956		0.89552		0.92784		0.91139		0.81964
252		344.07		0.96035		0.95899		0.90698		0.88725		0.93299		0.90955		0.81502
253		345.27		0.9599		0.95853		0.90439		0.88293		0.93299		0.90727		0.81007
254		346.43		0.96015		0.95889		0.90181		0.87864		0.93299		0.905		0.80514
255		347.66		0.96067		0.96043		0.90181		0.88235		0.92784		0.90452		0.80467
256		349.16		0.96102		0.96124		0.89922		0.88945		0.91237		0.90076		0.7987
257		350.41		0.96085		0.96148		0.90439		0.90256		0.90722		0.90488		0.80879
258		351.64		0.96113		0.96202		0.90439		0.90256		0.90722		0.90488		0.80879
259		352.87		0.96114		0.96214		0.90439		0.90256		0.90722		0.90488		0.80879
260		354.54		0.96063		0.96125		0.90698		0.895		0.92268		0.90863		0.81433
261		356.12		0.96049		0.96044		0.91214		0.89604		0.93299		0.91414		0.82497
262		357.35		0.96004		0.95884		0.90956		0.89552		0.92784		0.91139		0.81964
263		359.29		0.95958		0.95785		0.90956		0.89552		0.92784		0.91139		0.81964
264		360.48		0.95943		0.95741		0.90698		0.895		0.92268		0.90863		0.81433
265		361.75		0.95979		0.95777		0.90698		0.895		0.92268		0.90863		0.81433
266		362.91		0.95999		0.95817		0.90956		0.89552		0.92784		0.91139		0.81964
267		364.02		0.9603		0.95948		0.90698		0.89109		0.92784		0.90909		0.81463
268		365.24		0.96006		0.95879		0.90698		0.89109		0.92784		0.90909		0.81463
269		366.79		0.95966		0.95883		0.90956		0.89552		0.92784		0.91139		0.81964
270		368.58		0.95924		0.95836		0.90698		0.895		0.92268		0.90863		0.81433
271		369.93		0.95914		0.9593		0.90181		0.89394		0.91237		0.90306		0.80378
272		371.09		0.95895		0.95898		0.90181		0.89394		0.91237		0.90306		0.80378
273		372.3		0.95864		0.95837		0.89922		0.8934		0.90722		0.90026		0.79854
274		373.52		0.95956		0.95941		0.90439		0.89848		0.91237		0.90537		0.80887
275		374.63		0.95996		0.95989		0.90956		0.90355		0.91753		0.91049		0.81921
276		375.86		0.95996		0.95994		0.91473		0.90452		0.92784		0.91603		0.82972
277		377.81		0.95995		0.95949		0.91473		0.90452		0.92784		0.91603		0.82972
278		379.06		0.95988		0.95907		0.90956		0.8995		0.92268		0.91094		0.81938
279		380.17		0.96002		0.9595		0.91214		0.9		0.92784		0.91371		0.82467
280		381.28		0.95986		0.95931		0.90956		0.8995		0.92268		0.91094		0.81938
281		382.41		0.95992		0.95979		0.90956		0.8995		0.92268		0.91094		0.81938
282		383.52		0.96049		0.96027		0.90698		0.89899		0.91753		0.90816		0.81412
283		384.73		0.96087		0.96086		0.90698		0.895		0.92268		0.90863		0.81433
284		385.81		0.96109		0.96086		0.90439		0.89055		0.92268		0.90633		0.8093
285		386.96		0.96129		0.96081		0.90956		0.89552		0.92784		0.91139		0.81964
286		388.18		0.96134		0.96054		0.91214		0.89604		0.93299		0.91414		0.82497
287		389.81		0.96114		0.96028		0.90698		0.895		0.92268		0.90863		0.81433
288		391.69		0.96059		0.95938		0.90956		0.90769		0.91237		0.91003		0.81913
289		392.85		0.96062		0.96		0.90956		0.90769		0.91237		0.91003		0.81913
290		394.31		0.96129		0.96051		0.90956		0.90769		0.91237		0.91003		0.81913
291		396.13		0.96165		0.96097		0.91473		0.90452		0.92784		0.91603		0.82972
292		397.98		0.96198		0.96157		0.91214		0.89604		0.93299		0.91414		0.82497
293		399.62		0.9624		0.96201		0.91214		0.89604		0.93299		0.91414		0.82497
294		400.83		0.96265		0.96267		0.91731		0.90099		0.93814		0.91919		0.83532
295		402.22		0.96256		0.962		0.91214		0.9		0.92784		0.91371		0.82467
296		403.91		0.96266		0.96165		0.90956		0.8995		0.92268		0.91094		0.81938
297		405.39		0.96219		0.96087		0.90956		0.8995		0.92268		0.91094		0.81938
298		406.69		0.96209		0.96027		0.90698		0.89899		0.91753		0.90816		0.81412
299		407.85		0.96199		0.96025		0.90956		0.8995		0.92268		0.91094		0.81938
300		409.12		0.96211		0.96064		0.91214		0.9		0.92784		0.91371		0.82467
301		410.28		0.96241		0.96124		0.90956		0.89552		0.92784		0.91139		0.81964
302		411.41		0.96261		0.96113		0.90956		0.8995		0.92268		0.91094		0.81938
303		412.67		0.96266		0.96167		0.90698		0.895		0.92268		0.90863		0.81433
304		414.58		0.96265		0.96248		0.90439		0.89055		0.92268		0.90633		0.8093
305		415.81		0.96261		0.96229		0.90439		0.89055		0.92268		0.90633		0.8093
306		416.94		0.96269		0.96253		0.91214		0.90404		0.92268		0.91327		0.82446
307		418.04		0.96232		0.9615		0.91473		0.90863		0.92268		0.9156		0.82955
308		419.16		0.96245		0.96102		0.91214		0.9		0.92784		0.91371		0.82467
309		420.35		0.96264		0.96105		0.90956		0.89552		0.92784		0.91139		0.81964
310		421.44		0.96304		0.96154		0.91214		0.89604		0.93299		0.91414		0.82497
311		422.61		0.96222		0.96082		0.90956		0.89552		0.92784		0.91139		0.81964
312		423.96		0.96194		0.96055		0.90956		0.89552		0.92784		0.91139		0.81964
313		425.81		0.96169		0.96035		0.90439		0.89055		0.92268		0.90633		0.8093
314		426.99		0.96134		0.96009		0.90181		0.89		0.91753		0.90355		0.80399
315		428.09		0.96126		0.96002		0.90439		0.89447		0.91753		0.90585		0.80904
316		429.23		0.96146		0.96005		0.90956		0.8995		0.92268		0.91094		0.81938
317		430.53		0.96175		0.96014		0.90956		0.90355		0.91753		0.91049		0.81921
318		432.35		0.96158		0.96002		0.91214		0.90816		0.91753		0.91282		0.82433
319		433.92		0.9623		0.96057		0.91214		0.90404		0.92268		0.91327		0.82446
320		435.07		0.96268		0.96071		0.91214		0.9		0.92784		0.91371		0.82467
321		436.6		0.96229		0.95997		0.90956		0.89552		0.92784		0.91139		0.81964
322		437.75		0.9624		0.96028		0.91214		0.9		0.92784		0.91371		0.82467
323		438.9		0.96207		0.95961		0.91473		0.90863		0.92268		0.9156		0.82955
324		440.02		0.96175		0.95914		0.91473		0.90863		0.92268		0.9156		0.82955
325		441.12		0.96134		0.9592		0.91731		0.91327		0.92268		0.91795		0.83466
326		442.42		0.96094		0.95907		0.91731		0.90909		0.92784		0.91837		0.83479
327		443.55		0.96081		0.95986		0.91214		0.9		0.92784		0.91371		0.82467
328		444.71		0.96109		0.9609		0.91214		0.89604		0.93299		0.91414		0.82497
329		446.12		0.96115		0.96097		0.91214		0.89604		0.93299		0.91414		0.82497
330		448.11		0.96145		0.96141		0.91214		0.9		0.92784		0.91371		0.82467
331		449.31		0.96159		0.96106		0.90956		0.90355		0.91753		0.91049		0.81921
332		451.25		0.96206		0.96114		0.90698		0.89899		0.91753		0.90816		0.81412
333		452.81		0.96288		0.96164		0.91214		0.90816		0.91753		0.91282		0.82433
334		454.89		0.96296		0.96173		0.91473		0.91282		0.91753		0.91517		0.82947
335		456.7		0.9633		0.96202		0.91214		0.91237		0.91237		0.91237		0.82429
336		458.35		0.96284		0.96182		0.91214		0.90816		0.91753		0.91282		0.82433
337		459.5		0.96268		0.96159		0.90439		0.89055		0.92268		0.90633		0.8093
338		460.73		0.96236		0.96128		0.90956		0.89552		0.92784		0.91139		0.81964
339		462.17		0.96257		0.96136		0.90956		0.89552		0.92784		0.91139		0.81964
340		463.38		0.96256		0.96124		0.90956		0.89552		0.92784		0.91139		0.81964
341		464.61		0.96244		0.96128		0.91214		0.90404		0.92268		0.91327		0.82446
342		465.82		0.96262		0.96165		0.91473		0.91282		0.91753		0.91517		0.82947
343		466.97		0.96257		0.96145		0.91473		0.91282		0.91753		0.91517		0.82947
344		468.28		0.9625		0.96125		0.91473		0.90863		0.92268		0.9156		0.82955
345		469.56		0.96233		0.96033		0.90956		0.89552		0.92784		0.91139		0.81964
346		471.43		0.96218		0.96014		0.91214		0.89604		0.93299		0.91414		0.82497
347		472.58		0.96261		0.96072		0.91214		0.89604		0.93299		0.91414		0.82497
348		473.96		0.96281		0.96173		0.91731		0.90099		0.93814		0.91919		0.83532
349		475.14		0.96288		0.96265		0.9199		0.90955		0.93299		0.92112		0.84006
350		476.31		0.96256		0.96245		0.91214		0.9		0.92784		0.91371		0.82467
351		477.67		0.96139		0.96048		0.90956		0.89163		0.93299		0.91184		0.81999
352		478.92		0.96171		0.9611		0.90956		0.89163		0.93299		0.91184		0.81999
353		480.39		0.96193		0.96118		0.90181		0.89		0.91753		0.90355		0.80399
354		481.54		0.96162		0.96109		0.90181		0.89		0.91753		0.90355		0.80399
355		482.66		0.96155		0.96097		0.90439		0.89447		0.91753		0.90585		0.80904
356		483.8		0.96138		0.96047		0.90698		0.895		0.92268		0.90863		0.81433
357		485.06		0.96147		0.9601		0.90698		0.895		0.92268		0.90863		0.81433
358		486.4		0.96153		0.96042		0.90439		0.8867		0.92784		0.9068		0.80964
359		488.26		0.96198		0.96158		0.91214		0.89604		0.93299		0.91414		0.82497
360		489.93		0.96218		0.96178		0.9199		0.90955		0.93299		0.92112		0.84006
361		491.47		0.96292		0.96194		0.91473		0.90863		0.92268		0.9156		0.82955
362		492.76		0.96261		0.96145		0.91473		0.90863		0.92268		0.9156		0.82955
363		493.88		0.96229		0.9608		0.91731		0.90909		0.92784		0.91837		0.83479
364		495.02		0.96199		0.96025		0.90181		0.89		0.91753		0.90355		0.80399
365		496.12		0.96105		0.95864		0.89922		0.88557		0.91753		0.90127		0.79895
366		497.45		0.96034		0.9587		0.89664		0.88119		0.91753		0.89899		0.79394
367		498.6		0.96022		0.95851		0.89922		0.88557		0.91753		0.90127		0.79895
368		499.81		0.95986		0.95884		0.90956		0.8995		0.92268		0.91094		0.81938
369		501.07		0.95902		0.95835		0.90698		0.90306		0.91237		0.90769		0.81399
370		502.3		0.95834		0.95737		0.90698		0.90306		0.91237		0.90769		0.81399
371		503.48		0.95816		0.95666		0.89922		0.88945		0.91237		0.90076		0.7987
372		504.78		0.95942		0.95749		0.90439		0.89055		0.92268		0.90633		0.8093
373		506.24		0.96012		0.95828		0.89922		0.8744		0.93299		0.90274		0.80022
374		507.55		0.96019		0.95765		0.89922		0.8744		0.93299		0.90274		0.80022
375		509.16		0.96023		0.95817		0.90439		0.88293		0.93299		0.90727		0.81007
376		511.01		0.96026		0.9585		0.90698		0.89899		0.91753		0.90816		0.81412
377		512.46		0.96075		0.95902		0.90698		0.90306		0.91237		0.90769		0.81399
378		514.36		0.96197		0.96028		0.90956		0.90355		0.91753		0.91049		0.81921
379		516.2		0.96244		0.96106		0.90956		0.8995		0.92268		0.91094		0.81938
380		517.34		0.96293		0.96198		0.90698		0.895		0.92268		0.90863		0.81433
381		519.14		0.96324		0.96216		0.90698		0.895		0.92268		0.90863		0.81433
382		520.74		0.96357		0.96269		0.90439		0.8867		0.92784		0.9068		0.80964
383		522.17		0.96324		0.9621		0.90439		0.8867		0.92784		0.9068		0.80964
384		523.29		0.96258		0.96153		0.90698		0.89109		0.92784		0.90909		0.81463
385		524.39		0.96158		0.95982		0.91214		0.9		0.92784		0.91371		0.82467
386		525.54		0.96082		0.95874		0.90956		0.8995		0.92268		0.91094		0.81938
387		526.93		0.95998		0.95734		0.90439		0.89055		0.92268		0.90633		0.8093
388		528.05		0.95955		0.95609		0.90698		0.89109		0.92784		0.90909		0.81463
389		529.15		0.95982		0.95638		0.90181		0.88235		0.92784		0.90452		0.80467
390		530.36		0.96006		0.95724		0.90181		0.88235		0.92784		0.90452		0.80467
391		532.31		0.96082		0.95833		0.90698		0.89109		0.92784		0.90909		0.81463
392		533.53		0.96111		0.9596		0.90698		0.895		0.92268		0.90863		0.81433
393		534.64		0.96131		0.96018		0.90698		0.89899		0.91753		0.90816		0.81412
394		535.78		0.96181		0.96142		0.91473		0.90863		0.92268		0.9156		0.82955
395		537.04		0.96185		0.96069		0.91214		0.9		0.92784		0.91371		0.82467
396		538.28		0.96102		0.95878		0.90439		0.89055		0.92268		0.90633		0.8093
397		539.4		0.96107		0.95759		0.90181		0.88235		0.92784		0.90452		0.80467
398		540.53		0.96099		0.95729		0.90181		0.88235		0.92784		0.90452		0.80467
399		541.74		0.96081		0.95721		0.90698		0.88725		0.93299		0.90955		0.81502
400		543.21		0.96021		0.95673		0.90956		0.89552		0.92784		0.91139		0.81964
401		544.4		0.96037		0.95746		0.90698		0.90306		0.91237		0.90769		0.81399
402		545.55		0.96063		0.95875		0.90698		0.90722		0.90722		0.90722		0.81395
403		546.66		0.96029		0.95824		0.89922		0.88945		0.91237		0.90076		0.7987
404		547.77		0.95972		0.95741		0.89406		0.87685		0.91753		0.89673		0.78894
405		549.83		0.96041		0.95832		0.90181		0.89		0.91753		0.90355		0.80399
406		551.83		0.96115		0.95936		0.90181		0.89		0.91753		0.90355		0.80399
407		552.95		0.96117		0.95957		0.90439		0.89848		0.91237		0.90537		0.80887
408		554.06		0.96187		0.96056		0.89664		0.885		0.91237		0.89848		0.79365
409		555.27		0.96149		0.9597		0.90181		0.88614		0.92268		0.90404		0.80428
410		556.47		0.96123		0.95922		0.89922		0.88177		0.92268		0.90176		0.79929
411		557.62		0.96095		0.95856		0.89664		0.87745		0.92268		0.8995		0.79431
412		558.73		0.96103		0.95873		0.89664		0.87745		0.92268		0.8995		0.79431
413		560.23		0.96195		0.95992		0.90439		0.89848		0.91237		0.90537		0.80887
414		562.02		0.96257		0.96055		0.90698		0.90306		0.91237		0.90769		0.81399
415		563.42		0.96306		0.9614		0.91214		0.91237		0.91237		0.91237		0.82429
416		564.89		0.96345		0.96148		0.91214		0.9		0.92784		0.91371		0.82467
417		566.15		0.96337		0.96117		0.90439		0.88293		0.93299		0.90727		0.81007
418		567.39		0.96312		0.96043		0.90698		0.8835		0.93814		0.91		0.81549
419		569.23		0.963		0.96031		0.91473		0.89268		0.9433		0.91729		0.83078
420		570.36		0.96253		0.96004		0.91473		0.89268		0.9433		0.91729		0.83078
421		571.54		0.96233		0.95995		0.91473		0.89655		0.93814		0.91688		0.83033
422		572.64		0.96253		0.96024		0.91214		0.89216		0.93814		0.91457		0.82537
423		573.92		0.96232		0.95986		0.91214		0.88835		0.9433		0.915		0.82585
424		575.04		0.96197		0.95957		0.91214		0.88835		0.9433		0.915		0.82585
425		576.18		0.96089		0.95876		0.90439		0.88293		0.93299		0.90727		0.81007
426		578.06		0.96051		0.95841		0.89922		0.87805		0.92784		0.90226		0.79971
427		579.87		0.95966		0.95745		0.90439		0.8867		0.92784		0.9068		0.80964
428		581.66		0.95924		0.95664		0.89922		0.88177		0.92268		0.90176		0.79929
429		582.81		0.95962		0.95662		0.90181		0.89		0.91753		0.90355		0.80399
430		584.0		0.95994		0.95711		0.89922		0.88945		0.91237		0.90076		0.7987
431		585.4		0.96106		0.958		0.89922		0.8934		0.90722		0.90026		0.79854
432		587.13		0.96209		0.95931		0.90181		0.89		0.91753		0.90355		0.80399
433		588.58		0.9627		0.96037		0.90181		0.89		0.91753		0.90355		0.80399
434		589.83		0.96361		0.96193		0.90439		0.89848		0.91237		0.90537		0.80887
435		590.96		0.96372		0.96191		0.90439		0.89447		0.91753		0.90585		0.80904
436		592.29		0.96345		0.96172		0.90698		0.90306		0.91237		0.90769		0.81399
437		593.4		0.96297		0.9606		0.90698		0.90306		0.91237		0.90769		0.81399
438		594.5		0.96236		0.95959		0.90439		0.90256		0.90722		0.90488		0.80879
439		595.64		0.96115		0.95818		0.90439		0.90256		0.90722		0.90488		0.80879
440		596.85		0.96054		0.95741		0.90439		0.90256		0.90722		0.90488		0.80879
441		598.0		0.96049		0.95638		0.90698		0.90306		0.91237		0.90769		0.81399
442		599.16		0.96041		0.95708		0.90956		0.90355		0.91753		0.91049		0.81921
443		600.31		0.96042		0.9574		0.90439		0.89055		0.92268		0.90633		0.8093
444		601.48		0.96042		0.95749		0.90439		0.89055		0.92268		0.90633		0.8093
445		602.71		0.96087		0.95802		0.90439		0.89055		0.92268		0.90633		0.8093
446		604.21		0.96141		0.95877		0.90181		0.88235		0.92784		0.90452		0.80467
447		605.95		0.96177		0.95906		0.90181		0.88235		0.92784		0.90452		0.80467
448		607.74		0.96219		0.95996		0.90181		0.88235		0.92784		0.90452		0.80467
449		609.68		0.96286		0.96084		0.90698		0.89109		0.92784		0.90909		0.81463
450		611.21		0.96329		0.96131		0.90439		0.89447		0.91753		0.90585		0.80904
451		612.92		0.96293		0.961		0.90439		0.89848		0.91237		0.90537		0.80887
452		614.16		0.9627		0.96051		0.90698		0.90306		0.91237		0.90769		0.81399
453		615.4		0.96249		0.96026		0.90181		0.89796		0.90722		0.90256		0.80365
454		616.57		0.96273		0.9607		0.90698		0.90306		0.91237		0.90769		0.81399
455		617.67		0.9627		0.96072		0.90956		0.8995		0.92268		0.91094		0.81938
456		618.86		0.96252		0.96023		0.90698		0.895		0.92268		0.90863		0.81433
457		620.27		0.96257		0.96044		0.90439		0.8867		0.92784		0.9068		0.80964
458		625.66		0.96227		0.96014		0.90439		0.8867		0.92784		0.9068		0.80964
459		631.14		0.96222		0.95985		0.90181		0.88614		0.92268		0.90404		0.80428
460		633.97		0.9615		0.95883		0.90956		0.8995		0.92268		0.91094		0.81938
461		635.2		0.96089		0.95827		0.90956		0.8995		0.92268		0.91094		0.81938
462		636.28		0.96033		0.95685		0.90698		0.895		0.92268		0.90863		0.81433
463		637.36		0.96067		0.95727		0.90698		0.89899		0.91753		0.90816		0.81412
464		639.07		0.96054		0.95763		0.90698		0.89899		0.91753		0.90816		0.81412
465		640.95		0.96071		0.95815		0.90956		0.8995		0.92268		0.91094		0.81938
466		642.51		0.9609		0.95878		0.91473		0.90863		0.92268		0.9156		0.82955
467		643.79		0.96167		0.95981		0.91214		0.90404		0.92268		0.91327		0.82446
468		644.95		0.96219		0.96033		0.90956		0.8995		0.92268		0.91094		0.81938
469		646.59		0.96197		0.96023		0.90181		0.88614		0.92268		0.90404		0.80428
470		648.42		0.96161		0.95934		0.89406		0.87685		0.91753		0.89673		0.78894
471		649.83		0.96114		0.95846		0.89147		0.87624		0.91237		0.89394		0.78359
472		651.19		0.96063		0.95776		0.90698		0.90306		0.91237		0.90769		0.81399
473		652.48		0.96059		0.95805		0.90439		0.89848		0.91237		0.90537		0.80887
474		653.66		0.96091		0.95852		0.90181		0.89		0.91753		0.90355		0.80399
475		654.9		0.96053		0.95807		0.90181		0.89394		0.91237		0.90306		0.80378
476		656.08		0.96046		0.95819		0.90181		0.89394		0.91237		0.90306		0.80378
477		657.22		0.95986		0.95618		0.90698		0.89899		0.91753		0.90816		0.81412
478		658.4		0.95986		0.95653		0.90698		0.89899		0.91753		0.90816		0.81412
479		660.05		0.96061		0.95704		0.90439		0.8867		0.92784		0.9068		0.80964
480		661.55		0.96133		0.95771		0.89922		0.87805		0.92784		0.90226		0.79971
481		662.77		0.96238		0.95944		0.90181		0.88235		0.92784		0.90452		0.80467
482		663.91		0.96282		0.96071		0.91214		0.89216		0.93814		0.91457		0.82537
483		665.04		0.96346		0.96212		0.9199		0.90547		0.93814		0.92152		0.84033
484		667.01		0.96348		0.96233		0.91731		0.905		0.93299		0.91878		0.83501
485		668.68		0.96318		0.96182		0.91473		0.89655		0.93814		0.91688		0.83033
486		670.3		0.96221		0.95993		0.90698		0.89109		0.92784		0.90909		0.81463
487		671.6		0.96122		0.95848		0.89922		0.88177		0.92268		0.90176		0.79929
488		672.85		0.95999		0.95712		0.90956		0.8995		0.92268		0.91094		0.81938
489		673.97		0.95902		0.95555		0.91214		0.90404		0.92268		0.91327		0.82446
490		675.07		0.95908		0.95569		0.90181		0.90206		0.90206		0.90206		0.80362
491		676.23		0.95931		0.95576		0.91214		0.90404		0.92268		0.91327		0.82446
492		677.36		0.95963		0.95594		0.90439		0.8867		0.92784		0.9068		0.80964
493		678.6		0.96041		0.9568		0.90439		0.88293		0.93299		0.90727		0.81007
494		679.79		0.96127		0.95823		0.90181		0.88614		0.92268		0.90404		0.80428
495		680.97		0.96215		0.9594		0.90956		0.90355		0.91753		0.91049		0.81921
496		682.16		0.96269		0.96015		0.90439		0.91099		0.89691		0.9039		0.80889
497		683.42		0.96272		0.96059		0.90439		0.91534		0.89175		0.90339		0.80907
498		684.95		0.96191		0.95905		0.89922		0.88557		0.91753		0.90127		0.79895
499		686.56		0.96135		0.95806		0.89406		0.87317		0.92268		0.89724		0.78936
500		687.69		0.96094		0.95744		0.89664		0.87379		0.92784		0.9		0.79478
501		688.95		0.96026		0.95729		0.89922		0.88557		0.91753		0.90127		0.79895
502		690.27		0.95979		0.95702		0.90439		0.89848		0.91237		0.90537		0.80887
503		691.44		0.95952		0.95702		0.90698		0.90722		0.90722		0.90722		0.81395
504		692.61		0.95966		0.95727		0.90439		0.89848		0.91237		0.90537		0.80887
505		693.78		0.96073		0.95813		0.90181		0.89		0.91753		0.90355		0.80399
506		695.05		0.96187		0.95876		0.89922		0.87805		0.92784		0.90226		0.79971
507		696.22		0.9624		0.9591		0.89147		0.87255		0.91753		0.89447		0.78396
508		697.39		0.96191		0.95809		0.89147		0.87624		0.91237		0.89394		0.78359
509		698.55		0.96194		0.95823		0.90181		0.89		0.91753		0.90355		0.80399
510		700.56		0.96147		0.95804		0.90698		0.90306		0.91237		0.90769		0.81399
511		702.15		0.9607		0.95737		0.90956		0.90355		0.91753		0.91049		0.81921
512		703.92		0.96026		0.95741		0.91214		0.90816		0.91753		0.91282		0.82433
513		705.83		0.95988		0.95679		0.90956		0.8995		0.92268		0.91094		0.81938
514		707.61		0.96031		0.958		0.91214		0.89604		0.93299		0.91414		0.82497
515		709.25		0.96057		0.95766		0.90439		0.89447		0.91753		0.90585		0.80904
516		710.42		0.96109		0.95812		0.89664		0.885		0.91237		0.89848		0.79365
517		711.61		0.96114		0.95814		0.90181		0.89394		0.91237		0.90306		0.80378
518		712.83		0.9609		0.95828		0.90439		0.89848		0.91237		0.90537		0.80887
519		714.3		0.96102		0.95835		0.90439		0.89055		0.92268		0.90633		0.8093
520		715.58		0.96119		0.95857		0.90698		0.895		0.92268		0.90863		0.81433
521		716.78		0.96133		0.95883		0.90698		0.895		0.92268		0.90863		0.81433
522		717.96		0.96101		0.95833		0.90956		0.8995		0.92268		0.91094		0.81938
523		719.17		0.96059		0.95812		0.90439		0.89055		0.92268		0.90633		0.8093
524		720.34		0.96025		0.95709		0.90439		0.8867		0.92784		0.9068		0.80964
525		721.45		0.96055		0.95687		0.89664		0.88119		0.91753		0.89899		0.79394
526		722.61		0.9605		0.95653		0.89406		0.8806		0.91237		0.8962		0.78861
527		724.48		0.95999		0.95575		0.90956		0.90769		0.91237		0.91003		0.81913
528		725.88		0.96077		0.95727		0.90698		0.90722		0.90722		0.90722		0.81395
529		727.03		0.96077		0.95757		0.90956		0.91192		0.90722		0.90956		0.81913
530		728.17		0.96071		0.95783		0.91214		0.90816		0.91753		0.91282		0.82433
531		729.44		0.96082		0.95728		0.90698		0.89109		0.92784		0.90909		0.81463
532		731.2		0.96069		0.95753		0.90439		0.88293		0.93299		0.90727		0.81007
533		732.62		0.96029		0.95698		0.89922		0.88557		0.91753		0.90127		0.79895
534		733.91		0.96085		0.95815		0.90956		0.90769		0.91237		0.91003		0.81913
535		735.15		0.9613		0.95795		0.91214		0.91237		0.91237		0.91237		0.82429
536		736.53		0.96173		0.95823		0.90956		0.91623		0.90206		0.90909		0.81923
537		737.68		0.96238		0.95891		0.90698		0.91146		0.90206		0.90674		0.814
538		738.9		0.96226		0.95881		0.91473		0.91282		0.91753		0.91517		0.82947
539		740.05		0.96205		0.95892		0.90698		0.89899		0.91753		0.90816		0.81412
540		741.49		0.96185		0.95915		0.89922		0.88557		0.91753		0.90127		0.79895
541		743.51		0.96119		0.95864		0.90181		0.89		0.91753		0.90355		0.80399
542		744.77		0.96126		0.95898		0.90698		0.90306		0.91237		0.90769		0.81399
543		745.87		0.96071		0.95858		0.91214		0.91667		0.90722		0.91192		0.82434
544		746.96		0.96101		0.95864		0.90956		0.90769		0.91237		0.91003		0.81913
545		748.18		0.96113		0.95751		0.90181		0.89394		0.91237		0.90306		0.80378
546		749.31		0.96117		0.95729		0.90181		0.89		0.91753		0.90355		0.80399
547		750.43		0.96157		0.95753		0.89922		0.88557		0.91753		0.90127		0.79895
548		751.53		0.96167		0.95765		0.90181		0.89		0.91753		0.90355		0.80399
549		752.98		0.96238		0.95924		0.90181		0.89		0.91753		0.90355		0.80399
550		754.35		0.96304		0.96007		0.90698		0.89899		0.91753		0.90816		0.81412
551		755.98		0.96408		0.96131		0.90956		0.90769		0.91237		0.91003		0.81913
552		757.19		0.96422		0.96147		0.91214		0.90816		0.91753		0.91282		0.82433
553		758.93		0.96452		0.96169		0.90956		0.8995		0.92268		0.91094		0.81938
554		761.2		0.96508		0.96211		0.90439		0.89055		0.92268		0.90633		0.8093
AUC improved at epoch  554 ;	best_auc: 0.965079322685754
555		763.05		0.96487		0.96154		0.90181		0.88614		0.92268		0.90404		0.80428
556		764.61		0.96455		0.96119		0.89664		0.88119		0.91753		0.89899		0.79394
557		765.89		0.96389		0.96039		0.89922		0.88557		0.91753		0.90127		0.79895
558		767.13		0.96333		0.96005		0.89922		0.88557		0.91753		0.90127		0.79895
559		768.26		0.96262		0.95973		0.91473		0.90863		0.92268		0.9156		0.82955
560		769.35		0.96222		0.95937		0.91214		0.90816		0.91753		0.91282		0.82433
561		770.51		0.96142		0.95867		0.90181		0.89		0.91753		0.90355		0.80399
562		771.65		0.96053		0.95767		0.90181		0.89		0.91753		0.90355		0.80399
563		772.87		0.96		0.95691		0.89922		0.88557		0.91753		0.90127		0.79895
564		774.02		0.9599		0.95679		0.89922		0.88557		0.91753		0.90127		0.79895
565		775.15		0.96011		0.95679		0.90181		0.89		0.91753		0.90355		0.80399
566		776.33		0.95983		0.95594		0.89664		0.885		0.91237		0.89848		0.79365
567		777.8		0.95956		0.95568		0.89922		0.88945		0.91237		0.90076		0.7987
568		779.1		0.95956		0.95552		0.89922		0.88945		0.91237		0.90076		0.7987
569		781.07		0.95971		0.95623		0.89922		0.8934		0.90722		0.90026		0.79854
570		782.21		0.95984		0.95639		0.89922		0.8934		0.90722		0.90026		0.79854
571		783.39		0.96033		0.9569		0.90181		0.89796		0.90722		0.90256		0.80365
572		784.65		0.9603		0.95684		0.89922		0.88945		0.91237		0.90076		0.7987
573		785.74		0.9605		0.95744		0.89922		0.88945		0.91237		0.90076		0.7987
574		786.83		0.96091		0.95814		0.89664		0.88889		0.90722		0.89796		0.79344
575		787.98		0.96066		0.95805		0.89664		0.88889		0.90722		0.89796		0.79344
576		789.2		0.96086		0.95821		0.89664		0.88889		0.90722		0.89796		0.79344
577		790.41		0.96105		0.95825		0.89922		0.8934		0.90722		0.90026		0.79854
578		792.21		0.96081		0.95802		0.89922		0.8934		0.90722		0.90026		0.79854
579		793.56		0.9605		0.95749		0.89922		0.8934		0.90722		0.90026		0.79854
580		794.8		0.9605		0.95706		0.89406		0.88442		0.90722		0.89567		0.78836
581		795.98		0.96059		0.95691		0.90181		0.89394		0.91237		0.90306		0.80378
582		797.1		0.96085		0.95774		0.89922		0.8934		0.90722		0.90026		0.79854
583		799.11		0.96102		0.95778		0.90181		0.89796		0.90722		0.90256		0.80365
584		800.3		0.96141		0.95766		0.89922		0.88557		0.91753		0.90127		0.79895
585		801.69		0.96158		0.9584		0.89922		0.88557		0.91753		0.90127		0.79895
586		803.18		0.96186		0.95899		0.90181		0.88614		0.92268		0.90404		0.80428
587		804.69		0.96199		0.95929		0.90181		0.89		0.91753		0.90355		0.80399
588		806.02		0.96154		0.95877		0.90439		0.89848		0.91237		0.90537		0.80887
589		807.21		0.9615		0.95815		0.90698		0.89899		0.91753		0.90816		0.81412
590		808.31		0.96158		0.95811		0.90698		0.89899		0.91753		0.90816		0.81412
591		809.45		0.96157		0.95801		0.90698		0.89899		0.91753		0.90816		0.81412
592		810.59		0.96182		0.95807		0.91214		0.90816		0.91753		0.91282		0.82433
593		811.79		0.96221		0.95834		0.90956		0.90769		0.91237		0.91003		0.81913
594		812.88		0.96207		0.95662		0.90956		0.90769		0.91237		0.91003		0.81913
595		813.95		0.96225		0.95797		0.90956		0.90355		0.91753		0.91049		0.81921
596		815.08		0.96246		0.95808		0.90439		0.89848		0.91237		0.90537		0.80887
597		816.65		0.96207		0.95774		0.90439		0.89447		0.91753		0.90585		0.80904
598		818.26		0.96158		0.95775		0.90698		0.89899		0.91753		0.90816		0.81412
599		820.1		0.96071		0.95733		0.90698		0.89899		0.91753		0.90816		0.81412
600		821.83		0.96027		0.95724		0.90439		0.89447		0.91753		0.90585		0.80904
601		823.65		0.95911		0.95571		0.90181		0.89394		0.91237		0.90306		0.80378
602		824.85		0.95874		0.95471		0.90181		0.89394		0.91237		0.90306		0.80378
603		825.96		0.95972		0.95554		0.89922		0.8934		0.90722		0.90026		0.79854
604		827.07		0.96075		0.95638		0.89922		0.8934		0.90722		0.90026		0.79854
605		828.21		0.96225		0.95821		0.90439		0.89848		0.91237		0.90537		0.80887
606		829.51		0.96302		0.95871		0.90181		0.89394		0.91237		0.90306		0.80378
607		830.62		0.96378		0.95919		0.90698		0.89109		0.92784		0.90909		0.81463
608		831.76		0.96364		0.95938		0.89922		0.87805		0.92784		0.90226		0.79971
609		832.89		0.96336		0.95929		0.90181		0.88614		0.92268		0.90404		0.80428
610		834.14		0.96273		0.95939		0.90698		0.89899		0.91753		0.90816		0.81412
611		835.65		0.96179		0.95812		0.90956		0.90769		0.91237		0.91003		0.81913
612		837.21		0.96114		0.95755		0.90956		0.90769		0.91237		0.91003		0.81913
613		838.34		0.95972		0.9547		0.90698		0.89899		0.91753		0.90816		0.81412
614		839.63		0.95952		0.95449		0.90439		0.89447		0.91753		0.90585		0.80904
615		840.93		0.95955		0.95425		0.90181		0.89		0.91753		0.90355		0.80399
616		842.24		0.9595		0.95374		0.90181		0.89		0.91753		0.90355		0.80399
617		843.64		0.96051		0.95549		0.90181		0.89		0.91753		0.90355		0.80399
618		844.89		0.96075		0.95673		0.90181		0.89394		0.91237		0.90306		0.80378
619		846.27		0.96161		0.95794		0.89922		0.8934		0.90722		0.90026		0.79854
620		847.49		0.96237		0.95893		0.89664		0.88889		0.90722		0.89796		0.79344
621		849.14		0.96268		0.95939		0.89922		0.88557		0.91753		0.90127		0.79895
622		850.91		0.96288		0.9586		0.90181		0.88614		0.92268		0.90404		0.80428
623		852.83		0.96203		0.95717		0.89664		0.88119		0.91753		0.89899		0.79394
624		854.19		0.96146		0.95608		0.89664		0.88119		0.91753		0.89899		0.79394
625		855.75		0.96158		0.95681		0.89664		0.885		0.91237		0.89848		0.79365
626		857.39		0.96138		0.95804		0.90181		0.89		0.91753		0.90355		0.80399
627		858.76		0.96046		0.95809		0.90181		0.89394		0.91237		0.90306		0.80378
628		860.02		0.96042		0.95824		0.90439		0.90256		0.90722		0.90488		0.80879
629		861.23		0.96094		0.95835		0.89922		0.90155		0.89691		0.89922		0.79846
630		862.36		0.96071		0.95689		0.90698		0.90306		0.91237		0.90769		0.81399
631		863.54		0.9601		0.95538		0.89922		0.88945		0.91237		0.90076		0.7987
632		864.79		0.95948		0.95413		0.89922		0.88557		0.91753		0.90127		0.79895
633		866.07		0.95943		0.95473		0.89664		0.88889		0.90722		0.89796		0.79344
634		867.19		0.96014		0.95706		0.89922		0.88945		0.91237		0.90076		0.7987
635		868.32		0.96034		0.95787		0.90698		0.895		0.92268		0.90863		0.81433
636		869.49		0.96051		0.95861		0.90181		0.89394		0.91237		0.90306		0.80378
637		870.75		0.96158		0.95937		0.90439		0.89055		0.92268		0.90633		0.8093
638		871.9		0.96126		0.95831		0.91214		0.90404		0.92268		0.91327		0.82446
639		873.71		0.96063		0.957		0.90956		0.90355		0.91753		0.91049		0.81921
640		874.99		0.96023		0.95565		0.90698		0.90306		0.91237		0.90769		0.81399
641		876.18		0.96067		0.95604		0.90698		0.90306		0.91237		0.90769		0.81399
642		877.42		0.96154		0.95748		0.89922		0.88177		0.92268		0.90176		0.79929
643		878.59		0.96203		0.95867		0.89664		0.87379		0.92784		0.9		0.79478
644		880.27		0.96233		0.95963		0.91214		0.9		0.92784		0.91371		0.82467
645		881.99		0.96242		0.96032		0.90698		0.89899		0.91753		0.90816		0.81412
646		884.04		0.96215		0.96014		0.90698		0.89899		0.91753		0.90816		0.81412
647		885.44		0.96197		0.95948		0.90956		0.90355		0.91753		0.91049		0.81921
648		886.61		0.96046		0.95673		0.90181		0.88614		0.92268		0.90404		0.80428
649		887.78		0.95944		0.95465		0.90439		0.89447		0.91753		0.90585		0.80904
650		889.27		0.95876		0.95344		0.90181		0.89394		0.91237		0.90306		0.80378
651		890.42		0.95851		0.95307		0.89922		0.88945		0.91237		0.90076		0.7987
652		891.86		0.95847		0.95295		0.89922		0.88945		0.91237		0.90076		0.7987
653		893.45		0.95903		0.95302		0.89922		0.88945		0.91237		0.90076		0.7987
654		894.59		0.96035		0.95561		0.89406		0.88442		0.90722		0.89567		0.78836
655		895.86		0.96138		0.9577		0.89922		0.88945		0.91237		0.90076		0.7987
656		897.0		0.96256		0.95985		0.90439		0.91099		0.89691		0.9039		0.80889
657		898.12		0.96326		0.96067		0.90439		0.90674		0.90206		0.90439		0.8088
658		899.59		0.96337		0.96058		0.90698		0.90306		0.91237		0.90769		0.81399
659		901.24		0.96321		0.95951		0.90439		0.89848		0.91237		0.90537		0.80887
660		902.72		0.96185		0.95782		0.90698		0.89899		0.91753		0.90816		0.81412
661		903.9		0.96085		0.95543		0.90181		0.89		0.91753		0.90355		0.80399
662		905.05		0.95998		0.95426		0.90181		0.89394		0.91237		0.90306		0.80378
663		906.3		0.95974		0.95382		0.90698		0.90722		0.90722		0.90722		0.81395
664		907.76		0.95904		0.95311		0.89922		0.8934		0.90722		0.90026		0.79854
665		909.28		0.9589		0.95292		0.89664		0.88889		0.90722		0.89796		0.79344
666		910.75		0.95907		0.95298		0.89147		0.88776		0.89691		0.89231		0.78298
667		912.18		0.95946		0.95387		0.89406		0.88832		0.90206		0.89514		0.7882
668		913.88		0.96017		0.95545		0.89664		0.89286		0.90206		0.89744		0.79332
669		915.47		0.96106		0.95628		0.90439		0.89848		0.91237		0.90537		0.80887
670		916.61		0.96143		0.95657		0.90698		0.90306		0.91237		0.90769		0.81399
671		918.02		0.96215		0.95762		0.90181		0.89394		0.91237		0.90306		0.80378
672		919.25		0.96233		0.95789		0.90439		0.89447		0.91753		0.90585		0.80904
673		920.43		0.96177		0.95677		0.89664		0.88119		0.91753		0.89899		0.79394
674		921.58		0.96166		0.95705		0.89922		0.88557		0.91753		0.90127		0.79895
675		922.69		0.96106		0.95579		0.90956		0.90355		0.91753		0.91049		0.81921
676		923.96		0.96145		0.95667		0.90956		0.90769		0.91237		0.91003		0.81913
677		925.11		0.96123		0.95653		0.90439		0.89848		0.91237		0.90537		0.80887
678		926.32		0.96097		0.95628		0.90181		0.89394		0.91237		0.90306		0.80378
679		927.53		0.96094		0.95624		0.90181		0.89394		0.91237		0.90306		0.80378
680		928.89		0.96123		0.9572		0.89406		0.88832		0.90206		0.89514		0.7882
681		930.1		0.96149		0.95795		0.89664		0.89286		0.90206		0.89744		0.79332
682		931.66		0.96187		0.95916		0.89922		0.8934		0.90722		0.90026		0.79854
683		933.26		0.96201		0.95914		0.89664		0.88119		0.91753		0.89899		0.79394
684		934.38		0.96261		0.95987		0.89664		0.87745		0.92268		0.8995		0.79431
685		935.62		0.96314		0.95966		0.90439		0.88293		0.93299		0.90727		0.81007
686		936.78		0.96269		0.95945		0.90181		0.88614		0.92268		0.90404		0.80428
687		937.89		0.96154		0.95848		0.90698		0.895		0.92268		0.90863		0.81433
688		938.98		0.96039		0.95639		0.90956		0.89552		0.92784		0.91139		0.81964
689		940.2		0.95979		0.9548		0.90698		0.895		0.92268		0.90863		0.81433
690		941.65		0.95874		0.95297		0.90181		0.89		0.91753		0.90355		0.80399
691		943.32		0.95866		0.95267		0.90439		0.89848		0.91237		0.90537		0.80887
692		944.66		0.95932		0.95429		0.89922		0.89744		0.90206		0.89974		0.79846
693		946.26		0.95932		0.95429		0.89664		0.88889		0.90722		0.89796		0.79344
694		947.98		0.9598		0.95461		0.89406		0.88442		0.90722		0.89567		0.78836
695		949.67		0.96017		0.95523		0.89922		0.88557		0.91753		0.90127		0.79895
696		951.25		0.96058		0.95572		0.89406		0.87317		0.92268		0.89724		0.78936
697		952.52		0.96053		0.95663		0.90439		0.89055		0.92268		0.90633		0.8093
698		954.12		0.95983		0.9559		0.89664		0.89286		0.90206		0.89744		0.79332
699		955.49		0.95931		0.95567		0.90181		0.90625		0.89691		0.90155		0.80366
700		957.15		0.96074		0.95672		0.90439		0.89447		0.91753		0.90585		0.80904
701		958.59		0.96139		0.95707		0.90181		0.89		0.91753		0.90355		0.80399
702		959.72		0.96203		0.95784		0.89664		0.885		0.91237		0.89848		0.79365
703		961.03		0.96276		0.95895		0.90181		0.89394		0.91237		0.90306		0.80378
704		962.16		0.96289		0.95924		0.89922		0.8934		0.90722		0.90026		0.79854
705		963.27		0.96286		0.95936		0.90181		0.90625		0.89691		0.90155		0.80366
706		964.39		0.96242		0.95915		0.89922		0.91005		0.8866		0.89817		0.79873
707		965.6		0.96153		0.9578		0.90956		0.91623		0.90206		0.90909		0.81923
708		966.72		0.9601		0.95587		0.89147		0.88384		0.90206		0.89286		0.7831
709		967.81		0.95966		0.95542		0.89922		0.88945		0.91237		0.90076		0.7987
710		968.99		0.96		0.95576		0.90439		0.89447		0.91753		0.90585		0.80904
711		970.25		0.96089		0.95659		0.91214		0.90816		0.91753		0.91282		0.82433
712		971.52		0.96147		0.95681		0.90956		0.8995		0.92268		0.91094		0.81938
713		972.83		0.96218		0.95769		0.90181		0.88614		0.92268		0.90404		0.80428
714		974.28		0.96221		0.95721		0.90439		0.89055		0.92268		0.90633		0.8093
715		976.16		0.96276		0.95835		0.90439		0.89447		0.91753		0.90585		0.80904
716		977.82		0.96356		0.95972		0.90439		0.89447		0.91753		0.90585		0.80904
717		979.46		0.96317		0.95935		0.90698		0.90722		0.90722		0.90722		0.81395
718		980.59		0.96282		0.95873		0.90698		0.90306		0.91237		0.90769		0.81399
719		981.75		0.9621		0.95773		0.90181		0.89394		0.91237		0.90306		0.80378
720		982.96		0.96178		0.95679		0.89406		0.8806		0.91237		0.8962		0.78861
721		984.1		0.96117		0.9562		0.89147		0.87624		0.91237		0.89394		0.78359
722		985.19		0.96122		0.9568		0.89922		0.88945		0.91237		0.90076		0.7987
723		986.31		0.96207		0.958		0.90698		0.90306		0.91237		0.90769		0.81399
724		987.41		0.96233		0.95881		0.90956		0.90769		0.91237		0.91003		0.81913
725		988.63		0.96249		0.95911		0.90698		0.89899		0.91753		0.90816		0.81412
726		989.81		0.96207		0.95901		0.90181		0.88614		0.92268		0.90404		0.80428
727		991.13		0.96173		0.95817		0.89922		0.88177		0.92268		0.90176		0.79929
728		992.5		0.96071		0.95636		0.89922		0.88177		0.92268		0.90176		0.79929
729		993.84		0.96046		0.95606		0.90956		0.90355		0.91753		0.91049		0.81921
730		995.02		0.95955		0.95448		0.90439		0.90674		0.90206		0.90439		0.8088
731		996.93		0.9593		0.9549		0.90439		0.90674		0.90206		0.90439		0.8088
732		998.05		0.96007		0.95589		0.89922		0.8934		0.90722		0.90026		0.79854
733		999.31		0.96061		0.95726		0.90181		0.89796		0.90722		0.90256		0.80365
734		1000.43		0.96106		0.95806		0.90181		0.89796		0.90722		0.90256		0.80365
735		1001.54		0.96081		0.95833		0.89922		0.89744		0.90206		0.89974		0.79846
736		1002.91		0.96007		0.95749		0.89147		0.89583		0.8866		0.89119		0.78299
737		1004.45		0.95888		0.95609		0.90181		0.90206		0.90206		0.90206		0.80362
738		1005.96		0.95839		0.95459		0.90181		0.89394		0.91237		0.90306		0.80378
739		1007.5		0.95739		0.95254		0.90181		0.89		0.91753		0.90355		0.80399
740		1008.86		0.957		0.95172		0.90439		0.89055		0.92268		0.90633		0.8093
741		1010.66		0.95783		0.95236		0.89922		0.8934		0.90722		0.90026		0.79854
742		1011.9		0.95811		0.95337		0.89664		0.89691		0.89691		0.89691		0.79328
743		1013.06		0.95964		0.95558		0.90439		0.89848		0.91237		0.90537		0.80887
744		1014.35		0.96071		0.95728		0.90956		0.8995		0.92268		0.91094		0.81938
745		1016.43		0.96191		0.95905		0.90698		0.895		0.92268		0.90863		0.81433
746		1018.52		0.96325		0.96065		0.90439		0.89447		0.91753		0.90585		0.80904
747		1019.63		0.96366		0.96083		0.90439		0.89848		0.91237		0.90537		0.80887
748		1020.73		0.96316		0.95875		0.90698		0.90306		0.91237		0.90769		0.81399
749		1021.84		0.96197		0.95675		0.90181		0.89394		0.91237		0.90306		0.80378
750		1023.06		0.96153		0.95644		0.89664		0.885		0.91237		0.89848		0.79365
751		1024.17		0.96057		0.95546		0.89664		0.88119		0.91753		0.89899		0.79394
752		1025.3		0.96029		0.95699		0.90439		0.89447		0.91753		0.90585		0.80904
753		1026.44		0.96045		0.95774		0.91214		0.91237		0.91237		0.91237		0.82429
754		1027.59		0.96071		0.95808		0.91214		0.91667		0.90722		0.91192		0.82434
755		1028.81		0.96077		0.958		0.90956		0.90355		0.91753		0.91049		0.81921
756		1029.98		0.96021		0.95649		0.90181		0.89394		0.91237		0.90306		0.80378
757		1031.14		0.96047		0.95584		0.89922		0.88557		0.91753		0.90127		0.79895
758		1032.27		0.96095		0.95598		0.89664		0.885		0.91237		0.89848		0.79365
759		1033.78		0.96109		0.95614		0.90181		0.89394		0.91237		0.90306		0.80378
760		1035.58		0.96095		0.95694		0.90181		0.90625		0.89691		0.90155		0.80366
761		1036.79		0.96057		0.95608		0.89664		0.88889		0.90722		0.89796		0.79344
762		1037.96		0.95979		0.95488		0.88889		0.87562		0.90722		0.89114		0.77827
763		1039.81		0.95935		0.9546		0.89147		0.87255		0.91753		0.89447		0.78396
764		1041.41		0.95943		0.95465		0.89406		0.87685		0.91753		0.89673		0.78894
765		1042.67		0.95984		0.95501		0.89406		0.8806		0.91237		0.8962		0.78861
766		1043.84		0.95974		0.9556		0.89922		0.88945		0.91237		0.90076		0.7987
767		1045.01		0.96004		0.95603		0.89922		0.88945		0.91237		0.90076		0.7987
768		1046.39		0.96095		0.95662		0.89922		0.88945		0.91237		0.90076		0.7987
769		1047.59		0.96195		0.95749		0.89922		0.88945		0.91237		0.90076		0.7987
770		1048.77		0.96261		0.95798		0.89922		0.88945		0.91237		0.90076		0.7987
771		1049.97		0.96304		0.95859		0.90181		0.89		0.91753		0.90355		0.80399
772		1051.11		0.96337		0.95889		0.90439		0.90256		0.90722		0.90488		0.80879
773		1052.52		0.96329		0.95887		0.90181		0.90206		0.90206		0.90206		0.80362
774		1054.25		0.96232		0.95791		0.90956		0.90769		0.91237		0.91003		0.81913
775		1055.6		0.96119		0.95658		0.89147		0.88		0.90722		0.8934		0.7833
776		1057.16		0.9607		0.95637		0.89922		0.8934		0.90722		0.90026		0.79854
777		1058.57		0.96069		0.95635		0.89922		0.8934		0.90722		0.90026		0.79854
778		1060.28		0.96003		0.95436		0.89664		0.885		0.91237		0.89848		0.79365
779		1061.79		0.95982		0.95411		0.90439		0.89055		0.92268		0.90633		0.8093
780		1062.97		0.95984		0.95482		0.90698		0.895		0.92268		0.90863		0.81433
781		1064.32		0.95939		0.95437		0.91214		0.9		0.92784		0.91371		0.82467
782		1065.76		0.95932		0.9542		0.90956		0.89552		0.92784		0.91139		0.81964
783		1067.07		0.9598		0.95443		0.90956		0.89163		0.93299		0.91184		0.81999
784		1068.81		0.95984		0.95548		0.90956		0.89552		0.92784		0.91139		0.81964
785		1070.46		0.96002		0.95556		0.90439		0.89447		0.91753		0.90585		0.80904
786		1071.77		0.96012		0.9559		0.90181		0.89394		0.91237		0.90306		0.80378
787		1073.06		0.96017		0.956		0.90181		0.89796		0.90722		0.90256		0.80365
788		1074.49		0.96046		0.95622		0.89922		0.89744		0.90206		0.89974		0.79846
789		1076.32		0.9613		0.95705		0.90181		0.89796		0.90722		0.90256		0.80365
790		1078.14		0.96182		0.95665		0.89922		0.88945		0.91237		0.90076		0.7987
791		1079.95		0.96202		0.95699		0.89922		0.88557		0.91753		0.90127		0.79895
792		1081.16		0.96249		0.95726		0.90181		0.89		0.91753		0.90355		0.80399
793		1082.42		0.96232		0.9571		0.90439		0.89447		0.91753		0.90585		0.80904
794		1083.64		0.9619		0.95677		0.90181		0.89394		0.91237		0.90306		0.80378
795		1084.84		0.96139		0.95652		0.90698		0.89899		0.91753		0.90816		0.81412
796		1086.07		0.96091		0.9555		0.90698		0.895		0.92268		0.90863		0.81433
797		1087.26		0.96059		0.95576		0.90181		0.88614		0.92268		0.90404		0.80428
798		1088.4		0.96114		0.95565		0.90956		0.8995		0.92268		0.91094		0.81938
799		1089.73		0.96163		0.95691		0.90956		0.90355		0.91753		0.91049		0.81921
800		1090.94		0.96221		0.95713		0.90956		0.90355		0.91753		0.91049		0.81921
801		1092.16		0.96234		0.95704		0.90698		0.89899		0.91753		0.90816		0.81412
802		1093.36		0.96272		0.95734		0.90439		0.89055		0.92268		0.90633		0.8093
803		1094.62		0.96218		0.95692		0.90181		0.89		0.91753		0.90355		0.80399
804		1095.84		0.96125		0.95621		0.90181		0.89		0.91753		0.90355		0.80399
805		1097.38		0.96015		0.95566		0.90181		0.89		0.91753		0.90355		0.80399
806		1098.81		0.9592		0.95431		0.90181		0.89		0.91753		0.90355		0.80399
807		1100.25		0.95856		0.95401		0.89922		0.88945		0.91237		0.90076		0.7987
808		1101.57		0.95785		0.9521		0.89664		0.87745		0.92268		0.8995		0.79431
809		1103.07		0.95749		0.95242		0.89664		0.87745		0.92268		0.8995		0.79431
810		1104.49		0.95708		0.95241		0.89147		0.86893		0.92268		0.895		0.78442
811		1106.15		0.95781		0.953		0.89922		0.88557		0.91753		0.90127		0.79895
812		1107.59		0.95823		0.95288		0.89406		0.88442		0.90722		0.89567		0.78836
813		1108.98		0.95888		0.95413		0.89406		0.88442		0.90722		0.89567		0.78836
814		1110.74		0.95916		0.95411		0.89406		0.88442		0.90722		0.89567		0.78836
815		1112.05		0.95978		0.95433		0.89664		0.88889		0.90722		0.89796		0.79344
816		1113.49		0.95991		0.95429		0.89922		0.88945		0.91237		0.90076		0.7987
817		1114.71		0.96025		0.95368		0.89664		0.88889		0.90722		0.89796		0.79344
818		1116.36		0.96042		0.95397		0.90181		0.89		0.91753		0.90355		0.80399
819		1117.94		0.96027		0.9543		0.90439		0.89447		0.91753		0.90585		0.80904
820		1119.3		0.96071		0.95467		0.90439		0.89447		0.91753		0.90585		0.80904
821		1120.47		0.96055		0.9547		0.89922		0.88177		0.92268		0.90176		0.79929
822		1121.75		0.9601		0.95449		0.89664		0.87379		0.92784		0.9		0.79478
823		1123.04		0.96025		0.95462		0.89664		0.87745		0.92268		0.8995		0.79431
824		1124.22		0.96026		0.95487		0.90181		0.89394		0.91237		0.90306		0.80378
825		1125.51		0.96083		0.95555		0.90181		0.90206		0.90206		0.90206		0.80362
826		1126.73		0.96115		0.95535		0.89922		0.8934		0.90722		0.90026		0.79854
827		1127.86		0.96122		0.95502		0.89922		0.88177		0.92268		0.90176		0.79929
828		1129.53		0.96079		0.95427		0.89147		0.86893		0.92268		0.895		0.78442
829		1131.28		0.96093		0.9548		0.89664		0.88119		0.91753		0.89899		0.79394
830		1132.52		0.96026		0.95466		0.90698		0.90306		0.91237		0.90769		0.81399
831		1133.72		0.95954		0.95347		0.89922		0.88557		0.91753		0.90127		0.79895
832		1135.35		0.95777		0.94775		0.89664		0.87745		0.92268		0.8995		0.79431
833		1136.86		0.95807		0.95173		0.90181		0.89394		0.91237		0.90306		0.80378
834		1138.74		0.95826		0.95221		0.91214		0.90816		0.91753		0.91282		0.82433
835		1140.3		0.95872		0.95417		0.90956		0.90769		0.91237		0.91003		0.81913
836		1141.54		0.95975		0.9549		0.90439		0.89848		0.91237		0.90537		0.80887
837		1142.76		0.96038		0.95607		0.90181		0.89394		0.91237		0.90306		0.80378
838		1144.05		0.9605		0.95603		0.89922		0.89744		0.90206		0.89974		0.79846
839		1145.19		0.96082		0.95537		0.89922		0.90155		0.89691		0.89922		0.79846
840		1146.37		0.96107		0.95518		0.89922		0.8934		0.90722		0.90026		0.79854
841		1147.55		0.96071		0.95319		0.90181		0.89		0.91753		0.90355		0.80399
842		1148.69		0.9607		0.95325		0.90439		0.89447		0.91753		0.90585		0.80904
843		1150.69		0.96098		0.95375		0.91214		0.90816		0.91753		0.91282		0.82433
844		1151.84		0.96178		0.95642		0.91214		0.90816		0.91753		0.91282		0.82433
845		1153.0		0.96199		0.95672		0.90439		0.89447		0.91753		0.90585		0.80904
846		1154.19		0.96158		0.95662		0.90439		0.89447		0.91753		0.90585		0.80904
847		1155.42		0.9615		0.95678		0.90698		0.895		0.92268		0.90863		0.81433
848		1156.52		0.9613		0.95579		0.90439		0.89055		0.92268		0.90633		0.8093
849		1157.62		0.96129		0.95608		0.90698		0.895		0.92268		0.90863		0.81433
850		1158.96		0.96098		0.95596		0.90439		0.89447		0.91753		0.90585		0.80904
851		1160.65		0.96095		0.95549		0.90439		0.89447		0.91753		0.90585		0.80904
852		1162.05		0.96095		0.95543		0.90181		0.89		0.91753		0.90355		0.80399
853		1163.2		0.96118		0.95506		0.90181		0.88614		0.92268		0.90404		0.80428
854		1164.53		0.96089		0.9547		0.90439		0.8867		0.92784		0.9068		0.80964
855		1165.85		0.96122		0.95612		0.89922		0.8934		0.90722		0.90026		0.79854
856		1167.51		0.96111		0.95595		0.90956		0.91192		0.90722		0.90956		0.81913
857		1168.95		0.96054		0.95526		0.90439		0.90256		0.90722		0.90488		0.80879
858		1170.5		0.96022		0.95375		0.90956		0.8995		0.92268		0.91094		0.81938
859		1172.13		0.95982		0.95325		0.89664		0.87745		0.92268		0.8995		0.79431
860		1174.2		0.95927		0.95254		0.89664		0.88119		0.91753		0.89899		0.79394
861		1175.49		0.95916		0.95415		0.90181		0.89394		0.91237		0.90306		0.80378
862		1176.6		0.95884		0.95424		0.90956		0.90769		0.91237		0.91003		0.81913
863		1177.73		0.95907		0.95486		0.90698		0.90306		0.91237		0.90769		0.81399
864		1178.85		0.95968		0.95529		0.90698		0.90306		0.91237		0.90769		0.81399
865		1180.09		0.96045		0.95596		0.90698		0.89899		0.91753		0.90816		0.81412
866		1181.2		0.96069		0.95607		0.90956		0.90355		0.91753		0.91049		0.81921
867		1182.31		0.96111		0.95646		0.90956		0.90355		0.91753		0.91049		0.81921
868		1183.47		0.96106		0.9563		0.90956		0.90355		0.91753		0.91049		0.81921
869		1184.75		0.96095		0.95613		0.90956		0.90355		0.91753		0.91049		0.81921
870		1186.04		0.96082		0.95595		0.90956		0.8995		0.92268		0.91094		0.81938
871		1187.58		0.96038		0.95568		0.90956		0.8995		0.92268		0.91094		0.81938
872		1189.24		0.95976		0.95512		0.90956		0.89552		0.92784		0.91139		0.81964
873		1191.16		0.95982		0.9551		0.90956		0.89552		0.92784		0.91139		0.81964
874		1192.32		0.95995		0.95521		0.90956		0.89552		0.92784		0.91139		0.81964
875		1194.27		0.96039		0.95568		0.90439		0.89447		0.91753		0.90585		0.80904
876		1195.45		0.9611		0.95623		0.90956		0.90355		0.91753		0.91049		0.81921
877		1196.75		0.96133		0.9564		0.90181		0.88614		0.92268		0.90404		0.80428
878		1197.95		0.96146		0.95617		0.89922		0.88557		0.91753		0.90127		0.79895
879		1199.65		0.96134		0.9557		0.89664		0.885		0.91237		0.89848		0.79365
880		1201.3		0.96118		0.95549		0.89406		0.8806		0.91237		0.8962		0.78861
881		1202.59		0.96091		0.95547		0.89406		0.8806		0.91237		0.8962		0.78861
882		1203.77		0.96055		0.95559		0.89922		0.88945		0.91237		0.90076		0.7987
883		1204.93		0.9599		0.9542		0.89922		0.88945		0.91237		0.90076		0.7987
884		1206.07		0.95948		0.95414		0.90181		0.88614		0.92268		0.90404		0.80428
885		1207.61		0.95956		0.95427		0.90439		0.8867		0.92784		0.9068		0.80964
886		1209.1		0.9598		0.95436		0.90439		0.88293		0.93299		0.90727		0.81007
887		1210.48		0.96		0.95443		0.90439		0.88293		0.93299		0.90727		0.81007
888		1211.63		0.96047		0.95481		0.90181		0.89		0.91753		0.90355		0.80399
889		1213.64		0.96065		0.95581		0.90698		0.89899		0.91753		0.90816		0.81412
890		1215.02		0.96097		0.9561		0.90439		0.89447		0.91753		0.90585		0.80904
891		1216.54		0.96105		0.95606		0.90439		0.89447		0.91753		0.90585		0.80904
892		1218.0		0.9613		0.95631		0.89922		0.88557		0.91753		0.90127		0.79895
893		1219.67		0.96143		0.95631		0.90439		0.89055		0.92268		0.90633		0.8093
894		1220.83		0.96114		0.95612		0.90439		0.89055		0.92268		0.90633		0.8093
895		1222.27		0.96075		0.95579		0.90181		0.88614		0.92268		0.90404		0.80428
896		1223.93		0.96017		0.95551		0.90698		0.89899		0.91753		0.90816		0.81412
897		1225.38		0.95948		0.95475		0.90439		0.89447		0.91753		0.90585		0.80904
898		1226.95		0.959		0.9545		0.89922		0.8934		0.90722		0.90026		0.79854
899		1228.37		0.95895		0.95431		0.89922		0.8934		0.90722		0.90026		0.79854
900		1229.64		0.95962		0.95337		0.89922		0.88945		0.91237		0.90076		0.7987
901		1230.89		0.96059		0.95446		0.89922		0.8934		0.90722		0.90026		0.79854
902		1232.85		0.96158		0.95529		0.90698		0.90306		0.91237		0.90769		0.81399
903		1234.17		0.96194		0.95576		0.90181		0.89796		0.90722		0.90256		0.80365
904		1235.68		0.96282		0.95631		0.90439		0.89848		0.91237		0.90537		0.80887
905		1236.91		0.96277		0.95621		0.89922		0.88945		0.91237		0.90076		0.7987
906		1238.37		0.96229		0.95529		0.90956		0.90769		0.91237		0.91003		0.81913
907		1239.69		0.96161		0.95632		0.91214		0.90816		0.91753		0.91282		0.82433
908		1241.2		0.96034		0.95362		0.90956		0.90769		0.91237		0.91003		0.81913
909		1242.46		0.96007		0.95335		0.90956		0.90769		0.91237		0.91003		0.81913
910		1243.78		0.96021		0.95349		0.90698		0.90306		0.91237		0.90769		0.81399
911		1245.38		0.96035		0.954		0.90698		0.89899		0.91753		0.90816		0.81412
912		1246.86		0.96034		0.95436		0.91214		0.90816		0.91753		0.91282		0.82433
913		1248.6		0.96101		0.95513		0.91214		0.91237		0.91237		0.91237		0.82429
914		1249.9		0.9611		0.95616		0.90956		0.91192		0.90722		0.90956		0.81913
915		1251.55		0.96173		0.95676		0.90698		0.90722		0.90722		0.90722		0.81395
916		1253.04		0.96119		0.95599		0.90698		0.89899		0.91753		0.90816		0.81412
917		1254.67		0.96153		0.95649		0.90439		0.89447		0.91753		0.90585		0.80904
918		1256.07		0.96173		0.95664		0.90181		0.89394		0.91237		0.90306		0.80378
919		1257.25		0.96169		0.95645		0.90956		0.90355		0.91753		0.91049		0.81921
920		1258.67		0.96167		0.9563		0.91214		0.9		0.92784		0.91371		0.82467
921		1260.24		0.96166		0.955		0.90956		0.89552		0.92784		0.91139		0.81964
922		1261.78		0.96222		0.95684		0.90956		0.89552		0.92784		0.91139		0.81964
923		1262.92		0.96209		0.95686		0.91214		0.9		0.92784		0.91371		0.82467
924		1264.15		0.96211		0.9572		0.90698		0.90306		0.91237		0.90769		0.81399
925		1265.35		0.96171		0.95685		0.90698		0.90306		0.91237		0.90769		0.81399
926		1266.79		0.96161		0.95672		0.90181		0.89394		0.91237		0.90306		0.80378
927		1267.95		0.96177		0.95582		0.90181		0.89394		0.91237		0.90306		0.80378
928		1269.22		0.96214		0.95629		0.90439		0.89447		0.91753		0.90585		0.80904
929		1270.44		0.96218		0.95654		0.90956		0.8995		0.92268		0.91094		0.81938
930		1272.01		0.96213		0.95623		0.90698		0.90722		0.90722		0.90722		0.81395
931		1273.63		0.96205		0.95605		0.90956		0.90769		0.91237		0.91003		0.81913
932		1275.22		0.96175		0.95556		0.90698		0.90306		0.91237		0.90769		0.81399
933		1276.9		0.96066		0.95427		0.90698		0.89899		0.91753		0.90816		0.81412
934		1278.5		0.96008		0.95366		0.90439		0.89447		0.91753		0.90585		0.80904
935		1280.22		0.96004		0.95351		0.90698		0.90306		0.91237		0.90769		0.81399
936		1281.72		0.95999		0.95465		0.90181		0.90206		0.90206		0.90206		0.80362
937		1283.21		0.9601		0.95497		0.90181		0.90625		0.89691		0.90155		0.80366
938		1284.81		0.96017		0.95519		0.91214		0.90404		0.92268		0.91327		0.82446
939		1286.36		0.96046		0.9551		0.90698		0.89109		0.92784		0.90909		0.81463
940		1287.55		0.96077		0.95555		0.90439		0.89055		0.92268		0.90633		0.8093
941		1288.78		0.96137		0.95635		0.91214		0.90816		0.91753		0.91282		0.82433
942		1290.0		0.96187		0.95671		0.90956		0.90769		0.91237		0.91003		0.81913
943		1291.28		0.96162		0.955		0.90698		0.90306		0.91237		0.90769		0.81399
944		1292.68		0.96059		0.95363		0.90181		0.89394		0.91237		0.90306		0.80378
945		1293.86		0.95995		0.94979		0.90181		0.89		0.91753		0.90355		0.80399
946		1295.23		0.96025		0.95373		0.90181		0.89796		0.90722		0.90256		0.80365
947		1297.21		0.96031		0.95408		0.89664		0.89286		0.90206		0.89744		0.79332
948		1298.36		0.96061		0.9557		0.89664		0.88889		0.90722		0.89796		0.79344
949		1299.5		0.96109		0.95614		0.90181		0.89394		0.91237		0.90306		0.80378
950		1300.63		0.96113		0.9562		0.89922		0.88945		0.91237		0.90076		0.7987
951		1301.88		0.96098		0.95611		0.89664		0.885		0.91237		0.89848		0.79365
952		1302.97		0.96078		0.95567		0.89922		0.88945		0.91237		0.90076		0.7987
953		1304.2		0.96078		0.95533		0.89664		0.88889		0.90722		0.89796		0.79344
954		1305.72		0.96057		0.95448		0.89664		0.89691		0.89691		0.89691		0.79328
955		1307.33		0.96		0.95272		0.89922		0.8934		0.90722		0.90026		0.79854
956		1308.7		0.95976		0.95251		0.89922		0.88557		0.91753		0.90127		0.79895
957		1309.86		0.95994		0.9531		0.90439		0.89447		0.91753		0.90585		0.80904
958		1310.99		0.95974		0.9532		0.90956		0.90769		0.91237		0.91003		0.81913
959		1312.18		0.96045		0.9556		0.91214		0.91237		0.91237		0.91237		0.82429
960		1313.44		0.96114		0.9562		0.90956		0.90769		0.91237		0.91003		0.81913
961		1315.19		0.96145		0.95547		0.90439		0.89848		0.91237		0.90537		0.80887
962		1316.72		0.9619		0.95555		0.90439		0.89447		0.91753		0.90585		0.80904
963		1318.12		0.96181		0.95518		0.90439		0.89447		0.91753		0.90585		0.80904
964		1319.25		0.96141		0.95486		0.90698		0.89899		0.91753		0.90816		0.81412
965		1321.01		0.96099		0.95446		0.90956		0.90355		0.91753		0.91049		0.81921
966		1322.69		0.96063		0.95555		0.90698		0.90306		0.91237		0.90769		0.81399
967		1323.81		0.96049		0.95414		0.89922		0.88557		0.91753		0.90127		0.79895
968		1324.95		0.96014		0.95368		0.89922		0.88177		0.92268		0.90176		0.79929
969		1326.23		0.96103		0.95582		0.89922		0.88177		0.92268		0.90176		0.79929
970		1327.37		0.96237		0.95709		0.90956		0.90769		0.91237		0.91003		0.81913
971		1328.53		0.96227		0.95729		0.90439		0.90256		0.90722		0.90488		0.80879
972		1329.84		0.96167		0.95528		0.90181		0.89394		0.91237		0.90306		0.80378
973		1331.65		0.96058		0.95396		0.89664		0.88119		0.91753		0.89899		0.79394
974		1332.89		0.95967		0.95309		0.89664		0.88889		0.90722		0.89796		0.79344
975		1334.5		0.95892		0.94966		0.90181		0.89796		0.90722		0.90256		0.80365
976		1336.11		0.95819		0.94907		0.89922		0.89744		0.90206		0.89974		0.79846
977		1337.85		0.95752		0.94866		0.88889		0.88325		0.89691		0.89003		0.77786
978		1339.7		0.95769		0.94918		0.8863		0.875		0.90206		0.88832		0.77296
979		1340.84		0.95819		0.94938		0.88372		0.87437		0.89691		0.8855		0.76768
980		1341.99		0.9601		0.95389		0.89664		0.89286		0.90206		0.89744		0.79332
981		1343.14		0.96109		0.95458		0.90956		0.90355		0.91753		0.91049		0.81921
982		1344.24		0.96163		0.95619		0.90956		0.8995		0.92268		0.91094		0.81938
983		1345.48		0.96214		0.95664		0.90698		0.895		0.92268		0.90863		0.81433
984		1346.58		0.96201		0.95626		0.90439		0.89055		0.92268		0.90633		0.8093
985		1347.72		0.96189		0.95494		0.90698		0.895		0.92268		0.90863		0.81433
986		1348.88		0.96119		0.95425		0.90956		0.8995		0.92268		0.91094		0.81938
987		1350.11		0.96085		0.95407		0.90956		0.90355		0.91753		0.91049		0.81921
988		1351.29		0.96106		0.95427		0.90698		0.90306		0.91237		0.90769		0.81399
989		1352.42		0.96101		0.95438		0.90698		0.90306		0.91237		0.90769		0.81399
990		1353.55		0.96114		0.95435		0.90956		0.8995		0.92268		0.91094		0.81938
991		1355.23		0.96101		0.95405		0.90698		0.895		0.92268		0.90863		0.81433
992		1356.64		0.96099		0.95431		0.90181		0.88614		0.92268		0.90404		0.80428
993		1358.32		0.96111		0.95442		0.90181		0.89		0.91753		0.90355		0.80399
994		1359.85		0.96085		0.95411		0.90439		0.89447		0.91753		0.90585		0.80904
995		1361.28		0.96097		0.95452		0.90956		0.90355		0.91753		0.91049		0.81921
996		1363.13		0.96095		0.95476		0.90956		0.90355		0.91753		0.91049		0.81921
997		1364.37		0.96109		0.95527		0.90698		0.89899		0.91753		0.90816		0.81412
998		1365.53		0.96093		0.95518		0.90439		0.89447		0.91753		0.90585		0.80904
999		1366.72		0.96094		0.95481		0.90181		0.89		0.91753		0.90355		0.80399
1000		1367.95		0.96113		0.9548		0.89664		0.885		0.91237		0.89848		0.79365
fold: 1
Epoch		Time		AUC		AUPR		Accuracy		Precision		Recall		F1-score		Mcc
1		1369.87		0.77732		0.75952		0.70801		0.75472		0.61856		0.67989		0.42326
AUC improved at epoch  1 ;	best_auc: 0.7773222584263662
2		1371.14		0.78214		0.76057		0.71576		0.76582		0.62371		0.6875		0.43946
AUC improved at epoch  2 ;	best_auc: 0.7821430479141073
3		1372.28		0.78161		0.75542		0.72351		0.76364		0.64948		0.70195		0.45234
4		1373.44		0.77929		0.75351		0.72868		0.76331		0.66495		0.71074		0.46141
5		1374.58		0.77664		0.75198		0.73127		0.75568		0.68557		0.71892		0.46467
6		1376.1		0.77309		0.74825		0.73127		0.75		0.69588		0.72193		0.46384
7		1377.66		0.76831		0.74264		0.72868		0.73545		0.71649		0.72585		0.45755
8		1379.11		0.76703		0.73813		0.72868		0.73797		0.71134		0.72441		0.45771
9		1380.31		0.76577		0.7341		0.72351		0.74033		0.69072		0.71467		0.44813
10		1381.46		0.76468		0.72962		0.72351		0.74302		0.68557		0.71314		0.44848
11		1382.96		0.76574		0.73033		0.7261		0.75287		0.67526		0.71196		0.45477
12		1384.72		0.76812		0.73403		0.72093		0.75595		0.65464		0.70166		0.44609
13		1386.53		0.77109		0.73965		0.73127		0.75862		0.68041		0.71739		0.46516
14		1387.8		0.7775		0.74691		0.72868		0.75723		0.67526		0.7139		0.46023
15		1389.18		0.78607		0.75448		0.73902		0.75978		0.70103		0.72922		0.47958
AUC improved at epoch  15 ;	best_auc: 0.7860691202393034
16		1390.55		0.79641		0.76686		0.75969		0.75377		0.7732		0.76336		0.51952
AUC improved at epoch  16 ;	best_auc: 0.7964051065648202
17		1392.33		0.80076		0.77291		0.75969		0.75897		0.76289		0.76093		0.51938
AUC improved at epoch  17 ;	best_auc: 0.800758506490038
18		1393.74		0.7995		0.77458		0.75711		0.72936		0.81959		0.77184		0.51806
19		1395.67		0.79889		0.77307		0.75969		0.74163		0.79897		0.76923		0.52085
20		1397.06		0.79993		0.77274		0.75194		0.73113		0.79897		0.76355		0.50595
21		1398.48		0.80073		0.77048		0.75969		0.74396		0.79381		0.76808		0.52047
22		1400.22		0.80177		0.76847		0.76744		0.74762		0.80928		0.77723		0.53662
AUC improved at epoch  22 ;	best_auc: 0.8017734095400886
23		1402.01		0.80156		0.76734		0.75711		0.7551		0.76289		0.75897		0.51422
24		1403.2		0.80233		0.76592		0.76227		0.73182		0.8299		0.77778		0.52918
AUC improved at epoch  24 ;	best_auc: 0.8023342770151167
25		1404.51		0.80241		0.766		0.76486		0.73516		0.8299		0.77966		0.53403
AUC improved at epoch  25 ;	best_auc: 0.8024144009401206
26		1405.73		0.80292		0.76748		0.76227		0.755		0.77835		0.7665		0.52476
AUC improved at epoch  26 ;	best_auc: 0.802921852465146
27		1406.99		0.80378		0.76866		0.75969		0.73488		0.81443		0.77262		0.52233
AUC improved at epoch  27 ;	best_auc: 0.8037765076651889
28		1408.23		0.8045		0.76859		0.76744		0.73214		0.84536		0.78469		0.54124
AUC improved at epoch  28 ;	best_auc: 0.804497622990225
29		1409.47		0.80511		0.76861		0.76227		0.73611		0.81959		0.77561		0.52783
AUC improved at epoch  29 ;	best_auc: 0.8051119064152555
30		1410.77		0.80503		0.76854		0.74935		0.74619		0.75773		0.75192		0.49874
31		1412.08		0.80549		0.76753		0.76744		0.74528		0.81443		0.77833		0.5371
AUC improved at epoch  31 ;	best_auc: 0.8054858180652742
32		1413.24		0.80583		0.76839		0.77003		0.74194		0.8299		0.78345		0.54376
AUC improved at epoch  32 ;	best_auc: 0.8058330217402915
33		1414.4		0.80658		0.76973		0.75969		0.74163		0.79897		0.76923		0.52085
AUC improved at epoch  33 ;	best_auc: 0.8065808450403291
34		1415.61		0.80794		0.77099		0.76486		0.74879		0.79897		0.77307		0.53083
AUC improved at epoch  34 ;	best_auc: 0.8079429517653971
35		1416.78		0.808		0.77118		0.75969		0.73272		0.81959		0.77372		0.52294
AUC improved at epoch  35 ;	best_auc: 0.8079963677154
36		1418.35		0.80917		0.77289		0.75711		0.73148		0.81443		0.77073		0.51742
AUC improved at epoch  36 ;	best_auc: 0.8091715186154587
37		1420.1		0.80965		0.77344		0.76227		0.75		0.78866		0.76884		0.52518
AUC improved at epoch  37 ;	best_auc: 0.8096522621654826
38		1421.33		0.81117		0.77505		0.76486		0.74408		0.80928		0.77531		0.53166
AUC improved at epoch  38 ;	best_auc: 0.8111746167405587
39		1423.02		0.81256		0.77827		0.77003		0.74648		0.81959		0.78133		0.54256
AUC improved at epoch  39 ;	best_auc: 0.8125634314406283
40		1424.69		0.8127		0.77861		0.75711		0.74272		0.78866		0.765		0.51512
AUC improved at epoch  40 ;	best_auc: 0.812696971315635
41		1426.02		0.81379		0.77985		0.76486		0.75879		0.77835		0.76845		0.52986
AUC improved at epoch  41 ;	best_auc: 0.8137919982906896
42		1427.15		0.81515		0.78166		0.77003		0.74882		0.81443		0.78025		0.54204
AUC improved at epoch  42 ;	best_auc: 0.8151541050157578
43		1428.31		0.81553		0.78256		0.76486		0.74408		0.80928		0.77531		0.53166
AUC improved at epoch  43 ;	best_auc: 0.8155280166657763
44		1429.49		0.81563		0.78405		0.76227		0.74519		0.79897		0.77114		0.52583
AUC improved at epoch  44 ;	best_auc: 0.8156348485657818
45		1430.74		0.81668		0.78535		0.76486		0.74641		0.80412		0.77419		0.53122
AUC improved at epoch  45 ;	best_auc: 0.8166764595908339
46		1431.92		0.81852		0.78459		0.77778		0.74545		0.84536		0.79227		0.56048
AUC improved at epoch  46 ;	best_auc: 0.8185193098659259
47		1433.1		0.81991		0.78554		0.76744		0.75243		0.79897		0.775		0.53584
AUC improved at epoch  47 ;	best_auc: 0.8199081245659955
48		1434.28		0.82183		0.78861		0.77003		0.75862		0.79381		0.77582		0.54058
AUC improved at epoch  48 ;	best_auc: 0.8218310987660916
49		1435.55		0.82562		0.79378		0.77519		0.74429		0.84021		0.78935		0.55489
AUC improved at epoch  49 ;	best_auc: 0.8256236312162811
50		1437.12		0.82816		0.7979		0.77519		0.75117		0.82474		0.78624		0.55294
AUC improved at epoch  50 ;	best_auc: 0.828160888841408
51		1439.0		0.82979		0.79768		0.77261		0.75		0.81959		0.78325		0.54748
AUC improved at epoch  51 ;	best_auc: 0.8297900753164896
52		1440.4		0.83		0.79707		0.77519		0.76355		0.79897		0.78086		0.55093
AUC improved at epoch  52 ;	best_auc: 0.8300037391165003
53		1441.99		0.83129		0.79684		0.77778		0.76214		0.80928		0.785		0.55655
AUC improved at epoch  53 ;	best_auc: 0.8312857219165642
54		1443.7		0.83398		0.80099		0.78036		0.74886		0.84536		0.79419		0.56532
AUC improved at epoch  54 ;	best_auc: 0.8339832273916992
55		1444.95		0.83441		0.80209		0.77003		0.7512		0.80928		0.77916		0.54159
AUC improved at epoch  55 ;	best_auc: 0.8344105549917206
56		1446.23		0.83684		0.80454		0.78036		0.74886		0.84536		0.79419		0.56532
AUC improved at epoch  56 ;	best_auc: 0.836840980716842
57		1447.52		0.83828		0.80546		0.78553		0.75342		0.85052		0.79903		0.57574
AUC improved at epoch  57 ;	best_auc: 0.8382832113669142
58		1449.2		0.83965		0.80628		0.78036		0.76329		0.81443		0.78803		0.56191
AUC improved at epoch  58 ;	best_auc: 0.8396453180919823
59		1450.89		0.84387		0.81321		0.78295		0.75463		0.84021		0.79512		0.56946
AUC improved at epoch  59 ;	best_auc: 0.8438651781421933
60		1452.7		0.84704		0.81833		0.7907		0.76037		0.85052		0.80292		0.58542
AUC improved at epoch  60 ;	best_auc: 0.8470434271673523
61		1454.58		0.84873		0.81814		0.78811		0.75688		0.85052		0.80097		0.58057
AUC improved at epoch  61 ;	best_auc: 0.8487260295924364
62		1455.8		0.84835		0.81787		0.78553		0.76812		0.81959		0.79302		0.57228
63		1457.76		0.85375		0.82635		0.7907		0.75111		0.87113		0.80668		0.58883
AUC improved at epoch  63 ;	best_auc: 0.8537471288926874
64		1459.29		0.85268		0.82498		0.78811		0.78283		0.79897		0.79082		0.57633
65		1460.61		0.85484		0.82715		0.8062		0.77169		0.87113		0.8184		0.61745
AUC improved at epoch  65 ;	best_auc: 0.8548421558677421
66		1461.97		0.85503		0.82767		0.7907		0.76037		0.85052		0.80292		0.58542
AUC improved at epoch  66 ;	best_auc: 0.8550291116927514
67		1463.47		0.85879		0.83445		0.8062		0.79899		0.81959		0.80916		0.61258
AUC improved at epoch  67 ;	best_auc: 0.8587949361679397
68		1464.75		0.8597		0.83863		0.79587		0.76744		0.85052		0.80685		0.59513
AUC improved at epoch  68 ;	best_auc: 0.8597030073179851
69		1466.02		0.86149		0.83946		0.8062		0.78199		0.85052		0.81481		0.61469
AUC improved at epoch  69 ;	best_auc: 0.8614924416430747
70		1467.23		0.86056		0.83745		0.79845		0.80526		0.78866		0.79688		0.59705
71		1468.68		0.86595		0.84861		0.79587		0.7533		0.88144		0.81235		0.60035
AUC improved at epoch  71 ;	best_auc: 0.8659526734682976
72		1470.07		0.86857		0.85398		0.79587		0.78894		0.80928		0.79898		0.5919
AUC improved at epoch  72 ;	best_auc: 0.8685700550184284
73		1471.24		0.86988		0.85547		0.80362		0.79208		0.82474		0.80808		0.60771
AUC improved at epoch  73 ;	best_auc: 0.869878745793494
74		1472.44		0.86862		0.855		0.7907		0.75111		0.87113		0.80668		0.58883
75		1473.67		0.8729		0.86061		0.80103		0.79397		0.81443		0.80407		0.60224
AUC improved at epoch  75 ;	best_auc: 0.8728967469686449
76		1475.14		0.87479		0.86622		0.80103		0.78537		0.8299		0.80702		0.60298
AUC improved at epoch  76 ;	best_auc: 0.8747930131937397
77		1476.97		0.87573		0.86695		0.79845		0.75893		0.87629		0.8134		0.60404
AUC improved at epoch  77 ;	best_auc: 0.8757277923187864
78		1478.81		0.87607		0.86673		0.80103		0.78261		0.83505		0.80798		0.60336
AUC improved at epoch  78 ;	best_auc: 0.8760749959938038
79		1480.56		0.88088		0.87485		0.79845		0.79		0.81443		0.80203		0.59715
AUC improved at epoch  79 ;	best_auc: 0.8808824314940441
80		1481.9		0.88214		0.8772		0.8062		0.76682		0.88144		0.82014		0.61925
AUC improved at epoch  80 ;	best_auc: 0.882137706319107
81		1483.17		0.88345		0.87749		0.8062		0.78744		0.84021		0.81297		0.61372
AUC improved at epoch  81 ;	best_auc: 0.8834463970941724
82		1484.34		0.88735		0.88217		0.80879		0.79412		0.83505		0.81407		0.61834
AUC improved at epoch  82 ;	best_auc: 0.8873457614443673
83		1485.63		0.88994		0.88556		0.79845		0.76126		0.87113		0.8125		0.6031
AUC improved at epoch  83 ;	best_auc: 0.8899364350194968
84		1487.01		0.8936		0.89093		0.8062		0.78744		0.84021		0.81297		0.61372
AUC improved at epoch  84 ;	best_auc: 0.8935954275946799
85		1488.51		0.89261		0.89027		0.80362		0.7783		0.85052		0.81281		0.60978
86		1489.97		0.89672		0.89431		0.81137		0.78673		0.85567		0.81975		0.62507
AUC improved at epoch  86 ;	best_auc: 0.8967202606698359
87		1491.29		0.90099		0.89916		0.81137		0.79227		0.84536		0.81796		0.62408
AUC improved at epoch  87 ;	best_auc: 0.9009935366700497
88		1492.99		0.90169		0.90106		0.81395		0.78774		0.86082		0.82266		0.63055
AUC improved at epoch  88 ;	best_auc: 0.9016879440200845
89		1494.96		0.90212		0.90383		0.81654		0.7971		0.85052		0.82294		0.63444
AUC improved at epoch  89 ;	best_auc: 0.9021152716201057
90		1496.72		0.90668		0.90859		0.79845		0.76606		0.86082		0.81068		0.60141
AUC improved at epoch  90 ;	best_auc: 0.9066823353453342
91		1498.43		0.90724		0.90897		0.82429		0.80882		0.85052		0.82915		0.6494
AUC improved at epoch  91 ;	best_auc: 0.9072432028203621
92		1499.79		0.90943		0.91114		0.82687		0.81281		0.85052		0.83123		0.65441
AUC improved at epoch  92 ;	best_auc: 0.9094332567704717
93		1501.29		0.91224		0.91307		0.81912		0.7844		0.88144		0.8301		0.64309
AUC improved at epoch  93 ;	best_auc: 0.9122375941456119
94		1502.63		0.91202		0.91433		0.82687		0.82902		0.82474		0.82687		0.65376
95		1503.77		0.90903		0.91182		0.80362		0.76106		0.8866		0.81905		0.61555
96		1504.95		0.91229		0.91672		0.83463		0.83505		0.83505		0.83505		0.66925
AUC improved at epoch  96 ;	best_auc: 0.9122910100956145
97		1506.55		0.91726		0.91825		0.82171		0.7907		0.87629		0.8313		0.64713
AUC improved at epoch  97 ;	best_auc: 0.917258693445863
98		1508.4		0.91913		0.92203		0.82946		0.80769		0.86598		0.83582		0.66058
AUC improved at epoch  98 ;	best_auc: 0.9191282516959565
99		1509.8		0.9183		0.92313		0.82429		0.815		0.84021		0.82741		0.64886
100		1511.29		0.91766		0.92229		0.81912		0.78972		0.87113		0.82843		0.64158
101		1513.1		0.9187		0.924		0.83204		0.81463		0.86082		0.83709		0.66511
102		1514.62		0.91982		0.92591		0.83463		0.80952		0.87629		0.84158		0.67148
AUC improved at epoch  102 ;	best_auc: 0.9198226590459911
103		1515.87		0.92118		0.92655		0.83463		0.80952		0.87629		0.84158		0.67148
AUC improved at epoch  103 ;	best_auc: 0.9211847657710592
104		1517.72		0.92407		0.92893		0.82946		0.82		0.84536		0.83249		0.6592
AUC improved at epoch  104 ;	best_auc: 0.9240692270712034
105		1518.88		0.92126		0.92656		0.82429		0.78899		0.8866		0.83495		0.65351
106		1520.17		0.91656		0.92501		0.83721		0.84293		0.8299		0.83636		0.67451
107		1521.31		0.92081		0.92649		0.81912		0.78704		0.87629		0.82927		0.6423
108		1522.43		0.92366		0.9275		0.84238		0.8093		0.89691		0.85086		0.68873
109		1523.59		0.92901		0.93374		0.83721		0.85405		0.81443		0.83377		0.67519
AUC improved at epoch  109 ;	best_auc: 0.9290102024464505
110		1524.96		0.92848		0.93505		0.83204		0.80861		0.87113		0.83871		0.66602
111		1526.19		0.92466		0.93251		0.80879		0.77273		0.87629		0.82126		0.62309
112		1527.46		0.9238		0.93357		0.84238		0.83417		0.85567		0.84478		0.68496
113		1528.92		0.92522		0.93344		0.84238		0.83756		0.85052		0.84399		0.68482
114		1530.43		0.92848		0.93519		0.84496		0.82524		0.87629		0.85		0.6912
115		1532.22		0.93141		0.93722		0.85271		0.8408		0.87113		0.8557		0.70586
AUC improved at epoch  115 ;	best_auc: 0.9314139201965707
116		1533.89		0.93264		0.93832		0.83979		0.81429		0.88144		0.84653		0.68185
AUC improved at epoch  116 ;	best_auc: 0.9326424870466321
117		1535.36		0.92789		0.93428		0.82429		0.80882		0.85052		0.82915		0.6494
118		1536.83		0.92754		0.9351		0.81654		0.78873		0.86598		0.82555		0.63605
119		1538.44		0.92906		0.93686		0.82946		0.80189		0.87629		0.83744		0.6617
120		1540.4		0.9284		0.93566		0.83979		0.83673		0.84536		0.84103		0.67961
121		1541.61		0.93083		0.93744		0.84238		0.79821		0.91753		0.85372		0.69246
122		1542.83		0.93059		0.93796		0.84238		0.84103		0.84536		0.84319		0.68476
123		1543.97		0.93251		0.94002		0.83721		0.8134		0.87629		0.84367		0.67639
124		1545.66		0.93128		0.93856		0.82946		0.79907		0.88144		0.83824		0.66237
125		1547.35		0.93131		0.93933		0.84755		0.8392		0.86082		0.84987		0.6953
126		1548.51		0.93224		0.94027		0.83721		0.81043		0.88144		0.84444		0.67696
127		1549.64		0.93216		0.93971		0.82946		0.79091		0.89691		0.84058		0.66483
128		1550.9		0.93384		0.94164		0.85271		0.85128		0.85567		0.85347		0.70543
AUC improved at epoch  128 ;	best_auc: 0.9338443459216923
129		1552.05		0.93531		0.94341		0.84238		0.83417		0.85567		0.84478		0.68496
AUC improved at epoch  129 ;	best_auc: 0.9353132845467657
130		1553.27		0.93465		0.94262		0.83463		0.79545		0.90206		0.84541		0.67526
131		1554.49		0.93323		0.9417		0.83463		0.81553		0.86598		0.84		0.67049
132		1555.68		0.93363		0.94209		0.83721		0.82587		0.85567		0.84051		0.67483
133		1556.95		0.93392		0.94223		0.83463		0.8125		0.87113		0.8408		0.67095
134		1558.81		0.93441		0.94239		0.84238		0.82126		0.87629		0.84788		0.68625
135		1559.94		0.93571		0.94355		0.84496		0.835		0.86082		0.84772		0.69023
AUC improved at epoch  135 ;	best_auc: 0.9357139041717857
136		1561.15		0.93526		0.943		0.84238		0.81221		0.89175		0.85012		0.688
137		1562.41		0.93422		0.9423		0.84238		0.81221		0.89175		0.85012		0.688
138		1563.87		0.93355		0.94161		0.83979		0.81429		0.88144		0.84653		0.68185
139		1565.52		0.93371		0.94183		0.84755		0.83251		0.87113		0.85139		0.6958
140		1566.67		0.93398		0.94181		0.84238		0.8093		0.89691		0.85086		0.68873
141		1567.84		0.93406		0.94186		0.84238		0.81221		0.89175		0.85012		0.688
142		1569.08		0.93545		0.94342		0.85271		0.82464		0.89691		0.85926		0.7081
143		1570.21		0.93662		0.94532		0.85271		0.82775		0.89175		0.85856		0.7075
AUC improved at epoch  143 ;	best_auc: 0.9366219753218311
144		1571.44		0.93764		0.94626		0.84496		0.81905		0.8866		0.85149		0.69223
AUC improved at epoch  144 ;	best_auc: 0.9376368783718819
145		1572.6		0.93692		0.94584		0.84496		0.82524		0.87629		0.85		0.6912
146		1574.02		0.93507		0.94422		0.84755		0.82927		0.87629		0.85213		0.69617
147		1575.41		0.93502		0.94422		0.84238		0.81818		0.88144		0.84864		0.68676
148		1577.22		0.93398		0.9436		0.84496		0.81905		0.8866		0.85149		0.69223
149		1579.18		0.93379		0.94356		0.85013		0.83333		0.87629		0.85427		0.70115
150		1580.79		0.93697		0.94595		0.85271		0.82464		0.89691		0.85926		0.7081
151		1581.97		0.93697		0.94595		0.84755		0.8169		0.89691		0.85504		0.69839
152		1583.1		0.93327		0.94296		0.84496		0.82843		0.87113		0.84925		0.6908
153		1584.26		0.93069		0.94082		0.83979		0.81132		0.8866		0.84729		0.68247
154		1585.51		0.92682		0.93722		0.84238		0.8093		0.89691		0.85086		0.68873
155		1586.83		0.92973		0.93989		0.84496		0.81905		0.8866		0.85149		0.69223
156		1588.08		0.93193		0.94141		0.84755		0.82297		0.8866		0.8536		0.69713
157		1589.7		0.93517		0.94381		0.85013		0.82692		0.8866		0.85572		0.70204
158		1591.25		0.93692		0.94548		0.84755		0.81991		0.89175		0.85432		0.69772
159		1592.49		0.93601		0.94506		0.84755		0.82609		0.88144		0.85287		0.69661
160		1593.64		0.93487		0.94437		0.84238		0.81818		0.88144		0.84864		0.68676
161		1595.34		0.9336		0.94302		0.85013		0.82381		0.89175		0.85644		0.7026
162		1596.84		0.93243		0.94201		0.84238		0.81517		0.8866		0.84938		0.68734
163		1598.42		0.93148		0.94111		0.84496		0.82524		0.87629		0.85		0.6912
164		1599.91		0.93327		0.94196		0.84496		0.81905		0.8866		0.85149		0.69223
165		1601.69		0.93601		0.94359		0.83979		0.81132		0.8866		0.84729		0.68247
166		1603.15		0.9367		0.94394		0.83463		0.80952		0.87629		0.84158		0.67148
167		1604.39		0.9365		0.94428		0.85788		0.83902		0.8866		0.86216		0.71688
168		1605.51		0.93509		0.94364		0.85013		0.82381		0.89175		0.85644		0.7026
169		1606.63		0.93362		0.94303		0.85013		0.82381		0.89175		0.85644		0.7026
170		1607.72		0.93228		0.94245		0.84755		0.81991		0.89175		0.85432		0.69772
171		1608.99		0.93205		0.94263		0.84238		0.82126		0.87629		0.84788		0.68625
172		1610.09		0.93379		0.94374		0.84238		0.81818		0.88144		0.84864		0.68676
173		1611.2		0.93587		0.94506		0.83979		0.81132		0.8866		0.84729		0.68247
174		1612.32		0.93658		0.94553		0.84755		0.82609		0.88144		0.85287		0.69661
175		1613.49		0.93607		0.94527		0.84238		0.82126		0.87629		0.84788		0.68625
176		1615.19		0.93507		0.94456		0.84496		0.82524		0.87629		0.85		0.6912
177		1616.65		0.93554		0.94527		0.84755		0.82927		0.87629		0.85213		0.69617
178		1618.11		0.93497		0.94488		0.85271		0.82775		0.89175		0.85856		0.7075
179		1619.84		0.9341		0.94449		0.8553		0.83173		0.89175		0.8607		0.71241
180		1621.85		0.93455		0.94505		0.84755		0.82297		0.8866		0.8536		0.69713
181		1623.27		0.93482		0.94475		0.85013		0.82381		0.89175		0.85644		0.7026
182		1624.37		0.93587		0.945		0.85271		0.82464		0.89691		0.85926		0.7081
183		1625.49		0.93654		0.94537		0.84755		0.82297		0.8866		0.8536		0.69713
184		1626.58		0.9365		0.94528		0.84755		0.82297		0.8866		0.8536		0.69713
185		1627.76		0.93705		0.94534		0.85271		0.83415		0.88144		0.85714		0.70652
186		1628.9		0.93749		0.9457		0.8553		0.83824		0.88144		0.8593		0.7115
187		1630.0		0.93812		0.94621		0.85013		0.82692		0.8866		0.85572		0.70204
AUC improved at epoch  187 ;	best_auc: 0.9381176219219058
188		1631.35		0.93764		0.94626		0.84755		0.81991		0.89175		0.85432		0.69772
189		1632.72		0.93708		0.94622		0.84755		0.81991		0.89175		0.85432		0.69772
190		1633.98		0.93579		0.94551		0.84755		0.82297		0.8866		0.8536		0.69713
191		1635.23		0.93497		0.9452		0.84755		0.82927		0.87629		0.85213		0.69617
192		1636.39		0.93423		0.94483		0.84496		0.82843		0.87113		0.84925		0.6908
193		1637.58		0.93394		0.94402		0.85013		0.82692		0.8866		0.85572		0.70204
194		1639.2		0.93408		0.94387		0.84496		0.81905		0.8866		0.85149		0.69223
195		1640.8		0.93431		0.9438		0.84238		0.81818		0.88144		0.84864		0.68676
196		1642.31		0.93454		0.94391		0.84755		0.82297		0.8866		0.8536		0.69713
197		1643.79		0.93455		0.94426		0.84496		0.82212		0.88144		0.85075		0.69168
198		1645.73		0.93366		0.94393		0.83979		0.81429		0.88144		0.84653		0.68185
199		1647.61		0.93306		0.94381		0.84496		0.82212		0.88144		0.85075		0.69168
200		1649.19		0.93336		0.94423		0.84755		0.82609		0.88144		0.85287		0.69661
201		1650.42		0.93355		0.94455		0.85013		0.82692		0.8866		0.85572		0.70204
202		1651.61		0.93411		0.94468		0.85271		0.83092		0.8866		0.85786		0.70697
203		1652.84		0.93469		0.94466		0.85013		0.82692		0.8866		0.85572		0.70204
204		1653.97		0.93424		0.94411		0.84755		0.82297		0.8866		0.8536		0.69713
205		1655.5		0.93408		0.94362		0.84755		0.82609		0.88144		0.85287		0.69661
206		1657.18		0.93394		0.94312		0.84755		0.82297		0.8866		0.8536		0.69713
207		1658.53		0.93458		0.94374		0.85013		0.82692		0.8866		0.85572		0.70204
208		1660.43		0.93407		0.94297		0.85013		0.82692		0.8866		0.85572		0.70204
209		1661.64		0.93429		0.94307		0.8553		0.83173		0.89175		0.8607		0.71241
210		1662.92		0.93411		0.94319		0.85788		0.83575		0.89175		0.86284		0.71733
211		1664.15		0.9343		0.94354		0.8553		0.83173		0.89175		0.8607		0.71241
212		1665.47		0.93459		0.94404		0.85271		0.82775		0.89175		0.85856		0.7075
213		1668.47		0.9349		0.9448		0.85271		0.82775		0.89175		0.85856		0.7075
214		1674.27		0.93477		0.94466		0.8553		0.83173		0.89175		0.8607		0.71241
215		1680.24		0.93505		0.94487		0.8553		0.83495		0.8866		0.86		0.71192
216		1681.55		0.93477		0.9445		0.84496		0.82212		0.88144		0.85075		0.69168
217		1682.77		0.9349		0.94421		0.84238		0.81818		0.88144		0.84864		0.68676
218		1684.09		0.93539		0.9447		0.84496		0.82212		0.88144		0.85075		0.69168
219		1685.25		0.93461		0.94405		0.85013		0.8301		0.88144		0.855		0.70156
220		1686.51		0.93483		0.94418		0.85271		0.83744		0.87629		0.85642		0.70615
221		1687.74		0.93485		0.94407		0.85271		0.83744		0.87629		0.85642		0.70615
222		1688.86		0.93637		0.94554		0.85788		0.83902		0.8866		0.86216		0.71688
223		1690.12		0.93673		0.94582		0.85788		0.83254		0.89691		0.86352		0.71786
224		1691.39		0.93673		0.94576		0.84755		0.81395		0.90206		0.85575		0.69913
225		1692.66		0.93676		0.94584		0.84755		0.81395		0.90206		0.85575		0.69913
226		1693.84		0.93656		0.946		0.85788		0.83902		0.8866		0.86216		0.71688
227		1695.02		0.93578		0.94565		0.86047		0.84653		0.88144		0.86364		0.72152
228		1696.58		0.93542		0.94546		0.85271		0.83744		0.87629		0.85642		0.70615
229		1698.36		0.93582		0.94586		0.85013		0.83333		0.87629		0.85427		0.70115
230		1699.91		0.93525		0.94539		0.84238		0.82126		0.87629		0.84788		0.68625
231		1701.69		0.93518		0.94521		0.84496		0.82212		0.88144		0.85075		0.69168
232		1702.84		0.93553		0.94531		0.85013		0.82381		0.89175		0.85644		0.7026
233		1704.18		0.93489		0.94468		0.84496		0.81604		0.89175		0.85222		0.69285
234		1705.35		0.93367		0.9435		0.84496		0.82212		0.88144		0.85075		0.69168
235		1706.53		0.93416		0.94381		0.83979		0.82039		0.87113		0.845		0.68084
236		1707.65		0.93404		0.94379		0.84755		0.82927		0.87629		0.85213		0.69617
237		1709.6		0.93422		0.9439		0.84496		0.82843		0.87113		0.84925		0.6908
238		1710.76		0.93441		0.94404		0.85271		0.8408		0.87113		0.8557		0.70586
239		1711.86		0.93493		0.9443		0.85788		0.84925		0.87113		0.86005		0.71598
240		1713.07		0.93565		0.9451		0.8553		0.845		0.87113		0.85787		0.71091
241		1714.82		0.93609		0.94547		0.86305		0.85075		0.88144		0.86582		0.72655
242		1716.41		0.93645		0.9457		0.86305		0.84729		0.8866		0.8665		0.72685
243		1717.98		0.93597		0.94547		0.86305		0.8439		0.89175		0.86717		0.72723
244		1719.7		0.93505		0.94507		0.86563		0.84804		0.89175		0.86935		0.73221
245		1720.86		0.93418		0.94489		0.86047		0.84314		0.8866		0.86432		0.72186
246		1722.21		0.93286		0.94431		0.8553		0.83824		0.88144		0.8593		0.7115
247		1723.36		0.93232		0.94397		0.85013		0.83333		0.87629		0.85427		0.70115
248		1724.85		0.93254		0.94424		0.85013		0.83333		0.87629		0.85427		0.70115
249		1726.33		0.93284		0.94421		0.84755		0.82927		0.87629		0.85213		0.69617
250		1728.05		0.93334		0.94424		0.84755		0.82927		0.87629		0.85213		0.69617
251		1729.45		0.93387		0.94406		0.84755		0.82927		0.87629		0.85213		0.69617
252		1730.6		0.93406		0.94381		0.84755		0.82927		0.87629		0.85213		0.69617
253		1731.78		0.93441		0.94393		0.84755		0.82927		0.87629		0.85213		0.69617
254		1732.92		0.93467		0.94398		0.84496		0.82524		0.87629		0.85		0.6912
255		1734.2		0.93473		0.94378		0.84496		0.82524		0.87629		0.85		0.6912
256		1735.37		0.93477		0.9436		0.83979		0.81731		0.87629		0.84577		0.68131
257		1737.05		0.93486		0.94387		0.84238		0.82126		0.87629		0.84788		0.68625
258		1738.48		0.93451		0.94369		0.84496		0.82524		0.87629		0.85		0.6912
259		1739.7		0.93411		0.94363		0.84496		0.82524		0.87629		0.85		0.6912
260		1740.84		0.93411		0.9438		0.84755		0.82927		0.87629		0.85213		0.69617
261		1742.0		0.93418		0.94426		0.84755		0.82927		0.87629		0.85213		0.69617
262		1743.09		0.93499		0.94516		0.85013		0.83333		0.87629		0.85427		0.70115
263		1744.2		0.93559		0.94595		0.85013		0.83333		0.87629		0.85427		0.70115
264		1745.44		0.93509		0.94545		0.85271		0.83415		0.88144		0.85714		0.70652
265		1746.69		0.93419		0.94444		0.85271		0.82775		0.89175		0.85856		0.7075
266		1747.93		0.9342		0.94426		0.84755		0.82297		0.8866		0.8536		0.69713
267		1749.07		0.93366		0.94385		0.85013		0.82692		0.8866		0.85572		0.70204
268		1750.34		0.93347		0.94388		0.8553		0.83824		0.88144		0.8593		0.7115
269		1751.65		0.93296		0.94394		0.85013		0.83333		0.87629		0.85427		0.70115
270		1753.2		0.93304		0.9439		0.85271		0.83744		0.87629		0.85642		0.70615
271		1754.51		0.9332		0.94351		0.84755		0.82927		0.87629		0.85213		0.69617
272		1756.07		0.93356		0.9433		0.85271		0.83092		0.8866		0.85786		0.70697
273		1757.83		0.93431		0.94369		0.84755		0.82609		0.88144		0.85287		0.69661
274		1759.1		0.93477		0.94389		0.83979		0.81429		0.88144		0.84653		0.68185
275		1760.38		0.93465		0.94404		0.84496		0.81905		0.8866		0.85149		0.69223
276		1762.09		0.93454		0.94426		0.85788		0.83902		0.8866		0.86216		0.71688
277		1763.37		0.93437		0.94442		0.85788		0.83902		0.8866		0.86216		0.71688
278		1764.51		0.93396		0.94416		0.85788		0.84236		0.88144		0.86146		0.7165
279		1765.66		0.93375		0.94405		0.84755		0.83251		0.87113		0.85139		0.6958
280		1766.82		0.93291		0.94337		0.84755		0.82927		0.87629		0.85213		0.69617
281		1767.98		0.93224		0.94274		0.84238		0.82126		0.87629		0.84788		0.68625
282		1769.64		0.9323		0.94242		0.83979		0.81731		0.87629		0.84577		0.68131
283		1771.24		0.9326		0.94236		0.84238		0.82126		0.87629		0.84788		0.68625
284		1772.78		0.93363		0.9433		0.84496		0.82524		0.87629		0.85		0.6912
285		1774.65		0.93352		0.9432		0.84496		0.82843		0.87113		0.84925		0.6908
286		1775.92		0.93438		0.94356		0.84755		0.82927		0.87629		0.85213		0.69617
287		1777.07		0.93435		0.94367		0.83979		0.81731		0.87629		0.84577		0.68131
288		1778.48		0.93455		0.94395		0.83463		0.80952		0.87629		0.84158		0.67148
289		1780.05		0.93462		0.9441		0.84496		0.82212		0.88144		0.85075		0.69168
290		1781.6		0.93435		0.94421		0.84496		0.82212		0.88144		0.85075		0.69168
291		1782.76		0.93438		0.94461		0.84238		0.82126		0.87629		0.84788		0.68625
292		1783.94		0.93386		0.94416		0.84496		0.82524		0.87629		0.85		0.6912
293		1785.38		0.93296		0.94353		0.84496		0.82524		0.87629		0.85		0.6912
294		1786.81		0.93235		0.94328		0.83979		0.81731		0.87629		0.84577		0.68131
295		1788.39		0.93224		0.94344		0.83721		0.8134		0.87629		0.84367		0.67639
296		1789.92		0.93145		0.94295		0.84496		0.82524		0.87629		0.85		0.6912
297		1791.1		0.93085		0.9423		0.84496		0.82524		0.87629		0.85		0.6912
298		1792.24		0.93101		0.94211		0.84238		0.82126		0.87629		0.84788		0.68625
299		1793.47		0.93112		0.94188		0.84755		0.82927		0.87629		0.85213		0.69617
300		1794.58		0.93088		0.94162		0.85271		0.83744		0.87629		0.85642		0.70615
301		1795.81		0.93099		0.94131		0.84755		0.83251		0.87113		0.85139		0.6958
302		1796.92		0.93116		0.94151		0.84496		0.82843		0.87113		0.84925		0.6908
303		1798.62		0.9304		0.94061		0.84755		0.82927		0.87629		0.85213		0.69617
304		1800.07		0.93029		0.94059		0.84496		0.82524		0.87629		0.85		0.6912
305		1801.19		0.93112		0.9415		0.84496		0.82524		0.87629		0.85		0.6912
306		1802.37		0.93107		0.94173		0.84496		0.82524		0.87629		0.85		0.6912
307		1803.66		0.93181		0.94261		0.84755		0.82927		0.87629		0.85213		0.69617
308		1804.74		0.93173		0.94301		0.85271		0.83744		0.87629		0.85642		0.70615
309		1805.86		0.9316		0.94296		0.85013		0.83333		0.87629		0.85427		0.70115
310		1806.97		0.93168		0.9429		0.84238		0.82126		0.87629		0.84788		0.68625
311		1808.31		0.93201		0.94278		0.84496		0.82524		0.87629		0.85		0.6912
312		1809.47		0.93192		0.94239		0.84496		0.82524		0.87629		0.85		0.6912
313		1810.62		0.93196		0.94219		0.84496		0.82524		0.87629		0.85		0.6912
314		1812.31		0.93128		0.94149		0.84496		0.82524		0.87629		0.85		0.6912
315		1813.71		0.93007		0.94015		0.85013		0.83333		0.87629		0.85427		0.70115
316		1815.36		0.92901		0.93883		0.85271		0.83744		0.87629		0.85642		0.70615
317		1816.94		0.92846		0.93813		0.85013		0.83333		0.87629		0.85427		0.70115
318		1818.06		0.92789		0.93754		0.84238		0.82439		0.87113		0.84712		0.68582
319		1819.17		0.9281		0.9374		0.84496		0.82524		0.87629		0.85		0.6912
320		1820.37		0.92962		0.93908		0.84496		0.82524		0.87629		0.85		0.6912
321		1821.5		0.93048		0.94054		0.84755		0.82927		0.87629		0.85213		0.69617
322		1822.59		0.93172		0.94198		0.84755		0.82927		0.87629		0.85213		0.69617
323		1823.8		0.93282		0.94283		0.84496		0.82524		0.87629		0.85		0.6912
324		1824.98		0.9335		0.94339		0.84496		0.82524		0.87629		0.85		0.6912
325		1826.39		0.9338		0.94363		0.84496		0.82524		0.87629		0.85		0.6912
326		1828.14		0.93438		0.94432		0.84755		0.82927		0.87629		0.85213		0.69617
327		1829.88		0.93411		0.94433		0.85013		0.83333		0.87629		0.85427		0.70115
328		1831.53		0.93408		0.94471		0.85013		0.83333		0.87629		0.85427		0.70115
329		1833.29		0.93363		0.94473		0.85013		0.83333		0.87629		0.85427		0.70115
330		1834.88		0.93348		0.94471		0.84496		0.83168		0.86598		0.84848		0.69048
331		1836.75		0.93366		0.94491		0.84496		0.83168		0.86598		0.84848		0.69048
332		1838.14		0.93314		0.94417		0.85013		0.8301		0.88144		0.855		0.70156
333		1839.7		0.93299		0.94385		0.84496		0.82212		0.88144		0.85075		0.69168
334		1841.41		0.93157		0.9426		0.84238		0.81818		0.88144		0.84864		0.68676
335		1842.65		0.93171		0.94289		0.84238		0.82126		0.87629		0.84788		0.68625
336		1843.86		0.93128		0.94238		0.83979		0.82039		0.87113		0.845		0.68084
337		1845.0		0.93136		0.9425		0.84496		0.82843		0.87113		0.84925		0.6908
338		1846.23		0.93132		0.94229		0.83979		0.82039		0.87113		0.845		0.68084
339		1847.36		0.93155		0.94236		0.83979		0.82039		0.87113		0.845		0.68084
340		1848.51		0.9316		0.94214		0.84238		0.82126		0.87629		0.84788		0.68625
341		1849.84		0.93133		0.94197		0.84238		0.82126		0.87629		0.84788		0.68625
342		1851.03		0.93152		0.94211		0.84496		0.82524		0.87629		0.85		0.6912
343		1852.65		0.93139		0.94201		0.84496		0.82524		0.87629		0.85		0.6912
344		1854.4		0.93099		0.94156		0.84755		0.82927		0.87629		0.85213		0.69617
345		1855.56		0.93109		0.9418		0.84755		0.82927		0.87629		0.85213		0.69617
346		1856.72		0.93059		0.94158		0.83979		0.82039		0.87113		0.845		0.68084
347		1857.95		0.92981		0.94123		0.84238		0.82439		0.87113		0.84712		0.68582
348		1859.04		0.92888		0.94049		0.83721		0.81643		0.87113		0.84289		0.67589
349		1860.13		0.92905		0.94018		0.83721		0.8134		0.87629		0.84367		0.67639
350		1861.28		0.92854		0.93947		0.83979		0.81731		0.87629		0.84577		0.68131
351		1862.44		0.9286		0.93948		0.83979		0.81731		0.87629		0.84577		0.68131
352		1864.02		0.9285		0.93963		0.84496		0.82843		0.87113		0.84925		0.6908
353		1865.72		0.92866		0.94006		0.84238		0.82759		0.86598		0.84635		0.68546
354		1866.86		0.93		0.94158		0.85013		0.83663		0.87113		0.85354		0.70082
355		1867.98		0.92981		0.94109		0.84496		0.82843		0.87113		0.84925		0.6908
356		1869.28		0.93032		0.94113		0.83721		0.81643		0.87113		0.84289		0.67589
357		1870.43		0.93077		0.94174		0.83721		0.81643		0.87113		0.84289		0.67589
358		1872.24		0.93072		0.94211		0.83979		0.81731		0.87629		0.84577		0.68131
359		1873.54		0.93064		0.94214		0.84238		0.82126		0.87629		0.84788		0.68625
360		1874.86		0.93072		0.94228		0.85271		0.83415		0.88144		0.85714		0.70652
361		1876.1		0.93071		0.94192		0.85013		0.83333		0.87629		0.85427		0.70115
362		1877.23		0.93141		0.94219		0.85013		0.83333		0.87629		0.85427		0.70115
363		1878.35		0.93109		0.94128		0.85271		0.83744		0.87629		0.85642		0.70615
364		1879.44		0.9304		0.94027		0.85271		0.83744		0.87629		0.85642		0.70615
365		1880.66		0.92992		0.93961		0.84755		0.8392		0.86082		0.84987		0.6953
366		1881.88		0.92944		0.93956		0.84755		0.8392		0.86082		0.84987		0.6953
367		1883.05		0.9292		0.9399		0.85271		0.8408		0.87113		0.8557		0.70586
368		1884.33		0.92866		0.93976		0.84496		0.82524		0.87629		0.85		0.6912
369		1886.16		0.92836		0.93916		0.83721		0.8134		0.87629		0.84367		0.67639
370		1887.68		0.92873		0.93932		0.83463		0.80952		0.87629		0.84158		0.67148
371		1889.4		0.92933		0.93991		0.83979		0.81731		0.87629		0.84577		0.68131
372		1891.37		0.93048		0.94087		0.85013		0.83333		0.87629		0.85427		0.70115
373		1892.82		0.93133		0.94154		0.8553		0.84158		0.87629		0.85859		0.71117
374		1894.0		0.93153		0.94111		0.8553		0.83824		0.88144		0.8593		0.7115
375		1895.29		0.93133		0.94045		0.84238		0.81818		0.88144		0.84864		0.68676
376		1896.52		0.93101		0.94065		0.84238		0.82126		0.87629		0.84788		0.68625
377		1898.15		0.93052		0.94139		0.85271		0.83092		0.8866		0.85786		0.70697
378		1899.73		0.92948		0.9415		0.85013		0.82381		0.89175		0.85644		0.7026
379		1901.01		0.92946		0.94169		0.84755		0.82297		0.8866		0.8536		0.69713
380		1902.13		0.92993		0.94198		0.84755		0.82609		0.88144		0.85287		0.69661
381		1903.42		0.93005		0.9419		0.84755		0.82927		0.87629		0.85213		0.69617
382		1904.57		0.93041		0.94206		0.84238		0.82126		0.87629		0.84788		0.68625
383		1905.77		0.93067		0.94235		0.84496		0.82524		0.87629		0.85		0.6912
384		1906.91		0.93089		0.94285		0.85013		0.83333		0.87629		0.85427		0.70115
385		1908.45		0.93096		0.94301		0.86047		0.85354		0.87113		0.86224		0.72107
386		1909.98		0.93068		0.94283		0.86305		0.85787		0.87113		0.86445		0.72617
387		1911.34		0.93092		0.94284		0.85788		0.84925		0.87113		0.86005		0.71598
388		1912.48		0.93077		0.94222		0.85271		0.8408		0.87113		0.8557		0.70586
389		1913.62		0.93027		0.94147		0.84755		0.83251		0.87113		0.85139		0.6958
390		1915.37		0.93005		0.94121		0.84755		0.82927		0.87629		0.85213		0.69617
391		1916.99		0.93019		0.94124		0.85013		0.83333		0.87629		0.85427		0.70115
392		1918.24		0.93003		0.94109		0.85013		0.83333		0.87629		0.85427		0.70115
393		1919.33		0.93003		0.94115		0.84496		0.82524		0.87629		0.85		0.6912
394		1920.45		0.9293		0.94061		0.84238		0.82439		0.87113		0.84712		0.68582
395		1921.68		0.92912		0.9406		0.84238		0.82439		0.87113		0.84712		0.68582
396		1922.82		0.92936		0.94076		0.84496		0.82843		0.87113		0.84925		0.6908
397		1923.92		0.92997		0.94135		0.85013		0.8301		0.88144		0.855		0.70156
398		1925.01		0.93007		0.94132		0.85271		0.83092		0.8866		0.85786		0.70697
399		1926.46		0.93064		0.9417		0.85013		0.82692		0.8866		0.85572		0.70204
400		1928.19		0.93108		0.94197		0.85271		0.83092		0.8866		0.85786		0.70697
401		1929.39		0.93111		0.94208		0.85271		0.83415		0.88144		0.85714		0.70652
402		1930.55		0.93169		0.94246		0.85271		0.83415		0.88144		0.85714		0.70652
403		1931.68		0.93176		0.94246		0.84755		0.82609		0.88144		0.85287		0.69661
404		1932.88		0.93107		0.94147		0.84755		0.82297		0.8866		0.8536		0.69713
405		1934.01		0.93061		0.94072		0.84496		0.81905		0.8866		0.85149		0.69223
406		1935.19		0.93077		0.94092		0.84238		0.81818		0.88144		0.84864		0.68676
407		1936.53		0.9306		0.94119		0.84238		0.82126		0.87629		0.84788		0.68625
408		1937.87		0.93051		0.94146		0.85013		0.83333		0.87629		0.85427		0.70115
409		1939.24		0.9299		0.94129		0.84755		0.83251		0.87113		0.85139		0.6958
410		1941.02		0.92872		0.94008		0.84496		0.83168		0.86598		0.84848		0.69048
411		1942.44		0.92804		0.93943		0.84496		0.83168		0.86598		0.84848		0.69048
412		1943.59		0.92769		0.93881		0.84755		0.82927		0.87629		0.85213		0.69617
413		1946.13		0.92818		0.93891		0.85013		0.83333		0.87629		0.85427		0.70115
414		1947.66		0.92775		0.93829		0.84755		0.82927		0.87629		0.85213		0.69617
415		1948.77		0.92872		0.93925		0.85013		0.8301		0.88144		0.855		0.70156
416		1949.93		0.92938		0.93978		0.84496		0.82524		0.87629		0.85		0.6912
417		1951.23		0.93104		0.94174		0.84496		0.82524		0.87629		0.85		0.6912
418		1952.34		0.93189		0.94259		0.85013		0.83333		0.87629		0.85427		0.70115
419		1953.49		0.93207		0.94252		0.85271		0.83744		0.87629		0.85642		0.70615
420		1954.64		0.93139		0.94161		0.85013		0.83663		0.87113		0.85354		0.70082
421		1955.84		0.93088		0.94084		0.84755		0.83251		0.87113		0.85139		0.6958
422		1957.24		0.92984		0.9395		0.84755		0.82609		0.88144		0.85287		0.69661
423		1958.46		0.93		0.94002		0.84755		0.82609		0.88144		0.85287		0.69661
424		1960.27		0.92989		0.94089		0.84238		0.82759		0.86598		0.84635		0.68546
425		1961.86		0.9295		0.94096		0.84496		0.82843		0.87113		0.84925		0.6908
426		1963.21		0.92882		0.94067		0.84238		0.82759		0.86598		0.84635		0.68546
427		1964.87		0.92809		0.93977		0.83721		0.81643		0.87113		0.84289		0.67589
428		1966.24		0.92837		0.93997		0.83721		0.80751		0.8866		0.84521		0.67761
429		1967.85		0.92893		0.94074		0.84496		0.82212		0.88144		0.85075		0.69168
430		1969.62		0.93005		0.94189		0.85013		0.83663		0.87113		0.85354		0.70082
431		1971.19		0.93128		0.94269		0.84755		0.83251		0.87113		0.85139		0.6958
432		1972.31		0.93176		0.94265		0.85013		0.83663		0.87113		0.85354		0.70082
433		1973.42		0.93207		0.94243		0.84496		0.82524		0.87629		0.85		0.6912
434		1974.52		0.93156		0.94156		0.84755		0.82609		0.88144		0.85287		0.69661
435		1975.77		0.93124		0.94144		0.84238		0.82126		0.87629		0.84788		0.68625
436		1976.96		0.93084		0.94188		0.84755		0.83251		0.87113		0.85139		0.6958
437		1978.11		0.93005		0.9419		0.84755		0.83582		0.86598		0.85063		0.69552
438		1979.28		0.92989		0.94228		0.8553		0.84848		0.86598		0.85714		0.71073
439		1980.56		0.9308		0.9421		0.84238		0.82126		0.87629		0.84788		0.68625
440		1981.69		0.92986		0.94058		0.83979		0.81429		0.88144		0.84653		0.68185
441		1983.59		0.93021		0.94123		0.85013		0.8301		0.88144		0.855		0.70156
442		1984.73		0.9308		0.94217		0.85013		0.83663		0.87113		0.85354		0.70082
443		1986.02		0.93063		0.94218		0.85013		0.84343		0.86082		0.85204		0.70039
444		1987.19		0.92938		0.94052		0.85271		0.84422		0.86598		0.85496		0.70564
445		1988.29		0.92812		0.93867		0.85013		0.83333		0.87629		0.85427		0.70115
446		1989.43		0.92651		0.93664		0.84238		0.82439		0.87113		0.84712		0.68582
447		1990.66		0.92605		0.93628		0.83721		0.81643		0.87113		0.84289		0.67589
448		1991.77		0.92621		0.93678		0.83979		0.82039		0.87113		0.845		0.68084
449		1993.03		0.92719		0.93838		0.84238		0.82439		0.87113		0.84712		0.68582
450		1994.86		0.92936		0.94069		0.84238		0.82439		0.87113		0.84712		0.68582
451		1996.39		0.93061		0.9421		0.84755		0.83251		0.87113		0.85139		0.6958
452		1997.56		0.9312		0.9425		0.84755		0.82927		0.87629		0.85213		0.69617
453		1998.91		0.93117		0.94233		0.84755		0.82927		0.87629		0.85213		0.69617
454		2000.55		0.93096		0.94237		0.84755		0.82927		0.87629		0.85213		0.69617
455		2001.94		0.93092		0.94265		0.8553		0.84158		0.87629		0.85859		0.71117
456		2004.03		0.93032		0.94283		0.85788		0.84925		0.87113		0.86005		0.71598
457		2005.51		0.92948		0.94254		0.8553		0.84848		0.86598		0.85714		0.71073
458		2006.61		0.92874		0.94209		0.85013		0.84		0.86598		0.85279		0.70057
459		2007.68		0.92881		0.94177		0.84755		0.83251		0.87113		0.85139		0.6958
460		2008.94		0.92898		0.94086		0.84238		0.82126		0.87629		0.84788		0.68625
461		2010.08		0.92889		0.9403		0.83979		0.81429		0.88144		0.84653		0.68185
462		2011.2		0.92941		0.94104		0.84238		0.82126		0.87629		0.84788		0.68625
463		2012.34		0.93031		0.94188		0.84496		0.82524		0.87629		0.85		0.6912
464		2013.45		0.93096		0.94262		0.84755		0.83251		0.87113		0.85139		0.6958
465		2014.69		0.93112		0.94251		0.85013		0.83333		0.87629		0.85427		0.70115
466		2015.91		0.93019		0.94132		0.85013		0.83333		0.87629		0.85427		0.70115
467		2017.22		0.9297		0.94061		0.85013		0.83333		0.87629		0.85427		0.70115
468		2018.88		0.93024		0.94111		0.84755		0.82927		0.87629		0.85213		0.69617
469		2020.27		0.92978		0.94125		0.84496		0.82843		0.87113		0.84925		0.6908
470		2021.65		0.92938		0.94136		0.85271		0.83744		0.87629		0.85642		0.70615
471		2023.11		0.92965		0.94173		0.85271		0.83744		0.87629		0.85642		0.70615
472		2024.66		0.92992		0.9421		0.84755		0.83251		0.87113		0.85139		0.6958
473		2026.18		0.92992		0.94203		0.84755		0.83251		0.87113		0.85139		0.6958
474		2028.2		0.93003		0.94157		0.84496		0.82843		0.87113		0.84925		0.6908
475		2030.02		0.93013		0.94122		0.84496		0.82524		0.87629		0.85		0.6912
476		2031.22		0.92956		0.94024		0.84238		0.82126		0.87629		0.84788		0.68625
477		2032.41		0.92973		0.94021		0.84496		0.82524		0.87629		0.85		0.6912
478		2033.71		0.92981		0.94012		0.84496		0.82524		0.87629		0.85		0.6912
479		2034.86		0.93056		0.94127		0.85013		0.83333		0.87629		0.85427		0.70115
480		2036.02		0.93096		0.94191		0.85013		0.83663		0.87113		0.85354		0.70082
481		2037.19		0.93027		0.94194		0.85013		0.83663		0.87113		0.85354		0.70082
482		2038.3		0.93081		0.94211		0.85013		0.83663		0.87113		0.85354		0.70082
483		2039.55		0.93104		0.94211		0.84755		0.82927		0.87629		0.85213		0.69617
484		2041.42		0.93069		0.94157		0.84496		0.82212		0.88144		0.85075		0.69168
485		2042.77		0.93003		0.9413		0.84496		0.82212		0.88144		0.85075		0.69168
486		2044.04		0.92948		0.94124		0.84496		0.82212		0.88144		0.85075		0.69168
487		2045.34		0.92864		0.9407		0.84238		0.82126		0.87629		0.84788		0.68625
488		2046.57		0.92846		0.94082		0.84496		0.82843		0.87113		0.84925		0.6908
489		2047.69		0.92822		0.94053		0.85013		0.83663		0.87113		0.85354		0.70082
490		2048.82		0.9284		0.94036		0.84755		0.83251		0.87113		0.85139		0.6958
491		2050.03		0.92794		0.93934		0.84755		0.83251		0.87113		0.85139		0.6958
492		2051.52		0.92826		0.9396		0.85271		0.83744		0.87629		0.85642		0.70615
493		2053.35		0.92872		0.93979		0.85013		0.83333		0.87629		0.85427		0.70115
494		2054.48		0.92821		0.93913		0.85271		0.83744		0.87629		0.85642		0.70615
495		2055.72		0.92845		0.93947		0.84755		0.83251		0.87113		0.85139		0.6958
496		2057.04		0.92765		0.93877		0.84755		0.83251		0.87113		0.85139		0.6958
497		2058.29		0.92775		0.93919		0.84755		0.83251		0.87113		0.85139		0.6958
498		2060.08		0.92785		0.93994		0.84496		0.83168		0.86598		0.84848		0.69048
499		2061.27		0.92725		0.93898		0.84755		0.83251		0.87113		0.85139		0.6958
500		2062.58		0.92802		0.9389		0.83979		0.82353		0.86598		0.84422		0.68045
501		2064.31		0.92898		0.93967		0.84238		0.83085		0.86082		0.84557		0.68517
502		2065.97		0.92994		0.94081		0.85013		0.84		0.86598		0.85279		0.70057
503		2067.31		0.9304		0.94148		0.85013		0.84		0.86598		0.85279		0.70057
504		2068.48		0.93101		0.94168		0.85013		0.83663		0.87113		0.85354		0.70082
505		2069.8		0.93133		0.94199		0.85013		0.83333		0.87629		0.85427		0.70115
506		2071.0		0.93121		0.94211		0.85013		0.83333		0.87629		0.85427		0.70115
507		2072.13		0.93099		0.94276		0.84496		0.83168		0.86598		0.84848		0.69048
508		2073.27		0.93019		0.94235		0.84496		0.83168		0.86598		0.84848		0.69048
509		2074.64		0.92949		0.94189		0.84496		0.83838		0.85567		0.84694		0.69005
510		2075.86		0.9292		0.94138		0.84755		0.83582		0.86598		0.85063		0.69552
511		2077.44		0.92872		0.94056		0.84496		0.82524		0.87629		0.85		0.6912
512		2079.13		0.92759		0.93914		0.84238		0.82126		0.87629		0.84788		0.68625
513		2081.36		0.92682		0.9384		0.83979		0.82039		0.87113		0.845		0.68084
514		2082.75		0.92658		0.93855		0.84238		0.82439		0.87113		0.84712		0.68582
515		2084.05		0.92655		0.93887		0.84238		0.83417		0.85567		0.84478		0.68496
516		2085.27		0.92789		0.94005		0.84238		0.83417		0.85567		0.84478		0.68496
517		2086.65		0.92812		0.93995		0.84755		0.83582		0.86598		0.85063		0.69552
518		2087.83		0.92818		0.93913		0.84496		0.82843		0.87113		0.84925		0.6908
519		2088.98		0.9288		0.93932		0.84238		0.82126		0.87629		0.84788		0.68625
520		2090.09		0.92936		0.93957		0.84755		0.82609		0.88144		0.85287		0.69661
521		2091.33		0.93052		0.94124		0.85788		0.84577		0.87629		0.86076		0.7162
522		2093.05		0.93139		0.94242		0.8553		0.84848		0.86598		0.85714		0.71073
523		2094.54		0.93043		0.94151		0.85788		0.84577		0.87629		0.86076		0.7162
524		2095.77		0.92917		0.94017		0.85013		0.83663		0.87113		0.85354		0.70082
525		2096.88		0.92751		0.93829		0.84238		0.82126		0.87629		0.84788		0.68625
526		2098.15		0.92677		0.93737		0.84238		0.82126		0.87629		0.84788		0.68625
527		2099.64		0.92722		0.93862		0.85013		0.83333		0.87629		0.85427		0.70115
528		2101.25		0.92751		0.93952		0.85013		0.83663		0.87113		0.85354		0.70082
529		2102.37		0.92719		0.93922		0.85013		0.83333		0.87629		0.85427		0.70115
530		2103.58		0.92666		0.93842		0.84755		0.82927		0.87629		0.85213		0.69617
531		2104.8		0.92626		0.93783		0.83979		0.81731		0.87629		0.84577		0.68131
532		2106.24		0.92562		0.93707		0.83979		0.81731		0.87629		0.84577		0.68131
533		2107.82		0.92646		0.93818		0.84755		0.82927		0.87629		0.85213		0.69617
534		2109.06		0.92669		0.93874		0.85271		0.83744		0.87629		0.85642		0.70615
535		2110.38		0.92751		0.93962		0.84755		0.83582		0.86598		0.85063		0.69552
536		2111.57		0.92781		0.94014		0.85271		0.84422		0.86598		0.85496		0.70564
537		2112.72		0.92794		0.93977		0.84238		0.82439		0.87113		0.84712		0.68582
538		2113.84		0.92725		0.9384		0.84238		0.82126		0.87629		0.84788		0.68625
539		2115.05		0.92779		0.93847		0.84755		0.82297		0.8866		0.8536		0.69713
540		2116.17		0.92813		0.93904		0.84755		0.82609		0.88144		0.85287		0.69661
541		2117.64		0.92845		0.93933		0.84755		0.82927		0.87629		0.85213		0.69617
542		2119.16		0.92888		0.93976		0.84755		0.83251		0.87113		0.85139		0.6958
543		2120.36		0.92896		0.94018		0.85013		0.83663		0.87113		0.85354		0.70082
544		2121.63		0.92906		0.94078		0.84496		0.82843		0.87113		0.84925		0.6908
545		2123.17		0.92904		0.94094		0.84755		0.82927		0.87629		0.85213		0.69617
546		2124.89		0.92957		0.94135		0.85013		0.83333		0.87629		0.85427		0.70115
547		2126.01		0.93003		0.94175		0.85271		0.8408		0.87113		0.8557		0.70586
548		2127.32		0.93059		0.94231		0.85271		0.8408		0.87113		0.8557		0.70586
549		2128.72		0.93051		0.94192		0.85271		0.8408		0.87113		0.8557		0.70586
550		2130.0		0.92962		0.9407		0.8553		0.83824		0.88144		0.8593		0.7115
551		2131.46		0.92965		0.94018		0.84496		0.82212		0.88144		0.85075		0.69168
552		2132.98		0.92973		0.94054		0.84496		0.82212		0.88144		0.85075		0.69168
553		2134.66		0.93005		0.94119		0.84496		0.82524		0.87629		0.85		0.6912
554		2135.8		0.93003		0.94138		0.85013		0.83333		0.87629		0.85427		0.70115
555		2137.54		0.93008		0.94173		0.85788		0.84577		0.87629		0.86076		0.7162
556		2139.18		0.93013		0.94159		0.8553		0.84158		0.87629		0.85859		0.71117
557		2140.41		0.93048		0.94164		0.85271		0.83744		0.87629		0.85642		0.70615
558		2141.52		0.92944		0.94051		0.84755		0.82609		0.88144		0.85287		0.69661
559		2142.73		0.92892		0.94001		0.85013		0.82692		0.8866		0.85572		0.70204
560		2143.87		0.92874		0.94021		0.85013		0.82692		0.8866		0.85572		0.70204
561		2144.99		0.9277		0.93967		0.85271		0.83092		0.8866		0.85786		0.70697
562		2146.25		0.92785		0.94016		0.85013		0.83333		0.87629		0.85427		0.70115
563		2147.41		0.92742		0.93966		0.84755		0.83251		0.87113		0.85139		0.6958
564		2148.55		0.92717		0.93928		0.85271		0.83744		0.87629		0.85642		0.70615
565		2149.73		0.92727		0.93895		0.85271		0.83744		0.87629		0.85642		0.70615
566		2151.03		0.92743		0.93868		0.85271		0.83415		0.88144		0.85714		0.70652
567		2152.15		0.92775		0.93892		0.85271		0.83415		0.88144		0.85714		0.70652
568		2153.26		0.9285		0.93981		0.84755		0.83251		0.87113		0.85139		0.6958
569		2154.49		0.92862		0.94029		0.84496		0.83168		0.86598		0.84848		0.69048
570		2156.02		0.92789		0.93981		0.84755		0.83251		0.87113		0.85139		0.6958
571		2157.98		0.92693		0.93894		0.85013		0.83333		0.87629		0.85427		0.70115
572		2159.34		0.92703		0.93931		0.84755		0.82927		0.87629		0.85213		0.69617
573		2160.63		0.92717		0.93944		0.8553		0.84158		0.87629		0.85859		0.71117
574		2162.15		0.92778		0.93978		0.8553		0.84158		0.87629		0.85859		0.71117
575		2163.53		0.92898		0.94083		0.8553		0.84158		0.87629		0.85859		0.71117
576		2165.25		0.92968		0.94124		0.85788		0.84236		0.88144		0.86146		0.7165
577		2166.6		0.93043		0.9416		0.85788		0.84236		0.88144		0.86146		0.7165
578		2168.03		0.93047		0.94152		0.8553		0.83824		0.88144		0.8593		0.7115
579		2169.5		0.93059		0.94173		0.85788		0.84236		0.88144		0.86146		0.7165
580		2171.14		0.93029		0.94139		0.8553		0.84158		0.87629		0.85859		0.71117
581		2172.67		0.92997		0.94139		0.85271		0.8408		0.87113		0.8557		0.70586
582		2173.88		0.92829		0.94002		0.85271		0.8408		0.87113		0.8557		0.70586
583		2175.11		0.92697		0.93857		0.85013		0.83663		0.87113		0.85354		0.70082
584		2176.22		0.92562		0.93702		0.85013		0.83663		0.87113		0.85354		0.70082
585		2177.3		0.925		0.93644		0.84755		0.83251		0.87113		0.85139		0.6958
586		2178.44		0.92535		0.93728		0.85271		0.8408		0.87113		0.8557		0.70586
587		2179.65		0.92575		0.9381		0.85013		0.84		0.86598		0.85279		0.70057
588		2180.76		0.92602		0.93829		0.85013		0.84		0.86598		0.85279		0.70057
589		2181.86		0.92621		0.93827		0.85271		0.8408		0.87113		0.8557		0.70586
590		2182.97		0.92621		0.93807		0.84755		0.83251		0.87113		0.85139		0.6958
591		2184.49		0.92654		0.93838		0.84755		0.83251		0.87113		0.85139		0.6958
592		2186.15		0.92789		0.93976		0.8553		0.84158		0.87629		0.85859		0.71117
593		2188.13		0.92812		0.94053		0.83979		0.83333		0.85052		0.84184		0.67971
594		2189.36		0.92829		0.94099		0.84238		0.83417		0.85567		0.84478		0.68496
595		2190.53		0.92778		0.93988		0.84496		0.83168		0.86598		0.84848		0.69048
596		2191.98		0.92685		0.93859		0.83979		0.82039		0.87113		0.845		0.68084
597		2193.11		0.92677		0.93866		0.84496		0.82524		0.87629		0.85		0.6912
598		2194.4		0.92698		0.93897		0.84238		0.82759		0.86598		0.84635		0.68546
599		2195.88		0.92563		0.93797		0.84496		0.835		0.86082		0.84772		0.69023
600		2197.56		0.92522		0.93777		0.84496		0.83838		0.85567		0.84694		0.69005
601		2198.75		0.92452		0.93666		0.84238		0.82759		0.86598		0.84635		0.68546
602		2199.88		0.924		0.93553		0.84238		0.82126		0.87629		0.84788		0.68625
603		2200.98		0.92455		0.93598		0.84755		0.82609		0.88144		0.85287		0.69661
604		2202.12		0.92653		0.93812		0.84238		0.82759		0.86598		0.84635		0.68546
605		2203.32		0.92765		0.93939		0.84496		0.835		0.86082		0.84772		0.69023
606		2204.48		0.928		0.93883		0.84496		0.835		0.86082		0.84772		0.69023
607		2206.35		0.92782		0.93814		0.84755		0.83251		0.87113		0.85139		0.6958
608		2207.5		0.92637		0.93637		0.84496		0.82843		0.87113		0.84925		0.6908
609		2208.88		0.92669		0.93698		0.84238		0.83085		0.86082		0.84557		0.68517
610		2210.12		0.92726		0.9393		0.84755		0.8392		0.86082		0.84987		0.6953
611		2211.36		0.92721		0.94018		0.85013		0.84694		0.85567		0.85128		0.70029
612		2212.68		0.9261		0.93891		0.84755		0.83251		0.87113		0.85139		0.6958
613		2214.07		0.92498		0.93715		0.84496		0.82524		0.87629		0.85		0.6912
614		2215.49		0.92653		0.93839		0.84238		0.82439		0.87113		0.84712		0.68582
615		2216.72		0.9281		0.93986		0.84755		0.83582		0.86598		0.85063		0.69552
616		2217.98		0.92866		0.9401		0.85013		0.84		0.86598		0.85279		0.70057
617		2219.2		0.92962		0.94033		0.84496		0.835		0.86082		0.84772		0.69023
618		2220.78		0.93043		0.94048		0.85013		0.82692		0.8866		0.85572		0.70204
619		2222.35		0.92974		0.93969		0.84755		0.82927		0.87629		0.85213		0.69617
620		2223.71		0.92864		0.9396		0.85271		0.83744		0.87629		0.85642		0.70615
621		2225.34		0.92893		0.94018		0.84755		0.83251		0.87113		0.85139		0.6958
622		2227.14		0.9292		0.94036		0.85271		0.83744		0.87629		0.85642		0.70615
623		2228.41		0.92824		0.93915		0.85271		0.83744		0.87629		0.85642		0.70615
624		2229.57		0.92746		0.93796		0.85013		0.83663		0.87113		0.85354		0.70082
625		2230.68		0.92623		0.93614		0.84755		0.83251		0.87113		0.85139		0.6958
626		2231.81		0.92543		0.93533		0.84238		0.82439		0.87113		0.84712		0.68582
627		2233.43		0.9253		0.93554		0.84496		0.82843		0.87113		0.84925		0.6908
628		2235.0		0.92522		0.93603		0.84755		0.83251		0.87113		0.85139		0.6958
629		2236.55		0.92563		0.93655		0.85271		0.83744		0.87629		0.85642		0.70615
630		2237.75		0.92571		0.93653		0.84755		0.83251		0.87113		0.85139		0.6958
631		2238.93		0.92645		0.9373		0.84755		0.83251		0.87113		0.85139		0.6958
632		2240.17		0.92797		0.93868		0.85013		0.83333		0.87629		0.85427		0.70115
633		2241.47		0.92864		0.93934		0.85271		0.83744		0.87629		0.85642		0.70615
634		2243.07		0.9288		0.93949		0.84496		0.82843		0.87113		0.84925		0.6908
635		2244.64		0.92832		0.93897		0.85013		0.83663		0.87113		0.85354		0.70082
636		2246.76		0.9281		0.93868		0.83721		0.8134		0.87629		0.84367		0.67639
637		2247.93		0.928		0.93918		0.83979		0.81731		0.87629		0.84577		0.68131
638		2249.11		0.92829		0.93999		0.83721		0.81951		0.86598		0.84211		0.67546
639		2250.28		0.92816		0.94015		0.83979		0.82353		0.86598		0.84422		0.68045
640		2252.02		0.92805		0.94013		0.83979		0.82353		0.86598		0.84422		0.68045
641		2253.55		0.92757		0.93972		0.84496		0.835		0.86082		0.84772		0.69023
642		2255.24		0.92757		0.93943		0.84238		0.83085		0.86082		0.84557		0.68517
643		2256.63		0.92666		0.93832		0.85013		0.83663		0.87113		0.85354		0.70082
644		2258.05		0.92669		0.93803		0.84496		0.82524		0.87629		0.85		0.6912
645		2259.38		0.92649		0.93824		0.84496		0.82843		0.87113		0.84925		0.6908
646		2260.55		0.92694		0.93916		0.84496		0.82843		0.87113		0.84925		0.6908
647		2261.75		0.92694		0.93957		0.84496		0.82843		0.87113		0.84925		0.6908
648		2263.54		0.92717		0.93983		0.84238		0.82759		0.86598		0.84635		0.68546
649		2265.11		0.92701		0.93985		0.84238		0.82759		0.86598		0.84635		0.68546
650		2266.22		0.9265		0.93884		0.84238		0.82759		0.86598		0.84635		0.68546
651		2267.45		0.92551		0.93756		0.84238		0.82759		0.86598		0.84635		0.68546
652		2268.57		0.92511		0.93709		0.84238		0.82759		0.86598		0.84635		0.68546
653		2269.83		0.92552		0.93739		0.84238		0.82759		0.86598		0.84635		0.68546
654		2270.97		0.92671		0.93861		0.84755		0.83251		0.87113		0.85139		0.6958
655		2272.12		0.9281		0.93994		0.84755		0.83582		0.86598		0.85063		0.69552
656		2273.4		0.92794		0.93964		0.84496		0.83168		0.86598		0.84848		0.69048
657		2274.67		0.92876		0.94029		0.84755		0.83251		0.87113		0.85139		0.6958
658		2275.81		0.92848		0.93987		0.84496		0.82524		0.87629		0.85		0.6912
659		2277.01		0.9288		0.93989		0.84496		0.82524		0.87629		0.85		0.6912
660		2278.2		0.92865		0.93951		0.84755		0.82927		0.87629		0.85213		0.69617
661		2279.58		0.92775		0.9389		0.83979		0.81731		0.87629		0.84577		0.68131
662		2280.9		0.92767		0.93922		0.83979		0.82353		0.86598		0.84422		0.68045
663		2282.62		0.92818		0.94018		0.83979		0.82673		0.86082		0.84343		0.68013
664		2284.63		0.9285		0.94084		0.84238		0.83085		0.86082		0.84557		0.68517
665		2286.03		0.92761		0.93967		0.84238		0.82759		0.86598		0.84635		0.68546
666		2287.36		0.92743		0.9391		0.84755		0.83251		0.87113		0.85139		0.6958
667		2288.53		0.92739		0.93854		0.84755		0.83251		0.87113		0.85139		0.6958
668		2289.63		0.9282		0.93958		0.84755		0.83582		0.86598		0.85063		0.69552
669		2290.72		0.92842		0.93989		0.85013		0.84		0.86598		0.85279		0.70057
670		2291.93		0.92912		0.94053		0.85271		0.84422		0.86598		0.85496		0.70564
671		2293.07		0.92914		0.94033		0.8553		0.845		0.87113		0.85787		0.71091
672		2294.18		0.92765		0.9386		0.85013		0.83333		0.87629		0.85427		0.70115
673		2295.29		0.92653		0.93721		0.84496		0.82524		0.87629		0.85		0.6912
674		2296.87		0.92522		0.93661		0.83721		0.81951		0.86598		0.84211		0.67546
675		2298.82		0.92407		0.93627		0.84238		0.82759		0.86598		0.84635		0.68546
676		2301.03		0.92335		0.93653		0.83721		0.82915		0.85052		0.83969		0.67462
677		2302.36		0.92399		0.93662		0.84496		0.83168		0.86598		0.84848		0.69048
678		2303.94		0.92408		0.93605		0.84238		0.82439		0.87113		0.84712		0.68582
679		2305.37		0.92436		0.93602		0.84496		0.82212		0.88144		0.85075		0.69168
680		2307.13		0.92526		0.9368		0.85013		0.8301		0.88144		0.855		0.70156
681		2308.59		0.92629		0.93841		0.85271		0.83744		0.87629		0.85642		0.70615
682		2309.68		0.92661		0.93918		0.84496		0.835		0.86082		0.84772		0.69023
683		2310.79		0.92591		0.93831		0.85013		0.83663		0.87113		0.85354		0.70082
684		2312.03		0.92511		0.93706		0.84238		0.82439		0.87113		0.84712		0.68582
685		2313.63		0.9245		0.93626		0.83979		0.82039		0.87113		0.845		0.68084
686		2315.24		0.92555		0.9375		0.84496		0.82843		0.87113		0.84925		0.6908
687		2316.59		0.92617		0.93824		0.84238		0.82759		0.86598		0.84635		0.68546
688		2317.87		0.92687		0.93891		0.84238		0.82759		0.86598		0.84635		0.68546
689		2319.0		0.92663		0.93861		0.84755		0.83582		0.86598		0.85063		0.69552
690		2320.29		0.92586		0.93774		0.85013		0.83663		0.87113		0.85354		0.70082
691		2321.47		0.92503		0.93646		0.84496		0.82843		0.87113		0.84925		0.6908
692		2322.79		0.92479		0.93589		0.84496		0.82843		0.87113		0.84925		0.6908
693		2324.03		0.92519		0.93632		0.85013		0.83663		0.87113		0.85354		0.70082
694		2325.28		0.92562		0.93686		0.85271		0.84422		0.86598		0.85496		0.70564
695		2326.9		0.92587		0.93706		0.85013		0.84		0.86598		0.85279		0.70057
696		2328.29		0.92573		0.93636		0.85271		0.8408		0.87113		0.8557		0.70586
697		2329.82		0.92546		0.93601		0.84755		0.83251		0.87113		0.85139		0.6958
698		2330.94		0.9257		0.93622		0.84755		0.82927		0.87629		0.85213		0.69617
699		2332.06		0.92586		0.93657		0.85013		0.83333		0.87629		0.85427		0.70115
700		2333.15		0.92539		0.93694		0.85271		0.83744		0.87629		0.85642		0.70615
701		2334.31		0.92586		0.93774		0.85013		0.83663		0.87113		0.85354		0.70082
702		2335.56		0.92554		0.93744		0.84755		0.82927		0.87629		0.85213		0.69617
703		2336.65		0.92567		0.93817		0.84755		0.82927		0.87629		0.85213		0.69617
704		2337.75		0.92741		0.94033		0.84755		0.83251		0.87113		0.85139		0.6958
705		2338.85		0.92858		0.94168		0.84238		0.83085		0.86082		0.84557		0.68517
706		2340.14		0.92872		0.94142		0.83979		0.82353		0.86598		0.84422		0.68045
707		2341.28		0.92802		0.93975		0.84238		0.81818		0.88144		0.84864		0.68676
708		2342.81		0.92719		0.93901		0.83979		0.81731		0.87629		0.84577		0.68131
709		2344.51		0.92715		0.93904		0.83721		0.81643		0.87113		0.84289		0.67589
710		2346.5		0.92671		0.93847		0.83721		0.81951		0.86598		0.84211		0.67546
711		2348.13		0.92674		0.93862		0.83463		0.81863		0.86082		0.8392		0.6701
712		2349.24		0.9265		0.93838		0.83979		0.82673		0.86082		0.84343		0.68013
713		2350.45		0.92663		0.93849		0.84238		0.83085		0.86082		0.84557		0.68517
714		2351.58		0.92647		0.93848		0.84496		0.83168		0.86598		0.84848		0.69048
715		2352.84		0.92639		0.93799		0.84238		0.83085		0.86082		0.84557		0.68517
716		2354.03		0.92606		0.93735		0.84496		0.83168		0.86598		0.84848		0.69048
717		2355.14		0.92653		0.93768		0.84238		0.82759		0.86598		0.84635		0.68546
718		2356.24		0.92679		0.93813		0.84496		0.83168		0.86598		0.84848		0.69048
719		2357.43		0.92677		0.93784		0.84755		0.83582		0.86598		0.85063		0.69552
720		2358.56		0.92727		0.93803		0.84755		0.83582		0.86598		0.85063		0.69552
721		2359.71		0.9273		0.93801		0.85013		0.83333		0.87629		0.85427		0.70115
722		2361.46		0.92718		0.93762		0.85271		0.83415		0.88144		0.85714		0.70652
723		2363.04		0.92753		0.93811		0.85013		0.8301		0.88144		0.855		0.70156
724		2364.78		0.92775		0.93899		0.85013		0.83333		0.87629		0.85427		0.70115
725		2366.19		0.92735		0.93939		0.84755		0.83582		0.86598		0.85063		0.69552
726		2368.0		0.92697		0.9393		0.84755		0.8392		0.86082		0.84987		0.6953
727		2369.88		0.92674		0.9391		0.84496		0.835		0.86082		0.84772		0.69023
728		2371.08		0.92717		0.93944		0.84496		0.83168		0.86598		0.84848		0.69048
729		2372.88		0.92741		0.9393		0.84496		0.83168		0.86598		0.84848		0.69048
730		2374.34		0.92767		0.93916		0.83979		0.82353		0.86598		0.84422		0.68045
731		2375.67		0.92816		0.93924		0.84496		0.82524		0.87629		0.85		0.6912
732		2376.76		0.92778		0.93867		0.84755		0.83251		0.87113		0.85139		0.6958
733		2377.89		0.92706		0.9383		0.84496		0.83168		0.86598		0.84848		0.69048
734		2378.97		0.92618		0.93767		0.85013		0.83663		0.87113		0.85354		0.70082
735		2380.06		0.92599		0.93771		0.84755		0.83582		0.86598		0.85063		0.69552
736		2381.32		0.92468		0.93649		0.85013		0.83663		0.87113		0.85354		0.70082
737		2383.04		0.92423		0.93567		0.84755		0.83582		0.86598		0.85063		0.69552
738		2384.4		0.92426		0.93563		0.85013		0.84		0.86598		0.85279		0.70057
739		2385.55		0.92532		0.93678		0.85013		0.84343		0.86082		0.85204		0.70039
740		2386.82		0.92573		0.93757		0.85013		0.84343		0.86082		0.85204		0.70039
741		2388.02		0.92725		0.93903		0.84496		0.835		0.86082		0.84772		0.69023
742		2389.13		0.92778		0.93924		0.85013		0.83333		0.87629		0.85427		0.70115
743		2390.29		0.92837		0.93962		0.83979		0.81731		0.87629		0.84577		0.68131
744		2391.39		0.92842		0.94002		0.84238		0.82126		0.87629		0.84788		0.68625
745		2392.6		0.92864		0.94018		0.84496		0.82843		0.87113		0.84925		0.6908
746		2393.85		0.92751		0.93901		0.84755		0.82927		0.87629		0.85213		0.69617
747		2395.05		0.92697		0.93856		0.84755		0.83251		0.87113		0.85139		0.6958
748		2396.23		0.92631		0.93791		0.84496		0.82843		0.87113		0.84925		0.6908
749		2397.49		0.92613		0.93787		0.84755		0.83251		0.87113		0.85139		0.6958
750		2398.64		0.92552		0.93749		0.85013		0.83663		0.87113		0.85354		0.70082
751		2400.55		0.92594		0.93791		0.85013		0.83663		0.87113		0.85354		0.70082
752		2401.69		0.92626		0.93823		0.84496		0.82843		0.87113		0.84925		0.6908
753		2403.61		0.92605		0.93742		0.84238		0.82126		0.87629		0.84788		0.68625
754		2404.99		0.92658		0.93781		0.83979		0.81731		0.87629		0.84577		0.68131
755		2406.17		0.92741		0.93868		0.83979		0.82039		0.87113		0.845		0.68084
756		2407.42		0.9277		0.9391		0.85013		0.83663		0.87113		0.85354		0.70082
757		2408.63		0.92719		0.93841		0.84496		0.835		0.86082		0.84772		0.69023
758		2409.96		0.92722		0.93823		0.84238		0.83085		0.86082		0.84557		0.68517
759		2411.09		0.92709		0.93778		0.84496		0.83168		0.86598		0.84848		0.69048
760		2412.25		0.92634		0.93668		0.84496		0.83168		0.86598		0.84848		0.69048
761		2413.42		0.92617		0.93634		0.84238		0.82759		0.86598		0.84635		0.68546
762		2414.63		0.92589		0.93675		0.84238		0.82759		0.86598		0.84635		0.68546
763		2415.87		0.92589		0.9371		0.84496		0.835		0.86082		0.84772		0.69023
764		2417.11		0.92581		0.93722		0.84238		0.83085		0.86082		0.84557		0.68517
765		2419.06		0.92532		0.93671		0.84496		0.82843		0.87113		0.84925		0.6908
766		2421.14		0.92578		0.93699		0.83979		0.82039		0.87113		0.845		0.68084
767		2422.4		0.9253		0.93635		0.83721		0.81643		0.87113		0.84289		0.67589
768		2423.57		0.92471		0.93586		0.84238		0.82439		0.87113		0.84712		0.68582
769		2424.71		0.92498		0.93635		0.84496		0.82843		0.87113		0.84925		0.6908
770		2425.91		0.92532		0.93684		0.83979		0.82353		0.86598		0.84422		0.68045
771		2427.22		0.9246		0.936		0.84238		0.82759		0.86598		0.84635		0.68546
772		2428.61		0.92556		0.9371		0.83721		0.82266		0.86082		0.84131		0.67511
773		2429.81		0.92591		0.93782		0.84238		0.82759		0.86598		0.84635		0.68546
774		2430.94		0.92605		0.93861		0.83721		0.82587		0.85567		0.84051		0.67483
775		2432.59		0.9253		0.93869		0.83721		0.82587		0.85567		0.84051		0.67483
776		2434.59		0.92474		0.93858		0.83979		0.82673		0.86082		0.84343		0.68013
777		2436.19		0.92436		0.93805		0.83721		0.82266		0.86082		0.84131		0.67511
778		2437.46		0.9245		0.93759		0.83979		0.82353		0.86598		0.84422		0.68045
779		2438.8		0.92482		0.93708		0.83463		0.81553		0.86598		0.84		0.67049
780		2440.68		0.92508		0.93668		0.83463		0.81553		0.86598		0.84		0.67049
781		2442.22		0.92507		0.93656		0.84238		0.82439		0.87113		0.84712		0.68582
782		2443.89		0.92556		0.93712		0.84496		0.83168		0.86598		0.84848		0.69048
783		2445.01		0.92599		0.93786		0.84496		0.835		0.86082		0.84772		0.69023
784		2446.14		0.92591		0.93756		0.84496		0.835		0.86082		0.84772		0.69023
785		2447.37		0.92431		0.93492		0.83979		0.82353		0.86598		0.84422		0.68045
786		2448.76		0.92394		0.93412		0.83979		0.82353		0.86598		0.84422		0.68045
787		2450.05		0.92414		0.93486		0.84238		0.82759		0.86598		0.84635		0.68546
788		2451.19		0.92388		0.93543		0.84238		0.83417		0.85567		0.84478		0.68496
789		2452.38		0.92412		0.93624		0.84238		0.83417		0.85567		0.84478		0.68496
790		2453.48		0.92335		0.93522		0.83721		0.82266		0.86082		0.84131		0.67511
791		2454.62		0.92303		0.93483		0.83463		0.81863		0.86082		0.8392		0.6701
792		2455.75		0.92312		0.93447		0.83463		0.81553		0.86598		0.84		0.67049
793		2457.0		0.9235		0.93504		0.83721		0.81951		0.86598		0.84211		0.67546
794		2458.09		0.92436		0.93602		0.84238		0.82759		0.86598		0.84635		0.68546
795		2459.92		0.92468		0.9367		0.84238		0.83417		0.85567		0.84478		0.68496
796		2461.08		0.92476		0.93696		0.84496		0.83838		0.85567		0.84694		0.69005
797		2462.34		0.92415		0.93648		0.84496		0.83838		0.85567		0.84694		0.69005
798		2463.47		0.92556		0.93791		0.84496		0.83838		0.85567		0.84694		0.69005
799		2464.57		0.92575		0.9375		0.84496		0.83838		0.85567		0.84694		0.69005
800		2465.66		0.92578		0.93678		0.83721		0.82266		0.86082		0.84131		0.67511
801		2466.95		0.92641		0.937		0.84238		0.82439		0.87113		0.84712		0.68582
802		2468.12		0.92663		0.93746		0.83979		0.82673		0.86082		0.84343		0.68013
803		2469.29		0.92734		0.93861		0.84496		0.835		0.86082		0.84772		0.69023
804		2470.39		0.92711		0.93872		0.84496		0.835		0.86082		0.84772		0.69023
805		2472.09		0.92703		0.93855		0.84496		0.835		0.86082		0.84772		0.69023
806		2473.73		0.92705		0.93802		0.84496		0.82843		0.87113		0.84925		0.6908
807		2474.83		0.92613		0.9362		0.83979		0.81429		0.88144		0.84653		0.68185
808		2476.76		0.92606		0.93655		0.84496		0.82212		0.88144		0.85075		0.69168
809		2477.89		0.9261		0.93742		0.84238		0.82759		0.86598		0.84635		0.68546
810		2479.14		0.92589		0.93769		0.84496		0.835		0.86082		0.84772		0.69023
811		2480.9		0.92415		0.93551		0.84496		0.82843		0.87113		0.84925		0.6908
812		2482.37		0.92301		0.93354		0.83721		0.81643		0.87113		0.84289		0.67589
813		2483.46		0.92281		0.93357		0.83721		0.81951		0.86598		0.84211		0.67546
814		2484.52		0.92327		0.93475		0.83979		0.82673		0.86082		0.84343		0.68013
815		2485.75		0.92406		0.93594		0.83979		0.83		0.85567		0.84264		0.67989
816		2486.94		0.92415		0.93565		0.84238		0.83085		0.86082		0.84557		0.68517
817		2488.02		0.92337		0.93428		0.84496		0.82843		0.87113		0.84925		0.6908
818		2489.12		0.92301		0.93356		0.83979		0.82039		0.87113		0.845		0.68084
819		2490.35		0.92384		0.93466		0.84238		0.82439		0.87113		0.84712		0.68582
820		2491.52		0.92482		0.93615		0.85271		0.8408		0.87113		0.8557		0.70586
821		2493.4		0.92554		0.93706		0.85013		0.84		0.86598		0.85279		0.70057
822		2494.64		0.92444		0.93496		0.85013		0.83663		0.87113		0.85354		0.70082
823		2495.8		0.92411		0.93399		0.84238		0.82439		0.87113		0.84712		0.68582
824		2497.04		0.92402		0.93433		0.84238		0.82759		0.86598		0.84635		0.68546
825		2498.15		0.92506		0.93657		0.84238		0.83085		0.86082		0.84557		0.68517
826		2499.32		0.92402		0.93563		0.84238		0.83085		0.86082		0.84557		0.68517
827		2500.45		0.92303		0.93476		0.83979		0.82039		0.87113		0.845		0.68084
828		2502.27		0.92196		0.93371		0.83979		0.82039		0.87113		0.845		0.68084
829		2503.86		0.92156		0.93376		0.83463		0.81863		0.86082		0.8392		0.6701
830		2505.94		0.92209		0.93465		0.83979		0.83		0.85567		0.84264		0.67989
831		2507.08		0.92233		0.9346		0.83979		0.83		0.85567		0.84264		0.67989
832		2508.18		0.92172		0.93388		0.83463		0.82178		0.85567		0.83838		0.66979
833		2509.43		0.92177		0.9336		0.83463		0.81863		0.86082		0.8392		0.6701
834		2510.59		0.92199		0.93371		0.83204		0.81463		0.86082		0.83709		0.66511
835		2512.16		0.92311		0.93511		0.83204		0.81773		0.85567		0.83627		0.66476
836		2513.9		0.92448		0.93657		0.83979		0.82673		0.86082		0.84343		0.68013
837		2515.35		0.92463		0.93634		0.83979		0.82673		0.86082		0.84343		0.68013
838		2516.47		0.92467		0.93607		0.83979		0.82353		0.86598		0.84422		0.68045
839		2517.59		0.92394		0.93519		0.83979		0.82353		0.86598		0.84422		0.68045
840		2518.68		0.9245		0.93598		0.83979		0.82673		0.86082		0.84343		0.68013
841		2519.84		0.92548		0.93744		0.84496		0.835		0.86082		0.84772		0.69023
842		2521.08		0.92591		0.93818		0.84238		0.83085		0.86082		0.84557		0.68517
843		2522.22		0.92562		0.93786		0.84238		0.83085		0.86082		0.84557		0.68517
844		2523.36		0.92535		0.93715		0.84238		0.82759		0.86598		0.84635		0.68546
845		2524.53		0.92503		0.9365		0.82946		0.80769		0.86598		0.83582		0.66058
846		2525.8		0.92511		0.93688		0.83463		0.81863		0.86082		0.8392		0.6701
847		2526.97		0.92527		0.93745		0.83721		0.82266		0.86082		0.84131		0.67511
848		2528.06		0.92532		0.93768		0.84238		0.83085		0.86082		0.84557		0.68517
849		2529.23		0.92476		0.93703		0.83979		0.82673		0.86082		0.84343		0.68013
850		2531.23		0.92383		0.93583		0.83721		0.82266		0.86082		0.84131		0.67511
851		2532.48		0.92299		0.9348		0.83721		0.81951		0.86598		0.84211		0.67546
852		2534.21		0.92317		0.93504		0.83721		0.82266		0.86082		0.84131		0.67511
853		2535.93		0.92427		0.93638		0.83463		0.82178		0.85567		0.83838		0.66979
854		2537.24		0.92491		0.93675		0.83721		0.82587		0.85567		0.84051		0.67483
855		2539.13		0.9254		0.93669		0.83979		0.82673		0.86082		0.84343		0.68013
856		2540.5		0.92583		0.93647		0.84238		0.82759		0.86598		0.84635		0.68546
857		2541.7		0.92571		0.93617		0.84238		0.82759		0.86598		0.84635		0.68546
858		2542.85		0.92634		0.93759		0.84238		0.83417		0.85567		0.84478		0.68496
859		2544.1		0.92567		0.93744		0.84755		0.84264		0.85567		0.8491		0.69516
860		2545.21		0.9253		0.93702		0.84496		0.835		0.86082		0.84772		0.69023
861		2546.37		0.92407		0.93535		0.83721		0.81951		0.86598		0.84211		0.67546
862		2547.59		0.92308		0.93423		0.83204		0.81159		0.86598		0.83791		0.66553
863		2549.14		0.92331		0.93438		0.83721		0.81951		0.86598		0.84211		0.67546
864		2550.87		0.92406		0.93571		0.84238		0.83085		0.86082		0.84557		0.68517
865		2552.02		0.92483		0.9369		0.85013		0.84694		0.85567		0.85128		0.70029
866		2553.17		0.9245		0.93581		0.84496		0.835		0.86082		0.84772		0.69023
867		2554.46		0.92316		0.93348		0.83721		0.81951		0.86598		0.84211		0.67546
868		2555.55		0.92281		0.93302		0.83721		0.81643		0.87113		0.84289		0.67589
869		2556.7		0.92299		0.93444		0.84238		0.82759		0.86598		0.84635		0.68546
870		2557.78		0.92351		0.93603		0.83979		0.83333		0.85052		0.84184		0.67971
871		2558.99		0.92359		0.93614		0.83979		0.83333		0.85052		0.84184		0.67971
872		2560.09		0.92248		0.93433		0.83721		0.81951		0.86598		0.84211		0.67546
873		2561.19		0.92284		0.93329		0.83463		0.81553		0.86598		0.84		0.67049
874		2562.28		0.92435		0.93516		0.83979		0.82353		0.86598		0.84422		0.68045
875		2563.39		0.92581		0.93714		0.84496		0.835		0.86082		0.84772		0.69023
876		2565.29		0.9267		0.93848		0.84755		0.8392		0.86082		0.84987		0.6953
877		2566.86		0.92709		0.9393		0.84496		0.835		0.86082		0.84772		0.69023
878		2568.76		0.92627		0.93899		0.84238		0.82759		0.86598		0.84635		0.68546
879		2570.56		0.92575		0.93907		0.84238		0.82759		0.86598		0.84635		0.68546
880		2571.89		0.92597		0.93916		0.83979		0.82353		0.86598		0.84422		0.68045
881		2573.04		0.92682		0.93901		0.84238		0.82759		0.86598		0.84635		0.68546
882		2574.15		0.92669		0.93803		0.84496		0.835		0.86082		0.84772		0.69023
883		2575.32		0.92543		0.93581		0.84238		0.83085		0.86082		0.84557		0.68517
884		2576.42		0.92591		0.93666		0.83979		0.82353		0.86598		0.84422		0.68045
885		2577.7		0.92591		0.93778		0.83721		0.81951		0.86598		0.84211		0.67546
886		2578.96		0.92514		0.93722		0.83721		0.81643		0.87113		0.84289		0.67589
887		2580.19		0.92434		0.93646		0.83463		0.81553		0.86598		0.84		0.67049
888		2581.35		0.92415		0.93585		0.83979		0.82039		0.87113		0.845		0.68084
889		2582.66		0.92308		0.93417		0.83979		0.82353		0.86598		0.84422		0.68045
890		2583.85		0.92289		0.93385		0.83979		0.83		0.85567		0.84264		0.67989
891		2585.09		0.92276		0.9338		0.83979		0.83333		0.85052		0.84184		0.67971
892		2586.52		0.92217		0.93302		0.83979		0.83		0.85567		0.84264		0.67989
893		2588.2		0.92188		0.93265		0.83721		0.82587		0.85567		0.84051		0.67483
894		2589.48		0.92223		0.93294		0.83721		0.81951		0.86598		0.84211		0.67546
895		2590.63		0.92231		0.93358		0.83721		0.82266		0.86082		0.84131		0.67511
896		2591.79		0.92316		0.93516		0.83204		0.81773		0.85567		0.83627		0.66476
897		2592.89		0.923		0.93491		0.83979		0.82353		0.86598		0.84422		0.68045
898		2594.32		0.92332		0.9349		0.83979		0.82353		0.86598		0.84422		0.68045
899		2595.8		0.92356		0.93506		0.84496		0.83168		0.86598		0.84848		0.69048
900		2597.42		0.92442		0.93627		0.84496		0.835		0.86082		0.84772		0.69023
901		2599.34		0.92581		0.93785		0.85013		0.84343		0.86082		0.85204		0.70039
902		2600.83		0.9269		0.93924		0.85271		0.85128		0.85567		0.85347		0.70543
903		2602.1		0.92589		0.93752		0.84238		0.83085		0.86082		0.84557		0.68517
904		2603.26		0.9254		0.93683		0.84496		0.83168		0.86598		0.84848		0.69048
905		2604.5		0.92546		0.93733		0.84238		0.82759		0.86598		0.84635		0.68546
906		2605.68		0.92629		0.93864		0.83721		0.82915		0.85052		0.83969		0.67462
907		2607.14		0.92597		0.93845		0.83721		0.82587		0.85567		0.84051		0.67483
908		2608.97		0.92484		0.93727		0.83979		0.82039		0.87113		0.845		0.68084
909		2610.07		0.9246		0.93646		0.83979		0.82039		0.87113		0.845		0.68084
910		2611.21		0.92388		0.93601		0.83204		0.81159		0.86598		0.83791		0.66553
911		2612.48		0.92344		0.93592		0.83204		0.81773		0.85567		0.83627		0.66476
912		2613.72		0.92321		0.93567		0.83204		0.81773		0.85567		0.83627		0.66476
913		2614.8		0.92252		0.93481		0.83721		0.82587		0.85567		0.84051		0.67483
914		2616.01		0.92201		0.93421		0.84755		0.84264		0.85567		0.8491		0.69516
915		2617.18		0.9214		0.93356		0.84496		0.835		0.86082		0.84772		0.69023
916		2618.68		0.92201		0.93457		0.84238		0.83417		0.85567		0.84478		0.68496
917		2619.84		0.92209		0.93505		0.83979		0.83		0.85567		0.84264		0.67989
918		2621.0		0.92351		0.93647		0.84238		0.83417		0.85567		0.84478		0.68496
919		2622.13		0.92423		0.93696		0.83979		0.83		0.85567		0.84264		0.67989
920		2623.38		0.92394		0.93605		0.83721		0.82266		0.86082		0.84131		0.67511
921		2624.72		0.9237		0.93547		0.83721		0.82266		0.86082		0.84131		0.67511
922		2626.06		0.92356		0.9353		0.83721		0.82266		0.86082		0.84131		0.67511
923		2627.59		0.92356		0.93513		0.83721		0.82266		0.86082		0.84131		0.67511
924		2629.13		0.92313		0.93497		0.83721		0.82266		0.86082		0.84131		0.67511
925		2630.74		0.92332		0.93517		0.83979		0.82673		0.86082		0.84343		0.68013
926		2632.51		0.92354		0.93552		0.84238		0.83085		0.86082		0.84557		0.68517
927		2633.63		0.92392		0.93577		0.84238		0.83085		0.86082		0.84557		0.68517
928		2635.02		0.92395		0.9354		0.83979		0.82673		0.86082		0.84343		0.68013
929		2636.96		0.92418		0.93506		0.83979		0.82673		0.86082		0.84343		0.68013
930		2638.21		0.92404		0.93426		0.83721		0.82266		0.86082		0.84131		0.67511
931		2639.47		0.92386		0.93471		0.83721		0.82266		0.86082		0.84131		0.67511
932		2640.73		0.92396		0.93568		0.83979		0.83333		0.85052		0.84184		0.67971
933		2642.0		0.92337		0.93558		0.83721		0.82915		0.85052		0.83969		0.67462
934		2643.12		0.92327		0.93505		0.83204		0.81773		0.85567		0.83627		0.66476
935		2644.34		0.92284		0.93419		0.83204		0.81159		0.86598		0.83791		0.66553
936		2645.52		0.92345		0.93443		0.82946		0.80769		0.86598		0.83582		0.66058
937		2647.08		0.92394		0.93519		0.83979		0.82353		0.86598		0.84422		0.68045
938		2648.51		0.92495		0.93689		0.84496		0.835		0.86082		0.84772		0.69023
939		2649.63		0.92474		0.93693		0.85013		0.84343		0.86082		0.85204		0.70039
940		2650.72		0.92372		0.93574		0.84238		0.83085		0.86082		0.84557		0.68517
941		2652.03		0.92305		0.93474		0.83463		0.81863		0.86082		0.8392		0.6701
942		2653.14		0.92303		0.93455		0.83721		0.82266		0.86082		0.84131		0.67511
943		2654.59		0.9226		0.93457		0.83721		0.82587		0.85567		0.84051		0.67483
944		2656.28		0.92235		0.93431		0.84496		0.83838		0.85567		0.84694		0.69005
945		2657.39		0.92201		0.93331		0.84238		0.83085		0.86082		0.84557		0.68517
946		2658.68		0.92175		0.93206		0.83979		0.82673		0.86082		0.84343		0.68013
947		2660.01		0.92185		0.93242		0.83979		0.82673		0.86082		0.84343		0.68013
948		2661.75		0.92239		0.93396		0.83979		0.83		0.85567		0.84264		0.67989
949		2663.46		0.92277		0.9349		0.83979		0.83673		0.84536		0.84103		0.67961
950		2664.72		0.92281		0.93512		0.83721		0.83249		0.84536		0.83887		0.67448
951		2666.29		0.92239		0.93442		0.83721		0.82266		0.86082		0.84131		0.67511
952		2667.76		0.92212		0.93364		0.83204		0.81159		0.86598		0.83791		0.66553
953		2669.18		0.92383		0.93567		0.83979		0.82353		0.86598		0.84422		0.68045
954		2670.37		0.92522		0.93765		0.83979		0.82673		0.86082		0.84343		0.68013
955		2671.64		0.92591		0.93834		0.83979		0.83		0.85567		0.84264		0.67989
956		2672.98		0.92466		0.93584		0.84238		0.82759		0.86598		0.84635		0.68546
957		2674.11		0.92362		0.93401		0.83979		0.82039		0.87113		0.845		0.68084
958		2675.24		0.92351		0.93395		0.83721		0.81951		0.86598		0.84211		0.67546
959		2676.53		0.92383		0.93497		0.84496		0.835		0.86082		0.84772		0.69023
960		2677.62		0.92491		0.93646		0.84755		0.84264		0.85567		0.8491		0.69516
961		2678.84		0.92435		0.93585		0.84238		0.82759		0.86598		0.84635		0.68546
962		2679.95		0.92316		0.93413		0.83979		0.81731		0.87629		0.84577		0.68131
963		2681.12		0.92317		0.93401		0.83204		0.81159		0.86598		0.83791		0.66553
964		2682.43		0.9249		0.93679		0.83979		0.83		0.85567		0.84264		0.67989
965		2683.69		0.92645		0.93877		0.84755		0.84615		0.85052		0.84833		0.69509
966		2685.47		0.92558		0.93709		0.83204		0.81773		0.85567		0.83627		0.66476
967		2686.62		0.92375		0.93443		0.83463		0.81863		0.86082		0.8392		0.6701
968		2688.45		0.92394		0.9348		0.83204		0.81463		0.86082		0.83709		0.66511
969		2689.98		0.92436		0.93621		0.83979		0.82673		0.86082		0.84343		0.68013
970		2691.05		0.92475		0.93734		0.83463		0.825		0.85052		0.83756		0.66954
971		2692.16		0.92426		0.93675		0.83979		0.82673		0.86082		0.84343		0.68013
972		2693.27		0.92415		0.93624		0.83204		0.81463		0.86082		0.83709		0.66511
973		2694.6		0.92359		0.93522		0.83463		0.81553		0.86598		0.84		0.67049
974		2695.88		0.92404		0.93581		0.82946		0.81373		0.85567		0.83417		0.65975
975		2697.0		0.92443		0.93631		0.83979		0.83		0.85567		0.84264		0.67989
976		2698.63		0.92474		0.93623		0.84238		0.83417		0.85567		0.84478		0.68496
977		2700.46		0.92495		0.93619		0.83721		0.82587		0.85567		0.84051		0.67483
978		2701.82		0.92524		0.93612		0.83204		0.81463		0.86082		0.83709		0.66511
979		2703.55		0.92527		0.93611		0.83463		0.81553		0.86598		0.84		0.67049
980		2704.96		0.92479		0.93585		0.83204		0.81159		0.86598		0.83791		0.66553
981		2706.24		0.92442		0.93615		0.83463		0.81553		0.86598		0.84		0.67049
982		2707.56		0.92458		0.93712		0.83204		0.81773		0.85567		0.83627		0.66476
983		2708.71		0.92391		0.93614		0.83463		0.82178		0.85567		0.83838		0.66979
984		2709.85		0.92345		0.93524		0.83721		0.82266		0.86082		0.84131		0.67511
985		2710.95		0.92337		0.93435		0.83463		0.81863		0.86082		0.8392		0.6701
986		2712.76		0.92316		0.93414		0.83463		0.81863		0.86082		0.8392		0.6701
987		2714.39		0.92319		0.93438		0.83721		0.82266		0.86082		0.84131		0.67511
988		2715.47		0.92348		0.93488		0.83721		0.82266		0.86082		0.84131		0.67511
989		2716.57		0.92279		0.93432		0.84238		0.83085		0.86082		0.84557		0.68517
990		2717.8		0.92204		0.93367		0.83721		0.82587		0.85567		0.84051		0.67483
991		2718.94		0.92231		0.93367		0.83721		0.82587		0.85567		0.84051		0.67483
992		2720.47		0.92273		0.93386		0.83979		0.82673		0.86082		0.84343		0.68013
993		2722.32		0.9232		0.93406		0.83721		0.81951		0.86598		0.84211		0.67546
994		2723.81		0.92316		0.93416		0.83979		0.82353		0.86598		0.84422		0.68045
995		2725.41		0.92367		0.93524		0.84496		0.83168		0.86598		0.84848		0.69048
996		2726.69		0.92431		0.93662		0.84496		0.835		0.86082		0.84772		0.69023
997		2727.82		0.92482		0.9372		0.84238		0.83085		0.86082		0.84557		0.68517
998		2728.91		0.92415		0.93571		0.83721		0.82266		0.86082		0.84131		0.67511
999		2730.14		0.92351		0.9349		0.84238		0.82759		0.86598		0.84635		0.68546
1000		2731.31		0.92362		0.93568		0.83979		0.82673		0.86082		0.84343		0.68013
fold: 2
Epoch		Time		AUC		AUPR		Accuracy		Precision		Recall		F1-score		Mcc
1		2733.3		0.83727		0.80157		0.61499		0.89474		0.26289		0.40637		0.32704
AUC improved at epoch  1 ;	best_auc: 0.8372683083168634
2		2737.02		0.84453		0.80587		0.65891		0.84444		0.39175		0.53521		0.3778
AUC improved at epoch  2 ;	best_auc: 0.8445328775172266
3		2743.07		0.8417		0.80796		0.68217		0.784		0.50515		0.61442		0.39055
4		2748.52		0.83762		0.8048		0.69251		0.7551		0.57216		0.65103		0.39728
5		2753.76		0.83382		0.80515		0.70543		0.75316		0.6134		0.67614		0.41843
6		2754.93		0.83089		0.80391		0.70543		0.74096		0.63402		0.68333		0.41544
7		2756.07		0.8284		0.79918		0.7261		0.73913		0.70103		0.71958		0.45287
8		2757.17		0.82637		0.7963		0.72868		0.74054		0.70619		0.72296		0.45792
9		2758.29		0.82544		0.79564		0.72868		0.73545		0.71649		0.72585		0.45755
10		2759.63		0.82405		0.78837		0.7416		0.72816		0.7732		0.75		0.48405
11		2761.29		0.82386		0.7839		0.74677		0.72642		0.79381		0.75862		0.49556
12		2762.9		0.82835		0.79005		0.74935		0.72986		0.79381		0.76049		0.50053
13		2764.48		0.83633		0.79948		0.78811		0.75		0.86598		0.80383		0.58311
14		2766.47		0.8468		0.81545		0.78811		0.73932		0.89175		0.80841		0.58873
AUC improved at epoch  14 ;	best_auc: 0.8468030553923402
15		2767.89		0.85805		0.83752		0.78553		0.76812		0.81959		0.79302		0.57228
AUC improved at epoch  15 ;	best_auc: 0.8580471128679024
16		2769.15		0.86627		0.84626		0.77261		0.73451		0.85567		0.79048		0.55264
AUC improved at epoch  16 ;	best_auc: 0.8662731691683137
17		2770.3		0.86601		0.84736		0.77261		0.73874		0.84536		0.78846		0.55085
18		2771.55		0.86438		0.84774		0.77778		0.74324		0.85052		0.79327		0.5613
19		2772.67		0.86785		0.85012		0.78553		0.74236		0.87629		0.80378		0.58044
AUC improved at epoch  19 ;	best_auc: 0.8678489396933925
20		2773.86		0.87041		0.85085		0.78811		0.75		0.86598		0.80383		0.58311
AUC improved at epoch  20 ;	best_auc: 0.8704129052935207
21		2775.05		0.87057		0.85023		0.79845		0.74786		0.90206		0.81776		0.60987
AUC improved at epoch  21 ;	best_auc: 0.8705731531435287
22		2776.3		0.86769		0.8445		0.81395		0.77477		0.8866		0.82692		0.63445
23		2777.47		0.86627		0.84301		0.80103		0.75325		0.89691		0.81882		0.61319
24		2779.15		0.86697		0.84369		0.80103		0.75771		0.8866		0.8171		0.61085
25		2780.71		0.87001		0.84641		0.8062		0.77169		0.87113		0.8184		0.61745
26		2782.71		0.87356		0.84981		0.8062		0.75758		0.90206		0.82353		0.62373
AUC improved at epoch  26 ;	best_auc: 0.8735644463436782
27		2783.88		0.87696		0.85536		0.81137		0.7713		0.8866		0.82494		0.62971
AUC improved at epoch  27 ;	best_auc: 0.876956359168848
28		2785.07		0.87899		0.85795		0.80879		0.78037		0.86082		0.81863		0.62079
AUC improved at epoch  28 ;	best_auc: 0.8789861652689493
29		2786.28		0.88059		0.85847		0.80362		0.7438		0.92784		0.82569		0.62659
AUC improved at epoch  29 ;	best_auc: 0.8805886437690293
30		2787.58		0.88046		0.85942		0.80362		0.76577		0.87629		0.81731		0.61355
31		2788.89		0.88126		0.86163		0.80879		0.77027		0.88144		0.82212		0.624
AUC improved at epoch  31 ;	best_auc: 0.8812563431440629
32		2790.03		0.88107		0.86219		0.8062		0.74895		0.92268		0.82679		0.62945
33		2791.14		0.88059		0.86268		0.81395		0.78505		0.86598		0.82353		0.63119
34		2792.25		0.88152		0.86466		0.80879		0.76549		0.89175		0.82381		0.62603
AUC improved at epoch  34 ;	best_auc: 0.8815234228940763
35		2793.49		0.88094		0.86452		0.8062		0.75983		0.89691		0.8227		0.6225
36		2794.73		0.88		0.86402		0.81395		0.77477		0.8866		0.82692		0.63445
37		2795.88		0.8784		0.86242		0.81912		0.78972		0.87113		0.82843		0.64158
38		2797.03		0.8781		0.86342		0.80103		0.74894		0.90722		0.82051		0.61585
39		2798.18		0.88099		0.86823		0.81137		0.76652		0.89691		0.8266		0.63183
40		2799.83		0.88273		0.87114		0.81395		0.77477		0.8866		0.82692		0.63445
AUC improved at epoch  40 ;	best_auc: 0.8827252817691363
41		2801.43		0.88377		0.87309		0.80103		0.75771		0.8866		0.8171		0.61085
AUC improved at epoch  41 ;	best_auc: 0.8837668927941883
42		2802.57		0.88411		0.87426		0.80103		0.75325		0.89691		0.81882		0.61319
AUC improved at epoch  42 ;	best_auc: 0.8841140964692058
43		2803.84		0.88232		0.87131		0.81654		0.78873		0.86598		0.82555		0.63605
44		2805.04		0.88339		0.87053		0.79328		0.74153		0.90206		0.81395		0.60067
45		2806.62		0.88393		0.87163		0.81137		0.76652		0.89691		0.8266		0.63183
46		2808.27		0.88337		0.87276		0.80103		0.7799		0.84021		0.80893		0.6038
47		2809.91		0.88465		0.87318		0.80879		0.75862		0.90722		0.82629		0.62965
AUC improved at epoch  47 ;	best_auc: 0.8846482559692324
48		2812.12		0.88329		0.87081		0.80103		0.75771		0.8866		0.8171		0.61085
49		2813.45		0.88176		0.87038		0.81137		0.79227		0.84536		0.81796		0.62408
50		2814.6		0.88711		0.87755		0.7907		0.73444		0.91237		0.81379		0.59909
AUC improved at epoch  50 ;	best_auc: 0.8871053896693554
51		2815.83		0.88804		0.88221		0.81137		0.7814		0.86598		0.82152		0.62633
AUC improved at epoch  51 ;	best_auc: 0.888040168794402
52		2817.05		0.88753		0.88222		0.80879		0.79703		0.8299		0.81313		0.61806
53		2818.65		0.88881		0.88036		0.7907		0.73251		0.91753		0.81465		0.60072
AUC improved at epoch  53 ;	best_auc: 0.8888147000694409
54		2820.33		0.88927		0.88269		0.81912		0.77434		0.90206		0.83333		0.647
AUC improved at epoch  54 ;	best_auc: 0.8892687356444635
55		2821.51		0.88954		0.887		0.81137		0.79803		0.83505		0.81612		0.62337
AUC improved at epoch  55 ;	best_auc: 0.8895358153944768
56		2822.73		0.89194		0.88903		0.79587		0.74678		0.89691		0.81499		0.60392
AUC improved at epoch  56 ;	best_auc: 0.8919395331445971
57		2824.01		0.89242		0.88848		0.81654		0.77093		0.90206		0.83135		0.64233
AUC improved at epoch  57 ;	best_auc: 0.892420276694621
58		2825.88		0.89052		0.88597		0.82171		0.79904		0.86082		0.82878		0.64528
59		2827.34		0.89528		0.89212		0.8062		0.75319		0.91237		0.82517		0.62643
AUC improved at epoch  59 ;	best_auc: 0.8952780300197639
60		2828.65		0.89605		0.89758		0.79587		0.74678		0.89691		0.81499		0.60392
AUC improved at epoch  60 ;	best_auc: 0.8960525612948026
61		2829.99		0.89587		0.89807		0.81912		0.81		0.83505		0.82234		0.63852
62		2831.41		0.89712		0.89404		0.80879		0.76087		0.90206		0.82547		0.62837
AUC improved at epoch  62 ;	best_auc: 0.8971208802948559
63		2832.67		0.89677		0.8941		0.80879		0.76087		0.90206		0.82547		0.62837
64		2833.8		0.89966		0.90263		0.81912		0.79245		0.86598		0.82759		0.64093
AUC improved at epoch  64 ;	best_auc: 0.899658137919983
65		2835.05		0.90201		0.9067		0.80879		0.76786		0.8866		0.82297		0.62498
AUC improved at epoch  65 ;	best_auc: 0.9020084397201005
66		2836.69		0.90321		0.90624		0.81137		0.77376		0.88144		0.8241		0.62876
AUC improved at epoch  66 ;	best_auc: 0.9032102985951606
67		2838.63		0.90161		0.90227		0.81137		0.7713		0.8866		0.82494		0.62971
68		2840.4		0.9069		0.90934		0.81137		0.76419		0.90206		0.82742		0.63301
AUC improved at epoch  68 ;	best_auc: 0.9068959991453448
69		2841.54		0.90543		0.90995		0.82687		0.80976		0.85567		0.83208		0.65475
70		2842.68		0.90938		0.91076		0.81912		0.77679		0.89691		0.83254		0.64591
AUC improved at epoch  70 ;	best_auc: 0.909379840820469
71		2844.02		0.90823		0.90997		0.81654		0.77828		0.8866		0.82892		0.6392
72		2845.16		0.91379		0.91771		0.81912		0.77928		0.89175		0.83173		0.6449
AUC improved at epoch  72 ;	best_auc: 0.9137866566956893
73		2846.33		0.91558		0.92076		0.81395		0.76754		0.90206		0.82938		0.63767
AUC improved at epoch  73 ;	best_auc: 0.9155760910207789
74		2847.49		0.91598		0.91858		0.84238		0.83417		0.85567		0.84478		0.68496
AUC improved at epoch  74 ;	best_auc: 0.9159767106457989
75		2848.88		0.91777		0.91837		0.80879		0.75424		0.91753		0.82791		0.63245
AUC improved at epoch  75 ;	best_auc: 0.9177661449708883
76		2850.1		0.92121		0.92497		0.82946		0.79091		0.89691		0.84058		0.66483
AUC improved at epoch  76 ;	best_auc: 0.9212114737460606
77		2851.33		0.92263		0.92791		0.83979		0.81731		0.87629		0.84577		0.68131
AUC improved at epoch  77 ;	best_auc: 0.9226269964211313
78		2852.59		0.91843		0.92135		0.8062		0.74486		0.93299		0.82838		0.6328
79		2854.09		0.9155		0.91507		0.83721		0.83249		0.84536		0.83887		0.67448
80		2855.81		0.92492		0.92755		0.84496		0.80455		0.91237		0.85507		0.69613
AUC improved at epoch  80 ;	best_auc: 0.9249238822712462
81		2856.98		0.92634		0.93395		0.81654		0.76856		0.90722		0.83215		0.64353
AUC improved at epoch  81 ;	best_auc: 0.926339404946317
82		2858.13		0.92503		0.9321		0.83721		0.8134		0.87629		0.84367		0.67639
83		2859.24		0.92247		0.92556		0.82946		0.7807		0.91753		0.8436		0.66918
84		2860.72		0.91715		0.919		0.83463		0.80952		0.87629		0.84158		0.67148
85		2862.27		0.91894		0.9219		0.83721		0.81643		0.87113		0.84289		0.67589
86		2863.74		0.92567		0.92944		0.84496		0.8018		0.91753		0.85577		0.69715
87		2864.91		0.9297		0.93411		0.86305		0.83099		0.91237		0.86978		0.72955
AUC improved at epoch  87 ;	best_auc: 0.9297046097964853
88		2866.19		0.93069		0.93546		0.86305		0.82791		0.91753		0.87042		0.73034
AUC improved at epoch  88 ;	best_auc: 0.9306928048715347
89		2867.35		0.92759		0.93134		0.83463		0.77778		0.93814		0.85047		0.68386
90		2868.49		0.92693		0.92925		0.86563		0.86979		0.86082		0.86528		0.73131
91		2870.55		0.92442		0.92619		0.83721		0.79638		0.90722		0.84819		0.68097
92		2872.04		0.92538		0.92749		0.82171		0.76151		0.93814		0.84065		0.66135
93		2873.53		0.92685		0.93027		0.86047		0.84314		0.8866		0.86432		0.72186
94		2875.13		0.92872		0.93326		0.85271		0.8216		0.90206		0.85995		0.70878
95		2876.46		0.92607		0.93129		0.82687		0.77974		0.91237		0.84086		0.66332
96		2878.2		0.9292		0.93294		0.86305		0.83732		0.90206		0.86849		0.72823
97		2879.46		0.93045		0.93305		0.86047		0.83654		0.89691		0.86567		0.72277
98		2881.21		0.92981		0.93247		0.85013		0.81776		0.90206		0.85784		0.70395
99		2882.38		0.92792		0.93224		0.83463		0.78509		0.92268		0.84834		0.67968
100		2883.56		0.92735		0.9316		0.85013		0.81193		0.91237		0.85922		0.70561
101		2884.92		0.93069		0.93481		0.8553		0.82243		0.90722		0.86275		0.71434
102		2886.03		0.93387		0.93724		0.83979		0.80275		0.90206		0.84951		0.68477
AUC improved at epoch  102 ;	best_auc: 0.9338710538966936
103		2887.13		0.93537		0.93841		0.85013		0.81481		0.90722		0.85854		0.70474
AUC improved at epoch  103 ;	best_auc: 0.9353667004967683
104		2888.27		0.93627		0.94005		0.86305		0.83412		0.90722		0.86914		0.72885
AUC improved at epoch  104 ;	best_auc: 0.9362747716468137
105		2889.53		0.93785		0.94162		0.85271		0.80995		0.92268		0.86265		0.71229
AUC improved at epoch  105 ;	best_auc: 0.9378505421718926
106		2890.7		0.93462		0.93755		0.84496		0.8018		0.91753		0.85577		0.69715
107		2891.96		0.93203		0.93523		0.85271		0.81567		0.91237		0.86131		0.71037
108		2893.13		0.93326		0.9383		0.83463		0.78761		0.91753		0.84762		0.67846
109		2894.32		0.93521		0.94126		0.85271		0.8186		0.90722		0.86064		0.70954
110		2896.01		0.93857		0.94322		0.83463		0.79279		0.90722		0.84615		0.67625
AUC improved at epoch  110 ;	best_auc: 0.9385716574969286
111		2897.57		0.93774		0.94171		0.8553		0.82857		0.89691		0.86139		0.71297
112		2899.01		0.9363		0.94042		0.83979		0.79464		0.91753		0.85167		0.68778
113		2900.61		0.93408		0.93947		0.85271		0.8186		0.90722		0.86064		0.70954
114		2902.45		0.93809		0.94381		0.86047		0.8271		0.91237		0.86765		0.72474
115		2903.67		0.94171		0.94727		0.83204		0.78667		0.91237		0.84487		0.67264
AUC improved at epoch  115 ;	best_auc: 0.9417098445595855
116		2905.06		0.94052		0.94742		0.86305		0.83732		0.90206		0.86849		0.72823
117		2906.36		0.94207		0.94922		0.81395		0.75847		0.92268		0.83256		0.64304
AUC improved at epoch  117 ;	best_auc: 0.9420704022221036
118		2907.51		0.94276		0.94975		0.85788		0.82326		0.91237		0.86553		0.71994
AUC improved at epoch  118 ;	best_auc: 0.9427648095721382
119		2908.82		0.94359		0.94878		0.86563		0.84135		0.90206		0.87065		0.73314
AUC improved at epoch  119 ;	best_auc: 0.9435927567971796
120		2909.98		0.94562		0.95012		0.81912		0.7562		0.9433		0.83945		0.65862
AUC improved at epoch  120 ;	best_auc: 0.9456225628972811
121		2911.18		0.94282		0.94848		0.87339		0.84689		0.91237		0.87841		0.74897
122		2912.34		0.9422		0.95028		0.85013		0.81193		0.91237		0.85922		0.70561
123		2914.0		0.93708		0.94656		0.82171		0.76596		0.92784		0.83916		0.65817
124		2915.59		0.94223		0.95029		0.8553		0.82857		0.89691		0.86139		0.71297
125		2917.2		0.94568		0.95144		0.86047		0.83019		0.90722		0.867		0.724
AUC improved at epoch  125 ;	best_auc: 0.9456759788472837
126		2918.8		0.94621		0.95145		0.85013		0.80631		0.92268		0.86058		0.7076
AUC improved at epoch  126 ;	best_auc: 0.9462101383473106
127		2920.2		0.94338		0.94984		0.83979		0.79464		0.91753		0.85167		0.68778
128		2922.15		0.93945		0.94675		0.85013		0.81776		0.90206		0.85784		0.70395
129		2923.51		0.94074		0.9475		0.84496		0.80734		0.90722		0.85437		0.69519
130		2924.7		0.94247		0.94928		0.84496		0.80734		0.90722		0.85437		0.69519
131		2925.88		0.94477		0.9522		0.84755		0.80269		0.92268		0.85851		0.70292
132		2927.13		0.94514		0.95303		0.8553		0.81364		0.92268		0.86473		0.717
133		2928.9		0.94503		0.95267		0.8553		0.82547		0.90206		0.86207		0.71362
134		2930.96		0.94453		0.95098		0.85271		0.82464		0.89691		0.85926		0.7081
135		2932.28		0.94474		0.94998		0.84496		0.80734		0.90722		0.85437		0.69519
136		2933.55		0.94533		0.95032		0.84496		0.80455		0.91237		0.85507		0.69613
137		2934.83		0.94581		0.95186		0.85271		0.81279		0.91753		0.86199		0.71129
138		2935.94		0.94541		0.95236		0.85013		0.81776		0.90206		0.85784		0.70395
139		2937.06		0.94322		0.95071		0.82946		0.78571		0.90722		0.84211		0.66685
140		2938.31		0.9449		0.95258		0.85013		0.81776		0.90206		0.85784		0.70395
141		2940.07		0.9472		0.95383		0.85788		0.83254		0.89691		0.86352		0.71786
AUC improved at epoch  141 ;	best_auc: 0.9471983334223599
142		2941.63		0.94821		0.95394		0.84496		0.8018		0.91753		0.85577		0.69715
AUC improved at epoch  142 ;	best_auc: 0.9482132364724107
143		2943.08		0.94807		0.95279		0.85013		0.81193		0.91237		0.85922		0.70561
144		2944.22		0.94565		0.95043		0.86563		0.84466		0.89691		0.87		0.73263
145		2945.47		0.94696		0.95287		0.84755		0.81106		0.90722		0.85645		0.69996
146		2946.64		0.94706		0.95495		0.84496		0.8018		0.91753		0.85577		0.69715
147		2947.79		0.94692		0.95534		0.8553		0.81944		0.91237		0.86341		0.71515
148		2949.03		0.94744		0.95563		0.86822		0.83886		0.91237		0.87407		0.73923
149		2950.32		0.94776		0.95452		0.84755		0.80543		0.91753		0.85783		0.70185
150		2951.79		0.94743		0.95269		0.83979		0.79464		0.91753		0.85167		0.68778
151		2953.17		0.94832		0.9535		0.86563		0.8381		0.90722		0.87129		0.73372
AUC improved at epoch  151 ;	best_auc: 0.948320068372416
152		2954.44		0.94856		0.95367		0.86563		0.84466		0.89691		0.87		0.73263
AUC improved at epoch  152 ;	best_auc: 0.9485604401474279
153		2955.81		0.94877		0.954		0.85013		0.81193		0.91237		0.85922		0.70561
AUC improved at epoch  153 ;	best_auc: 0.9487741039474388
154		2957.8		0.94799		0.95384		0.84496		0.79911		0.92268		0.85646		0.69825
155		2959.65		0.94792		0.95424		0.86047		0.83019		0.90722		0.867		0.724
156		2961.3		0.94837		0.95408		0.86822		0.84211		0.90722		0.87345		0.7386
157		2962.66		0.94689		0.95201		0.84238		0.80365		0.90722		0.8523		0.69044
158		2964.07		0.94608		0.95068		0.83979		0.79204		0.92268		0.85238		0.68894
159		2965.42		0.9472		0.95202		0.85271		0.8216		0.90206		0.85995		0.70878
160		2966.55		0.94872		0.95386		0.86822		0.85222		0.89175		0.87154		0.7372
161		2967.85		0.94848		0.95382		0.8708		0.85294		0.89691		0.87437		0.74256
162		2969.12		0.94721		0.95271		0.86563		0.8381		0.90722		0.87129		0.73372
163		2970.29		0.94528		0.95105		0.84755		0.80822		0.91237		0.85714		0.70086
164		2971.53		0.94521		0.95096		0.85271		0.8216		0.90206		0.85995		0.70878
165		2972.74		0.94561		0.95111		0.86305		0.84058		0.89691		0.86783		0.72769
166		2974.21		0.94486		0.94996		0.85271		0.82775		0.89175		0.85856		0.7075
167		2975.82		0.9457		0.95077		0.8553		0.81944		0.91237		0.86341		0.71515
168		2977.67		0.94598		0.95148		0.85271		0.80995		0.92268		0.86265		0.71229
169		2979.65		0.94638		0.95217		0.86047		0.8271		0.91237		0.86765		0.72474
170		2981.04		0.94702		0.95273		0.86822		0.84541		0.90206		0.87282		0.73805
171		2982.81		0.94739		0.95293		0.87597		0.85784		0.90206		0.8794		0.75291
172		2984.27		0.94863		0.95414		0.87339		0.85024		0.90722		0.87781		0.74842
173		2985.72		0.94881		0.95379		0.86047		0.83019		0.90722		0.867		0.724
AUC improved at epoch  173 ;	best_auc: 0.9488141659099407
174		2987.38		0.94845		0.95309		0.85788		0.82326		0.91237		0.86553		0.71994
175		2989.15		0.9482		0.95245		0.86305		0.82488		0.92268		0.87105		0.7312
176		2990.65		0.94757		0.95208		0.86563		0.8287		0.92268		0.87317		0.73596
177		2991.83		0.94677		0.95133		0.86563		0.83178		0.91753		0.87255		0.73513
178		2992.95		0.94594		0.95044		0.86563		0.83178		0.91753		0.87255		0.73513
179		2994.06		0.94525		0.95008		0.86305		0.82791		0.91753		0.87042		0.73034
180		2995.3		0.94516		0.95043		0.86047		0.8271		0.91237		0.86765		0.72474
181		2997.03		0.94522		0.95084		0.86563		0.83178		0.91753		0.87255		0.73513
182		2998.52		0.94592		0.95123		0.86305		0.82791		0.91753		0.87042		0.73034
183		2999.83		0.94658		0.95159		0.86305		0.83412		0.90722		0.86914		0.72885
184		3001.17		0.94767		0.9522		0.86563		0.8381		0.90722		0.87129		0.73372
185		3002.32		0.94872		0.95302		0.86047		0.83019		0.90722		0.867		0.724
186		3003.47		0.94903		0.95317		0.86305		0.83099		0.91237		0.86978		0.72955
AUC improved at epoch  186 ;	best_auc: 0.9490278297099515
187		3004.62		0.94923		0.95324		0.86305		0.83412		0.90722		0.86914		0.72885
AUC improved at epoch  187 ;	best_auc: 0.9492281395224614
188		3005.82		0.94952		0.95333		0.85788		0.82938		0.90206		0.8642		0.71848
AUC improved at epoch  188 ;	best_auc: 0.9495219272474761
189		3007.13		0.94964		0.95379		0.86047		0.83654		0.89691		0.86567		0.72277
AUC improved at epoch  189 ;	best_auc: 0.9496421131349821
190		3008.32		0.94979		0.9544		0.86305		0.84058		0.89691		0.86783		0.72769
AUC improved at epoch  190 ;	best_auc: 0.9497890069974895
191		3009.57		0.9492		0.954		0.86305		0.83732		0.90206		0.86849		0.72823
192		3010.69		0.94845		0.95324		0.86047		0.83333		0.90206		0.86634		0.72335
193		3011.94		0.9482		0.95302		0.86047		0.83019		0.90722		0.867		0.724
194		3013.08		0.94788		0.95248		0.85788		0.82629		0.90722		0.86486		0.71917
195		3014.28		0.94736		0.95196		0.85788		0.82629		0.90722		0.86486		0.71917
196		3016.26		0.94594		0.9505		0.8553		0.81651		0.91753		0.86408		0.71603
197		3017.42		0.94581		0.95093		0.85788		0.81735		0.92268		0.86683		0.72172
198		3019.05		0.94592		0.95149		0.85788		0.81735		0.92268		0.86683		0.72172
199		3020.69		0.94653		0.95261		0.86047		0.82407		0.91753		0.86829		0.72555
200		3021.98		0.94701		0.95305		0.85788		0.82629		0.90722		0.86486		0.71917
201		3023.15		0.94744		0.9532		0.85788		0.82326		0.91237		0.86553		0.71994
202		3024.4		0.94767		0.95362		0.86047		0.8271		0.91237		0.86765		0.72474
203		3025.59		0.948		0.95408		0.86822		0.83886		0.91237		0.87407		0.73923
204		3026.81		0.94813		0.95369		0.86305		0.83732		0.90206		0.86849		0.72823
205		3028.11		0.94813		0.95331		0.85788		0.82938		0.90206		0.8642		0.71848
206		3029.75		0.94749		0.95243		0.85271		0.8216		0.90206		0.85995		0.70878
207		3031.24		0.94759		0.95223		0.85271		0.82464		0.89691		0.85926		0.7081
208		3033.06		0.94843		0.9529		0.85788		0.82938		0.90206		0.8642		0.71848
209		3034.61		0.94825		0.95258		0.85788		0.82629		0.90722		0.86486		0.71917
210		3036.31		0.94841		0.95268		0.86047		0.8271		0.91237		0.86765		0.72474
211		3038.05		0.94799		0.95228		0.85788		0.82326		0.91237		0.86553		0.71994
212		3039.54		0.94769		0.95198		0.8553		0.81651		0.91753		0.86408		0.71603
213		3041.09		0.94787		0.95236		0.85788		0.81735		0.92268		0.86683		0.72172
214		3042.27		0.94805		0.95338		0.85788		0.81735		0.92268		0.86683		0.72172
215		3043.54		0.94881		0.95479		0.86305		0.82488		0.92268		0.87105		0.7312
216		3044.73		0.94896		0.95524		0.8708		0.83962		0.91753		0.87685		0.74477
217		3045.84		0.94917		0.95577		0.87597		0.85437		0.90722		0.88		0.75335
218		3047.05		0.94931		0.95596		0.88114		0.85922		0.91237		0.885		0.7637
219		3048.25		0.94928		0.95589		0.88372		0.86341		0.91237		0.88722		0.76865
220		3049.55		0.94897		0.95567		0.8708		0.84286		0.91237		0.87624		0.74409
221		3050.82		0.94884		0.95538		0.86305		0.83099		0.91237		0.86978		0.72955
222		3051.98		0.94845		0.95485		0.86305		0.82791		0.91753		0.87042		0.73034
223		3053.78		0.94811		0.95441		0.86305		0.83099		0.91237		0.86978		0.72955
224		3055.27		0.94757		0.95403		0.87597		0.85096		0.91237		0.8806		0.75387
225		3057.08		0.94736		0.95378		0.87597		0.85437		0.90722		0.88		0.75335
226		3058.35		0.94714		0.95319		0.87339		0.85366		0.90206		0.87719		0.74794
227		3059.46		0.9471		0.95253		0.8708		0.84615		0.90722		0.87562		0.7435
228		3060.68		0.94718		0.95206		0.86563		0.8381		0.90722		0.87129		0.73372
229		3061.83		0.94676		0.95146		0.86563		0.83491		0.91237		0.87192		0.73439
230		3062.93		0.9466		0.95111		0.8708		0.83962		0.91753		0.87685		0.74477
231		3064.12		0.94664		0.95104		0.8708		0.83645		0.92268		0.87745		0.74553
232		3065.33		0.94751		0.95292		0.86822		0.84211		0.90722		0.87345		0.7386
233		3066.46		0.94756		0.95356		0.8708		0.84951		0.90206		0.875		0.74299
234		3067.76		0.94757		0.95414		0.8708		0.84951		0.90206		0.875		0.74299
235		3069.1		0.94804		0.95449		0.87339		0.85366		0.90206		0.87719		0.74794
236		3070.53		0.94816		0.95448		0.8708		0.84951		0.90206		0.875		0.74299
237		3071.7		0.9484		0.95462		0.86822		0.83886		0.91237		0.87407		0.73923
238		3072.86		0.94851		0.95451		0.86563		0.83491		0.91237		0.87192		0.73439
239		3074.81		0.94896		0.95479		0.86305		0.83099		0.91237		0.86978		0.72955
240		3075.98		0.94921		0.9552		0.86563		0.83491		0.91237		0.87192		0.73439
241		3077.27		0.94895		0.95514		0.86563		0.83491		0.91237		0.87192		0.73439
242		3078.39		0.94899		0.95508		0.86305		0.83412		0.90722		0.86914		0.72885
243		3079.53		0.94896		0.95498		0.86305		0.83412		0.90722		0.86914		0.72885
244		3080.67		0.94905		0.95523		0.86822		0.83568		0.91753		0.87469		0.73994
245		3081.97		0.94896		0.95522		0.86305		0.82791		0.91753		0.87042		0.73034
246		3083.62		0.94875		0.95498		0.8708		0.83645		0.92268		0.87745		0.74553
247		3084.94		0.94812		0.95437		0.87339		0.84038		0.92268		0.87961		0.75033
248		3086.32		0.94793		0.95406		0.86563		0.83491		0.91237		0.87192		0.73439
249		3087.58		0.9476		0.95379		0.86305		0.83412		0.90722		0.86914		0.72885
250		3089.09		0.94705		0.9535		0.86563		0.8381		0.90722		0.87129		0.73372
251		3090.43		0.9468		0.95309		0.86822		0.83886		0.91237		0.87407		0.73923
252		3091.93		0.94692		0.9532		0.8708		0.84615		0.90722		0.87562		0.7435
253		3093.32		0.94694		0.95311		0.87597		0.84762		0.91753		0.88119		0.75447
254		3094.88		0.94712		0.95305		0.8708		0.84286		0.91237		0.87624		0.74409
255		3096.14		0.94704		0.9526		0.86305		0.83099		0.91237		0.86978		0.72955
256		3097.56		0.94709		0.95259		0.86563		0.8381		0.90722		0.87129		0.73372
257		3098.81		0.94686		0.95247		0.86822		0.84541		0.90206		0.87282		0.73805
258		3100.45		0.94689		0.95223		0.86822		0.84541		0.90206		0.87282		0.73805
259		3101.81		0.94713		0.95277		0.86305		0.83732		0.90206		0.86849		0.72823
260		3103.08		0.94757		0.95348		0.86047		0.83019		0.90722		0.867		0.724
261		3104.39		0.94752		0.95368		0.86047		0.83019		0.90722		0.867		0.724
262		3105.76		0.94771		0.95416		0.85271		0.8186		0.90722		0.86064		0.70954
263		3107.23		0.94767		0.95429		0.8553		0.82243		0.90722		0.86275		0.71434
264		3108.59		0.94784		0.95484		0.86822		0.84211		0.90722		0.87345		0.7386
265		3110.27		0.94789		0.95522		0.86563		0.84135		0.90206		0.87065		0.73314
266		3111.66		0.94765		0.95507		0.86822		0.84211		0.90722		0.87345		0.7386
267		3113.01		0.94784		0.95507		0.86563		0.8381		0.90722		0.87129		0.73372
268		3114.78		0.94804		0.95474		0.86305		0.83412		0.90722		0.86914		0.72885
269		3116.09		0.94863		0.95467		0.86047		0.8271		0.91237		0.86765		0.72474
270		3117.41		0.94857		0.95422		0.8553		0.81651		0.91753		0.86408		0.71603
271		3118.84		0.94851		0.95357		0.85271		0.81567		0.91237		0.86131		0.71037
272		3120.3		0.94889		0.95405		0.86047		0.8271		0.91237		0.86765		0.72474
273		3121.83		0.94938		0.95455		0.86822		0.83886		0.91237		0.87407		0.73923
274		3123.33		0.94917		0.95455		0.8708		0.84286		0.91237		0.87624		0.74409
275		3124.47		0.94885		0.95443		0.86822		0.83886		0.91237		0.87407		0.73923
276		3125.67		0.94821		0.95402		0.86305		0.82791		0.91753		0.87042		0.73034
277		3126.95		0.94756		0.9538		0.8708		0.83962		0.91753		0.87685		0.74477
278		3128.07		0.94748		0.95435		0.86822		0.84211		0.90722		0.87345		0.7386
279		3129.17		0.94677		0.95421		0.86822		0.84541		0.90206		0.87282		0.73805
280		3130.37		0.94666		0.95388		0.86822		0.84211		0.90722		0.87345		0.7386
281		3131.6		0.9471		0.95397		0.86563		0.83491		0.91237		0.87192		0.73439
282		3132.68		0.94694		0.95325		0.8553		0.81944		0.91237		0.86341		0.71515
283		3133.78		0.94677		0.95282		0.86047		0.8271		0.91237		0.86765		0.72474
284		3134.95		0.94708		0.95312		0.86047		0.83019		0.90722		0.867		0.724
285		3136.27		0.94692		0.95301		0.86047		0.83019		0.90722		0.867		0.724
286		3137.5		0.94733		0.95315		0.85788		0.82938		0.90206		0.8642		0.71848
287		3139.16		0.94717		0.95286		0.86047		0.83019		0.90722		0.867		0.724
288		3140.65		0.94677		0.95232		0.86047		0.83333		0.90206		0.86634		0.72335
289		3141.95		0.94701		0.9525		0.85788		0.82629		0.90722		0.86486		0.71917
290		3143.21		0.94727		0.9527		0.85788		0.82326		0.91237		0.86553		0.71994
291		3144.4		0.94768		0.95308		0.86047		0.8271		0.91237		0.86765		0.72474
292		3145.53		0.94785		0.9532		0.86305		0.83412		0.90722		0.86914		0.72885
293		3146.67		0.94817		0.95364		0.86305		0.83099		0.91237		0.86978		0.72955
294		3147.93		0.94824		0.95391		0.8708		0.83962		0.91753		0.87685		0.74477
295		3149.1		0.9484		0.95409		0.86822		0.83256		0.92268		0.87531		0.74074
296		3150.87		0.94745		0.95326		0.8553		0.81364		0.92268		0.86473		0.717
297		3152.5		0.9467		0.95256		0.8553		0.81364		0.92268		0.86473		0.717
298		3153.87		0.94641		0.95241		0.8553		0.82243		0.90722		0.86275		0.71434
299		3155.06		0.94568		0.95185		0.86822		0.85222		0.89175		0.87154		0.7372
300		3156.32		0.94536		0.95113		0.8708		0.86		0.8866		0.8731		0.74194
301		3158.27		0.94561		0.95125		0.86822		0.84878		0.89691		0.87218		0.73759
302		3159.89		0.94593		0.95138		0.86563		0.84135		0.90206		0.87065		0.73314
303		3161.11		0.94662		0.9518		0.85788		0.82938		0.90206		0.8642		0.71848
304		3162.75		0.94649		0.95145		0.85788		0.82629		0.90722		0.86486		0.71917
305		3164.07		0.94616		0.9511		0.85788		0.82326		0.91237		0.86553		0.71994
306		3165.74		0.9467		0.95145		0.85271		0.81567		0.91237		0.86131		0.71037
307		3167.29		0.94713		0.95195		0.8553		0.82243		0.90722		0.86275		0.71434
308		3169.02		0.94669		0.95166		0.86563		0.8381		0.90722		0.87129		0.73372
309		3170.34		0.94743		0.95264		0.87339		0.85024		0.90722		0.87781		0.74842
310		3171.53		0.94672		0.95226		0.86047		0.83333		0.90206		0.86634		0.72335
311		3172.97		0.9459		0.95153		0.85271		0.8216		0.90206		0.85995		0.70878
312		3174.25		0.94588		0.95176		0.85013		0.81481		0.90722		0.85854		0.70474
313		3175.54		0.94608		0.95212		0.85271		0.8186		0.90722		0.86064		0.70954
314		3177.34		0.9462		0.95272		0.86563		0.8381		0.90722		0.87129		0.73372
315		3179.2		0.94686		0.9536		0.86822		0.84211		0.90722		0.87345		0.7386
316		3180.99		0.94693		0.95371		0.8708		0.84615		0.90722		0.87562		0.7435
317		3182.24		0.94708		0.95366		0.87339		0.85024		0.90722		0.87781		0.74842
318		3183.47		0.94678		0.95338		0.86822		0.83886		0.91237		0.87407		0.73923
319		3184.67		0.94656		0.95287		0.86305		0.83099		0.91237		0.86978		0.72955
320		3185.91		0.94633		0.95227		0.8553		0.82243		0.90722		0.86275		0.71434
321		3187.08		0.94604		0.95132		0.8553		0.82243		0.90722		0.86275		0.71434
322		3188.19		0.94661		0.95178		0.86305		0.82791		0.91753		0.87042		0.73034
323		3189.33		0.94739		0.95273		0.86305		0.82791		0.91753		0.87042		0.73034
324		3190.56		0.94723		0.95245		0.86305		0.83099		0.91237		0.86978		0.72955
325		3191.75		0.94701		0.95261		0.86305		0.83099		0.91237		0.86978		0.72955
326		3192.97		0.94721		0.95279		0.86822		0.83886		0.91237		0.87407		0.73923
327		3194.65		0.94791		0.95384		0.86305		0.82791		0.91753		0.87042		0.73034
328		3196.24		0.94824		0.9544		0.86822		0.83568		0.91753		0.87469		0.73994
329		3197.5		0.94835		0.95463		0.86563		0.8381		0.90722		0.87129		0.73372
330		3198.65		0.94808		0.95444		0.86822		0.84211		0.90722		0.87345		0.7386
331		3199.88		0.94723		0.95337		0.86563		0.8381		0.90722		0.87129		0.73372
332		3201.09		0.94682		0.95303		0.86563		0.8381		0.90722		0.87129		0.73372
333		3202.43		0.94668		0.95273		0.85788		0.82938		0.90206		0.8642		0.71848
334		3203.59		0.94629		0.95248		0.8553		0.82243		0.90722		0.86275		0.71434
335		3204.82		0.94556		0.95177		0.86305		0.83099		0.91237		0.86978		0.72955
336		3206.02		0.94536		0.95168		0.85788		0.82938		0.90206		0.8642		0.71848
337		3207.16		0.94556		0.95184		0.86047		0.83333		0.90206		0.86634		0.72335
338		3208.42		0.94604		0.95238		0.86563		0.84135		0.90206		0.87065		0.73314
339		3209.75		0.94648		0.95292		0.87339		0.85024		0.90722		0.87781		0.74842
340		3211.7		0.94694		0.95294		0.86563		0.83491		0.91237		0.87192		0.73439
341		3213.72		0.94749		0.95315		0.8553		0.81651		0.91753		0.86408		0.71603
342		3215.4		0.94795		0.95316		0.85271		0.81279		0.91753		0.86199		0.71129
343		3217.13		0.94767		0.95289		0.85788		0.82028		0.91753		0.86618		0.72079
344		3218.45		0.94744		0.95264		0.86563		0.83491		0.91237		0.87192		0.73439
345		3220.21		0.94718		0.9522		0.86822		0.84541		0.90206		0.87282		0.73805
346		3221.71		0.94704		0.95194		0.86822		0.84211		0.90722		0.87345		0.7386
347		3223.27		0.94688		0.9514		0.86305		0.83099		0.91237		0.86978		0.72955
348		3224.46		0.94757		0.95242		0.86822		0.83568		0.91753		0.87469		0.73994
349		3225.69		0.94735		0.9525		0.8708		0.84286		0.91237		0.87624		0.74409
350		3226.83		0.94733		0.9527		0.87339		0.85024		0.90722		0.87781		0.74842
351		3228.12		0.94677		0.95241		0.86563		0.84135		0.90206		0.87065		0.73314
352		3229.36		0.94654		0.95251		0.86047		0.83333		0.90206		0.86634		0.72335
353		3231.22		0.94644		0.95266		0.86047		0.83333		0.90206		0.86634		0.72335
354		3232.34		0.94701		0.95342		0.86047		0.83333		0.90206		0.86634		0.72335
355		3233.56		0.94705		0.95389		0.86563		0.8381		0.90722		0.87129		0.73372
356		3234.93		0.94672		0.95403		0.86563		0.83491		0.91237		0.87192		0.73439
357		3236.1		0.94654		0.95408		0.86305		0.82791		0.91753		0.87042		0.73034
358		3237.35		0.94594		0.95354		0.86305		0.83099		0.91237		0.86978		0.72955
359		3238.49		0.94581		0.95328		0.85788		0.82629		0.90722		0.86486		0.71917
360		3239.73		0.9454		0.95259		0.86822		0.84211		0.90722		0.87345		0.7386
361		3240.89		0.94514		0.95187		0.85788		0.82629		0.90722		0.86486		0.71917
362		3242.31		0.94498		0.95115		0.85271		0.82464		0.89691		0.85926		0.7081
363		3244.05		0.94526		0.95081		0.86047		0.83333		0.90206		0.86634		0.72335
364		3245.42		0.94602		0.95138		0.86047		0.83333		0.90206		0.86634		0.72335
365		3247.38		0.94665		0.9517		0.86305		0.83732		0.90206		0.86849		0.72823
366		3248.66		0.94617		0.95118		0.86305		0.83412		0.90722		0.86914		0.72885
367		3249.81		0.94601		0.95078		0.85788		0.82629		0.90722		0.86486		0.71917
368		3251.11		0.94609		0.95076		0.85788		0.82629		0.90722		0.86486		0.71917
369		3252.36		0.94602		0.95108		0.85788		0.82629		0.90722		0.86486		0.71917
370		3253.54		0.94626		0.95147		0.8553		0.82243		0.90722		0.86275		0.71434
371		3254.75		0.94632		0.95192		0.8553		0.82243		0.90722		0.86275		0.71434
372		3256.06		0.94613		0.95169		0.86047		0.8271		0.91237		0.86765		0.72474
373		3257.26		0.94625		0.95204		0.86047		0.83019		0.90722		0.867		0.724
374		3258.63		0.94605		0.95195		0.86305		0.83412		0.90722		0.86914		0.72885
375		3259.98		0.94621		0.95239		0.86047		0.83654		0.89691		0.86567		0.72277
376		3261.64		0.9457		0.95209		0.86822		0.84878		0.89691		0.87218		0.73759
377		3263.06		0.94602		0.95269		0.86822		0.84878		0.89691		0.87218		0.73759
378		3264.62		0.94601		0.95256		0.86305		0.84058		0.89691		0.86783		0.72769
379		3266.1		0.94601		0.95234		0.86305		0.83732		0.90206		0.86849		0.72823
380		3267.61		0.94534		0.95124		0.85271		0.8216		0.90206		0.85995		0.70878
381		3269.29		0.94566		0.95186		0.8553		0.82547		0.90206		0.86207		0.71362
382		3270.61		0.94614		0.95258		0.86563		0.84135		0.90206		0.87065		0.73314
383		3271.94		0.94658		0.95322		0.86822		0.84541		0.90206		0.87282		0.73805
384		3273.2		0.94718		0.95352		0.87339		0.85024		0.90722		0.87781		0.74842
385		3274.68		0.94801		0.95422		0.8708		0.84615		0.90722		0.87562		0.7435
386		3276.22		0.94851		0.95412		0.86822		0.83886		0.91237		0.87407		0.73923
387		3277.63		0.94787		0.95295		0.86563		0.8381		0.90722		0.87129		0.73372
388		3278.96		0.94747		0.9523		0.86822		0.84211		0.90722		0.87345		0.7386
389		3280.3		0.94752		0.95231		0.88114		0.86275		0.90722		0.88442		0.76326
390		3282.28		0.94723		0.95232		0.88114		0.86634		0.90206		0.88384		0.7629
391		3283.92		0.94696		0.95204		0.87855		0.86207		0.90206		0.88161		0.7579
392		3285.18		0.94597		0.95095		0.86305		0.83732		0.90206		0.86849		0.72823
393		3286.62		0.94525		0.95065		0.8553		0.82547		0.90206		0.86207		0.71362
394		3288.28		0.94526		0.95117		0.85271		0.8216		0.90206		0.85995		0.70878
395		3289.82		0.94581		0.9519		0.8553		0.82547		0.90206		0.86207		0.71362
396		3291.42		0.94664		0.95243		0.86047		0.83333		0.90206		0.86634		0.72335
397		3293.03		0.9471		0.9528		0.86822		0.84541		0.90206		0.87282		0.73805
398		3294.25		0.94773		0.95304		0.86822		0.84541		0.90206		0.87282		0.73805
399		3295.48		0.94808		0.95259		0.86822		0.84541		0.90206		0.87282		0.73805
400		3296.59		0.948		0.95206		0.86305		0.83732		0.90206		0.86849		0.72823
401		3297.74		0.94829		0.9519		0.87339		0.84689		0.91237		0.87841		0.74897
402		3298.85		0.94787		0.95103		0.87597		0.85096		0.91237		0.8806		0.75387
403		3300.08		0.94732		0.95065		0.87855		0.85507		0.91237		0.88279		0.75878
404		3301.19		0.94696		0.95054		0.88114		0.85922		0.91237		0.885		0.7637
405		3302.33		0.94733		0.95151		0.88114		0.85922		0.91237		0.885		0.7637
406		3303.94		0.94713		0.95253		0.87855		0.85507		0.91237		0.88279		0.75878
407		3305.47		0.94662		0.9525		0.86563		0.83491		0.91237		0.87192		0.73439
408		3306.83		0.94636		0.95231		0.86305		0.83412		0.90722		0.86914		0.72885
409		3307.91		0.94614		0.95197		0.86047		0.83333		0.90206		0.86634		0.72335
410		3309.02		0.94605		0.95209		0.86305		0.83732		0.90206		0.86849		0.72823
411		3310.19		0.94565		0.95185		0.86563		0.84135		0.90206		0.87065		0.73314
412		3311.41		0.94544		0.95169		0.86305		0.83732		0.90206		0.86849		0.72823
413		3312.6		0.94525		0.95138		0.86305		0.84058		0.89691		0.86783		0.72769
414		3313.77		0.94541		0.95136		0.86047		0.83654		0.89691		0.86567		0.72277
415		3314.92		0.94506		0.95101		0.85788		0.83254		0.89691		0.86352		0.71786
416		3316.13		0.94434		0.95026		0.84496		0.81308		0.89691		0.85294		0.69355
417		3317.36		0.94434		0.9502		0.85271		0.81567		0.91237		0.86131		0.71037
418		3318.55		0.94498		0.95116		0.85788		0.82326		0.91237		0.86553		0.71994
419		3319.65		0.94533		0.95157		0.86563		0.8381		0.90722		0.87129		0.73372
420		3320.77		0.94561		0.95185		0.8708		0.84615		0.90722		0.87562		0.7435
421		3322.95		0.94605		0.95228		0.8708		0.84615		0.90722		0.87562		0.7435
422		3325.17		0.94624		0.95235		0.87339		0.85024		0.90722		0.87781		0.74842
423		3326.82		0.94649		0.95263		0.87339		0.85024		0.90722		0.87781		0.74842
424		3327.93		0.94642		0.95243		0.87597		0.85437		0.90722		0.88		0.75335
425		3329.15		0.94662		0.95271		0.87339		0.85024		0.90722		0.87781		0.74842
426		3330.32		0.94542		0.95147		0.87597		0.85437		0.90722		0.88		0.75335
427		3331.54		0.94469		0.95078		0.87339		0.85024		0.90722		0.87781		0.74842
428		3332.94		0.94347		0.94966		0.86563		0.8381		0.90722		0.87129		0.73372
429		3334.14		0.94313		0.9491		0.86047		0.83019		0.90722		0.867		0.724
430		3335.39		0.94434		0.95045		0.8708		0.84951		0.90206		0.875		0.74299
431		3336.53		0.94491		0.95107		0.87339		0.85714		0.89691		0.87657		0.74755
432		3337.69		0.94495		0.95125		0.87339		0.85714		0.89691		0.87657		0.74755
433		3339.55		0.9449		0.95128		0.87339		0.85714		0.89691		0.87657		0.74755
434		3340.77		0.94493		0.95138		0.86563		0.84466		0.89691		0.87		0.73263
435		3341.9		0.94439		0.95112		0.86047		0.83654		0.89691		0.86567		0.72277
436		3343.16		0.94398		0.95102		0.85271		0.8216		0.90206		0.85995		0.70878
437		3344.86		0.94382		0.95084		0.8553		0.82547		0.90206		0.86207		0.71362
438		3346.51		0.94438		0.95173		0.87339		0.85024		0.90722		0.87781		0.74842
439		3347.62		0.9445		0.95191		0.87339		0.85024		0.90722		0.87781		0.74842
440		3348.77		0.94487		0.95193		0.87339		0.85024		0.90722		0.87781		0.74842
441		3349.92		0.94533		0.95177		0.86563		0.84135		0.90206		0.87065		0.73314
442		3351.14		0.94613		0.95207		0.85788		0.82938		0.90206		0.8642		0.71848
443		3352.3		0.94634		0.95212		0.85788		0.82938		0.90206		0.8642		0.71848
444		3353.89		0.94576		0.95146		0.86047		0.83654		0.89691		0.86567		0.72277
445		3355.89		0.9461		0.9517		0.86305		0.84058		0.89691		0.86783		0.72769
446		3357.71		0.94616		0.95211		0.85788		0.83254		0.89691		0.86352		0.71786
447		3358.82		0.9455		0.95172		0.86047		0.83333		0.90206		0.86634		0.72335
448		3359.98		0.9455		0.95202		0.86563		0.84135		0.90206		0.87065		0.73314
449		3361.08		0.94506		0.95204		0.8708		0.84951		0.90206		0.875		0.74299
450		3362.15		0.94514		0.95241		0.87597		0.85784		0.90206		0.8794		0.75291
451		3363.41		0.94514		0.95237		0.87339		0.85366		0.90206		0.87719		0.74794
452		3364.5		0.946		0.95274		0.88114		0.86275		0.90722		0.88442		0.76326
453		3365.61		0.94656		0.95292		0.87597		0.85437		0.90722		0.88		0.75335
454		3366.71		0.94676		0.95283		0.87339		0.85024		0.90722		0.87781		0.74842
455		3368.04		0.94727		0.95306		0.86822		0.84211		0.90722		0.87345		0.7386
456		3369.43		0.94725		0.95304		0.87339		0.85024		0.90722		0.87781		0.74842
457		3370.89		0.94693		0.95284		0.87339		0.85366		0.90206		0.87719		0.74794
458		3372.2		0.94723		0.9534		0.87855		0.86207		0.90206		0.88161		0.7579
459		3373.62		0.94736		0.95372		0.87597		0.85437		0.90722		0.88		0.75335
460		3375.2		0.94728		0.95374		0.8708		0.84615		0.90722		0.87562		0.7435
461		3376.63		0.94713		0.9537		0.86305		0.83412		0.90722		0.86914		0.72885
462		3378.12		0.9465		0.95339		0.86305		0.83732		0.90206		0.86849		0.72823
463		3379.53		0.94584		0.95328		0.86305		0.83732		0.90206		0.86849		0.72823
464		3381.26		0.94538		0.95296		0.86563		0.84135		0.90206		0.87065		0.73314
465		3382.7		0.94518		0.95271		0.86563		0.84135		0.90206		0.87065		0.73314
466		3383.91		0.94473		0.95203		0.86563		0.84135		0.90206		0.87065		0.73314
467		3385.07		0.94461		0.95133		0.8708		0.84951		0.90206		0.875		0.74299
468		3386.3		0.94498		0.95153		0.86563		0.84135		0.90206		0.87065		0.73314
469		3388.07		0.9457		0.95213		0.86822		0.84541		0.90206		0.87282		0.73805
470		3389.71		0.94632		0.95274		0.86822		0.84541		0.90206		0.87282		0.73805
471		3390.94		0.94673		0.95313		0.86305		0.83732		0.90206		0.86849		0.72823
472		3392.1		0.94653		0.95319		0.86047		0.83333		0.90206		0.86634		0.72335
473		3393.38		0.94665		0.95323		0.86563		0.8381		0.90722		0.87129		0.73372
474		3394.55		0.94682		0.95337		0.86822		0.84541		0.90206		0.87282		0.73805
475		3395.77		0.94648		0.95297		0.86563		0.84466		0.89691		0.87		0.73263
476		3397.11		0.94594		0.95257		0.86305		0.83732		0.90206		0.86849		0.72823
477		3398.96		0.94565		0.95189		0.85271		0.8216		0.90206		0.85995		0.70878
478		3400.53		0.94612		0.95228		0.8553		0.82547		0.90206		0.86207		0.71362
479		3401.76		0.9465		0.95271		0.85788		0.82938		0.90206		0.8642		0.71848
480		3402.92		0.94646		0.95269		0.87339		0.85366		0.90206		0.87719		0.74794
481		3404.1		0.94602		0.95246		0.8708		0.84951		0.90206		0.875		0.74299
482		3405.86		0.94585		0.952		0.8708		0.84951		0.90206		0.875		0.74299
483		3407.43		0.9455		0.95123		0.85788		0.82938		0.90206		0.8642		0.71848
484		3408.52		0.94525		0.95075		0.85013		0.81776		0.90206		0.85784		0.70395
485		3409.67		0.94589		0.95171		0.86047		0.83654		0.89691		0.86567		0.72277
486		3410.86		0.94685		0.95307		0.8708		0.85294		0.89691		0.87437		0.74256
487		3412.1		0.94735		0.95381		0.87855		0.86567		0.89691		0.88101		0.75758
488		3413.25		0.94791		0.95418		0.86822		0.84541		0.90206		0.87282		0.73805
489		3414.42		0.94843		0.95444		0.86563		0.83491		0.91237		0.87192		0.73439
490		3416.17		0.94884		0.95489		0.86822		0.83568		0.91753		0.87469		0.73994
491		3417.63		0.94876		0.95488		0.8708		0.84286		0.91237		0.87624		0.74409
492		3419.03		0.94821		0.95453		0.87597		0.85437		0.90722		0.88		0.75335
493		3420.88		0.94744		0.95435		0.87339		0.85714		0.89691		0.87657		0.74755
494		3422.18		0.94584		0.9527		0.86822		0.84878		0.89691		0.87218		0.73759
495		3423.37		0.94321		0.94969		0.86305		0.83732		0.90206		0.86849		0.72823
496		3424.51		0.94367		0.95016		0.86305		0.83732		0.90206		0.86849		0.72823
497		3425.66		0.94427		0.9507		0.86563		0.84466		0.89691		0.87		0.73263
498		3427.21		0.94447		0.95109		0.86563		0.84466		0.89691		0.87		0.73263
499		3428.7		0.94359		0.94977		0.86563		0.84135		0.90206		0.87065		0.73314
500		3430.2		0.94362		0.94953		0.86305		0.83412		0.90722		0.86914		0.72885
501		3431.37		0.94343		0.94905		0.8553		0.82243		0.90722		0.86275		0.71434
502		3432.49		0.94357		0.94939		0.85788		0.82938		0.90206		0.8642		0.71848
503		3433.9		0.9445		0.95029		0.86305		0.8439		0.89175		0.86717		0.72723
504		3435.62		0.94546		0.95117		0.87339		0.8607		0.89175		0.87595		0.74723
505		3436.79		0.94605		0.9517		0.87597		0.865		0.89175		0.87817		0.75228
506		3437.94		0.94646		0.95224		0.87597		0.865		0.89175		0.87817		0.75228
507		3439.06		0.94721		0.95305		0.87339		0.85024		0.90722		0.87781		0.74842
508		3440.27		0.94769		0.95387		0.87339		0.85024		0.90722		0.87781		0.74842
509		3441.41		0.94819		0.95469		0.87597		0.85437		0.90722		0.88		0.75335
510		3442.52		0.94803		0.95491		0.87339		0.85024		0.90722		0.87781		0.74842
511		3443.68		0.94731		0.95412		0.86563		0.84135		0.90206		0.87065		0.73314
512		3444.89		0.94733		0.95374		0.86047		0.83333		0.90206		0.86634		0.72335
513		3446.18		0.94672		0.95289		0.86563		0.84135		0.90206		0.87065		0.73314
514		3447.31		0.94598		0.9519		0.86822		0.84541		0.90206		0.87282		0.73805
515		3448.48		0.94573		0.95156		0.86563		0.84135		0.90206		0.87065		0.73314
516		3450.34		0.94609		0.95182		0.86822		0.84541		0.90206		0.87282		0.73805
517		3452.02		0.94612		0.95165		0.86563		0.8381		0.90722		0.87129		0.73372
518		3453.77		0.94565		0.95087		0.86563		0.8381		0.90722		0.87129		0.73372
519		3455.21		0.94557		0.95105		0.86822		0.84211		0.90722		0.87345		0.7386
520		3456.32		0.94592		0.95174		0.8708		0.84615		0.90722		0.87562		0.7435
521		3457.58		0.94602		0.95186		0.87597		0.85784		0.90206		0.8794		0.75291
522		3458.73		0.94624		0.95204		0.87597		0.85784		0.90206		0.8794		0.75291
523		3459.94		0.94621		0.9521		0.87597		0.85784		0.90206		0.8794		0.75291
524		3461.08		0.94568		0.95156		0.86563		0.84135		0.90206		0.87065		0.73314
525		3462.39		0.94556		0.95125		0.86563		0.8381		0.90722		0.87129		0.73372
526		3463.57		0.94516		0.95063		0.86563		0.8381		0.90722		0.87129		0.73372
527		3464.79		0.94553		0.95071		0.86563		0.84466		0.89691		0.87		0.73263
528		3466.5		0.9461		0.95155		0.8708		0.85294		0.89691		0.87437		0.74256
529		3467.82		0.94668		0.95222		0.8708		0.85294		0.89691		0.87437		0.74256
530		3469.73		0.94692		0.95263		0.86822		0.84878		0.89691		0.87218		0.73759
531		3471.16		0.94735		0.95306		0.8708		0.84951		0.90206		0.875		0.74299
532		3472.47		0.94685		0.95284		0.87339		0.84689		0.91237		0.87841		0.74897
533		3474.16		0.94669		0.95285		0.86822		0.83886		0.91237		0.87407		0.73923
534		3475.63		0.94642		0.9527		0.87339		0.84689		0.91237		0.87841		0.74897
535		3476.8		0.9456		0.9519		0.8708		0.84286		0.91237		0.87624		0.74409
536		3478.0		0.94489		0.95101		0.86822		0.83886		0.91237		0.87407		0.73923
537		3479.17		0.94422		0.95026		0.86047		0.83019		0.90722		0.867		0.724
538		3480.34		0.94386		0.94973		0.86563		0.84135		0.90206		0.87065		0.73314
539		3481.6		0.94395		0.94952		0.8708		0.84951		0.90206		0.875		0.74299
540		3482.76		0.94413		0.94957		0.86563		0.84135		0.90206		0.87065		0.73314
541		3484.15		0.94463		0.95013		0.86047		0.83333		0.90206		0.86634		0.72335
542		3485.84		0.9441		0.94949		0.85788		0.82938		0.90206		0.8642		0.71848
543		3488.02		0.94383		0.94984		0.85788		0.82938		0.90206		0.8642		0.71848
544		3489.15		0.94338		0.9499		0.86047		0.83333		0.90206		0.86634		0.72335
545		3490.25		0.9435		0.9503		0.86305		0.84058		0.89691		0.86783		0.72769
546		3491.41		0.94333		0.95011		0.86305		0.84058		0.89691		0.86783		0.72769
547		3492.54		0.94397		0.95035		0.85271		0.82464		0.89691		0.85926		0.7081
548		3493.76		0.94471		0.95068		0.8553		0.82243		0.90722		0.86275		0.71434
549		3494.87		0.94524		0.95122		0.85788		0.82629		0.90722		0.86486		0.71917
550		3495.99		0.94542		0.9515		0.86305		0.84058		0.89691		0.86783		0.72769
551		3497.14		0.94512		0.95139		0.87597		0.85784		0.90206		0.8794		0.75291
552		3498.38		0.9457		0.95199		0.87855		0.86207		0.90206		0.88161		0.7579
553		3499.56		0.9456		0.95191		0.87597		0.85437		0.90722		0.88		0.75335
554		3500.7		0.9452		0.95132		0.86047		0.83019		0.90722		0.867		0.724
555		3501.88		0.94493		0.9507		0.8553		0.82243		0.90722		0.86275		0.71434
556		3503.37		0.94474		0.95059		0.86047		0.83019		0.90722		0.867		0.724
557		3505.3		0.94503		0.95122		0.87339		0.85024		0.90722		0.87781		0.74842
558		3506.51		0.9453		0.95149		0.8708		0.84951		0.90206		0.875		0.74299
559		3507.65		0.94565		0.95204		0.8708		0.84615		0.90722		0.87562		0.7435
560		3508.76		0.94564		0.9521		0.86822		0.84211		0.90722		0.87345		0.7386
561		3510.0		0.9462		0.95281		0.86822		0.84211		0.90722		0.87345		0.7386
562		3511.09		0.94673		0.95326		0.86822		0.84211		0.90722		0.87345		0.7386
563		3512.22		0.94716		0.95336		0.8708		0.84615		0.90722		0.87562		0.7435
564		3513.3		0.94736		0.95336		0.86305		0.83412		0.90722		0.86914		0.72885
565		3514.5		0.94718		0.95332		0.86305		0.83412		0.90722		0.86914		0.72885
566		3516.47		0.9469		0.95332		0.86047		0.83019		0.90722		0.867		0.724
567		3518.29		0.94656		0.95337		0.86305		0.83732		0.90206		0.86849		0.72823
568		3519.55		0.9465		0.95357		0.8708		0.84951		0.90206		0.875		0.74299
569		3520.67		0.94634		0.95331		0.86822		0.84211		0.90722		0.87345		0.7386
570		3521.93		0.94584		0.95256		0.86822		0.84211		0.90722		0.87345		0.7386
571		3523.78		0.94557		0.952		0.86305		0.83412		0.90722		0.86914		0.72885
572		3525.44		0.94506		0.95115		0.86047		0.83333		0.90206		0.86634		0.72335
573		3527.24		0.94479		0.95086		0.8708		0.84951		0.90206		0.875		0.74299
574		3528.85		0.94479		0.95089		0.87855		0.86207		0.90206		0.88161		0.7579
575		3529.98		0.94414		0.95032		0.8708		0.84951		0.90206		0.875		0.74299
576		3531.22		0.94334		0.94947		0.86305		0.83732		0.90206		0.86849		0.72823
577		3532.37		0.94309		0.94917		0.86563		0.8381		0.90722		0.87129		0.73372
578		3533.6		0.94314		0.94966		0.86563		0.84135		0.90206		0.87065		0.73314
579		3534.71		0.94354		0.95051		0.87597		0.85784		0.90206		0.8794		0.75291
580		3535.83		0.94333		0.94985		0.86822		0.84541		0.90206		0.87282		0.73805
581		3536.96		0.94303		0.9488		0.86047		0.83019		0.90722		0.867		0.724
582		3538.15		0.94311		0.94862		0.86305		0.83732		0.90206		0.86849		0.72823
583		3539.28		0.94318		0.94817		0.86305		0.83732		0.90206		0.86849		0.72823
584		3541.19		0.94338		0.94809		0.86563		0.84135		0.90206		0.87065		0.73314
585		3542.76		0.94357		0.94814		0.8708		0.84951		0.90206		0.875		0.74299
586		3544.69		0.94365		0.94812		0.8708		0.84951		0.90206		0.875		0.74299
587		3545.82		0.94413		0.94849		0.8708		0.84951		0.90206		0.875		0.74299
588		3546.95		0.9443		0.94874		0.86563		0.84135		0.90206		0.87065		0.73314
589		3548.1		0.94455		0.94918		0.85788		0.82938		0.90206		0.8642		0.71848
590		3549.21		0.9447		0.9497		0.85788		0.82326		0.91237		0.86553		0.71994
591		3550.47		0.94517		0.95068		0.85788		0.82629		0.90722		0.86486		0.71917
592		3551.59		0.94573		0.9516		0.8553		0.82547		0.90206		0.86207		0.71362
593		3552.72		0.94618		0.95209		0.8708		0.84615		0.90722		0.87562		0.7435
594		3553.97		0.94601		0.95208		0.86822		0.84211		0.90722		0.87345		0.7386
595		3555.27		0.94549		0.9516		0.86305		0.83732		0.90206		0.86849		0.72823
596		3556.68		0.94554		0.95184		0.86047		0.83333		0.90206		0.86634		0.72335
597		3558.49		0.94612		0.95266		0.86047		0.83333		0.90206		0.86634		0.72335
598		3559.65		0.94605		0.9526		0.86305		0.84058		0.89691		0.86783		0.72769
599		3560.81		0.946		0.95227		0.86047		0.83981		0.89175		0.865		0.72227
600		3562.2		0.94546		0.95153		0.86305		0.8439		0.89175		0.86717		0.72723
601		3563.77		0.94495		0.95076		0.8553		0.83173		0.89175		0.8607		0.71241
602		3565.15		0.94429		0.94998		0.8553		0.82547		0.90206		0.86207		0.71362
603		3566.75		0.94434		0.95001		0.85013		0.81776		0.90206		0.85784		0.70395
604		3568.34		0.94425		0.95018		0.86822		0.84541		0.90206		0.87282		0.73805
605		3569.52		0.94414		0.95026		0.86563		0.84804		0.89175		0.86935		0.73221
606		3570.76		0.94389		0.94994		0.86563		0.84804		0.89175		0.86935		0.73221
607		3571.86		0.94429		0.95045		0.85788		0.83575		0.89175		0.86284		0.71733
608		3572.99		0.94465		0.95059		0.85271		0.82775		0.89175		0.85856		0.7075
609		3574.24		0.94517		0.95118		0.85788		0.83254		0.89691		0.86352		0.71786
610		3575.92		0.94545		0.95184		0.86305		0.84058		0.89691		0.86783		0.72769
611		3577.53		0.94546		0.95239		0.86822		0.84541		0.90206		0.87282		0.73805
612		3579.13		0.94516		0.95246		0.8708		0.84951		0.90206		0.875		0.74299
613		3580.75		0.94439		0.95159		0.86563		0.84135		0.90206		0.87065		0.73314
614		3582.15		0.94355		0.95086		0.85788		0.82629		0.90722		0.86486		0.71917
615		3583.73		0.94331		0.95044		0.86563		0.8381		0.90722		0.87129		0.73372
616		3585.2		0.94327		0.95028		0.86563		0.84135		0.90206		0.87065		0.73314
617		3586.5		0.94399		0.95087		0.86822		0.84541		0.90206		0.87282		0.73805
618		3587.78		0.94474		0.95144		0.86563		0.84135		0.90206		0.87065		0.73314
619		3588.91		0.94501		0.95145		0.86305		0.83732		0.90206		0.86849		0.72823
620		3590.11		0.94553		0.95133		0.86047		0.83333		0.90206		0.86634		0.72335
621		3591.27		0.9457		0.95141		0.86305		0.83732		0.90206		0.86849		0.72823
622		3592.49		0.94562		0.95146		0.86563		0.84135		0.90206		0.87065		0.73314
623		3593.64		0.94544		0.95125		0.86563		0.84135		0.90206		0.87065		0.73314
624		3594.84		0.94522		0.95104		0.86047		0.83333		0.90206		0.86634		0.72335
625		3596.37		0.94489		0.95065		0.86047		0.83333		0.90206		0.86634		0.72335
626		3597.98		0.94413		0.94978		0.85271		0.8216		0.90206		0.85995		0.70878
627		3599.27		0.94306		0.9483		0.85013		0.81481		0.90722		0.85854		0.70474
628		3600.41		0.94298		0.94808		0.85271		0.8186		0.90722		0.86064		0.70954
629		3601.58		0.94351		0.94902		0.8553		0.82547		0.90206		0.86207		0.71362
630		3602.79		0.94411		0.94978		0.86822		0.84541		0.90206		0.87282		0.73805
631		3604.36		0.94402		0.9494		0.87339		0.85366		0.90206		0.87719		0.74794
632		3605.94		0.94409		0.94887		0.86822		0.84211		0.90722		0.87345		0.7386
633		3607.07		0.94411		0.9477		0.86563		0.83491		0.91237		0.87192		0.73439
634		3608.25		0.94329		0.94647		0.86563		0.83491		0.91237		0.87192		0.73439
635		3609.58		0.94347		0.94687		0.86822		0.84541		0.90206		0.87282		0.73805
636		3610.86		0.94319		0.94711		0.87597		0.86139		0.89691		0.87879		0.75255
637		3612.0		0.94321		0.94686		0.87597		0.85784		0.90206		0.8794		0.75291
638		3613.44		0.94306		0.94658		0.86822		0.84541		0.90206		0.87282		0.73805
639		3615.21		0.94303		0.94718		0.86305		0.83732		0.90206		0.86849		0.72823
640		3616.51		0.94354		0.94822		0.86563		0.84135		0.90206		0.87065		0.73314
641		3617.71		0.94366		0.94909		0.86563		0.84466		0.89691		0.87		0.73263
642		3619.04		0.94351		0.94888		0.86563		0.84466		0.89691		0.87		0.73263
643		3620.65		0.94286		0.94791		0.8553		0.82857		0.89691		0.86139		0.71297
644		3622.24		0.94191		0.94681		0.85271		0.8216		0.90206		0.85995		0.70878
645		3623.36		0.9423		0.94753		0.8553		0.82547		0.90206		0.86207		0.71362
646		3624.55		0.9429		0.94859		0.8708		0.84951		0.90206		0.875		0.74299
647		3625.67		0.94351		0.94951		0.87597		0.85784		0.90206		0.8794		0.75291
648		3626.9		0.94387		0.94952		0.8708		0.84951		0.90206		0.875		0.74299
649		3628.1		0.94431		0.94969		0.8708		0.84951		0.90206		0.875		0.74299
650		3629.32		0.94459		0.94943		0.86047		0.83654		0.89691		0.86567		0.72277
651		3631.14		0.94487		0.94948		0.86047		0.83654		0.89691		0.86567		0.72277
652		3632.77		0.94471		0.94959		0.85788		0.83254		0.89691		0.86352		0.71786
653		3634.16		0.94502		0.9506		0.85788		0.83254		0.89691		0.86352		0.71786
654		3636.0		0.94494		0.95107		0.86047		0.83654		0.89691		0.86567		0.72277
655		3637.91		0.94399		0.95033		0.85788		0.83254		0.89691		0.86352		0.71786
656		3639.45		0.94309		0.94987		0.85788		0.83254		0.89691		0.86352		0.71786
657		3640.56		0.94341		0.95019		0.86563		0.84466		0.89691		0.87		0.73263
658		3641.67		0.94327		0.95014		0.86563		0.84466		0.89691		0.87		0.73263
659		3642.78		0.94326		0.94994		0.86047		0.83654		0.89691		0.86567		0.72277
660		3643.88		0.94282		0.94882		0.8553		0.82857		0.89691		0.86139		0.71297
661		3645.13		0.94298		0.9484		0.8553		0.82857		0.89691		0.86139		0.71297
662		3646.36		0.94359		0.9489		0.85788		0.83254		0.89691		0.86352		0.71786
663		3648.09		0.94391		0.94928		0.86047		0.83654		0.89691		0.86567		0.72277
664		3649.23		0.94378		0.94915		0.85788		0.83254		0.89691		0.86352		0.71786
665		3650.6		0.9437		0.94879		0.8553		0.82857		0.89691		0.86139		0.71297
666		3651.92		0.94299		0.94821		0.85788		0.82938		0.90206		0.8642		0.71848
667		3653.15		0.94291		0.94861		0.8553		0.82547		0.90206		0.86207		0.71362
668		3654.32		0.94306		0.94918		0.86822		0.84541		0.90206		0.87282		0.73805
669		3655.42		0.94258		0.94883		0.8863		0.875		0.90206		0.88832		0.77296
670		3656.63		0.94218		0.94803		0.88114		0.86634		0.90206		0.88384		0.7629
671		3657.78		0.94186		0.9475		0.86305		0.83732		0.90206		0.86849		0.72823
672		3658.97		0.94178		0.94763		0.86305		0.83732		0.90206		0.86849		0.72823
673		3660.11		0.94307		0.94949		0.86305		0.83732		0.90206		0.86849		0.72823
674		3661.41		0.94399		0.95066		0.87855		0.86567		0.89691		0.88101		0.75758
675		3662.94		0.94389		0.95089		0.87855		0.86207		0.90206		0.88161		0.7579
676		3664.54		0.94415		0.95153		0.87597		0.85784		0.90206		0.8794		0.75291
677		3665.82		0.94438		0.95196		0.87339		0.85366		0.90206		0.87719		0.74794
678		3667.57		0.94397		0.95129		0.86563		0.84135		0.90206		0.87065		0.73314
679		3669.19		0.94385		0.95091		0.86563		0.84466		0.89691		0.87		0.73263
680		3671.08		0.94346		0.95005		0.86563		0.84466		0.89691		0.87		0.73263
681		3672.44		0.9437		0.94994		0.86822		0.84878		0.89691		0.87218		0.73759
682		3673.61		0.94407		0.94971		0.86563		0.84804		0.89175		0.86935		0.73221
683		3675.0		0.94402		0.94936		0.86822		0.84878		0.89691		0.87218		0.73759
684		3676.1		0.94431		0.9495		0.86305		0.84058		0.89691		0.86783		0.72769
685		3677.24		0.94458		0.94986		0.8708		0.85294		0.89691		0.87437		0.74256
686		3678.39		0.9451		0.9505		0.87597		0.86139		0.89691		0.87879		0.75255
687		3679.51		0.94454		0.94956		0.87339		0.85714		0.89691		0.87657		0.74755
688		3680.77		0.94351		0.94798		0.86563		0.84135		0.90206		0.87065		0.73314
689		3682.61		0.94274		0.94657		0.85788		0.82938		0.90206		0.8642		0.71848
690		3683.8		0.94207		0.946		0.86047		0.83654		0.89691		0.86567		0.72277
691		3684.97		0.94184		0.94589		0.86305		0.84058		0.89691		0.86783		0.72769
692		3686.2		0.94211		0.94605		0.86047		0.83654		0.89691		0.86567		0.72277
693		3687.7		0.94212		0.94597		0.86305		0.83412		0.90722		0.86914		0.72885
694		3689.34		0.94251		0.94674		0.86047		0.83019		0.90722		0.867		0.724
695		3690.58		0.94315		0.94828		0.86047		0.83019		0.90722		0.867		0.724
696		3691.82		0.94375		0.94981		0.86822		0.84541		0.90206		0.87282		0.73805
697		3693.13		0.94431		0.95056		0.87855		0.86207		0.90206		0.88161		0.7579
698		3694.33		0.94453		0.95083		0.87855		0.86207		0.90206		0.88161		0.7579
699		3695.49		0.94439		0.9506		0.8708		0.84951		0.90206		0.875		0.74299
700		3696.6		0.94397		0.94978		0.85788		0.82938		0.90206		0.8642		0.71848
701		3698.63		0.9439		0.94858		0.85271		0.82775		0.89175		0.85856		0.7075
702		3700.48		0.94453		0.9491		0.85788		0.83254		0.89691		0.86352		0.71786
703		3702.05		0.94525		0.9503		0.86822		0.84878		0.89691		0.87218		0.73759
704		3703.15		0.94562		0.95111		0.88114		0.87		0.89691		0.88325		0.76262
705		3704.41		0.94409		0.94891		0.8553		0.82547		0.90206		0.86207		0.71362
706		3705.54		0.94334		0.94727		0.84496		0.80734		0.90722		0.85437		0.69519
707		3706.65		0.94258		0.94757		0.8553		0.82857		0.89691		0.86139		0.71297
708		3707.76		0.942		0.94783		0.86563		0.84804		0.89175		0.86935		0.73221
709		3708.89		0.94147		0.9475		0.87339		0.8607		0.89175		0.87595		0.74723
710		3710.1		0.94162		0.94737		0.86305		0.84058		0.89691		0.86783		0.72769
711		3711.35		0.94318		0.94824		0.85271		0.8186		0.90722		0.86064		0.70954
712		3712.65		0.94393		0.94932		0.85788		0.82629		0.90722		0.86486		0.71917
713		3714.19		0.94382		0.95031		0.87339		0.85366		0.90206		0.87719		0.74794
714		3715.86		0.94353		0.95059		0.87855		0.86567		0.89691		0.88101		0.75758
715		3717.47		0.9426		0.94931		0.87855		0.86567		0.89691		0.88101		0.75758
716		3719.48		0.9424		0.94815		0.8708		0.85294		0.89691		0.87437		0.74256
717		3720.68		0.94143		0.94553		0.8553		0.82857		0.89691		0.86139		0.71297
718		3721.88		0.94216		0.94549		0.85271		0.82464		0.89691		0.85926		0.7081
719		3722.97		0.94353		0.94785		0.86305		0.84058		0.89691		0.86783		0.72769
720		3724.05		0.94382		0.94926		0.87855		0.86567		0.89691		0.88101		0.75758
721		3725.22		0.94383		0.94972		0.87855		0.86567		0.89691		0.88101		0.75758
722		3726.41		0.94347		0.94777		0.85788		0.82938		0.90206		0.8642		0.71848
723		3727.68		0.94163		0.94651		0.85788		0.82938		0.90206		0.8642		0.71848
724		3729.33		0.94106		0.94738		0.86563		0.84135		0.90206		0.87065		0.73314
725		3730.72		0.94103		0.94848		0.86305		0.84058		0.89691		0.86783		0.72769
726		3732.1		0.94147		0.94864		0.86305		0.8439		0.89175		0.86717		0.72723
727		3733.42		0.94214		0.94825		0.85788		0.82938		0.90206		0.8642		0.71848
728		3734.87		0.94298		0.94795		0.86305		0.83732		0.90206		0.86849		0.72823
729		3736.16		0.94385		0.94838		0.87339		0.85366		0.90206		0.87719		0.74794
730		3737.66		0.94423		0.9484		0.87339		0.85366		0.90206		0.87719		0.74794
731		3739.3		0.9443		0.94863		0.87855		0.86207		0.90206		0.88161		0.7579
732		3740.42		0.94405		0.94853		0.87855		0.86207		0.90206		0.88161		0.7579
733		3741.89		0.94399		0.94836		0.8708		0.84951		0.90206		0.875		0.74299
734		3743.34		0.94354		0.94785		0.86305		0.83732		0.90206		0.86849		0.72823
735		3744.87		0.94327		0.94787		0.85271		0.82464		0.89691		0.85926		0.7081
736		3746.3		0.94371		0.94954		0.86047		0.83333		0.90206		0.86634		0.72335
737		3747.5		0.94447		0.951		0.86822		0.85222		0.89175		0.87154		0.7372
738		3748.76		0.94514		0.95168		0.87597		0.865		0.89175		0.87817		0.75228
739		3749.94		0.94521		0.95135		0.86822		0.85222		0.89175		0.87154		0.7372
740		3751.27		0.94446		0.95026		0.86047		0.83333		0.90206		0.86634		0.72335
741		3752.48		0.9437		0.9492		0.8553		0.82243		0.90722		0.86275		0.71434
742		3753.7		0.94305		0.94875		0.85271		0.82464		0.89691		0.85926		0.7081
743		3755.13		0.94234		0.94807		0.8553		0.82857		0.89691		0.86139		0.71297
744		3757.01		0.9422		0.94795		0.85788		0.83575		0.89175		0.86284		0.71733
745		3758.23		0.94236		0.94818		0.87339		0.8607		0.89175		0.87595		0.74723
746		3760.2		0.94271		0.94828		0.8708		0.85644		0.89175		0.87374		0.74221
747		3761.72		0.94272		0.94745		0.8708		0.84951		0.90206		0.875		0.74299
748		3762.85		0.94299		0.94711		0.85788		0.82938		0.90206		0.8642		0.71848
749		3764.06		0.94402		0.94808		0.85788		0.82938		0.90206		0.8642		0.71848
750		3765.31		0.94446		0.94907		0.86822		0.84541		0.90206		0.87282		0.73805
751		3766.51		0.94459		0.94971		0.87855		0.86207		0.90206		0.88161		0.7579
752		3767.67		0.94477		0.94998		0.87597		0.85784		0.90206		0.8794		0.75291
753		3768.95		0.94394		0.94857		0.86822		0.84541		0.90206		0.87282		0.73805
754		3770.88		0.94284		0.94724		0.86305		0.83732		0.90206		0.86849		0.72823
755		3772.72		0.94256		0.94816		0.86563		0.84135		0.90206		0.87065		0.73314
756		3774.27		0.94274		0.94912		0.8708		0.85294		0.89691		0.87437		0.74256
757		3775.5		0.94271		0.94937		0.8708		0.85294		0.89691		0.87437		0.74256
758		3776.77		0.94242		0.94895		0.86305		0.84058		0.89691		0.86783		0.72769
759		3777.98		0.94306		0.94927		0.85788		0.83254		0.89691		0.86352		0.71786
760		3779.19		0.94341		0.94935		0.8553		0.82857		0.89691		0.86139		0.71297
761		3780.41		0.94339		0.94914		0.8553		0.82857		0.89691		0.86139		0.71297
762		3781.75		0.94375		0.94947		0.86047		0.83654		0.89691		0.86567		0.72277
763		3782.89		0.94379		0.94969		0.86822		0.84878		0.89691		0.87218		0.73759
764		3784.01		0.94405		0.95		0.8708		0.85294		0.89691		0.87437		0.74256
765		3785.24		0.94397		0.95006		0.86822		0.84541		0.90206		0.87282		0.73805
766		3786.78		0.94339		0.94908		0.86305		0.83732		0.90206		0.86849		0.72823
767		3788.58		0.94338		0.94915		0.86047		0.83019		0.90722		0.867		0.724
768		3790.51		0.94413		0.95045		0.86047		0.83333		0.90206		0.86634		0.72335
769		3792.06		0.94429		0.95082		0.86563		0.84135		0.90206		0.87065		0.73314
770		3793.22		0.94462		0.95107		0.87855		0.86207		0.90206		0.88161		0.7579
771		3794.51		0.94433		0.95054		0.86563		0.84135		0.90206		0.87065		0.73314
772		3795.64		0.94358		0.94934		0.86047		0.83019		0.90722		0.867		0.724
773		3797.04		0.94367		0.94973		0.86047		0.83654		0.89691		0.86567		0.72277
774		3798.52		0.94395		0.95047		0.86822		0.84878		0.89691		0.87218		0.73759
775		3800.2		0.94407		0.9508		0.86563		0.84466		0.89691		0.87		0.73263
776		3801.52		0.94415		0.95064		0.86563		0.84466		0.89691		0.87		0.73263
777		3802.94		0.94443		0.95098		0.86305		0.84058		0.89691		0.86783		0.72769
778		3804.29		0.94494		0.95165		0.86047		0.83654		0.89691		0.86567		0.72277
779		3805.73		0.9451		0.95172		0.86047		0.83654		0.89691		0.86567		0.72277
780		3807.39		0.9454		0.9524		0.86047		0.83654		0.89691		0.86567		0.72277
781		3808.88		0.94483		0.95199		0.86305		0.84058		0.89691		0.86783		0.72769
782		3810.1		0.94461		0.95195		0.86305		0.84058		0.89691		0.86783		0.72769
783		3811.29		0.94415		0.95156		0.8708		0.85294		0.89691		0.87437		0.74256
784		3812.53		0.94367		0.9509		0.8708		0.85294		0.89691		0.87437		0.74256
785		3813.63		0.94379		0.9503		0.86305		0.84058		0.89691		0.86783		0.72769
786		3814.77		0.94378		0.9497		0.86047		0.83654		0.89691		0.86567		0.72277
787		3815.89		0.94377		0.94973		0.85788		0.83254		0.89691		0.86352		0.71786
788		3817.12		0.94427		0.95028		0.86563		0.84466		0.89691		0.87		0.73263
789		3818.37		0.94446		0.95103		0.8708		0.85294		0.89691		0.87437		0.74256
790		3819.84		0.9445		0.95125		0.8708		0.85294		0.89691		0.87437		0.74256
791		3821.83		0.94417		0.95043		0.86305		0.83732		0.90206		0.86849		0.72823
792		3823.85		0.94417		0.9502		0.86047		0.83333		0.90206		0.86634		0.72335
793		3825.47		0.94386		0.95038		0.86047		0.83333		0.90206		0.86634		0.72335
794		3826.79		0.94402		0.95087		0.8708		0.84951		0.90206		0.875		0.74299
795		3828.41		0.94426		0.95089		0.8708		0.85294		0.89691		0.87437		0.74256
796		3830.01		0.94445		0.95047		0.86822		0.84541		0.90206		0.87282		0.73805
797		3831.12		0.94426		0.9492		0.86563		0.84135		0.90206		0.87065		0.73314
798		3832.26		0.94391		0.9482		0.86305		0.83732		0.90206		0.86849		0.72823
799		3833.42		0.94397		0.94842		0.86563		0.84135		0.90206		0.87065		0.73314
800		3834.53		0.94359		0.9485		0.86305		0.84058		0.89691		0.86783		0.72769
801		3835.83		0.94351		0.94885		0.86563		0.84135		0.90206		0.87065		0.73314
802		3836.98		0.94315		0.94832		0.86563		0.84135		0.90206		0.87065		0.73314
803		3838.13		0.94307		0.94893		0.8553		0.82547		0.90206		0.86207		0.71362
804		3839.24		0.94311		0.94976		0.86047		0.83654		0.89691		0.86567		0.72277
805		3840.52		0.94299		0.95022		0.86305		0.84058		0.89691		0.86783		0.72769
806		3841.69		0.94301		0.95002		0.8553		0.82857		0.89691		0.86139		0.71297
807		3843.11		0.94317		0.9501		0.85788		0.83254		0.89691		0.86352		0.71786
808		3844.71		0.94303		0.94875		0.85271		0.82464		0.89691		0.85926		0.7081
809		3846.23		0.94275		0.94751		0.85271		0.82464		0.89691		0.85926		0.7081
810		3847.59		0.94293		0.94734		0.85788		0.83254		0.89691		0.86352		0.71786
811		3848.77		0.9426		0.94734		0.86822		0.84878		0.89691		0.87218		0.73759
812		3849.99		0.94282		0.9475		0.86822		0.84878		0.89691		0.87218		0.73759
813		3851.6		0.94266		0.9477		0.87339		0.85714		0.89691		0.87657		0.74755
814		3853.61		0.94331		0.94844		0.87339		0.85366		0.90206		0.87719		0.74794
815		3855.06		0.94301		0.94843		0.87339		0.85366		0.90206		0.87719		0.74794
816		3856.25		0.94271		0.94853		0.8708		0.84951		0.90206		0.875		0.74299
817		3857.39		0.94302		0.9485		0.86305		0.83732		0.90206		0.86849		0.72823
818		3858.47		0.94305		0.94841		0.86305		0.83732		0.90206		0.86849		0.72823
819		3859.74		0.94329		0.94895		0.86822		0.84541		0.90206		0.87282		0.73805
820		3860.82		0.94283		0.94857		0.86305		0.83732		0.90206		0.86849		0.72823
821		3862.41		0.94293		0.94844		0.86047		0.83333		0.90206		0.86634		0.72335
822		3864.1		0.94342		0.94879		0.86047		0.83333		0.90206		0.86634		0.72335
823		3865.37		0.94373		0.94903		0.86047		0.83333		0.90206		0.86634		0.72335
824		3866.61		0.94341		0.94891		0.86305		0.83732		0.90206		0.86849		0.72823
825		3867.77		0.94379		0.9497		0.86822		0.84541		0.90206		0.87282		0.73805
826		3868.94		0.94399		0.94997		0.86822		0.84541		0.90206		0.87282		0.73805
827		3870.06		0.94334		0.94904		0.86305		0.83732		0.90206		0.86849		0.72823
828		3871.28		0.94301		0.94889		0.85788		0.82938		0.90206		0.8642		0.71848
829		3872.43		0.94354		0.95025		0.86305		0.83732		0.90206		0.86849		0.72823
830		3873.6		0.94427		0.95144		0.86822		0.84541		0.90206		0.87282		0.73805
831		3875.27		0.94454		0.95134		0.8708		0.84951		0.90206		0.875		0.74299
832		3876.87		0.94451		0.95069		0.8708		0.84951		0.90206		0.875		0.74299
833		3878.41		0.94398		0.94965		0.87339		0.85366		0.90206		0.87719		0.74794
834		3880.41		0.94401		0.94881		0.86305		0.83732		0.90206		0.86849		0.72823
835		3882.49		0.94369		0.94761		0.86047		0.83333		0.90206		0.86634		0.72335
836		3884.01		0.94421		0.9473		0.86305		0.83732		0.90206		0.86849		0.72823
837		3885.25		0.94445		0.94757		0.86563		0.84135		0.90206		0.87065		0.73314
838		3886.35		0.94483		0.94854		0.86563		0.84135		0.90206		0.87065		0.73314
839		3887.55		0.94513		0.94936		0.86822		0.84541		0.90206		0.87282		0.73805
840		3888.68		0.9445		0.94829		0.86563		0.84135		0.90206		0.87065		0.73314
841		3890.06		0.94309		0.94749		0.86563		0.84135		0.90206		0.87065		0.73314
842		3891.18		0.94252		0.94776		0.86305		0.84058		0.89691		0.86783		0.72769
843		3892.31		0.94234		0.94854		0.8708		0.85294		0.89691		0.87437		0.74256
844		3893.44		0.94293		0.9496		0.8708		0.85294		0.89691		0.87437		0.74256
845		3894.82		0.94367		0.95026		0.85788		0.83254		0.89691		0.86352		0.71786
846		3896.57		0.94462		0.95101		0.85788		0.82938		0.90206		0.8642		0.71848
847		3897.98		0.94537		0.95179		0.86563		0.84135		0.90206		0.87065		0.73314
848		3899.13		0.94565		0.95224		0.8708		0.84951		0.90206		0.875		0.74299
849		3900.35		0.94552		0.95194		0.86822		0.84541		0.90206		0.87282		0.73805
850		3901.6		0.94548		0.95141		0.86563		0.84135		0.90206		0.87065		0.73314
851		3902.79		0.94402		0.94898		0.8553		0.82547		0.90206		0.86207		0.71362
852		3904.44		0.94303		0.94787		0.85788		0.82938		0.90206		0.8642		0.71848
853		3906.1		0.94394		0.94946		0.8708		0.84951		0.90206		0.875		0.74299
854		3907.43		0.9433		0.9495		0.87339		0.85714		0.89691		0.87657		0.74755
855		3908.62		0.9437		0.94953		0.8708		0.85294		0.89691		0.87437		0.74256
856		3909.91		0.94407		0.94934		0.8553		0.82547		0.90206		0.86207		0.71362
857		3911.04		0.94425		0.94932		0.8553		0.82547		0.90206		0.86207		0.71362
858		3913.03		0.94423		0.94987		0.86047		0.83333		0.90206		0.86634		0.72335
859		3915.13		0.94426		0.95084		0.86305		0.83732		0.90206		0.86849		0.72823
860		3916.24		0.94443		0.95151		0.87339		0.85714		0.89691		0.87657		0.74755
861		3917.43		0.94431		0.95051		0.86822		0.84541		0.90206		0.87282		0.73805
862		3918.74		0.94427		0.94996		0.86563		0.84135		0.90206		0.87065		0.73314
863		3919.92		0.94552		0.9515		0.87597		0.85784		0.90206		0.8794		0.75291
864		3921.09		0.94593		0.95182		0.87597		0.85784		0.90206		0.8794		0.75291
865		3922.3		0.94586		0.95165		0.87597		0.85784		0.90206		0.8794		0.75291
866		3923.87		0.94589		0.9511		0.87339		0.85366		0.90206		0.87719		0.74794
867		3925.64		0.94558		0.95029		0.86563		0.84135		0.90206		0.87065		0.73314
868		3927.18		0.94516		0.9491		0.86563		0.84135		0.90206		0.87065		0.73314
869		3932.93		0.94389		0.9477		0.86822		0.84878		0.89691		0.87218		0.73759
870		3938.18		0.94353		0.9475		0.86563		0.84804		0.89175		0.86935		0.73221
871		3941.51		0.94299		0.94692		0.85788		0.83575		0.89175		0.86284		0.71733
872		3943.03		0.94268		0.94698		0.85788		0.83575		0.89175		0.86284		0.71733
873		3944.7		0.94284		0.9483		0.8553		0.83173		0.89175		0.8607		0.71241
874		3946.69		0.94299		0.94931		0.85788		0.83575		0.89175		0.86284		0.71733
875		3948.18		0.94248		0.9492		0.86047		0.83654		0.89691		0.86567		0.72277
876		3949.44		0.94199		0.9489		0.86563		0.84466		0.89691		0.87		0.73263
877		3950.73		0.9417		0.94868		0.86047		0.83654		0.89691		0.86567		0.72277
878		3951.94		0.94212		0.94878		0.85788		0.83254		0.89691		0.86352		0.71786
879		3953.17		0.9417		0.9479		0.8553		0.82547		0.90206		0.86207		0.71362
880		3954.49		0.94218		0.94837		0.8553		0.82857		0.89691		0.86139		0.71297
881		3955.7		0.94318		0.94957		0.8708		0.85294		0.89691		0.87437		0.74256
882		3957.05		0.94354		0.95004		0.87339		0.8607		0.89175		0.87595		0.74723
883		3958.57		0.94371		0.94996		0.87597		0.86139		0.89691		0.87879		0.75255
884		3960.1		0.94397		0.94971		0.86305		0.84058		0.89691		0.86783		0.72769
885		3961.48		0.94433		0.94937		0.86047		0.83654		0.89691		0.86567		0.72277
886		3963.46		0.94491		0.95005		0.86305		0.83732		0.90206		0.86849		0.72823
887		3964.9		0.94561		0.95149		0.8708		0.84951		0.90206		0.875		0.74299
888		3966.06		0.94564		0.95189		0.87597		0.86139		0.89691		0.87879		0.75255
889		3967.37		0.94542		0.95026		0.86822		0.84878		0.89691		0.87218		0.73759
890		3968.49		0.94397		0.9479		0.85271		0.8216		0.90206		0.85995		0.70878
891		3969.63		0.94425		0.94904		0.86563		0.84466		0.89691		0.87		0.73263
892		3970.75		0.94471		0.9505		0.86822		0.84878		0.89691		0.87218		0.73759
893		3972.08		0.94447		0.95046		0.87597		0.86139		0.89691		0.87879		0.75255
894		3973.55		0.94353		0.94927		0.86305		0.83732		0.90206		0.86849		0.72823
895		3975.42		0.94287		0.94744		0.85788		0.82629		0.90722		0.86486		0.71917
896		3977.21		0.94331		0.9479		0.85788		0.82938		0.90206		0.8642		0.71848
897		3978.68		0.94471		0.95035		0.86563		0.84135		0.90206		0.87065		0.73314
898		3980.38		0.94544		0.95159		0.88372		0.87065		0.90206		0.88608		0.76792
899		3981.64		0.9449		0.95111		0.86822		0.84541		0.90206		0.87282		0.73805
900		3983.29		0.94402		0.95019		0.86563		0.84135		0.90206		0.87065		0.73314
901		3984.88		0.94357		0.94977		0.86563		0.84135		0.90206		0.87065		0.73314
902		3986.18		0.94581		0.95281		0.8708		0.84951		0.90206		0.875		0.74299
903		3987.3		0.94649		0.95381		0.88372		0.87437		0.89691		0.8855		0.76768
904		3988.4		0.94279		0.94931		0.85271		0.81279		0.91753		0.86199		0.71129
905		3989.51		0.94409		0.95204		0.86047		0.83019		0.90722		0.867		0.724
906		3990.69		0.94431		0.95313		0.87855		0.86207		0.90206		0.88161		0.7579
907		3991.97		0.94154		0.9492		0.85788		0.83254		0.89691		0.86352		0.71786
908		3993.22		0.93838		0.94481		0.85013		0.82381		0.89175		0.85644		0.7026
909		3994.43		0.94327		0.95286		0.89147		0.9086		0.87113		0.88947		0.78364
910		3995.6		0.813		0.75647		0.67442		0.61111		0.96392		0.748		0.4269
911		3996.94		0.89621		0.91368		0.73127		0.95		0.48969		0.64626		0.52973
912		3998.49		0.91774		0.92764		0.64083		0.58514		0.97423		0.73114		0.37673
913		4000.02		0.90473		0.90972		0.82946		0.83684		0.81959		0.82812		0.65907
914		4001.18		0.89579		0.90029		0.71576		0.92857		0.46907		0.62329		0.49763
915		4002.45		0.90853		0.91343		0.82946		0.86364		0.78351		0.82162		0.66186
916		4003.62		0.92076		0.92126		0.68992		0.62092		0.97938		0.76		0.46501
917		4004.71		0.92455		0.92548		0.60207		0.55848		0.98454		0.71269		0.31531
918		4005.82		0.92086		0.92351		0.78811		0.71212		0.96907		0.82096		0.61775
919		4006.92		0.91042		0.91448		0.81912		0.82979		0.80412		0.81675		0.63858
920		4008.19		0.89787		0.90026		0.78553		0.89928		0.64433		0.75075		0.59591
921		4009.47		0.8905		0.89178		0.7261		0.9		0.51031		0.65132		0.50251
922		4011.12		0.887		0.88851		0.71835		0.88288		0.50515		0.64262		0.48399
923		4012.57		0.88628		0.88851		0.73385		0.86992		0.55155		0.67508		0.50323
924		4014.32		0.88614		0.889		0.78295		0.86184		0.67526		0.75723		0.57994
925		4015.95		0.88638		0.88961		0.79845		0.82222		0.76289		0.79144		0.59854
926		4017.26		0.887		0.89069		0.80879		0.8		0.82474		0.81218		0.61784
927		4018.74		0.88727		0.89142		0.80362		0.77315		0.86082		0.81463		0.61108
928		4020.47		0.88887		0.89333		0.8062		0.76211		0.89175		0.82185		0.62134
929		4022.16		0.89197		0.89644		0.80362		0.75652		0.89691		0.82075		0.61784
930		4023.3		0.89739		0.90188		0.81137		0.76889		0.89175		0.82578		0.63073
931		4024.45		0.9026		0.90774		0.81395		0.78505		0.86598		0.82353		0.63119
932		4025.68		0.90636		0.91228		0.81395		0.80198		0.83505		0.81818		0.6284
933		4027.05		0.90983		0.91667		0.81395		0.81443		0.81443		0.81443		0.6279
934		4028.4		0.91299		0.92088		0.82429		0.83871		0.80412		0.82105		0.64917
935		4029.84		0.91579		0.92392		0.83204		0.85246		0.80412		0.82759		0.66521
936		4031.28		0.91894		0.92683		0.83721		0.85405		0.81443		0.83377		0.67519
937		4032.74		0.92065		0.92836		0.84496		0.85263		0.83505		0.84375		0.69008
938		4034.17		0.92247		0.92989		0.86047		0.85354		0.87113		0.86224		0.72107
939		4035.55		0.92452		0.93175		0.85013		0.83333		0.87629		0.85427		0.70115
940		4037.35		0.92578		0.93328		0.84755		0.81991		0.89175		0.85432		0.69772
941		4038.91		0.92663		0.93443		0.84238		0.8093		0.89691		0.85086		0.68873
942		4040.25		0.92556		0.93377		0.85013		0.81776		0.90206		0.85784		0.70395
943		4041.93		0.92546		0.93369		0.84755		0.82297		0.8866		0.8536		0.69713
944		4043.21		0.92562		0.9338		0.85271		0.83744		0.87629		0.85642		0.70615
945		4044.43		0.9273		0.93525		0.8553		0.84848		0.86598		0.85714		0.71073
946		4045.59		0.92842		0.93631		0.8708		0.87113		0.87113		0.87113		0.7416
947		4046.73		0.92877		0.9355		0.8708		0.88298		0.85567		0.86911		0.74198
948		4047.84		0.92965		0.93548		0.87597		0.88021		0.87113		0.87565		0.75198
949		4048.95		0.92973		0.93482		0.87339		0.87179		0.87629		0.87404		0.74677
950		4050.2		0.92864		0.93424		0.86563		0.85149		0.8866		0.86869		0.73186
951		4051.36		0.92757		0.93421		0.85271		0.8408		0.87113		0.8557		0.70586
952		4052.91		0.92647		0.93388		0.85271		0.85864		0.84536		0.85195		0.70552
953		4054.54		0.92543		0.93336		0.85271		0.86631		0.83505		0.85039		0.70591
954		4055.77		0.92527		0.93334		0.85788		0.87568		0.83505		0.85488		0.71657
955		4057.0		0.92725		0.93532		0.85788		0.8601		0.85567		0.85788		0.71577
956		4058.22		0.9297		0.93734		0.8553		0.83495		0.8866		0.86		0.71192
957		4059.38		0.93165		0.93888		0.85788		0.82938		0.90206		0.8642		0.71848
958		4060.58		0.93312		0.94021		0.86563		0.84135		0.90206		0.87065		0.73314
959		4061.81		0.93408		0.9409		0.86047		0.85714		0.86598		0.86154		0.72096
960		4062.89		0.93433		0.94124		0.86047		0.85714		0.86598		0.86154		0.72096
961		4064.13		0.93392		0.94098		0.85271		0.8408		0.87113		0.8557		0.70586
962		4065.25		0.93334		0.9403		0.85788		0.83575		0.89175		0.86284		0.71733
963		4066.44		0.93539		0.94168		0.85788		0.84577		0.87629		0.86076		0.7162
964		4067.61		0.93665		0.94262		0.86563		0.86224		0.87113		0.86667		0.7313
965		4069.18		0.93758		0.94321		0.86047		0.84653		0.88144		0.86364		0.72152
966		4070.8		0.93814		0.94367		0.85788		0.84236		0.88144		0.86146		0.7165
967		4072.55		0.93887		0.94425		0.86305		0.85427		0.87629		0.86514		0.72632
968		4073.95		0.93895		0.94452		0.86047		0.85		0.87629		0.86294		0.72125
969		4075.04		0.93937		0.94478		0.86047		0.85		0.87629		0.86294		0.72125
970		4076.18		0.93921		0.9446		0.85788		0.83902		0.8866		0.86216		0.71688
971		4077.52		0.94039		0.94546		0.86563		0.85149		0.8866		0.86869		0.73186
972		4079.23		0.94092		0.94573		0.85788		0.83902		0.8866		0.86216		0.71688
973		4080.76		0.94063		0.94571		0.86047		0.83981		0.89175		0.865		0.72227
974		4082.4		0.9402		0.94553		0.85271		0.82775		0.89175		0.85856		0.7075
975		4084.19		0.93943		0.94489		0.85788		0.83254		0.89691		0.86352		0.71786
976		4086.2		0.94111		0.9464		0.85788		0.83575		0.89175		0.86284		0.71733
977		4087.51		0.94282		0.94776		0.85788		0.82938		0.90206		0.8642		0.71848
978		4088.65		0.94445		0.94943		0.86305		0.85075		0.88144		0.86582		0.72655
979		4089.74		0.94466		0.95019		0.8553		0.82243		0.90722		0.86275		0.71434
980		4090.83		0.94584		0.95113		0.87597		0.86869		0.8866		0.87755		0.75208
981		4092.11		0.94423		0.95011		0.8553		0.82243		0.90722		0.86275		0.71434
982		4093.19		0.94431		0.95053		0.86563		0.8381		0.90722		0.87129		0.73372
983		4094.3		0.94471		0.95084		0.86822		0.84211		0.90722		0.87345		0.7386
984		4095.4		0.94626		0.95214		0.8708		0.84951		0.90206		0.875		0.74299
985		4096.61		0.94765		0.95304		0.85788		0.82629		0.90722		0.86486		0.71917
986		4097.76		0.94952		0.95483		0.88372		0.87437		0.89691		0.8855		0.76768
987		4099.06		0.94888		0.95453		0.86822		0.83256		0.92268		0.87531		0.74074
988		4100.68		0.9499		0.95574		0.88372		0.87065		0.90206		0.88608		0.76792
AUC improved at epoch  988 ;	best_auc: 0.9498958388974948
989		4102.2		0.94859		0.95514		0.86563		0.83178		0.91753		0.87255		0.73513
990		4103.91		0.94808		0.95459		0.87597		0.85437		0.90722		0.88		0.75335
991		4106.08		0.94907		0.95501		0.8708		0.86		0.8866		0.8731		0.74194
992		4107.25		0.94907		0.95494		0.85788		0.81735		0.92268		0.86683		0.72172
993		4108.52		0.95195		0.95713		0.8863		0.89062		0.88144		0.88601		0.77266
AUC improved at epoch  993 ;	best_auc: 0.9519523529725976
994		4109.83		0.95144		0.95687		0.8708		0.84615		0.90722		0.87562		0.7435
995		4111.0		0.95088		0.95674		0.86305		0.82488		0.92268		0.87105		0.7312
996		4112.17		0.95257		0.95808		0.88372		0.88205		0.8866		0.88432		0.76745
AUC improved at epoch  996 ;	best_auc: 0.9525666363976284
997		4113.3		0.95091		0.95699		0.87339		0.85366		0.90206		0.87719		0.74794
998		4114.53		0.9495		0.95593		0.85013		0.80909		0.91753		0.8599		0.70656
999		4115.62		0.95027		0.95613		0.88372		0.88601		0.88144		0.88372		0.76745
1000		4116.74		0.95		0.95585		0.8708		0.86		0.8866		0.8731		0.74194
fold: 3
Epoch		Time		AUC		AUPR		Accuracy		Precision		Recall		F1-score		Mcc
1		4119.59		0.80271		0.77996		0.54522		0.94737		0.09326		0.16981		0.20389
AUC improved at epoch  1 ;	best_auc: 0.8027081886651353
2		4120.75		0.81335		0.78316		0.71576		0.77124		0.6114		0.68208		0.44075
AUC improved at epoch  2 ;	best_auc: 0.8133513167031676
3		4121.98		0.81059		0.78027		0.73385		0.73438		0.73057		0.73247		0.4677
4		4123.21		0.80645		0.77596		0.71318		0.72527		0.68394		0.704		0.42696
5		4124.55		0.80319		0.77515		0.70284		0.72674		0.64767		0.68493		0.40792
6		4125.84		0.80129		0.7739		0.69767		0.72093		0.64249		0.67945		0.39752
7		4126.98		0.79905		0.76721		0.70801		0.72222		0.67358		0.69705		0.41686
8		4128.14		0.79649		0.75991		0.71835		0.72826		0.6943		0.71088		0.43709
9		4129.62		0.79542		0.75652		0.70543		0.71351		0.68394		0.69841		0.41114
10		4131.16		0.79737		0.75565		0.70026		0.72		0.65285		0.68478		0.40211
11		4132.75		0.79918		0.75714		0.69509		0.72189		0.63212		0.67403		0.39302
12		4134.65		0.79996		0.75667		0.69767		0.72353		0.63731		0.67769		0.39798
13		4136.37		0.80188		0.76213		0.69509		0.7193		0.63731		0.67582		0.39254
14		4138.11		0.80511		0.77005		0.69509		0.7193		0.63731		0.67582		0.39254
15		4139.64		0.81112		0.78048		0.70026		0.72781		0.63731		0.67956		0.40344
16		4140.9		0.81705		0.78836		0.70543		0.72067		0.66839		0.69355		0.41182
AUC improved at epoch  16 ;	best_auc: 0.8170503712408526
17		4142.1		0.8248		0.79384		0.74419		0.735		0.76166		0.74809		0.48874
AUC improved at epoch  17 ;	best_auc: 0.8247956839912397
18		4143.49		0.83575		0.80459		0.78295		0.77665		0.79275		0.78462		0.56603
AUC improved at epoch  18 ;	best_auc: 0.8357459537417874
19		4144.78		0.84333		0.81174		0.79328		0.79581		0.78756		0.79167		0.58658
AUC improved at epoch  19 ;	best_auc: 0.8433310186421665
20		4146.21		0.84598		0.8115		0.78811		0.76555		0.82902		0.79602		0.57829
AUC improved at epoch  20 ;	best_auc: 0.8459751081672988
21		4147.9		0.84672		0.81194		0.79328		0.77561		0.82383		0.79899		0.58776
AUC improved at epoch  21 ;	best_auc: 0.8467229314673361
22		4149.45		0.84862		0.81549		0.77778		0.7772		0.7772		0.7772		0.55555
AUC improved at epoch  22 ;	best_auc: 0.8486191976924309
23		4150.76		0.84744		0.80815		0.79845		0.75785		0.87565		0.8125		0.60436
24		4151.95		0.8491		0.81143		0.78036		0.78421		0.77202		0.77807		0.56077
AUC improved at epoch  24 ;	best_auc: 0.849099941242455
25		4153.58		0.84923		0.80884		0.78811		0.78173		0.79793		0.78974		0.57637
AUC improved at epoch  25 ;	best_auc: 0.8492334811174618
26		4155.14		0.84982		0.80902		0.78811		0.76303		0.8342		0.79703		0.57884
AUC improved at epoch  26 ;	best_auc: 0.8498210565674912
27		4156.49		0.85153		0.81089		0.79587		0.77143		0.83938		0.80397		0.59412
AUC improved at epoch  27 ;	best_auc: 0.8515303669675766
28		4157.78		0.85401		0.8142		0.77778		0.77436		0.78238		0.77835		0.55559
AUC improved at epoch  28 ;	best_auc: 0.8540142086427007
29		4158.97		0.85519		0.8148		0.7907		0.77451		0.81865		0.79597		0.5824
AUC improved at epoch  29 ;	best_auc: 0.8551893595427594
30		4160.1		0.85532		0.81486		0.79845		0.76498		0.8601		0.80976		0.60167
AUC improved at epoch  30 ;	best_auc: 0.8553228994177662
31		4161.34		0.85599		0.8158		0.80103		0.77358		0.84974		0.80988		0.60509
AUC improved at epoch  31 ;	best_auc: 0.8559905987927996
32		4162.73		0.85652		0.8161		0.78553		0.775		0.80311		0.7888		0.57147
AUC improved at epoch  32 ;	best_auc: 0.8565247582928264
33		4164.31		0.85618		0.81536		0.79328		0.77561		0.82383		0.79899		0.58776
34		4165.98		0.8561		0.81454		0.80103		0.77358		0.84974		0.80988		0.60509
35		4167.46		0.85701		0.81462		0.7907		0.76923		0.82902		0.798		0.58323
AUC improved at epoch  35 ;	best_auc: 0.8570055018428504
36		4169.54		0.85888		0.81626		0.79328		0.78109		0.81347		0.79695		0.58711
AUC improved at epoch  36 ;	best_auc: 0.8588750600929438
37		4170.94		0.86032		0.81829		0.80362		0.77725		0.84974		0.81188		0.60997
AUC improved at epoch  37 ;	best_auc: 0.8603172907430159
38		4172.17		0.86109		0.8188		0.80103		0.77103		0.85492		0.81081		0.60575
AUC improved at epoch  38 ;	best_auc: 0.8610918220180546
39		4173.39		0.862		0.82022		0.80103		0.77619		0.84456		0.80893		0.60449
AUC improved at epoch  39 ;	best_auc: 0.8619998931681
40		4174.76		0.86269		0.82298		0.80103		0.78155		0.8342		0.80702		0.6035
AUC improved at epoch  40 ;	best_auc: 0.8626943005181348
41		4176.38		0.86379		0.82535		0.80103		0.77358		0.84974		0.80988		0.60509
AUC improved at epoch  41 ;	best_auc: 0.8637893274931894
42		4177.69		0.86344		0.82397		0.79845		0.77251		0.84456		0.80693		0.59959
43		4179.32		0.86427		0.82587		0.79845		0.78049		0.82902		0.80402		0.59811
AUC improved at epoch  43 ;	best_auc: 0.8642700710432134
44		4180.95		0.8644		0.82439		0.79328		0.77033		0.8342		0.801		0.58866
AUC improved at epoch  44 ;	best_auc: 0.8644036109182202
45		4182.56		0.86569		0.82623		0.80103		0.78155		0.8342		0.80702		0.6035
AUC improved at epoch  45 ;	best_auc: 0.8656855937182844
46		4184.42		0.86742		0.82821		0.80103		0.78713		0.82383		0.80506		0.60276
AUC improved at epoch  46 ;	best_auc: 0.8674216120933711
47		4185.75		0.86841		0.83017		0.80879		0.77934		0.8601		0.81773		0.62099
AUC improved at epoch  47 ;	best_auc: 0.8684098071684204
48		4186.99		0.86956		0.83258		0.79587		0.77404		0.8342		0.80299		0.5936
AUC improved at epoch  48 ;	best_auc: 0.8695582500934779
49		4188.26		0.8698		0.83393		0.79845		0.77512		0.83938		0.80597		0.59903
AUC improved at epoch  49 ;	best_auc: 0.8697986218684899
50		4189.5		0.86937		0.83347		0.80362		0.78261		0.83938		0.81		0.6089
51		4190.66		0.8695		0.83381		0.80103		0.79		0.81865		0.80407		0.6025
52		4191.75		0.86905		0.83372		0.7907		0.75688		0.85492		0.80292		0.58644
53		4192.95		0.87169		0.83751		0.79328		0.7868		0.80311		0.79487		0.58671
AUC improved at epoch  53 ;	best_auc: 0.8716948880935848
54		4194.25		0.8718		0.83755		0.7907		0.78866		0.79275		0.7907		0.58141
AUC improved at epoch  54 ;	best_auc: 0.8718017199935901
55		4195.73		0.87258		0.83842		0.79328		0.76777		0.83938		0.80198		0.58921
AUC improved at epoch  55 ;	best_auc: 0.8725762512686288
56		4197.86		0.87514		0.84208		0.7907		0.77184		0.82383		0.79699		0.58278
AUC improved at epoch  56 ;	best_auc: 0.875140216868757
57		4199.5		0.87712		0.84461		0.79587		0.79381		0.79793		0.79587		0.59174
AUC improved at epoch  57 ;	best_auc: 0.8771166070188557
58		4200.63		0.8773		0.84549		0.8062		0.76339		0.88601		0.82014		0.62057
AUC improved at epoch  58 ;	best_auc: 0.8773035628438652
59		4201.78		0.87928		0.84765		0.79587		0.785		0.81347		0.79898		0.59215
AUC improved at epoch  59 ;	best_auc: 0.879279952993964
60		4202.9		0.88005		0.84976		0.79845		0.81768		0.76684		0.79144		0.59798
AUC improved at epoch  60 ;	best_auc: 0.8800544842690028
61		4204.17		0.88211		0.8524		0.8062		0.7783		0.85492		0.81481		0.61547
AUC improved at epoch  61 ;	best_auc: 0.8821109983441054
62		4205.29		0.88419		0.85546		0.80362		0.77725		0.84974		0.81188		0.60997
AUC improved at epoch  62 ;	best_auc: 0.8841942203942097
63		4206.48		0.88532		0.85698		0.80362		0.81967		0.7772		0.79787		0.60799
AUC improved at epoch  63 ;	best_auc: 0.8853159553442658
64		4208.22		0.88526		0.85679		0.80879		0.77934		0.8601		0.81773		0.62099
65		4210.29		0.88841		0.85974		0.81137		0.78846		0.84974		0.81796		0.62469
AUC improved at epoch  65 ;	best_auc: 0.8884140804444207
66		4212.09		0.89092		0.86426		0.80879		0.8324		0.77202		0.80108		0.61912
AUC improved at epoch  66 ;	best_auc: 0.8909246300945461
67		4213.96		0.88889		0.86206		0.80362		0.78261		0.83938		0.81		0.6089
68		4215.09		0.88932		0.86604		0.80362		0.77209		0.8601		0.81373		0.61131
69		4216.25		0.89287		0.87123		0.80879		0.83616		0.76684		0.8		0.61961
AUC improved at epoch  69 ;	best_auc: 0.8928743122696439
70		4217.52		0.89437		0.87368		0.81137		0.80303		0.82383		0.8133		0.62297
AUC improved at epoch  70 ;	best_auc: 0.8943699588697185
71		4218.72		0.89458		0.87253		0.81654		0.77477		0.89119		0.82892		0.64044
AUC improved at epoch  71 ;	best_auc: 0.8945836226697292
72		4219.89		0.89498		0.87564		0.80879		0.81818		0.79275		0.80526		0.61784
AUC improved at epoch  72 ;	best_auc: 0.8949842422947493
73		4221.02		0.89755		0.88087		0.81395		0.82011		0.80311		0.81152		0.62802
AUC improved at epoch  73 ;	best_auc: 0.8975482078948774
74		4222.18		0.89899		0.8826		0.81912		0.7971		0.85492		0.825		0.63998
AUC improved at epoch  74 ;	best_auc: 0.8989904385449495
75		4224.29		0.89811		0.88283		0.81654		0.805		0.8342		0.81934		0.63352
76		4225.88		0.90041		0.88618		0.81654		0.83152		0.79275		0.81167		0.63371
AUC improved at epoch  76 ;	best_auc: 0.9004059612200204
77		4228.14		0.90321		0.88878		0.80879		0.81481		0.79793		0.80628		0.61768
AUC improved at epoch  77 ;	best_auc: 0.9032102985951604
78		4229.49		0.90479		0.89135		0.82429		0.81726		0.8342		0.82564		0.64873
AUC improved at epoch  78 ;	best_auc: 0.9047860691202392
79		4231.2		0.90487		0.89025		0.80879		0.81481		0.79793		0.80628		0.61768
AUC improved at epoch  79 ;	best_auc: 0.9048661930452433
80		4232.57		0.91146		0.89738		0.82687		0.82812		0.82383		0.82597		0.65375
AUC improved at epoch  80 ;	best_auc: 0.9114630628705731
81		4233.86		0.91451		0.90122		0.82687		0.81818		0.83938		0.82864		0.65399
AUC improved at epoch  81 ;	best_auc: 0.9145077720207253
82		4235.02		0.91283		0.90163		0.81912		0.82888		0.80311		0.81579		0.63852
83		4236.2		0.91632		0.90487		0.82687		0.8		0.87047		0.83375		0.65636
AUC improved at epoch  83 ;	best_auc: 0.9163239143208162
84		4237.44		0.91958		0.90889		0.83204		0.82		0.84974		0.83461		0.66455
AUC improved at epoch  84 ;	best_auc: 0.9195822872709791
85		4238.66		0.92292		0.91401		0.82946		0.84324		0.80829		0.8254		0.65944
AUC improved at epoch  85 ;	best_auc: 0.9229207841461461
86		4240.04		0.92268		0.91276		0.83979		0.81043		0.88601		0.84653		0.68262
87		4241.17		0.92722		0.91702		0.85013		0.85714		0.83938		0.84817		0.70039
AUC improved at epoch  87 ;	best_auc: 0.927220768121361
88		4242.47		0.93032		0.92213		0.8553		0.8186		0.91192		0.86275		0.71531
AUC improved at epoch  88 ;	best_auc: 0.930318893221516
89		4243.89		0.93077		0.9245		0.83721		0.88235		0.7772		0.82645		0.67913
AUC improved at epoch  89 ;	best_auc: 0.9307729287965386
90		4245.78		0.93075		0.92351		0.83721		0.77311		0.95337		0.85383		0.69361
91		4246.96		0.93435		0.92917		0.84755		0.85638		0.8342		0.84514		0.6953
AUC improved at epoch  91 ;	best_auc: 0.9343517974467175
92		4248.17		0.93641		0.93125		0.85788		0.87912		0.82902		0.85333		0.71688
AUC improved at epoch  92 ;	best_auc: 0.9364083115218205
93		4250.01		0.93724		0.93052		0.87597		0.85024		0.91192		0.88		0.75396
AUC improved at epoch  93 ;	best_auc: 0.9372362587468618
94		4251.69		0.93577		0.92803		0.86305		0.84314		0.89119		0.8665		0.72731
95		4252.83		0.93595		0.92794		0.85788		0.85204		0.86528		0.85861		0.71586
96		4254.01		0.93785		0.93039		0.85271		0.84		0.87047		0.85496		0.70591
AUC improved at epoch  96 ;	best_auc: 0.9378505421718926
97		4255.25		0.9413		0.93335		0.86822		0.84804		0.89637		0.87154		0.73766
AUC improved at epoch  97 ;	best_auc: 0.9412958709470648
98		4256.46		0.93999		0.93148		0.86563		0.89385		0.82902		0.86022		0.73314
99		4257.73		0.94375		0.93444		0.87597		0.84038		0.92746		0.88177		0.75605
AUC improved at epoch  99 ;	best_auc: 0.9437530046471877
100		4259.4		0.94258		0.93363		0.85788		0.85567		0.8601		0.85788		0.71577
101		4260.96		0.9437		0.93227		0.85788		0.85567		0.8601		0.85788		0.71577
102		4262.18		0.94658		0.93838		0.8708		0.82949		0.93264		0.87805		0.74745
AUC improved at epoch  102 ;	best_auc: 0.9465840499973291
103		4263.42		0.948		0.94047		0.87597		0.8877		0.8601		0.87368		0.75228
AUC improved at epoch  103 ;	best_auc: 0.9479995726724
104		4264.76		0.94827		0.94078		0.88372		0.87		0.90155		0.8855		0.76796
AUC improved at epoch  104 ;	best_auc: 0.9482666524224133
105		4266.1		0.94666		0.93895		0.86822		0.8287		0.92746		0.87531		0.74177
106		4267.56		0.94375		0.93557		0.88372		0.88947		0.87565		0.88251		0.76752
107		4269.18		0.94824		0.93987		0.87855		0.85096		0.9171		0.88279		0.75944
108		4270.8		0.95054		0.94292		0.8708		0.82949		0.93264		0.87805		0.74745
AUC improved at epoch  108 ;	best_auc: 0.9505368302975269
109		4272.02		0.95177		0.94428		0.87855		0.89674		0.85492		0.87533		0.7579
AUC improved at epoch  109 ;	best_auc: 0.9517653971475882
110		4273.43		0.94893		0.94201		0.86822		0.85859		0.88083		0.86957		0.7367
111		4275.05		0.94856		0.94185		0.87855		0.85437		0.91192		0.88221		0.75886
112		4276.52		0.94821		0.94024		0.8863		0.867		0.91192		0.88889		0.77367
113		4277.93		0.95153		0.94394		0.87855		0.865		0.89637		0.88041		0.75762
114		4279.61		0.9539		0.94677		0.87855		0.86869		0.89119		0.8798		0.75737
AUC improved at epoch  114 ;	best_auc: 0.953902035147695
115		4281.86		0.95187		0.94649		0.88114		0.89305		0.86528		0.87895		0.76262
116		4283.66		0.946		0.94123		0.86563		0.85787		0.87565		0.86667		0.73143
117		4284.86		0.94528		0.93853		0.87339		0.86364		0.88601		0.87468		0.74703
118		4285.99		0.95043		0.94234		0.88889		0.875		0.90674		0.89059		0.77831
119		4287.25		0.95615		0.94891		0.88889		0.86058		0.92746		0.89277		0.78017
AUC improved at epoch  119 ;	best_auc: 0.9561455050478073
120		4288.38		0.95724		0.95061		0.89664		0.91803		0.87047		0.89362		0.79431
AUC improved at epoch  120 ;	best_auc: 0.957240532022862
121		4289.58		0.95235		0.94812		0.86563		0.83412		0.91192		0.87129		0.73451
122		4290.74		0.95209		0.94694		0.89147		0.91713		0.8601		0.8877		0.78442
123		4292.01		0.95372		0.94743		0.89922		0.87745		0.92746		0.90176		0.79977
124		4293.6		0.95254		0.94654		0.87597		0.83721		0.93264		0.88235		0.75691
125		4295.11		0.95155		0.94839		0.89147		0.92655		0.84974		0.88649		0.78559
126		4296.62		0.95257		0.95163		0.89406		0.88384		0.90674		0.89514		0.78839
127		4297.86		0.95619		0.9537		0.88114		0.84186		0.93782		0.88725		0.76731
128		4298.98		0.95599		0.95121		0.89406		0.9		0.88601		0.89295		0.7882
129		4300.06		0.95417		0.94862		0.90181		0.90576		0.89637		0.90104		0.80365
130		4301.14		0.95524		0.94998		0.88889		0.85714		0.93264		0.8933		0.78084
131		4302.45		0.95318		0.94901		0.89147		0.87562		0.91192		0.8934		0.78364
132		4303.54		0.95396		0.95103		0.89147		0.90374		0.87565		0.88947		0.7833
133		4304.65		0.95639		0.95289		0.89664		0.89231		0.90155		0.89691		0.79333
134		4305.76		0.95703		0.95239		0.88889		0.85377		0.93782		0.89383		0.78161
135		4306.87		0.95556		0.9492		0.89664		0.89231		0.90155		0.89691		0.79333
136		4308.66		0.95454		0.94793		0.89664		0.89231		0.90155		0.89691		0.79333
137		4310.9		0.95373		0.94844		0.90181		0.88557		0.92228		0.90355		0.80432
138		4312.08		0.9558		0.95233		0.89664		0.89637		0.89637		0.89637		0.79328
139		4313.24		0.95898		0.95558		0.90181		0.89744		0.90674		0.90206		0.80366
AUC improved at epoch  139 ;	best_auc: 0.9589765503979487
140		4314.63		0.96007		0.95619		0.90181		0.88945		0.9171		0.90306		0.80402
AUC improved at epoch  140 ;	best_auc: 0.9600715773730036
141		4315.84		0.96031		0.95672		0.90439		0.88235		0.93264		0.9068		0.81012
AUC improved at epoch  141 ;	best_auc: 0.9603119491480155
142		4317.11		0.95655		0.95288		0.89406		0.87255		0.92228		0.89673		0.78942
143		4318.2		0.95473		0.95168		0.88889		0.86408		0.92228		0.89223		0.77958
144		4319.26		0.95311		0.95025		0.88372		0.85922		0.9171		0.88722		0.76922
145		4320.44		0.95494		0.95217		0.89664		0.88442		0.91192		0.89796		0.79368
146		4321.7		0.95724		0.955		0.90181		0.89744		0.90674		0.90206		0.80366
147		4322.96		0.9584		0.9568		0.89406		0.86893		0.92746		0.89724		0.78993
148		4324.2		0.96012		0.95795		0.90956		0.90722		0.91192		0.90956		0.81913
149		4325.97		0.95996		0.958		0.91214		0.91192		0.91192		0.91192		0.82429
150		4327.55		0.95887		0.95608		0.89664		0.87317		0.92746		0.8995		0.79484
151		4329.3		0.95791		0.95537		0.89664		0.87317		0.92746		0.8995		0.79484
152		4330.91		0.95692		0.95496		0.90181		0.8934		0.91192		0.90256		0.8038
153		4332.06		0.95645		0.95503		0.90439		0.89796		0.91192		0.90488		0.80889
154		4333.77		0.95525		0.95419		0.89664		0.87685		0.92228		0.89899		0.79437
155		4335.15		0.95414		0.95325		0.90698		0.89447		0.92228		0.90816		0.81436
156		4336.77		0.95552		0.9547		0.90956		0.90306		0.9171		0.91003		0.81923
157		4338.03		0.95621		0.95438		0.90439		0.90206		0.90674		0.90439		0.8088
158		4339.51		0.95831		0.95705		0.90439		0.89394		0.9171		0.90537		0.80907
159		4341.25		0.95863		0.9585		0.89922		0.88119		0.92228		0.90127		0.79934
160		4342.97		0.95864		0.95875		0.91473		0.9		0.93264		0.91603		0.83002
161		4344.67		0.95832		0.95743		0.90956		0.89109		0.93264		0.91139		0.82003
162		4345.79		0.95784		0.95593		0.91214		0.90769		0.9171		0.91237		0.82434
163		4347.05		0.95789		0.9557		0.9199		0.92632		0.91192		0.91906		0.83989
164		4348.22		0.9568		0.95044		0.91473		0.90404		0.92746		0.9156		0.82974
165		4349.34		0.95583		0.94862		0.89922		0.87745		0.92746		0.90176		0.79977
166		4350.6		0.95641		0.95074		0.90439		0.88235		0.93264		0.9068		0.81012
167		4351.83		0.95599		0.94863		0.90439		0.89		0.92228		0.90585		0.80933
168		4352.95		0.95637		0.9499		0.91214		0.90355		0.92228		0.91282		0.82447
169		4354.07		0.95719		0.95268		0.90956		0.89899		0.92228		0.91049		0.81941
170		4355.19		0.95836		0.95223		0.91731		0.90863		0.92746		0.91795		0.83481
171		4356.49		0.95912		0.95635		0.9199		0.91327		0.92746		0.92031		0.8399
172		4358.25		0.95891		0.95589		0.91731		0.91282		0.92228		0.91753		0.83467
173		4359.8		0.95823		0.95511		0.91731		0.92147		0.91192		0.91667		0.83466
174		4360.94		0.95791		0.95511		0.91214		0.90769		0.9171		0.91237		0.82434
175		4362.11		0.95789		0.95596		0.91214		0.89552		0.93264		0.91371		0.82501
176		4363.46		0.95696		0.95661		0.90181		0.88557		0.92228		0.90355		0.80432
177		4364.59		0.9551		0.95511		0.90181		0.88945		0.9171		0.90306		0.80402
178		4365.7		0.95453		0.95471		0.90439		0.89796		0.91192		0.90488		0.80889
179		4366.86		0.95477		0.95405		0.90698		0.90256		0.91192		0.90722		0.814
180		4368.73		0.95496		0.95377		0.90956		0.89899		0.92228		0.91049		0.81941
181		4370.23		0.95565		0.95409		0.90956		0.89899		0.92228		0.91049		0.81941
182		4371.39		0.95611		0.95452		0.91473		0.90816		0.92228		0.91517		0.82956
183		4372.94		0.95753		0.95607		0.91214		0.90769		0.9171		0.91237		0.82434
184		4374.56		0.95761		0.95462		0.91214		0.8995		0.92746		0.91327		0.8247
185		4375.93		0.95775		0.95513		0.90698		0.89055		0.92746		0.90863		0.81467
186		4377.55		0.95724		0.95489		0.90439		0.88235		0.93264		0.9068		0.81012
187		4379.04		0.95732		0.95546		0.90439		0.88614		0.92746		0.90633		0.80968
188		4380.32		0.95787		0.95582		0.90956		0.89899		0.92228		0.91049		0.81941
189		4381.58		0.95788		0.95617		0.91473		0.90816		0.92228		0.91517		0.82956
190		4382.67		0.95835		0.95684		0.91731		0.90863		0.92746		0.91795		0.83481
191		4383.82		0.9587		0.95713		0.91214		0.8995		0.92746		0.91327		0.8247
192		4384.93		0.95839		0.95614		0.90956		0.89899		0.92228		0.91049		0.81941
193		4386.14		0.95828		0.9558		0.91473		0.9		0.93264		0.91603		0.83002
194		4387.6		0.95788		0.95484		0.91731		0.90452		0.93264		0.91837		0.83504
195		4389.15		0.95787		0.95687		0.91731		0.90863		0.92746		0.91795		0.83481
196		4390.3		0.95713		0.95458		0.91473		0.90816		0.92228		0.91517		0.82956
197		4391.52		0.95684		0.95481		0.90956		0.90306		0.9171		0.91003		0.81923
198		4392.64		0.95591		0.95445		0.90956		0.91146		0.90674		0.90909		0.81913
199		4393.74		0.95492		0.95374		0.91214		0.90769		0.9171		0.91237		0.82434
200		4394.8		0.95464		0.95379		0.90698		0.89447		0.92228		0.90816		0.81436
201		4396.44		0.95442		0.95358		0.90698		0.8867		0.93264		0.90909		0.81507
202		4398.03		0.95542		0.95438		0.91214		0.8995		0.92746		0.91327		0.8247
203		4400.02		0.95632		0.95433		0.91731		0.91282		0.92228		0.91753		0.83467
204		4401.66		0.95691		0.9542		0.9199		0.92632		0.91192		0.91906		0.83989
205		4403.29		0.95669		0.95418		0.91214		0.92063		0.90155		0.91099		0.82446
206		4404.6		0.95672		0.9541		0.91731		0.90863		0.92746		0.91795		0.83481
207		4405.73		0.95587		0.95411		0.90181		0.87805		0.93264		0.90452		0.8052
208		4406.86		0.95565		0.95416		0.89922		0.87019		0.93782		0.90274		0.8009
209		4408.0		0.95643		0.95497		0.90956		0.88725		0.93782		0.91184		0.82047
210		4409.24		0.95683		0.95559		0.90698		0.89447		0.92228		0.90816		0.81436
211		4410.42		0.95645		0.9549		0.90698		0.89447		0.92228		0.90816		0.81436
212		4411.52		0.95669		0.95684		0.90439		0.89394		0.9171		0.90537		0.80907
213		4412.61		0.95693		0.95694		0.90698		0.89447		0.92228		0.90816		0.81436
214		4413.76		0.95716		0.9574		0.90956		0.89109		0.93264		0.91139		0.82003
215		4415.15		0.95635		0.95644		0.90181		0.87805		0.93264		0.90452		0.8052
216		4416.85		0.95496		0.95493		0.90439		0.88614		0.92746		0.90633		0.80968
217		4418.27		0.95412		0.95341		0.89922		0.89286		0.90674		0.89974		0.79855
218		4419.39		0.95362		0.95244		0.90181		0.89744		0.90674		0.90206		0.80366
219		4420.71		0.95394		0.95279		0.90181		0.88945		0.9171		0.90306		0.80402
220		4421.88		0.95501		0.95423		0.89922		0.885		0.9171		0.90076		0.79899
221		4423.5		0.9557		0.95505		0.89664		0.8806		0.9171		0.89848		0.79398
222		4425.21		0.95693		0.95628		0.90439		0.88614		0.92746		0.90633		0.80968
223		4426.31		0.95791		0.95602		0.91214		0.90355		0.92228		0.91282		0.82447
224		4427.99		0.9586		0.95654		0.91731		0.91282		0.92228		0.91753		0.83467
225		4429.75		0.95886		0.95679		0.92248		0.91795		0.92746		0.92268		0.84501
226		4431.15		0.95906		0.95687		0.9199		0.905		0.93782		0.92112		0.84036
227		4432.92		0.95904		0.95677		0.91731		0.9005		0.93782		0.91878		0.83536
228		4434.14		0.95854		0.95615		0.91473		0.89216		0.94301		0.91688		0.83082
229		4435.34		0.95757		0.95504		0.90956		0.89109		0.93264		0.91139		0.82003
230		4436.45		0.95743		0.95453		0.91214		0.89552		0.93264		0.91371		0.82501
231		4437.64		0.95703		0.9544		0.90956		0.89899		0.92228		0.91049		0.81941
232		4438.75		0.95675		0.95492		0.90698		0.8867		0.93264		0.90909		0.81507
233		4439.97		0.95659		0.95517		0.90181		0.87805		0.93264		0.90452		0.8052
234		4441.15		0.95736		0.95698		0.91214		0.8995		0.92746		0.91327		0.8247
235		4442.36		0.95767		0.95763		0.91473		0.90816		0.92228		0.91517		0.82956
236		4443.72		0.95842		0.95933		0.91473		0.90816		0.92228		0.91517		0.82956
237		4445.18		0.958		0.95885		0.91731		0.91282		0.92228		0.91753		0.83467
238		4447.1		0.95848		0.95887		0.91214		0.90355		0.92228		0.91282		0.82447
239		4448.2		0.9585		0.95809		0.90956		0.895		0.92746		0.91094		0.81967
240		4449.29		0.95787		0.95778		0.89922		0.88119		0.92228		0.90127		0.79934
241		4450.45		0.95672		0.95592		0.90698		0.89447		0.92228		0.90816		0.81436
242		4451.69		0.95637		0.95516		0.90956		0.90722		0.91192		0.90956		0.81913
243		4452.79		0.95611		0.95476		0.90439		0.89394		0.9171		0.90537		0.80907
244		4453.88		0.95588		0.95384		0.91214		0.89552		0.93264		0.91371		0.82501
245		4455.01		0.95542		0.95254		0.91214		0.89552		0.93264		0.91371		0.82501
246		4456.6		0.95513		0.95128		0.90956		0.895		0.92746		0.91094		0.81967
247		4458.37		0.9554		0.95138		0.90956		0.895		0.92746		0.91094		0.81967
248		4460.44		0.95601		0.95158		0.91214		0.90355		0.92228		0.91282		0.82447
249		4461.73		0.95669		0.954		0.90956		0.89899		0.92228		0.91049		0.81941
250		4463.27		0.95667		0.95404		0.91214		0.90769		0.9171		0.91237		0.82434
251		4464.77		0.9562		0.95471		0.90956		0.90722		0.91192		0.90956		0.81913
252		4466.36		0.95587		0.95443		0.91214		0.90769		0.9171		0.91237		0.82434
253		4468.21		0.956		0.95515		0.90698		0.89447		0.92228		0.90816		0.81436
254		4469.35		0.95542		0.95497		0.90698		0.89848		0.9171		0.90769		0.81414
255		4470.59		0.95428		0.95378		0.90698		0.89848		0.9171		0.90769		0.81414
256		4471.78		0.95528		0.95526		0.90698		0.89848		0.9171		0.90769		0.81414
257		4473.45		0.95588		0.95591		0.91731		0.9171		0.9171		0.9171		0.83462
258		4475.07		0.95675		0.95705		0.91214		0.91192		0.91192		0.91192		0.82429
259		4476.3		0.95717		0.95716		0.90956		0.90722		0.91192		0.90956		0.81913
260		4477.5		0.95732		0.9571		0.91214		0.8995		0.92746		0.91327		0.8247
261		4478.66		0.95769		0.95752		0.90956		0.89109		0.93264		0.91139		0.82003
262		4479.77		0.95699		0.95681		0.90439		0.88235		0.93264		0.9068		0.81012
263		4481.56		0.95608		0.95578		0.90698		0.89447		0.92228		0.90816		0.81436
264		4483.07		0.95545		0.95515		0.90956		0.90306		0.9171		0.91003		0.81923
265		4484.19		0.9555		0.9556		0.9199		0.92188		0.9171		0.91948		0.8398
266		4485.38		0.95617		0.95648		0.92506		0.93158		0.9171		0.92428		0.85022
267		4486.7		0.95669		0.95711		0.9199		0.92632		0.91192		0.91906		0.83989
268		4487.81		0.957		0.95708		0.91214		0.90355		0.92228		0.91282		0.82447
269		4489.04		0.95793		0.95749		0.9199		0.905		0.93782		0.92112		0.84036
270		4490.17		0.95862		0.9579		0.91473		0.89604		0.93782		0.91646		0.83038
271		4491.4		0.95888		0.95757		0.90956		0.88725		0.93782		0.91184		0.82047
272		4492.51		0.95934		0.95808		0.90439		0.87864		0.93782		0.90727		0.81065
273		4494.29		0.95919		0.95645		0.91214		0.89552		0.93264		0.91371		0.82501
274		4496.19		0.95911		0.95793		0.90956		0.89899		0.92228		0.91049		0.81941
275		4497.82		0.95859		0.95735		0.91214		0.90355		0.92228		0.91282		0.82447
276		4499.13		0.95752		0.95614		0.91214		0.91192		0.91192		0.91192		0.82429
277		4500.26		0.9562		0.9546		0.91473		0.91667		0.91192		0.91429		0.82947
278		4501.38		0.9557		0.95501		0.91473		0.91237		0.9171		0.91473		0.82947
279		4502.53		0.95584		0.95503		0.91473		0.91237		0.9171		0.91473		0.82947
280		4503.8		0.95671		0.9557		0.90956		0.90306		0.9171		0.91003		0.81923
281		4505.13		0.95773		0.95677		0.91473		0.90404		0.92746		0.9156		0.82974
282		4506.29		0.95851		0.95732		0.92248		0.91795		0.92746		0.92268		0.84501
283		4507.54		0.95951		0.95854		0.92506		0.91837		0.93264		0.92545		0.85024
284		4508.91		0.9598		0.95878		0.92506		0.91837		0.93264		0.92545		0.85024
285		4510.91		0.95976		0.95847		0.91731		0.90452		0.93264		0.91837		0.83504
286		4512.21		0.95943		0.95795		0.9199		0.90909		0.93264		0.92072		0.84008
287		4513.45		0.95954		0.95811		0.91731		0.90863		0.92746		0.91795		0.83481
288		4514.72		0.9595		0.95801		0.91731		0.90863		0.92746		0.91795		0.83481
289		4516.08		0.9596		0.95848		0.91731		0.90863		0.92746		0.91795		0.83481
290		4517.29		0.95911		0.95826		0.9199		0.90909		0.93264		0.92072		0.84008
291		4518.51		0.95819		0.9575		0.9199		0.90909		0.93264		0.92072		0.84008
292		4519.97		0.95858		0.95814		0.92248		0.91371		0.93264		0.92308		0.84515
293		4521.76		0.95791		0.95737		0.9199		0.91327		0.92746		0.92031		0.8399
294		4523.7		0.95771		0.95668		0.9199		0.905		0.93782		0.92112		0.84036
295		4524.92		0.95827		0.95728		0.9199		0.905		0.93782		0.92112		0.84036
296		4526.5		0.95855		0.95758		0.92506		0.91414		0.93782		0.92583		0.85042
297		4528.12		0.95914		0.95815		0.93023		0.92347		0.93782		0.93059		0.86057
298		4529.81		0.95944		0.95851		0.92248		0.91795		0.92746		0.92268		0.84501
299		4531.45		0.95927		0.95828		0.92248		0.91371		0.93264		0.92308		0.84515
300		4532.97		0.95888		0.95816		0.9199		0.90909		0.93264		0.92072		0.84008
301		4534.42		0.95771		0.95698		0.92248		0.91795		0.92746		0.92268		0.84501
302		4535.65		0.95745		0.95705		0.91473		0.90404		0.92746		0.9156		0.82974
303		4537.03		0.95668		0.9557		0.91731		0.90452		0.93264		0.91837		0.83504
304		4538.33		0.95553		0.95447		0.91473		0.90404		0.92746		0.9156		0.82974
305		4539.44		0.95522		0.95529		0.91473		0.90404		0.92746		0.9156		0.82974
306		4540.66		0.95589		0.95596		0.91214		0.8995		0.92746		0.91327		0.8247
307		4541.89		0.95717		0.95764		0.91731		0.9005		0.93782		0.91878		0.83536
308		4543.09		0.95748		0.95828		0.91214		0.89552		0.93264		0.91371		0.82501
309		4545.05		0.95784		0.9582		0.91214		0.8995		0.92746		0.91327		0.8247
310		4546.15		0.95864		0.95905		0.91214		0.90355		0.92228		0.91282		0.82447
311		4547.34		0.95858		0.95876		0.9199		0.92188		0.9171		0.91948		0.8398
312		4548.67		0.95816		0.95807		0.91731		0.9171		0.9171		0.9171		0.83462
313		4550.37		0.95745		0.95672		0.9199		0.91753		0.92228		0.9199		0.83981
314		4552.08		0.95669		0.9554		0.9199		0.91753		0.92228		0.9199		0.83981
315		4553.25		0.95578		0.95424		0.91731		0.90452		0.93264		0.91837		0.83504
316		4554.59		0.95505		0.95288		0.91214		0.89552		0.93264		0.91371		0.82501
317		4555.76		0.95565		0.9541		0.90956		0.89899		0.92228		0.91049		0.81941
318		4556.91		0.95615		0.95481		0.90956		0.89899		0.92228		0.91049		0.81941
319		4558.1		0.95673		0.95587		0.90698		0.89848		0.9171		0.90769		0.81414
320		4559.93		0.9572		0.95616		0.90698		0.89848		0.9171		0.90769		0.81414
321		4561.58		0.95806		0.95723		0.90698		0.89848		0.9171		0.90769		0.81414
322		4562.85		0.95871		0.95815		0.91214		0.8995		0.92746		0.91327		0.8247
323		4564.08		0.95908		0.95867		0.90956		0.895		0.92746		0.91094		0.81967
324		4565.42		0.95915		0.95899		0.90956		0.895		0.92746		0.91094		0.81967
325		4566.76		0.95895		0.95893		0.91473		0.90404		0.92746		0.9156		0.82974
326		4568.02		0.95907		0.95905		0.91473		0.90404		0.92746		0.9156		0.82974
327		4569.25		0.95888		0.95893		0.91214		0.90355		0.92228		0.91282		0.82447
328		4570.73		0.9587		0.9586		0.91473		0.90816		0.92228		0.91517		0.82956
329		4572.45		0.9589		0.95868		0.91473		0.90816		0.92228		0.91517		0.82956
330		4574.49		0.95891		0.9584		0.91473		0.90816		0.92228		0.91517		0.82956
331		4575.81		0.95906		0.9585		0.91473		0.91237		0.9171		0.91473		0.82947
332		4577.0		0.95912		0.9582		0.91731		0.91282		0.92228		0.91753		0.83467
333		4578.73		0.95924		0.9583		0.91731		0.90863		0.92746		0.91795		0.83481
334		4580.44		0.95888		0.95771		0.91214		0.8995		0.92746		0.91327		0.8247
335		4581.66		0.95824		0.95756		0.91214		0.8995		0.92746		0.91327		0.8247
336		4582.84		0.95798		0.95763		0.91214		0.90355		0.92228		0.91282		0.82447
337		4584.23		0.95808		0.95783		0.91731		0.91282		0.92228		0.91753		0.83467
338		4585.36		0.95826		0.95812		0.90956		0.91146		0.90674		0.90909		0.81913
339		4586.47		0.95752		0.95736		0.91214		0.91623		0.90674		0.91146		0.82433
340		4587.69		0.95736		0.95726		0.90698		0.90256		0.91192		0.90722		0.814
341		4589.71		0.95776		0.95789		0.90956		0.90722		0.91192		0.90956		0.81913
342		4590.84		0.95793		0.95808		0.91214		0.90769		0.9171		0.91237		0.82434
343		4591.96		0.95807		0.95779		0.90956		0.90306		0.9171		0.91003		0.81923
344		4593.08		0.95745		0.95718		0.90698		0.89447		0.92228		0.90816		0.81436
345		4594.8		0.95673		0.95533		0.90956		0.89899		0.92228		0.91049		0.81941
346		4596.68		0.95612		0.95511		0.91214		0.91192		0.91192		0.91192		0.82429
347		4597.92		0.95509		0.9544		0.90956		0.90306		0.9171		0.91003		0.81923
348		4599.11		0.95466		0.95406		0.90956		0.90722		0.91192		0.90956		0.81913
349		4600.24		0.9538		0.95365		0.89922		0.88889		0.91192		0.90026		0.79873
350		4601.54		0.95398		0.95386		0.89664		0.8806		0.9171		0.89848		0.79398
351		4603.53		0.95476		0.95461		0.89922		0.885		0.9171		0.90076		0.79899
352		4604.78		0.95604		0.95589		0.90956		0.90722		0.91192		0.90956		0.81913
353		4605.92		0.95752		0.95689		0.91473		0.91237		0.9171		0.91473		0.82947
354		4607.07		0.95784		0.95683		0.91731		0.91282		0.92228		0.91753		0.83467
355		4608.31		0.95761		0.95599		0.91731		0.90863		0.92746		0.91795		0.83481
356		4609.8		0.95748		0.95565		0.9199		0.90909		0.93264		0.92072		0.84008
357		4611.58		0.95768		0.95532		0.92248		0.91371		0.93264		0.92308		0.84515
358		4612.7		0.95745		0.95581		0.90956		0.90306		0.9171		0.91003		0.81923
359		4613.95		0.95723		0.95558		0.90439		0.89796		0.91192		0.90488		0.80889
360		4615.37		0.95697		0.95543		0.90439		0.89796		0.91192		0.90488		0.80889
361		4617.15		0.95653		0.95457		0.91473		0.9		0.93264		0.91603		0.83002
362		4618.63		0.95676		0.95509		0.91473		0.89604		0.93782		0.91646		0.83038
363		4620.08		0.95683		0.95496		0.91731		0.9005		0.93782		0.91878		0.83536
364		4621.82		0.95728		0.95532		0.9199		0.91327		0.92746		0.92031		0.8399
365		4623.3		0.95839		0.95706		0.92506		0.92708		0.92228		0.92468		0.85014
366		4624.46		0.95884		0.95789		0.91731		0.9171		0.9171		0.9171		0.83462
367		4625.57		0.95876		0.95815		0.91731		0.91282		0.92228		0.91753		0.83467
368		4626.82		0.95851		0.95846		0.91731		0.91282		0.92228		0.91753		0.83467
369		4627.91		0.9591		0.95935		0.91473		0.91237		0.9171		0.91473		0.82947
370		4629.04		0.95879		0.95919		0.91473		0.92105		0.90674		0.91384		0.82955
371		4630.19		0.95839		0.95868		0.91473		0.92105		0.90674		0.91384		0.82955
372		4631.32		0.95814		0.95818		0.91731		0.9171		0.9171		0.9171		0.83462
373		4632.72		0.95791		0.95765		0.91731		0.90863		0.92746		0.91795		0.83481
374		4634.3		0.95739		0.95694		0.91214		0.90355		0.92228		0.91282		0.82447
375		4635.61		0.95728		0.95661		0.91473		0.90816		0.92228		0.91517		0.82956
376		4637.46		0.95637		0.95551		0.9199		0.91327		0.92746		0.92031		0.8399
377		4639.22		0.95576		0.95507		0.91473		0.91237		0.9171		0.91473		0.82947
378		4640.53		0.95444		0.95371		0.91214		0.90769		0.9171		0.91237		0.82434
379		4641.65		0.95376		0.95257		0.90439		0.89394		0.9171		0.90537		0.80907
380		4642.85		0.95424		0.95309		0.90698		0.91099		0.90155		0.90625		0.81399
381		4644.0		0.95493		0.95408		0.90698		0.91099		0.90155		0.90625		0.81399
382		4645.23		0.95569		0.95496		0.91214		0.91192		0.91192		0.91192		0.82429
383		4646.34		0.9572		0.95672		0.91473		0.90404		0.92746		0.9156		0.82974
384		4647.42		0.95744		0.95722		0.91473		0.90404		0.92746		0.9156		0.82974
385		4648.5		0.95747		0.95738		0.90956		0.90306		0.9171		0.91003		0.81923
386		4649.75		0.95695		0.9571		0.91731		0.9171		0.9171		0.9171		0.83462
387		4651.71		0.95643		0.9567		0.91214		0.92063		0.90155		0.91099		0.82446
388		4652.81		0.95607		0.95613		0.91473		0.91667		0.91192		0.91429		0.82947
389		4654.45		0.95608		0.95586		0.91473		0.91237		0.9171		0.91473		0.82947
390		4655.95		0.95542		0.95462		0.90698		0.90256		0.91192		0.90722		0.814
391		4657.4		0.95501		0.95355		0.91214		0.90355		0.92228		0.91282		0.82447
392		4658.61		0.95442		0.95267		0.90698		0.89447		0.92228		0.90816		0.81436
393		4659.77		0.95474		0.95238		0.90439		0.89		0.92228		0.90585		0.80933
394		4661.0		0.95514		0.9528		0.90698		0.89447		0.92228		0.90816		0.81436
395		4662.41		0.9562		0.95424		0.91214		0.90769		0.9171		0.91237		0.82434
396		4664.15		0.95681		0.95501		0.91731		0.9171		0.9171		0.9171		0.83462
397		4665.59		0.95749		0.95629		0.91473		0.91237		0.9171		0.91473		0.82947
398		4667.56		0.9572		0.95581		0.91731		0.91282		0.92228		0.91753		0.83467
399		4669.16		0.95723		0.95593		0.91731		0.91282		0.92228		0.91753		0.83467
400		4670.95		0.95716		0.95605		0.9199		0.91327		0.92746		0.92031		0.8399
401		4672.13		0.95677		0.95492		0.9199		0.92188		0.9171		0.91948		0.8398
402		4673.25		0.95604		0.95408		0.9199		0.92632		0.91192		0.91906		0.83989
403		4674.46		0.95607		0.95224		0.91473		0.90816		0.92228		0.91517		0.82956
404		4675.56		0.95684		0.95296		0.9199		0.90909		0.93264		0.92072		0.84008
405		4676.69		0.95652		0.95242		0.9199		0.905		0.93782		0.92112		0.84036
406		4677.81		0.95687		0.95232		0.92506		0.91837		0.93264		0.92545		0.85024
407		4679.09		0.95729		0.95415		0.92765		0.92746		0.92746		0.92746		0.8553
408		4680.21		0.95745		0.95462		0.9199		0.91753		0.92228		0.9199		0.83981
409		4681.56		0.95699		0.95294		0.9199		0.91753		0.92228		0.9199		0.83981
410		4683.46		0.95574		0.95239		0.91214		0.89552		0.93264		0.91371		0.82501
411		4684.69		0.95552		0.95254		0.91473		0.89604		0.93782		0.91646		0.83038
412		4685.8		0.95566		0.95367		0.91731		0.91282		0.92228		0.91753		0.83467
413		4686.9		0.95632		0.95485		0.92506		0.92708		0.92228		0.92468		0.85014
414		4688.2		0.95683		0.95523		0.92765		0.94118		0.91192		0.92632		0.8557
415		4689.88		0.95709		0.95545		0.93023		0.94149		0.9171		0.92913		0.86074
416		4691.28		0.95707		0.95513		0.9199		0.91753		0.92228		0.9199		0.83981
417		4692.43		0.95676		0.95267		0.91214		0.8995		0.92746		0.91327		0.8247
418		4693.53		0.95675		0.95255		0.91214		0.89552		0.93264		0.91371		0.82501
419		4694.65		0.95697		0.95467		0.91473		0.9		0.93264		0.91603		0.83002
420		4695.87		0.95716		0.95557		0.91214		0.90769		0.9171		0.91237		0.82434
421		4697.37		0.9576		0.9563		0.91473		0.91237		0.9171		0.91473		0.82947
422		4699.09		0.95832		0.95731		0.91214		0.90769		0.9171		0.91237		0.82434
423		4700.35		0.95779		0.95648		0.91214		0.89552		0.93264		0.91371		0.82501
424		4701.87		0.95677		0.95459		0.90956		0.88725		0.93782		0.91184		0.82047
425		4703.34		0.95597		0.95373		0.91473		0.9		0.93264		0.91603		0.83002
426		4704.62		0.95512		0.95115		0.91214		0.90355		0.92228		0.91282		0.82447
427		4705.84		0.95473		0.9508		0.91731		0.92147		0.91192		0.91667		0.83466
428		4707.03		0.9546		0.95274		0.91473		0.93011		0.89637		0.91293		0.82998
429		4708.3		0.9552		0.95357		0.91214		0.91623		0.90674		0.91146		0.82433
430		4709.5		0.95562		0.9541		0.91473		0.91667		0.91192		0.91429		0.82947
431		4710.71		0.95641		0.95491		0.91214		0.90769		0.9171		0.91237		0.82434
432		4711.95		0.95732		0.95661		0.9199		0.91327		0.92746		0.92031		0.8399
433		4713.66		0.95802		0.95716		0.92248		0.92228		0.92228		0.92228		0.84496
434		4715.06		0.95854		0.95761		0.91731		0.92147		0.91192		0.91667		0.83466
435		4716.62		0.95862		0.95761		0.92248		0.91795		0.92746		0.92268		0.84501
436		4718.05		0.95763		0.9555		0.92248		0.91371		0.93264		0.92308		0.84515
437		4719.32		0.95668		0.95419		0.91214		0.89552		0.93264		0.91371		0.82501
438		4720.72		0.95619		0.95375		0.90698		0.89055		0.92746		0.90863		0.81467
439		4722.2		0.95632		0.95455		0.91473		0.90404		0.92746		0.9156		0.82974
440		4723.52		0.95609		0.95481		0.91214		0.90355		0.92228		0.91282		0.82447
441		4725.01		0.95649		0.95553		0.90956		0.90722		0.91192		0.90956		0.81913
442		4726.32		0.95729		0.95633		0.91214		0.91192		0.91192		0.91192		0.82429
443		4727.94		0.95775		0.95656		0.91214		0.91192		0.91192		0.91192		0.82429
444		4729.36		0.95776		0.95688		0.91473		0.91237		0.9171		0.91473		0.82947
445		4730.68		0.95784		0.9573		0.90956		0.90306		0.9171		0.91003		0.81923
446		4731.99		0.95748		0.95717		0.90956		0.90306		0.9171		0.91003		0.81923
447		4733.65		0.95724		0.95709		0.90956		0.90306		0.9171		0.91003		0.81923
448		4734.96		0.95669		0.95652		0.91731		0.91282		0.92228		0.91753		0.83467
449		4736.23		0.95665		0.95634		0.91731		0.9171		0.9171		0.9171		0.83462
450		4737.6		0.95689		0.9565		0.91731		0.9171		0.9171		0.9171		0.83462
451		4739.15		0.95651		0.95598		0.91731		0.9171		0.9171		0.9171		0.83462
452		4740.66		0.95655		0.95566		0.91731		0.9171		0.9171		0.9171		0.83462
453		4741.95		0.95661		0.95545		0.91473		0.90816		0.92228		0.91517		0.82956
454		4743.43		0.95691		0.95557		0.91473		0.90404		0.92746		0.9156		0.82974
455		4744.69		0.95735		0.95599		0.91731		0.91282		0.92228		0.91753		0.83467
456		4746.18		0.95751		0.95643		0.91731		0.9171		0.9171		0.9171		0.83462
457		4747.47		0.958		0.95695		0.9199		0.92632		0.91192		0.91906		0.83989
458		4748.77		0.95834		0.95736		0.91731		0.92593		0.90674		0.91623		0.83479
459		4750.37		0.95876		0.95779		0.92248		0.91795		0.92746		0.92268		0.84501
460		4751.87		0.95835		0.95776		0.92506		0.91414		0.93782		0.92583		0.85042
461		4753.7		0.95769		0.9569		0.92248		0.91371		0.93264		0.92308		0.84515
462		4755.55		0.95661		0.95595		0.92248		0.91795		0.92746		0.92268		0.84501
463		4757.1		0.95596		0.95527		0.91731		0.9171		0.9171		0.9171		0.83462
464		4758.25		0.95513		0.95479		0.91731		0.92147		0.91192		0.91667		0.83466
465		4759.46		0.95521		0.95481		0.90956		0.91146		0.90674		0.90909		0.81913
466		4760.64		0.95556		0.95521		0.90439		0.90206		0.90674		0.90439		0.8088
467		4761.78		0.95536		0.95435		0.90698		0.89848		0.9171		0.90769		0.81414
468		4762.88		0.95561		0.95363		0.90956		0.89899		0.92228		0.91049		0.81941
469		4764.12		0.95661		0.95498		0.91214		0.8995		0.92746		0.91327		0.8247
470		4765.23		0.95773		0.95601		0.91731		0.90863		0.92746		0.91795		0.83481
471		4766.39		0.95858		0.95776		0.92248		0.91795		0.92746		0.92268		0.84501
472		4767.53		0.95904		0.9583		0.93023		0.93229		0.92746		0.92987		0.86047
473		4769.57		0.95872		0.95798		0.93282		0.93264		0.93264		0.93264		0.86563
474		4770.68		0.95784		0.95684		0.93023		0.92347		0.93782		0.93059		0.86057
475		4771.85		0.95699		0.95582		0.91731		0.9005		0.93782		0.91878		0.83536
476		4773.11		0.95681		0.95577		0.92248		0.91371		0.93264		0.92308		0.84515
477		4774.39		0.95739		0.95637		0.92248		0.91795		0.92746		0.92268		0.84501
478		4776.06		0.95731		0.95646		0.92506		0.92268		0.92746		0.92506		0.85014
479		4777.54		0.95731		0.95651		0.91731		0.92147		0.91192		0.91667		0.83466
480		4778.63		0.95709		0.95637		0.92248		0.92228		0.92228		0.92228		0.84496
481		4779.91		0.9562		0.95526		0.91473		0.9		0.93264		0.91603		0.83002
482		4781.08		0.95492		0.95403		0.91731		0.89655		0.94301		0.91919		0.83576
483		4782.21		0.95378		0.95288		0.91473		0.89604		0.93782		0.91646		0.83038
484		4783.92		0.95323		0.95275		0.91473		0.91237		0.9171		0.91473		0.82947
485		4785.3		0.95317		0.95296		0.9199		0.92632		0.91192		0.91906		0.83989
486		4786.6		0.95381		0.95388		0.9199		0.92632		0.91192		0.91906		0.83989
487		4787.76		0.95432		0.95443		0.91473		0.91667		0.91192		0.91429		0.82947
488		4788.86		0.95454		0.95443		0.90439		0.89394		0.9171		0.90537		0.80907
489		4789.99		0.95524		0.95503		0.90439		0.88614		0.92746		0.90633		0.80968
490		4791.27		0.95612		0.95604		0.90439		0.88614		0.92746		0.90633		0.80968
491		4792.47		0.95847		0.95871		0.91473		0.90816		0.92228		0.91517		0.82956
492		4793.72		0.96021		0.96076		0.92248		0.9267		0.9171		0.92188		0.845
493		4795.21		0.96074		0.96124		0.92506		0.92268		0.92746		0.92506		0.85014
AUC improved at epoch  493 ;	best_auc: 0.9607392767480369
494		4796.74		0.96008		0.9608		0.9199		0.90909		0.93264		0.92072		0.84008
495		4798.15		0.95879		0.9591		0.91731		0.90452		0.93264		0.91837		0.83504
496		4799.76		0.95808		0.95848		0.9199		0.90909		0.93264		0.92072		0.84008
497		4801.54		0.95695		0.9571		0.92248		0.91795		0.92746		0.92268		0.84501
498		4803.02		0.95669		0.95621		0.91473		0.91667		0.91192		0.91429		0.82947
499		4804.59		0.95647		0.95567		0.90956		0.92021		0.89637		0.90814		0.81938
500		4805.9		0.95556		0.95396		0.91473		0.92105		0.90674		0.91384		0.82955
501		4807.06		0.95621		0.9551		0.91731		0.91282		0.92228		0.91753		0.83467
502		4808.19		0.95663		0.95511		0.91473		0.9		0.93264		0.91603		0.83002
503		4809.29		0.95743		0.95653		0.9199		0.90909		0.93264		0.92072		0.84008
504		4810.74		0.95804		0.9573		0.92506		0.91837		0.93264		0.92545		0.85024
505		4811.86		0.95831		0.95792		0.93023		0.93229		0.92746		0.92987		0.86047
506		4813.02		0.9587		0.95889		0.92248		0.9267		0.9171		0.92188		0.845
507		4814.17		0.95816		0.95879		0.91473		0.90816		0.92228		0.91517		0.82956
508		4815.42		0.95787		0.95884		0.90698		0.89447		0.92228		0.90816		0.81436
509		4816.88		0.95723		0.95842		0.90698		0.89447		0.92228		0.90816		0.81436
510		4818.56		0.95713		0.95793		0.90956		0.895		0.92746		0.91094		0.81967
511		4820.25		0.95693		0.95721		0.91473		0.91237		0.9171		0.91473		0.82947
512		4821.89		0.95731		0.9573		0.9199		0.92188		0.9171		0.91948		0.8398
513		4823.54		0.95804		0.95814		0.92506		0.92708		0.92228		0.92468		0.85014
514		4824.74		0.9578		0.95739		0.92765		0.92746		0.92746		0.92746		0.8553
515		4825.85		0.95699		0.95682		0.92248		0.90955		0.93782		0.92347		0.84538
516		4826.99		0.95692		0.95682		0.92248		0.90955		0.93782		0.92347		0.84538
517		4828.29		0.95613		0.95569		0.91731		0.90452		0.93264		0.91837		0.83504
518		4830.03		0.95588		0.95522		0.91731		0.90863		0.92746		0.91795		0.83481
519		4831.28		0.95569		0.95487		0.91214		0.91623		0.90674		0.91146		0.82433
520		4832.6		0.95565		0.95529		0.91214		0.92063		0.90155		0.91099		0.82446
521		4834.35		0.95494		0.95471		0.90956		0.91146		0.90674		0.90909		0.81913
522		4835.99		0.95517		0.95507		0.90956		0.90306		0.9171		0.91003		0.81923
523		4837.11		0.95521		0.95519		0.91214		0.90355		0.92228		0.91282		0.82447
524		4838.21		0.95525		0.95502		0.91214		0.90769		0.9171		0.91237		0.82434
525		4839.33		0.95577		0.95578		0.91731		0.9171		0.9171		0.9171		0.83462
526		4840.62		0.95664		0.95683		0.91214		0.91623		0.90674		0.91146		0.82433
527		4841.77		0.95684		0.95719		0.91473		0.91237		0.9171		0.91473		0.82947
528		4843.48		0.95724		0.95768		0.91731		0.9171		0.9171		0.9171		0.83462
529		4844.85		0.95751		0.9578		0.91731		0.9171		0.9171		0.9171		0.83462
530		4846.14		0.95769		0.95774		0.9199		0.91753		0.92228		0.9199		0.83981
531		4847.31		0.9578		0.95785		0.91731		0.90863		0.92746		0.91795		0.83481
532		4849.0		0.95793		0.95788		0.91214		0.90355		0.92228		0.91282		0.82447
533		4850.43		0.95769		0.95744		0.90956		0.90306		0.9171		0.91003		0.81923
534		4851.61		0.95733		0.95705		0.90956		0.91146		0.90674		0.90909		0.81913
535		4852.92		0.95697		0.95677		0.91731		0.92147		0.91192		0.91667		0.83466
536		4854.31		0.95639		0.95619		0.91473		0.92105		0.90674		0.91384		0.82955
537		4855.99		0.95572		0.95564		0.91473		0.91667		0.91192		0.91429		0.82947
538		4857.52		0.95484		0.95488		0.90956		0.89899		0.92228		0.91049		0.81941
539		4859.05		0.95428		0.95403		0.90439		0.89		0.92228		0.90585		0.80933
540		4860.18		0.9539		0.95386		0.89664		0.88832		0.90674		0.89744		0.79346
541		4861.36		0.95412		0.95351		0.90181		0.89744		0.90674		0.90206		0.80366
542		4862.46		0.95452		0.95371		0.90698		0.90674		0.90674		0.90674		0.81395
543		4864.36		0.95501		0.95388		0.90698		0.91099		0.90155		0.90625		0.81399
544		4865.7		0.95578		0.95404		0.90698		0.90674		0.90674		0.90674		0.81395
545		4866.79		0.956		0.95462		0.90698		0.89848		0.9171		0.90769		0.81414
546		4867.92		0.95681		0.95529		0.90956		0.90306		0.9171		0.91003		0.81923
547		4869.13		0.95723		0.9561		0.91214		0.90769		0.9171		0.91237		0.82434
548		4870.24		0.95724		0.95618		0.91214		0.91192		0.91192		0.91192		0.82429
549		4871.39		0.95707		0.95624		0.91473		0.91667		0.91192		0.91429		0.82947
550		4872.5		0.95633		0.9555		0.91214		0.91623		0.90674		0.91146		0.82433
551		4873.83		0.95574		0.95539		0.90698		0.90674		0.90674		0.90674		0.81395
552		4874.96		0.95457		0.95465		0.90439		0.90206		0.90674		0.90439		0.8088
553		4876.09		0.95342		0.9535		0.90698		0.89848		0.9171		0.90769		0.81414
554		4877.3		0.95361		0.95333		0.90956		0.90722		0.91192		0.90956		0.81913
555		4878.58		0.95405		0.95345		0.91214		0.91623		0.90674		0.91146		0.82433
556		4880.81		0.95501		0.95404		0.91473		0.91667		0.91192		0.91429		0.82947
557		4882.62		0.95637		0.95511		0.90698		0.90256		0.91192		0.90722		0.814
558		4883.74		0.95764		0.95701		0.90439		0.90206		0.90674		0.90439		0.8088
559		4885.23		0.95803		0.95723		0.91214		0.90769		0.9171		0.91237		0.82434
560		4887.07		0.95839		0.95762		0.90956		0.90306		0.9171		0.91003		0.81923
561		4888.24		0.95826		0.95744		0.91214		0.90355		0.92228		0.91282		0.82447
562		4889.85		0.95819		0.95699		0.9199		0.90909		0.93264		0.92072		0.84008
563		4891.58		0.95854		0.95802		0.91731		0.90863		0.92746		0.91795		0.83481
564		4892.87		0.959		0.95838		0.91731		0.91282		0.92228		0.91753		0.83467
565		4894.54		0.95922		0.9584		0.92248		0.9267		0.9171		0.92188		0.845
566		4896.19		0.95836		0.95734		0.91473		0.91237		0.9171		0.91473		0.82947
567		4897.29		0.95788		0.95659		0.9199		0.91327		0.92746		0.92031		0.8399
568		4898.46		0.95711		0.95469		0.91473		0.90404		0.92746		0.9156		0.82974
569		4899.73		0.95749		0.95673		0.91473		0.90404		0.92746		0.9156		0.82974
570		4900.84		0.95799		0.95756		0.91473		0.92105		0.90674		0.91384		0.82955
571		4902.02		0.95859		0.95818		0.91214		0.92063		0.90155		0.91099		0.82446
572		4903.1		0.95918		0.95859		0.91473		0.92553		0.90155		0.91339		0.82972
573		4904.36		0.95976		0.95937		0.91214		0.92063		0.90155		0.91099		0.82446
574		4906.11		0.96025		0.95988		0.9199		0.90909		0.93264		0.92072		0.84008
575		4907.65		0.95999		0.95983		0.91731		0.9005		0.93782		0.91878		0.83536
576		4908.8		0.95956		0.95948		0.91731		0.91282		0.92228		0.91753		0.83467
577		4910.19		0.95911		0.95881		0.92248		0.9267		0.9171		0.92188		0.845
578		4912.12		0.95842		0.95786		0.9199		0.92632		0.91192		0.91906		0.83989
579		4913.32		0.95781		0.95746		0.92506		0.92268		0.92746		0.92506		0.85014
580		4914.45		0.95644		0.95584		0.9199		0.90909		0.93264		0.92072		0.84008
581		4915.62		0.95518		0.95479		0.91473		0.9		0.93264		0.91603		0.83002
582		4916.82		0.95464		0.9543		0.91473		0.9		0.93264		0.91603		0.83002
583		4918.12		0.95448		0.95429		0.9199		0.92188		0.9171		0.91948		0.8398
584		4919.27		0.95458		0.95467		0.91473		0.92105		0.90674		0.91384		0.82955
585		4920.51		0.95513		0.95527		0.9199		0.91753		0.92228		0.9199		0.83981
586		4921.79		0.95521		0.95523		0.9199		0.91327		0.92746		0.92031		0.8399
587		4923.15		0.95585		0.95566		0.9199		0.91753		0.92228		0.9199		0.83981
588		4924.28		0.9558		0.95544		0.91473		0.91667		0.91192		0.91429		0.82947
589		4925.39		0.95621		0.95571		0.91731		0.92593		0.90674		0.91623		0.83479
590		4926.72		0.95697		0.95629		0.91473		0.91667		0.91192		0.91429		0.82947
591		4928.49		0.95735		0.95669		0.90698		0.90256		0.91192		0.90722		0.814
592		4930.08		0.95753		0.95699		0.91214		0.8995		0.92746		0.91327		0.8247
593		4931.27		0.95811		0.95778		0.91473		0.90816		0.92228		0.91517		0.82956
594		4932.93		0.95824		0.95788		0.91731		0.91282		0.92228		0.91753		0.83467
595		4934.39		0.95807		0.95801		0.91214		0.90769		0.9171		0.91237		0.82434
596		4935.86		0.95807		0.95786		0.91214		0.91623		0.90674		0.91146		0.82433
597		4937.38		0.95759		0.9575		0.91473		0.92553		0.90155		0.91339		0.82972
598		4938.9		0.95643		0.95619		0.91473		0.92553		0.90155		0.91339		0.82972
599		4940.33		0.95513		0.95462		0.90956		0.91146		0.90674		0.90909		0.81913
600		4941.65		0.95369		0.95323		0.90956		0.90722		0.91192		0.90956		0.81913
601		4942.95		0.95307		0.9527		0.90956		0.91146		0.90674		0.90909		0.81913
602		4944.49		0.95326		0.95293		0.90698		0.91099		0.90155		0.90625		0.81399
603		4946.19		0.95374		0.9536		0.90698		0.91534		0.89637		0.90576		0.81412
604		4947.83		0.95525		0.95516		0.91214		0.92063		0.90155		0.91099		0.82446
605		4949.45		0.95583		0.95566		0.91214		0.91623		0.90674		0.91146		0.82433
606		4950.64		0.95529		0.95523		0.91473		0.90816		0.92228		0.91517		0.82956
607		4951.8		0.95497		0.95482		0.92248		0.91795		0.92746		0.92268		0.84501
608		4952.94		0.95521		0.95494		0.91473		0.91237		0.9171		0.91473		0.82947
609		4954.22		0.95518		0.95479		0.91473		0.91237		0.9171		0.91473		0.82947
610		4955.41		0.95541		0.95495		0.91214		0.90769		0.9171		0.91237		0.82434
611		4956.85		0.95633		0.95574		0.91214		0.90769		0.9171		0.91237		0.82434
612		4958.96		0.95705		0.9566		0.91214		0.91192		0.91192		0.91192		0.82429
613		4960.88		0.95709		0.95664		0.91473		0.91667		0.91192		0.91429		0.82947
614		4962.43		0.9566		0.95623		0.91473		0.91667		0.91192		0.91429		0.82947
615		4963.67		0.95689		0.95656		0.91731		0.92147		0.91192		0.91667		0.83466
616		4964.96		0.95737		0.95682		0.91731		0.92147		0.91192		0.91667		0.83466
617		4966.24		0.95708		0.95627		0.91731		0.9171		0.9171		0.9171		0.83462
618		4967.36		0.95681		0.95589		0.91731		0.91282		0.92228		0.91753		0.83467
619		4968.57		0.95612		0.95504		0.91473		0.90404		0.92746		0.9156		0.82974
620		4969.69		0.95613		0.95512		0.91214		0.8995		0.92746		0.91327		0.8247
621		4970.99		0.95603		0.95525		0.91214		0.90355		0.92228		0.91282		0.82447
622		4972.21		0.95578		0.95536		0.91214		0.90769		0.9171		0.91237		0.82434
623		4973.32		0.95512		0.95495		0.91731		0.9171		0.9171		0.9171		0.83462
624		4975.36		0.95528		0.95522		0.91731		0.9171		0.9171		0.9171		0.83462
625		4976.57		0.95556		0.95541		0.91473		0.91667		0.91192		0.91429		0.82947
626		4977.99		0.95514		0.95506		0.91214		0.90769		0.9171		0.91237		0.82434
627		4979.1		0.95604		0.95591		0.91214		0.90769		0.9171		0.91237		0.82434
628		4980.29		0.95685		0.9565		0.91473		0.91237		0.9171		0.91473		0.82947
629		4981.49		0.95673		0.9564		0.91731		0.91282		0.92228		0.91753		0.83467
630		4983.2		0.95671		0.95645		0.90956		0.895		0.92746		0.91094		0.81967
631		4984.54		0.95681		0.95689		0.90956		0.895		0.92746		0.91094		0.81967
632		4986.05		0.95627		0.95688		0.90956		0.89899		0.92228		0.91049		0.81941
633		4987.42		0.95572		0.95636		0.91731		0.9171		0.9171		0.9171		0.83462
634		4989.0		0.95505		0.95486		0.92248		0.92228		0.92228		0.92228		0.84496
635		4990.81		0.9539		0.95414		0.9199		0.91327		0.92746		0.92031		0.8399
636		4992.53		0.95361		0.95409		0.91731		0.90452		0.93264		0.91837		0.83504
637		4994.44		0.95468		0.95528		0.92248		0.91795		0.92746		0.92268		0.84501
638		4995.67		0.95584		0.95684		0.9199		0.92632		0.91192		0.91906		0.83989
639		4996.98		0.95569		0.95637		0.92248		0.92228		0.92228		0.92228		0.84496
640		4998.15		0.95526		0.95602		0.9199		0.91327		0.92746		0.92031		0.8399
641		4999.28		0.95492		0.95574		0.9199		0.91327		0.92746		0.92031		0.8399
642		5000.39		0.955		0.95612		0.92248		0.92228		0.92228		0.92228		0.84496
643		5001.52		0.9552		0.95643		0.9199		0.92632		0.91192		0.91906		0.83989
644		5002.82		0.95501		0.9559		0.9199		0.92632		0.91192		0.91906		0.83989
645		5003.96		0.95501		0.95562		0.92506		0.92708		0.92228		0.92468		0.85014
646		5005.17		0.95508		0.95551		0.91731		0.9171		0.9171		0.9171		0.83462
647		5006.45		0.95498		0.95454		0.91214		0.90769		0.9171		0.91237		0.82434
648		5007.95		0.95637		0.95629		0.91214		0.91623		0.90674		0.91146		0.82433
649		5009.81		0.95708		0.95724		0.90698		0.91979		0.89119		0.90526		0.81433
650		5010.97		0.95728		0.95743		0.91731		0.92593		0.90674		0.91623		0.83479
651		5012.7		0.95691		0.95734		0.92248		0.92228		0.92228		0.92228		0.84496
652		5014.27		0.95647		0.95678		0.92248		0.91371		0.93264		0.92308		0.84515
653		5015.89		0.95629		0.95648		0.91731		0.90863		0.92746		0.91795		0.83481
654		5017.41		0.95651		0.95685		0.9199		0.92188		0.9171		0.91948		0.8398
655		5018.72		0.95663		0.95671		0.92248		0.93122		0.91192		0.92147		0.84513
656		5019.95		0.95665		0.95658		0.92248		0.9267		0.9171		0.92188		0.845
657		5021.27		0.95657		0.95653		0.91473		0.91237		0.9171		0.91473		0.82947
658		5022.37		0.95679		0.95627		0.91473		0.91237		0.9171		0.91473		0.82947
659		5023.73		0.95716		0.95651		0.91731		0.9171		0.9171		0.9171		0.83462
660		5025.46		0.95721		0.95668		0.91731		0.92147		0.91192		0.91667		0.83466
661		5026.69		0.95695		0.95643		0.91731		0.92593		0.90674		0.91623		0.83479
662		5028.1		0.95609		0.95553		0.91473		0.91667		0.91192		0.91429		0.82947
663		5029.23		0.95587		0.95474		0.9199		0.91753		0.92228		0.9199		0.83981
664		5030.42		0.95553		0.95443		0.9199		0.91753		0.92228		0.9199		0.83981
665		5031.54		0.95557		0.95499		0.91731		0.9171		0.9171		0.9171		0.83462
666		5032.84		0.95612		0.95618		0.91731		0.92147		0.91192		0.91667		0.83466
667		5034.0		0.95612		0.95627		0.91731		0.92147		0.91192		0.91667		0.83466
668		5035.25		0.95554		0.95558		0.91731		0.92147		0.91192		0.91667		0.83466
669		5036.63		0.95477		0.95432		0.9199		0.90909		0.93264		0.92072		0.84008
670		5038.24		0.95441		0.95377		0.91731		0.90452		0.93264		0.91837		0.83504
671		5039.9		0.95444		0.95385		0.92506		0.92268		0.92746		0.92506		0.85014
672		5042.0		0.95456		0.95351		0.92248		0.9267		0.9171		0.92188		0.845
673		5043.52		0.95478		0.9538		0.92248		0.9267		0.9171		0.92188		0.845
674		5045.07		0.95524		0.95435		0.9199		0.91753		0.92228		0.9199		0.83981
675		5046.34		0.95538		0.95494		0.91731		0.90863		0.92746		0.91795		0.83481
676		5047.55		0.95572		0.95549		0.91473		0.90404		0.92746		0.9156		0.82974
677		5048.68		0.95569		0.95591		0.9199		0.91753		0.92228		0.9199		0.83981
678		5049.84		0.95569		0.95606		0.9199		0.92188		0.9171		0.91948		0.8398
679		5051.08		0.95508		0.95547		0.90956		0.91146		0.90674		0.90909		0.81913
680		5052.18		0.95402		0.95466		0.91214		0.91623		0.90674		0.91146		0.82433
681		5053.32		0.9533		0.95401		0.90956		0.91579		0.90155		0.90862		0.81921
682		5054.4		0.95361		0.95437		0.91473		0.91667		0.91192		0.91429		0.82947
683		5055.64		0.95385		0.95447		0.9199		0.92188		0.9171		0.91948		0.8398
684		5057.54		0.9543		0.95482		0.9199		0.91753		0.92228		0.9199		0.83981
685		5058.65		0.95469		0.95513		0.9199		0.91753		0.92228		0.9199		0.83981
686		5059.8		0.95548		0.95574		0.9199		0.91753		0.92228		0.9199		0.83981
687		5061.11		0.95611		0.95627		0.91731		0.9171		0.9171		0.9171		0.83462
688		5062.25		0.95659		0.95659		0.91473		0.92105		0.90674		0.91384		0.82955
689		5063.53		0.95707		0.95703		0.91214		0.92063		0.90155		0.91099		0.82446
690		5064.65		0.95747		0.95748		0.91214		0.92063		0.90155		0.91099		0.82446
691		5066.0		0.9574		0.95747		0.91214		0.92063		0.90155		0.91099		0.82446
692		5067.51		0.95756		0.95757		0.91731		0.92147		0.91192		0.91667		0.83466
693		5069.15		0.9574		0.95739		0.91473		0.91667		0.91192		0.91429		0.82947
694		5070.77		0.95707		0.95704		0.91731		0.92147		0.91192		0.91667		0.83466
695		5072.46		0.95673		0.95673		0.91473		0.92553		0.90155		0.91339		0.82972
696		5074.21		0.95609		0.95604		0.91473		0.91237		0.9171		0.91473		0.82947
697		5075.34		0.95584		0.95579		0.91214		0.90769		0.9171		0.91237		0.82434
698		5076.72		0.95548		0.95549		0.91473		0.90816		0.92228		0.91517		0.82956
699		5078.35		0.95554		0.95557		0.90698		0.89848		0.9171		0.90769		0.81414
700		5079.99		0.95573		0.95557		0.90181		0.90576		0.89637		0.90104		0.80365
701		5081.19		0.95548		0.95526		0.91214		0.92513		0.89637		0.91053		0.82467
702		5082.35		0.95537		0.95495		0.90956		0.92473		0.89119		0.90765		0.81964
703		5083.48		0.95522		0.95428		0.90181		0.88945		0.9171		0.90306		0.80402
704		5085.09		0.95462		0.95381		0.91214		0.8878		0.94301		0.91457		0.82591
705		5086.74		0.95428		0.95377		0.91473		0.90816		0.92228		0.91517		0.82956
706		5088.95		0.9552		0.95542		0.9199		0.92188		0.9171		0.91948		0.8398
707		5090.08		0.9558		0.95643		0.9199		0.93085		0.90674		0.91864		0.84006
708		5091.3		0.95633		0.95683		0.92765		0.92746		0.92746		0.92746		0.8553
709		5092.66		0.95685		0.95651		0.92248		0.92228		0.92228		0.92228		0.84496
710		5094.0		0.95696		0.95656		0.91731		0.91282		0.92228		0.91753		0.83467
711		5095.25		0.95704		0.95644		0.91473		0.91237		0.9171		0.91473		0.82947
712		5096.52		0.95661		0.95624		0.91473		0.91237		0.9171		0.91473		0.82947
713		5098.28		0.95624		0.956		0.91731		0.92147		0.91192		0.91667		0.83466
714		5099.84		0.95522		0.95509		0.91214		0.91623		0.90674		0.91146		0.82433
715		5101.03		0.95436		0.95427		0.9199		0.91753		0.92228		0.9199		0.83981
716		5102.7		0.95444		0.95409		0.9199		0.91327		0.92746		0.92031		0.8399
717		5104.3		0.95448		0.95392		0.91473		0.90404		0.92746		0.9156		0.82974
718		5105.59		0.9557		0.95518		0.91473		0.90816		0.92228		0.91517		0.82956
719		5106.72		0.95727		0.95681		0.9199		0.91753		0.92228		0.9199		0.83981
720		5107.9		0.9578		0.95739		0.92248		0.9267		0.9171		0.92188		0.845
721		5109.13		0.95863		0.95821		0.92248		0.9267		0.9171		0.92188		0.845
722		5110.29		0.95914		0.95854		0.92248		0.91795		0.92746		0.92268		0.84501
723		5111.69		0.95924		0.95877		0.9199		0.905		0.93782		0.92112		0.84036
724		5112.98		0.95878		0.95837		0.9199		0.905		0.93782		0.92112		0.84036
725		5114.19		0.95843		0.95829		0.9199		0.91753		0.92228		0.9199		0.83981
726		5115.47		0.9576		0.95754		0.91214		0.91623		0.90674		0.91146		0.82433
727		5117.49		0.95599		0.95582		0.91473		0.91667		0.91192		0.91429		0.82947
728		5118.88		0.95501		0.95512		0.91214		0.90769		0.9171		0.91237		0.82434
729		5120.23		0.95426		0.95422		0.91214		0.90355		0.92228		0.91282		0.82447
730		5121.4		0.9558		0.95522		0.91473		0.90404		0.92746		0.9156		0.82974
731		5122.7		0.95708		0.9564		0.91214		0.90355		0.92228		0.91282		0.82447
732		5124.73		0.95808		0.95751		0.90956		0.90722		0.91192		0.90956		0.81913
733		5125.99		0.95862		0.95808		0.91214		0.91192		0.91192		0.91192		0.82429
734		5127.18		0.95876		0.95807		0.91473		0.90816		0.92228		0.91517		0.82956
735		5128.47		0.9583		0.95717		0.92248		0.90955		0.93782		0.92347		0.84538
736		5129.91		0.9576		0.95649		0.91731		0.90863		0.92746		0.91795		0.83481
737		5131.07		0.95719		0.95587		0.91473		0.91667		0.91192		0.91429		0.82947
738		5132.84		0.95683		0.95552		0.9199		0.92632		0.91192		0.91906		0.83989
739		5134.14		0.95692		0.95586		0.91731		0.92593		0.90674		0.91623		0.83479
740		5136.29		0.95664		0.95548		0.9199		0.92188		0.9171		0.91948		0.8398
741		5137.93		0.95668		0.95574		0.92506		0.92268		0.92746		0.92506		0.85014
742		5139.37		0.95727		0.9564		0.92248		0.91371		0.93264		0.92308		0.84515
743		5140.91		0.95827		0.95819		0.92248		0.92228		0.92228		0.92228		0.84496
744		5142.11		0.95843		0.9586		0.9199		0.92632		0.91192		0.91906		0.83989
745		5143.33		0.95835		0.95826		0.92506		0.93158		0.9171		0.92428		0.85022
746		5144.48		0.95791		0.95735		0.92506		0.93158		0.9171		0.92428		0.85022
747		5145.62		0.95663		0.95542		0.92506		0.92708		0.92228		0.92468		0.85014
748		5146.71		0.95597		0.95412		0.92506		0.92708		0.92228		0.92468		0.85014
749		5147.91		0.95481		0.95159		0.9199		0.92188		0.9171		0.91948		0.8398
750		5149.06		0.95458		0.9511		0.9199		0.92188		0.9171		0.91948		0.8398
751		5150.82		0.95464		0.95112		0.91731		0.9171		0.9171		0.9171		0.83462
752		5152.69		0.95492		0.95126		0.91731		0.9171		0.9171		0.9171		0.83462
753		5154.38		0.95542		0.95324		0.9199		0.91753		0.92228		0.9199		0.83981
754		5155.59		0.95619		0.95524		0.92248		0.91795		0.92746		0.92268		0.84501
755		5156.78		0.95748		0.95721		0.91731		0.9171		0.9171		0.9171		0.83462
756		5157.95		0.95792		0.95845		0.91731		0.92147		0.91192		0.91667		0.83466
757		5159.21		0.95765		0.95837		0.91731		0.92147		0.91192		0.91667		0.83466
758		5164.13		0.95665		0.95794		0.91473		0.91667		0.91192		0.91429		0.82947
759		5169.93		0.95569		0.95674		0.91473		0.91237		0.9171		0.91473		0.82947
760		5173.77		0.95612		0.95725		0.92248		0.91795		0.92746		0.92268		0.84501
761		5175.16		0.95584		0.95691		0.9199		0.92632		0.91192		0.91906		0.83989
762		5176.97		0.95486		0.95582		0.92248		0.93122		0.91192		0.92147		0.84513
763		5178.45		0.95424		0.95446		0.91731		0.90863		0.92746		0.91795		0.83481
764		5179.62		0.95349		0.95336		0.90956		0.89899		0.92228		0.91049		0.81941
765		5181.15		0.9533		0.95319		0.90956		0.90306		0.9171		0.91003		0.81923
766		5183.12		0.95347		0.95375		0.91473		0.91667		0.91192		0.91429		0.82947
767		5185.04		0.95353		0.95306		0.91473		0.91237		0.9171		0.91473		0.82947
768		5186.14		0.95398		0.95317		0.91731		0.91282		0.92228		0.91753		0.83467
769		5187.27		0.95404		0.95252		0.91731		0.91282		0.92228		0.91753		0.83467
770		5188.5		0.95462		0.95234		0.91731		0.91282		0.92228		0.91753		0.83467
771		5189.66		0.95526		0.95452		0.9199		0.92188		0.9171		0.91948		0.8398
772		5190.84		0.95514		0.95473		0.91731		0.92147		0.91192		0.91667		0.83466
773		5191.96		0.95494		0.95485		0.91473		0.92105		0.90674		0.91384		0.82955
774		5193.06		0.95554		0.95529		0.9199		0.92188		0.9171		0.91948		0.8398
775		5194.28		0.95609		0.95553		0.91473		0.92105		0.90674		0.91384		0.82955
776		5195.43		0.95617		0.95503		0.91473		0.91667		0.91192		0.91429		0.82947
777		5197.4		0.95593		0.95428		0.91473		0.91667		0.91192		0.91429		0.82947
778		5198.65		0.95591		0.9543		0.9199		0.92188		0.9171		0.91948		0.8398
779		5199.95		0.95583		0.95499		0.9199		0.92188		0.9171		0.91948		0.8398
780		5201.65		0.95597		0.95564		0.91731		0.9171		0.9171		0.9171		0.83462
781		5203.47		0.95644		0.95607		0.9199		0.92188		0.9171		0.91948		0.8398
782		5205.03		0.95629		0.9559		0.91731		0.92147		0.91192		0.91667		0.83466
783		5206.28		0.95688		0.95681		0.92248		0.92228		0.92228		0.92228		0.84496
784		5207.47		0.95728		0.95724		0.9199		0.91753		0.92228		0.9199		0.83981
785		5208.6		0.95749		0.95746		0.9199		0.91753		0.92228		0.9199		0.83981
786		5209.77		0.95769		0.95762		0.91731		0.9171		0.9171		0.9171		0.83462
787		5210.89		0.95709		0.95621		0.91731		0.91282		0.92228		0.91753		0.83467
788		5212.93		0.95689		0.95535		0.91731		0.91282		0.92228		0.91753		0.83467
789		5214.02		0.95625		0.95327		0.92248		0.92228		0.92228		0.92228		0.84496
790		5215.19		0.95569		0.95258		0.9199		0.92188		0.9171		0.91948		0.8398
791		5216.33		0.95534		0.95207		0.91731		0.92147		0.91192		0.91667		0.83466
792		5217.47		0.95562		0.95326		0.91473		0.92105		0.90674		0.91384		0.82955
793		5218.77		0.95591		0.95434		0.91214		0.92063		0.90155		0.91099		0.82446
794		5219.98		0.95593		0.95302		0.91731		0.9171		0.9171		0.9171		0.83462
795		5221.17		0.95641		0.95378		0.9199		0.92188		0.9171		0.91948		0.8398
796		5222.34		0.95652		0.95306		0.92248		0.9267		0.9171		0.92188		0.845
797		5223.55		0.95661		0.95415		0.9199		0.92188		0.9171		0.91948		0.8398
798		5224.67		0.95667		0.9545		0.91214		0.90769		0.9171		0.91237		0.82434
799		5226.49		0.95652		0.9545		0.91214		0.90769		0.9171		0.91237		0.82434
800		5227.85		0.95663		0.95546		0.91214		0.90769		0.9171		0.91237		0.82434
801		5229.71		0.95585		0.95493		0.91731		0.91282		0.92228		0.91753		0.83467
802		5230.98		0.9562		0.95566		0.91214		0.91192		0.91192		0.91192		0.82429
803		5232.46		0.95671		0.95601		0.91214		0.91192		0.91192		0.91192		0.82429
804		5234.04		0.95692		0.95601		0.91731		0.92147		0.91192		0.91667		0.83466
805		5235.56		0.95683		0.95594		0.91731		0.92147		0.91192		0.91667		0.83466
806		5236.91		0.95615		0.95477		0.91731		0.91282		0.92228		0.91753		0.83467
807		5238.04		0.95584		0.9548		0.91473		0.91237		0.9171		0.91473		0.82947
808		5239.23		0.95558		0.95449		0.9199		0.92188		0.9171		0.91948		0.8398
809		5240.43		0.95521		0.9545		0.9199		0.92188		0.9171		0.91948		0.8398
810		5242.21		0.95517		0.95511		0.91731		0.92147		0.91192		0.91667		0.83466
811		5243.6		0.95474		0.95477		0.91473		0.91237		0.9171		0.91473		0.82947
812		5244.73		0.95545		0.95537		0.91473		0.91237		0.9171		0.91473		0.82947
813		5245.85		0.95566		0.95566		0.91473		0.91237		0.9171		0.91473		0.82947
814		5246.98		0.95676		0.9569		0.91473		0.92105		0.90674		0.91384		0.82955
815		5248.22		0.95749		0.95732		0.9199		0.92632		0.91192		0.91906		0.83989
816		5249.38		0.95798		0.95763		0.92248		0.9267		0.9171		0.92188		0.845
817		5250.49		0.95796		0.95736		0.92506		0.92708		0.92228		0.92468		0.85014
818		5252.03		0.95771		0.95729		0.92248		0.92228		0.92228		0.92228		0.84496
819		5253.69		0.95693		0.95658		0.92506		0.92268		0.92746		0.92506		0.85014
820		5254.81		0.95617		0.95593		0.92248		0.92228		0.92228		0.92228		0.84496
821		5255.98		0.95564		0.95535		0.9199		0.92632		0.91192		0.91906		0.83989
822		5257.49		0.9547		0.9542		0.91731		0.92147		0.91192		0.91667		0.83466
823		5259.49		0.95444		0.9538		0.91731		0.92147		0.91192		0.91667		0.83466
824		5261.15		0.95468		0.95428		0.9199		0.92632		0.91192		0.91906		0.83989
825		5262.83		0.9547		0.95429		0.9199		0.92632		0.91192		0.91906		0.83989
826		5264.08		0.95533		0.95451		0.92248		0.9267		0.9171		0.92188		0.845
827		5265.34		0.95553		0.95426		0.9199		0.92188		0.9171		0.91948		0.8398
828		5266.49		0.95629		0.95501		0.92248		0.9267		0.9171		0.92188		0.845
829		5267.66		0.95703		0.95567		0.92248		0.92228		0.92228		0.92228		0.84496
830		5268.76		0.95717		0.95616		0.92248		0.92228		0.92228		0.92228		0.84496
831		5270.06		0.95708		0.95616		0.9199		0.91753		0.92228		0.9199		0.83981
832		5271.17		0.95697		0.95593		0.92506		0.92708		0.92228		0.92468		0.85014
833		5272.27		0.95673		0.95579		0.92248		0.9267		0.9171		0.92188		0.845
834		5273.41		0.9564		0.95546		0.92248		0.9267		0.9171		0.92188		0.845
835		5274.52		0.95617		0.95528		0.92248		0.9267		0.9171		0.92188		0.845
836		5276.66		0.95562		0.95421		0.9199		0.92188		0.9171		0.91948		0.8398
837		5278.3		0.9557		0.95475		0.9199		0.92188		0.9171		0.91948		0.8398
838		5279.73		0.95572		0.95458		0.9199		0.92188		0.9171		0.91948		0.8398
839		5281.1		0.95546		0.95466		0.91473		0.91237		0.9171		0.91473		0.82947
840		5282.89		0.95633		0.95575		0.9199		0.92188		0.9171		0.91948		0.8398
841		5284.59		0.95649		0.95542		0.92248		0.92228		0.92228		0.92228		0.84496
842		5286.16		0.95685		0.95587		0.92248		0.92228		0.92228		0.92228		0.84496
843		5287.52		0.95657		0.95548		0.92248		0.92228		0.92228		0.92228		0.84496
844		5288.8		0.95647		0.9553		0.91731		0.91282		0.92228		0.91753		0.83467
845		5290.02		0.95627		0.95516		0.92248		0.92228		0.92228		0.92228		0.84496
846		5291.18		0.95623		0.95539		0.92248		0.92228		0.92228		0.92228		0.84496
847		5292.93		0.95636		0.9552		0.9199		0.92188		0.9171		0.91948		0.8398
848		5294.44		0.95655		0.95535		0.91731		0.92147		0.91192		0.91667		0.83466
849		5295.87		0.95652		0.95421		0.9199		0.92188		0.9171		0.91948		0.8398
850		5297.24		0.95632		0.95293		0.92248		0.92228		0.92228		0.92228		0.84496
851		5298.65		0.95619		0.95327		0.92248		0.92228		0.92228		0.92228		0.84496
852		5299.84		0.95624		0.95385		0.9199		0.92188		0.9171		0.91948		0.8398
853		5301.19		0.95577		0.95357		0.9199		0.92188		0.9171		0.91948		0.8398
854		5302.4		0.95562		0.95409		0.9199		0.92188		0.9171		0.91948		0.8398
855		5303.52		0.95552		0.95381		0.92248		0.92228		0.92228		0.92228		0.84496
856		5304.79		0.95565		0.95371		0.9199		0.91753		0.92228		0.9199		0.83981
857		5306.26		0.95631		0.95416		0.9199		0.91753		0.92228		0.9199		0.83981
858		5307.89		0.95648		0.95433		0.92506		0.92708		0.92228		0.92468		0.85014
859		5309.47		0.95693		0.95372		0.92506		0.93158		0.9171		0.92428		0.85022
860		5311.63		0.95668		0.95324		0.92248		0.92228		0.92228		0.92228		0.84496
861		5313.08		0.95625		0.95303		0.9199		0.91753		0.92228		0.9199		0.83981
862		5314.25		0.95584		0.95252		0.9199		0.91753		0.92228		0.9199		0.83981
863		5315.51		0.95541		0.95317		0.9199		0.92188		0.9171		0.91948		0.8398
864		5316.99		0.95544		0.95441		0.91731		0.92147		0.91192		0.91667		0.83466
865		5318.37		0.95578		0.95502		0.91473		0.92105		0.90674		0.91384		0.82955
866		5320.02		0.95572		0.95456		0.91731		0.92147		0.91192		0.91667		0.83466
867		5321.29		0.95589		0.95485		0.91731		0.92147		0.91192		0.91667		0.83466
868		5322.41		0.95599		0.95448		0.91473		0.91667		0.91192		0.91429		0.82947
869		5323.55		0.95616		0.95463		0.91473		0.91667		0.91192		0.91429		0.82947
870		5324.66		0.95608		0.95473		0.91731		0.9171		0.9171		0.9171		0.83462
871		5325.9		0.95504		0.95362		0.9199		0.92188		0.9171		0.91948		0.8398
872		5328.12		0.9547		0.95336		0.9199		0.92188		0.9171		0.91948		0.8398
873		5329.3		0.95502		0.95313		0.9199		0.92188		0.9171		0.91948		0.8398
874		5330.5		0.95489		0.95221		0.92248		0.92228		0.92228		0.92228		0.84496
875		5331.64		0.95525		0.95372		0.92248		0.92228		0.92228		0.92228		0.84496
876		5333.07		0.9558		0.95378		0.91731		0.9171		0.9171		0.9171		0.83462
877		5334.48		0.95585		0.95466		0.91473		0.91237		0.9171		0.91473		0.82947
878		5335.75		0.95588		0.95459		0.90956		0.90722		0.91192		0.90956		0.81913
879		5337.7		0.95574		0.95478		0.90956		0.90722		0.91192		0.90956		0.81913
880		5339.44		0.95585		0.95487		0.91214		0.92063		0.90155		0.91099		0.82446
881		5340.88		0.95542		0.95442		0.91473		0.92105		0.90674		0.91384		0.82955
882		5342.33		0.95522		0.95365		0.91731		0.92147		0.91192		0.91667		0.83466
883		5344.13		0.95452		0.95218		0.91214		0.91192		0.91192		0.91192		0.82429
884		5345.69		0.95541		0.95316		0.91214		0.91623		0.90674		0.91146		0.82433
885		5347.0		0.95635		0.9552		0.91731		0.92593		0.90674		0.91623		0.83479
886		5348.16		0.95701		0.95655		0.91473		0.92105		0.90674		0.91384		0.82955
887		5349.24		0.95712		0.95681		0.9199		0.92188		0.9171		0.91948		0.8398
888		5350.35		0.95685		0.95598		0.92248		0.91795		0.92746		0.92268		0.84501
889		5351.55		0.95628		0.95547		0.92506		0.91414		0.93782		0.92583		0.85042
890		5352.63		0.95534		0.95515		0.92248		0.91795		0.92746		0.92268		0.84501
891		5353.75		0.9544		0.95451		0.91731		0.92147		0.91192		0.91667		0.83466
892		5354.85		0.95363		0.95389		0.91473		0.92553		0.90155		0.91339		0.82972
893		5356.1		0.95299		0.95309		0.91214		0.92063		0.90155		0.91099		0.82446
894		5357.43		0.95254		0.95245		0.90698		0.90674		0.90674		0.90674		0.81395
895		5359.22		0.95361		0.95355		0.90181		0.90576		0.89637		0.90104		0.80365
896		5360.44		0.955		0.95515		0.90956		0.91579		0.90155		0.90862		0.81921
897		5361.74		0.95639		0.95659		0.91731		0.92593		0.90674		0.91623		0.83479
898		5362.87		0.95672		0.95655		0.9199		0.92632		0.91192		0.91906		0.83989
899		5363.99		0.95732		0.95733		0.92248		0.92228		0.92228		0.92228		0.84496
900		5365.44		0.95736		0.95737		0.9199		0.92188		0.9171		0.91948		0.8398
901		5367.05		0.95755		0.95755		0.9199		0.92632		0.91192		0.91906		0.83989
902		5368.47		0.95745		0.95661		0.9199		0.92632		0.91192		0.91906		0.83989
903		5369.59		0.95692		0.95562		0.9199		0.92632		0.91192		0.91906		0.83989
904		5370.7		0.95603		0.95317		0.91731		0.92147		0.91192		0.91667		0.83466
905		5371.84		0.95549		0.95256		0.91731		0.9171		0.9171		0.9171		0.83462
906		5374.12		0.95489		0.95171		0.91731		0.92147		0.91192		0.91667		0.83466
907		5375.74		0.95488		0.95287		0.91731		0.92593		0.90674		0.91623		0.83479
908		5377.4		0.95513		0.95269		0.91731		0.92593		0.90674		0.91623		0.83479
909		5378.72		0.95512		0.95182		0.91731		0.9171		0.9171		0.9171		0.83462
910		5380.08		0.95525		0.95179		0.91731		0.90452		0.93264		0.91837		0.83504
911		5381.48		0.95608		0.95366		0.91473		0.90404		0.92746		0.9156		0.82974
912		5382.78		0.95759		0.95631		0.9199		0.93085		0.90674		0.91864		0.84006
913		5384.49		0.95777		0.95658		0.91473		0.93011		0.89637		0.91293		0.82998
914		5385.78		0.95715		0.9562		0.91731		0.92147		0.91192		0.91667		0.83466
915		5387.1		0.95558		0.95498		0.9199		0.91753		0.92228		0.9199		0.83981
916		5388.39		0.95473		0.95241		0.9199		0.91327		0.92746		0.92031		0.8399
917		5390.37		0.95573		0.95289		0.91473		0.92105		0.90674		0.91384		0.82955
918		5392.43		0.95552		0.95257		0.91214		0.92513		0.89637		0.91053		0.82467
919		5393.98		0.95505		0.95109		0.90698		0.90674		0.90674		0.90674		0.81395
920		5395.82		0.9547		0.95075		0.91214		0.90355		0.92228		0.91282		0.82447
921		5397.21		0.95509		0.95058		0.91473		0.90816		0.92228		0.91517		0.82956
922		5398.38		0.95593		0.95278		0.91731		0.92593		0.90674		0.91623		0.83479
923		5399.55		0.95619		0.95398		0.91473		0.93011		0.89637		0.91293		0.82998
924		5400.76		0.95621		0.95368		0.91214		0.8995		0.92746		0.91327		0.8247
925		5401.94		0.95562		0.9538		0.90698		0.88293		0.93782		0.90955		0.81555
926		5403.25		0.95684		0.95653		0.90181		0.94798		0.84974		0.89617		0.80789
927		5404.53		0.8804		0.87571		0.72351		0.65035		0.96373		0.77662		0.51035
928		5406.53		0.92132		0.92557		0.78295		0.96581		0.58549		0.72903		0.61497
929		5407.91		0.911		0.92168		0.66667		0.60256		0.97409		0.74455		0.42365
930		5409.06		0.90153		0.90894		0.76486		0.91129		0.58549		0.71293		0.5666
931		5410.2		0.90933		0.91564		0.77003		0.91935		0.59067		0.71924		0.57767
932		5411.33		0.92143		0.92352		0.80879		0.75536		0.91192		0.82629		0.6314
933		5412.58		0.91547		0.90644		0.7261		0.64846		0.98446		0.78189		0.52879
934		5413.71		0.91194		0.90215		0.79328		0.72157		0.95337		0.82143		0.61951
935		5414.82		0.90893		0.89807		0.83463		0.89091		0.76166		0.82123		0.67625
936		5416.06		0.90113		0.88632		0.69767		0.92222		0.43005		0.58657		0.46628
937		5417.34		0.89133		0.87078		0.67183		0.92308		0.37306		0.53137		0.42643
938		5418.51		0.88251		0.86018		0.71576		0.91089		0.47668		0.62585		0.48989
939		5419.76		0.87567		0.85993		0.7907		0.87838		0.67358		0.76246		0.59754
940		5421.43		0.87183		0.8565		0.79845		0.82486		0.75648		0.78919		0.59886
941		5423.12		0.86844		0.8534		0.78036		0.75472		0.82902		0.79012		0.56355
942		5425.07		0.86638		0.85226		0.78811		0.74667		0.87047		0.80383		0.58445
943		5426.86		0.86694		0.85329		0.78811		0.74449		0.87565		0.80476		0.58552
944		5428.37		0.87001		0.85781		0.78811		0.74667		0.87047		0.80383		0.58445
945		5429.61		0.87399		0.86341		0.79845		0.77251		0.84456		0.80693		0.59959
946		5430.9		0.87776		0.86936		0.80362		0.80311		0.80311		0.80311		0.60723
947		5432.09		0.88211		0.8772		0.80879		0.82162		0.78756		0.80423		0.61806
948		5433.64		0.88767		0.88612		0.8062		0.82065		0.78238		0.80106		0.61302
949		5435.02		0.89432		0.89397		0.81395		0.82011		0.80311		0.81152		0.62802
950		5436.83		0.90238		0.90318		0.81912		0.80905		0.8342		0.82143		0.63858
951		5438.05		0.90807		0.90778		0.82687		0.79717		0.87565		0.83457		0.65701
952		5439.22		0.91269		0.9116		0.83463		0.80282		0.88601		0.84236		0.67294
953		5440.36		0.91592		0.91441		0.84496		0.82126		0.88083		0.85		0.69179
954		5442.33		0.91777		0.9173		0.84496		0.83417		0.8601		0.84694		0.69028
955		5444.23		0.91702		0.9167		0.83721		0.85714		0.80829		0.832		0.67546
956		5445.71		0.91731		0.91649		0.84238		0.875		0.79793		0.83469		0.68734
957		5446.9		0.91699		0.91471		0.84238		0.87931		0.79275		0.83379		0.688
958		5448.07		0.91742		0.91402		0.83721		0.86517		0.79793		0.83019		0.67639
959		5449.32		0.91769		0.9127		0.83979		0.86188		0.80829		0.83422		0.68084
960		5450.75		0.91875		0.91334		0.85013		0.86486		0.82902		0.84656		0.70082
961		5452.22		0.92159		0.91611		0.8553		0.86243		0.84456		0.8534		0.71073
962		5453.86		0.92471		0.92053		0.85271		0.8617		0.83938		0.85039		0.70564
963		5455.21		0.92767		0.92656		0.84755		0.86413		0.82383		0.8435		0.6958
964		5457.05		0.93075		0.93108		0.84755		0.86813		0.81865		0.84267		0.69617
965		5458.21		0.93259		0.93303		0.84496		0.87571		0.80311		0.83784		0.69223
966		5459.37		0.93382		0.93424		0.85013		0.88571		0.80311		0.84239		0.70324
967		5460.59		0.93483		0.93543		0.85013		0.88136		0.80829		0.84324		0.7026
968		5461.67		0.93678		0.93704		0.85788		0.87912		0.82902		0.85333		0.71688
969		5462.79		0.93724		0.93737		0.86047		0.87978		0.8342		0.85638		0.72186
970		5463.93		0.93801		0.93749		0.86822		0.89011		0.83938		0.864		0.73759
971		5465.22		0.93772		0.93723		0.8708		0.89503		0.83938		0.86631		0.74299
972		5466.41		0.93689		0.93656		0.86822		0.88587		0.84456		0.86472		0.7372
973		5467.53		0.93742		0.93701		0.86563		0.88525		0.83938		0.8617		0.73221
974		5468.72		0.93884		0.93801		0.86563		0.88525		0.83938		0.8617		0.73221
975		5469.92		0.94106		0.94002		0.87339		0.8913		0.84974		0.87003		0.74755
976		5471.5		0.94309		0.94191		0.88372		0.88947		0.87565		0.88251		0.76752
977		5473.44		0.94485		0.94316		0.88372		0.88144		0.88601		0.88372		0.76745
978		5474.8		0.94536		0.94294		0.88889		0.89474		0.88083		0.88773		0.77786
979		5476.03		0.94621		0.94395		0.87855		0.89247		0.8601		0.87599		0.75758
980		5477.4		0.94688		0.94442		0.88114		0.89305		0.86528		0.87895		0.76262
981		5479.02		0.94666		0.94307		0.87597		0.87179		0.88083		0.87629		0.75198
982		5480.59		0.94624		0.94253		0.88114		0.88482		0.87565		0.88021		0.76231
983		5481.86		0.94613		0.94266		0.87597		0.90503		0.83938		0.87097		0.75387
984		5483.11		0.94538		0.94182		0.88372		0.89362		0.87047		0.88189		0.76768
985		5484.6		0.94445		0.94064		0.88372		0.87755		0.89119		0.88432		0.76754
986		5486.32		0.94755		0.94373		0.88114		0.91061		0.84456		0.87634		0.76423
987		5487.9		0.94741		0.94372		0.89147		0.89529		0.88601		0.89062		0.78298
988		5489.03		0.94909		0.94549		0.89147		0.89119		0.89119		0.89119		0.78294
989		5490.77		0.9507		0.94732		0.8863		0.9116		0.85492		0.88235		0.77406
990		5492.47		0.95003		0.94635		0.88372		0.87755		0.89119		0.88432		0.76754
991		5493.86		0.95115		0.94754		0.89406		0.91304		0.87047		0.89125		0.78894
992		5495.04		0.95032		0.94684		0.89147		0.90811		0.87047		0.88889		0.78359
993		5496.41		0.94925		0.94587		0.89406		0.88384		0.90674		0.89514		0.78839
994		5498.18		0.94998		0.94691		0.89406		0.90426		0.88083		0.89239		0.78836
995		5499.89		0.95024		0.94721		0.89664		0.90909		0.88083		0.89474		0.79365
996		5501.96		0.94955		0.9471		0.89147		0.8794		0.90674		0.89286		0.78334
997		5503.13		0.95342		0.95159		0.90181		0.94798		0.84974		0.89617		0.80789
998		5504.49		0.95273		0.95107		0.89922		0.89691		0.90155		0.89922		0.79846
999		5506.24		0.95048		0.9492		0.88114		0.85507		0.9171		0.885		0.76432
1000		5507.68		0.95185		0.95112		0.89922		0.91848		0.87565		0.89655		0.79929
fold: 4
Epoch		Time		AUC		AUPR		Accuracy		Precision		Recall		F1-score		Mcc
1		5509.89		0.78481		0.72222		0.72351		0.77922		0.62176		0.69164		0.45611
AUC improved at epoch  1 ;	best_auc: 0.7848138454142407
2		5511.21		0.799		0.73923		0.7261		0.76687		0.64767		0.70225		0.45751
AUC improved at epoch  2 ;	best_auc: 0.7989957801399497
3		5512.36		0.7999		0.74271		0.7261		0.77358		0.63731		0.69886		0.45909
AUC improved at epoch  3 ;	best_auc: 0.7999038512899952
4		5513.5		0.79916		0.74447		0.72093		0.77778		0.61658		0.68786		0.45132
5		5514.88		0.7991		0.74304		0.73385		0.77439		0.65803		0.71148		0.47284
6		5516.64		0.80001		0.74431		0.7416		0.76571		0.6943		0.72826		0.48518
AUC improved at epoch  6 ;	best_auc: 0.8000106831900005
7		5518.29		0.79934		0.74041		0.73385		0.73684		0.72539		0.73107		0.46773
8		5519.43		0.79889		0.73946		0.73643		0.74074		0.72539		0.73298		0.47294
9		5520.64		0.79814		0.7442		0.73643		0.74863		0.70984		0.72872		0.47343
10		5521.91		0.79761		0.74126		0.73385		0.74457		0.70984		0.72679		0.46814
11		5523.29		0.79798		0.74136		0.73643		0.74863		0.70984		0.72872		0.47343
12		5524.43		0.7991		0.74878		0.7416		0.76271		0.69948		0.72973		0.48475
13		5525.8		0.80108		0.75252		0.74677		0.74359		0.7513		0.74742		0.49358
AUC improved at epoch  13 ;	best_auc: 0.8010790021900539
14		5527.23		0.80132		0.76046		0.74677		0.75401		0.73057		0.74211		0.49373
AUC improved at epoch  14 ;	best_auc: 0.8013193739650659
15		5528.98		0.80113		0.76566		0.73385		0.73196		0.73575		0.73385		0.46771
16		5530.6		0.79921		0.76794		0.73127		0.69955		0.80829		0.75		0.4684
17		5532.18		0.80022		0.76702		0.73643		0.72864		0.7513		0.7398		0.47313
18		5533.86		0.80738		0.77065		0.74677		0.72512		0.79275		0.75743		0.49581
AUC improved at epoch  18 ;	best_auc: 0.8073820842903691
19		5535.31		0.81299		0.77258		0.74419		0.70614		0.8342		0.76485		0.49679
AUC improved at epoch  19 ;	best_auc: 0.8129907590406495
20		5536.84		0.8143		0.77557		0.74677		0.73632		0.76684		0.75127		0.49401
AUC improved at epoch  20 ;	best_auc: 0.814299449815715
21		5538.18		0.81539		0.77647		0.74935		0.75263		0.74093		0.74674		0.49874
AUC improved at epoch  21 ;	best_auc: 0.8153944767907697
22		5539.47		0.81761		0.78317		0.75452		0.7402		0.78238		0.76071		0.50994
AUC improved at epoch  22 ;	best_auc: 0.8176112387158805
23		5540.77		0.81953		0.78501		0.74677		0.70925		0.8342		0.76667		0.50156
AUC improved at epoch  23 ;	best_auc: 0.8195342129159767
24		5542.75		0.81991		0.78532		0.74419		0.71364		0.81347		0.76029		0.49338
AUC improved at epoch  24 ;	best_auc: 0.8199081245659954
25		5544.22		0.81945		0.78475		0.75452		0.745		0.77202		0.75827		0.50942
26		5546.15		0.8205		0.78806		0.75194		0.74129		0.77202		0.75635		0.50436
AUC improved at epoch  26 ;	best_auc: 0.8204957000160247
27		5547.58		0.82122		0.78635		0.74935		0.71818		0.81865		0.76513		0.50381
AUC improved at epoch  27 ;	best_auc: 0.8212168153410607
28		5548.97		0.82124		0.78821		0.75194		0.72146		0.81865		0.76699		0.50865
AUC improved at epoch  28 ;	best_auc: 0.8212435233160622
29		5550.16		0.82076		0.78791		0.74935		0.73301		0.78238		0.75689		0.49992
30		5551.45		0.82007		0.78759		0.74677		0.73399		0.77202		0.75253		0.49426
31		5552.96		0.82068		0.79075		0.75452		0.72072		0.82902		0.77108		0.51504
32		5554.5		0.82266		0.79298		0.75194		0.71749		0.82902		0.76923		0.51024
AUC improved at epoch  32 ;	best_auc: 0.8226590459911329
33		5556.37		0.8233		0.79427		0.74935		0.73077		0.78756		0.7581		0.50031
AUC improved at epoch  33 ;	best_auc: 0.8233000373911651
34		5558.27		0.82405		0.79545		0.75969		0.76042		0.75648		0.75844		0.51938
AUC improved at epoch  34 ;	best_auc: 0.8240478606912023
35		5559.84		0.82709		0.80031		0.75969		0.74272		0.79275		0.76692		0.52064
AUC improved at epoch  35 ;	best_auc: 0.8270925698413546
36		5561.49		0.83016		0.80559		0.76744		0.73303		0.83938		0.78261		0.54074
AUC improved at epoch  36 ;	best_auc: 0.8301639869665083
37		5563.19		0.83086		0.80768		0.75969		0.73364		0.81347		0.7715		0.5226
AUC improved at epoch  37 ;	best_auc: 0.830858394316543
38		5564.35		0.83067		0.80803		0.76227		0.75377		0.7772		0.76531		0.52484
39		5565.46		0.83129		0.81116		0.76227		0.75124		0.78238		0.7665		0.52504
AUC improved at epoch  39 ;	best_auc: 0.8312857219165642
40		5566.62		0.83412		0.81362		0.75194		0.71946		0.82383		0.76812		0.50942
AUC improved at epoch  40 ;	best_auc: 0.8341167672667058
41		5567.99		0.83551		0.8158		0.74935		0.71429		0.82902		0.76739		0.50544
AUC improved at epoch  41 ;	best_auc: 0.8355055819667753
42		5569.12		0.83623		0.81835		0.75969		0.7451		0.78756		0.76574		0.52029
AUC improved at epoch  42 ;	best_auc: 0.8362266972918113
43		5570.27		0.83794		0.82153		0.76486		0.75758		0.7772		0.76726		0.52992
AUC improved at epoch  43 ;	best_auc: 0.8379360076918968
44		5572.12		0.84149		0.82498		0.77003		0.74299		0.82383		0.78133		0.54339
AUC improved at epoch  44 ;	best_auc: 0.8414881683670744
45		5573.64		0.84354		0.82652		0.77519		0.74537		0.8342		0.78729		0.55445
AUC improved at epoch  45 ;	best_auc: 0.8435446824421773
46		5574.82		0.84387		0.82873		0.76486		0.74519		0.80311		0.77307		0.53141
AUC improved at epoch  46 ;	best_auc: 0.8438651781421933
47		5576.03		0.84352		0.83082		0.75711		0.75127		0.76684		0.75897		0.51434
48		5577.24		0.84576		0.83324		0.77778		0.75355		0.82383		0.78713		0.55808
AUC improved at epoch  48 ;	best_auc: 0.8457614443672881
49		5578.6		0.84835		0.83599		0.78553		0.75		0.85492		0.79903		0.57685
AUC improved at epoch  49 ;	best_auc: 0.8483521179424176
50		5579.89		0.84809		0.8375		0.77778		0.74884		0.8342		0.78922		0.55931
51		5581.39		0.84349		0.83454		0.76744		0.77249		0.75648		0.7644		0.53497
52		5582.78		0.84809		0.84032		0.77778		0.75117		0.82902		0.78818		0.55866
53		5584.06		0.85281		0.84445		0.79328		0.75111		0.87565		0.80861		0.59492
AUC improved at epoch  53 ;	best_auc: 0.8528123497676406
54		5585.43		0.8526		0.84599		0.78295		0.76077		0.82383		0.79104		0.56793
55		5586.73		0.85204		0.84727		0.77519		0.77041		0.78238		0.77635		0.55047
56		5588.15		0.851		0.84771		0.77778		0.75598		0.81865		0.78607		0.55756
57		5589.61		0.85284		0.84959		0.78811		0.75576		0.84974		0.8		0.58084
AUC improved at epoch  57 ;	best_auc: 0.852839057742642
58		5591.16		0.85634		0.8522		0.78553		0.76699		0.81865		0.79198		0.57242
AUC improved at epoch  58 ;	best_auc: 0.856337802467817
59		5592.67		0.85711		0.85334		0.78553		0.76699		0.81865		0.79198		0.57242
AUC improved at epoch  59 ;	best_auc: 0.8571123337428557
60		5594.16		0.85885		0.85592		0.80103		0.76606		0.86528		0.81265		0.60728
AUC improved at epoch  60 ;	best_auc: 0.8588483521179424
61		5595.87		0.85778		0.85655		0.79328		0.76279		0.84974		0.80392		0.59051
62		5597.61		0.85984		0.85818		0.7907		0.78571		0.79793		0.79177		0.58148
AUC improved at epoch  62 ;	best_auc: 0.8598365471929919
63		5599.03		0.86219		0.85938		0.79587		0.77941		0.82383		0.80101		0.59275
AUC improved at epoch  63 ;	best_auc: 0.8621868489931095
64		5600.26		0.86291		0.86143		0.80103		0.76364		0.87047		0.81356		0.60815
AUC improved at epoch  64 ;	best_auc: 0.8629079643181454
65		5601.51		0.86179		0.8617		0.79328		0.76777		0.83938		0.80198		0.58921
66		5603.06		0.8648		0.86158		0.7907		0.77723		0.81347		0.79494		0.58207
AUC improved at epoch  66 ;	best_auc: 0.8648042305432403
67		5604.74		0.86683		0.86396		0.80362		0.7799		0.84456		0.81095		0.6094
AUC improved at epoch  67 ;	best_auc: 0.8668340366433417
68		5606.21		0.86659		0.86501		0.79845		0.76995		0.84974		0.80788		0.60022
69		5607.68		0.86699		0.86512		0.79845		0.78049		0.82902		0.80402		0.59811
AUC improved at epoch  69 ;	best_auc: 0.8669942844933498
70		5609.09		0.87188		0.86867		0.79587		0.76636		0.84974		0.8059		0.59536
AUC improved at epoch  70 ;	best_auc: 0.871881843918594
71		5610.88		0.87316		0.86893		0.79845		0.78325		0.82383		0.80303		0.59775
AUC improved at epoch  71 ;	best_auc: 0.8731638267186582
72		5612.31		0.87266		0.86967		0.79845		0.77251		0.84456		0.80693		0.59959
73		5613.79		0.87204		0.86946		0.79587		0.76887		0.84456		0.80494		0.5947
74		5615.07		0.87656		0.87186		0.80103		0.77619		0.84456		0.80893		0.60449
AUC improved at epoch  74 ;	best_auc: 0.8765557395438279
75		5617.12		0.88043		0.87479		0.81395		0.78404		0.86528		0.82266		0.63138
AUC improved at epoch  75 ;	best_auc: 0.8804283959190213
76		5618.48		0.87656		0.87375		0.80103		0.79293		0.81347		0.80307		0.60229
77		5619.64		0.88259		0.87845		0.79845		0.75785		0.87565		0.8125		0.60436
AUC improved at epoch  77 ;	best_auc: 0.8825917418941296
78		5620.79		0.88072		0.87888		0.80879		0.80203		0.81865		0.81026		0.61772
79		5621.93		0.88139		0.87818		0.81395		0.79803		0.83938		0.81818		0.62879
80		5623.25		0.88676		0.88299		0.81395		0.82703		0.79275		0.80952		0.6284
AUC improved at epoch  80 ;	best_auc: 0.8867581859943379
81		5624.88		0.89151		0.88679		0.80362		0.76471		0.87565		0.81643		0.61384
AUC improved at epoch  81 ;	best_auc: 0.8915122055445756
82		5626.54		0.8862		0.88834		0.81912		0.80296		0.84456		0.82323		0.63914
83		5628.01		0.89386		0.89338		0.82687		0.80882		0.85492		0.83123		0.65485
AUC improved at epoch  83 ;	best_auc: 0.8938625073446932
84		5629.32		0.89685		0.89493		0.82429		0.82723		0.81865		0.82292		0.6486
AUC improved at epoch  84 ;	best_auc: 0.8968538005448428
85		5630.48		0.89707		0.89597		0.83463		0.81773		0.8601		0.83838		0.67019
AUC improved at epoch  85 ;	best_auc: 0.8970674643448533
86		5632.12		0.89319		0.89612		0.83463		0.8342		0.8342		0.8342		0.66925
87		5633.72		0.89688		0.89924		0.82687		0.80882		0.85492		0.83123		0.65485
88		5635.16		0.90073		0.90033		0.82429		0.82051		0.82902		0.82474		0.64862
AUC improved at epoch  88 ;	best_auc: 0.9007264569200364
89		5636.33		0.90126		0.90287		0.82687		0.82143		0.8342		0.82776		0.65384
AUC improved at epoch  89 ;	best_auc: 0.9012606164200629
90		5637.55		0.8991		0.90411		0.82687		0.815		0.84456		0.82952		0.6542
91		5638.71		0.90257		0.90703		0.84238		0.82039		0.87565		0.84712		0.68636
AUC improved at epoch  91 ;	best_auc: 0.9025693071951284
92		5639.98		0.90714		0.91009		0.83979		0.84293		0.8342		0.83854		0.67961
AUC improved at epoch  92 ;	best_auc: 0.9071363709203568
93		5641.2		0.91064		0.91331		0.83204		0.80189		0.88083		0.83951		0.66739
AUC improved at epoch  93 ;	best_auc: 0.9106351156455317
94		5642.43		0.90577		0.91308		0.82687		0.87059		0.76684		0.81543		0.65831
95		5643.71		0.91213		0.91735		0.81912		0.77093		0.90674		0.83333		0.64848
AUC improved at epoch  95 ;	best_auc: 0.9121307622456065
96		5645.14		0.91218		0.91733		0.83979		0.83249		0.84974		0.84103		0.67975
AUC improved at epoch  96 ;	best_auc: 0.9121841781956092
97		5646.38		0.91317		0.91849		0.83204		0.85556		0.79793		0.82574		0.66553
AUC improved at epoch  97 ;	best_auc: 0.9131723732706587
98		5648.05		0.91226		0.917		0.83463		0.81773		0.8601		0.83838		0.67019
99		5649.51		0.91483		0.92058		0.84238		0.81731		0.88083		0.84788		0.68688
AUC improved at epoch  99 ;	best_auc: 0.9148282677207414
100		5650.93		0.91018		0.91632		0.85013		0.83582		0.87047		0.85279		0.70089
101		5652.51		0.91448		0.92115		0.86047		0.84925		0.87565		0.86224		0.7213
102		5654.21		0.9175		0.92343		0.83979		0.81951		0.87047		0.84422		0.68095
AUC improved at epoch  102 ;	best_auc: 0.917499065220875
103		5655.58		0.91798		0.92324		0.83979		0.82587		0.8601		0.84264		0.6802
AUC improved at epoch  103 ;	best_auc: 0.9179798087708989
104		5656.82		0.91921		0.92594		0.8553		0.85128		0.8601		0.85567		0.71064
AUC improved at epoch  104 ;	best_auc: 0.9192083756209605
105		5658.18		0.91926		0.92799		0.8553		0.82775		0.89637		0.8607		0.7131
AUC improved at epoch  105 ;	best_auc: 0.9192617915709631
106		5659.41		0.91873		0.92858		0.85271		0.8301		0.88601		0.85714		0.70707
107		5660.61		0.92217		0.93083		0.85013		0.83582		0.87047		0.85279		0.70089
AUC improved at epoch  107 ;	best_auc: 0.9221729608461087
108		5661.82		0.92212		0.92877		0.8553		0.84772		0.86528		0.85641		0.71076
109		5663.0		0.92188		0.92956		0.85013		0.84264		0.8601		0.85128		0.70042
110		5664.6		0.92014		0.92892		0.8553		0.84772		0.86528		0.85641		0.71076
111		5665.93		0.92148		0.92948		0.84755		0.83168		0.87047		0.85063		0.69588
112		5667.24		0.92402		0.92867		0.85788		0.845		0.87565		0.86005		0.71626
AUC improved at epoch  112 ;	best_auc: 0.9240158111212008
113		5668.63		0.92698		0.93091		0.86047		0.83575		0.89637		0.865		0.72287
AUC improved at epoch  113 ;	best_auc: 0.926980396346349
114		5670.26		0.92845		0.93414		0.85788		0.84848		0.87047		0.85934		0.71602
AUC improved at epoch  114 ;	best_auc: 0.9284493349714225
115		5671.58		0.92938		0.9366		0.8553		0.83092		0.89119		0.86		0.71251
AUC improved at epoch  115 ;	best_auc: 0.9293841140964693
116		5673.04		0.92984		0.93756		0.86822		0.84466		0.90155		0.87218		0.73815
AUC improved at epoch  116 ;	best_auc: 0.9298381496714918
117		5674.36		0.93091		0.93692		0.86305		0.85		0.88083		0.86514		0.7266
AUC improved at epoch  117 ;	best_auc: 0.9309064686715453
118		5675.86		0.93248		0.93748		0.84755		0.81308		0.90155		0.85504		0.6993
AUC improved at epoch  118 ;	best_auc: 0.9324822391966241
119		5677.28		0.92888		0.93529		0.87855		0.87629		0.88083		0.87855		0.75712
120		5678.58		0.93173		0.93853		0.87597		0.84689		0.9171		0.8806		0.75457
121		5680.17		0.93024		0.93625		0.87597		0.85714		0.90155		0.87879		0.75298
122		5681.76		0.92933		0.93266		0.86305		0.86842		0.85492		0.86162		0.72617
123		5683.43		0.93278		0.93528		0.84755		0.81604		0.89637		0.85432		0.69854
AUC improved at epoch  123 ;	best_auc: 0.9327760269216387
124		5684.94		0.93205		0.93363		0.88889		0.875		0.90674		0.89059		0.77831
125		5686.21		0.92898		0.93224		0.87855		0.87245		0.88601		0.87918		0.75721
126		5687.61		0.9316		0.93665		0.86563		0.83732		0.90674		0.87065		0.73383
127		5688.98		0.93035		0.93558		0.86305		0.85		0.88083		0.86514		0.7266
128		5690.38		0.93328		0.93634		0.87855		0.865		0.89637		0.88041		0.75762
AUC improved at epoch  128 ;	best_auc: 0.9332834784466641
129		5692.05		0.93507		0.93658		0.8553		0.8216		0.90674		0.86207		0.71449
AUC improved at epoch  129 ;	best_auc: 0.9350729127717535
130		5693.54		0.93561		0.93649		0.8708		0.86667		0.87565		0.87113		0.74165
AUC improved at epoch  130 ;	best_auc: 0.9356070722717804
131		5694.93		0.9363		0.93866		0.8553		0.83744		0.88083		0.85859		0.71158
AUC improved at epoch  131 ;	best_auc: 0.9363014796218151
132		5696.45		0.93662		0.94014		0.8708		0.84541		0.90674		0.875		0.7436
AUC improved at epoch  132 ;	best_auc: 0.936621975321831
133		5697.83		0.92978		0.93485		0.86822		0.85859		0.88083		0.86957		0.7367
134		5699.38		0.93152		0.93618		0.87597		0.8607		0.89637		0.87817		0.75261
135		5700.88		0.93571		0.93816		0.85788		0.84848		0.87047		0.85934		0.71602
136		5702.18		0.9388		0.94122		0.86305		0.85714		0.87047		0.86375		0.72619
AUC improved at epoch  136 ;	best_auc: 0.93879867528444
137		5703.68		0.94065		0.9438		0.86563		0.84058		0.90155		0.87		0.73324
AUC improved at epoch  137 ;	best_auc: 0.9406548795470329
138		5705.16		0.93908		0.94317		0.88114		0.86935		0.89637		0.88265		0.76266
139		5706.48		0.93609		0.94069		0.88372		0.87374		0.89637		0.88491		0.76771
140		5708.71		0.93406		0.93764		0.86822		0.85859		0.88083		0.86957		0.7367
141		5710.24		0.93521		0.93817		0.87597		0.87565		0.87565		0.87565		0.75194
142		5711.36		0.93748		0.94017		0.86822		0.85149		0.89119		0.87089		0.73726
143		5712.51		0.93964		0.94186		0.86822		0.84466		0.90155		0.87218		0.73815
144		5713.72		0.93928		0.94198		0.86305		0.85		0.88083		0.86514		0.7266
145		5715.1		0.93887		0.94262		0.86822		0.86224		0.87565		0.86889		0.73653
146		5716.3		0.93824		0.94237		0.86563		0.84729		0.89119		0.86869		0.73228
147		5717.57		0.93555		0.93948		0.86305		0.85354		0.87565		0.86445		0.72636
148		5718.95		0.93416		0.93803		0.85271		0.84343		0.86528		0.85422		0.70568
149		5720.2		0.93581		0.93891		0.85271		0.84		0.87047		0.85496		0.70591
150		5722.08		0.93927		0.94239		0.85788		0.83173		0.89637		0.86284		0.71798
151		5723.32		0.94055		0.94398		0.87339		0.86364		0.88601		0.87468		0.74703
152		5724.45		0.9417		0.94529		0.87339		0.86364		0.88601		0.87468		0.74703
AUC improved at epoch  152 ;	best_auc: 0.9416964905720848
153		5725.59		0.93975		0.94366		0.86822		0.855		0.88601		0.87023		0.73694
154		5726.89		0.93947		0.94403		0.86305		0.84653		0.88601		0.86582		0.72692
155		5728.12		0.93964		0.94489		0.86305		0.84314		0.89119		0.8665		0.72731
156		5729.38		0.93646		0.94205		0.86822		0.85859		0.88083		0.86957		0.7367
157		5730.51		0.93713		0.94294		0.85788		0.83824		0.88601		0.86146		0.71696
158		5731.9		0.93781		0.94342		0.85788		0.83495		0.89119		0.86216		0.71743
159		5733.12		0.93768		0.94311		0.86305		0.84653		0.88601		0.86582		0.72692
160		5734.82		0.93915		0.94419		0.86305		0.85354		0.87565		0.86445		0.72636
161		5736.23		0.9406		0.9461		0.87339		0.86364		0.88601		0.87468		0.74703
162		5737.84		0.93997		0.94557		0.8708		0.84878		0.90155		0.87437		0.74307
163		5739.58		0.93892		0.94443		0.86563		0.85075		0.88601		0.86802		0.73192
164		5741.04		0.9372		0.94275		0.86822		0.85149		0.89119		0.87089		0.73726
165		5742.16		0.93742		0.94273		0.86305		0.85714		0.87047		0.86375		0.72619
166		5743.47		0.93953		0.94519		0.86305		0.85		0.88083		0.86514		0.7266
167		5744.63		0.94115		0.94671		0.86305		0.84653		0.88601		0.86582		0.72692
168		5745.78		0.94228		0.94713		0.87339		0.86		0.89119		0.87532		0.74728
AUC improved at epoch  168 ;	best_auc: 0.9422840660221142
169		5746.98		0.94207		0.94665		0.86822		0.855		0.88601		0.87023		0.73694
170		5748.12		0.9412		0.94641		0.86563		0.85787		0.87565		0.86667		0.73143
171		5749.97		0.94162		0.94703		0.87597		0.85366		0.90674		0.8794		0.75343
172		5751.45		0.94025		0.94609		0.87597		0.85024		0.91192		0.88		0.75396
173		5752.98		0.93961		0.94573		0.8708		0.84878		0.90155		0.87437		0.74307
174		5754.46		0.93965		0.94568		0.87339		0.85294		0.90155		0.87657		0.74801
175		5756.11		0.94119		0.94699		0.87339		0.85294		0.90155		0.87657		0.74801
176		5757.69		0.94287		0.9481		0.87339		0.86364		0.88601		0.87468		0.74703
AUC improved at epoch  176 ;	best_auc: 0.9428716414721436
177		5759.39		0.9426		0.94758		0.8708		0.85572		0.89119		0.8731		0.74226
178		5760.9		0.94222		0.94709		0.86822		0.86224		0.87565		0.86889		0.73653
179		5762.07		0.94182		0.94691		0.87597		0.87958		0.87047		0.875		0.75197
180		5763.33		0.94172		0.94689		0.87339		0.86735		0.88083		0.87404		0.74687
181		5764.57		0.94232		0.94779		0.86822		0.84466		0.90155		0.87218		0.73815
182		5766.42		0.9419		0.94723		0.86305		0.83981		0.89637		0.86717		0.72779
183		5767.72		0.94103		0.94604		0.85788		0.84158		0.88083		0.86076		0.71657
184		5769.55		0.93999		0.94473		0.85013		0.83251		0.87565		0.85354		0.70123
185		5770.63		0.93929		0.94343		0.85013		0.83582		0.87047		0.85279		0.70089
186		5771.9		0.93955		0.9437		0.86047		0.84925		0.87565		0.86224		0.7213
187		5772.98		0.93892		0.94386		0.86047		0.84925		0.87565		0.86224		0.7213
188		5774.06		0.93989		0.94551		0.8708		0.8593		0.88601		0.87245		0.74198
189		5775.23		0.94004		0.94625		0.87339		0.86364		0.88601		0.87468		0.74703
190		5776.35		0.94172		0.94829		0.8708		0.85222		0.89637		0.87374		0.74263
191		5777.49		0.94319		0.94914		0.8708		0.85572		0.89119		0.8731		0.74226
AUC improved at epoch  191 ;	best_auc: 0.9431921371721596
192		5778.66		0.94399		0.94933		0.86305		0.84653		0.88601		0.86582		0.72692
AUC improved at epoch  192 ;	best_auc: 0.9439933764221997
193		5780.45		0.94433		0.94932		0.86563		0.85075		0.88601		0.86802		0.73192
AUC improved at epoch  193 ;	best_auc: 0.9443272261097164
194		5782.26		0.94303		0.9481		0.87855		0.87245		0.88601		0.87918		0.75721
195		5783.48		0.94154		0.94679		0.86563		0.85787		0.87565		0.86667		0.73143
196		5784.64		0.94005		0.9456		0.87339		0.86364		0.88601		0.87468		0.74703
197		5785.8		0.93853		0.9438		0.86822		0.855		0.88601		0.87023		0.73694
198		5787.23		0.93812		0.94326		0.8708		0.85222		0.89637		0.87374		0.74263
199		5788.35		0.93883		0.94399		0.8708		0.85222		0.89637		0.87374		0.74263
200		5789.55		0.9396		0.94482		0.86305		0.85		0.88083		0.86514		0.7266
201		5790.77		0.94051		0.94564		0.87339		0.86364		0.88601		0.87468		0.74703
202		5792.03		0.94076		0.94674		0.87339		0.86735		0.88083		0.87404		0.74687
203		5793.72		0.9413		0.94803		0.86822		0.86224		0.87565		0.86889		0.73653
204		5795.73		0.94196		0.94885		0.86563		0.85427		0.88083		0.86735		0.73164
205		5797.39		0.94256		0.94941		0.86305		0.85		0.88083		0.86514		0.7266
206		5798.79		0.94283		0.94943		0.86305		0.84653		0.88601		0.86582		0.72692
207		5800.12		0.94325		0.9498		0.86563		0.84058		0.90155		0.87		0.73324
208		5801.38		0.94317		0.94952		0.86047		0.83575		0.89637		0.865		0.72287
209		5802.86		0.94262		0.94898		0.85788		0.84158		0.88083		0.86076		0.71657
210		5804.35		0.94248		0.94838		0.86563		0.85787		0.87565		0.86667		0.73143
211		5806.0		0.94184		0.94752		0.8708		0.86667		0.87565		0.87113		0.74165
212		5807.39		0.94127		0.94703		0.86822		0.86598		0.87047		0.86822		0.73645
213		5808.54		0.94083		0.9465		0.86305		0.86082		0.86528		0.86305		0.72611
214		5809.73		0.94047		0.94657		0.86563		0.85787		0.87565		0.86667		0.73143
215		5810.99		0.93989		0.94615		0.86305		0.85		0.88083		0.86514		0.7266
216		5812.71		0.93977		0.94618		0.86563		0.84729		0.89119		0.86869		0.73228
217		5814.33		0.94021		0.94661		0.86305		0.84314		0.89119		0.8665		0.72731
218		5816.23		0.94007		0.94646		0.86047		0.84236		0.88601		0.86364		0.72193
219		5817.79		0.94053		0.9469		0.85788		0.84158		0.88083		0.86076		0.71657
220		5819.16		0.94029		0.94664		0.85788		0.845		0.87565		0.86005		0.71626
221		5820.4		0.94072		0.94713		0.86047		0.84925		0.87565		0.86224		0.7213
222		5821.58		0.94132		0.94764		0.86563		0.85427		0.88083		0.86735		0.73164
223		5822.78		0.94263		0.94892		0.88114		0.86935		0.89637		0.88265		0.76266
224		5824.3		0.94319		0.94924		0.87597		0.87179		0.88083		0.87629		0.75198
225		5825.98		0.94282		0.94883		0.86822		0.86598		0.87047		0.86822		0.73645
226		5827.53		0.94266		0.94868		0.8708		0.87047		0.87047		0.87047		0.7416
227		5829.12		0.94231		0.9483		0.86822		0.86598		0.87047		0.86822		0.73645
228		5831.11		0.94188		0.94805		0.86563		0.85787		0.87565		0.86667		0.73143
229		5832.28		0.94162		0.94783		0.86305		0.85		0.88083		0.86514		0.7266
230		5833.5		0.94164		0.94759		0.86563		0.84729		0.89119		0.86869		0.73228
231		5834.71		0.94053		0.94644		0.86563		0.84729		0.89119		0.86869		0.73228
232		5836.03		0.9404		0.94646		0.86563		0.84729		0.89119		0.86869		0.73228
233		5837.15		0.94099		0.9472		0.86822		0.85149		0.89119		0.87089		0.73726
234		5838.29		0.94216		0.94814		0.8708		0.85572		0.89119		0.8731		0.74226
235		5839.47		0.9424		0.94793		0.8708		0.8593		0.88601		0.87245		0.74198
236		5840.81		0.94303		0.94836		0.87339		0.86364		0.88601		0.87468		0.74703
237		5841.95		0.9428		0.9481		0.87339		0.86735		0.88083		0.87404		0.74687
238		5843.1		0.94262		0.94771		0.87855		0.87245		0.88601		0.87918		0.75721
239		5844.47		0.94187		0.94686		0.87855		0.87245		0.88601		0.87918		0.75721
240		5846.12		0.9413		0.94626		0.87597		0.86802		0.88601		0.87692		0.75211
241		5847.92		0.93991		0.94527		0.86047		0.85279		0.87047		0.86154		0.7211
242		5849.17		0.93857		0.94416		0.86563		0.86154		0.87047		0.86598		0.73131
243		5850.34		0.93899		0.94442		0.86563		0.86154		0.87047		0.86598		0.73131
244		5851.49		0.93943		0.94455		0.86047		0.85641		0.86528		0.86082		0.72097
245		5852.9		0.94008		0.94505		0.85788		0.84848		0.87047		0.85934		0.71602
246		5854.23		0.94079		0.94576		0.87339		0.86735		0.88083		0.87404		0.74687
247		5855.72		0.94147		0.9466		0.87339		0.86735		0.88083		0.87404		0.74687
248		5857.44		0.94202		0.94711		0.87339		0.86364		0.88601		0.87468		0.74703
249		5859.26		0.94247		0.94778		0.87855		0.87245		0.88601		0.87918		0.75721
250		5860.91		0.94339		0.94851		0.86822		0.855		0.88601		0.87023		0.73694
251		5862.89		0.94469		0.94984		0.86305		0.84653		0.88601		0.86582		0.72692
AUC improved at epoch  251 ;	best_auc: 0.9446877837722343
252		5864.07		0.94485		0.95034		0.86563		0.84729		0.89119		0.86869		0.73228
AUC improved at epoch  252 ;	best_auc: 0.9448480316222425
253		5865.2		0.9435		0.94941		0.87339		0.86		0.89119		0.87532		0.74728
254		5866.64		0.94293		0.9492		0.86822		0.86598		0.87047		0.86822		0.73645
255		5867.8		0.94223		0.94854		0.8708		0.87047		0.87047		0.87047		0.7416
256		5869.1		0.94196		0.94851		0.86822		0.86598		0.87047		0.86822		0.73645
257		5870.2		0.94282		0.94914		0.86047		0.85279		0.87047		0.86154		0.7211
258		5871.59		0.94357		0.94977		0.85788		0.845		0.87565		0.86005		0.71626
259		5873.31		0.94262		0.94864		0.85788		0.845		0.87565		0.86005		0.71626
260		5874.75		0.94203		0.948		0.86305		0.85		0.88083		0.86514		0.7266
261		5875.93		0.9412		0.94681		0.86047		0.85279		0.87047		0.86154		0.7211
262		5877.03		0.94104		0.94627		0.86305		0.85354		0.87565		0.86445		0.72636
263		5879.07		0.94138		0.94661		0.86305		0.84314		0.89119		0.8665		0.72731
264		5880.16		0.94127		0.94659		0.86822		0.84804		0.89637		0.87154		0.73766
265		5881.27		0.94126		0.94684		0.87339		0.86		0.89119		0.87532		0.74728
266		5882.48		0.94154		0.94734		0.87597		0.8607		0.89637		0.87817		0.75261
267		5883.96		0.94216		0.94771		0.88114		0.87692		0.88601		0.88144		0.76232
268		5885.68		0.94244		0.94793		0.87855		0.88021		0.87565		0.87792		0.75711
269		5887.14		0.94258		0.9478		0.88114		0.88889		0.87047		0.87958		0.76242
270		5888.31		0.94317		0.94835		0.87855		0.88021		0.87565		0.87792		0.75711
271		5889.53		0.94325		0.94815		0.87597		0.8607		0.89637		0.87817		0.75261
272		5890.9		0.94347		0.94814		0.8708		0.85572		0.89119		0.8731		0.74226
273		5892.04		0.94212		0.94737		0.86305		0.85354		0.87565		0.86445		0.72636
274		5893.19		0.9414		0.94706		0.86305		0.85354		0.87565		0.86445		0.72636
275		5894.49		0.94055		0.94666		0.86563		0.85075		0.88601		0.86802		0.73192
276		5896.47		0.93979		0.94597		0.86563		0.84729		0.89119		0.86869		0.73228
277		5897.71		0.93948		0.94544		0.86047		0.84577		0.88083		0.86294		0.72158
278		5898.82		0.94052		0.9466		0.86822		0.86598		0.87047		0.86822		0.73645
279		5899.98		0.94199		0.94751		0.87339		0.87113		0.87565		0.87339		0.74678
280		5901.15		0.9429		0.94786		0.87597		0.87179		0.88083		0.87629		0.75198
281		5902.43		0.9441		0.94886		0.87339		0.86735		0.88083		0.87404		0.74687
282		5903.57		0.94426		0.94922		0.8708		0.85572		0.89119		0.8731		0.74226
283		5904.73		0.9449		0.94998		0.86822		0.85859		0.88083		0.86957		0.7367
AUC improved at epoch  283 ;	best_auc: 0.944901447572245
284		5906.22		0.94441		0.94949		0.86822		0.85859		0.88083		0.86957		0.7367
285		5907.91		0.94437		0.94961		0.87339		0.86735		0.88083		0.87404		0.74687
286		5909.41		0.94417		0.9494		0.8708		0.86667		0.87565		0.87113		0.74165
287		5910.55		0.94327		0.94887		0.8708		0.86667		0.87565		0.87113		0.74165
288		5911.7		0.9437		0.94895		0.87597		0.86432		0.89119		0.87755		0.75232
289		5913.6		0.94346		0.94864		0.87597		0.8607		0.89637		0.87817		0.75261
290		5915.62		0.94357		0.94864		0.87597		0.86432		0.89119		0.87755		0.75232
291		5917.09		0.94402		0.94907		0.87597		0.87179		0.88083		0.87629		0.75198
292		5918.32		0.94394		0.949		0.87339		0.875		0.87047		0.87273		0.74677
293		5919.41		0.94463		0.94963		0.87855		0.88021		0.87565		0.87792		0.75711
294		5920.64		0.94596		0.95078		0.87855		0.87629		0.88083		0.87855		0.75712
AUC improved at epoch  294 ;	best_auc: 0.9459564125847979
295		5921.77		0.94612		0.9512		0.88372		0.87		0.90155		0.8855		0.76796
AUC improved at epoch  295 ;	best_auc: 0.9461166604348057
296		5922.99		0.94596		0.95151		0.88114		0.86567		0.90155		0.88325		0.76295
297		5924.09		0.94447		0.95047		0.8863		0.88205		0.89119		0.8866		0.77266
298		5925.3		0.94274		0.94977		0.88114		0.87692		0.88601		0.88144		0.76232
299		5926.79		0.94298		0.94993		0.88889		0.89062		0.88601		0.88831		0.77778
300		5928.93		0.94534		0.95105		0.87597		0.8607		0.89637		0.87817		0.75261
301		5930.52		0.94514		0.94973		0.8708		0.84878		0.90155		0.87437		0.74307
302		5931.85		0.94389		0.94883		0.87597		0.87958		0.87047		0.875		0.75197
303		5933.09		0.94116		0.94694		0.87597		0.90503		0.83938		0.87097		0.75387
304		5934.24		0.94191		0.94744		0.87339		0.87895		0.86528		0.87206		0.74685
305		5935.4		0.94323		0.94854		0.86822		0.8381		0.91192		0.87345		0.73935
306		5936.68		0.94421		0.94918		0.87339		0.84286		0.9171		0.87841		0.74972
307		5937.82		0.94363		0.94818		0.87855		0.865		0.89637		0.88041		0.75762
308		5938.93		0.94279		0.94728		0.87597		0.87179		0.88083		0.87629		0.75198
309		5940.03		0.94266		0.94724		0.87597		0.87565		0.87565		0.87565		0.75194
310		5941.9		0.94389		0.94885		0.87597		0.87565		0.87565		0.87565		0.75194
311		5943.69		0.94438		0.9497		0.88372		0.88144		0.88601		0.88372		0.76745
312		5945.41		0.94541		0.95119		0.88114		0.86567		0.90155		0.88325		0.76295
313		5946.99		0.94569		0.95184		0.87339		0.84951		0.90674		0.87719		0.7485
314		5948.2		0.94658		0.95245		0.8708		0.84541		0.90674		0.875		0.7436
AUC improved at epoch  314 ;	best_auc: 0.9465840499973293
315		5949.57		0.94626		0.95227		0.8708		0.84878		0.90155		0.87437		0.74307
316		5950.8		0.94588		0.95132		0.88114		0.87692		0.88601		0.88144		0.76232
317		5951.96		0.94592		0.95114		0.87597		0.87565		0.87565		0.87565		0.75194
318		5953.21		0.94522		0.95085		0.88114		0.88083		0.88083		0.88083		0.76227
319		5954.42		0.94482		0.95061		0.87855		0.87245		0.88601		0.87918		0.75721
320		5955.99		0.94475		0.95048		0.87339		0.86		0.89119		0.87532		0.74728
321		5957.62		0.94485		0.95065		0.86305		0.84314		0.89119		0.8665		0.72731
322		5959.13		0.94231		0.9482		0.86563		0.85075		0.88601		0.86802		0.73192
323		5960.28		0.94103		0.94724		0.8708		0.87047		0.87047		0.87047		0.7416
324		5961.54		0.94052		0.94692		0.87339		0.87113		0.87565		0.87339		0.74678
325		5962.67		0.94174		0.94795		0.87597		0.86802		0.88601		0.87692		0.75211
326		5963.91		0.94323		0.94924		0.86822		0.84804		0.89637		0.87154		0.73766
327		5965.05		0.94362		0.94959		0.86822		0.85149		0.89119		0.87089		0.73726
328		5966.51		0.94349		0.94957		0.8708		0.87047		0.87047		0.87047		0.7416
329		5967.82		0.94302		0.94972		0.8708		0.88235		0.85492		0.86842		0.74194
330		5968.92		0.94228		0.9495		0.87855		0.89674		0.85492		0.87533		0.7579
331		5970.08		0.94284		0.94977		0.88114		0.8973		0.8601		0.87831		0.7629
332		5971.72		0.94367		0.95056		0.87855		0.88021		0.87565		0.87792		0.75711
333		5973.33		0.94455		0.95105		0.87855		0.86869		0.89119		0.8798		0.75737
334		5974.91		0.94502		0.95113		0.8708		0.85222		0.89637		0.87374		0.74263
335		5976.13		0.94577		0.95119		0.87597		0.85714		0.90155		0.87879		0.75298
336		5977.3		0.94578		0.95108		0.87339		0.85644		0.89637		0.87595		0.74761
337		5978.41		0.9464		0.95166		0.87855		0.865		0.89637		0.88041		0.75762
338		5979.66		0.94594		0.95102		0.87855		0.87245		0.88601		0.87918		0.75721
339		5980.79		0.94594		0.95101		0.88114		0.87692		0.88601		0.88144		0.76232
340		5982.33		0.9463		0.95141		0.87855		0.87245		0.88601		0.87918		0.75721
341		5984.04		0.94666		0.95182		0.87597		0.86802		0.88601		0.87692		0.75211
AUC improved at epoch  341 ;	best_auc: 0.9466641739223333
342		5985.54		0.94613		0.95146		0.87339		0.86		0.89119		0.87532		0.74728
343		5986.69		0.94584		0.95143		0.87597		0.86432		0.89119		0.87755		0.75232
344		5987.94		0.94581		0.95146		0.87339		0.86		0.89119		0.87532		0.74728
345		5989.17		0.9461		0.95195		0.86563		0.84729		0.89119		0.86869		0.73228
346		5990.48		0.94586		0.95182		0.86047		0.84236		0.88601		0.86364		0.72193
347		5991.75		0.94586		0.95181		0.86563		0.85427		0.88083		0.86735		0.73164
348		5993.03		0.94562		0.95153		0.8708		0.8593		0.88601		0.87245		0.74198
349		5994.33		0.94514		0.95124		0.8708		0.8593		0.88601		0.87245		0.74198
350		5995.51		0.94474		0.95083		0.87339		0.86364		0.88601		0.87468		0.74703
351		5996.96		0.94528		0.9514		0.87339		0.86364		0.88601		0.87468		0.74703
352		5998.16		0.94537		0.95155		0.86822		0.855		0.88601		0.87023		0.73694
353		5999.49		0.94522		0.9514		0.86305		0.84653		0.88601		0.86582		0.72692
354		6001.03		0.94471		0.951		0.86563		0.8439		0.89637		0.86935		0.73272
355		6002.6		0.94473		0.95107		0.86563		0.8439		0.89637		0.86935		0.73272
356		6003.95		0.94502		0.95112		0.86822		0.84466		0.90155		0.87218		0.73815
357		6005.34		0.94489		0.95095		0.87339		0.85644		0.89637		0.87595		0.74761
358		6007.18		0.94442		0.95053		0.8708		0.8593		0.88601		0.87245		0.74198
359		6008.66		0.94383		0.94983		0.87597		0.87179		0.88083		0.87629		0.75198
360		6009.92		0.94394		0.94984		0.87339		0.87113		0.87565		0.87339		0.74678
361		6011.15		0.9433		0.94932		0.8708		0.86667		0.87565		0.87113		0.74165
362		6012.3		0.94341		0.9491		0.86822		0.86224		0.87565		0.86889		0.73653
363		6013.53		0.94374		0.94958		0.8708		0.86294		0.88083		0.87179		0.74177
364		6014.97		0.94433		0.95032		0.86822		0.85859		0.88083		0.86957		0.7367
365		6016.21		0.94442		0.95078		0.86563		0.85075		0.88601		0.86802		0.73192
366		6017.5		0.9441		0.95068		0.8708		0.85572		0.89119		0.8731		0.74226
367		6018.64		0.94406		0.95051		0.86563		0.85075		0.88601		0.86802		0.73192
368		6019.86		0.94421		0.95053		0.86822		0.855		0.88601		0.87023		0.73694
369		6020.98		0.94485		0.95084		0.8708		0.86294		0.88083		0.87179		0.74177
370		6022.15		0.94506		0.95104		0.86822		0.86224		0.87565		0.86889		0.73653
371		6023.31		0.94471		0.95045		0.87339		0.86735		0.88083		0.87404		0.74687
372		6024.59		0.94517		0.95083		0.87339		0.87113		0.87565		0.87339		0.74678
373		6025.97		0.94471		0.95057		0.87339		0.87113		0.87565		0.87339		0.74678
374		6027.63		0.9452		0.95123		0.86822		0.86224		0.87565		0.86889		0.73653
375		6028.91		0.94546		0.95174		0.8708		0.8593		0.88601		0.87245		0.74198
376		6030.27		0.94546		0.95157		0.87339		0.86		0.89119		0.87532		0.74728
377		6031.46		0.94509		0.95094		0.87339		0.86		0.89119		0.87532		0.74728
378		6032.68		0.94437		0.95008		0.87597		0.86432		0.89119		0.87755		0.75232
379		6033.85		0.9437		0.94895		0.87597		0.87179		0.88083		0.87629		0.75198
380		6035.2		0.94319		0.94821		0.88114		0.88083		0.88083		0.88083		0.76227
381		6036.55		0.9429		0.94787		0.87339		0.875		0.87047		0.87273		0.74677
382		6037.9		0.94258		0.94747		0.87339		0.87113		0.87565		0.87339		0.74678
383		6039.73		0.94295		0.94805		0.87597		0.87179		0.88083		0.87629		0.75198
384		6041.19		0.94423		0.94956		0.87339		0.86735		0.88083		0.87404		0.74687
385		6042.66		0.94538		0.95075		0.88372		0.87374		0.89637		0.88491		0.76771
386		6043.96		0.94565		0.95113		0.8863		0.87065		0.90674		0.88832		0.77329
387		6045.1		0.94561		0.9511		0.88372		0.87		0.90155		0.8855		0.76796
388		6046.34		0.9452		0.95072		0.88114		0.87692		0.88601		0.88144		0.76232
389		6047.58		0.94549		0.95073		0.88889		0.8866		0.89119		0.88889		0.77779
390		6048.82		0.9443		0.94915		0.8863		0.88601		0.88601		0.88601		0.77261
391		6050.14		0.94415		0.94836		0.88114		0.87692		0.88601		0.88144		0.76232
392		6051.36		0.94383		0.94799		0.87597		0.86802		0.88601		0.87692		0.75211
393		6053.06		0.94331		0.94768		0.8708		0.86294		0.88083		0.87179		0.74177
394		6054.88		0.9428		0.94738		0.86822		0.86224		0.87565		0.86889		0.73653
395		6056.58		0.94155		0.94638		0.86822		0.85859		0.88083		0.86957		0.7367
396		6058.15		0.94092		0.94601		0.8708		0.86294		0.88083		0.87179		0.74177
397		6059.48		0.94122		0.94642		0.8708		0.86294		0.88083		0.87179		0.74177
398		6060.63		0.94168		0.94702		0.87597		0.8607		0.89637		0.87817		0.75261
399		6061.87		0.94154		0.94686		0.87339		0.85644		0.89637		0.87595		0.74761
400		6063.03		0.94156		0.94697		0.87597		0.85714		0.90155		0.87879		0.75298
401		6064.34		0.94216		0.94761		0.8708		0.86294		0.88083		0.87179		0.74177
402		6065.44		0.94282		0.94805		0.87339		0.875		0.87047		0.87273		0.74677
403		6066.71		0.94333		0.94848		0.8708		0.87047		0.87047		0.87047		0.7416
404		6067.91		0.94325		0.94815		0.87339		0.875		0.87047		0.87273		0.74677
405		6069.04		0.94401		0.94887		0.87339		0.87113		0.87565		0.87339		0.74678
406		6070.23		0.94441		0.94947		0.87339		0.87113		0.87565		0.87339		0.74678
407		6071.34		0.94426		0.94985		0.87339		0.87113		0.87565		0.87339		0.74678
408		6072.6		0.94359		0.94923		0.87597		0.87565		0.87565		0.87565		0.75194
409		6073.72		0.94362		0.94945		0.87339		0.87113		0.87565		0.87339		0.74678
410		6074.85		0.94373		0.94953		0.87339		0.87113		0.87565		0.87339		0.74678
411		6076.05		0.94386		0.94985		0.86822		0.86224		0.87565		0.86889		0.73653
412		6077.65		0.94359		0.94982		0.8708		0.86294		0.88083		0.87179		0.74177
413		6079.37		0.94349		0.94989		0.86822		0.86224		0.87565		0.86889		0.73653
414		6080.85		0.94325		0.94952		0.86822		0.86224		0.87565		0.86889		0.73653
415		6082.19		0.9425		0.94877		0.86822		0.86598		0.87047		0.86822		0.73645
416		6083.37		0.94262		0.94901		0.8708		0.87047		0.87047		0.87047		0.7416
417		6084.59		0.94378		0.94974		0.87339		0.86364		0.88601		0.87468		0.74703
418		6085.72		0.94431		0.95032		0.87339		0.85644		0.89637		0.87595		0.74761
419		6086.89		0.9453		0.95137		0.87855		0.865		0.89637		0.88041		0.75762
420		6088.08		0.94552		0.95159		0.87855		0.86869		0.89119		0.8798		0.75737
421		6089.43		0.94557		0.95188		0.88372		0.87755		0.89119		0.88432		0.76754
422		6091.08		0.94463		0.95086		0.87597		0.86802		0.88601		0.87692		0.75211
423		6092.68		0.94331		0.94909		0.87597		0.87179		0.88083		0.87629		0.75198
424		6093.82		0.94279		0.94839		0.87855		0.87629		0.88083		0.87855		0.75712
425		6095.1		0.94319		0.94836		0.87597		0.87179		0.88083		0.87629		0.75198
426		6096.29		0.94306		0.9481		0.87855		0.87629		0.88083		0.87855		0.75712
427		6097.41		0.94226		0.9476		0.87339		0.86735		0.88083		0.87404		0.74687
428		6098.6		0.94196		0.94764		0.87339		0.875		0.87047		0.87273		0.74677
429		6099.92		0.94151		0.94746		0.87597		0.87565		0.87565		0.87565		0.75194
430		6101.28		0.94111		0.94708		0.87597		0.86802		0.88601		0.87692		0.75211
431		6102.57		0.94158		0.94754		0.87339		0.86		0.89119		0.87532		0.74728
432		6104.04		0.94228		0.94823		0.8708		0.85572		0.89119		0.8731		0.74226
433		6105.33		0.9427		0.94879		0.8708		0.85572		0.89119		0.8731		0.74226
434		6107.15		0.94264		0.94884		0.8708		0.86294		0.88083		0.87179		0.74177
435		6108.45		0.94191		0.94792		0.86822		0.86598		0.87047		0.86822		0.73645
436		6110.06		0.94175		0.9476		0.86563		0.86528		0.86528		0.86528		0.73126
437		6111.52		0.94215		0.94785		0.86822		0.86224		0.87565		0.86889		0.73653
438		6113.28		0.94274		0.94843		0.87339		0.86364		0.88601		0.87468		0.74703
439		6114.48		0.94231		0.94803		0.87339		0.85644		0.89637		0.87595		0.74761
440		6115.68		0.9419		0.94772		0.87855		0.865		0.89637		0.88041		0.75762
441		6116.86		0.94279		0.94899		0.88114		0.86935		0.89637		0.88265		0.76266
442		6118.13		0.94413		0.95046		0.87597		0.86802		0.88601		0.87692		0.75211
443		6119.42		0.94471		0.95063		0.87855		0.87245		0.88601		0.87918		0.75721
444		6120.61		0.94517		0.95075		0.87597		0.86432		0.89119		0.87755		0.75232
445		6121.88		0.94514		0.95109		0.88114		0.8731		0.89119		0.88205		0.76245
446		6123.19		0.94479		0.95105		0.88114		0.87692		0.88601		0.88144		0.76232
447		6124.39		0.94381		0.95058		0.88114		0.88083		0.88083		0.88083		0.76227
448		6125.89		0.94293		0.94982		0.87339		0.87895		0.86528		0.87206		0.74685
449		6127.6		0.9421		0.94874		0.86563		0.86528		0.86528		0.86528		0.73126
450		6128.95		0.94266		0.94897		0.86822		0.86224		0.87565		0.86889		0.73653
451		6130.21		0.94199		0.94817		0.8708		0.8593		0.88601		0.87245		0.74198
452		6131.38		0.94163		0.94744		0.85788		0.84848		0.87047		0.85934		0.71602
453		6132.5		0.94087		0.94658		0.86305		0.85714		0.87047		0.86375		0.72619
454		6133.64		0.94114		0.9474		0.86305		0.86082		0.86528		0.86305		0.72611
455		6135.48		0.94108		0.94761		0.86047		0.86387		0.85492		0.85938		0.72096
456		6137.14		0.94186		0.94866		0.8708		0.87435		0.86528		0.86979		0.74163
457		6138.49		0.94259		0.94937		0.87339		0.875		0.87047		0.87273		0.74677
458		6139.65		0.94314		0.94968		0.88372		0.88542		0.88083		0.88312		0.76745
459		6140.84		0.94341		0.94978		0.8863		0.89005		0.88083		0.88542		0.77264
460		6142.26		0.94383		0.94985		0.88889		0.89474		0.88083		0.88773		0.77786
461		6143.57		0.94447		0.95036		0.8863		0.89005		0.88083		0.88542		0.77264
462		6144.79		0.94482		0.95073		0.88372		0.88144		0.88601		0.88372		0.76745
463		6146.09		0.94474		0.9511		0.87597		0.87179		0.88083		0.87629		0.75198
464		6147.46		0.94451		0.95123		0.86822		0.86224		0.87565		0.86889		0.73653
465		6149.18		0.94489		0.9517		0.86563		0.85427		0.88083		0.86735		0.73164
466		6150.65		0.94437		0.95113		0.86822		0.85149		0.89119		0.87089		0.73726
467		6151.82		0.94343		0.95019		0.86563		0.85075		0.88601		0.86802		0.73192
468		6152.98		0.94309		0.94954		0.85788		0.84848		0.87047		0.85934		0.71602
469		6154.26		0.94301		0.94903		0.86047		0.85279		0.87047		0.86154		0.7211
470		6155.38		0.94331		0.9489		0.85788		0.85204		0.86528		0.85861		0.71586
471		6156.61		0.94343		0.94894		0.86563		0.85427		0.88083		0.86735		0.73164
472		6157.75		0.94401		0.94993		0.86822		0.855		0.88601		0.87023		0.73694
473		6159.49		0.94426		0.95072		0.86822		0.855		0.88601		0.87023		0.73694
474		6161.1		0.94359		0.95039		0.86563		0.85075		0.88601		0.86802		0.73192
475		6162.29		0.94346		0.95045		0.8708		0.85572		0.89119		0.8731		0.74226
476		6163.93		0.94365		0.95067		0.87339		0.86364		0.88601		0.87468		0.74703
477		6165.81		0.9441		0.95061		0.87855		0.87629		0.88083		0.87855		0.75712
478		6167.2		0.94418		0.95012		0.8708		0.87047		0.87047		0.87047		0.7416
479		6168.32		0.94402		0.94955		0.8708		0.86294		0.88083		0.87179		0.74177
480		6169.45		0.94426		0.94975		0.87597		0.86802		0.88601		0.87692		0.75211
481		6170.6		0.94458		0.94993		0.8708		0.86294		0.88083		0.87179		0.74177
482		6171.79		0.94383		0.9495		0.86822		0.86598		0.87047		0.86822		0.73645
483		6172.9		0.9437		0.94961		0.87597		0.87565		0.87565		0.87565		0.75194
484		6173.99		0.94311		0.94909		0.87339		0.86735		0.88083		0.87404		0.74687
485		6175.12		0.94244		0.94841		0.87339		0.86364		0.88601		0.87468		0.74703
486		6176.32		0.94274		0.94846		0.87339		0.86		0.89119		0.87532		0.74728
487		6177.61		0.9431		0.94906		0.87855		0.87245		0.88601		0.87918		0.75721
488		6178.74		0.94381		0.94981		0.87339		0.87113		0.87565		0.87339		0.74678
489		6179.98		0.94389		0.94998		0.87339		0.87113		0.87565		0.87339		0.74678
490		6181.21		0.94486		0.9506		0.87597		0.87179		0.88083		0.87629		0.75198
491		6182.59		0.94546		0.95088		0.88114		0.8731		0.89119		0.88205		0.76245
492		6184.11		0.94538		0.95069		0.87855		0.86869		0.89119		0.8798		0.75737
493		6185.61		0.94517		0.9508		0.87597		0.86432		0.89119		0.87755		0.75232
494		6186.99		0.94505		0.95089		0.87597		0.86432		0.89119		0.87755		0.75232
495		6188.57		0.9449		0.95071		0.87597		0.86802		0.88601		0.87692		0.75211
496		6190.02		0.94423		0.95012		0.87855		0.87245		0.88601		0.87918		0.75721
497		6191.47		0.94473		0.95027		0.87597		0.86432		0.89119		0.87755		0.75232
498		6193.1		0.94501		0.95029		0.88114		0.8731		0.89119		0.88205		0.76245
499		6194.53		0.94498		0.95019		0.88114		0.87692		0.88601		0.88144		0.76232
500		6196.08		0.94471		0.95002		0.8708		0.86667		0.87565		0.87113		0.74165
501		6197.47		0.94453		0.9499		0.87339		0.86735		0.88083		0.87404		0.74687
502		6198.75		0.94421		0.94971		0.86822		0.86224		0.87565		0.86889		0.73653
503		6199.93		0.94381		0.94932		0.86822		0.86224		0.87565		0.86889		0.73653
504		6201.38		0.94323		0.94869		0.86822		0.86224		0.87565		0.86889		0.73653
505		6203.11		0.94311		0.9485		0.86822		0.85859		0.88083		0.86957		0.7367
506		6204.83		0.94274		0.94808		0.86822		0.85859		0.88083		0.86957		0.7367
507		6206.08		0.94258		0.94788		0.8708		0.8593		0.88601		0.87245		0.74198
508		6207.55		0.94223		0.94747		0.87855		0.87245		0.88601		0.87918		0.75721
509		6208.81		0.94198		0.94721		0.87597		0.87565		0.87565		0.87565		0.75194
510		6210.03		0.94223		0.9475		0.87339		0.875		0.87047		0.87273		0.74677
511		6211.66		0.9425		0.9478		0.87597		0.87179		0.88083		0.87629		0.75198
512		6213.55		0.94254		0.94796		0.87339		0.86735		0.88083		0.87404		0.74687
513		6214.74		0.94247		0.94843		0.87339		0.86364		0.88601		0.87468		0.74703
514		6216.03		0.9421		0.94832		0.87339		0.86735		0.88083		0.87404		0.74687
515		6217.19		0.94258		0.94914		0.87339		0.86735		0.88083		0.87404		0.74687
516		6218.53		0.94268		0.94946		0.8708		0.86667		0.87565		0.87113		0.74165
517		6219.69		0.94346		0.95004		0.87339		0.86735		0.88083		0.87404		0.74687
518		6221.12		0.94413		0.95033		0.87855		0.86869		0.89119		0.8798		0.75737
519		6222.82		0.94383		0.94983		0.88372		0.87374		0.89637		0.88491		0.76771
520		6224.09		0.94421		0.95013		0.88114		0.86935		0.89637		0.88265		0.76266
521		6225.7		0.94418		0.95009		0.86822		0.84804		0.89637		0.87154		0.73766
522		6226.8		0.94351		0.94987		0.86822		0.84804		0.89637		0.87154		0.73766
523		6228.01		0.94222		0.94915		0.8708		0.86294		0.88083		0.87179		0.74177
524		6229.14		0.94074		0.94804		0.87339		0.87113		0.87565		0.87339		0.74678
525		6230.45		0.94075		0.94831		0.87597		0.87565		0.87565		0.87565		0.75194
526		6231.67		0.94218		0.949		0.87339		0.86364		0.88601		0.87468		0.74703
527		6232.81		0.94309		0.94911		0.86563		0.84729		0.89119		0.86869		0.73228
528		6233.98		0.94383		0.95045		0.87855		0.87629		0.88083		0.87855		0.75712
529		6235.12		0.94301		0.95002		0.8863		0.9027		0.86528		0.8836		0.77325
530		6236.44		0.94431		0.9508		0.87597		0.86802		0.88601		0.87692		0.75211
531		6237.62		0.94371		0.94954		0.86305		0.84653		0.88601		0.86582		0.72692
532		6238.75		0.94338		0.94945		0.8708		0.85572		0.89119		0.8731		0.74226
533		6239.92		0.94276		0.94944		0.8708		0.86294		0.88083		0.87179		0.74177
534		6241.19		0.94146		0.94848		0.87855		0.88421		0.87047		0.87728		0.75719
535		6242.33		0.94224		0.9491		0.87597		0.87179		0.88083		0.87629		0.75198
536		6243.53		0.94413		0.95028		0.8708		0.8593		0.88601		0.87245		0.74198
537		6244.74		0.94446		0.95003		0.87339		0.86		0.89119		0.87532		0.74728
538		6246.07		0.94466		0.95031		0.87855		0.87245		0.88601		0.87918		0.75721
539		6247.82		0.94462		0.95009		0.87855		0.88021		0.87565		0.87792		0.75711
540		6249.19		0.94319		0.94898		0.87597		0.87565		0.87565		0.87565		0.75194
541		6250.6		0.94322		0.94918		0.87597		0.87179		0.88083		0.87629		0.75198
542		6251.97		0.94309		0.9493		0.86563		0.85427		0.88083		0.86735		0.73164
543		6253.63		0.94322		0.94965		0.86822		0.855		0.88601		0.87023		0.73694
544		6255.6		0.94314		0.94948		0.8708		0.8593		0.88601		0.87245		0.74198
545		6257.37		0.94242		0.94857		0.87597		0.86802		0.88601		0.87692		0.75211
546		6258.89		0.94199		0.94782		0.87855		0.87245		0.88601		0.87918		0.75721
547		6260.58		0.94151		0.94696		0.87597		0.87958		0.87047		0.875		0.75197
548		6262.21		0.94238		0.94773		0.88372		0.88144		0.88601		0.88372		0.76745
549		6263.59		0.94295		0.9482		0.88114		0.86935		0.89637		0.88265		0.76266
550		6264.79		0.94266		0.94762		0.87855		0.865		0.89637		0.88041		0.75762
551		6266.37		0.94239		0.94735		0.87339		0.86735		0.88083		0.87404		0.74687
552		6267.85		0.94202		0.94786		0.88114		0.88083		0.88083		0.88083		0.76227
553		6269.15		0.94106		0.94763		0.87855		0.88421		0.87047		0.87728		0.75719
554		6270.51		0.94028		0.94712		0.87855		0.88421		0.87047		0.87728		0.75719
555		6271.7		0.94212		0.94823		0.87597		0.86802		0.88601		0.87692		0.75211
556		6273.08		0.94303		0.9486		0.87855		0.85784		0.90674		0.88161		0.75837
557		6274.68		0.94325		0.94817		0.8708		0.85222		0.89637		0.87374		0.74263
558		6276.27		0.94322		0.9482		0.86305		0.85714		0.87047		0.86375		0.72619
559		6277.83		0.94204		0.94774		0.87339		0.87895		0.86528		0.87206		0.74685
560		6279.02		0.94303		0.94873		0.88114		0.88083		0.88083		0.88083		0.76227
561		6280.37		0.94343		0.94877		0.87339		0.86		0.89119		0.87532		0.74728
562		6281.49		0.94318		0.94864		0.87339		0.85294		0.90155		0.87657		0.74801
563		6282.58		0.94298		0.94837		0.87855		0.865		0.89637		0.88041		0.75762
564		6284.21		0.94252		0.94793		0.86563		0.86154		0.87047		0.86598		0.73131
565		6286.01		0.94092		0.94663		0.87597		0.87958		0.87047		0.875		0.75197
566		6287.44		0.93996		0.94592		0.86822		0.87766		0.85492		0.86614		0.73666
567		6288.66		0.94076		0.94698		0.87339		0.88298		0.8601		0.87139		0.747
568		6289.81		0.94222		0.94785		0.87339		0.87113		0.87565		0.87339		0.74678
569		6291.1		0.94319		0.94878		0.87339		0.86735		0.88083		0.87404		0.74687
570		6292.74		0.94333		0.94863		0.87339		0.86364		0.88601		0.87468		0.74703
571		6293.99		0.94326		0.94877		0.87597		0.87179		0.88083		0.87629		0.75198
572		6295.16		0.94284		0.94876		0.87339		0.87113		0.87565		0.87339		0.74678
573		6296.42		0.9421		0.94809		0.86305		0.86458		0.8601		0.86234		0.7261
574		6297.76		0.9416		0.94759		0.86563		0.86528		0.86528		0.86528		0.73126
575		6298.88		0.94207		0.94822		0.8708		0.86667		0.87565		0.87113		0.74165
576		6300.1		0.94284		0.94902		0.8708		0.86294		0.88083		0.87179		0.74177
577		6301.63		0.94357		0.9496		0.8708		0.86294		0.88083		0.87179		0.74177
578		6303.51		0.94429		0.95028		0.87339		0.86364		0.88601		0.87468		0.74703
579		6304.68		0.94485		0.95078		0.87597		0.87179		0.88083		0.87629		0.75198
580		6305.82		0.94594		0.95169		0.87597		0.86802		0.88601		0.87692		0.75211
581		6307.03		0.94584		0.95187		0.87597		0.86802		0.88601		0.87692		0.75211
582		6308.55		0.946		0.95193		0.87597		0.86802		0.88601		0.87692		0.75211
583		6310.3		0.94565		0.95194		0.87339		0.87113		0.87565		0.87339		0.74678
584		6311.73		0.94482		0.95136		0.87597		0.87179		0.88083		0.87629		0.75198
585		6313.62		0.94378		0.95072		0.87339		0.87113		0.87565		0.87339		0.74678
586		6315.05		0.94319		0.9504		0.87339		0.875		0.87047		0.87273		0.74677
587		6316.31		0.94239		0.94958		0.8708		0.86667		0.87565		0.87113		0.74165
588		6317.49		0.94122		0.94836		0.87339		0.86735		0.88083		0.87404		0.74687
589		6318.65		0.94082		0.94793		0.87339		0.86735		0.88083		0.87404		0.74687
590		6319.8		0.94055		0.94751		0.86822		0.86224		0.87565		0.86889		0.73653
591		6321.12		0.94045		0.94697		0.87339		0.86364		0.88601		0.87468		0.74703
592		6322.28		0.94044		0.94665		0.8708		0.86294		0.88083		0.87179		0.74177
593		6323.58		0.94092		0.94691		0.8708		0.86294		0.88083		0.87179		0.74177
594		6325.16		0.94132		0.94715		0.8708		0.86294		0.88083		0.87179		0.74177
595		6326.69		0.94132		0.94727		0.86563		0.85787		0.87565		0.86667		0.73143
596		6328.01		0.94148		0.94778		0.86563		0.85787		0.87565		0.86667		0.73143
597		6329.57		0.94218		0.94854		0.87339		0.86364		0.88601		0.87468		0.74703
598		6331.4		0.94212		0.94878		0.87597		0.86432		0.89119		0.87755		0.75232
599		6332.81		0.94228		0.94901		0.8708		0.8593		0.88601		0.87245		0.74198
600		6334.09		0.94223		0.94906		0.8708		0.8593		0.88601		0.87245		0.74198
601		6335.4		0.94204		0.94893		0.86822		0.86598		0.87047		0.86822		0.73645
602		6337.43		0.94274		0.94964		0.86563		0.87302		0.85492		0.86387		0.73141
603		6338.59		0.94301		0.95005		0.87339		0.87895		0.86528		0.87206		0.74685
604		6339.8		0.94327		0.95009		0.87855		0.88021		0.87565		0.87792		0.75711
605		6340.94		0.94397		0.9508		0.87597		0.87179		0.88083		0.87629		0.75198
606		6342.1		0.94409		0.9506		0.87339		0.86364		0.88601		0.87468		0.74703
607		6343.19		0.94418		0.95053		0.87597		0.8607		0.89637		0.87817		0.75261
608		6344.31		0.9437		0.94997		0.8708		0.8593		0.88601		0.87245		0.74198
609		6345.57		0.94339		0.94976		0.87339		0.87113		0.87565		0.87339		0.74678
610		6346.7		0.94338		0.9498		0.87597		0.87565		0.87565		0.87565		0.75194
611		6347.88		0.94342		0.94996		0.87855		0.88021		0.87565		0.87792		0.75711
612		6349.0		0.94293		0.94956		0.87597		0.87179		0.88083		0.87629		0.75198
613		6350.25		0.94279		0.94901		0.87855		0.87245		0.88601		0.87918		0.75721
614		6351.38		0.94224		0.94838		0.87597		0.87179		0.88083		0.87629		0.75198
615		6352.56		0.94263		0.94878		0.87597		0.87179		0.88083		0.87629		0.75198
616		6354.02		0.94246		0.94859		0.8708		0.87047		0.87047		0.87047		0.7416
617		6355.19		0.94271		0.94879		0.87597		0.87179		0.88083		0.87629		0.75198
618		6356.79		0.9433		0.94917		0.87339		0.86364		0.88601		0.87468		0.74703
619		6358.13		0.94383		0.94967		0.87339		0.86364		0.88601		0.87468		0.74703
620		6359.92		0.9441		0.94982		0.87597		0.8607		0.89637		0.87817		0.75261
621		6361.67		0.94418		0.94999		0.87597		0.86432		0.89119		0.87755		0.75232
622		6363.59		0.94458		0.95094		0.87339		0.86364		0.88601		0.87468		0.74703
623		6365.45		0.94421		0.95134		0.87339		0.86364		0.88601		0.87468		0.74703
624		6366.74		0.94426		0.95165		0.8708		0.86667		0.87565		0.87113		0.74165
625		6368.02		0.94407		0.95153		0.87339		0.86735		0.88083		0.87404		0.74687
626		6369.4		0.94453		0.95172		0.87339		0.86364		0.88601		0.87468		0.74703
627		6371.15		0.94437		0.95138		0.86822		0.85859		0.88083		0.86957		0.7367
628		6372.47		0.94434		0.95116		0.87597		0.86432		0.89119		0.87755		0.75232
629		6373.76		0.94426		0.95084		0.87339		0.86735		0.88083		0.87404		0.74687
630		6375.53		0.94397		0.95009		0.87855		0.87629		0.88083		0.87855		0.75712
631		6377.01		0.94367		0.94954		0.8708		0.86667		0.87565		0.87113		0.74165
632		6378.3		0.9437		0.94919		0.88114		0.87692		0.88601		0.88144		0.76232
633		6379.68		0.94343		0.94892		0.88372		0.87755		0.89119		0.88432		0.76754
634		6381.09		0.94298		0.94841		0.88114		0.86935		0.89637		0.88265		0.76266
635		6382.7		0.94231		0.94809		0.87597		0.86802		0.88601		0.87692		0.75211
636		6384.05		0.94223		0.94827		0.86822		0.86979		0.86528		0.86753		0.73644
637		6385.47		0.94168		0.94803		0.8708		0.87435		0.86528		0.86979		0.74163
638		6386.85		0.94223		0.94831		0.87597		0.87565		0.87565		0.87565		0.75194
639		6388.13		0.94299		0.94904		0.87339		0.86735		0.88083		0.87404		0.74687
640		6389.53		0.94375		0.94982		0.8708		0.85572		0.89119		0.8731		0.74226
641		6391.03		0.94449		0.95078		0.87339		0.85644		0.89637		0.87595		0.74761
642		6392.42		0.94494		0.95163		0.87339		0.86		0.89119		0.87532		0.74728
643		6394.08		0.94509		0.9521		0.87855		0.86869		0.89119		0.8798		0.75737
644		6395.92		0.94512		0.95219		0.87597		0.86802		0.88601		0.87692		0.75211
645		6397.06		0.94458		0.95172		0.87597		0.86802		0.88601		0.87692		0.75211
646		6398.24		0.94413		0.95114		0.8708		0.8593		0.88601		0.87245		0.74198
647		6399.36		0.94266		0.94988		0.8708		0.8593		0.88601		0.87245		0.74198
648		6400.57		0.9414		0.94853		0.8708		0.86294		0.88083		0.87179		0.74177
649		6401.79		0.94074		0.94795		0.86822		0.86224		0.87565		0.86889		0.73653
650		6403.07		0.9406		0.94773		0.86563		0.86154		0.87047		0.86598		0.73131
651		6404.35		0.94036		0.94719		0.86822		0.86224		0.87565		0.86889		0.73653
652		6405.85		0.94023		0.9467		0.86822		0.86224		0.87565		0.86889		0.73653
653		6407.28		0.94033		0.94691		0.86822		0.86598		0.87047		0.86822		0.73645
654		6408.62		0.94111		0.9474		0.86822		0.86224		0.87565		0.86889		0.73653
655		6409.79		0.94172		0.94811		0.87597		0.87179		0.88083		0.87629		0.75198
656		6411.14		0.94231		0.9486		0.88372		0.87755		0.89119		0.88432		0.76754
657		6412.45		0.94293		0.94928		0.88372		0.87755		0.89119		0.88432		0.76754
658		6413.75		0.94303		0.9494		0.87855		0.87245		0.88601		0.87918		0.75721
659		6415.58		0.94255		0.94914		0.87339		0.87113		0.87565		0.87339		0.74678
660		6416.78		0.9422		0.94904		0.8708		0.87047		0.87047		0.87047		0.7416
661		6418.32		0.94208		0.94895		0.87339		0.86735		0.88083		0.87404		0.74687
662		6419.87		0.94228		0.94923		0.87855		0.87245		0.88601		0.87918		0.75721
663		6421.47		0.94287		0.9499		0.87597		0.86802		0.88601		0.87692		0.75211
664		6422.65		0.94286		0.95		0.8708		0.86667		0.87565		0.87113		0.74165
665		6424.05		0.94242		0.94944		0.87597		0.87958		0.87047		0.875		0.75197
666		6425.36		0.94236		0.94911		0.87855		0.88021		0.87565		0.87792		0.75711
667		6426.55		0.94236		0.94888		0.87855		0.87629		0.88083		0.87855		0.75712
668		6427.87		0.94247		0.94884		0.87597		0.87179		0.88083		0.87629		0.75198
669		6429.19		0.94196		0.94831		0.8708		0.86667		0.87565		0.87113		0.74165
670		6430.55		0.9413		0.94785		0.87339		0.86735		0.88083		0.87404		0.74687
671		6431.78		0.94146		0.94866		0.87339		0.86735		0.88083		0.87404		0.74687
672		6432.99		0.94087		0.9487		0.8708		0.86667		0.87565		0.87113		0.74165
673		6434.65		0.94041		0.94847		0.8708		0.86667		0.87565		0.87113		0.74165
674		6436.25		0.94102		0.94871		0.87597		0.86432		0.89119		0.87755		0.75232
675		6437.49		0.94156		0.94863		0.8708		0.8593		0.88601		0.87245		0.74198
676		6438.94		0.94199		0.94891		0.8708		0.86667		0.87565		0.87113		0.74165
677		6440.55		0.94228		0.94898		0.86822		0.87368		0.8601		0.86684		0.73651
678		6442.21		0.94252		0.94935		0.86822		0.87368		0.8601		0.86684		0.73651
679		6443.57		0.94271		0.94956		0.87339		0.875		0.87047		0.87273		0.74677
680		6445.0		0.9429		0.94971		0.87855		0.865		0.89637		0.88041		0.75762
681		6446.41		0.94338		0.95007		0.88114		0.86567		0.90155		0.88325		0.76295
682		6447.98		0.94365		0.95033		0.87855		0.865		0.89637		0.88041		0.75762
683		6449.85		0.94354		0.95006		0.88114		0.86935		0.89637		0.88265		0.76266
684		6451.12		0.94333		0.95006		0.88114		0.87692		0.88601		0.88144		0.76232
685		6452.48		0.94309		0.9499		0.87855		0.88421		0.87047		0.87728		0.75719
686		6453.9		0.94228		0.94901		0.87855		0.88421		0.87047		0.87728		0.75719
687		6455.85		0.94203		0.9488		0.87339		0.875		0.87047		0.87273		0.74677
688		6457.46		0.94309		0.94982		0.87855		0.87629		0.88083		0.87855		0.75712
689		6459.03		0.94299		0.94999		0.87597		0.87565		0.87565		0.87565		0.75194
690		6460.17		0.9435		0.9505		0.8708		0.87435		0.86528		0.86979		0.74163
691		6461.34		0.94386		0.95072		0.87855		0.88021		0.87565		0.87792		0.75711
692		6462.64		0.94413		0.95087		0.8708		0.86667		0.87565		0.87113		0.74165
693		6463.81		0.94418		0.95075		0.87597		0.86802		0.88601		0.87692		0.75211
694		6464.92		0.94391		0.95037		0.87339		0.86364		0.88601		0.87468		0.74703
695		6466.06		0.94325		0.94972		0.87339		0.86364		0.88601		0.87468		0.74703
696		6467.23		0.94311		0.94951		0.86822		0.86224		0.87565		0.86889		0.73653
697		6468.54		0.9427		0.94892		0.87597		0.87565		0.87565		0.87565		0.75194
698		6469.7		0.94183		0.94816		0.87339		0.87895		0.86528		0.87206		0.74685
699		6471.03		0.94103		0.94778		0.87855		0.88021		0.87565		0.87792		0.75711
700		6472.37		0.94132		0.94794		0.87855		0.87245		0.88601		0.87918		0.75721
701		6474.46		0.94164		0.94815		0.87339		0.86364		0.88601		0.87468		0.74703
702		6475.69		0.94138		0.94827		0.87855		0.87629		0.88083		0.87855		0.75712
703		6477.04		0.94179		0.94865		0.88114		0.89305		0.86528		0.87895		0.76262
704		6478.82		0.94226		0.94897		0.88372		0.88947		0.87565		0.88251		0.76752
705		6480.06		0.94263		0.94927		0.88114		0.88482		0.87565		0.88021		0.76231
706		6481.24		0.94359		0.9502		0.87339		0.87113		0.87565		0.87339		0.74678
707		6482.52		0.94445		0.95121		0.8708		0.86294		0.88083		0.87179		0.74177
708		6483.71		0.94461		0.95162		0.87339		0.86		0.89119		0.87532		0.74728
709		6484.84		0.94407		0.9517		0.87855		0.86869		0.89119		0.8798		0.75737
710		6486.14		0.94349		0.95132		0.87855		0.88021		0.87565		0.87792		0.75711
711		6489.11		0.94323		0.95121		0.87339		0.875		0.87047		0.87273		0.74677
712		6495.0		0.94282		0.95075		0.8708		0.86667		0.87565		0.87113		0.74165
713		6501.39		0.94186		0.94956		0.86822		0.86979		0.86528		0.86753		0.73644
714		6506.72		0.94114		0.94887		0.8708		0.86667		0.87565		0.87113		0.74165
715		6508.26		0.94095		0.94857		0.8708		0.87047		0.87047		0.87047		0.7416
716		6509.42		0.94202		0.94947		0.87339		0.86735		0.88083		0.87404		0.74687
717		6511.0		0.94256		0.95006		0.87339		0.86364		0.88601		0.87468		0.74703
718		6512.61		0.94298		0.95021		0.87597		0.86432		0.89119		0.87755		0.75232
719		6514.08		0.94314		0.95018		0.87597		0.86432		0.89119		0.87755		0.75232
720		6516.08		0.94346		0.95001		0.8708		0.86667		0.87565		0.87113		0.74165
721		6517.61		0.94367		0.94978		0.86305		0.86458		0.8601		0.86234		0.7261
722		6518.93		0.94335		0.94949		0.87339		0.87113		0.87565		0.87339		0.74678
723		6520.1		0.94211		0.94828		0.8708		0.86294		0.88083		0.87179		0.74177
724		6521.23		0.94146		0.94793		0.8708		0.86294		0.88083		0.87179		0.74177
725		6522.55		0.94103		0.94839		0.86563		0.85787		0.87565		0.86667		0.73143
726		6523.82		0.94082		0.94838		0.86305		0.86082		0.86528		0.86305		0.72611
727		6524.95		0.94111		0.94837		0.86563		0.86911		0.8601		0.86458		0.7313
728		6526.7		0.94154		0.94822		0.86822		0.86224		0.87565		0.86889		0.73653
729		6528.25		0.94143		0.94756		0.8708		0.8593		0.88601		0.87245		0.74198
730		6529.39		0.94207		0.94854		0.8708		0.8593		0.88601		0.87245		0.74198
731		6530.68		0.94252		0.9496		0.86822		0.85859		0.88083		0.86957		0.7367
732		6531.79		0.94268		0.95013		0.86822		0.86979		0.86528		0.86753		0.73644
733		6533.03		0.9435		0.95071		0.87855		0.86869		0.89119		0.8798		0.75737
734		6534.89		0.94466		0.95152		0.8708		0.85222		0.89637		0.87374		0.74263
735		6536.25		0.94453		0.95139		0.8708		0.85222		0.89637		0.87374		0.74263
736		6537.56		0.94301		0.95013		0.8708		0.86294		0.88083		0.87179		0.74177
737		6539.08		0.94178		0.94889		0.87597		0.87958		0.87047		0.875		0.75197
738		6540.57		0.94082		0.9479		0.86822		0.88172		0.84974		0.86544		0.73689
739		6542.15		0.94084		0.94716		0.86047		0.8601		0.8601		0.8601		0.72093
740		6543.53		0.94084		0.9464		0.86822		0.855		0.88601		0.87023		0.73694
741		6544.78		0.94162		0.94729		0.86822		0.855		0.88601		0.87023		0.73694
742		6546.03		0.9417		0.94768		0.86822		0.85859		0.88083		0.86957		0.7367
743		6547.26		0.9414		0.9477		0.87597		0.87179		0.88083		0.87629		0.75198
744		6548.58		0.94162		0.94817		0.87855		0.87245		0.88601		0.87918		0.75721
745		6550.63		0.94199		0.94847		0.86822		0.86224		0.87565		0.86889		0.73653
746		6552.19		0.94164		0.94819		0.86563		0.86528		0.86528		0.86528		0.73126
747		6553.89		0.9413		0.94788		0.86563		0.86154		0.87047		0.86598		0.73131
748		6555.22		0.9413		0.94799		0.86563		0.87302		0.85492		0.86387		0.73141
749		6556.57		0.94082		0.9479		0.86305		0.87634		0.84456		0.86016		0.72655
750		6557.72		0.94079		0.9479		0.86563		0.88108		0.84456		0.86243		0.73186
751		6558.93		0.94076		0.94817		0.87339		0.87113		0.87565		0.87339		0.74678
752		6560.12		0.94091		0.94815		0.87855		0.865		0.89637		0.88041		0.75762
753		6561.34		0.94106		0.94803		0.87597		0.86432		0.89119		0.87755		0.75232
754		6562.46		0.94064		0.94737		0.87597		0.86802		0.88601		0.87692		0.75211
755		6563.56		0.94049		0.94706		0.86822		0.86598		0.87047		0.86822		0.73645
756		6564.73		0.93993		0.94665		0.8708		0.87047		0.87047		0.87047		0.7416
757		6565.85		0.93967		0.94646		0.87339		0.87113		0.87565		0.87339		0.74678
758		6567.09		0.93951		0.94621		0.87597		0.87565		0.87565		0.87565		0.75194
759		6569.14		0.93991		0.94686		0.86822		0.86224		0.87565		0.86889		0.73653
760		6570.38		0.94017		0.94717		0.86563		0.85427		0.88083		0.86735		0.73164
761		6571.57		0.94068		0.94774		0.86563		0.85075		0.88601		0.86802		0.73192
762		6573.08		0.94076		0.94783		0.87339		0.86364		0.88601		0.87468		0.74703
763		6574.53		0.94049		0.9477		0.87597		0.87565		0.87565		0.87565		0.75194
764		6576.01		0.9402		0.94726		0.8708		0.87435		0.86528		0.86979		0.74163
765		6577.55		0.93943		0.94617		0.86822		0.86979		0.86528		0.86753		0.73644
766		6579.18		0.93953		0.94568		0.86047		0.85641		0.86528		0.86082		0.72097
767		6580.99		0.93975		0.94558		0.86047		0.85641		0.86528		0.86082		0.72097
768		6582.42		0.94053		0.94656		0.86563		0.86154		0.87047		0.86598		0.73131
769		6583.55		0.94138		0.94767		0.87855		0.88021		0.87565		0.87792		0.75711
770		6584.67		0.94178		0.94829		0.8708		0.87047		0.87047		0.87047		0.7416
771		6586.17		0.94226		0.94884		0.87597		0.87565		0.87565		0.87565		0.75194
772		6587.86		0.94218		0.94864		0.87597		0.87179		0.88083		0.87629		0.75198
773		6589.09		0.94239		0.94867		0.87339		0.86735		0.88083		0.87404		0.74687
774		6590.45		0.94298		0.94895		0.8708		0.86294		0.88083		0.87179		0.74177
775		6592.18		0.94311		0.94899		0.86822		0.855		0.88601		0.87023		0.73694
776		6593.66		0.94255		0.94855		0.87339		0.86364		0.88601		0.87468		0.74703
777		6594.79		0.94244		0.94858		0.87855		0.87629		0.88083		0.87855		0.75712
778		6595.94		0.94236		0.94831		0.87855		0.87629		0.88083		0.87855		0.75712
779		6597.07		0.94216		0.94798		0.8708		0.86294		0.88083		0.87179		0.74177
780		6598.34		0.94183		0.94749		0.8708		0.86294		0.88083		0.87179		0.74177
781		6599.59		0.94148		0.94718		0.8708		0.86294		0.88083		0.87179		0.74177
782		6600.98		0.94118		0.94717		0.87339		0.86735		0.88083		0.87404		0.74687
783		6602.26		0.93996		0.94625		0.8708		0.87047		0.87047		0.87047		0.7416
784		6604.16		0.93977		0.94622		0.8708		0.87047		0.87047		0.87047		0.7416
785		6605.86		0.93945		0.94602		0.8708		0.87047		0.87047		0.87047		0.7416
786		6607.6		0.93939		0.94604		0.86563		0.86528		0.86528		0.86528		0.73126
787		6609.28		0.93948		0.94624		0.86563		0.86911		0.8601		0.86458		0.7313
788		6610.6		0.93972		0.94644		0.8708		0.87047		0.87047		0.87047		0.7416
789		6611.77		0.93993		0.94679		0.8708		0.86667		0.87565		0.87113		0.74165
790		6612.96		0.94074		0.94772		0.86822		0.86598		0.87047		0.86822		0.73645
791		6614.23		0.94146		0.94823		0.87597		0.87958		0.87047		0.875		0.75197
792		6615.72		0.94222		0.94879		0.87339		0.875		0.87047		0.87273		0.74677
793		6616.89		0.9428		0.94926		0.87597		0.87958		0.87047		0.875		0.75197
794		6618.13		0.94311		0.94954		0.88114		0.88083		0.88083		0.88083		0.76227
795		6619.33		0.94278		0.94923		0.8708		0.86667		0.87565		0.87113		0.74165
796		6620.74		0.94231		0.94901		0.86822		0.86979		0.86528		0.86753		0.73644
797		6622.7		0.94082		0.94816		0.86563		0.86911		0.8601		0.86458		0.7313
798		6623.89		0.94015		0.94759		0.8553		0.86631		0.83938		0.85263		0.71091
799		6625.12		0.94019		0.94766		0.86305		0.85714		0.87047		0.86375		0.72619
800		6626.44		0.94044		0.94759		0.86305		0.85714		0.87047		0.86375		0.72619
801		6627.72		0.94057		0.94737		0.86563		0.85787		0.87565		0.86667		0.73143
802		6628.93		0.9406		0.94696		0.8708		0.8593		0.88601		0.87245		0.74198
803		6630.14		0.94095		0.94718		0.86822		0.85859		0.88083		0.86957		0.7367
804		6631.33		0.94063		0.9469		0.86822		0.86224		0.87565		0.86889		0.73653
805		6632.66		0.94074		0.94716		0.86563		0.85787		0.87565		0.86667		0.73143
806		6634.28		0.9414		0.9479		0.8708		0.8593		0.88601		0.87245		0.74198
807		6635.83		0.94147		0.94798		0.87339		0.87113		0.87565		0.87339		0.74678
808		6637.1		0.94143		0.94781		0.86822		0.86979		0.86528		0.86753		0.73644
809		6638.66		0.94091		0.94732		0.86563		0.86528		0.86528		0.86528		0.73126
810		6640.57		0.94047		0.94687		0.86047		0.8601		0.8601		0.8601		0.72093
811		6642.09		0.94007		0.94654		0.86305		0.86082		0.86528		0.86305		0.72611
812		6643.4		0.94017		0.94684		0.86305		0.85714		0.87047		0.86375		0.72619
813		6645.08		0.93996		0.94681		0.8708		0.86667		0.87565		0.87113		0.74165
814		6646.75		0.94036		0.94755		0.87339		0.875		0.87047		0.87273		0.74677
815		6648.24		0.94074		0.94788		0.87597		0.86802		0.88601		0.87692		0.75211
816		6650.02		0.94148		0.9481		0.87339		0.86		0.89119		0.87532		0.74728
817		6651.2		0.9418		0.94798		0.86822		0.84804		0.89637		0.87154		0.73766
818		6652.44		0.94162		0.94786		0.87339		0.86364		0.88601		0.87468		0.74703
819		6653.73		0.94084		0.94754		0.87597		0.87565		0.87565		0.87565		0.75194
820		6654.87		0.94031		0.94726		0.86305		0.87634		0.84456		0.86016		0.72655
821		6656.04		0.93968		0.94648		0.85788		0.86316		0.84974		0.8564		0.71584
822		6657.36		0.93854		0.94517		0.86305		0.85		0.88083		0.86514		0.7266
823		6658.63		0.93961		0.94673		0.86822		0.85859		0.88083		0.86957		0.7367
824		6659.85		0.9402		0.94763		0.86305		0.85714		0.87047		0.86375		0.72619
825		6661.09		0.94079		0.94828		0.86822		0.86598		0.87047		0.86822		0.73645
826		6663.2		0.94168		0.9485		0.86563		0.86154		0.87047		0.86598		0.73131
827		6664.98		0.94198		0.94832		0.86822		0.86224		0.87565		0.86889		0.73653
828		6666.42		0.94154		0.94768		0.8708		0.86667		0.87565		0.87113		0.74165
829		6667.61		0.94226		0.94859		0.87339		0.86735		0.88083		0.87404		0.74687
830		6668.89		0.94234		0.94882		0.87339		0.86364		0.88601		0.87468		0.74703
831		6670.32		0.94212		0.94868		0.8708		0.8593		0.88601		0.87245		0.74198
832		6671.64		0.94196		0.94902		0.87597		0.87565		0.87565		0.87565		0.75194
833		6672.83		0.94122		0.94817		0.87597		0.87958		0.87047		0.875		0.75197
834		6673.99		0.9406		0.94775		0.87339		0.875		0.87047		0.87273		0.74677
835		6675.15		0.94033		0.94731		0.86563		0.86911		0.8601		0.86458		0.7313
836		6676.39		0.9409		0.94769		0.86822		0.86598		0.87047		0.86822		0.73645
837		6677.62		0.94092		0.94793		0.87597		0.87179		0.88083		0.87629		0.75198
838		6678.78		0.9409		0.94791		0.87597		0.87179		0.88083		0.87629		0.75198
839		6680.2		0.94076		0.94773		0.8708		0.87047		0.87047		0.87047		0.7416
840		6681.99		0.94083		0.94766		0.8708		0.86667		0.87565		0.87113		0.74165
841		6683.3		0.94052		0.94723		0.86822		0.86224		0.87565		0.86889		0.73653
842		6684.54		0.94036		0.94715		0.86822		0.86224		0.87565		0.86889		0.73653
843		6685.66		0.94007		0.94699		0.86563		0.85787		0.87565		0.86667		0.73143
844		6686.85		0.94055		0.94791		0.87597		0.87958		0.87047		0.875		0.75197
845		6688.16		0.94079		0.94822		0.86822		0.87766		0.85492		0.86614		0.73666
846		6689.64		0.941		0.94818		0.86563		0.86911		0.8601		0.86458		0.7313
847		6691.14		0.94162		0.94819		0.86563		0.85427		0.88083		0.86735		0.73164
848		6692.67		0.94188		0.94857		0.85788		0.84848		0.87047		0.85934		0.71602
849		6694.05		0.94215		0.94857		0.86047		0.84925		0.87565		0.86224		0.7213
850		6695.46		0.94248		0.94894		0.86305		0.85354		0.87565		0.86445		0.72636
851		6696.62		0.94207		0.94876		0.8708		0.87047		0.87047		0.87047		0.7416
852		6698.59		0.94223		0.94896		0.8708		0.87435		0.86528		0.86979		0.74163
853		6700.59		0.94218		0.94879		0.8708		0.87435		0.86528		0.86979		0.74163
854		6701.85		0.94143		0.9478		0.86305		0.85714		0.87047		0.86375		0.72619
855		6702.98		0.94114		0.94751		0.86563		0.85787		0.87565		0.86667		0.73143
856		6704.14		0.94041		0.94683		0.8708		0.86667		0.87565		0.87113		0.74165
857		6705.25		0.9398		0.94658		0.87339		0.87113		0.87565		0.87339		0.74678
858		6706.5		0.93989		0.94671		0.8708		0.87047		0.87047		0.87047		0.7416
859		6707.63		0.94008		0.94678		0.8708		0.87047		0.87047		0.87047		0.7416
860		6708.83		0.94044		0.94715		0.8708		0.86667		0.87565		0.87113		0.74165
861		6710.54		0.9406		0.94738		0.86822		0.86224		0.87565		0.86889		0.73653
862		6712.36		0.9414		0.94841		0.86822		0.85859		0.88083		0.86957		0.7367
863		6713.66		0.94192		0.94891		0.8708		0.86294		0.88083		0.87179		0.74177
864		6715.2		0.94178		0.94869		0.8708		0.86667		0.87565		0.87113		0.74165
865		6717.04		0.94175		0.94878		0.86822		0.86224		0.87565		0.86889		0.73653
866		6718.56		0.94175		0.94879		0.8708		0.87047		0.87047		0.87047		0.7416
867		6720.31		0.94175		0.94872		0.86563		0.86154		0.87047		0.86598		0.73131
868		6721.57		0.9416		0.94834		0.86822		0.86224		0.87565		0.86889		0.73653
869		6722.71		0.94119		0.94802		0.86822		0.86224		0.87565		0.86889		0.73653
870		6723.88		0.94023		0.94737		0.8708		0.87435		0.86528		0.86979		0.74163
871		6725.16		0.93943		0.94694		0.8708		0.87831		0.8601		0.86911		0.74175
872		6726.27		0.9398		0.94709		0.86822		0.87368		0.8601		0.86684		0.73651
873		6727.38		0.94031		0.94728		0.87339		0.86735		0.88083		0.87404		0.74687
874		6728.54		0.94148		0.94823		0.87339		0.86		0.89119		0.87532		0.74728
875		6729.78		0.9429		0.94977		0.86563		0.85427		0.88083		0.86735		0.73164
876		6730.96		0.94317		0.95023		0.87597		0.87179		0.88083		0.87629		0.75198
877		6732.12		0.94349		0.95061		0.87597		0.87179		0.88083		0.87629		0.75198
878		6733.68		0.94413		0.95143		0.87339		0.86364		0.88601		0.87468		0.74703
879		6735.36		0.94271		0.95055		0.86822		0.86598		0.87047		0.86822		0.73645
880		6736.6		0.941		0.94895		0.86047		0.86387		0.85492		0.85938		0.72096
881		6737.76		0.93961		0.94754		0.86047		0.86387		0.85492		0.85938		0.72096
882		6738.91		0.94047		0.94805		0.86305		0.86458		0.8601		0.86234		0.7261
883		6740.09		0.94175		0.94903		0.86822		0.86224		0.87565		0.86889		0.73653
884		6741.34		0.94223		0.94899		0.87339		0.87113		0.87565		0.87339		0.74678
885		6742.57		0.9421		0.94824		0.87339		0.87113		0.87565		0.87339		0.74678
886		6744.16		0.94268		0.94881		0.87855		0.87629		0.88083		0.87855		0.75712
887		6745.63		0.94293		0.94864		0.8708		0.86294		0.88083		0.87179		0.74177
888		6746.92		0.9426		0.94839		0.87339		0.86364		0.88601		0.87468		0.74703
889		6748.2		0.94254		0.94864		0.87339		0.87113		0.87565		0.87339		0.74678
890		6749.31		0.94172		0.94848		0.8708		0.87047		0.87047		0.87047		0.7416
891		6750.63		0.94111		0.94809		0.8708		0.87435		0.86528		0.86979		0.74163
892		6752.13		0.9416		0.94839		0.87339		0.87113		0.87565		0.87339		0.74678
893		6753.73		0.94202		0.94862		0.86822		0.86224		0.87565		0.86889		0.73653
894		6755.45		0.94156		0.94792		0.8708		0.86294		0.88083		0.87179		0.74177
895		6757.19		0.9417		0.94798		0.8708		0.87047		0.87047		0.87047		0.7416
896		6758.71		0.9418		0.94788		0.86563		0.86911		0.8601		0.86458		0.7313
897		6759.83		0.94132		0.94735		0.86305		0.86082		0.86528		0.86305		0.72611
898		6761.05		0.94082		0.94697		0.86305		0.85714		0.87047		0.86375		0.72619
899		6762.14		0.94015		0.9466		0.86822		0.85859		0.88083		0.86957		0.7367
900		6763.28		0.93999		0.94669		0.86822		0.85859		0.88083		0.86957		0.7367
901		6764.42		0.93969		0.94656		0.86822		0.86224		0.87565		0.86889		0.73653
902		6765.64		0.93956		0.94648		0.87339		0.875		0.87047		0.87273		0.74677
903		6766.76		0.93967		0.9465		0.87339		0.875		0.87047		0.87273		0.74677
904		6767.92		0.93945		0.94606		0.86822		0.86224		0.87565		0.86889		0.73653
905		6769.1		0.93919		0.94556		0.86563		0.86154		0.87047		0.86598		0.73131
906		6770.78		0.93956		0.94583		0.86047		0.86387		0.85492		0.85938		0.72096
907		6772.93		0.94036		0.94683		0.86047		0.87166		0.84456		0.85789		0.72125
908		6774.43		0.94071		0.94744		0.86822		0.87766		0.85492		0.86614		0.73666
909		6775.61		0.94136		0.94799		0.8708		0.87435		0.86528		0.86979		0.74163
910		6776.85		0.94167		0.94842		0.87339		0.86735		0.88083		0.87404		0.74687
911		6778.71		0.94202		0.94885		0.87339		0.86364		0.88601		0.87468		0.74703
912		6780.29		0.94231		0.94929		0.87597		0.86802		0.88601		0.87692		0.75211
913		6781.41		0.942		0.94909		0.87597		0.87565		0.87565		0.87565		0.75194
914		6782.52		0.9417		0.94865		0.87339		0.875		0.87047		0.87273		0.74677
915		6783.72		0.94172		0.94856		0.86822		0.86979		0.86528		0.86753		0.73644
916		6785.0		0.94127		0.94791		0.8708		0.87047		0.87047		0.87047		0.7416
917		6786.18		0.9413		0.94795		0.86822		0.86979		0.86528		0.86753		0.73644
918		6787.77		0.94057		0.94731		0.8708		0.87047		0.87047		0.87047		0.7416
919		6789.4		0.94033		0.94731		0.87339		0.87113		0.87565		0.87339		0.74678
920		6790.73		0.94033		0.94722		0.87339		0.87113		0.87565		0.87339		0.74678
921		6791.88		0.94017		0.94721		0.87597		0.87565		0.87565		0.87565		0.75194
922		6793.1		0.9406		0.94758		0.87339		0.87113		0.87565		0.87339		0.74678
923		6794.32		0.94079		0.9476		0.8708		0.87047		0.87047		0.87047		0.7416
924		6795.7		0.94065		0.94722		0.86822		0.86979		0.86528		0.86753		0.73644
925		6797.21		0.941		0.94764		0.86822		0.86979		0.86528		0.86753		0.73644
926		6798.82		0.94126		0.94789		0.8708		0.87435		0.86528		0.86979		0.74163
927		6800.19		0.94202		0.94897		0.8708		0.87435		0.86528		0.86979		0.74163
928		6801.8		0.942		0.9492		0.8708		0.87047		0.87047		0.87047		0.7416
929		6803.09		0.94215		0.94961		0.86822		0.86598		0.87047		0.86822		0.73645
930		6804.32		0.94191		0.9496		0.86822		0.86979		0.86528		0.86753		0.73644
931		6806.29		0.94151		0.94923		0.86563		0.86911		0.8601		0.86458		0.7313
932		6807.53		0.94122		0.94883		0.86563		0.86911		0.8601		0.86458		0.7313
933		6808.66		0.94111		0.9485		0.86822		0.86979		0.86528		0.86753		0.73644
934		6809.91		0.94103		0.94808		0.86563		0.86528		0.86528		0.86528		0.73126
935		6811.04		0.94159		0.9484		0.86563		0.86528		0.86528		0.86528		0.73126
936		6812.34		0.9418		0.94878		0.86822		0.87368		0.8601		0.86684		0.73651
937		6813.64		0.94172		0.94901		0.86822		0.87368		0.8601		0.86684		0.73651
938		6814.76		0.94243		0.94946		0.86822		0.86598		0.87047		0.86822		0.73645
939		6815.94		0.94293		0.94971		0.86563		0.85787		0.87565		0.86667		0.73143
940		6817.23		0.94267		0.94962		0.86305		0.85714		0.87047		0.86375		0.72619
941		6819.18		0.94212		0.9494		0.87339		0.875		0.87047		0.87273		0.74677
942		6820.86		0.94124		0.94875		0.86822		0.87368		0.8601		0.86684		0.73651
943		6822.82		0.94111		0.9487		0.86563		0.86911		0.8601		0.86458		0.7313
944		6824.02		0.9417		0.94885		0.8708		0.87047		0.87047		0.87047		0.7416
945		6825.35		0.94114		0.94811		0.8708		0.86667		0.87565		0.87113		0.74165
946		6826.99		0.94098		0.94782		0.86563		0.86154		0.87047		0.86598		0.73131
947		6828.45		0.94111		0.94782		0.8708		0.87435		0.86528		0.86979		0.74163
948		6829.58		0.94082		0.94764		0.86822		0.87766		0.85492		0.86614		0.73666
949		6830.71		0.94124		0.94777		0.86822		0.86979		0.86528		0.86753		0.73644
950		6831.97		0.94178		0.94805		0.8708		0.86667		0.87565		0.87113		0.74165
951		6833.14		0.94255		0.94904		0.8708		0.86667		0.87565		0.87113		0.74165
952		6834.25		0.94274		0.94929		0.87597		0.86802		0.88601		0.87692		0.75211
953		6835.41		0.94266		0.9493		0.87339		0.86364		0.88601		0.87468		0.74703
954		6837.3		0.94252		0.94931		0.86822		0.86224		0.87565		0.86889		0.73653
955		6838.46		0.94215		0.94905		0.86047		0.85641		0.86528		0.86082		0.72097
956		6839.59		0.94143		0.94841		0.86305		0.85714		0.87047		0.86375		0.72619
957		6840.71		0.94116		0.94834		0.86822		0.86598		0.87047		0.86822		0.73645
958		6841.94		0.94017		0.94735		0.8708		0.87047		0.87047		0.87047		0.7416
959		6843.22		0.94015		0.94739		0.8708		0.87047		0.87047		0.87047		0.7416
960		6844.38		0.94069		0.94773		0.86822		0.86598		0.87047		0.86822		0.73645
961		6845.56		0.94079		0.94767		0.86305		0.86082		0.86528		0.86305		0.72611
962		6846.67		0.9413		0.94813		0.86305		0.85714		0.87047		0.86375		0.72619
963		6847.9		0.94163		0.94823		0.86822		0.86979		0.86528		0.86753		0.73644
964		6849.32		0.94167		0.94834		0.8708		0.87047		0.87047		0.87047		0.7416
965		6851.04		0.94071		0.94709		0.8708		0.8593		0.88601		0.87245		0.74198
966		6853.04		0.93961		0.94612		0.86822		0.855		0.88601		0.87023		0.73694
967		6855.03		0.93916		0.94723		0.87339		0.88298		0.8601		0.87139		0.747
968		6856.42		0.93857		0.94709		0.86305		0.88462		0.8342		0.85867		0.72723
969		6857.53		0.93814		0.94352		0.86305		0.84314		0.89119		0.8665		0.72731
970		6858.66		0.9366		0.94676		0.87597		0.90503		0.83938		0.87097		0.75387
971		6859.88		0.87101		0.85861		0.71318		0.64336		0.95337		0.76827		0.48682
972		6861.17		0.89125		0.89259		0.75969		0.90984		0.57513		0.70476		0.55791
973		6862.45		0.87968		0.88908		0.65375		0.59306		0.97409		0.73725		0.40157
974		6863.73		0.87001		0.8727		0.77003		0.87681		0.62694		0.73112		0.56297
975		6865.02		0.88526		0.89427		0.81137		0.875		0.72539		0.7932		0.63183
976		6866.18		0.89408		0.90483		0.82429		0.77533		0.91192		0.8381		0.65898
977		6867.4		0.89557		0.90566		0.77519		0.71032		0.92746		0.80449		0.57823
978		6868.51		0.8811		0.88883		0.81654		0.83516		0.78756		0.81067		0.63404
979		6869.86		0.86339		0.87065		0.70801		0.90816		0.46114		0.61168		0.47687
980		6871.62		0.87153		0.87872		0.73902		0.91818		0.52332		0.66667		0.52868
981		6873.36		0.88964		0.8955		0.81137		0.85294		0.7513		0.7989		0.62707
982		6874.95		0.89843		0.90458		0.81912		0.7971		0.85492		0.825		0.63998
983		6876.09		0.89659		0.90312		0.81912		0.78341		0.88083		0.82927		0.64332
984		6877.85		0.88943		0.89436		0.81654		0.80198		0.83938		0.82025		0.6338
985		6879.81		0.88211		0.88442		0.80362		0.81967		0.7772		0.79787		0.60799
986		6881.01		0.87581		0.87514		0.79328		0.83432		0.73057		0.77901		0.59099
987		6882.13		0.87402		0.87231		0.78811		0.84049		0.70984		0.76966		0.58311
988		6883.34		0.87533		0.87626		0.7907		0.83333		0.72539		0.77562		0.58617
989		6884.55		0.87955		0.88286		0.81137		0.82967		0.78238		0.80533		0.62369
990		6886.6		0.88425		0.89134		0.81912		0.80905		0.8342		0.82143		0.63858
991		6887.81		0.88932		0.8986		0.81137		0.78571		0.85492		0.81886		0.62524
992		6888.93		0.88996		0.89922		0.80879		0.78469		0.84974		0.81592		0.61977
993		6890.12		0.88999		0.89903		0.81912		0.8		0.84974		0.82412		0.63953
994		6891.38		0.88873		0.89616		0.82171		0.82979		0.80829		0.8189		0.6436
995		6892.49		0.88876		0.89509		0.82429		0.84153		0.79793		0.81915		0.6494
996		6893.61		0.89298		0.89945		0.82171		0.82979		0.80829		0.8189		0.6436
997		6894.73		0.89934		0.90653		0.82429		0.82051		0.82902		0.82474		0.64862
998		6895.95		0.90481		0.91353		0.82171		0.81		0.83938		0.82443		0.64386
999		6897.47		0.90858		0.91725		0.84238		0.83673		0.84974		0.84319		0.68485
1000		6899.05		0.91234		0.92077		0.83979		0.85027		0.82383		0.83684		0.67989
fold: 5
Epoch		Time		AUC		AUPR		Accuracy		Precision		Recall		F1-score		Mcc
1		6901.91		0.78687		0.77953		0.51163		1.0		0.02073		0.04061		0.10246
AUC improved at epoch  1 ;	best_auc: 0.7868703594893434
2		6903.05		0.78425		0.77756		0.68734		0.76471		0.53886		0.63222		0.3916
3		6904.2		0.78337		0.7758		0.69767		0.71348		0.65803		0.68464		0.39642
4		6905.33		0.78115		0.77494		0.69251		0.69271		0.68912		0.69091		0.38501
5		6906.56		0.78033		0.77524		0.69251		0.68878		0.69948		0.69409		0.38508
6		6907.8		0.77891		0.77353		0.69767		0.68627		0.72539		0.70529		0.39607
7		6908.91		0.77621		0.76779		0.69251		0.67961		0.72539		0.70175		0.38599
8		6910.02		0.77317		0.7624		0.69251		0.66972		0.75648		0.71046		0.38847
9		6911.25		0.77173		0.75991		0.68475		0.66512		0.74093		0.70098		0.3721
10		6912.38		0.77159		0.75903		0.68992		0.69519		0.67358		0.68421		0.37997
11		6913.52		0.77154		0.75883		0.70026		0.71508		0.66321		0.68817		0.40145
12		6914.61		0.77197		0.75919		0.70284		0.71667		0.66839		0.69169		0.4065
13		6915.74		0.77408		0.76195		0.69767		0.69192		0.70984		0.70077		0.39552
14		6917.75		0.77923		0.76738		0.69509		0.67773		0.74093		0.70792		0.39202
15		6918.9		0.78455		0.77252		0.70026		0.68599		0.73575		0.71		0.40168
16		6920.05		0.79323		0.77817		0.70026		0.68246		0.74611		0.71287		0.4024
AUC improved at epoch  16 ;	best_auc: 0.7932268575396613
17		6921.92		0.80225		0.7821		0.71835		0.6875		0.79793		0.73861		0.44263
AUC improved at epoch  17 ;	best_auc: 0.8022541530901127
18		6923.95		0.81051		0.78848		0.73902		0.71905		0.78238		0.74938		0.48001
AUC improved at epoch  18 ;	best_auc: 0.8105069173655255
19		6925.48		0.81168		0.78754		0.73643		0.71564		0.78238		0.74752		0.47505
AUC improved at epoch  19 ;	best_auc: 0.8116820682655841
20		6926.79		0.81005		0.78338		0.73902		0.70354		0.82383		0.75895		0.48537
21		6928.17		0.80987		0.78382		0.73902		0.70909		0.80829		0.75545		0.48294
22		6929.48		0.80965		0.78298		0.73902		0.70354		0.82383		0.75895		0.48537
23		6930.69		0.81024		0.78521		0.75194		0.74872		0.75648		0.75258		0.50391
24		6932.29		0.80957		0.78018		0.74419		0.69262		0.87565		0.77346		0.50661
25		6934.35		0.81133		0.7829		0.73902		0.70175		0.82902		0.7601		0.48629
26		6935.93		0.81272		0.78643		0.74677		0.75132		0.73575		0.74346		0.49362
AUC improved at epoch  26 ;	best_auc: 0.8127236792906362
27		6937.18		0.81328		0.78579		0.73902		0.72115		0.7772		0.74813		0.47958
AUC improved at epoch  27 ;	best_auc: 0.8132845467656642
28		6938.4		0.81315		0.78421		0.74677		0.69547		0.87565		0.77523		0.51121
29		6939.51		0.81387		0.78452		0.74677		0.69547		0.87565		0.77523		0.51121
AUC improved at epoch  29 ;	best_auc: 0.8138721222156936
30		6940.67		0.81483		0.78936		0.74419		0.72381		0.78756		0.75434		0.49038
AUC improved at epoch  30 ;	best_auc: 0.8148336093157416
31		6941.83		0.81507		0.79027		0.74677		0.74611		0.74611		0.74611		0.49354
AUC improved at epoch  31 ;	best_auc: 0.8150739810907537
32		6943.07		0.81529		0.78898		0.74419		0.72816		0.7772		0.75188		0.48956
AUC improved at epoch  32 ;	best_auc: 0.8152876448907644
33		6944.23		0.81497		0.7898		0.75194		0.70124		0.87565		0.7788		0.52044
34		6945.79		0.81486		0.78896		0.74935		0.69835		0.87565		0.77701		0.51582
35		6947.54		0.81593		0.79026		0.7416		0.71429		0.80311		0.7561		0.48713
AUC improved at epoch  35 ;	best_auc: 0.8159286362907964
36		6949.38		0.81657		0.79129		0.75194		0.74619		0.76166		0.75385		0.50401
AUC improved at epoch  36 ;	best_auc: 0.8165696276908285
37		6951.11		0.81665		0.79284		0.74419		0.72816		0.7772		0.75188		0.48956
AUC improved at epoch  37 ;	best_auc: 0.8166497516158324
38		6952.36		0.81574		0.79158		0.74935		0.70513		0.85492		0.77283		0.51056
39		6953.66		0.81604		0.79201		0.75452		0.70763		0.86528		0.77855		0.52237
40		6954.78		0.8171		0.79337		0.74935		0.7243		0.80311		0.76167		0.50181
AUC improved at epoch  40 ;	best_auc: 0.8171037871908552
41		6956.06		0.8171		0.79427		0.74419		0.73267		0.76684		0.74937		0.48896
42		6957.25		0.81793		0.79558		0.74677		0.72727		0.78756		0.75622		0.49534
AUC improved at epoch  42 ;	best_auc: 0.8179317344158966
43		6959.03		0.81892		0.79717		0.74935		0.71053		0.83938		0.7696		0.5073
AUC improved at epoch  43 ;	best_auc: 0.818919929490946
44		6960.6		0.81916		0.79773		0.74419		0.70435		0.83938		0.76596		0.4978
AUC improved at epoch  44 ;	best_auc: 0.8191603012659581
45		6961.87		0.81977		0.79869		0.73643		0.71362		0.78756		0.74877		0.47555
AUC improved at epoch  45 ;	best_auc: 0.8197745846909887
46		6963.12		0.82012		0.79977		0.75452		0.75		0.76166		0.75578		0.50912
AUC improved at epoch  46 ;	best_auc: 0.8201217883660061
47		6964.57		0.82028		0.79965		0.75711		0.74627		0.7772		0.76142		0.5147
AUC improved at epoch  47 ;	best_auc: 0.8202820362160141
48		6965.78		0.8206		0.7987		0.74935		0.7087		0.84456		0.77069		0.50832
AUC improved at epoch  48 ;	best_auc: 0.82060253191603
49		6967.07		0.82066		0.7985		0.74677		0.70742		0.83938		0.76777		0.50255
AUC improved at epoch  49 ;	best_auc: 0.8206559478660328
50		6968.35		0.82087		0.79929		0.75969		0.72936		0.82383		0.77372		0.52393
AUC improved at epoch  50 ;	best_auc: 0.8208696116660434
51		6969.6		0.82074		0.80016		0.7416		0.72249		0.78238		0.75124		0.48497
52		6971.25		0.82071		0.80057		0.74419		0.72381		0.78756		0.75434		0.49038
53		6973.01		0.82247		0.80331		0.76744		0.73303		0.83938		0.78261		0.54074
AUC improved at epoch  53 ;	best_auc: 0.8224720901661235
54		6974.21		0.82373		0.80502		0.76227		0.72851		0.8342		0.77778		0.5303
AUC improved at epoch  54 ;	best_auc: 0.8237273649911864
55		6975.77		0.82437		0.8061		0.74935		0.72642		0.79793		0.76049		0.50125
AUC improved at epoch  55 ;	best_auc: 0.8243683563912183
56		6977.21		0.8252		0.80658		0.74677		0.73171		0.7772		0.75377		0.49457
AUC improved at epoch  56 ;	best_auc: 0.8251963036162597
57		6978.87		0.82664		0.80834		0.75452		0.72897		0.80829		0.76658		0.5122
AUC improved at epoch  57 ;	best_auc: 0.8266385342663319
58		6980.02		0.82765		0.81011		0.75194		0.71946		0.82383		0.76812		0.50942
AUC improved at epoch  58 ;	best_auc: 0.8276534373163826
59		6981.2		0.82853		0.81166		0.75711		0.73023		0.81347		0.76961		0.51771
AUC improved at epoch  59 ;	best_auc: 0.8285348004914267
60		6982.52		0.82891		0.81397		0.7416		0.72683		0.77202		0.74874		0.48422
AUC improved at epoch  60 ;	best_auc: 0.8289087121414455
61		6984.25		0.83078		0.81629		0.75452		0.72897		0.80829		0.76658		0.5122
AUC improved at epoch  61 ;	best_auc: 0.830778270391539
62		6986.02		0.833		0.81921		0.76227		0.73272		0.82383		0.77561		0.52878
AUC improved at epoch  62 ;	best_auc: 0.8329950323166497
63		6988.22		0.83468		0.82155		0.75969		0.73148		0.81865		0.77262		0.52323
AUC improved at epoch  63 ;	best_auc: 0.834677634741734
64		6990.09		0.83593		0.82374		0.75452		0.73558		0.79275		0.76309		0.51068
AUC improved at epoch  64 ;	best_auc: 0.8359329095667966
65		6991.53		0.83834		0.82587		0.75711		0.73239		0.80829		0.76847		0.51711
AUC improved at epoch  65 ;	best_auc: 0.8383366273169168
66		6993.0		0.84221		0.83064		0.75452		0.72897		0.80829		0.76658		0.5122
AUC improved at epoch  66 ;	best_auc: 0.8422092836921105
67		6994.27		0.84461		0.83406		0.76486		0.74057		0.81347		0.77531		0.5324
AUC improved at epoch  67 ;	best_auc: 0.8446130014422307
68		6995.57		0.84648		0.83644		0.76744		0.74641		0.80829		0.77612		0.53682
AUC improved at epoch  68 ;	best_auc: 0.8464825596923242
69		6996.77		0.84736		0.83714		0.75711		0.72811		0.81865		0.77073		0.51836
AUC improved at epoch  69 ;	best_auc: 0.8473639228673682
70		6998.03		0.84854		0.83949		0.77261		0.7561		0.80311		0.77889		0.54634
AUC improved at epoch  70 ;	best_auc: 0.848539073767427
71		6999.36		0.851		0.84231		0.76486		0.73611		0.82383		0.77751		0.53364
AUC improved at epoch  71 ;	best_auc: 0.8509962074675498
72		7001.38		0.85345		0.84603		0.76227		0.73709		0.81347		0.7734		0.5275
AUC improved at epoch  72 ;	best_auc: 0.8534533411676727
73		7002.63		0.85693		0.84968		0.76744		0.73953		0.82383		0.77941		0.53851
AUC improved at epoch  73 ;	best_auc: 0.8569253779178463
74		7003.85		0.85879		0.85287		0.76486		0.75248		0.78756		0.76962		0.53034
AUC improved at epoch  74 ;	best_auc: 0.8587949361679397
75		7005.6		0.86277		0.85643		0.77261		0.73333		0.85492		0.78947		0.55302
AUC improved at epoch  75 ;	best_auc: 0.8627744244431387
76		7007.33		0.86208		0.85734		0.76744		0.75879		0.78238		0.77041		0.53518
77		7008.47		0.86462		0.85982		0.77261		0.75362		0.80829		0.78		0.54673
AUC improved at epoch  77 ;	best_auc: 0.8646172747182308
78		7009.64		0.86934		0.86549		0.77261		0.73333		0.85492		0.78947		0.55302
AUC improved at epoch  78 ;	best_auc: 0.8693445862934672
79		7010.98		0.86878		0.86534		0.77261		0.7933		0.73575		0.76344		0.54656
80		7012.21		0.87258		0.86884		0.76744		0.7102		0.90155		0.79452		0.55561
AUC improved at epoch  80 ;	best_auc: 0.8725762512686288
81		7013.88		0.87616		0.87462		0.79328		0.76279		0.84974		0.80392		0.59051
AUC improved at epoch  81 ;	best_auc: 0.8761551199188077
82		7015.7		0.87466		0.87375		0.77003		0.78571		0.74093		0.76267		0.54086
83		7016.85		0.87778		0.87703		0.7907		0.74561		0.88083		0.8076		0.59133
AUC improved at epoch  83 ;	best_auc: 0.8777843063938893
84		7018.14		0.87816		0.87692		0.78295		0.74439		0.8601		0.79808		0.57299
AUC improved at epoch  84 ;	best_auc: 0.8781582180439079
85		7019.35		0.88115		0.88295		0.78811		0.78462		0.79275		0.78866		0.57627
AUC improved at epoch  85 ;	best_auc: 0.8811495112440575
86		7020.54		0.88419		0.88728		0.79328		0.78109		0.81347		0.79695		0.58711
AUC improved at epoch  86 ;	best_auc: 0.8841942203942098
87		7021.77		0.88705		0.88884		0.79845		0.7533		0.88601		0.81429		0.60651
AUC improved at epoch  87 ;	best_auc: 0.8870519737193526
88		7023.05		0.88986		0.89114		0.80103		0.78155		0.8342		0.80702		0.6035
AUC improved at epoch  88 ;	best_auc: 0.8898563110944928
89		7024.24		0.89111		0.89332		0.79845		0.79793		0.79793		0.79793		0.5969
AUC improved at epoch  89 ;	best_auc: 0.8911115859195556
90		7025.38		0.89506		0.89793		0.79587		0.76147		0.8601		0.80779		0.59686
AUC improved at epoch  90 ;	best_auc: 0.8950643662197532
91		7026.64		0.8976		0.8998		0.79845		0.76744		0.85492		0.80882		0.60091
AUC improved at epoch  91 ;	best_auc: 0.8976016238448801
92		7027.78		0.89739		0.90037		0.79587		0.80978		0.77202		0.79045		0.59232
93		7029.68		0.90027		0.90426		0.80362		0.7799		0.84456		0.81095		0.6094
AUC improved at epoch  93 ;	best_auc: 0.9002724213450135
94		7031.36		0.90484		0.90739		0.81137		0.76087		0.90674		0.82742		0.63462
AUC improved at epoch  94 ;	best_auc: 0.904839485070242
95		7032.78		0.90623		0.90813		0.80362		0.83429		0.75648		0.79348		0.60978
AUC improved at epoch  95 ;	best_auc: 0.9062282997703114
96		7034.36		0.90989		0.91384		0.80879		0.79024		0.83938		0.81407		0.61882
AUC improved at epoch  96 ;	best_auc: 0.9098872923454944
97		7036.0		0.91138		0.91233		0.81912		0.78341		0.88083		0.82927		0.64332
AUC improved at epoch  97 ;	best_auc: 0.9113829389455691
98		7037.44		0.91307		0.9143		0.82687		0.815		0.84456		0.82952		0.6542
AUC improved at epoch  98 ;	best_auc: 0.9130655413706532
99		7039.12		0.91536		0.91904		0.81654		0.81443		0.81865		0.81654		0.63309
AUC improved at epoch  99 ;	best_auc: 0.9153624272207681
100		7040.85		0.91662		0.92008		0.82687		0.80583		0.8601		0.83208		0.65528
AUC improved at epoch  100 ;	best_auc: 0.9166177020458309
101		7042.01		0.91427		0.91651		0.82171		0.82632		0.81347		0.81984		0.64347
102		7043.25		0.91902		0.92095		0.83463		0.81159		0.87047		0.84		0.67107
AUC improved at epoch  102 ;	best_auc: 0.9190214197959511
103		7045.1		0.92359		0.92529		0.83204		0.82653		0.83938		0.8329		0.66417
AUC improved at epoch  103 ;	best_auc: 0.9235884835211795
104		7046.26		0.92284		0.92453		0.82687		0.84615		0.79793		0.82133		0.65475
105		7047.45		0.9214		0.92487		0.82429		0.80788		0.84974		0.82828		0.64949
106		7048.78		0.91969		0.92363		0.81395		0.82703		0.79275		0.80952		0.6284
107		7049.92		0.9237		0.92605		0.84238		0.83333		0.85492		0.84399		0.685
AUC improved at epoch  107 ;	best_auc: 0.9236953154211847
108		7051.07		0.9288		0.93		0.85013		0.83582		0.87047		0.85279		0.70089
AUC improved at epoch  108 ;	best_auc: 0.9287965386464399
109		7052.22		0.92775		0.93097		0.83204		0.85165		0.80311		0.82667		0.66511
110		7053.45		0.92738		0.93085		0.83204		0.79907		0.88601		0.84029		0.66812
111		7054.61		0.92548		0.92781		0.83463		0.86857		0.78756		0.82609		0.67208
112		7055.92		0.9269		0.92885		0.82687		0.82143		0.8342		0.82776		0.65384
113		7057.63		0.92925		0.93184		0.83721		0.82178		0.8601		0.84051		0.67519
AUC improved at epoch  113 ;	best_auc: 0.9292505742214625
114		7059.6		0.9284		0.93165		0.82946		0.85083		0.79793		0.82353		0.66013
115		7061.26		0.92605		0.93106		0.83463		0.80282		0.88601		0.84236		0.67294
116		7062.61		0.93197		0.9343		0.84496		0.84456		0.84456		0.84456		0.68992
AUC improved at epoch  116 ;	best_auc: 0.9319747876715987
117		7064.41		0.93243		0.93335		0.85013		0.84264		0.8601		0.85128		0.70042
AUC improved at epoch  117 ;	best_auc: 0.9324288232466215
118		7066.19		0.93115		0.93353		0.83979		0.81951		0.87047		0.84422		0.68095
119		7067.53		0.92447		0.92968		0.83979		0.85027		0.82383		0.83684		0.67989
120		7068.65		0.92663		0.93156		0.83463		0.81463		0.86528		0.8392		0.67059
121		7069.88		0.93323		0.93668		0.8553		0.85492		0.85492		0.85492		0.71059
AUC improved at epoch  121 ;	best_auc: 0.9332300624966615
122		7071.0		0.93395		0.93625		0.85013		0.83582		0.87047		0.85279		0.70089
AUC improved at epoch  122 ;	best_auc: 0.9339511778216975
123		7072.27		0.93211		0.93478		0.84755		0.83168		0.87047		0.85063		0.69588
124		7073.36		0.92954		0.93423		0.86047		0.84925		0.87565		0.86224		0.7213
125		7074.52		0.92981		0.93571		0.85013		0.84974		0.84974		0.84974		0.70026
126		7075.67		0.93115		0.93733		0.84238		0.84375		0.83938		0.84156		0.68476
127		7076.97		0.93654		0.9404		0.86305		0.86842		0.85492		0.86162		0.72617
AUC improved at epoch  127 ;	best_auc: 0.9365418513968271
128		7079.26		0.93793		0.94028		0.8553		0.82775		0.89637		0.8607		0.7131
AUC improved at epoch  128 ;	best_auc: 0.9379306660968966
129		7080.47		0.93705		0.94026		0.86305		0.86842		0.85492		0.86162		0.72617
130		7081.65		0.93585		0.94089		0.85788		0.84158		0.88083		0.86076		0.71657
131		7082.93		0.93702		0.94155		0.85788		0.875		0.8342		0.85411		0.7165
132		7084.03		0.93601		0.94116		0.86305		0.8271		0.9171		0.86978		0.73049
133		7085.31		0.93238		0.93774		0.8553		0.85492		0.85492		0.85492		0.71059
134		7086.41		0.93689		0.9414		0.86305		0.85714		0.87047		0.86375		0.72619
135		7087.52		0.93985		0.9437		0.85271		0.84694		0.8601		0.85347		0.70552
AUC improved at epoch  135 ;	best_auc: 0.9398536402969927
136		7089.23		0.94098		0.94471		0.86563		0.86911		0.8601		0.86458		0.7313
AUC improved at epoch  136 ;	best_auc: 0.9409753752470488
137		7091.13		0.9402		0.94409		0.86047		0.85641		0.86528		0.86082		0.72097
138		7092.94		0.94146		0.94456		0.86822		0.86598		0.87047		0.86822		0.73645
AUC improved at epoch  138 ;	best_auc: 0.9414561187970728
139		7094.16		0.94223		0.94547		0.8708		0.86667		0.87565		0.87113		0.74165
AUC improved at epoch  139 ;	best_auc: 0.9422306500721116
140		7095.48		0.94003		0.9443		0.86305		0.85354		0.87565		0.86445		0.72636
141		7097.26		0.93985		0.94406		0.87855		0.87629		0.88083		0.87855		0.75712
142		7098.74		0.94127		0.94529		0.86822		0.88172		0.84974		0.86544		0.73689
143		7099.91		0.94049		0.94487		0.86563		0.85075		0.88601		0.86802		0.73192
144		7101.03		0.93873		0.94285		0.86305		0.86458		0.8601		0.86234		0.7261
145		7102.29		0.93857		0.94324		0.86047		0.87978		0.8342		0.85638		0.72186
146		7103.4		0.93935		0.94386		0.86563		0.85075		0.88601		0.86802		0.73192
147		7104.52		0.94044		0.94374		0.88372		0.88947		0.87565		0.88251		0.76752
148		7106.31		0.93833		0.9418		0.88114		0.88889		0.87047		0.87958		0.76242
149		7107.65		0.939		0.94306		0.86305		0.85		0.88083		0.86514		0.7266
150		7108.78		0.94028		0.94432		0.86563		0.86911		0.8601		0.86458		0.7313
151		7109.97		0.94284		0.94588		0.8708		0.88649		0.84974		0.86772		0.74221
AUC improved at epoch  151 ;	best_auc: 0.9428449334971423
152		7111.1		0.94426		0.94685		0.86305		0.85714		0.87047		0.86375		0.72619
AUC improved at epoch  152 ;	best_auc: 0.944260456172213
153		7112.24		0.94386		0.94589		0.86563		0.86154		0.87047		0.86598		0.73131
154		7113.47		0.94207		0.94412		0.86047		0.8601		0.8601		0.8601		0.72093
155		7115.15		0.94068		0.9434		0.85271		0.85417		0.84974		0.85195		0.70543
156		7116.67		0.94228		0.94544		0.8708		0.86667		0.87565		0.87113		0.74165
157		7117.82		0.94242		0.94557		0.86563		0.86911		0.8601		0.86458		0.7313
158		7119.38		0.94242		0.94548		0.8708		0.87047		0.87047		0.87047		0.7416
159		7121.07		0.94138		0.94412		0.86563		0.86911		0.8601		0.86458		0.7313
160		7122.26		0.93985		0.94276		0.86822		0.86979		0.86528		0.86753		0.73644
161		7123.47		0.93833		0.94175		0.86563		0.86154		0.87047		0.86598		0.73131
162		7124.57		0.93766		0.94162		0.86305		0.86458		0.8601		0.86234		0.7261
163		7125.9		0.93793		0.94224		0.86563		0.87302		0.85492		0.86387		0.73141
164		7127.05		0.93892		0.94332		0.86305		0.86458		0.8601		0.86234		0.7261
165		7128.17		0.93896		0.94388		0.8708		0.87047		0.87047		0.87047		0.7416
166		7129.37		0.93891		0.94381		0.8553		0.85864		0.84974		0.85417		0.71062
167		7131.3		0.939		0.94372		0.86047		0.87568		0.83938		0.85714		0.72152
168		7133.11		0.93867		0.94337		0.85013		0.85714		0.83938		0.84817		0.70039
169		7134.6		0.93911		0.94363		0.85788		0.85204		0.86528		0.85861		0.71586
170		7135.76		0.94071		0.94476		0.86305		0.86458		0.8601		0.86234		0.7261
171		7136.92		0.94158		0.94536		0.86305		0.86842		0.85492		0.86162		0.72617
172		7138.19		0.94311		0.9463		0.86563		0.86911		0.8601		0.86458		0.7313
173		7140.06		0.94287		0.94602		0.86563		0.86911		0.8601		0.86458		0.7313
174		7141.41		0.94318		0.9462		0.86563		0.86911		0.8601		0.86458		0.7313
175		7142.75		0.94354		0.94653		0.86305		0.86458		0.8601		0.86234		0.7261
176		7144.33		0.94459		0.94729		0.86047		0.86387		0.85492		0.85938		0.72096
AUC improved at epoch  176 ;	best_auc: 0.9445943058597298
177		7145.51		0.94418		0.94624		0.86822		0.88172		0.84974		0.86544		0.73689
178		7147.27		0.94358		0.94521		0.86305		0.87634		0.84456		0.86016		0.72655
179		7148.61		0.94354		0.94491		0.86305		0.87634		0.84456		0.86016		0.72655
180		7150.47		0.94248		0.94387		0.86822		0.87766		0.85492		0.86614		0.73666
181		7151.83		0.94204		0.94351		0.87339		0.87895		0.86528		0.87206		0.74685
182		7153.01		0.94147		0.94324		0.86563		0.87302		0.85492		0.86387		0.73141
183		7154.14		0.94143		0.94385		0.86822		0.86979		0.86528		0.86753		0.73644
184		7155.24		0.94119		0.94433		0.8708		0.87047		0.87047		0.87047		0.7416
185		7156.53		0.94158		0.94514		0.87597		0.8836		0.86528		0.87435		0.75208
186		7157.67		0.94164		0.94541		0.87855		0.8883		0.86528		0.87664		0.75734
187		7158.87		0.94082		0.94466		0.8708		0.88649		0.84974		0.86772		0.74221
188		7160.84		0.94127		0.94535		0.86822		0.87766		0.85492		0.86614		0.73666
189		7162.04		0.94135		0.94548		0.86822		0.87766		0.85492		0.86614		0.73666
190		7163.28		0.94143		0.94559		0.87597		0.89189		0.85492		0.87302		0.75255
191		7164.98		0.94226		0.94594		0.87597		0.89189		0.85492		0.87302		0.75255
192		7166.59		0.94231		0.94538		0.86822		0.88172		0.84974		0.86544		0.73689
193		7167.81		0.94295		0.9455		0.87339		0.87895		0.86528		0.87206		0.74685
194		7168.94		0.94264		0.94491		0.87339		0.875		0.87047		0.87273		0.74677
195		7170.26		0.94255		0.94459		0.87597		0.87565		0.87565		0.87565		0.75194
196		7171.98		0.94305		0.94523		0.8708		0.87831		0.8601		0.86911		0.74175
197		7173.61		0.94345		0.94596		0.87339		0.88298		0.8601		0.87139		0.747
198		7174.91		0.94415		0.94709		0.87597		0.87958		0.87047		0.875		0.75197
199		7176.08		0.94431		0.94739		0.87855		0.88421		0.87047		0.87728		0.75719
200		7177.41		0.94438		0.94765		0.87597		0.8836		0.86528		0.87435		0.75208
201		7178.91		0.94357		0.94703		0.8708		0.87831		0.8601		0.86911		0.74175
202		7180.22		0.94224		0.9458		0.85788		0.85567		0.8601		0.85788		0.71577
203		7181.55		0.94099		0.94455		0.8553		0.84772		0.86528		0.85641		0.71076
204		7182.85		0.94104		0.94449		0.86047		0.84925		0.87565		0.86224		0.7213
205		7184.16		0.94194		0.94487		0.85788		0.845		0.87565		0.86005		0.71626
206		7186.39		0.94275		0.94546		0.86563		0.85787		0.87565		0.86667		0.73143
207		7188.12		0.94319		0.94556		0.8708		0.86294		0.88083		0.87179		0.74177
208		7189.88		0.94295		0.94509		0.86563		0.87302		0.85492		0.86387		0.73141
209		7191.33		0.94335		0.94522		0.86822		0.87766		0.85492		0.86614		0.73666
210		7193.1		0.94337		0.94502		0.8708		0.87831		0.8601		0.86911		0.74175
211		7194.45		0.94362		0.94507		0.87597		0.87958		0.87047		0.875		0.75197
212		7195.73		0.94397		0.9454		0.8708		0.87435		0.86528		0.86979		0.74163
213		7196.88		0.94415		0.94569		0.8708		0.87047		0.87047		0.87047		0.7416
214		7198.06		0.94395		0.94598		0.86822		0.86598		0.87047		0.86822		0.73645
215		7199.73		0.94439		0.9468		0.86822		0.87368		0.8601		0.86684		0.73651
216		7201.78		0.94391		0.9466		0.86305		0.86842		0.85492		0.86162		0.72617
217		7203.33		0.9437		0.94663		0.86822		0.87766		0.85492		0.86614		0.73666
218		7204.66		0.94383		0.94702		0.8708		0.87831		0.8601		0.86911		0.74175
219		7206.08		0.9437		0.94704		0.87339		0.88298		0.8601		0.87139		0.747
220		7207.31		0.94293		0.94599		0.8708		0.88235		0.85492		0.86842		0.74194
221		7208.7		0.94194		0.94483		0.86822		0.88172		0.84974		0.86544		0.73689
222		7210.11		0.94146		0.94417		0.86563		0.87302		0.85492		0.86387		0.73141
223		7211.38		0.94122		0.94394		0.86305		0.86842		0.85492		0.86162		0.72617
224		7213.47		0.94178		0.94447		0.86563		0.87701		0.84974		0.86316		0.73159
225		7214.72		0.9419		0.94463		0.87597		0.8877		0.8601		0.87368		0.75228
226		7215.91		0.94191		0.94485		0.87597		0.8877		0.8601		0.87368		0.75228
227		7217.06		0.94184		0.94484		0.8708		0.88235		0.85492		0.86842		0.74194
228		7218.85		0.94116		0.94432		0.87597		0.8877		0.8601		0.87368		0.75228
229		7220.46		0.94154		0.94477		0.8708		0.87435		0.86528		0.86979		0.74163
230		7221.81		0.94135		0.94447		0.8708		0.86667		0.87565		0.87113		0.74165
231		7223.2		0.94216		0.94543		0.8708		0.87047		0.87047		0.87047		0.7416
232		7224.46		0.94244		0.9456		0.87597		0.8877		0.8601		0.87368		0.75228
233		7226.03		0.94248		0.9455		0.87597		0.89189		0.85492		0.87302		0.75255
234		7227.65		0.94251		0.94532		0.87855		0.89674		0.85492		0.87533		0.7579
235		7229.0		0.94317		0.94581		0.87855		0.89247		0.8601		0.87599		0.75758
236		7230.44		0.94349		0.94618		0.87339		0.87895		0.86528		0.87206		0.74685
237		7231.72		0.94288		0.94558		0.86047		0.85641		0.86528		0.86082		0.72097
238		7232.87		0.94307		0.94574		0.86563		0.86911		0.8601		0.86458		0.7313
239		7233.99		0.94371		0.94569		0.87339		0.8871		0.85492		0.87071		0.74723
240		7235.11		0.94315		0.9453		0.87339		0.8871		0.85492		0.87071		0.74723
241		7236.31		0.9422		0.94426		0.87339		0.8871		0.85492		0.87071		0.74723
242		7237.62		0.94227		0.94479		0.87339		0.875		0.87047		0.87273		0.74677
243		7239.54		0.94267		0.94539		0.86305		0.86082		0.86528		0.86305		0.72611
244		7240.67		0.94179		0.94465		0.86822		0.86979		0.86528		0.86753		0.73644
245		7241.93		0.94144		0.9446		0.86822		0.88172		0.84974		0.86544		0.73689
246		7243.61		0.9411		0.94451		0.87339		0.8956		0.84456		0.86933		0.74794
247		7245.49		0.94227		0.94547		0.86822		0.88587		0.84456		0.86472		0.7372
248		7247.29		0.94219		0.94552		0.8553		0.85864		0.84974		0.85417		0.71062
249		7248.52		0.94208		0.94582		0.85788		0.84848		0.87047		0.85934		0.71602
250		7249.89		0.94243		0.94635		0.86305		0.86458		0.8601		0.86234		0.7261
251		7251.1		0.94279		0.94678		0.86563		0.86911		0.8601		0.86458		0.7313
252		7252.66		0.94254		0.94652		0.86822		0.87766		0.85492		0.86614		0.73666
253		7254.34		0.94279		0.94686		0.8708		0.88235		0.85492		0.86842		0.74194
254		7256.08		0.94188		0.94572		0.86305		0.88043		0.83938		0.85942		0.72685
255		7257.72		0.94123		0.94491		0.86822		0.88587		0.84456		0.86472		0.7372
256		7258.9		0.9415		0.9451		0.86563		0.87302		0.85492		0.86387		0.73141
257		7260.08		0.94204		0.94535		0.88372		0.88542		0.88083		0.88312		0.76745
258		7261.2		0.94166		0.94483		0.87597		0.8836		0.86528		0.87435		0.75208
259		7262.48		0.94198		0.94553		0.87597		0.8877		0.8601		0.87368		0.75228
260		7263.59		0.94116		0.94507		0.87339		0.8871		0.85492		0.87071		0.74723
261		7264.76		0.94158		0.94528		0.86563		0.88108		0.84456		0.86243		0.73186
262		7265.9		0.94236		0.94605		0.86822		0.88172		0.84974		0.86544		0.73689
263		7267.12		0.94103		0.94473		0.86563		0.87302		0.85492		0.86387		0.73141
264		7268.99		0.94064		0.94428		0.86305		0.86458		0.8601		0.86234		0.7261
265		7270.36		0.94119		0.94476		0.8553		0.86243		0.84456		0.8534		0.71073
266		7271.93		0.94207		0.94506		0.86563		0.87701		0.84974		0.86316		0.73159
267		7273.57		0.94266		0.94532		0.8708		0.87831		0.8601		0.86911		0.74175
268		7274.81		0.94266		0.94485		0.8708		0.87435		0.86528		0.86979		0.74163
269		7275.92		0.94274		0.94503		0.8708		0.87435		0.86528		0.86979		0.74163
270		7277.0		0.94256		0.9447		0.86047		0.8601		0.8601		0.8601		0.72093
271		7278.25		0.94224		0.94459		0.86047		0.8601		0.8601		0.8601		0.72093
272		7279.33		0.9425		0.94526		0.86047		0.85641		0.86528		0.86082		0.72097
273		7280.43		0.94288		0.94594		0.86822		0.87368		0.8601		0.86684		0.73651
274		7281.89		0.94314		0.94633		0.86563		0.86911		0.8601		0.86458		0.7313
275		7283.48		0.94325		0.94673		0.86822		0.87766		0.85492		0.86614		0.73666
276		7284.79		0.9433		0.94706		0.87339		0.8913		0.84974		0.87003		0.74755
277		7285.94		0.94349		0.94739		0.87339		0.8913		0.84974		0.87003		0.74755
278		7287.16		0.94317		0.94734		0.86822		0.88172		0.84974		0.86544		0.73689
279		7288.32		0.94264		0.94707		0.8708		0.88235		0.85492		0.86842		0.74194
280		7289.54		0.94231		0.94688		0.87339		0.88298		0.8601		0.87139		0.747
281		7290.7		0.94206		0.9466		0.86822		0.86979		0.86528		0.86753		0.73644
282		7291.83		0.94199		0.94641		0.8708		0.87047		0.87047		0.87047		0.7416
283		7293.02		0.94132		0.94561		0.8708		0.88235		0.85492		0.86842		0.74194
284		7294.83		0.94116		0.94522		0.86822		0.88172		0.84974		0.86544		0.73689
285		7296.33		0.94096		0.94493		0.86563		0.88108		0.84456		0.86243		0.73186
286		7297.54		0.94068		0.94455		0.86563		0.88108		0.84456		0.86243		0.73186
287		7298.89		0.94091		0.94431		0.86563		0.87302		0.85492		0.86387		0.73141
288		7300.34		0.941		0.9438		0.86563		0.86911		0.8601		0.86458		0.7313
289		7302.17		0.94163		0.94401		0.86822		0.86598		0.87047		0.86822		0.73645
290		7304.07		0.9425		0.94472		0.86047		0.86387		0.85492		0.85938		0.72096
291		7305.44		0.94293		0.94508		0.86305		0.86842		0.85492		0.86162		0.72617
292		7306.82		0.94365		0.94551		0.86563		0.87701		0.84974		0.86316		0.73159
293		7308.32		0.9435		0.94512		0.86305		0.87634		0.84456		0.86016		0.72655
294		7310.28		0.94254		0.94408		0.86822		0.88172		0.84974		0.86544		0.73689
295		7311.95		0.94242		0.94427		0.86822		0.87766		0.85492		0.86614		0.73666
296		7313.12		0.94202		0.94411		0.8708		0.88235		0.85492		0.86842		0.74194
297		7314.29		0.94187		0.94421		0.8708		0.88235		0.85492		0.86842		0.74194
298		7315.6		0.94171		0.94433		0.87339		0.88298		0.8601		0.87139		0.747
299		7316.72		0.9416		0.94444		0.87339		0.87895		0.86528		0.87206		0.74685
300		7317.84		0.94094		0.94416		0.86822		0.86979		0.86528		0.86753		0.73644
301		7319.08		0.94112		0.94441		0.86305		0.86458		0.8601		0.86234		0.7261
302		7320.19		0.94083		0.94443		0.86822		0.86979		0.86528		0.86753		0.73644
303		7321.41		0.94063		0.94428		0.86822		0.87766		0.85492		0.86614		0.73666
304		7322.87		0.94098		0.94465		0.87339		0.8871		0.85492		0.87071		0.74723
305		7324.51		0.94162		0.94531		0.8708		0.88235		0.85492		0.86842		0.74194
306		7325.77		0.94178		0.94568		0.86822		0.88172		0.84974		0.86544		0.73689
307		7327.11		0.94194		0.94602		0.86822		0.87766		0.85492		0.86614		0.73666
308		7328.55		0.9425		0.94656		0.87339		0.8871		0.85492		0.87071		0.74723
309		7330.05		0.94298		0.94702		0.8708		0.88649		0.84974		0.86772		0.74221
310		7331.41		0.94354		0.94753		0.8708		0.88649		0.84974		0.86772		0.74221
311		7332.84		0.94382		0.94769		0.8708		0.88649		0.84974		0.86772		0.74221
312		7334.11		0.94361		0.94742		0.87339		0.8871		0.85492		0.87071		0.74723
313		7335.38		0.94363		0.94725		0.87339		0.88298		0.8601		0.87139		0.747
314		7336.6		0.94357		0.94709		0.8708		0.87831		0.8601		0.86911		0.74175
315		7338.44		0.94311		0.9466		0.8708		0.88235		0.85492		0.86842		0.74194
316		7339.79		0.9428		0.94635		0.8708		0.88649		0.84974		0.86772		0.74221
317		7340.88		0.9422		0.94572		0.86822		0.88172		0.84974		0.86544		0.73689
318		7341.96		0.94311		0.94667		0.86822		0.88587		0.84456		0.86472		0.7372
319		7343.04		0.94339		0.9472		0.8708		0.89071		0.84456		0.86702		0.74256
320		7344.25		0.94341		0.94747		0.87597		0.89617		0.84974		0.87234		0.75291
321		7345.52		0.94303		0.94713		0.87597		0.89617		0.84974		0.87234		0.75291
322		7346.62		0.94251		0.94676		0.87339		0.88298		0.8601		0.87139		0.747
323		7347.71		0.94178		0.94583		0.86563		0.87302		0.85492		0.86387		0.73141
324		7348.83		0.9406		0.94456		0.86822		0.87368		0.8601		0.86684		0.73651
325		7350.45		0.94033		0.94409		0.86305		0.87234		0.84974		0.86089		0.72632
326		7352.28		0.94043		0.94373		0.86563		0.87302		0.85492		0.86387		0.73141
327		7353.4		0.94148		0.94461		0.86563		0.87302		0.85492		0.86387		0.73141
328		7355.18		0.9429		0.94601		0.87339		0.86735		0.88083		0.87404		0.74687
329		7356.62		0.94394		0.94704		0.86822		0.86598		0.87047		0.86822		0.73645
330		7357.93		0.94399		0.94743		0.88114		0.88889		0.87047		0.87958		0.76242
331		7359.28		0.9437		0.94741		0.87597		0.8877		0.8601		0.87368		0.75228
332		7360.85		0.94403		0.9479		0.87339		0.8871		0.85492		0.87071		0.74723
333		7362.26		0.94407		0.94811		0.8708		0.88235		0.85492		0.86842		0.74194
334		7363.76		0.94402		0.94806		0.86563		0.87701		0.84974		0.86316		0.73159
335		7365.04		0.94381		0.94809		0.86822		0.87766		0.85492		0.86614		0.73666
336		7366.73		0.94338		0.94737		0.86563		0.87302		0.85492		0.86387		0.73141
337		7368.11		0.9426		0.94651		0.86563		0.87701		0.84974		0.86316		0.73159
338		7369.39		0.94191		0.94585		0.86563		0.87701		0.84974		0.86316		0.73159
339		7370.83		0.94164		0.94572		0.86822		0.87766		0.85492		0.86614		0.73666
340		7372.2		0.94148		0.94535		0.87339		0.88298		0.8601		0.87139		0.747
341		7373.66		0.94208		0.94537		0.8708		0.87831		0.8601		0.86911		0.74175
342		7375.02		0.94274		0.94573		0.8708		0.87831		0.8601		0.86911		0.74175
343		7376.45		0.94314		0.94576		0.86822		0.88172		0.84974		0.86544		0.73689
344		7378.05		0.94303		0.94561		0.86563		0.88108		0.84456		0.86243		0.73186
345		7379.44		0.94287		0.94558		0.86822		0.87766		0.85492		0.86614		0.73666
346		7381.03		0.94287		0.94544		0.87339		0.87895		0.86528		0.87206		0.74685
347		7382.44		0.9426		0.94499		0.87597		0.87958		0.87047		0.875		0.75197
348		7384.08		0.94282		0.94536		0.87339		0.87895		0.86528		0.87206		0.74685
349		7385.43		0.94298		0.94619		0.86563		0.87701		0.84974		0.86316		0.73159
350		7387.4		0.94293		0.94654		0.86563		0.88108		0.84456		0.86243		0.73186
351		7388.99		0.94321		0.94723		0.87597		0.89617		0.84974		0.87234		0.75291
352		7390.33		0.94319		0.94713		0.87339		0.8913		0.84974		0.87003		0.74755
353		7391.5		0.9435		0.94735		0.86822		0.88172		0.84974		0.86544		0.73689
354		7392.83		0.9441		0.94733		0.87339		0.88298		0.8601		0.87139		0.747
355		7394.17		0.94453		0.94711		0.87339		0.875		0.87047		0.87273		0.74677
356		7395.47		0.9443		0.94655		0.87597		0.87958		0.87047		0.875		0.75197
357		7396.77		0.94391		0.94612		0.86563		0.88108		0.84456		0.86243		0.73186
358		7398.01		0.94381		0.94605		0.86822		0.89011		0.83938		0.864		0.73759
359		7399.36		0.94293		0.94502		0.86563		0.88525		0.83938		0.8617		0.73221
360		7400.61		0.94301		0.94509		0.86305		0.88462		0.8342		0.85867		0.72723
361		7402.66		0.94338		0.94585		0.86563		0.87701		0.84974		0.86316		0.73159
362		7404.02		0.94354		0.94608		0.8708		0.87831		0.8601		0.86911		0.74175
363		7405.35		0.94279		0.94536		0.86563		0.87701		0.84974		0.86316		0.73159
364		7407.26		0.94263		0.94532		0.86822		0.87766		0.85492		0.86614		0.73666
365		7408.69		0.94211		0.94486		0.86563		0.87701		0.84974		0.86316		0.73159
366		7410.01		0.94114		0.94389		0.86563		0.87701		0.84974		0.86316		0.73159
367		7411.18		0.94067		0.94302		0.86047		0.86387		0.85492		0.85938		0.72096
368		7412.43		0.94036		0.94244		0.85788		0.85938		0.85492		0.85714		0.71577
369		7413.64		0.93944		0.94153		0.86047		0.86387		0.85492		0.85938		0.72096
370		7415.33		0.93999		0.94237		0.86305		0.86842		0.85492		0.86162		0.72617
371		7416.99		0.94106		0.94368		0.8708		0.87831		0.8601		0.86911		0.74175
372		7418.18		0.94222		0.94502		0.87339		0.8871		0.85492		0.87071		0.74723
373		7419.45		0.94307		0.94619		0.87597		0.89617		0.84974		0.87234		0.75291
374		7420.62		0.94321		0.94652		0.87339		0.8913		0.84974		0.87003		0.74755
375		7421.79		0.94358		0.94681		0.8708		0.88235		0.85492		0.86842		0.74194
376		7423.09		0.94337		0.94679		0.86822		0.88172		0.84974		0.86544		0.73689
377		7424.42		0.94346		0.9468		0.86822		0.88172		0.84974		0.86544		0.73689
378		7425.68		0.94327		0.94662		0.86563		0.8895		0.8342		0.86096		0.73263
379		7427.0		0.94318		0.94632		0.86047		0.88398		0.82902		0.85561		0.72227
380		7428.8		0.94242		0.94559		0.85788		0.88333		0.82383		0.85255		0.71733
381		7430.47		0.94255		0.94555		0.86047		0.88398		0.82902		0.85561		0.72227
382		7432.31		0.94351		0.94622		0.86305		0.88043		0.83938		0.85942		0.72685
383		7433.9		0.94391		0.94629		0.87339		0.88298		0.8601		0.87139		0.747
384		7435.44		0.94371		0.94591		0.87597		0.8836		0.86528		0.87435		0.75208
385		7436.99		0.94357		0.9456		0.87339		0.87895		0.86528		0.87206		0.74685
386		7438.78		0.94287		0.94516		0.86822		0.88172		0.84974		0.86544		0.73689
387		7440.57		0.94224		0.94464		0.86305		0.88043		0.83938		0.85942		0.72685
388		7441.75		0.94174		0.94451		0.86563		0.88525		0.83938		0.8617		0.73221
389		7442.91		0.9417		0.9445		0.86563		0.88108		0.84456		0.86243		0.73186
390		7444.73		0.9414		0.94464		0.8708		0.88235		0.85492		0.86842		0.74194
391		7445.97		0.94123		0.94439		0.86305		0.86842		0.85492		0.86162		0.72617
392		7447.16		0.94159		0.94487		0.86822		0.87368		0.8601		0.86684		0.73651
393		7448.4		0.94224		0.94563		0.8708		0.87435		0.86528		0.86979		0.74163
394		7449.73		0.9421		0.94551		0.87339		0.87895		0.86528		0.87206		0.74685
395		7451.04		0.9422		0.94563		0.87339		0.8871		0.85492		0.87071		0.74723
396		7452.22		0.94195		0.94539		0.87339		0.8871		0.85492		0.87071		0.74723
397		7453.35		0.94202		0.94554		0.87339		0.8871		0.85492		0.87071		0.74723
398		7454.52		0.94156		0.94501		0.86822		0.87766		0.85492		0.86614		0.73666
399		7455.78		0.94095		0.94444		0.87339		0.87113		0.87565		0.87339		0.74678
400		7456.92		0.94063		0.9441		0.8708		0.87047		0.87047		0.87047		0.7416
401		7458.89		0.94086		0.94424		0.8708		0.87831		0.8601		0.86911		0.74175
402		7460.04		0.94135		0.94481		0.8708		0.87831		0.8601		0.86911		0.74175
403		7462.05		0.94164		0.94505		0.8708		0.87831		0.8601		0.86911		0.74175
404		7463.34		0.94188		0.94553		0.8708		0.87831		0.8601		0.86911		0.74175
405		7464.52		0.94132		0.94503		0.86822		0.87368		0.8601		0.86684		0.73651
406		7465.76		0.94115		0.94499		0.86563		0.87701		0.84974		0.86316		0.73159
407		7466.99		0.9409		0.94488		0.86822		0.88172		0.84974		0.86544		0.73689
408		7468.16		0.94087		0.94487		0.8708		0.88649		0.84974		0.86772		0.74221
409		7469.29		0.94084		0.94503		0.87339		0.8913		0.84974		0.87003		0.74755
410		7470.49		0.94164		0.94564		0.8708		0.88649		0.84974		0.86772		0.74221
411		7472.58		0.94104		0.94476		0.8708		0.87435		0.86528		0.86979		0.74163
412		7473.78		0.94047		0.94407		0.86822		0.86979		0.86528		0.86753		0.73644
413		7474.89		0.94083		0.94428		0.86822		0.87766		0.85492		0.86614		0.73666
414		7475.99		0.9412		0.94493		0.8708		0.88649		0.84974		0.86772		0.74221
415		7477.18		0.94159		0.94543		0.87339		0.8871		0.85492		0.87071		0.74723
416		7479.03		0.94136		0.94502		0.88114		0.88889		0.87047		0.87958		0.76242
417		7480.59		0.94071		0.94452		0.87855		0.88421		0.87047		0.87728		0.75719
418		7481.73		0.94003		0.94394		0.8708		0.87831		0.8601		0.86911		0.74175
419		7482.88		0.93891		0.94306		0.86822		0.89011		0.83938		0.864		0.73759
420		7484.14		0.93864		0.94229		0.85788		0.88333		0.82383		0.85255		0.71733
421		7485.65		0.93788		0.94146		0.85788		0.88333		0.82383		0.85255		0.71733
422		7486.94		0.93848		0.94217		0.8553		0.87845		0.82383		0.85027		0.71192
423		7488.22		0.93927		0.9431		0.86047		0.87978		0.8342		0.85638		0.72186
424		7489.54		0.94019		0.94423		0.86305		0.88462		0.8342		0.85867		0.72723
425		7491.47		0.94138		0.94524		0.8708		0.88649		0.84974		0.86772		0.74221
426		7492.88		0.94175		0.94573		0.8708		0.88649		0.84974		0.86772		0.74221
427		7494.42		0.94204		0.94594		0.87339		0.88298		0.8601		0.87139		0.747
428		7495.77		0.94214		0.94603		0.87339		0.87895		0.86528		0.87206		0.74685
429		7497.2		0.94252		0.94639		0.8708		0.87831		0.8601		0.86911		0.74175
430		7498.66		0.94204		0.94601		0.87339		0.88298		0.8601		0.87139		0.747
431		7499.98		0.94156		0.94544		0.8708		0.88649		0.84974		0.86772		0.74221
432		7501.56		0.94148		0.94536		0.86822		0.88587		0.84456		0.86472		0.7372
433		7502.83		0.94103		0.94509		0.8708		0.89071		0.84456		0.86702		0.74256
434		7504.5		0.94103		0.94518		0.87597		0.89189		0.85492		0.87302		0.75255
435		7505.86		0.94154		0.94572		0.87597		0.8877		0.8601		0.87368		0.75228
436		7507.46		0.94144		0.94563		0.87597		0.8836		0.86528		0.87435		0.75208
437		7508.85		0.94103		0.94494		0.86305		0.86458		0.8601		0.86234		0.7261
438		7510.33		0.94095		0.94444		0.86563		0.86911		0.8601		0.86458		0.7313
439		7511.47		0.9402		0.94327		0.86563		0.86911		0.8601		0.86458		0.7313
440		7512.63		0.94053		0.94339		0.87339		0.875		0.87047		0.87273		0.74677
441		7513.82		0.94028		0.94285		0.86563		0.86911		0.8601		0.86458		0.7313
442		7514.97		0.9413		0.94386		0.86563		0.87701		0.84974		0.86316		0.73159
443		7516.19		0.9413		0.94466		0.86047		0.87568		0.83938		0.85714		0.72152
444		7517.27		0.94196		0.94558		0.87339		0.8871		0.85492		0.87071		0.74723
445		7518.69		0.94223		0.94602		0.87597		0.8836		0.86528		0.87435		0.75208
446		7520.25		0.94242		0.94633		0.86822		0.86979		0.86528		0.86753		0.73644
447		7521.47		0.94247		0.94639		0.8708		0.87435		0.86528		0.86979		0.74163
448		7522.59		0.94282		0.9467		0.87855		0.89247		0.8601		0.87599		0.75758
449		7523.74		0.942		0.94609		0.87597		0.89189		0.85492		0.87302		0.75255
450		7524.86		0.94071		0.94477		0.86822		0.88587		0.84456		0.86472		0.7372
451		7526.0		0.9402		0.9444		0.87339		0.8871		0.85492		0.87071		0.74723
452		7527.55		0.93964		0.94396		0.86563		0.87701		0.84974		0.86316		0.73159
453		7529.36		0.94037		0.94468		0.86047		0.87166		0.84456		0.85789		0.72125
454		7530.75		0.94108		0.94526		0.86047		0.86387		0.85492		0.85938		0.72096
455		7532.76		0.94136		0.94603		0.86563		0.87302		0.85492		0.86387		0.73141
456		7534.68		0.94108		0.94618		0.86047		0.88398		0.82902		0.85561		0.72227
457		7535.88		0.94096		0.94618		0.85788		0.88764		0.81865		0.85175		0.71786
458		7537.03		0.94142		0.94626		0.85788		0.88333		0.82383		0.85255		0.71733
459		7538.14		0.94199		0.94624		0.85788		0.875		0.8342		0.85411		0.7165
460		7539.37		0.94228		0.94598		0.86047		0.87568		0.83938		0.85714		0.72152
461		7540.55		0.94226		0.94542		0.86305		0.87234		0.84974		0.86089		0.72632
462		7541.72		0.9413		0.94439		0.87339		0.8871		0.85492		0.87071		0.74723
463		7542.89		0.94084		0.94389		0.87597		0.89189		0.85492		0.87302		0.75255
464		7544.8		0.94015		0.94294		0.8708		0.88235		0.85492		0.86842		0.74194
465		7546.02		0.93953		0.94263		0.86563		0.87302		0.85492		0.86387		0.73141
466		7547.31		0.9396		0.94292		0.86563		0.86528		0.86528		0.86528		0.73126
467		7548.5		0.93973		0.94339		0.87339		0.87895		0.86528		0.87206		0.74685
468		7549.63		0.939		0.94274		0.87339		0.88298		0.8601		0.87139		0.747
469		7550.85		0.9394		0.94322		0.86822		0.88172		0.84974		0.86544		0.73689
470		7551.97		0.9392		0.94311		0.86305		0.87634		0.84456		0.86016		0.72655
471		7553.14		0.93919		0.94302		0.86822		0.88172		0.84974		0.86544		0.73689
472		7554.54		0.93865		0.94241		0.87339		0.8913		0.84974		0.87003		0.74755
473		7556.27		0.9372		0.94062		0.86822		0.88587		0.84456		0.86472		0.7372
474		7559.05		0.93634		0.93951		0.86305		0.88043		0.83938		0.85942		0.72685
475		7562.85		0.93595		0.93906		0.86305		0.87634		0.84456		0.86016		0.72655
476		7568.97		0.93721		0.94051		0.86563		0.87302		0.85492		0.86387		0.73141
477		7573.81		0.93844		0.94241		0.86563		0.87302		0.85492		0.86387		0.73141
478		7574.91		0.93933		0.94391		0.86563		0.87701		0.84974		0.86316		0.73159
479		7576.0		0.9402		0.9449		0.86822		0.89011		0.83938		0.864		0.73759
480		7577.23		0.94074		0.94521		0.86305		0.89326		0.82383		0.85714		0.72823
481		7579.33		0.94136		0.94551		0.86563		0.89385		0.82902		0.86022		0.73314
482		7580.54		0.94195		0.94569		0.86563		0.88108		0.84456		0.86243		0.73186
483		7581.71		0.94143		0.94491		0.8708		0.86667		0.87565		0.87113		0.74165
484		7582.82		0.93932		0.94259		0.86305		0.86458		0.8601		0.86234		0.7261
485		7583.92		0.93745		0.94123		0.8553		0.86631		0.83938		0.85263		0.71091
486		7585.18		0.93553		0.93936		0.86047		0.87978		0.8342		0.85638		0.72186
487		7586.31		0.93494		0.93862		0.86047		0.87978		0.8342		0.85638		0.72186
488		7587.59		0.93549		0.93909		0.8553		0.87027		0.8342		0.85185		0.71117
489		7588.8		0.93774		0.9415		0.86305		0.87234		0.84974		0.86089		0.72632
490		7590.44		0.93889		0.94286		0.87855		0.88021		0.87565		0.87792		0.75711
491		7592.36		0.93951		0.94366		0.88372		0.88947		0.87565		0.88251		0.76752
492		7594.0		0.94055		0.94461		0.87339		0.8913		0.84974		0.87003		0.74755
493		7595.12		0.94071		0.9448		0.86305		0.88889		0.82902		0.85791		0.72769
494		7596.27		0.94031		0.94437		0.8553		0.88268		0.81865		0.84946		0.71241
495		7597.5		0.94055		0.94464		0.8553		0.87432		0.82902		0.85106		0.7115
496		7598.67		0.94114		0.94525		0.86563		0.87302		0.85492		0.86387		0.73141
497		7599.79		0.94119		0.94533		0.86822		0.87368		0.8601		0.86684		0.73651
498		7600.98		0.94159		0.94561		0.87339		0.88298		0.8601		0.87139		0.747
499		7602.23		0.94254		0.94653		0.87339		0.88298		0.8601		0.87139		0.747
500		7603.31		0.94192		0.94597		0.86047		0.87166		0.84456		0.85789		0.72125
501		7604.98		0.94191		0.94609		0.85788		0.87097		0.83938		0.85488		0.7162
502		7606.46		0.94164		0.94614		0.86563		0.88525		0.83938		0.8617		0.73221
503		7607.6		0.9415		0.94624		0.86563		0.88525		0.83938		0.8617		0.73221
504		7609.39		0.94098		0.94603		0.87339		0.8871		0.85492		0.87071		0.74723
505		7611.37		0.94082		0.94583		0.86822		0.87766		0.85492		0.86614		0.73666
506		7613.06		0.94119		0.94625		0.8708		0.88235		0.85492		0.86842		0.74194
507		7614.19		0.94192		0.94677		0.86822		0.87766		0.85492		0.86614		0.73666
508		7615.44		0.94203		0.94641		0.87597		0.8877		0.8601		0.87368		0.75228
509		7617.01		0.94111		0.94528		0.87339		0.8871		0.85492		0.87071		0.74723
510		7619.07		0.94028		0.94448		0.8708		0.88649		0.84974		0.86772		0.74221
511		7620.89		0.93989		0.94435		0.86563		0.87701		0.84974		0.86316		0.73159
512		7622.21		0.94007		0.94477		0.86822		0.88172		0.84974		0.86544		0.73689
513		7623.48		0.93995		0.94479		0.86822		0.87368		0.8601		0.86684		0.73651
514		7624.56		0.94028		0.94524		0.86822		0.87368		0.8601		0.86684		0.73651
515		7625.64		0.94001		0.94497		0.86822		0.88172		0.84974		0.86544		0.73689
516		7626.76		0.93993		0.94488		0.86822		0.89011		0.83938		0.864		0.73759
517		7627.99		0.94029		0.94506		0.8708		0.89071		0.84456		0.86702		0.74256
518		7629.3		0.94049		0.94521		0.87339		0.8871		0.85492		0.87071		0.74723
519		7630.71		0.94007		0.94477		0.8708		0.87831		0.8601		0.86911		0.74175
520		7632.55		0.94039		0.94502		0.8708		0.87435		0.86528		0.86979		0.74163
521		7633.71		0.93995		0.94456		0.8708		0.88235		0.85492		0.86842		0.74194
522		7634.92		0.93927		0.94409		0.8708		0.88235		0.85492		0.86842		0.74194
523		7636.02		0.93863		0.9434		0.8708		0.89071		0.84456		0.86702		0.74256
524		7637.17		0.93845		0.94334		0.86305		0.88462		0.8342		0.85867		0.72723
525		7638.34		0.93798		0.9431		0.86305		0.88043		0.83938		0.85942		0.72685
526		7639.61		0.93869		0.9438		0.86047		0.87568		0.83938		0.85714		0.72152
527		7641.31		0.93907		0.9441		0.86563		0.88525		0.83938		0.8617		0.73221
528		7642.79		0.94039		0.94543		0.87339		0.90449		0.8342		0.86792		0.74897
529		7644.17		0.94154		0.9461		0.86822		0.89888		0.82902		0.86253		0.7386
530		7645.69		0.94279		0.94689		0.87339		0.8956		0.84456		0.86933		0.74794
531		7647.37		0.94387		0.94775		0.88889		0.89062		0.88601		0.88831		0.77778
532		7648.8		0.94415		0.94762		0.88114		0.88083		0.88083		0.88083		0.76227
533		7650.17		0.94383		0.94709		0.88114		0.88889		0.87047		0.87958		0.76242
534		7651.84		0.9429		0.94589		0.87339		0.8956		0.84456		0.86933		0.74794
535		7653.52		0.94206		0.94498		0.87339		0.8956		0.84456		0.86933		0.74794
536		7655.33		0.94211		0.94514		0.86563		0.88525		0.83938		0.8617		0.73221
537		7656.6		0.94151		0.94474		0.86563		0.88525		0.83938		0.8617		0.73221
538		7657.72		0.94159		0.94488		0.8708		0.88649		0.84974		0.86772		0.74221
539		7658.98		0.94171		0.94559		0.86822		0.88587		0.84456		0.86472		0.7372
540		7660.08		0.94156		0.94564		0.86563		0.88525		0.83938		0.8617		0.73221
541		7661.25		0.94191		0.94593		0.86563		0.88525		0.83938		0.8617		0.73221
542		7662.8		0.94231		0.94606		0.86822		0.88587		0.84456		0.86472		0.7372
543		7664.31		0.94212		0.94581		0.86822		0.88172		0.84974		0.86544		0.73689
544		7665.85		0.94183		0.94564		0.87339		0.88298		0.8601		0.87139		0.747
545		7667.97		0.94198		0.94591		0.87855		0.89247		0.8601		0.87599		0.75758
546		7669.26		0.94136		0.94549		0.87597		0.89189		0.85492		0.87302		0.75255
547		7670.57		0.94131		0.94569		0.87597		0.8836		0.86528		0.87435		0.75208
548		7671.69		0.94164		0.94628		0.8708		0.87435		0.86528		0.86979		0.74163
549		7672.96		0.94114		0.94607		0.87855		0.8883		0.86528		0.87664		0.75734
550		7674.15		0.94074		0.94579		0.87855		0.8883		0.86528		0.87664		0.75734
551		7675.63		0.94017		0.94552		0.86822		0.89011		0.83938		0.864		0.73759
552		7676.81		0.9408		0.94601		0.8708		0.89944		0.8342		0.86559		0.7435
553		7678.05		0.94138		0.94641		0.8708		0.89071		0.84456		0.86702		0.74256
554		7679.28		0.94122		0.94593		0.8708		0.89071		0.84456		0.86702		0.74256
555		7681.08		0.94122		0.94581		0.8708		0.89071		0.84456		0.86702		0.74256
556		7683.25		0.94039		0.94514		0.86305		0.88462		0.8342		0.85867		0.72723
557		7684.79		0.93927		0.94423		0.86305		0.88043		0.83938		0.85942		0.72685
558		7686.65		0.93909		0.9439		0.86563		0.88525		0.83938		0.8617		0.73221
559		7687.94		0.93899		0.94358		0.86047		0.86772		0.84974		0.85864		0.72107
560		7689.3		0.93923		0.94345		0.85271		0.85789		0.84456		0.85117		0.7055
561		7690.58		0.93923		0.94336		0.86563		0.87701		0.84974		0.86316		0.73159
562		7691.73		0.93832		0.94278		0.86305		0.88043		0.83938		0.85942		0.72685
563		7692.92		0.93837		0.94274		0.86305		0.88462		0.8342		0.85867		0.72723
564		7694.31		0.939		0.94315		0.86305		0.88462		0.8342		0.85867		0.72723
565		7696.1		0.93948		0.94371		0.86822		0.88587		0.84456		0.86472		0.7372
566		7697.28		0.94008		0.94439		0.87339		0.8913		0.84974		0.87003		0.74755
567		7698.43		0.94108		0.9453		0.87339		0.8913		0.84974		0.87003		0.74755
568		7699.59		0.94127		0.94574		0.87597		0.89617		0.84974		0.87234		0.75291
569		7700.87		0.94167		0.94636		0.87855		0.8883		0.86528		0.87664		0.75734
570		7702.04		0.94202		0.94666		0.87855		0.88021		0.87565		0.87792		0.75711
571		7703.25		0.94279		0.94727		0.87339		0.875		0.87047		0.87273		0.74677
572		7704.41		0.9426		0.94742		0.87597		0.8836		0.86528		0.87435		0.75208
573		7705.6		0.94204		0.94703		0.86563		0.8895		0.8342		0.86096		0.73263
574		7706.95		0.94106		0.94593		0.86305		0.88889		0.82902		0.85791		0.72769
575		7708.92		0.94052		0.94571		0.86563		0.8895		0.8342		0.86096		0.73263
576		7710.66		0.9406		0.94571		0.86563		0.88525		0.83938		0.8617		0.73221
577		7712.22		0.94017		0.94514		0.86047		0.87568		0.83938		0.85714		0.72152
578		7713.53		0.94051		0.94515		0.86563		0.87302		0.85492		0.86387		0.73141
579		7714.95		0.94106		0.94549		0.86563		0.87302		0.85492		0.86387		0.73141
580		7716.51		0.94143		0.94572		0.86563		0.87302		0.85492		0.86387		0.73141
581		7718.03		0.94138		0.94583		0.86563		0.88108		0.84456		0.86243		0.73186
582		7719.46		0.94118		0.94574		0.8708		0.89071		0.84456		0.86702		0.74256
583		7721.33		0.94148		0.94598		0.8708		0.89503		0.83938		0.86631		0.74299
584		7723.09		0.94122		0.94561		0.86563		0.88525		0.83938		0.8617		0.73221
585		7724.51		0.94204		0.94609		0.8708		0.88649		0.84974		0.86772		0.74221
586		7725.72		0.94252		0.94648		0.87339		0.8871		0.85492		0.87071		0.74723
587		7727.01		0.94198		0.94578		0.87339		0.8913		0.84974		0.87003		0.74755
588		7728.17		0.94111		0.94507		0.87339		0.8913		0.84974		0.87003		0.74755
589		7729.46		0.93972		0.94409		0.86305		0.87634		0.84456		0.86016		0.72655
590		7730.66		0.93873		0.94314		0.85788		0.87097		0.83938		0.85488		0.7162
591		7731.87		0.93854		0.94333		0.86822		0.87766		0.85492		0.86614		0.73666
592		7733.08		0.93913		0.94399		0.8708		0.88235		0.85492		0.86842		0.74194
593		7734.21		0.93951		0.94441		0.86822		0.88172		0.84974		0.86544		0.73689
594		7735.84		0.94025		0.94511		0.86305		0.88462		0.8342		0.85867		0.72723
595		7737.85		0.9402		0.94505		0.86822		0.89444		0.8342		0.86327		0.73805
596		7739.39		0.93961		0.94439		0.87339		0.8956		0.84456		0.86933		0.74794
597		7740.84		0.9398		0.94459		0.8708		0.89071		0.84456		0.86702		0.74256
598		7742.02		0.93971		0.94456		0.86822		0.88587		0.84456		0.86472		0.7372
599		7743.16		0.93956		0.94455		0.85788		0.86702		0.84456		0.85564		0.71598
600		7744.43		0.93976		0.94441		0.85788		0.87097		0.83938		0.85488		0.7162
601		7745.66		0.93975		0.94442		0.86047		0.87166		0.84456		0.85789		0.72125
602		7746.88		0.94057		0.94521		0.86047		0.86772		0.84974		0.85864		0.72107
603		7748.02		0.94108		0.94544		0.86305		0.87234		0.84974		0.86089		0.72632
604		7749.27		0.94147		0.94581		0.86822		0.88172		0.84974		0.86544		0.73689
605		7751.21		0.94172		0.94612		0.87597		0.90503		0.83938		0.87097		0.75387
606		7752.64		0.94172		0.94598		0.88114		0.90164		0.85492		0.87766		0.76326
607		7753.87		0.94148		0.94555		0.87855		0.89247		0.8601		0.87599		0.75758
608		7755.63		0.9411		0.94549		0.86563		0.87302		0.85492		0.86387		0.73141
609		7757.1		0.94076		0.94527		0.86822		0.87368		0.8601		0.86684		0.73651
610		7758.23		0.93955		0.94441		0.87339		0.875		0.87047		0.87273		0.74677
611		7759.51		0.93983		0.94494		0.87597		0.87565		0.87565		0.87565		0.75194
612		7760.69		0.94015		0.94528		0.87597		0.87958		0.87047		0.875		0.75197
613		7761.96		0.9413		0.94637		0.86305		0.87634		0.84456		0.86016		0.72655
614		7763.38		0.941		0.946		0.86563		0.88108		0.84456		0.86243		0.73186
615		7765.02		0.9411		0.94586		0.86563		0.88525		0.83938		0.8617		0.73221
616		7766.46		0.9412		0.94603		0.86822		0.89011		0.83938		0.864		0.73759
617		7768.04		0.94175		0.94614		0.87339		0.8913		0.84974		0.87003		0.74755
618		7769.63		0.94118		0.94544		0.87597		0.8877		0.8601		0.87368		0.75228
619		7771.26		0.94082		0.94496		0.87855		0.88421		0.87047		0.87728		0.75719
620		7772.74		0.93975		0.94392		0.8708		0.87047		0.87047		0.87047		0.7416
621		7774.68		0.93933		0.94383		0.86822		0.87766		0.85492		0.86614		0.73666
622		7776.2		0.93873		0.94306		0.86047		0.87568		0.83938		0.85714		0.72152
623		7777.56		0.93828		0.94243		0.86305		0.88462		0.8342		0.85867		0.72723
624		7778.73		0.93841		0.94251		0.86305		0.88043		0.83938		0.85942		0.72685
625		7780.18		0.94024		0.94476		0.86822		0.88172		0.84974		0.86544		0.73689
626		7781.99		0.9413		0.94586		0.87855		0.88021		0.87565		0.87792		0.75711
627		7783.09		0.94204		0.9464		0.87339		0.875		0.87047		0.87273		0.74677
628		7784.18		0.94207		0.94619		0.8708		0.87831		0.8601		0.86911		0.74175
629		7785.27		0.94244		0.9465		0.86822		0.88172		0.84974		0.86544		0.73689
630		7786.46		0.94301		0.94702		0.8708		0.88649		0.84974		0.86772		0.74221
631		7787.64		0.94327		0.94689		0.86822		0.88587		0.84456		0.86472		0.7372
632		7788.78		0.94303		0.94675		0.86822		0.88587		0.84456		0.86472		0.7372
633		7790.07		0.94282		0.94686		0.8708		0.88649		0.84974		0.86772		0.74221
634		7791.76		0.94236		0.94676		0.87339		0.8871		0.85492		0.87071		0.74723
635		7793.3		0.94239		0.94695		0.87339		0.88298		0.8601		0.87139		0.747
636		7794.62		0.94258		0.94745		0.87339		0.88298		0.8601		0.87139		0.747
637		7796.64		0.9429		0.94799		0.87855		0.89247		0.8601		0.87599		0.75758
638		7797.91		0.94301		0.94832		0.87597		0.89189		0.85492		0.87302		0.75255
639		7799.17		0.94298		0.94846		0.87597		0.89189		0.85492		0.87302		0.75255
640		7800.66		0.9429		0.94843		0.8708		0.89071		0.84456		0.86702		0.74256
641		7802.51		0.9422		0.94774		0.87597		0.90503		0.83938		0.87097		0.75387
642		7803.66		0.94126		0.94674		0.87339		0.90449		0.8342		0.86792		0.74897
643		7804.92		0.94076		0.94622		0.86822		0.89444		0.8342		0.86327		0.73805
644		7806.51		0.94023		0.94549		0.86305		0.88043		0.83938		0.85942		0.72685
645		7808.26		0.94036		0.94543		0.86047		0.87166		0.84456		0.85789		0.72125
646		7809.57		0.94036		0.94512		0.86305		0.86842		0.85492		0.86162		0.72617
647		7810.76		0.94009		0.94471		0.86822		0.87766		0.85492		0.86614		0.73666
648		7812.02		0.93987		0.94443		0.87339		0.87895		0.86528		0.87206		0.74685
649		7813.19		0.93993		0.94469		0.87597		0.8877		0.8601		0.87368		0.75228
650		7814.35		0.94013		0.94499		0.87339		0.8871		0.85492		0.87071		0.74723
651		7815.57		0.94017		0.94528		0.87855		0.89247		0.8601		0.87599		0.75758
652		7816.86		0.93988		0.94512		0.87597		0.89189		0.85492		0.87302		0.75255
653		7818.17		0.94036		0.94547		0.87597		0.89189		0.85492		0.87302		0.75255
654		7819.49		0.94063		0.94577		0.87339		0.8871		0.85492		0.87071		0.74723
655		7821.3		0.94033		0.94578		0.87339		0.8956		0.84456		0.86933		0.74794
656		7823.28		0.94004		0.94551		0.86563		0.8895		0.8342		0.86096		0.73263
657		7825.55		0.9402		0.94535		0.86305		0.88889		0.82902		0.85791		0.72769
658		7827.18		0.94051		0.94553		0.86305		0.88462		0.8342		0.85867		0.72723
659		7828.93		0.94106		0.94598		0.86305		0.87234		0.84974		0.86089		0.72632
660		7830.63		0.94138		0.94623		0.86822		0.86979		0.86528		0.86753		0.73644
661		7831.84		0.94143		0.94626		0.86822		0.87368		0.8601		0.86684		0.73651
662		7833.1		0.94106		0.94598		0.8708		0.88235		0.85492		0.86842		0.74194
663		7834.23		0.9422		0.94683		0.86822		0.86979		0.86528		0.86753		0.73644
664		7835.7		0.9417		0.94634		0.87339		0.87895		0.86528		0.87206		0.74685
665		7837.45		0.9417		0.94653		0.86563		0.87701		0.84974		0.86316		0.73159
666		7838.84		0.94159		0.94647		0.8708		0.89503		0.83938		0.86631		0.74299
667		7840.05		0.94043		0.94567		0.87339		0.90909		0.82902		0.86721		0.74961
668		7841.31		0.94055		0.94572		0.8708		0.89071		0.84456		0.86702		0.74256
669		7842.54		0.93993		0.9451		0.8708		0.87831		0.8601		0.86911		0.74175
670		7843.97		0.93996		0.94511		0.8708		0.87047		0.87047		0.87047		0.7416
671		7845.27		0.94036		0.9454		0.86822		0.87766		0.85492		0.86614		0.73666
672		7846.59		0.94112		0.94592		0.86822		0.88172		0.84974		0.86544		0.73689
673		7848.51		0.94143		0.94623		0.86563		0.88108		0.84456		0.86243		0.73186
674		7849.7		0.94158		0.94628		0.86563		0.87701		0.84974		0.86316		0.73159
675		7851.07		0.94243		0.94692		0.86563		0.87701		0.84974		0.86316		0.73159
676		7852.25		0.94322		0.94756		0.8708		0.88235		0.85492		0.86842		0.74194
677		7853.37		0.94271		0.94709		0.86305		0.88043		0.83938		0.85942		0.72685
678		7854.77		0.94282		0.94739		0.86563		0.88525		0.83938		0.8617		0.73221
679		7856.71		0.94203		0.94675		0.86563		0.88108		0.84456		0.86243		0.73186
680		7858.66		0.94228		0.94701		0.86563		0.88108		0.84456		0.86243		0.73186
681		7860.89		0.94202		0.94673		0.86563		0.88108		0.84456		0.86243		0.73186
682		7862.32		0.94119		0.94592		0.86563		0.8895		0.8342		0.86096		0.73263
683		7863.68		0.94122		0.94611		0.86822		0.89888		0.82902		0.86253		0.7386
684		7864.83		0.9413		0.94647		0.87339		0.8871		0.85492		0.87071		0.74723
685		7866.15		0.94123		0.9461		0.8708		0.86294		0.88083		0.87179		0.74177
686		7867.52		0.94069		0.94577		0.87339		0.86735		0.88083		0.87404		0.74687
687		7868.88		0.94016		0.94563		0.8708		0.87831		0.8601		0.86911		0.74175
688		7870.22		0.93881		0.94472		0.87339		0.8956		0.84456		0.86933		0.74794
689		7871.48		0.9392		0.94465		0.8708		0.88649		0.84974		0.86772		0.74221
690		7873.23		0.93917		0.94443		0.86563		0.86911		0.8601		0.86458		0.7313
691		7874.69		0.9394		0.94459		0.86563		0.86911		0.8601		0.86458		0.7313
692		7875.95		0.93932		0.94454		0.8708		0.87435		0.86528		0.86979		0.74163
693		7877.8		0.93853		0.94385		0.87597		0.8877		0.8601		0.87368		0.75228
694		7879.38		0.93849		0.9438		0.8708		0.88235		0.85492		0.86842		0.74194
695		7880.86		0.93891		0.94374		0.86822		0.87368		0.8601		0.86684		0.73651
696		7882.38		0.93917		0.94416		0.8708		0.87047		0.87047		0.87047		0.7416
697		7883.84		0.93924		0.94454		0.86822		0.86598		0.87047		0.86822		0.73645
698		7885.5		0.93947		0.94506		0.86822		0.87766		0.85492		0.86614		0.73666
699		7887.22		0.93955		0.94529		0.87339		0.8871		0.85492		0.87071		0.74723
700		7888.7		0.94008		0.94586		0.8708		0.89071		0.84456		0.86702		0.74256
701		7890.06		0.94055		0.94625		0.86822		0.89011		0.83938		0.864		0.73759
702		7892.08		0.94017		0.94594		0.86563		0.88525		0.83938		0.8617		0.73221
703		7894.09		0.93971		0.94551		0.87339		0.8913		0.84974		0.87003		0.74755
704		7895.74		0.93945		0.94563		0.87597		0.8877		0.8601		0.87368		0.75228
705		7897.06		0.93903		0.94515		0.87339		0.88298		0.8601		0.87139		0.747
706		7898.42		0.93953		0.94536		0.87339		0.87895		0.86528		0.87206		0.74685
707		7899.63		0.94041		0.94579		0.86822		0.86598		0.87047		0.86822		0.73645
708		7900.94		0.9406		0.94559		0.86822		0.86224		0.87565		0.86889		0.73653
709		7902.28		0.94055		0.94517		0.86305		0.87234		0.84974		0.86089		0.72632
710		7903.58		0.94095		0.94604		0.86822		0.89444		0.8342		0.86327		0.73805
711		7904.79		0.94047		0.94564		0.86822		0.89888		0.82902		0.86253		0.7386
712		7906.12		0.9402		0.94539		0.86822		0.89444		0.8342		0.86327		0.73805
713		7907.83		0.94015		0.94511		0.86822		0.88587		0.84456		0.86472		0.7372
714		7909.38		0.94057		0.94542		0.87855		0.88421		0.87047		0.87728		0.75719
715		7910.73		0.94017		0.94505		0.87339		0.875		0.87047		0.87273		0.74677
716		7912.05		0.93921		0.94435		0.8708		0.87435		0.86528		0.86979		0.74163
717		7913.32		0.93801		0.94334		0.86822		0.88172		0.84974		0.86544		0.73689
718		7914.68		0.93806		0.94336		0.86305		0.88043		0.83938		0.85942		0.72685
719		7915.97		0.93814		0.94327		0.86047		0.87978		0.8342		0.85638		0.72186
720		7917.19		0.93865		0.94362		0.86563		0.88525		0.83938		0.8617		0.73221
721		7918.89		0.93911		0.94397		0.86047		0.87568		0.83938		0.85714		0.72152
722		7920.59		0.94091		0.9453		0.87339		0.87895		0.86528		0.87206		0.74685
723		7922.13		0.94135		0.94565		0.8708		0.87435		0.86528		0.86979		0.74163
724		7923.43		0.94159		0.94598		0.87339		0.87895		0.86528		0.87206		0.74685
725		7924.82		0.94159		0.94604		0.87597		0.8836		0.86528		0.87435		0.75208
726		7926.45		0.94159		0.94586		0.87597		0.8836		0.86528		0.87435		0.75208
727		7928.09		0.94186		0.94614		0.87339		0.88298		0.8601		0.87139		0.747
728		7929.5		0.94183		0.94606		0.8708		0.88649		0.84974		0.86772		0.74221
729		7930.93		0.94156		0.94567		0.86822		0.88587		0.84456		0.86472		0.7372
730		7932.36		0.94143		0.94559		0.86822		0.88587		0.84456		0.86472		0.7372
731		7933.72		0.94119		0.94549		0.87339		0.8871		0.85492		0.87071		0.74723
732		7935.29		0.94078		0.94492		0.8708		0.88649		0.84974		0.86772		0.74221
733		7936.85		0.94037		0.94447		0.87855		0.89674		0.85492		0.87533		0.7579
734		7938.12		0.94011		0.9443		0.87597		0.89189		0.85492		0.87302		0.75255
735		7939.39		0.93972		0.94414		0.8708		0.87047		0.87047		0.87047		0.7416
736		7940.83		0.93915		0.94383		0.86563		0.86154		0.87047		0.86598		0.73131
737		7942.21		0.939		0.94396		0.86822		0.86979		0.86528		0.86753		0.73644
738		7943.59		0.93945		0.94441		0.87855		0.89674		0.85492		0.87533		0.7579
739		7944.88		0.93927		0.94425		0.86822		0.89444		0.8342		0.86327		0.73805
740		7947.01		0.93987		0.9448		0.86563		0.88525		0.83938		0.8617		0.73221
741		7948.67		0.94047		0.94529		0.86822		0.88172		0.84974		0.86544		0.73689
742		7950.34		0.94037		0.94519		0.86305		0.87634		0.84456		0.86016		0.72655
743		7951.69		0.94044		0.9452		0.86305		0.88462		0.8342		0.85867		0.72723
744		7952.98		0.94039		0.94532		0.86305		0.88462		0.8342		0.85867		0.72723
745		7954.3		0.94076		0.94563		0.86047		0.88398		0.82902		0.85561		0.72227
746		7955.52		0.94124		0.94621		0.86305		0.88043		0.83938		0.85942		0.72685
747		7956.79		0.94106		0.94627		0.86822		0.88172		0.84974		0.86544		0.73689
748		7958.65		0.94049		0.94583		0.8708		0.88235		0.85492		0.86842		0.74194
749		7959.91		0.94084		0.94606		0.87339		0.8871		0.85492		0.87071		0.74723
750		7961.07		0.94057		0.94589		0.8708		0.88649		0.84974		0.86772		0.74221
751		7962.25		0.94007		0.94533		0.8708		0.88649		0.84974		0.86772		0.74221
752		7963.35		0.94063		0.94567		0.86563		0.86911		0.8601		0.86458		0.7313
753		7964.65		0.941		0.94577		0.87597		0.87565		0.87565		0.87565		0.75194
754		7965.79		0.94112		0.94578		0.87597		0.87958		0.87047		0.875		0.75197
755		7967.04		0.94135		0.94624		0.8708		0.87831		0.8601		0.86911		0.74175
756		7968.38		0.94052		0.94568		0.8708		0.87831		0.8601		0.86911		0.74175
757		7969.78		0.94041		0.94601		0.8708		0.88235		0.85492		0.86842		0.74194
758		7971.36		0.94041		0.94608		0.87339		0.8871		0.85492		0.87071		0.74723
759		7972.66		0.94041		0.94607		0.87339		0.8871		0.85492		0.87071		0.74723
760		7974.14		0.94071		0.94615		0.8708		0.88235		0.85492		0.86842		0.74194
761		7975.59		0.94063		0.94626		0.86563		0.88108		0.84456		0.86243		0.73186
762		7977.15		0.94146		0.94692		0.86822		0.88587		0.84456		0.86472		0.7372
763		7978.44		0.94212		0.94718		0.86563		0.88108		0.84456		0.86243		0.73186
764		7979.84		0.94191		0.94698		0.86822		0.88172		0.84974		0.86544		0.73689
765		7981.29		0.94168		0.94653		0.8708		0.88235		0.85492		0.86842		0.74194
766		7983.11		0.9418		0.9467		0.87339		0.8871		0.85492		0.87071		0.74723
767		7984.45		0.94143		0.9464		0.8708		0.87831		0.8601		0.86911		0.74175
768		7985.9		0.94151		0.94639		0.8708		0.87047		0.87047		0.87047		0.7416
769		7987.2		0.94164		0.94654		0.8708		0.88235		0.85492		0.86842		0.74194
770		7988.62		0.94202		0.94703		0.8708		0.89071		0.84456		0.86702		0.74256
771		7990.52		0.94223		0.94709		0.86822		0.89011		0.83938		0.864		0.73759
772		7992.15		0.94226		0.94682		0.8708		0.89071		0.84456		0.86702		0.74256
773		7993.51		0.9417		0.94641		0.8708		0.88649		0.84974		0.86772		0.74221
774		7994.82		0.94196		0.9467		0.8708		0.88649		0.84974		0.86772		0.74221
775		7996.28		0.94204		0.94699		0.87339		0.8913		0.84974		0.87003		0.74755
776		7997.66		0.94191		0.94714		0.86563		0.88108		0.84456		0.86243		0.73186
777		7998.93		0.94148		0.94686		0.8708		0.88649		0.84974		0.86772		0.74221
778		8000.09		0.94143		0.94661		0.87597		0.89189		0.85492		0.87302		0.75255
779		8002.18		0.94127		0.94626		0.87597		0.90055		0.84456		0.87166		0.75335
780		8003.6		0.94082		0.94555		0.86822		0.89011		0.83938		0.864		0.73759
781		8004.8		0.94076		0.94534		0.87339		0.8871		0.85492		0.87071		0.74723
782		8006.06		0.9402		0.94512		0.86822		0.88172		0.84974		0.86544		0.73689
783		8007.66		0.93964		0.94481		0.86305		0.88043		0.83938		0.85942		0.72685
784		8009.35		0.93889		0.94415		0.86822		0.88172		0.84974		0.86544		0.73689
785		8010.72		0.93983		0.94515		0.86305		0.87234		0.84974		0.86089		0.72632
786		8011.92		0.94031		0.94578		0.86563		0.88108		0.84456		0.86243		0.73186
787		8013.1		0.94092		0.94636		0.86305		0.88043		0.83938		0.85942		0.72685
788		8014.78		0.94148		0.94709		0.86305		0.88462		0.8342		0.85867		0.72723
789		8016.5		0.9414		0.94711		0.86563		0.88525		0.83938		0.8617		0.73221
790		8017.76		0.94138		0.94709		0.8708		0.88649		0.84974		0.86772		0.74221
791		8019.67		0.94116		0.94696		0.87339		0.8871		0.85492		0.87071		0.74723
792		8021.43		0.9406		0.94648		0.87339		0.8871		0.85492		0.87071		0.74723
793		8023.37		0.93985		0.94568		0.86305		0.87634		0.84456		0.86016		0.72655
794		8024.75		0.93945		0.9453		0.86305		0.88043		0.83938		0.85942		0.72685
795		8026.01		0.93929		0.94516		0.86305		0.88043		0.83938		0.85942		0.72685
796		8027.67		0.93889		0.94483		0.86047		0.87568		0.83938		0.85714		0.72152
797		8029.41		0.93879		0.94468		0.86047		0.87568		0.83938		0.85714		0.72152
798		8030.57		0.93881		0.94493		0.85788		0.875		0.8342		0.85411		0.7165
799		8031.72		0.93961		0.94571		0.86822		0.89444		0.8342		0.86327		0.73805
800		8032.83		0.94019		0.94612		0.86563		0.8895		0.8342		0.86096		0.73263
801		8034.02		0.9406		0.94655		0.87855		0.9011		0.84974		0.87467		0.7583
802		8035.35		0.94071		0.94651		0.87339		0.8913		0.84974		0.87003		0.74755
803		8036.65		0.94095		0.94652		0.8708		0.88649		0.84974		0.86772		0.74221
804		8037.82		0.94048		0.946		0.86563		0.88108		0.84456		0.86243		0.73186
805		8039.51		0.94008		0.94542		0.86563		0.88108		0.84456		0.86243		0.73186
806		8041.15		0.93991		0.94516		0.86563		0.88108		0.84456		0.86243		0.73186
807		8042.69		0.93972		0.94471		0.86305		0.87634		0.84456		0.86016		0.72655
808		8043.96		0.94015		0.94478		0.8708		0.88235		0.85492		0.86842		0.74194
809		8045.28		0.9396		0.94404		0.87339		0.88298		0.8601		0.87139		0.747
810		8046.62		0.93944		0.94379		0.86822		0.88172		0.84974		0.86544		0.73689
811		8048.32		0.93932		0.94362		0.86563		0.88108		0.84456		0.86243		0.73186
812		8049.9		0.93988		0.9443		0.86305		0.87634		0.84456		0.86016		0.72655
813		8051.08		0.93944		0.94446		0.86563		0.86911		0.8601		0.86458		0.7313
814		8052.88		0.93953		0.94494		0.86305		0.87234		0.84974		0.86089		0.72632
815		8055.01		0.94033		0.9454		0.86822		0.88172		0.84974		0.86544		0.73689
816		8056.2		0.94007		0.94516		0.8708		0.88649		0.84974		0.86772		0.74221
817		8057.33		0.94106		0.94598		0.86563		0.87701		0.84974		0.86316		0.73159
818		8058.5		0.94103		0.94609		0.86822		0.87766		0.85492		0.86614		0.73666
819		8059.78		0.94107		0.94632		0.86822		0.88587		0.84456		0.86472		0.7372
820		8061.23		0.94023		0.94568		0.8708		0.89503		0.83938		0.86631		0.74299
821		8062.95		0.94004		0.9457		0.87597		0.9096		0.8342		0.87027		0.75447
822		8064.28		0.94037		0.94601		0.86305		0.88043		0.83938		0.85942		0.72685
823		8065.91		0.94055		0.94608		0.86305		0.87234		0.84974		0.86089		0.72632
824		8067.3		0.94052		0.94603		0.86822		0.87368		0.8601		0.86684		0.73651
825		8068.7		0.94108		0.94656		0.86563		0.87701		0.84974		0.86316		0.73159
826		8070.26		0.94049		0.94592		0.87339		0.8913		0.84974		0.87003		0.74755
827		8072.15		0.9402		0.94558		0.8708		0.88649		0.84974		0.86772		0.74221
828		8073.3		0.93993		0.94539		0.8708		0.89503		0.83938		0.86631		0.74299
829		8074.44		0.93983		0.94535		0.86822		0.89011		0.83938		0.864		0.73759
830		8076.2		0.94001		0.94551		0.86047		0.87568		0.83938		0.85714		0.72152
831		8077.64		0.93975		0.94511		0.86305		0.88462		0.8342		0.85867		0.72723
832		8078.77		0.9394		0.94485		0.86563		0.88525		0.83938		0.8617		0.73221
833		8079.91		0.93951		0.94511		0.86563		0.88525		0.83938		0.8617		0.73221
834		8081.06		0.93991		0.94564		0.86822		0.89011		0.83938		0.864		0.73759
835		8082.44		0.94017		0.94598		0.86822		0.88587		0.84456		0.86472		0.7372
836		8084.21		0.94064		0.94643		0.86047		0.87568		0.83938		0.85714		0.72152
837		8085.67		0.94068		0.94672		0.86305		0.87634		0.84456		0.86016		0.72655
838		8087.73		0.94013		0.94635		0.86563		0.88108		0.84456		0.86243		0.73186
839		8089.33		0.93999		0.94635		0.86563		0.88108		0.84456		0.86243		0.73186
840		8090.56		0.93991		0.94619		0.86305		0.88043		0.83938		0.85942		0.72685
841		8091.75		0.93937		0.94553		0.86822		0.88172		0.84974		0.86544		0.73689
842		8093.03		0.93879		0.94503		0.86563		0.86911		0.8601		0.86458		0.7313
843		8094.41		0.9383		0.94467		0.87339		0.88298		0.8601		0.87139		0.747
844		8095.85		0.93809		0.94448		0.8708		0.89071		0.84456		0.86702		0.74256
845		8097.2		0.93892		0.9449		0.87339		0.8956		0.84456		0.86933		0.74794
846		8098.47		0.93927		0.94512		0.87597		0.89617		0.84974		0.87234		0.75291
847		8099.91		0.93983		0.94539		0.87597		0.90055		0.84456		0.87166		0.75335
848		8101.6		0.94143		0.94657		0.87339		0.8956		0.84456		0.86933		0.74794
849		8103.12		0.94132		0.94644		0.87339		0.88298		0.8601		0.87139		0.747
850		8104.67		0.94112		0.94636		0.87339		0.87113		0.87565		0.87339		0.74678
851		8106.05		0.94152		0.94691		0.8708		0.86667		0.87565		0.87113		0.74165
852		8107.66		0.94159		0.94677		0.8708		0.87435		0.86528		0.86979		0.74163
853		8109.16		0.94024		0.94565		0.86305		0.88043		0.83938		0.85942		0.72685
854		8110.86		0.93889		0.94497		0.8708		0.89944		0.8342		0.86559		0.7435
855		8112.44		0.93884		0.94529		0.86563		0.89385		0.82902		0.86022		0.73314
856		8113.86		0.93881		0.94502		0.86305		0.89326		0.82383		0.85714		0.72823
857		8115.23		0.93897		0.94488		0.8708		0.89071		0.84456		0.86702		0.74256
858		8117.15		0.93927		0.94462		0.86305		0.86842		0.85492		0.86162		0.72617
859		8118.7		0.93951		0.94492		0.86305		0.87234		0.84974		0.86089		0.72632
860		8120.06		0.93977		0.94473		0.86305		0.88043		0.83938		0.85942		0.72685
861		8121.83		0.93904		0.94391		0.86563		0.88525		0.83938		0.8617		0.73221
862		8123.53		0.93853		0.94331		0.86305		0.88889		0.82902		0.85791		0.72769
863		8124.82		0.93936		0.94402		0.86047		0.87978		0.8342		0.85638		0.72186
864		8126.11		0.94031		0.94471		0.86305		0.87234		0.84974		0.86089		0.72632
865		8127.61		0.94095		0.94513		0.8708		0.87435		0.86528		0.86979		0.74163
866		8129.28		0.94134		0.94559		0.87855		0.89247		0.8601		0.87599		0.75758
867		8131.1		0.94136		0.94607		0.87855		0.89674		0.85492		0.87533		0.7579
868		8132.43		0.9409		0.9459		0.86822		0.89444		0.8342		0.86327		0.73805
869		8133.68		0.94049		0.94577		0.86563		0.89385		0.82902		0.86022		0.73314
870		8134.9		0.94048		0.94617		0.86047		0.88398		0.82902		0.85561		0.72227
871		8136.09		0.94044		0.94619		0.86822		0.88587		0.84456		0.86472		0.7372
872		8137.58		0.94072		0.9465		0.86305		0.86842		0.85492		0.86162		0.72617
873		8138.96		0.93997		0.94608		0.8708		0.88235		0.85492		0.86842		0.74194
874		8140.32		0.94047		0.9462		0.87597		0.8877		0.8601		0.87368		0.75228
875		8142.51		0.94082		0.94648		0.88114		0.89305		0.86528		0.87895		0.76262
876		8144.1		0.94087		0.94636		0.87597		0.89189		0.85492		0.87302		0.75255
877		8145.58		0.94104		0.94626		0.8708		0.89071		0.84456		0.86702		0.74256
878		8147.43		0.94055		0.94576		0.86822		0.88587		0.84456		0.86472		0.7372
879		8148.61		0.93985		0.94523		0.86563		0.88108		0.84456		0.86243		0.73186
880		8149.99		0.94001		0.94567		0.86047		0.87568		0.83938		0.85714		0.72152
881		8151.27		0.93972		0.94563		0.86305		0.87634		0.84456		0.86016		0.72655
882		8152.59		0.93969		0.9455		0.86305		0.87634		0.84456		0.86016		0.72655
883		8154.0		0.94065		0.94638		0.86822		0.88172		0.84974		0.86544		0.73689
884		8155.73		0.94047		0.94629		0.86822		0.88172		0.84974		0.86544		0.73689
885		8156.98		0.93991		0.94587		0.86305		0.88462		0.8342		0.85867		0.72723
886		8158.3		0.93932		0.94554		0.86305		0.88462		0.8342		0.85867		0.72723
887		8159.58		0.93959		0.94571		0.86305		0.88043		0.83938		0.85942		0.72685
888		8160.72		0.93988		0.94574		0.86822		0.87766		0.85492		0.86614		0.73666
889		8162.25		0.93996		0.94565		0.86822		0.87368		0.8601		0.86684		0.73651
890		8163.59		0.93983		0.94561		0.87339		0.87895		0.86528		0.87206		0.74685
891		8164.97		0.93983		0.94563		0.87339		0.8913		0.84974		0.87003		0.74755
892		8166.2		0.93983		0.94529		0.87339		0.8913		0.84974		0.87003		0.74755
893		8167.99		0.94012		0.94551		0.86822		0.88587		0.84456		0.86472		0.7372
894		8169.91		0.93977		0.94503		0.86563		0.88108		0.84456		0.86243		0.73186
895		8171.49		0.94015		0.94548		0.8708		0.89071		0.84456		0.86702		0.74256
896		8173.11		0.93983		0.94498		0.87339		0.8956		0.84456		0.86933		0.74794
897		8174.82		0.93981		0.94493		0.8708		0.89071		0.84456		0.86702		0.74256
898		8176.62		0.9398		0.94494		0.8708		0.88649		0.84974		0.86772		0.74221
899		8178.0		0.93983		0.94506		0.86305		0.88043		0.83938		0.85942		0.72685
900		8179.16		0.9398		0.94519		0.8553		0.87432		0.82902		0.85106		0.7115
901		8180.45		0.93979		0.94545		0.85788		0.875		0.8342		0.85411		0.7165
902		8181.6		0.94033		0.94609		0.86047		0.87978		0.8342		0.85638		0.72186
903		8183.09		0.94033		0.94611		0.86305		0.88462		0.8342		0.85867		0.72723
904		8184.86		0.94057		0.94638		0.85788		0.87912		0.82902		0.85333		0.71688
905		8186.61		0.94033		0.94597		0.86305		0.88462		0.8342		0.85867		0.72723
906		8188.32		0.9402		0.94578		0.85788		0.87912		0.82902		0.85333		0.71688
907		8189.51		0.93984		0.94544		0.86563		0.89385		0.82902		0.86022		0.73314
908		8190.67		0.93972		0.94543		0.86563		0.89385		0.82902		0.86022		0.73314
909		8191.79		0.9398		0.94541		0.86563		0.89385		0.82902		0.86022		0.73314
910		8193.04		0.93988		0.94553		0.86563		0.88108		0.84456		0.86243		0.73186
911		8194.23		0.93999		0.94538		0.86563		0.87302		0.85492		0.86387		0.73141
912		8195.44		0.9396		0.94504		0.8708		0.88235		0.85492		0.86842		0.74194
913		8196.76		0.93948		0.94511		0.86563		0.88108		0.84456		0.86243		0.73186
914		8198.59		0.9392		0.94493		0.86822		0.89444		0.8342		0.86327		0.73805
915		8200.2		0.93951		0.94501		0.86822		0.89011		0.83938		0.864		0.73759
916		8201.51		0.93937		0.94487		0.86563		0.88525		0.83938		0.8617		0.73221
917		8203.4		0.93949		0.94508		0.86563		0.8895		0.8342		0.86096		0.73263
918		8205.42		0.94015		0.94572		0.87339		0.9		0.83938		0.86863		0.74842
919		8206.88		0.9402		0.94568		0.87339		0.9		0.83938		0.86863		0.74842
920		8208.05		0.94028		0.9456		0.8708		0.88649		0.84974		0.86772		0.74221
921		8209.45		0.94031		0.94544		0.86305		0.86458		0.8601		0.86234		0.7261
922		8210.85		0.94023		0.94536		0.86563		0.87302		0.85492		0.86387		0.73141
923		8212.82		0.94025		0.94541		0.86822		0.87766		0.85492		0.86614		0.73666
924		8214.17		0.94017		0.94532		0.86305		0.87634		0.84456		0.86016		0.72655
925		8215.36		0.93961		0.945		0.86822		0.89011		0.83938		0.864		0.73759
926		8216.76		0.93929		0.94502		0.86822		0.89011		0.83938		0.864		0.73759
927		8218.0		0.93957		0.94552		0.86047		0.87166		0.84456		0.85789		0.72125
928		8219.36		0.9398		0.94604		0.86822		0.87766		0.85492		0.86614		0.73666
929		8220.54		0.93948		0.94599		0.87339		0.8913		0.84974		0.87003		0.74755
930		8221.68		0.93972		0.94625		0.87339		0.8956		0.84456		0.86933		0.74794
931		8222.91		0.93977		0.94602		0.8708		0.89503		0.83938		0.86631		0.74299
932		8224.22		0.93933		0.94546		0.86822		0.89011		0.83938		0.864		0.73759
933		8226.08		0.93873		0.94498		0.86563		0.8895		0.8342		0.86096		0.73263
934		8227.19		0.93929		0.94538		0.86563		0.8895		0.8342		0.86096		0.73263
935		8228.35		0.93977		0.94592		0.8708		0.89503		0.83938		0.86631		0.74299
936		8230.01		0.93999		0.94598		0.87597		0.89617		0.84974		0.87234		0.75291
937		8231.88		0.94063		0.94629		0.8708		0.87435		0.86528		0.86979		0.74163
938		8233.43		0.94053		0.9461		0.8708		0.87831		0.8601		0.86911		0.74175
939		8235.26		0.94049		0.94599		0.87339		0.8913		0.84974		0.87003		0.74755
940		8236.45		0.94001		0.94532		0.86822		0.88587		0.84456		0.86472		0.7372
941		8237.95		0.93987		0.94537		0.86822		0.89011		0.83938		0.864		0.73759
942		8239.53		0.93996		0.94543		0.86563		0.8895		0.8342		0.86096		0.73263
943		8241.06		0.93991		0.94545		0.87339		0.8913		0.84974		0.87003		0.74755
944		8242.69		0.93988		0.94548		0.8708		0.88649		0.84974		0.86772		0.74221
945		8244.34		0.94004		0.94554		0.87339		0.88298		0.8601		0.87139		0.747
946		8245.89		0.93965		0.9452		0.8708		0.88235		0.85492		0.86842		0.74194
947		8247.06		0.93932		0.94523		0.8708		0.88649		0.84974		0.86772		0.74221
948		8248.22		0.93932		0.94557		0.86047		0.88398		0.82902		0.85561		0.72227
949		8249.36		0.93853		0.94502		0.86305		0.88889		0.82902		0.85791		0.72769
950		8250.67		0.93857		0.94476		0.85788		0.87912		0.82902		0.85333		0.71688
951		8251.83		0.93871		0.94462		0.86047		0.87978		0.8342		0.85638		0.72186
952		8253.19		0.93871		0.94458		0.86822		0.88587		0.84456		0.86472		0.7372
953		8254.31		0.93903		0.94478		0.86563		0.8895		0.8342		0.86096		0.73263
954		8255.44		0.93903		0.94488		0.8708		0.89503		0.83938		0.86631		0.74299
955		8257.22		0.94001		0.94573		0.86822		0.89011		0.83938		0.864		0.73759
956		8259.03		0.94087		0.94648		0.86822		0.88172		0.84974		0.86544		0.73689
957		8260.81		0.94106		0.94674		0.86822		0.88172		0.84974		0.86544		0.73689
958		8262.22		0.94029		0.94638		0.87339		0.8913		0.84974		0.87003		0.74755
959		8263.72		0.93991		0.94625		0.87339		0.8913		0.84974		0.87003		0.74755
960		8265.51		0.93972		0.94594		0.86822		0.89011		0.83938		0.864		0.73759
961		8266.65		0.93979		0.94565		0.85788		0.875		0.8342		0.85411		0.7165
962		8267.79		0.93937		0.94513		0.8553		0.87027		0.8342		0.85185		0.71117
963		8268.98		0.93916		0.94501		0.86305		0.88462		0.8342		0.85867		0.72723
964		8270.18		0.93983		0.94555		0.86822		0.89444		0.8342		0.86327		0.73805
965		8271.37		0.93969		0.9454		0.86822		0.89444		0.8342		0.86327		0.73805
966		8273.23		0.94024		0.94548		0.86822		0.88172		0.84974		0.86544		0.73689
967		8274.88		0.94023		0.94527		0.86822		0.87368		0.8601		0.86684		0.73651
968		8276.03		0.93993		0.94509		0.8708		0.88235		0.85492		0.86842		0.74194
969		8277.17		0.93947		0.94454		0.87339		0.8913		0.84974		0.87003		0.74755
970		8278.36		0.939		0.94421		0.8708		0.89071		0.84456		0.86702		0.74256
971		8279.72		0.93948		0.94455		0.86563		0.88525		0.83938		0.8617		0.73221
972		8280.88		0.93931		0.94449		0.86563		0.88525		0.83938		0.8617		0.73221
973		8282.03		0.93952		0.94476		0.86305		0.88043		0.83938		0.85942		0.72685
974		8283.2		0.93937		0.94486		0.86822		0.89011		0.83938		0.864		0.73759
975		8284.43		0.93921		0.94488		0.86822		0.89011		0.83938		0.864		0.73759
976		8286.25		0.93943		0.94519		0.86822		0.88587		0.84456		0.86472		0.7372
977		8288.18		0.93932		0.9452		0.86563		0.87701		0.84974		0.86316		0.73159
978		8289.84		0.93961		0.94547		0.86563		0.87302		0.85492		0.86387		0.73141
979		8290.96		0.93996		0.94576		0.86563		0.87302		0.85492		0.86387		0.73141
980		8292.44		0.93959		0.94558		0.86305		0.88043		0.83938		0.85942		0.72685
981		8294.25		0.93913		0.94532		0.86305		0.88462		0.8342		0.85867		0.72723
982		8296.02		0.93879		0.94511		0.86305		0.88462		0.8342		0.85867		0.72723
983		8297.53		0.93865		0.94502		0.86047		0.88398		0.82902		0.85561		0.72227
984		8298.66		0.93841		0.94494		0.86305		0.88462		0.8342		0.85867		0.72723
985		8300.02		0.93897		0.94521		0.86563		0.87701		0.84974		0.86316		0.73159
986		8301.82		0.93948		0.94592		0.86305		0.87234		0.84974		0.86089		0.72632
987		8303.05		0.93965		0.9461		0.87339		0.8913		0.84974		0.87003		0.74755
988		8304.22		0.93981		0.94594		0.87339		0.8956		0.84456		0.86933		0.74794
989		8305.46		0.93961		0.94578		0.8708		0.89071		0.84456		0.86702		0.74256
990		8306.62		0.94025		0.94575		0.86563		0.88525		0.83938		0.8617		0.73221
991		8307.78		0.94032		0.94574		0.86305		0.88043		0.83938		0.85942		0.72685
992		8308.9		0.94044		0.94563		0.86563		0.88525		0.83938		0.8617		0.73221
993		8310.03		0.93972		0.94514		0.86822		0.89011		0.83938		0.864		0.73759
994		8312.0		0.9398		0.94551		0.86822		0.89011		0.83938		0.864		0.73759
995		8313.62		0.93975		0.94545		0.86822		0.89011		0.83938		0.864		0.73759
996		8315.17		0.93993		0.94578		0.86822		0.88587		0.84456		0.86472		0.7372
997		8316.59		0.93991		0.94596		0.86822		0.87766		0.85492		0.86614		0.73666
998		8318.06		0.93977		0.94596		0.8708		0.88235		0.85492		0.86842		0.74194
999		8319.36		0.93939		0.94571		0.86822		0.88587		0.84456		0.86472		0.7372
1000		8320.59		0.93964		0.94613		0.86305		0.88889		0.82902		0.85791		0.72769
fold: 6
Epoch		Time		AUC		AUPR		Accuracy		Precision		Recall		F1-score		Mcc
1		8322.97		0.79997		0.78372		0.55181		0.83333		0.12953		0.22422		0.19353
AUC improved at epoch  1 ;	best_auc: 0.7999677843700501
2		8324.27		0.80869		0.79334		0.70725		0.81746		0.53368		0.64577		0.442
AUC improved at epoch  2 ;	best_auc: 0.808692850814787
3		8326.09		0.80977		0.80071		0.72798		0.78571		0.62694		0.69741		0.46556
AUC improved at epoch  3 ;	best_auc: 0.809766705146447
4		8327.74		0.80969		0.80092		0.7487		0.78571		0.68394		0.7313		0.50164
5		8329.68		0.80859		0.7973		0.73316		0.74457		0.70984		0.72679		0.46683
6		8331.37		0.80711		0.7949		0.74093		0.74603		0.73057		0.73822		0.48197
7		8332.62		0.80493		0.7885		0.73316		0.73684		0.72539		0.73107		0.46638
8		8334.0		0.80467		0.78806		0.73575		0.74332		0.72021		0.73158		0.47173
9		8335.45		0.80577		0.78934		0.73316		0.74194		0.71503		0.72823		0.46663
10		8336.65		0.80746		0.79257		0.73575		0.74595		0.71503		0.73016		0.47191
11		8338.05		0.80998		0.79754		0.73316		0.75281		0.6943		0.72237		0.46774
AUC improved at epoch  11 ;	best_auc: 0.8099814760127789
12		8339.23		0.81183		0.80093		0.73834		0.75556		0.70466		0.72922		0.47777
AUC improved at epoch  12 ;	best_auc: 0.8118338747348922
13		8340.45		0.81548		0.80484		0.74093		0.76571		0.6943		0.72826		0.48397
AUC improved at epoch  13 ;	best_auc: 0.8154849794625358
14		8341.75		0.81798		0.80706		0.75389		0.76923		0.72539		0.74667		0.5086
AUC improved at epoch  14 ;	best_auc: 0.8179816907836452
15		8343.51		0.82408		0.81108		0.76166		0.7672		0.7513		0.75916		0.52343
AUC improved at epoch  15 ;	best_auc: 0.8240758141158151
16		8345.02		0.82894		0.81059		0.7772		0.76884		0.79275		0.78061		0.55467
AUC improved at epoch  16 ;	best_auc: 0.8289350049665761
17		8346.72		0.8266		0.80445		0.76425		0.74757		0.79793		0.77193		0.5297
18		8348.43		0.81822		0.79325		0.7487		0.76667		0.71503		0.73995		0.49854
19		8349.88		0.81844		0.79199		0.7513		0.71946		0.82383		0.76812		0.50796
20		8351.26		0.82169		0.79655		0.75907		0.73585		0.80829		0.77037		0.52066
21		8353.21		0.82918		0.80642		0.77202		0.77487		0.76684		0.77083		0.54407
AUC improved at epoch  21 ;	best_auc: 0.8291766221911997
22		8354.7		0.83342		0.812		0.7772		0.76355		0.80311		0.78283		0.55515
AUC improved at epoch  22 ;	best_auc: 0.8334183468012564
23		8356.27		0.8339		0.81309		0.75648		0.72398		0.82902		0.77295		0.51844
AUC improved at epoch  23 ;	best_auc: 0.8339015812505034
24		8357.44		0.83409		0.81468		0.76943		0.75243		0.80311		0.77694		0.54009
AUC improved at epoch  24 ;	best_auc: 0.8340895057585438
25		8359.25		0.83455		0.81495		0.78756		0.78173		0.79793		0.78974		0.57525
AUC improved at epoch  25 ;	best_auc: 0.8345458938494993
26		8361.05		0.83487		0.81537		0.7772		0.76355		0.80311		0.78283		0.55515
AUC improved at epoch  26 ;	best_auc: 0.8348680501489972
27		8362.88		0.83562		0.81537		0.76425		0.73611		0.82383		0.77751		0.53229
AUC improved at epoch  27 ;	best_auc: 0.8356197481811592
28		8364.36		0.83565		0.81414		0.76425		0.73611		0.82383		0.77751		0.53229
AUC improved at epoch  28 ;	best_auc: 0.8356465945394508
29		8365.64		0.83624		0.81319		0.76425		0.74057		0.81347		0.77531		0.53108
AUC improved at epoch  29 ;	best_auc: 0.8362372144218637
30		8366.82		0.83704		0.81267		0.78756		0.78173		0.79793		0.78974		0.57525
AUC improved at epoch  30 ;	best_auc: 0.8370426051706087
31		8368.1		0.83694		0.81213		0.77979		0.76214		0.81347		0.78697		0.56086
32		8369.59		0.83651		0.8112		0.76684		0.73953		0.82383		0.77941		0.53718
33		8370.98		0.83575		0.81005		0.77202		0.74882		0.81865		0.78218		0.54642
34		8372.21		0.8354		0.80884		0.76425		0.76562		0.76166		0.76364		0.5285
35		8373.87		0.83551		0.80851		0.7772		0.76098		0.80829		0.78392		0.55548
36		8375.57		0.83707		0.80897		0.75648		0.72811		0.81865		0.77073		0.51697
AUC improved at epoch  36 ;	best_auc: 0.8370694515289001
37		8377.52		0.83793		0.81058		0.77461		0.75481		0.81347		0.78304		0.55089
AUC improved at epoch  37 ;	best_auc: 0.837928534994228
38		8379.0		0.83924		0.81281		0.77202		0.76923		0.7772		0.7732		0.54407
AUC improved at epoch  38 ;	best_auc: 0.8392440065505115
39		8380.23		0.84075		0.81492		0.76425		0.74757		0.79793		0.77193		0.5297
AUC improved at epoch  39 ;	best_auc: 0.8407474026148353
40		8381.41		0.84179		0.81644		0.76166		0.73709		0.81347		0.7734		0.52615
AUC improved at epoch  40 ;	best_auc: 0.8417944105882036
41		8382.83		0.84273		0.81759		0.76684		0.75122		0.79793		0.77387		0.53471
AUC improved at epoch  41 ;	best_auc: 0.8427340331284061
42		8384.0		0.84373		0.818		0.77461		0.765		0.79275		0.77863		0.54958
AUC improved at epoch  42 ;	best_auc: 0.8437273483851915
43		8385.16		0.84432		0.81903		0.77202		0.75862		0.79793		0.77778		0.54477
AUC improved at epoch  43 ;	best_auc: 0.8443179682676044
44		8386.38		0.84416		0.819		0.77202		0.7561		0.80311		0.77889		0.5451
45		8388.1		0.84357		0.8187		0.77202		0.76119		0.79275		0.77665		0.54451
46		8389.55		0.84303		0.81835		0.75389		0.7402		0.78238		0.76071		0.5086
47		8391.4		0.84287		0.81858		0.75907		0.74752		0.78238		0.76456		0.5187
48		8392.78		0.84488		0.82106		0.7513		0.73659		0.78238		0.75879		0.50356
AUC improved at epoch  48 ;	best_auc: 0.8448817417917259
49		8394.83		0.84617		0.82346		0.76166		0.75124		0.78238		0.7665		0.52377
AUC improved at epoch  49 ;	best_auc: 0.8461703669897178
50		8396.01		0.8477		0.82645		0.76943		0.76263		0.78238		0.77238		0.53904
AUC improved at epoch  50 ;	best_auc: 0.8477006094123333
51		8397.23		0.84961		0.82951		0.76425		0.755		0.78238		0.76845		0.52885
AUC improved at epoch  51 ;	best_auc: 0.8496067008510295
52		8398.4		0.85192		0.83404		0.76684		0.75622		0.78756		0.77157		0.53414
AUC improved at epoch  52 ;	best_auc: 0.8519154876640983
53		8399.58		0.85267		0.8354		0.76684		0.75622		0.78756		0.77157		0.53414
AUC improved at epoch  53 ;	best_auc: 0.8526671856962602
54		8401.0		0.85331		0.83761		0.76425		0.7602		0.77202		0.76607		0.52856
AUC improved at epoch  54 ;	best_auc: 0.8533114982952563
55		8402.18		0.85559		0.84139		0.75907		0.74272		0.79275		0.76692		0.51931
AUC improved at epoch  55 ;	best_auc: 0.8555934387500336
56		8403.66		0.85557		0.84241		0.75907		0.74752		0.78238		0.76456		0.5187
57		8405.03		0.85643		0.8439		0.75907		0.74752		0.78238		0.76456		0.5187
AUC improved at epoch  57 ;	best_auc: 0.85642567585707
58		8406.45		0.85914		0.84851		0.76425		0.74757		0.79793		0.77193		0.5297
AUC improved at epoch  58 ;	best_auc: 0.8591371580445113
59		8407.81		0.85814		0.84663		0.76684		0.76963		0.76166		0.76562		0.53371
60		8409.18		0.863		0.85379		0.76166		0.74634		0.79275		0.76884		0.52433
AUC improved at epoch  60 ;	best_auc: 0.863003033638487
61		8410.76		0.86448		0.85632		0.77202		0.76382		0.78756		0.77551		0.5443
AUC improved at epoch  61 ;	best_auc: 0.8644795833445194
62		8412.23		0.86663		0.86037		0.77202		0.7665		0.78238		0.77436		0.54416
AUC improved at epoch  62 ;	best_auc: 0.8666272920078392
63		8413.72		0.86875		0.8636		0.77202		0.75862		0.79793		0.77778		0.54477
AUC improved at epoch  63 ;	best_auc: 0.8687481543128674
64		8415.05		0.87012		0.86575		0.76943		0.76804		0.77202		0.77003		0.53887
AUC improved at epoch  64 ;	best_auc: 0.8701173185857339
65		8416.41		0.8724		0.87036		0.7772		0.77436		0.78238		0.77835		0.55443
AUC improved at epoch  65 ;	best_auc: 0.8723992590405112
66		8418.1		0.87422		0.87453		0.76166		0.73934		0.80829		0.77228		0.52561
AUC improved at epoch  66 ;	best_auc: 0.8742248114043331
67		8419.52		0.87267		0.8712		0.77979		0.8		0.74611		0.77212		0.56086
68		8420.77		0.87833		0.87937		0.76166		0.75124		0.78238		0.7665		0.52377
AUC improved at epoch  68 ;	best_auc: 0.8783323042229321
69		8422.68		0.87911		0.88067		0.76425		0.75		0.79275		0.77078		0.52936
AUC improved at epoch  69 ;	best_auc: 0.8791108486133856
70		8423.97		0.87943		0.88097		0.79016		0.81461		0.7513		0.78167		0.58207
AUC improved at epoch  70 ;	best_auc: 0.8794330049128836
71		8425.87		0.88225		0.88328		0.77979		0.77835		0.78238		0.78036		0.55959
AUC improved at epoch  71 ;	best_auc: 0.8822518725334909
72		8427.69		0.88268		0.88332		0.76684		0.74408		0.81347		0.77723		0.53602
AUC improved at epoch  72 ;	best_auc: 0.8826814142661548
73		8429.39		0.88432		0.88509		0.78238		0.79459		0.76166		0.77778		0.56525
AUC improved at epoch  73 ;	best_auc: 0.8843190421219361
74		8431.07		0.88767		0.88903		0.77202		0.76923		0.7772		0.7732		0.54407
AUC improved at epoch  74 ;	best_auc: 0.8876748369083735
75		8432.68		0.88899		0.89055		0.78497		0.7619		0.82902		0.79404		0.57217
AUC improved at epoch  75 ;	best_auc: 0.8889903084646568
76		8434.03		0.89031		0.89164		0.79275		0.81921		0.7513		0.78378		0.58751
AUC improved at epoch  76 ;	best_auc: 0.8903057800209402
77		8435.22		0.89216		0.89379		0.78497		0.78947		0.7772		0.78329		0.57002
AUC improved at epoch  77 ;	best_auc: 0.8921581787430536
78		8436.44		0.89452		0.89622		0.78756		0.75814		0.84456		0.79902		0.5789
AUC improved at epoch  78 ;	best_auc: 0.8945206582727053
79		8437.64		0.89637		0.89863		0.78756		0.80663		0.75648		0.78075		0.57624
AUC improved at epoch  79 ;	best_auc: 0.8963730569948187
80		8439.59		0.89882		0.90146		0.79793		0.81081		0.7772		0.79365		0.59637
AUC improved at epoch  80 ;	best_auc: 0.898816075599345
81		8441.05		0.90083		0.90381		0.81088		0.79703		0.8342		0.81519		0.62244
AUC improved at epoch  81 ;	best_auc: 0.9008295524712073
82		8442.35		0.9037		0.90771		0.80311		0.8		0.80829		0.80412		0.60625
AUC improved at epoch  82 ;	best_auc: 0.9037021128083976
83		8443.6		0.90652		0.90748		0.81088		0.84091		0.76684		0.80217		0.62419
AUC improved at epoch  83 ;	best_auc: 0.9065209804290048
84		8445.18		0.91079		0.91289		0.81606		0.81443		0.81865		0.81654		0.63213
AUC improved at epoch  84 ;	best_auc: 0.910789551397353
85		8446.38		0.91001		0.91429		0.81865		0.81218		0.82902		0.82051		0.63744
86		8447.63		0.91398		0.91783		0.82642		0.83511		0.81347		0.82415		0.65307
AUC improved at epoch  86 ;	best_auc: 0.9139842680340412
87		8448.84		0.91704		0.91823		0.83161		0.84783		0.80829		0.82759		0.66393
AUC improved at epoch  87 ;	best_auc: 0.9170447528792719
88		8450.63		0.91892		0.92162		0.83938		0.84293		0.8342		0.83854		0.67879
AUC improved at epoch  88 ;	best_auc: 0.9189239979596768
89		8452.75		0.91831		0.92094		0.83679		0.83163		0.84456		0.83805		0.67366
90		8454.29		0.91866		0.92002		0.84715		0.85263		0.83938		0.84595		0.69438
91		8455.49		0.92153		0.9226		0.83938		0.85405		0.81865		0.83598		0.67934
AUC improved at epoch  91 ;	best_auc: 0.9215280947139521
92		8456.93		0.92322		0.92418		0.83679		0.81553		0.87047		0.84211		0.67511
AUC improved at epoch  92 ;	best_auc: 0.9232194152863163
93		8458.11		0.92166		0.92576		0.83161		0.85556		0.79793		0.82574		0.66472
94		8460.05		0.92027		0.92061		0.83938		0.82266		0.86528		0.84343		0.67967
95		8461.36		0.9262		0.92693		0.85492		0.83744		0.88083		0.85859		0.7108
AUC improved at epoch  95 ;	best_auc: 0.9261993610566727
96		8462.66		0.92792		0.9302		0.84715		0.84536		0.84974		0.84755		0.69431
AUC improved at epoch  96 ;	best_auc: 0.9279175279873285
97		8464.01		0.92733		0.92834		0.84456		0.81517		0.89119		0.85149		0.69214
98		8465.67		0.93111		0.93377		0.84715		0.88068		0.80311		0.84011		0.69701
AUC improved at epoch  98 ;	best_auc: 0.9311122446240166
99		8466.82		0.93216		0.93192		0.84456		0.8009		0.9171		0.85507		0.69649
AUC improved at epoch  99 ;	best_auc: 0.9321592525973852
100		8468.0		0.93256		0.93502		0.85492		0.85128		0.8601		0.85567		0.70988
AUC improved at epoch  100 ;	best_auc: 0.9325619479717576
101		8469.31		0.93074		0.93382		0.85751		0.85567		0.8601		0.85788		0.71504
102		8470.45		0.92953		0.93162		0.85233		0.82075		0.90155		0.85926		0.7081
103		8471.8		0.9335		0.93717		0.84974		0.85714		0.83938		0.84817		0.69963
AUC improved at epoch  103 ;	best_auc: 0.9335015705119601
104		8472.97		0.93503		0.93728		0.85751		0.83495		0.89119		0.86216		0.71665
AUC improved at epoch  104 ;	best_auc: 0.9350318129345754
105		8474.29		0.93358		0.93573		0.86269		0.84314		0.89119		0.8665		0.72657
106		8475.81		0.93267		0.93598		0.8601		0.8601		0.8601		0.8601		0.72021
107		8477.56		0.93484		0.93719		0.8601		0.83254		0.90155		0.86567		0.72269
108		8478.92		0.93965		0.94229		0.86528		0.87701		0.84974		0.86316		0.73092
AUC improved at epoch  108 ;	best_auc: 0.9396493865607131
109		8480.35		0.93973		0.94179		0.86269		0.84653		0.88601		0.86582		0.72618
AUC improved at epoch  109 ;	best_auc: 0.9397299256355875
110		8481.82		0.93597		0.93756		0.85751		0.83495		0.89119		0.86216		0.71665
111		8483.38		0.93611		0.93943		0.84974		0.89017		0.79793		0.84153		0.70327
112		8484.89		0.93248		0.93394		0.85751		0.82547		0.90674		0.8642		0.71852
113		8486.26		0.93519		0.93644		0.8601		0.83254		0.90155		0.86567		0.72269
114		8488.04		0.93688		0.93784		0.85751		0.86316		0.84974		0.8564		0.71511
115		8489.45		0.92982		0.9308		0.84197		0.81731		0.88083		0.84788		0.68601
116		8491.39		0.93667		0.9391		0.86528		0.88108		0.84456		0.86243		0.7312
117		8493.32		0.94201		0.94259		0.87824		0.86139		0.90155		0.88101		0.7573
AUC improved at epoch  117 ;	best_auc: 0.9420118660903648
118		8495.09		0.94021		0.93935		0.87306		0.84951		0.90674		0.87719		0.74781
119		8496.45		0.93603		0.93663		0.85751		0.86702		0.84456		0.85564		0.71527
120		8497.58		0.93049		0.93281		0.85751		0.83824		0.88601		0.86146		0.71619
121		8498.8		0.93049		0.93374		0.85492		0.83744		0.88083		0.85859		0.7108
122		8500.03		0.93785		0.94041		0.87047		0.85572		0.89119		0.8731		0.74157
123		8501.52		0.94231		0.94356		0.87306		0.8871		0.85492		0.87071		0.74661
AUC improved at epoch  123 ;	best_auc: 0.9423071760315713
124		8502.98		0.9422		0.94201		0.88601		0.86341		0.9171		0.88945		0.77352
125		8504.17		0.93868		0.93877		0.87306		0.85644		0.89637		0.87595		0.74693
126		8505.43		0.93487		0.93556		0.87306		0.87113		0.87565		0.87339		0.74612
127		8506.86		0.93471		0.93537		0.85751		0.82547		0.90674		0.8642		0.71852
128		8508.61		0.9407		0.94048		0.87047		0.87047		0.87047		0.87047		0.74093
129		8509.76		0.94448		0.94467		0.87824		0.87245		0.88601		0.87918		0.75657
AUC improved at epoch  129 ;	best_auc: 0.9444817310531826
130		8510.97		0.94346		0.94373		0.87824		0.85437		0.91192		0.88221		0.7582
131		8512.26		0.94456		0.94595		0.87306		0.85294		0.90155		0.87657		0.74733
AUC improved at epoch  131 ;	best_auc: 0.9445622701280572
132		8513.54		0.94424		0.94585		0.8601		0.8601		0.8601		0.8601		0.72021
133		8515.01		0.94209		0.94351		0.88083		0.85854		0.91192		0.88442		0.76313
134		8516.59		0.94107		0.94187		0.86528		0.83412		0.91192		0.87129		0.73377
135		8518.33		0.94362		0.94374		0.87565		0.86802		0.88601		0.87692		0.75146
136		8519.96		0.94553		0.94569		0.87047		0.85222		0.89637		0.87374		0.74193
AUC improved at epoch  136 ;	best_auc: 0.945528739026551
137		8521.47		0.94502		0.94564		0.87306		0.85294		0.90155		0.87657		0.74733
138		8523.27		0.94518		0.94606		0.87306		0.875		0.87047		0.87273		0.74612
139		8524.84		0.94231		0.94271		0.86788		0.855		0.88601		0.87023		0.73624
140		8526.12		0.94016		0.94007		0.87306		0.85294		0.90155		0.87657		0.74733
141		8527.37		0.94204		0.94153		0.86528		0.85787		0.87565		0.86667		0.73073
142		8528.47		0.94292		0.94247		0.87306		0.875		0.87047		0.87273		0.74612
143		8529.58		0.94403		0.944		0.87565		0.87179		0.88083		0.87629		0.75134
144		8530.7		0.94311		0.94263		0.88083		0.85507		0.9171		0.885		0.76367
145		8532.0		0.9442		0.94414		0.86788		0.85859		0.88083		0.86957		0.736
146		8533.24		0.94633		0.9469		0.87824		0.865		0.89637		0.88041		0.75697
AUC improved at epoch  146 ;	best_auc: 0.946334129775296
147		8534.48		0.94797		0.94845		0.87824		0.85096		0.9171		0.88279		0.75877
AUC improved at epoch  147 ;	best_auc: 0.9479717576310773
148		8535.96		0.9475		0.94838		0.87565		0.87179		0.88083		0.87629		0.75134
149		8537.72		0.94365		0.94401		0.8886		0.8866		0.89119		0.88889		0.77721
150		8539.13		0.94405		0.94416		0.87565		0.87565		0.87565		0.87565		0.7513
151		8540.51		0.94313		0.94358		0.87824		0.86869		0.89119		0.8798		0.75673
152		8542.04		0.94413		0.94486		0.88342		0.86275		0.91192		0.88665		0.76809
153		8543.43		0.94599		0.94699		0.88083		0.8731		0.89119		0.88205		0.76182
154		8545.06		0.9459		0.94709		0.88342		0.88542		0.88083		0.88312		0.76685
155		8546.6		0.94471		0.94558		0.87824		0.86869		0.89119		0.8798		0.75673
156		8547.99		0.94496		0.94503		0.87824		0.85784		0.90674		0.88161		0.75771
157		8549.38		0.94705		0.94688		0.8886		0.8866		0.89119		0.88889		0.77721
158		8551.05		0.94813		0.94752		0.88601		0.88601		0.88601		0.88601		0.77202
AUC improved at epoch  158 ;	best_auc: 0.9481328357808263
159		8552.63		0.94827		0.94754		0.88601		0.87817		0.89637		0.88718		0.77219
AUC improved at epoch  159 ;	best_auc: 0.9482670675722839
160		8554.3		0.94717		0.94658		0.88342		0.86275		0.91192		0.88665		0.76809
161		8556.01		0.94592		0.94593		0.87565		0.85024		0.91192		0.88		0.75328
162		8557.47		0.9459		0.9469		0.87565		0.86802		0.88601		0.87692		0.75146
163		8558.94		0.94576		0.94765		0.87824		0.89674		0.85492		0.87533		0.7573
164		8560.49		0.94619		0.94849		0.87047		0.87435		0.86528		0.86979		0.74097
165		8561.96		0.94662		0.9491		0.86788		0.85149		0.89119		0.87089		0.73655
166		8563.42		0.94761		0.95032		0.86788		0.85149		0.89119		0.87089		0.73655
167		8564.77		0.94805		0.95084		0.87047		0.86667		0.87565		0.87113		0.74097
168		8566.45		0.94903		0.95145		0.87824		0.88021		0.87565		0.87792		0.75649
AUC improved at epoch  168 ;	best_auc: 0.9490321887835915
169		8567.79		0.95032		0.95193		0.88342		0.87755		0.89119		0.88432		0.76693
AUC improved at epoch  169 ;	best_auc: 0.9503208139815833
170		8569.35		0.95025		0.95132		0.88083		0.8731		0.89119		0.88205		0.76182
171		8570.81		0.95122		0.95216		0.88083		0.89305		0.86528		0.87895		0.76203
AUC improved at epoch  171 ;	best_auc: 0.9512201669843485
172		8572.28		0.952		0.95299		0.87824		0.89247		0.8601		0.87599		0.75697
AUC improved at epoch  172 ;	best_auc: 0.9519987113748021
173		8573.68		0.95185		0.95203		0.88083		0.87692		0.88601		0.88144		0.7617
174		8575.15		0.95117		0.95087		0.88083		0.85854		0.91192		0.88442		0.76313
175		8576.53		0.94922		0.94853		0.88083		0.85167		0.92228		0.88557		0.76429
176		8577.94		0.94956		0.94906		0.87565		0.86432		0.89119		0.87755		0.75166
177		8579.31		0.94956		0.94918		0.89119		0.89529		0.88601		0.89062		0.78243
178		8580.95		0.94952		0.94927		0.88601		0.89418		0.87565		0.88482		0.77219
179		8582.22		0.94954		0.9492		0.88601		0.89005		0.88083		0.88542		0.77206
180		8583.53		0.94968		0.94894		0.89119		0.88325		0.90155		0.89231		0.78255
181		8584.72		0.94961		0.94875		0.8886		0.875		0.90674		0.89059		0.77771
182		8585.94		0.94976		0.94898		0.89119		0.8794		0.90674		0.89286		0.78276
183		8587.14		0.94943		0.94851		0.8886		0.88265		0.89637		0.88946		0.7773
184		8588.43		0.94949		0.94821		0.8886		0.88265		0.89637		0.88946		0.7773
185		8589.62		0.94925		0.94749		0.89378		0.89175		0.89637		0.89406		0.78758
186		8590.91		0.9486		0.94686		0.89378		0.88		0.91192		0.89567		0.78808
187		8592.89		0.94844		0.94669		0.89119		0.8794		0.90674		0.89286		0.78276
188		8594.35		0.94913		0.94757		0.88342		0.87374		0.89637		0.88491		0.7671
189		8595.77		0.94887		0.94748		0.88342		0.87374		0.89637		0.88491		0.7671
190		8596.93		0.94762		0.94646		0.88083		0.8731		0.89119		0.88205		0.76182
191		8598.14		0.9469		0.94571		0.88342		0.87755		0.89119		0.88432		0.76693
192		8599.48		0.94643		0.94518		0.88601		0.87437		0.90155		0.88776		0.77239
193		8600.75		0.94645		0.94558		0.88083		0.8731		0.89119		0.88205		0.76182
194		8601.9		0.94636		0.94589		0.87824		0.87245		0.88601		0.87918		0.75657
195		8603.06		0.94635		0.94603		0.88083		0.87692		0.88601		0.88144		0.7617
196		8604.71		0.9478		0.9477		0.88342		0.87755		0.89119		0.88432		0.76693
197		8606.04		0.94811		0.94812		0.88342		0.88542		0.88083		0.88312		0.76685
198		8607.45		0.94931		0.94951		0.89119		0.89947		0.88083		0.89005		0.78255
199		8608.82		0.95037		0.95047		0.89378		0.89583		0.89119		0.89351		0.78758
200		8610.21		0.95066		0.95074		0.89378		0.89175		0.89637		0.89406		0.78758
201		8611.53		0.95079		0.95064		0.89119		0.88718		0.89637		0.89175		0.78243
202		8613.14		0.95134		0.95106		0.89119		0.88325		0.90155		0.89231		0.78255
203		8614.43		0.95148		0.95049		0.8886		0.8866		0.89119		0.88889		0.77721
204		8615.77		0.95079		0.94972		0.8886		0.87879		0.90155		0.89003		0.77746
205		8617.1		0.94913		0.94786		0.88083		0.8731		0.89119		0.88205		0.76182
206		8618.76		0.94829		0.94699		0.8886		0.87129		0.91192		0.89114		0.77805
207		8620.19		0.94997		0.94935		0.88083		0.87692		0.88601		0.88144		0.7617
208		8621.46		0.95071		0.95101		0.87824		0.88021		0.87565		0.87792		0.75649
209		8622.83		0.95083		0.95139		0.87824		0.8883		0.86528		0.87664		0.75673
210		8624.22		0.95111		0.95144		0.88083		0.88083		0.88083		0.88083		0.76166
211		8625.78		0.95083		0.9508		0.89119		0.88325		0.90155		0.89231		0.78255
212		8627.08		0.95003		0.9501		0.89378		0.88776		0.90155		0.8946		0.78766
213		8628.73		0.94974		0.9501		0.88601		0.87817		0.89637		0.88718		0.77219
214		8630.0		0.94909		0.94964		0.88601		0.88205		0.89119		0.8866		0.77206
215		8631.56		0.94886		0.94915		0.88083		0.8731		0.89119		0.88205		0.76182
216		8632.87		0.94923		0.9495		0.87824		0.86869		0.89119		0.8798		0.75673
217		8634.52		0.94981		0.95		0.8886		0.87879		0.90155		0.89003		0.77746
218		8635.81		0.95028		0.95023		0.89378		0.88		0.91192		0.89567		0.78808
219		8637.11		0.95082		0.95046		0.88601		0.87065		0.90674		0.88832		0.77268
220		8638.6		0.95101		0.95035		0.88342		0.87374		0.89637		0.88491		0.7671
221		8640.18		0.95068		0.95005		0.89119		0.89119		0.89119		0.89119		0.78238
222		8641.65		0.9507		0.95006		0.89378		0.89583		0.89119		0.89351		0.78758
223		8643.09		0.95086		0.94996		0.89378		0.89583		0.89119		0.89351		0.78758
224		8644.73		0.95125		0.95023		0.89637		0.89231		0.90155		0.89691		0.79279
225		8646.61		0.95181		0.95071		0.89119		0.88718		0.89637		0.89175		0.78243
226		8647.84		0.95181		0.95094		0.89119		0.88325		0.90155		0.89231		0.78255
227		8649.04		0.95137		0.95049		0.89119		0.88325		0.90155		0.89231		0.78255
228		8650.41		0.95095		0.95008		0.88342		0.88144		0.88601		0.88372		0.76685
229		8651.54		0.95076		0.95011		0.87824		0.88021		0.87565		0.87792		0.75649
230		8652.95		0.95028		0.94969		0.87565		0.87565		0.87565		0.87565		0.7513
231		8654.77		0.9496		0.94877		0.88342		0.88144		0.88601		0.88372		0.76685
232		8656.08		0.94808		0.94667		0.87565		0.86432		0.89119		0.87755		0.75166
233		8657.33		0.94864		0.94731		0.88083		0.86567		0.90155		0.88325		0.76231
234		8658.6		0.94978		0.94851		0.88342		0.87		0.90155		0.8855		0.76734
235		8659.73		0.95098		0.94967		0.88601		0.87437		0.90155		0.88776		0.77239
236		8661.04		0.95173		0.95026		0.8886		0.87879		0.90155		0.89003		0.77746
237		8662.23		0.95229		0.95076		0.89119		0.88325		0.90155		0.89231		0.78255
AUC improved at epoch  237 ;	best_auc: 0.9522940213160085
238		8663.76		0.95223		0.9506		0.88601		0.88205		0.89119		0.8866		0.77206
239		8665.33		0.952		0.94994		0.88342		0.87374		0.89637		0.88491		0.7671
240		8667.13		0.95117		0.94883		0.88083		0.86207		0.90674		0.88384		0.76268
241		8668.52		0.94931		0.94658		0.87565		0.85714		0.90155		0.87879		0.75231
242		8670.06		0.94831		0.94629		0.87565		0.87179		0.88083		0.87629		0.75134
243		8671.83		0.94823		0.94688		0.87047		0.87435		0.86528		0.86979		0.74097
244		8673.6		0.94768		0.94696		0.86528		0.87302		0.85492		0.86387		0.73073
245		8675.39		0.94897		0.94806		0.87047		0.87047		0.87047		0.87047		0.74093
246		8676.7		0.95001		0.94874		0.87824		0.86869		0.89119		0.8798		0.75673
247		8678.03		0.95097		0.94898		0.88342		0.86634		0.90674		0.88608		0.76767
248		8679.89		0.95166		0.94957		0.88342		0.86275		0.91192		0.88665		0.76809
249		8681.19		0.95225		0.95042		0.88083		0.86935		0.89637		0.88265		0.76203
250		8682.68		0.95284		0.95164		0.89896		0.90104		0.89637		0.8987		0.79794
AUC improved at epoch  250 ;	best_auc: 0.9528443716609841
251		8683.95		0.95286		0.95179		0.89637		0.90909		0.88083		0.89474		0.79313
AUC improved at epoch  251 ;	best_auc: 0.9528577948401299
252		8685.25		0.95235		0.95112		0.89378		0.90426		0.88083		0.89239		0.78783
253		8686.59		0.95229		0.95105		0.89378		0.90426		0.88083		0.89239		0.78783
254		8687.86		0.95131		0.95022		0.8886		0.8866		0.89119		0.88889		0.77721
255		8689.1		0.95048		0.94917		0.88601		0.87817		0.89637		0.88718		0.77219
256		8690.29		0.94996		0.94884		0.88342		0.87374		0.89637		0.88491		0.7671
257		8692.16		0.95009		0.94903		0.88083		0.8731		0.89119		0.88205		0.76182
258		8693.4		0.94943		0.94875		0.88083		0.87692		0.88601		0.88144		0.7617
259		8694.68		0.94964		0.9491		0.88342		0.88144		0.88601		0.88372		0.76685
260		8695.81		0.95028		0.94986		0.88342		0.87755		0.89119		0.88432		0.76693
261		8697.49		0.95118		0.95061		0.88083		0.8731		0.89119		0.88205		0.76182
262		8699.07		0.95126		0.95057		0.88083		0.86935		0.89637		0.88265		0.76203
263		8700.36		0.95182		0.9514		0.87824		0.86869		0.89119		0.8798		0.75673
264		8701.58		0.95174		0.95123		0.8886		0.8866		0.89119		0.88889		0.77721
265		8703.38		0.95172		0.95118		0.88342		0.88144		0.88601		0.88372		0.76685
266		8704.73		0.95241		0.952		0.88601		0.88205		0.89119		0.8866		0.77206
267		8706.23		0.95217		0.95162		0.8886		0.88265		0.89637		0.88946		0.7773
268		8708.0		0.95122		0.95057		0.88601		0.87437		0.90155		0.88776		0.77239
269		8709.31		0.94974		0.9485		0.88342		0.86634		0.90674		0.88608		0.76767
270		8710.77		0.94903		0.94821		0.88342		0.87		0.90155		0.8855		0.76734
271		8712.23		0.94922		0.94882		0.88342		0.87		0.90155		0.8855		0.76734
272		8713.75		0.94942		0.94927		0.88342		0.88947		0.87565		0.88251		0.76693
273		8715.12		0.94973		0.94978		0.8886		0.89894		0.87565		0.88714		0.77746
274		8716.84		0.95036		0.9504		0.88601		0.89418		0.87565		0.88482		0.77219
275		8718.37		0.95064		0.95016		0.8886		0.89474		0.88083		0.88773		0.7773
276		8720.05		0.9509		0.95019		0.88342		0.88542		0.88083		0.88312		0.76685
277		8721.85		0.95101		0.94991		0.8886		0.87879		0.90155		0.89003		0.77746
278		8723.03		0.95055		0.94943		0.89119		0.87562		0.91192		0.8934		0.78306
279		8724.19		0.95113		0.95026		0.8886		0.87879		0.90155		0.89003		0.77746
280		8725.37		0.95165		0.95108		0.88601		0.88205		0.89119		0.8866		0.77206
281		8726.67		0.95303		0.95243		0.8886		0.8866		0.89119		0.88889		0.77721
AUC improved at epoch  281 ;	best_auc: 0.9530322961690246
282		8728.33		0.95306		0.95254		0.88083		0.87692		0.88601		0.88144		0.7617
AUC improved at epoch  282 ;	best_auc: 0.9530591425273162
283		8730.01		0.95302		0.95263		0.8886		0.875		0.90674		0.89059		0.77771
284		8731.34		0.95279		0.95264		0.8886		0.875		0.90674		0.89059		0.77771
285		8733.14		0.95259		0.95216		0.88601		0.87817		0.89637		0.88718		0.77219
286		8734.78		0.95241		0.95163		0.89637		0.89637		0.89637		0.89637		0.79275
287		8735.93		0.95209		0.95095		0.89896		0.90104		0.89637		0.8987		0.79794
288		8737.08		0.95196		0.95085		0.89378		0.88776		0.90155		0.8946		0.78766
289		8738.19		0.95241		0.95161		0.90155		0.90576		0.89637		0.90104		0.80315
290		8739.42		0.95255		0.95174		0.90155		0.90576		0.89637		0.90104		0.80315
291		8740.68		0.95305		0.95275		0.90155		0.90576		0.89637		0.90104		0.80315
292		8741.85		0.95327		0.95325		0.89896		0.90526		0.89119		0.89817		0.79802
AUC improved at epoch  292 ;	best_auc: 0.9532739133936482
293		8743.08		0.95271		0.95259		0.89896		0.90104		0.89637		0.8987		0.79794
294		8744.54		0.95173		0.95155		0.8886		0.88265		0.89637		0.88946		0.7773
295		8746.19		0.95149		0.95123		0.88342		0.87		0.90155		0.8855		0.76734
296		8747.48		0.95115		0.95074		0.87824		0.86139		0.90155		0.88101		0.7573
297		8749.06		0.95054		0.95016		0.88342		0.87		0.90155		0.8855		0.76734
298		8751.04		0.95027		0.94994		0.88083		0.86935		0.89637		0.88265		0.76203
299		8752.37		0.94966		0.94911		0.88601		0.87817		0.89637		0.88718		0.77219
300		8754.02		0.94934		0.94924		0.88083		0.87692		0.88601		0.88144		0.7617
301		8755.64		0.94898		0.94904		0.88342		0.87755		0.89119		0.88432		0.76693
302		8757.1		0.94874		0.94906		0.88083		0.8731		0.89119		0.88205		0.76182
303		8758.25		0.94832		0.94869		0.8886		0.88265		0.89637		0.88946		0.7773
304		8759.57		0.94888		0.94919		0.89378		0.89175		0.89637		0.89406		0.78758
305		8761.44		0.94888		0.94954		0.89896		0.89691		0.90155		0.89922		0.79794
306		8762.99		0.94943		0.95		0.89637		0.89231		0.90155		0.89691		0.79279
307		8764.35		0.94935		0.94961		0.88601		0.87065		0.90674		0.88832		0.77268
308		8765.68		0.94978		0.94994		0.88083		0.85854		0.91192		0.88442		0.76313
309		8766.93		0.95023		0.94979		0.88342		0.85922		0.9171		0.88722		0.76858
310		8768.27		0.95024		0.94983		0.88342		0.86634		0.90674		0.88608		0.76767
311		8769.79		0.94977		0.94916		0.8886		0.89474		0.88083		0.88773		0.7773
312		8771.22		0.94941		0.94876		0.88342		0.90217		0.8601		0.88064		0.76767
313		8772.83		0.95071		0.9499		0.88601		0.8984		0.87047		0.88421		0.77239
314		8774.43		0.95176		0.95073		0.89119		0.89529		0.88601		0.89062		0.78243
315		8775.94		0.95201		0.95108		0.90155		0.8934		0.91192		0.90256		0.80328
316		8777.3		0.95182		0.95085		0.89378		0.87624		0.9171		0.8962		0.78842
317		8778.63		0.9516		0.95096		0.89378		0.87624		0.9171		0.8962		0.78842
318		8780.15		0.95099		0.95043		0.89119		0.88325		0.90155		0.89231		0.78255
319		8781.55		0.9509		0.95054		0.8886		0.90761		0.86528		0.88594		0.77805
320		8784.11		0.95131		0.951		0.89637		0.91803		0.87047		0.89362		0.79381
321		8786.38		0.95086		0.95019		0.89119		0.91257		0.86528		0.8883		0.78344
322		8788.17		0.95047		0.9496		0.89119		0.89947		0.88083		0.89005		0.78255
323		8789.46		0.95142		0.95009		0.89378		0.88384		0.90674		0.89514		0.78783
324		8793.6		0.95185		0.95035		0.88601		0.87817		0.89637		0.88718		0.77219
325		8799.23		0.95166		0.95027		0.89378		0.88776		0.90155		0.8946		0.78766
326		8804.32		0.95138		0.94984		0.89119		0.88718		0.89637		0.89175		0.78243
327		8805.63		0.95131		0.9497		0.89119		0.88325		0.90155		0.89231		0.78255
328		8806.78		0.95044		0.94865		0.88342		0.86634		0.90674		0.88608		0.76767
329		8808.22		0.94858		0.94674		0.88601		0.867		0.91192		0.88889		0.77306
330		8809.97		0.94743		0.94567		0.87565		0.8607		0.89637		0.87817		0.75194
331		8811.37		0.94719		0.9456		0.87565		0.87565		0.87565		0.87565		0.7513
332		8812.98		0.94757		0.94656		0.87565		0.8877		0.8601		0.87368		0.75166
333		8814.81		0.94852		0.94775		0.88083		0.8973		0.8601		0.87831		0.76231
334		8816.4		0.94961		0.949		0.88601		0.89005		0.88083		0.88542		0.77206
335		8817.91		0.94973		0.94902		0.89378		0.88384		0.90674		0.89514		0.78783
336		8819.19		0.94934		0.94867		0.88083		0.85854		0.91192		0.88442		0.76313
337		8820.47		0.94964		0.94904		0.87824		0.85437		0.91192		0.88221		0.7582
338		8821.82		0.94996		0.94941		0.88342		0.86634		0.90674		0.88608		0.76767
339		8823.54		0.95044		0.95011		0.88342		0.87374		0.89637		0.88491		0.7671
340		8825.23		0.95126		0.95077		0.8886		0.8866		0.89119		0.88889		0.77721
341		8826.51		0.95178		0.95102		0.89378		0.88776		0.90155		0.8946		0.78766
342		8827.94		0.95243		0.95174		0.88601		0.87437		0.90155		0.88776		0.77239
343		8829.09		0.95181		0.9513		0.88083		0.86935		0.89637		0.88265		0.76203
344		8830.36		0.95146		0.95108		0.8886		0.87129		0.91192		0.89114		0.77805
345		8831.58		0.95031		0.94951		0.89119		0.87562		0.91192		0.8934		0.78306
346		8832.78		0.9497		0.94882		0.87565		0.87565		0.87565		0.87565		0.7513
347		8834.11		0.94933		0.94813		0.87047		0.87435		0.86528		0.86979		0.74097
348		8835.42		0.94895		0.94793		0.87306		0.8871		0.85492		0.87071		0.74661
349		8837.01		0.94892		0.94787		0.87565		0.89189		0.85492		0.87302		0.75194
350		8838.39		0.94933		0.94812		0.88342		0.87374		0.89637		0.88491		0.7671
351		8839.94		0.94968		0.94829		0.88083		0.86207		0.90674		0.88384		0.76268
352		8841.39		0.95082		0.94997		0.88083		0.86207		0.90674		0.88384		0.76268
353		8842.69		0.95185		0.95143		0.88601		0.87817		0.89637		0.88718		0.77219
354		8844.04		0.95134		0.95103		0.88601		0.88601		0.88601		0.88601		0.77202
355		8845.57		0.95056		0.95008		0.88601		0.89005		0.88083		0.88542		0.77206
356		8847.22		0.94894		0.94824		0.89378		0.88384		0.90674		0.89514		0.78783
357		8848.59		0.94754		0.94672		0.8886		0.87129		0.91192		0.89114		0.77805
358		8849.86		0.94723		0.94638		0.88601		0.87065		0.90674		0.88832		0.77268
359		8851.24		0.94764		0.94697		0.88601		0.88601		0.88601		0.88601		0.77202
360		8852.68		0.94797		0.94747		0.88342		0.89362		0.87047		0.88189		0.7671
361		8854.08		0.9473		0.94679		0.8886		0.90323		0.87047		0.88654		0.77771
362		8855.35		0.94698		0.94568		0.88342		0.88947		0.87565		0.88251		0.76693
363		8856.65		0.94662		0.9455		0.87824		0.87629		0.88083		0.87855		0.75649
364		8858.26		0.94684		0.94543		0.88342		0.87374		0.89637		0.88491		0.7671
365		8859.61		0.94719		0.94592		0.88342		0.87374		0.89637		0.88491		0.7671
366		8861.03		0.9487		0.94811		0.87565		0.87565		0.87565		0.87565		0.7513
367		8862.35		0.94929		0.9493		0.88601		0.9027		0.86528		0.8836		0.77268
368		8863.9		0.94892		0.94896		0.88083		0.89305		0.86528		0.87895		0.76203
369		8865.27		0.94892		0.94899		0.87565		0.87565		0.87565		0.87565		0.7513
370		8866.61		0.94864		0.94873		0.87047		0.85222		0.89637		0.87374		0.74193
371		8868.13		0.9476		0.94797		0.86788		0.84804		0.89637		0.87154		0.73695
372		8869.91		0.94793		0.94842		0.87047		0.85572		0.89119		0.8731		0.74157
373		8871.25		0.94931		0.94963		0.88601		0.89005		0.88083		0.88542		0.77206
374		8872.61		0.95007		0.95048		0.8886		0.91209		0.8601		0.88533		0.77847
375		8874.34		0.95101		0.95095		0.89896		0.91398		0.88083		0.8971		0.79845
376		8876.02		0.95174		0.95133		0.89896		0.90526		0.89119		0.89817		0.79802
377		8877.35		0.95153		0.95087		0.8886		0.88265		0.89637		0.88946		0.7773
378		8878.58		0.95135		0.95047		0.8886		0.87129		0.91192		0.89114		0.77805
379		8880.43		0.95017		0.94909		0.88601		0.88601		0.88601		0.88601		0.77202
380		8881.56		0.94968		0.94864		0.88342		0.88947		0.87565		0.88251		0.76693
381		8882.92		0.9486		0.94772		0.88083		0.88482		0.87565		0.88021		0.7617
382		8884.13		0.948		0.94732		0.88342		0.87755		0.89119		0.88432		0.76693
383		8885.25		0.94703		0.9465		0.88342		0.87755		0.89119		0.88432		0.76693
384		8886.35		0.94731		0.94684		0.88342		0.87755		0.89119		0.88432		0.76693
385		8887.76		0.94825		0.94792		0.88083		0.8731		0.89119		0.88205		0.76182
386		8888.93		0.9491		0.9488		0.88601		0.87817		0.89637		0.88718		0.77219
387		8890.49		0.94948		0.94932		0.88601		0.88205		0.89119		0.8866		0.77206
388		8892.28		0.94954		0.94926		0.8886		0.8866		0.89119		0.88889		0.77721
389		8893.63		0.94968		0.94958		0.88601		0.89005		0.88083		0.88542		0.77206
390		8895.12		0.94972		0.9496		0.8886		0.89062		0.88601		0.88831		0.77721
391		8896.32		0.94977		0.94949		0.88601		0.88601		0.88601		0.88601		0.77202
392		8897.56		0.94972		0.94915		0.8886		0.88265		0.89637		0.88946		0.7773
393		8899.36		0.94984		0.94913		0.88342		0.87374		0.89637		0.88491		0.7671
394		8901.18		0.95017		0.94935		0.88342		0.87374		0.89637		0.88491		0.7671
395		8902.97		0.95041		0.94958		0.88342		0.88542		0.88083		0.88312		0.76685
396		8904.79		0.94988		0.9488		0.88601		0.88601		0.88601		0.88601		0.77202
397		8905.93		0.94941		0.94785		0.88601		0.88601		0.88601		0.88601		0.77202
398		8907.17		0.94854		0.94708		0.88342		0.88542		0.88083		0.88312		0.76685
399		8908.49		0.94788		0.94668		0.88083		0.88083		0.88083		0.88083		0.76166
400		8909.7		0.94738		0.94589		0.88083		0.88083		0.88083		0.88083		0.76166
401		8910.88		0.94774		0.9467		0.88601		0.87817		0.89637		0.88718		0.77219
402		8912.15		0.9478		0.94648		0.87565		0.87179		0.88083		0.87629		0.75134
403		8913.7		0.94789		0.94656		0.87824		0.87245		0.88601		0.87918		0.75657
404		8915.34		0.9484		0.94709		0.87824		0.87245		0.88601		0.87918		0.75657
405		8917.05		0.94883		0.94766		0.87565		0.86432		0.89119		0.87755		0.75166
406		8918.29		0.94898		0.94791		0.88083		0.86935		0.89637		0.88265		0.76203
407		8919.43		0.94902		0.94791		0.88083		0.86935		0.89637		0.88265		0.76203
408		8920.72		0.94918		0.94797		0.88083		0.88083		0.88083		0.88083		0.76166
409		8921.89		0.94875		0.94758		0.88083		0.8973		0.8601		0.87831		0.76231
410		8923.16		0.94768		0.94669		0.87824		0.89674		0.85492		0.87533		0.7573
411		8924.46		0.9479		0.94732		0.87565		0.8877		0.8601		0.87368		0.75166
412		8926.27		0.94819		0.94766		0.87824		0.87245		0.88601		0.87918		0.75657
413		8927.82		0.9476		0.94722		0.87824		0.86139		0.90155		0.88101		0.7573
414		8929.19		0.94804		0.94784		0.87565		0.85366		0.90674		0.8794		0.75275
415		8930.47		0.94848		0.94863		0.88601		0.87437		0.90155		0.88776		0.77239
416		8931.78		0.9487		0.94896		0.87824		0.88021		0.87565		0.87792		0.75649
417		8933.24		0.9487		0.94905		0.88342		0.90659		0.85492		0.88		0.76809
418		8934.73		0.94845		0.94882		0.88083		0.90608		0.84974		0.87701		0.76313
419		8936.12		0.94923		0.94909		0.88083		0.88482		0.87565		0.88021		0.7617
420		8937.53		0.95028		0.94977		0.88083		0.87692		0.88601		0.88144		0.7617
421		8939.02		0.95094		0.95031		0.88342		0.87		0.90155		0.8855		0.76734
422		8940.45		0.95168		0.95049		0.8886		0.87879		0.90155		0.89003		0.77746
423		8941.76		0.95138		0.95005		0.89637		0.89637		0.89637		0.89637		0.79275
424		8943.31		0.95119		0.94938		0.8886		0.88265		0.89637		0.88946		0.7773
425		8944.83		0.94996		0.9479		0.8886		0.87879		0.90155		0.89003		0.77746
426		8946.31		0.94961		0.94796		0.88601		0.87437		0.90155		0.88776		0.77239
427		8947.58		0.94957		0.94862		0.88601		0.87817		0.89637		0.88718		0.77219
428		8948.94		0.9498		0.94889		0.87565		0.87565		0.87565		0.87565		0.7513
429		8950.21		0.95068		0.94981		0.8886		0.89062		0.88601		0.88831		0.77721
430		8951.82		0.95109		0.95042		0.89637		0.90476		0.88601		0.89529		0.79292
431		8953.42		0.95044		0.94994		0.88601		0.88601		0.88601		0.88601		0.77202
432		8954.74		0.95066		0.95024		0.88601		0.87817		0.89637		0.88718		0.77219
433		8956.2		0.95184		0.95136		0.89119		0.87562		0.91192		0.8934		0.78306
434		8957.8		0.95146		0.95151		0.88342		0.87		0.90155		0.8855		0.76734
435		8959.13		0.95122		0.95187		0.88083		0.88083		0.88083		0.88083		0.76166
436		8960.73		0.9513		0.95181		0.88083		0.88083		0.88083		0.88083		0.76166
437		8962.53		0.95023		0.95024		0.88601		0.88601		0.88601		0.88601		0.77202
438		8964.06		0.94939		0.94899		0.89119		0.89947		0.88083		0.89005		0.78255
439		8965.19		0.94832		0.9471		0.88342		0.88947		0.87565		0.88251		0.76693
440		8966.3		0.94828		0.94687		0.89119		0.89529		0.88601		0.89062		0.78243
441		8967.45		0.94847		0.94711		0.87824		0.86869		0.89119		0.8798		0.75673
442		8968.7		0.95035		0.94939		0.8886		0.88265		0.89637		0.88946		0.7773
443		8969.83		0.95105		0.95045		0.88342		0.87755		0.89119		0.88432		0.76693
444		8971.04		0.95196		0.95179		0.88601		0.89005		0.88083		0.88542		0.77206
445		8972.88		0.95221		0.95246		0.89378		0.90426		0.88083		0.89239		0.78783
446		8974.19		0.95251		0.95252		0.89119		0.90374		0.87565		0.88947		0.78276
447		8975.34		0.95235		0.9519		0.89378		0.9086		0.87565		0.89182		0.78808
448		8976.46		0.95148		0.95072		0.89637		0.89637		0.89637		0.89637		0.79275
449		8977.57		0.95031		0.94899		0.8886		0.88265		0.89637		0.88946		0.7773
450		8978.75		0.94982		0.9489		0.89637		0.89231		0.90155		0.89691		0.79279
451		8980.09		0.94974		0.94936		0.8886		0.8866		0.89119		0.88889		0.77721
452		8981.6		0.94939		0.94947		0.88601		0.89005		0.88083		0.88542		0.77206
453		8983.45		0.94941		0.94949		0.89119		0.89119		0.89119		0.89119		0.78238
454		8984.94		0.9497		0.94944		0.88601		0.87817		0.89637		0.88718		0.77219
455		8986.32		0.95004		0.94987		0.88601		0.87437		0.90155		0.88776		0.77239
456		8988.08		0.95079		0.95046		0.89119		0.87562		0.91192		0.8934		0.78306
457		8990.25		0.95152		0.95065		0.8886		0.875		0.90674		0.89059		0.77771
458		8991.61		0.9511		0.94973		0.89378		0.89175		0.89637		0.89406		0.78758
459		8992.73		0.95024		0.94863		0.89637		0.90052		0.89119		0.89583		0.79279
460		8993.96		0.94939		0.94778		0.89119		0.89947		0.88083		0.89005		0.78255
461		8995.87		0.94867		0.94657		0.88342		0.88144		0.88601		0.88372		0.76685
462		8997.05		0.94737		0.94503		0.88342		0.88144		0.88601		0.88372		0.76685
463		8998.16		0.94729		0.94476		0.87565		0.86432		0.89119		0.87755		0.75166
464		8999.37		0.94753		0.945		0.88083		0.86207		0.90674		0.88384		0.76268
465		9000.48		0.94812		0.94614		0.88601		0.86341		0.9171		0.88945		0.77352
466		9001.71		0.94891		0.94699		0.8886		0.875		0.90674		0.89059		0.77771
467		9003.04		0.95015		0.94902		0.89378		0.89175		0.89637		0.89406		0.78758
468		9004.2		0.95048		0.94975		0.89896		0.90104		0.89637		0.8987		0.79794
469		9005.51		0.95078		0.95003		0.89896		0.90104		0.89637		0.8987		0.79794
470		9007.55		0.95058		0.94982		0.89119		0.88718		0.89637		0.89175		0.78243
471		9009.1		0.95012		0.9494		0.89378		0.89175		0.89637		0.89406		0.78758
472		9010.73		0.94949		0.94884		0.89637		0.89231		0.90155		0.89691		0.79279
473		9012.17		0.9498		0.94953		0.89637		0.88832		0.90674		0.89744		0.79292
474		9013.34		0.95055		0.95032		0.89637		0.89231		0.90155		0.89691		0.79279
475		9014.49		0.95044		0.95023		0.8886		0.89062		0.88601		0.88831		0.77721
476		9016.42		0.95098		0.95089		0.89378		0.9		0.88601		0.89295		0.78766
477		9018.39		0.95074		0.95053		0.89119		0.89529		0.88601		0.89062		0.78243
478		9019.8		0.95082		0.95019		0.89896		0.89691		0.90155		0.89922		0.79794
479		9021.36		0.95059		0.94986		0.8886		0.88265		0.89637		0.88946		0.7773
480		9022.85		0.95016		0.94876		0.88342		0.88542		0.88083		0.88312		0.76685
481		9024.48		0.94973		0.94802		0.88342		0.89785		0.86528		0.88127		0.76734
482		9026.27		0.94984		0.948		0.8886		0.89062		0.88601		0.88831		0.77721
483		9027.57		0.95031		0.94787		0.89119		0.89119		0.89119		0.89119		0.78238
484		9028.81		0.95028		0.94873		0.88342		0.87755		0.89119		0.88432		0.76693
485		9029.98		0.94992		0.94839		0.87824		0.86869		0.89119		0.8798		0.75673
486		9031.22		0.94942		0.94812		0.87824		0.86869		0.89119		0.8798		0.75673
487		9032.6		0.94883		0.94762		0.88083		0.8731		0.89119		0.88205		0.76182
488		9033.82		0.94803		0.94688		0.87306		0.86735		0.88083		0.87404		0.7462
489		9035.06		0.94762		0.94649		0.88342		0.87755		0.89119		0.88432		0.76693
490		9036.34		0.94726		0.94637		0.88083		0.8731		0.89119		0.88205		0.76182
491		9038.28		0.94786		0.94743		0.88083		0.88482		0.87565		0.88021		0.7617
492		9039.52		0.94875		0.94838		0.88083		0.88889		0.87047		0.87958		0.76182
493		9040.73		0.9491		0.94883		0.88342		0.89785		0.86528		0.88127		0.76734
494		9041.96		0.9499		0.94968		0.88601		0.9027		0.86528		0.8836		0.77268
495		9043.68		0.95064		0.94987		0.87824		0.88021		0.87565		0.87792		0.75649
496		9045.47		0.95095		0.94976		0.88083		0.86567		0.90155		0.88325		0.76231
497		9046.87		0.95056		0.94899		0.88083		0.86207		0.90674		0.88384		0.76268
498		9048.36		0.95024		0.94865		0.87824		0.87245		0.88601		0.87918		0.75657
499		9049.72		0.95082		0.94938		0.88083		0.88889		0.87047		0.87958		0.76182
500		9051.37		0.95012		0.94906		0.88601		0.8984		0.87047		0.88421		0.77239
501		9052.87		0.94911		0.94797		0.88342		0.89785		0.86528		0.88127		0.76734
502		9054.22		0.94799		0.9464		0.87047		0.87047		0.87047		0.87047		0.74093
503		9055.7		0.94645		0.94484		0.86788		0.85859		0.88083		0.86957		0.736
504		9057.09		0.94658		0.94531		0.87306		0.86364		0.88601		0.87468		0.74636
505		9058.66		0.94794		0.94742		0.88342		0.88542		0.88083		0.88312		0.76685
506		9060.45		0.94782		0.94791		0.87565		0.8877		0.8601		0.87368		0.75166
507		9061.57		0.94735		0.94721		0.87565		0.8877		0.8601		0.87368		0.75166
508		9062.86		0.94752		0.94731		0.88342		0.90217		0.8601		0.88064		0.76767
509		9064.05		0.94875		0.94821		0.88342		0.89362		0.87047		0.88189		0.7671
510		9065.16		0.94984		0.94894		0.88083		0.87692		0.88601		0.88144		0.7617
511		9066.36		0.95097		0.95019		0.89119		0.8794		0.90674		0.89286		0.78276
512		9067.97		0.95176		0.95109		0.88342		0.87755		0.89119		0.88432		0.76693
513		9069.53		0.95237		0.95205		0.88342		0.88144		0.88601		0.88372		0.76685
514		9071.14		0.95274		0.95242		0.88601		0.88601		0.88601		0.88601		0.77202
515		9072.48		0.95246		0.95237		0.89637		0.90052		0.89119		0.89583		0.79279
516		9074.13		0.95149		0.95145		0.89378		0.90426		0.88083		0.89239		0.78783
517		9076.04		0.95122		0.95143		0.89119		0.89529		0.88601		0.89062		0.78243
518		9077.72		0.95041		0.95025		0.8886		0.88265		0.89637		0.88946		0.7773
519		9079.0		0.94954		0.94964		0.88342		0.87374		0.89637		0.88491		0.7671
520		9080.16		0.94883		0.94891		0.87824		0.87245		0.88601		0.87918		0.75657
521		9081.6		0.94902		0.94939		0.88601		0.89005		0.88083		0.88542		0.77206
522		9082.72		0.94816		0.94852		0.88601		0.89418		0.87565		0.88482		0.77219
523		9083.89		0.94765		0.94781		0.88342		0.88947		0.87565		0.88251		0.76693
524		9085.41		0.94717		0.94716		0.88083		0.88482		0.87565		0.88021		0.7617
525		9086.79		0.94821		0.94782		0.87824		0.88021		0.87565		0.87792		0.75649
526		9088.3		0.94883		0.94845		0.88083		0.8731		0.89119		0.88205		0.76182
527		9089.87		0.94965		0.94933		0.88342		0.87755		0.89119		0.88432		0.76693
528		9091.28		0.9505		0.95033		0.88601		0.89418		0.87565		0.88482		0.77219
529		9092.86		0.95039		0.95032		0.88601		0.8984		0.87047		0.88421		0.77239
530		9094.53		0.95035		0.95023		0.88342		0.88947		0.87565		0.88251		0.76693
531		9095.94		0.95004		0.94987		0.88601		0.88601		0.88601		0.88601		0.77202
532		9097.51		0.94875		0.94805		0.88342		0.87755		0.89119		0.88432		0.76693
533		9098.63		0.94898		0.94863		0.88342		0.88144		0.88601		0.88372		0.76685
534		9099.88		0.94964		0.94954		0.89119		0.89947		0.88083		0.89005		0.78255
535		9101.11		0.94993		0.94983		0.89378		0.91304		0.87047		0.89125		0.78842
536		9102.22		0.95028		0.95048		0.8886		0.90323		0.87047		0.88654		0.77771
537		9103.36		0.95008		0.94984		0.88083		0.88083		0.88083		0.88083		0.76166
538		9104.54		0.94984		0.94929		0.88601		0.87437		0.90155		0.88776		0.77239
539		9105.75		0.94953		0.94881		0.88342		0.87		0.90155		0.8855		0.76734
540		9107.07		0.95004		0.94927		0.87824		0.86869		0.89119		0.8798		0.75673
541		9108.95		0.94984		0.94897		0.88601		0.88601		0.88601		0.88601		0.77202
542		9110.81		0.94981		0.949		0.88342		0.88947		0.87565		0.88251		0.76693
543		9112.07		0.9489		0.94833		0.88083		0.88889		0.87047		0.87958		0.76182
544		9113.22		0.94837		0.94801		0.88083		0.88482		0.87565		0.88021		0.7617
545		9114.57		0.94748		0.94703		0.87565		0.87958		0.87047		0.875		0.75134
546		9116.02		0.94701		0.94646		0.87824		0.88021		0.87565		0.87792		0.75649
547		9117.36		0.94706		0.9467		0.87565		0.87565		0.87565		0.87565		0.7513
548		9118.62		0.94757		0.94716		0.87306		0.86735		0.88083		0.87404		0.7462
549		9119.74		0.9482		0.94767		0.88342		0.87755		0.89119		0.88432		0.76693
550		9121.6		0.94923		0.94846		0.88083		0.87692		0.88601		0.88144		0.7617
551		9123.73		0.94956		0.94861		0.8886		0.8866		0.89119		0.88889		0.77721
552		9125.2		0.94939		0.94827		0.8886		0.89474		0.88083		0.88773		0.7773
553		9126.36		0.94927		0.94812		0.88342		0.89362		0.87047		0.88189		0.7671
554		9127.49		0.94866		0.94732		0.88342		0.88947		0.87565		0.88251		0.76693
555		9128.61		0.94895		0.94767		0.88601		0.89418		0.87565		0.88482		0.77219
556		9130.18		0.94926		0.94782		0.8886		0.89474		0.88083		0.88773		0.7773
557		9132.12		0.95013		0.94889		0.89119		0.89119		0.89119		0.89119		0.78238
558		9133.45		0.94989		0.94876		0.89119		0.88718		0.89637		0.89175		0.78243
559		9135.18		0.94946		0.94833		0.88601		0.87437		0.90155		0.88776		0.77239
560		9136.71		0.94844		0.94722		0.88342		0.87		0.90155		0.8855		0.76734
561		9138.66		0.94715		0.9459		0.88083		0.87692		0.88601		0.88144		0.7617
562		9140.34		0.94722		0.94621		0.87824		0.8883		0.86528		0.87664		0.75673
563		9141.5		0.94709		0.94634		0.87306		0.8871		0.85492		0.87071		0.74661
564		9142.96		0.94743		0.94676		0.87824		0.89247		0.8601		0.87599		0.75697
565		9144.49		0.94713		0.94618		0.87306		0.875		0.87047		0.87273		0.74612
566		9145.79		0.94697		0.94599		0.87565		0.87179		0.88083		0.87629		0.75134
567		9146.97		0.94707		0.94583		0.87306		0.86735		0.88083		0.87404		0.7462
568		9148.23		0.94684		0.9454		0.87565		0.87565		0.87565		0.87565		0.7513
569		9149.97		0.94705		0.94529		0.87824		0.88421		0.87047		0.87728		0.75657
570		9152.24		0.94671		0.94499		0.87565		0.87958		0.87047		0.875		0.75134
571		9153.45		0.9473		0.94558		0.87824		0.8883		0.86528		0.87664		0.75673
572		9154.68		0.94754		0.94601		0.87824		0.88421		0.87047		0.87728		0.75657
573		9155.83		0.94772		0.94619		0.88083		0.88482		0.87565		0.88021		0.7617
574		9157.11		0.94807		0.94667		0.88342		0.88542		0.88083		0.88312		0.76685
575		9158.25		0.9485		0.94742		0.88342		0.88542		0.88083		0.88312		0.76685
576		9159.5		0.94872		0.94826		0.87565		0.8836		0.86528		0.87435		0.75146
577		9160.7		0.94686		0.94614		0.88342		0.88947		0.87565		0.88251		0.76693
578		9162.65		0.94603		0.94502		0.88342		0.88542		0.88083		0.88312		0.76685
579		9163.9		0.94628		0.94538		0.88083		0.88889		0.87047		0.87958		0.76182
580		9165.05		0.94597		0.94514		0.87824		0.89247		0.8601		0.87599		0.75697
581		9166.46		0.94631		0.9453		0.86788		0.87766		0.85492		0.86614		0.736
582		9168.2		0.94639		0.94523		0.87306		0.87113		0.87565		0.87339		0.74612
583		9169.71		0.94639		0.94503		0.87824		0.87245		0.88601		0.87918		0.75657
584		9170.88		0.94633		0.94514		0.88083		0.87692		0.88601		0.88144		0.7617
585		9172.05		0.94635		0.94589		0.87047		0.87831		0.8601		0.86911		0.74109
586		9173.57		0.94588		0.94511		0.87824		0.88421		0.87047		0.87728		0.75657
587		9175.52		0.94676		0.94488		0.88083		0.86935		0.89637		0.88265		0.76203
588		9176.69		0.94797		0.94533		0.88083		0.85507		0.9171		0.885		0.76367
589		9178.3		0.94777		0.9452		0.88601		0.867		0.91192		0.88889		0.77306
590		9179.83		0.94766		0.94521		0.88601		0.89005		0.88083		0.88542		0.77206
591		9181.53		0.94706		0.94517		0.87824		0.9011		0.84974		0.87467		0.75771
592		9182.67		0.94701		0.94506		0.88083		0.88482		0.87565		0.88021		0.7617
593		9183.89		0.9459		0.94368		0.88342		0.86275		0.91192		0.88665		0.76809
594		9185.49		0.94772		0.94607		0.88342		0.87		0.90155		0.8855		0.76734
595		9187.37		0.94917		0.94782		0.88601		0.88205		0.89119		0.8866		0.77206
596		9189.04		0.9504		0.94923		0.88342		0.89785		0.86528		0.88127		0.76734
597		9190.56		0.95095		0.94941		0.8886		0.89474		0.88083		0.88773		0.7773
598		9191.85		0.9502		0.94806		0.88342		0.88542		0.88083		0.88312		0.76685
599		9192.96		0.94981		0.94745		0.88342		0.88947		0.87565		0.88251		0.76693
600		9194.16		0.94968		0.94707		0.87824		0.88021		0.87565		0.87792		0.75649
601		9195.33		0.95019		0.94781		0.88083		0.88482		0.87565		0.88021		0.7617
602		9196.45		0.95047		0.94853		0.88083		0.88482		0.87565		0.88021		0.7617
603		9197.58		0.95105		0.94957		0.88083		0.88889		0.87047		0.87958		0.76182
604		9198.96		0.95106		0.95012		0.88083		0.88482		0.87565		0.88021		0.7617
605		9200.71		0.95058		0.94997		0.88342		0.88144		0.88601		0.88372		0.76685
606		9202.51		0.94976		0.94898		0.89119		0.88325		0.90155		0.89231		0.78255
607		9204.17		0.94953		0.94877		0.88342		0.87755		0.89119		0.88432		0.76693
608		9205.77		0.94927		0.94852		0.88601		0.88601		0.88601		0.88601		0.77202
609		9207.54		0.94888		0.94814		0.88601		0.88601		0.88601		0.88601		0.77202
610		9208.95		0.94859		0.94764		0.88601		0.89005		0.88083		0.88542		0.77206
611		9210.27		0.94833		0.94728		0.88083		0.88482		0.87565		0.88021		0.7617
612		9211.44		0.94817		0.94676		0.88601		0.88601		0.88601		0.88601		0.77202
613		9212.92		0.94839		0.94652		0.87824		0.86869		0.89119		0.8798		0.75673
614		9214.26		0.94819		0.94568		0.88342		0.87		0.90155		0.8855		0.76734
615		9215.6		0.94883		0.94632		0.88083		0.86935		0.89637		0.88265		0.76203
616		9217.57		0.94888		0.94599		0.88601		0.87817		0.89637		0.88718		0.77219
617		9218.75		0.94892		0.94604		0.88342		0.87755		0.89119		0.88432		0.76693
618		9220.0		0.94855		0.9456		0.88601		0.88205		0.89119		0.8866		0.77206
619		9221.19		0.94882		0.94616		0.88083		0.8731		0.89119		0.88205		0.76182
620		9222.5		0.9478		0.94548		0.88083		0.86935		0.89637		0.88265		0.76203
621		9223.81		0.94808		0.9458		0.8886		0.87879		0.90155		0.89003		0.77746
622		9225.23		0.94918		0.94703		0.89378		0.89583		0.89119		0.89351		0.78758
623		9226.34		0.95004		0.94818		0.8886		0.89894		0.87565		0.88714		0.77746
624		9227.63		0.95016		0.94815		0.89637		0.90476		0.88601		0.89529		0.79292
625		9229.56		0.94996		0.94795		0.89896		0.90104		0.89637		0.8987		0.79794
626		9231.02		0.94926		0.94738		0.88342		0.87		0.90155		0.8855		0.76734
627		9232.44		0.94839		0.94638		0.88342		0.85922		0.9171		0.88722		0.76858
628		9233.86		0.9489		0.94726		0.88083		0.86567		0.90155		0.88325		0.76231
629		9235.43		0.94978		0.94868		0.89119		0.89119		0.89119		0.89119		0.78238
630		9236.72		0.95046		0.95004		0.89378		0.9086		0.87565		0.89182		0.78808
631		9238.43		0.95097		0.95088		0.89378		0.91758		0.86528		0.89067		0.78885
632		9239.7		0.95118		0.95089		0.88342		0.89362		0.87047		0.88189		0.7671
633		9241.02		0.95021		0.94973		0.88083		0.8731		0.89119		0.88205		0.76182
634		9242.29		0.94958		0.94882		0.8886		0.86765		0.9171		0.89169		0.77847
635		9243.94		0.95033		0.9498		0.87824		0.86869		0.89119		0.8798		0.75673
636		9245.55		0.95117		0.95059		0.88601		0.88601		0.88601		0.88601		0.77202
637		9247.37		0.95066		0.95057		0.89119		0.89947		0.88083		0.89005		0.78255
638		9248.85		0.95041		0.94923		0.88342		0.88542		0.88083		0.88312		0.76685
639		9250.47		0.94927		0.94795		0.88083		0.86935		0.89637		0.88265		0.76203
640		9251.97		0.94847		0.94695		0.87824		0.865		0.89637		0.88041		0.75697
641		9253.42		0.9496		0.94853		0.89119		0.89119		0.89119		0.89119		0.78238
642		9254.72		0.95066		0.94998		0.89896		0.90957		0.88601		0.89764		0.7982
643		9256.18		0.95102		0.9503		0.89637		0.90909		0.88083		0.89474		0.79313
644		9258.07		0.9499		0.94867		0.88083		0.87692		0.88601		0.88144		0.7617
645		9259.23		0.94897		0.94727		0.88342		0.87		0.90155		0.8855		0.76734
646		9260.62		0.94859		0.94684		0.87824		0.86869		0.89119		0.8798		0.75673
647		9261.75		0.94887		0.94706		0.88083		0.88083		0.88083		0.88083		0.76166
648		9263.04		0.94907		0.94734		0.88601		0.89418		0.87565		0.88482		0.77219
649		9264.32		0.94905		0.9471		0.88083		0.87692		0.88601		0.88144		0.7617
650		9265.5		0.94878		0.94691		0.87306		0.86		0.89119		0.87532		0.74661
651		9266.77		0.9482		0.94673		0.87047		0.8593		0.88601		0.87245		0.74129
652		9268.45		0.9476		0.9464		0.87306		0.87113		0.87565		0.87339		0.74612
653		9270.08		0.94794		0.94728		0.88083		0.89305		0.86528		0.87895		0.76203
654		9271.9		0.94821		0.94776		0.88342		0.91111		0.84974		0.87936		0.76858
655		9273.45		0.94949		0.94907		0.87824		0.9011		0.84974		0.87467		0.75771
656		9274.78		0.95044		0.94976		0.88083		0.88083		0.88083		0.88083		0.76166
657		9275.9		0.95103		0.95031		0.89119		0.8794		0.90674		0.89286		0.78276
658		9277.41		0.95027		0.94946		0.88342		0.89362		0.87047		0.88189		0.7671
659		9278.86		0.94984		0.94916		0.88083		0.90164		0.85492		0.87766		0.76268
660		9280.48		0.9493		0.94879		0.88601		0.9071		0.8601		0.88298		0.77306
661		9281.8		0.94925		0.94842		0.88342		0.88947		0.87565		0.88251		0.76693
662		9283.57		0.94917		0.94785		0.88601		0.88205		0.89119		0.8866		0.77206
663		9284.98		0.94899		0.94753		0.88601		0.87065		0.90674		0.88832		0.77268
664		9286.15		0.94992		0.94937		0.88083		0.86567		0.90155		0.88325		0.76231
665		9287.46		0.94962		0.94881		0.88083		0.87692		0.88601		0.88144		0.7617
666		9288.67		0.94905		0.94839		0.88342		0.88947		0.87565		0.88251		0.76693
667		9289.85		0.94854		0.94754		0.87565		0.8877		0.8601		0.87368		0.75166
668		9291.08		0.94792		0.94685		0.88083		0.88482		0.87565		0.88021		0.7617
669		9292.2		0.94719		0.94566		0.88083		0.87692		0.88601		0.88144		0.7617
670		9293.46		0.94812		0.94666		0.88342		0.87755		0.89119		0.88432		0.76693
671		9295.02		0.94895		0.94761		0.88601		0.88601		0.88601		0.88601		0.77202
672		9296.61		0.94966		0.94853		0.8886		0.89062		0.88601		0.88831		0.77721
673		9297.8		0.94961		0.94877		0.88342		0.89362		0.87047		0.88189		0.7671
674		9299.09		0.94913		0.94833		0.88601		0.89418		0.87565		0.88482		0.77219
675		9300.88		0.94871		0.94774		0.8886		0.8866		0.89119		0.88889		0.77721
676		9302.66		0.94794		0.94686		0.8886		0.88265		0.89637		0.88946		0.7773
677		9303.94		0.9478		0.94648		0.8886		0.88265		0.89637		0.88946		0.7773
678		9305.64		0.94752		0.94585		0.89119		0.88718		0.89637		0.89175		0.78243
679		9307.48		0.94741		0.94579		0.88601		0.88601		0.88601		0.88601		0.77202
680		9309.16		0.94675		0.94501		0.87824		0.88421		0.87047		0.87728		0.75657
681		9310.75		0.94695		0.94532		0.88342		0.89362		0.87047		0.88189		0.7671
682		9312.76		0.94647		0.94432		0.87824		0.88421		0.87047		0.87728		0.75657
683		9314.4		0.94676		0.94462		0.87565		0.87565		0.87565		0.87565		0.7513
684		9315.51		0.9467		0.94436		0.87824		0.86869		0.89119		0.8798		0.75673
685		9316.61		0.94746		0.9451		0.87824		0.87245		0.88601		0.87918		0.75657
686		9317.74		0.94797		0.94544		0.8886		0.89062		0.88601		0.88831		0.77721
687		9318.85		0.94864		0.9465		0.88342		0.89785		0.86528		0.88127		0.76734
688		9320.08		0.9487		0.94699		0.88342		0.89785		0.86528		0.88127		0.76734
689		9321.21		0.94868		0.94733		0.8886		0.89894		0.87565		0.88714		0.77746
690		9322.33		0.94862		0.94727		0.8886		0.89062		0.88601		0.88831		0.77721
691		9323.92		0.94788		0.94657		0.88083		0.87692		0.88601		0.88144		0.7617
692		9325.64		0.94721		0.94592		0.89119		0.8794		0.90674		0.89286		0.78276
693		9326.76		0.94703		0.94597		0.88342		0.87755		0.89119		0.88432		0.76693
694		9327.98		0.94698		0.94591		0.87306		0.87895		0.86528		0.87206		0.7462
695		9329.21		0.94636		0.94519		0.87047		0.87831		0.8601		0.86911		0.74109
696		9331.03		0.94625		0.94505		0.86788		0.87368		0.8601		0.86684		0.73584
697		9332.9		0.9462		0.94496		0.87047		0.87435		0.86528		0.86979		0.74097
698		9334.4		0.94586		0.94445		0.86788		0.86979		0.86528		0.86753		0.73576
699		9336.12		0.94699		0.94567		0.87565		0.87565		0.87565		0.87565		0.7513
700		9337.57		0.94765		0.9464		0.87824		0.88021		0.87565		0.87792		0.75649
701		9339.71		0.9484		0.94685		0.88083		0.87692		0.88601		0.88144		0.7617
702		9340.86		0.94828		0.9467		0.88601		0.87817		0.89637		0.88718		0.77219
703		9341.99		0.94792		0.94625		0.87824		0.86869		0.89119		0.8798		0.75673
704		9343.16		0.94851		0.94732		0.88083		0.88083		0.88083		0.88083		0.76166
705		9344.48		0.94923		0.94847		0.87824		0.88021		0.87565		0.87792		0.75649
706		9345.68		0.94897		0.94844		0.87824		0.88421		0.87047		0.87728		0.75657
707		9347.05		0.94808		0.94743		0.88083		0.89305		0.86528		0.87895		0.76203
708		9348.37		0.94703		0.94609		0.87824		0.8883		0.86528		0.87664		0.75673
709		9349.59		0.94671		0.94523		0.87047		0.87047		0.87047		0.87047		0.74093
710		9351.53		0.94668		0.94494		0.87306		0.87113		0.87565		0.87339		0.74612
711		9353.0		0.94679		0.94503		0.87565		0.87565		0.87565		0.87565		0.7513
712		9354.29		0.94742		0.94603		0.87824		0.88421		0.87047		0.87728		0.75657
713		9355.46		0.94879		0.94815		0.87824		0.88421		0.87047		0.87728		0.75657
714		9356.82		0.94905		0.94871		0.88083		0.88889		0.87047		0.87958		0.76182
715		9358.0		0.94911		0.94922		0.88083		0.88889		0.87047		0.87958		0.76182
716		9359.14		0.9491		0.94918		0.88083		0.88889		0.87047		0.87958		0.76182
717		9360.23		0.94953		0.94935		0.87306		0.875		0.87047		0.87273		0.74612
718		9361.6		0.94923		0.94901		0.87306		0.87895		0.86528		0.87206		0.7462
719		9363.22		0.94964		0.94909		0.87047		0.88235		0.85492		0.86842		0.74129
720		9365.43		0.94961		0.94933		0.87047		0.88649		0.84974		0.86772		0.74157
721		9367.22		0.94939		0.94902		0.87824		0.88421		0.87047		0.87728		0.75657
722		9368.86		0.9491		0.94864		0.88083		0.88482		0.87565		0.88021		0.7617
723		9369.97		0.94863		0.94839		0.87565		0.87179		0.88083		0.87629		0.75134
724		9371.12		0.94717		0.9468		0.87565		0.86802		0.88601		0.87692		0.75146
725		9372.63		0.94515		0.94467		0.87306		0.86364		0.88601		0.87468		0.74636
726		9374.38		0.94582		0.94525		0.87047		0.88235		0.85492		0.86842		0.74129
727		9375.56		0.94682		0.94672		0.87306		0.8913		0.84974		0.87003		0.74693
728		9376.66		0.94667		0.94659		0.88083		0.8973		0.8601		0.87831		0.76231
729		9377.8		0.94644		0.94631		0.87824		0.8883		0.86528		0.87664		0.75673
730		9378.95		0.94676		0.94615		0.87824		0.88421		0.87047		0.87728		0.75657
731		9380.18		0.94725		0.94641		0.88342		0.88542		0.88083		0.88312		0.76685
732		9381.83		0.94733		0.94585		0.87824		0.89247		0.8601		0.87599		0.75697
733		9383.32		0.94652		0.94465		0.87047		0.89503		0.83938		0.86631		0.74237
734		9384.43		0.9457		0.94345		0.87306		0.88298		0.8601		0.87139		0.74636
735		9385.67		0.94651		0.94402		0.87565		0.86802		0.88601		0.87692		0.75146
736		9386.83		0.94734		0.94535		0.88342		0.88144		0.88601		0.88372		0.76685
737		9387.95		0.94813		0.94668		0.88601		0.89005		0.88083		0.88542		0.77206
738		9389.13		0.94741		0.94645		0.87824		0.89247		0.8601		0.87599		0.75697
739		9390.26		0.94612		0.94525		0.87306		0.8913		0.84974		0.87003		0.74693
740		9391.95		0.94548		0.94382		0.86269		0.87634		0.84456		0.86016		0.72587
741		9393.41		0.94424		0.94196		0.87306		0.875		0.87047		0.87273		0.74612
742		9394.85		0.94674		0.94427		0.87565		0.89617		0.84974		0.87234		0.75231
743		9396.59		0.94749		0.9457		0.86788		0.89444		0.8342		0.86327		0.73743
744		9398.3		0.948		0.94569		0.88601		0.8984		0.87047		0.88421		0.77239
745		9399.68		0.94692		0.94456		0.88342		0.87		0.90155		0.8855		0.76734
746		9401.1		0.94487		0.94247		0.88083		0.85854		0.91192		0.88442		0.76313
747		9402.57		0.94749		0.94535		0.87824		0.89674		0.85492		0.87533		0.7573
748		9404.07		0.94676		0.9452		0.87306		0.91379		0.82383		0.86649		0.74976
749		9405.66		0.9453		0.94268		0.87047		0.87435		0.86528		0.86979		0.74097
750		9407.38		0.94373		0.94042		0.87047		0.85222		0.89637		0.87374		0.74193
751		9408.9		0.94727		0.94383		0.87824		0.87629		0.88083		0.87855		0.75649
752		9410.19		0.9484		0.94503		0.87824		0.89247		0.8601		0.87599		0.75697
753		9411.72		0.94854		0.94526		0.87565		0.90055		0.84456		0.87166		0.75275
754		9413.38		0.94786		0.94391		0.88083		0.8731		0.89119		0.88205		0.76182
755		9414.68		0.94408		0.94012		0.87824		0.85437		0.91192		0.88221		0.7582
756		9416.16		0.94335		0.94055		0.86269		0.86842		0.85492		0.86162		0.72548
757		9417.43		0.94437		0.94216		0.87047		0.90395		0.82902		0.86486		0.74349
758		9419.14		0.94511		0.9435		0.86269		0.88889		0.82902		0.85791		0.72704
759		9420.5		0.94486		0.94348		0.86269		0.87634		0.84456		0.86016		0.72587
760		9421.71		0.94499		0.94398		0.86788		0.86598		0.87047		0.86822		0.73576
761		9422.97		0.94609		0.94566		0.87047		0.87831		0.8601		0.86911		0.74109
762		9424.29		0.9462		0.94587		0.87306		0.8913		0.84974		0.87003		0.74693
763		9425.39		0.94605		0.94486		0.87306		0.8913		0.84974		0.87003		0.74693
764		9426.5		0.94552		0.9436		0.87306		0.8871		0.85492		0.87071		0.74661
765		9427.63		0.94484		0.94162		0.87565		0.86802		0.88601		0.87692		0.75146
766		9428.79		0.94513		0.94159		0.87306		0.86735		0.88083		0.87404		0.7462
767		9430.4		0.94623		0.94332		0.88342		0.88542		0.88083		0.88312		0.76685
768		9432.15		0.94705		0.94481		0.87824		0.88421		0.87047		0.87728		0.75657
769		9433.34		0.94725		0.94547		0.88083		0.88889		0.87047		0.87958		0.76182
770		9434.52		0.94713		0.94539		0.87824		0.88421		0.87047		0.87728		0.75657
771		9435.87		0.94633		0.94457		0.86788		0.88172		0.84974		0.86544		0.73624
772		9437.01		0.94529		0.94344		0.86788		0.87766		0.85492		0.86614		0.736
773		9438.15		0.9455		0.94331		0.86788		0.88172		0.84974		0.86544		0.73624
774		9439.31		0.94643		0.94389		0.87306		0.8913		0.84974		0.87003		0.74693
775		9440.81		0.94679		0.94357		0.87565		0.8877		0.8601		0.87368		0.75166
776		9442.49		0.9469		0.94329		0.87824		0.89247		0.8601		0.87599		0.75697
777		9443.87		0.94714		0.94347		0.87047		0.88649		0.84974		0.86772		0.74157
778		9445.45		0.94671		0.94353		0.86788		0.88172		0.84974		0.86544		0.73624
779		9446.88		0.94601		0.94349		0.87047		0.88649		0.84974		0.86772		0.74157
780		9448.54		0.9451		0.94273		0.87306		0.87895		0.86528		0.87206		0.7462
781		9450.16		0.94467		0.94285		0.87306		0.87895		0.86528		0.87206		0.7462
782		9451.42		0.94416		0.94278		0.87306		0.88298		0.8601		0.87139		0.74636
783		9452.81		0.94407		0.94283		0.87565		0.8877		0.8601		0.87368		0.75166
784		9454.3		0.94482		0.94328		0.88083		0.88889		0.87047		0.87958		0.76182
785		9455.78		0.94478		0.94284		0.88083		0.88482		0.87565		0.88021		0.7617
786		9457.25		0.94454		0.94194		0.87306		0.87113		0.87565		0.87339		0.74612
787		9458.68		0.94494		0.94278		0.88083		0.88083		0.88083		0.88083		0.76166
788		9460.09		0.94505		0.94316		0.87824		0.88021		0.87565		0.87792		0.75649
789		9461.4		0.94511		0.94363		0.87306		0.87895		0.86528		0.87206		0.7462
790		9462.95		0.94515		0.94408		0.87306		0.8913		0.84974		0.87003		0.74693
791		9464.42		0.94456		0.94341		0.87306		0.87895		0.86528		0.87206		0.7462
792		9465.91		0.94452		0.94331		0.87565		0.87958		0.87047		0.875		0.75134
793		9467.25		0.94444		0.94327		0.87306		0.875		0.87047		0.87273		0.74612
794		9468.8		0.94429		0.94347		0.87306		0.875		0.87047		0.87273		0.74612
795		9470.14		0.9444		0.9441		0.87306		0.88298		0.8601		0.87139		0.74636
796		9471.79		0.94452		0.94432		0.87047		0.88649		0.84974		0.86772		0.74157
797		9473.44		0.944		0.94351		0.87047		0.88649		0.84974		0.86772		0.74157
798		9474.7		0.94404		0.94308		0.86788		0.88587		0.84456		0.86472		0.73655
799		9475.98		0.94419		0.94311		0.87306		0.88298		0.8601		0.87139		0.74636
800		9477.27		0.94433		0.9431		0.87306		0.875		0.87047		0.87273		0.74612
801		9479.2		0.94576		0.94431		0.87047		0.87831		0.8601		0.86911		0.74109
802		9480.66		0.94745		0.94614		0.87047		0.88235		0.85492		0.86842		0.74129
803		9481.82		0.94848		0.94705		0.87306		0.8871		0.85492		0.87071		0.74661
804		9483.02		0.94915		0.94773		0.87565		0.89189		0.85492		0.87302		0.75194
805		9484.4		0.94964		0.94824		0.87565		0.8877		0.8601		0.87368		0.75166
806		9485.73		0.94918		0.94761		0.87824		0.88421		0.87047		0.87728		0.75657
807		9487.03		0.94883		0.9472		0.88601		0.88205		0.89119		0.8866		0.77206
808		9488.32		0.94852		0.94704		0.88601		0.88205		0.89119		0.8866		0.77206
809		9490.05		0.94868		0.94747		0.88083		0.88482		0.87565		0.88021		0.7617
810		9491.69		0.94888		0.9477		0.87824		0.89247		0.8601		0.87599		0.75697
811		9493.12		0.9486		0.94762		0.87565		0.89617		0.84974		0.87234		0.75231
812		9494.43		0.94813		0.947		0.87306		0.8871		0.85492		0.87071		0.74661
813		9495.55		0.94758		0.94631		0.87565		0.8877		0.8601		0.87368		0.75166
814		9496.84		0.94702		0.9456		0.88083		0.88889		0.87047		0.87958		0.76182
815		9498.06		0.9465		0.94503		0.87565		0.87958		0.87047		0.875		0.75134
816		9499.25		0.94663		0.94548		0.88342		0.88947		0.87565		0.88251		0.76693
817		9500.53		0.9466		0.94547		0.88083		0.88889		0.87047		0.87958		0.76182
818		9502.24		0.94627		0.94509		0.88083		0.88889		0.87047		0.87958		0.76182
819		9504.08		0.94599		0.94466		0.88083		0.88889		0.87047		0.87958		0.76182
820		9505.8		0.94613		0.94464		0.88083		0.88889		0.87047		0.87958		0.76182
821		9507.92		0.9467		0.94514		0.88342		0.88947		0.87565		0.88251		0.76693
822		9509.13		0.94722		0.94532		0.88342		0.88947		0.87565		0.88251		0.76693
823		9510.52		0.94706		0.94495		0.88601		0.89005		0.88083		0.88542		0.77206
824		9511.81		0.94731		0.94486		0.8886		0.8866		0.89119		0.88889		0.77721
825		9513.09		0.94746		0.94522		0.88601		0.88601		0.88601		0.88601		0.77202
826		9514.89		0.94718		0.94505		0.88601		0.89005		0.88083		0.88542		0.77206
827		9516.31		0.94719		0.94516		0.88342		0.88947		0.87565		0.88251		0.76693
828		9517.57		0.94703		0.94524		0.88342		0.88542		0.88083		0.88312		0.76685
829		9518.7		0.94701		0.94544		0.88083		0.88482		0.87565		0.88021		0.7617
830		9519.82		0.94735		0.94606		0.88083		0.88482		0.87565		0.88021		0.7617
831		9521.05		0.94722		0.94635		0.88083		0.88482		0.87565		0.88021		0.7617
832		9522.38		0.94738		0.94665		0.88083		0.88482		0.87565		0.88021		0.7617
833		9523.56		0.94697		0.9464		0.87824		0.88421		0.87047		0.87728		0.75657
834		9524.7		0.94679		0.94622		0.87565		0.8836		0.86528		0.87435		0.75146
835		9526.74		0.946		0.94545		0.87306		0.8871		0.85492		0.87071		0.74661
836		9528.57		0.94577		0.94522		0.87306		0.8871		0.85492		0.87071		0.74661
837		9530.05		0.94603		0.94547		0.87565		0.89189		0.85492		0.87302		0.75194
838		9531.37		0.94644		0.94596		0.87565		0.89189		0.85492		0.87302		0.75194
839		9533.05		0.94672		0.94609		0.88083		0.88889		0.87047		0.87958		0.76182
840		9534.91		0.9476		0.94723		0.88083		0.88889		0.87047		0.87958		0.76182
841		9536.71		0.94785		0.94738		0.87824		0.88421		0.87047		0.87728		0.75657
842		9538.17		0.94753		0.94674		0.88342		0.89362		0.87047		0.88189		0.7671
843		9539.88		0.94765		0.94656		0.88083		0.89305		0.86528		0.87895		0.76203
844		9541.13		0.94707		0.94554		0.88083		0.89305		0.86528		0.87895		0.76203
845		9542.42		0.94688		0.94527		0.88083		0.89305		0.86528		0.87895		0.76203
846		9543.58		0.94628		0.94448		0.88083		0.89305		0.86528		0.87895		0.76203
847		9544.7		0.94644		0.94449		0.88083		0.89305		0.86528		0.87895		0.76203
848		9545.9		0.94678		0.94464		0.88083		0.89305		0.86528		0.87895		0.76203
849		9547.05		0.94737		0.94541		0.88083		0.89305		0.86528		0.87895		0.76203
850		9548.32		0.94768		0.94592		0.87824		0.8883		0.86528		0.87664		0.75673
851		9549.53		0.94792		0.94628		0.87565		0.8877		0.8601		0.87368		0.75166
852		9551.24		0.94772		0.94615		0.87565		0.8877		0.8601		0.87368		0.75166
853		9552.78		0.94742		0.94604		0.88083		0.89305		0.86528		0.87895		0.76203
854		9554.06		0.94723		0.94612		0.88083		0.89305		0.86528		0.87895		0.76203
855		9555.35		0.94686		0.94586		0.88601		0.89418		0.87565		0.88482		0.77219
856		9556.58		0.94645		0.94538		0.89119		0.89947		0.88083		0.89005		0.78255
857		9558.55		0.94668		0.94569		0.88342		0.88542		0.88083		0.88312		0.76685
858		9559.8		0.94667		0.94562		0.88342		0.88542		0.88083		0.88312		0.76685
859		9560.92		0.9471		0.94598		0.8886		0.89474		0.88083		0.88773		0.7773
860		9562.27		0.94786		0.94673		0.8886		0.89894		0.87565		0.88714		0.77746
861		9563.9		0.94782		0.94665		0.88083		0.89305		0.86528		0.87895		0.76203
862		9565.87		0.94807		0.9469		0.88342		0.89362		0.87047		0.88189		0.7671
863		9567.59		0.94781		0.94641		0.88083		0.89305		0.86528		0.87895		0.76203
864		9568.74		0.94749		0.94569		0.88083		0.88889		0.87047		0.87958		0.76182
865		9569.86		0.94656		0.94419		0.88342		0.88947		0.87565		0.88251		0.76693
866		9571.12		0.94643		0.94387		0.88601		0.89005		0.88083		0.88542		0.77206
867		9572.26		0.94615		0.94366		0.8886		0.89474		0.88083		0.88773		0.7773
868		9573.41		0.94698		0.94455		0.88342		0.89362		0.87047		0.88189		0.7671
869		9574.65		0.94784		0.94539		0.88342		0.89785		0.86528		0.88127		0.76734
870		9576.07		0.94817		0.94602		0.88601		0.89418		0.87565		0.88482		0.77219
871		9577.39		0.9484		0.94628		0.88083		0.88482		0.87565		0.88021		0.7617
872		9578.78		0.94811		0.94598		0.8886		0.89894		0.87565		0.88714		0.77746
873		9580.67		0.94782		0.94577		0.88601		0.8984		0.87047		0.88421		0.77239
874		9581.96		0.94745		0.94496		0.87824		0.89674		0.85492		0.87533		0.7573
875		9583.95		0.94633		0.94368		0.87824		0.89674		0.85492		0.87533		0.7573
876		9585.16		0.94582		0.94329		0.87824		0.89247		0.8601		0.87599		0.75697
877		9586.71		0.94538		0.94293		0.87565		0.8836		0.86528		0.87435		0.75146
878		9588.37		0.94582		0.94324		0.87824		0.89247		0.8601		0.87599		0.75697
879		9589.58		0.9467		0.94407		0.87824		0.89247		0.8601		0.87599		0.75697
880		9590.86		0.94714		0.94472		0.88342		0.89362		0.87047		0.88189		0.7671
881		9592.08		0.94758		0.9454		0.88601		0.89005		0.88083		0.88542		0.77206
882		9594.16		0.9479		0.94581		0.88601		0.89418		0.87565		0.88482		0.77219
883		9596.08		0.94741		0.94529		0.87824		0.88021		0.87565		0.87792		0.75649
884		9597.47		0.9469		0.94475		0.87824		0.88421		0.87047		0.87728		0.75657
885		9598.62		0.94588		0.94385		0.87824		0.88421		0.87047		0.87728		0.75657
886		9599.87		0.94537		0.94337		0.87824		0.8883		0.86528		0.87664		0.75673
887		9601.02		0.94529		0.94339		0.87824		0.89247		0.8601		0.87599		0.75697
888		9602.11		0.94545		0.9438		0.87824		0.8883		0.86528		0.87664		0.75673
889		9603.34		0.94613		0.94423		0.87824		0.8883		0.86528		0.87664		0.75673
890		9604.41		0.9458		0.94383		0.88342		0.89362		0.87047		0.88189		0.7671
891		9605.57		0.94631		0.94444		0.88083		0.89305		0.86528		0.87895		0.76203
892		9607.08		0.94672		0.94498		0.87824		0.89247		0.8601		0.87599		0.75697
893		9608.92		0.94645		0.94505		0.87824		0.89247		0.8601		0.87599		0.75697
894		9610.5		0.94647		0.94512		0.88083		0.89305		0.86528		0.87895		0.76203
895		9612.2		0.94659		0.94526		0.87824		0.8883		0.86528		0.87664		0.75673
896		9613.35		0.94695		0.94566		0.88083		0.88889		0.87047		0.87958		0.76182
897		9614.46		0.94667		0.94528		0.87824		0.88421		0.87047		0.87728		0.75657
898		9615.68		0.94652		0.94512		0.88342		0.88542		0.88083		0.88312		0.76685
899		9616.82		0.94604		0.94459		0.88083		0.88482		0.87565		0.88021		0.7617
900		9617.96		0.94629		0.94489		0.88342		0.88947		0.87565		0.88251		0.76693
901		9619.13		0.94643		0.94496		0.88083		0.88889		0.87047		0.87958		0.76182
902		9620.45		0.94576		0.94433		0.88083		0.88889		0.87047		0.87958		0.76182
903		9621.66		0.94601		0.94436		0.87824		0.8883		0.86528		0.87664		0.75673
904		9622.97		0.9458		0.94397		0.88601		0.89005		0.88083		0.88542		0.77206
905		9624.96		0.94719		0.9457		0.88342		0.89362		0.87047		0.88189		0.7671
906		9626.75		0.94765		0.94631		0.87565		0.89189		0.85492		0.87302		0.75194
907		9628.41		0.94794		0.94654		0.87824		0.89247		0.8601		0.87599		0.75697
908		9629.6		0.9473		0.94588		0.87824		0.89247		0.8601		0.87599		0.75697
909		9630.75		0.94688		0.9453		0.88342		0.88947		0.87565		0.88251		0.76693
910		9631.87		0.9473		0.94551		0.87824		0.89247		0.8601		0.87599		0.75697
911		9633.12		0.94754		0.94568		0.87824		0.89247		0.8601		0.87599		0.75697
912		9634.35		0.94719		0.94515		0.87824		0.89247		0.8601		0.87599		0.75697
913		9636.11		0.94698		0.94504		0.88083		0.89305		0.86528		0.87895		0.76203
914		9637.79		0.94644		0.94463		0.88342		0.89362		0.87047		0.88189		0.7671
915		9639.61		0.94631		0.94474		0.88601		0.89418		0.87565		0.88482		0.77219
916		9640.8		0.94643		0.94461		0.88342		0.88947		0.87565		0.88251		0.76693
917		9641.96		0.94639		0.9447		0.88083		0.88889		0.87047		0.87958		0.76182
918		9643.09		0.94641		0.9448		0.87824		0.89247		0.8601		0.87599		0.75697
919		9644.21		0.94603		0.94453		0.87565		0.89189		0.85492		0.87302		0.75194
920		9646.05		0.9458		0.9445		0.87824		0.89247		0.8601		0.87599		0.75697
921		9647.58		0.94539		0.94378		0.88083		0.89305		0.86528		0.87895		0.76203
922		9648.7		0.94492		0.94309		0.8886		0.89062		0.88601		0.88831		0.77721
923		9649.84		0.94463		0.94274		0.89119		0.89529		0.88601		0.89062		0.78243
924		9651.6		0.9447		0.94309		0.88342		0.89362		0.87047		0.88189		0.7671
925		9653.48		0.94506		0.94401		0.88342		0.89785		0.86528		0.88127		0.76734
926		9654.98		0.94534		0.94439		0.88342		0.89785		0.86528		0.88127		0.76734
927		9656.11		0.94537		0.94443		0.88083		0.89305		0.86528		0.87895		0.76203
928		9657.38		0.94507		0.944		0.88083		0.89305		0.86528		0.87895		0.76203
929		9658.48		0.94507		0.94398		0.87824		0.8883		0.86528		0.87664		0.75673
930		9659.62		0.9451		0.9438		0.88083		0.88889		0.87047		0.87958		0.76182
931		9661.13		0.94588		0.94472		0.88083		0.88889		0.87047		0.87958		0.76182
932		9662.68		0.94639		0.94514		0.87306		0.8913		0.84974		0.87003		0.74693
933		9664.4		0.94625		0.94497		0.87306		0.8913		0.84974		0.87003		0.74693
934		9666.45		0.94644		0.94499		0.87824		0.89247		0.8601		0.87599		0.75697
935		9667.61		0.94608		0.94434		0.89119		0.89529		0.88601		0.89062		0.78243
936		9668.93		0.94644		0.94493		0.89119		0.89529		0.88601		0.89062		0.78243
937		9670.1		0.94637		0.94474		0.88342		0.89362		0.87047		0.88189		0.7671
938		9671.28		0.94654		0.94526		0.88083		0.8973		0.8601		0.87831		0.76231
939		9672.45		0.94643		0.94504		0.87824		0.89247		0.8601		0.87599		0.75697
940		9673.63		0.94531		0.94367		0.88083		0.88889		0.87047		0.87958		0.76182
941		9675.04		0.94509		0.94311		0.87565		0.87958		0.87047		0.875		0.75134
942		9676.25		0.94475		0.94288		0.87824		0.89247		0.8601		0.87599		0.75697
943		9678.31		0.94502		0.94304		0.87306		0.8913		0.84974		0.87003		0.74693
944		9679.95		0.94483		0.94259		0.87824		0.89674		0.85492		0.87533		0.7573
945		9681.56		0.94448		0.94257		0.88342		0.89362		0.87047		0.88189		0.7671
946		9682.92		0.94456		0.94267		0.88083		0.88482		0.87565		0.88021		0.7617
947		9684.18		0.94478		0.94284		0.8886		0.89062		0.88601		0.88831		0.77721
948		9685.41		0.94491		0.94292		0.88083		0.88889		0.87047		0.87958		0.76182
949		9686.53		0.94561		0.94397		0.88342		0.89785		0.86528		0.88127		0.76734
950		9687.84		0.94518		0.94318		0.87306		0.88298		0.8601		0.87139		0.74636
951		9689.46		0.94476		0.94264		0.87824		0.88421		0.87047		0.87728		0.75657
952		9691.67		0.9456		0.94355		0.88083		0.88889		0.87047		0.87958		0.76182
953		9693.05		0.94573		0.94397		0.88083		0.89305		0.86528		0.87895		0.76203
954		9694.32		0.94548		0.94389		0.87565		0.8877		0.8601		0.87368		0.75166
955		9695.43		0.94494		0.94296		0.87824		0.88421		0.87047		0.87728		0.75657
956		9696.61		0.94452		0.94214		0.87565		0.87565		0.87565		0.87565		0.7513
957		9697.72		0.94437		0.94186		0.87565		0.87565		0.87565		0.87565		0.7513
958		9698.85		0.94433		0.94178		0.88083		0.88482		0.87565		0.88021		0.7617
959		9700.26		0.94441		0.9425		0.87565		0.8877		0.8601		0.87368		0.75166
960		9701.39		0.94432		0.94255		0.87306		0.8871		0.85492		0.87071		0.74661
961		9702.6		0.94419		0.94218		0.88342		0.89362		0.87047		0.88189		0.7671
962		9704.07		0.94393		0.94191		0.88342		0.88947		0.87565		0.88251		0.76693
963		9705.65		0.94561		0.94397		0.87824		0.88421		0.87047		0.87728		0.75657
964		9707.02		0.9457		0.94434		0.87824		0.8883		0.86528		0.87664		0.75673
965		9708.34		0.94617		0.94495		0.88083		0.8973		0.8601		0.87831		0.76231
966		9709.82		0.94562		0.94418		0.88083		0.89305		0.86528		0.87895		0.76203
967		9711.24		0.94394		0.94227		0.87565		0.87958		0.87047		0.875		0.75134
968		9712.77		0.94266		0.94099		0.87565		0.87958		0.87047		0.875		0.75134
969		9714.18		0.94311		0.94191		0.86788		0.88172		0.84974		0.86544		0.73624
970		9715.5		0.94411		0.94313		0.87565		0.89617		0.84974		0.87234		0.75231
971		9716.92		0.94462		0.94362		0.87565		0.89617		0.84974		0.87234		0.75231
972		9718.62		0.94484		0.94363		0.87306		0.8913		0.84974		0.87003		0.74693
973		9719.92		0.94437		0.94325		0.87306		0.87895		0.86528		0.87206		0.7462
974		9721.19		0.9449		0.94341		0.87565		0.8836		0.86528		0.87435		0.75146
975		9722.58		0.94518		0.94362		0.87306		0.88298		0.8601		0.87139		0.74636
976		9723.99		0.94569		0.94408		0.87306		0.8871		0.85492		0.87071		0.74661
977		9725.5		0.94654		0.94484		0.88342		0.89785		0.86528		0.88127		0.76734
978		9726.91		0.94569		0.94438		0.87824		0.8883		0.86528		0.87664		0.75673
979		9728.29		0.94539		0.94396		0.88083		0.88889		0.87047		0.87958		0.76182
980		9729.6		0.94531		0.94392		0.88083		0.88889		0.87047		0.87958		0.76182
981		9731.17		0.94538		0.94405		0.87824		0.8883		0.86528		0.87664		0.75673
982		9732.72		0.94507		0.94383		0.88083		0.88889		0.87047		0.87958		0.76182
983		9734.01		0.9451		0.94363		0.88342		0.88947		0.87565		0.88251		0.76693
984		9735.37		0.9448		0.9436		0.88342		0.88947		0.87565		0.88251		0.76693
985		9736.77		0.94487		0.94361		0.88601		0.89418		0.87565		0.88482		0.77219
986		9738.17		0.94529		0.9441		0.88601		0.89418		0.87565		0.88482		0.77219
987		9739.61		0.94582		0.9448		0.88342		0.89362		0.87047		0.88189		0.7671
988		9741.04		0.94632		0.94537		0.88342		0.89362		0.87047		0.88189		0.7671
989		9742.88		0.94628		0.94544		0.88083		0.89305		0.86528		0.87895		0.76203
990		9744.43		0.94627		0.94533		0.87824		0.8883		0.86528		0.87664		0.75673
991		9745.66		0.94609		0.945		0.88083		0.88889		0.87047		0.87958		0.76182
992		9746.78		0.94596		0.94472		0.88083		0.88889		0.87047		0.87958		0.76182
993		9747.98		0.94553		0.9443		0.88083		0.89305		0.86528		0.87895		0.76203
994		9749.27		0.94593		0.9447		0.87824		0.89674		0.85492		0.87533		0.7573
995		9750.41		0.94625		0.94492		0.87824		0.89674		0.85492		0.87533		0.7573
996		9751.62		0.94596		0.94447		0.88342		0.89785		0.86528		0.88127		0.76734
997		9752.77		0.94596		0.94465		0.87824		0.89247		0.8601		0.87599		0.75697
998		9753.98		0.94607		0.94511		0.87824		0.89674		0.85492		0.87533		0.7573
999		9755.08		0.9456		0.94477		0.87824		0.89247		0.8601		0.87599		0.75697
1000		9757.05		0.94564		0.94485		0.87824		0.89247		0.8601		0.87599		0.75697
fold: 7
Epoch		Time		AUC		AUPR		Accuracy		Precision		Recall		F1-score		Mcc
1		9759.2		0.82993		0.81406		0.75907		0.80864		0.67876		0.73803		0.52495
AUC improved at epoch  1 ;	best_auc: 0.8299283202233618
2		9760.38		0.83256		0.81861		0.74352		0.83099		0.6114		0.70448		0.505
AUC improved at epoch  2 ;	best_auc: 0.8325592633359284
3		9761.7		0.83218		0.81946		0.71762		0.82308		0.5544		0.66254		0.46046
4		9763.36		0.83183		0.81582		0.7228		0.81618		0.57513		0.67477		0.4664
5		9765.02		0.83173		0.81592		0.74093		0.80392		0.63731		0.71098		0.49256
6		9766.21		0.82987		0.81433		0.7513		0.79755		0.67358		0.73034		0.50877
7		9767.5		0.82982		0.81538		0.75389		0.79167		0.68912		0.73684		0.51209
8		9769.06		0.8302		0.81584		0.75907		0.78736		0.70984		0.74659		0.52066
9		9771.05		0.83057		0.82143		0.75648		0.78613		0.70466		0.74317		0.51573
10		9772.56		0.83189		0.82461		0.75648		0.77049		0.73057		0.75		0.51364
11		9774.05		0.83441		0.82766		0.7487		0.78571		0.68394		0.7313		0.50164
AUC improved at epoch  11 ;	best_auc: 0.8344116620580417
12		9775.19		0.83828		0.83017		0.7487		0.78235		0.68912		0.73278		0.50098
AUC improved at epoch  12 ;	best_auc: 0.8382775376520175
13		9776.36		0.84241		0.83258		0.77461		0.78804		0.7513		0.76923		0.54982
AUC improved at epoch  13 ;	best_auc: 0.8424118768289082
14		9777.64		0.84928		0.83954		0.76684		0.7754		0.7513		0.76316		0.53394
AUC improved at epoch  14 ;	best_auc: 0.8492845445515316
15		9778.78		0.85549		0.84194		0.76425		0.80357		0.69948		0.74792		0.53299
AUC improved at epoch  15 ;	best_auc: 0.8554860533168677
16		9779.97		0.86279		0.85017		0.7772		0.7772		0.7772		0.7772		0.5544
AUC improved at epoch  16 ;	best_auc: 0.8627882627721549
17		9781.12		0.86131		0.84788		0.77202		0.75362		0.80829		0.78		0.54548
18		9782.36		0.85371		0.83696		0.76166		0.77596		0.73575		0.75532		0.52402
19		9783.86		0.85436		0.83783		0.76943		0.74528		0.81865		0.78025		0.54149
20		9785.52		0.8572		0.84103		0.76943		0.75243		0.80311		0.77694		0.54009
21		9786.94		0.86072		0.84543		0.76943		0.76		0.78756		0.77354		0.53921
22		9788.81		0.86327		0.84782		0.77979		0.76214		0.81347		0.78697		0.56086
AUC improved at epoch  22 ;	best_auc: 0.8632714972214018
23		9790.37		0.86351		0.84775		0.77979		0.75472		0.82902		0.79012		0.56232
AUC improved at epoch  23 ;	best_auc: 0.8635131144460253
24		9791.54		0.86392		0.84794		0.77979		0.76733		0.80311		0.78481		0.56019
AUC improved at epoch  24 ;	best_auc: 0.8639158098203978
25		9792.75		0.86373		0.84754		0.77979		0.77		0.79793		0.78372		0.55995
26		9793.92		0.8637		0.84721		0.77461		0.74766		0.82902		0.78624		0.5525
27		9795.15		0.8641		0.8473		0.7772		0.75117		0.82902		0.78818		0.55741
AUC improved at epoch  27 ;	best_auc: 0.8641037343284383
28		9796.29		0.86416		0.84708		0.7772		0.76355		0.80311		0.78283		0.55515
AUC improved at epoch  28 ;	best_auc: 0.8641574270450213
29		9797.9		0.8637		0.8461		0.77979		0.76733		0.80311		0.78481		0.56019
30		9799.61		0.86456		0.84675		0.7772		0.75355		0.82383		0.78713		0.55683
AUC improved at epoch  30 ;	best_auc: 0.8645601224193938
31		9801.64		0.86496		0.84679		0.7772		0.75355		0.82383		0.78713		0.55683
AUC improved at epoch  31 ;	best_auc: 0.8649628177937662
32		9803.79		0.86502		0.84633		0.77979		0.76471		0.80829		0.78589		0.5605
AUC improved at epoch  32 ;	best_auc: 0.8650165105103492
33		9805.16		0.8652		0.84622		0.7772		0.75845		0.81347		0.785		0.55587
AUC improved at epoch  33 ;	best_auc: 0.8652044350183897
34		9806.31		0.86585		0.84652		0.77202		0.74419		0.82902		0.78431		0.54761
AUC improved at epoch  34 ;	best_auc: 0.8658487476173857
35		9807.46		0.86502		0.84611		0.78756		0.76812		0.82383		0.795		0.57665
36		9808.75		0.86504		0.84625		0.78497		0.76961		0.81347		0.79093		0.57088
37		9810.03		0.86676		0.84806		0.78497		0.76442		0.82383		0.79302		0.57168
AUC improved at epoch  37 ;	best_auc: 0.8667615237992965
38		9811.19		0.86722		0.84823		0.78756		0.7734		0.81347		0.79293		0.5759
AUC improved at epoch  38 ;	best_auc: 0.8672179118902521
39		9812.38		0.8692		0.85052		0.78497		0.76699		0.81865		0.79198		0.57125
AUC improved at epoch  39 ;	best_auc: 0.8692045424038229
40		9813.87		0.87025		0.85191		0.78238		0.76329		0.81865		0.79		0.56626
AUC improved at epoch  40 ;	best_auc: 0.8702515503771914
41		9815.67		0.8702		0.85185		0.78238		0.76585		0.81347		0.78894		0.56586
42		9817.0		0.87127		0.85307		0.78238		0.76585		0.81347		0.78894		0.56586
AUC improved at epoch  42 ;	best_auc: 0.8712717119922683
43		9818.68		0.87251		0.85421		0.78238		0.76329		0.81865		0.79		0.56626
AUC improved at epoch  43 ;	best_auc: 0.8725066444736771
44		9820.38		0.87294		0.85507		0.79275		0.77833		0.81865		0.79798		0.58628
AUC improved at epoch  44 ;	best_auc: 0.8729361862063412
45		9822.01		0.87337		0.85652		0.78238		0.75829		0.82902		0.79208		0.56724
AUC improved at epoch  45 ;	best_auc: 0.873365727939005
46		9823.25		0.87296		0.85632		0.78756		0.77073		0.81865		0.79397		0.57624
47		9824.49		0.87473		0.85921		0.78497		0.76442		0.82383		0.79302		0.57168
AUC improved at epoch  47 ;	best_auc: 0.8747348922118715
48		9825.67		0.87672		0.86121		0.78756		0.76812		0.82383		0.795		0.57665
AUC improved at epoch  48 ;	best_auc: 0.8767215227254422
49		9826.95		0.87763		0.86213		0.79016		0.77184		0.82383		0.79699		0.58163
AUC improved at epoch  49 ;	best_auc: 0.8776342989073533
50		9828.33		0.87857		0.86418		0.78497		0.75701		0.83938		0.79607		0.57335
AUC improved at epoch  50 ;	best_auc: 0.8785739214475556
51		9829.7		0.87938		0.86522		0.78756		0.77612		0.80829		0.79188		0.57562
AUC improved at epoch  51 ;	best_auc: 0.8793793121963006
52		9831.31		0.88032		0.8671		0.79016		0.75688		0.85492		0.80292		0.58524
AUC improved at epoch  52 ;	best_auc: 0.8803189347365029
53		9833.46		0.88061		0.86735		0.79016		0.78		0.80829		0.79389		0.58069
AUC improved at epoch  53 ;	best_auc: 0.8806142446777094
54		9835.06		0.88223		0.86897		0.78497		0.76961		0.81347		0.79093		0.57088
AUC improved at epoch  54 ;	best_auc: 0.8822250261751994
55		9836.27		0.88276		0.86978		0.79275		0.76526		0.84456		0.80296		0.58866
AUC improved at epoch  55 ;	best_auc: 0.8827619533410294
56		9837.54		0.88349		0.87095		0.79275		0.78392		0.80829		0.79592		0.58578
AUC improved at epoch  56 ;	best_auc: 0.8834868050148996
57		9838.79		0.88335		0.87166		0.79534		0.785		0.81347		0.79898		0.59106
58		9839.98		0.88367		0.87206		0.79275		0.77295		0.82902		0.8		0.58704
AUC improved at epoch  58 ;	best_auc: 0.8836747295229402
59		9841.12		0.88496		0.87354		0.80052		0.79592		0.80829		0.80206		0.60111
AUC improved at epoch  59 ;	best_auc: 0.8849633547209321
60		9842.28		0.88515		0.874		0.79793		0.78607		0.81865		0.80203		0.59637
AUC improved at epoch  60 ;	best_auc: 0.8851512792289726
61		9843.69		0.88507		0.87436		0.79793		0.77512		0.83938		0.80597		0.59791
62		9845.16		0.88472		0.87437		0.80829		0.81481		0.79793		0.80628		0.61671
63		9846.49		0.88617		0.88144		0.79793		0.78325		0.82383		0.80303		0.59666
AUC improved at epoch  63 ;	best_auc: 0.8861714408440494
64		9848.48		0.88692		0.88024		0.80311		0.8		0.80829		0.80412		0.60625
AUC improved at epoch  64 ;	best_auc: 0.8869231388762114
65		9850.35		0.88684		0.8819		0.8057		0.80412		0.80829		0.8062		0.61141
66		9851.93		0.88767		0.88447		0.79534		0.77404		0.8342		0.80299		0.59247
AUC improved at epoch  66 ;	best_auc: 0.8876748369083735
67		9853.25		0.88853		0.88594		0.82124		0.83696		0.79793		0.81698		0.64319
AUC improved at epoch  67 ;	best_auc: 0.8885339203737013
68		9854.46		0.88864		0.88543		0.80311		0.7799		0.84456		0.81095		0.60831
AUC improved at epoch  68 ;	best_auc: 0.8886413058068673
69		9855.66		0.88872		0.88666		0.80052		0.79		0.81865		0.80407		0.60143
AUC improved at epoch  69 ;	best_auc: 0.8887218448817419
70		9857.1		0.88891		0.88761		0.83161		0.85556		0.79793		0.82574		0.66472
AUC improved at epoch  70 ;	best_auc: 0.8889097693897823
71		9859.02		0.88878		0.88904		0.78238		0.74439		0.8601		0.79808		0.57172
72		9860.37		0.89004		0.88985		0.82383		0.84153		0.79793		0.81915		0.64854
AUC improved at epoch  72 ;	best_auc: 0.8900373164380252
73		9861.71		0.89033		0.89105		0.81088		0.79412		0.83938		0.81612		0.62277
AUC improved at epoch  73 ;	best_auc: 0.8903326263792316
74		9863.53		0.89006		0.89069		0.80829		0.78469		0.84974		0.81592		0.61871
75		9865.4		0.89227		0.89361		0.81347		0.82011		0.80311		0.81152		0.62708
AUC improved at epoch  75 ;	best_auc: 0.8922655641762195
76		9867.33		0.89157		0.89298		0.82383		0.82051		0.82902		0.82474		0.6477
77		9868.53		0.89253		0.89392		0.81606		0.79612		0.84974		0.82206		0.63356
AUC improved at epoch  77 ;	best_auc: 0.8925340277591345
78		9869.73		0.89581		0.89778		0.81606		0.82447		0.80311		0.81365		0.63234
AUC improved at epoch  78 ;	best_auc: 0.8958092834706971
79		9870.98		0.89511		0.89764		0.80052		0.77358		0.84974		0.80988		0.60397
80		9872.13		0.89549		0.89847		0.81088		0.81579		0.80311		0.8094		0.62184
81		9873.32		0.89879		0.90206		0.81347		0.81026		0.81865		0.81443		0.62698
AUC improved at epoch  81 ;	best_auc: 0.8987892292410533
82		9874.47		0.9		0.90391		0.81088		0.78571		0.85492		0.81886		0.62419
AUC improved at epoch  82 ;	best_auc: 0.8999973153641708
83		9875.74		0.90037		0.90463		0.81606		0.83152		0.79275		0.81167		0.63281
AUC improved at epoch  83 ;	best_auc: 0.9003731643802517
84		9877.5		0.90121		0.90601		0.81088		0.78037		0.86528		0.82064		0.62548
AUC improved at epoch  84 ;	best_auc: 0.9012054014872882
85		9879.2		0.90381		0.90907		0.81606		0.82796		0.79793		0.81266		0.63254
AUC improved at epoch  85 ;	best_auc: 0.9038094982415635
86		9881.22		0.90561		0.91183		0.81865		0.80296		0.84456		0.82323		0.63816
AUC improved at epoch  86 ;	best_auc: 0.9056082042470939
87		9882.43		0.90362		0.91113		0.80052		0.79293		0.81347		0.80307		0.60124
88		9883.91		0.90856		0.9159		0.82383		0.85311		0.78238		0.81622		0.64991
AUC improved at epoch  88 ;	best_auc: 0.9085613036591587
89		9885.47		0.91025		0.91802		0.81088		0.77523		0.87565		0.82238		0.62704
AUC improved at epoch  89 ;	best_auc: 0.910252624231523
90		9887.19		0.91159		0.92034		0.83938		0.85027		0.82383		0.83684		0.67908
AUC improved at epoch  90 ;	best_auc: 0.9115949421460979
91		9888.82		0.91355		0.92408		0.83161		0.86782		0.78238		0.82289		0.66645
AUC improved at epoch  91 ;	best_auc: 0.9135547263013774
92		9890.15		0.91479		0.92551		0.8057		0.76577		0.88083		0.81928		0.61842
AUC improved at epoch  92 ;	best_auc: 0.9147896587827861
93		9891.52		0.91554		0.92538		0.82383		0.82051		0.82902		0.82474		0.6477
AUC improved at epoch  93 ;	best_auc: 0.9155413568149481
94		9893.12		0.9178		0.92855		0.83161		0.84043		0.81865		0.8294		0.66344
AUC improved at epoch  94 ;	best_auc: 0.9177964509114338
95		9894.75		0.91782		0.92873		0.82642		0.80882		0.85492		0.83123		0.65391
AUC improved at epoch  95 ;	best_auc: 0.9178232972697253
96		9896.07		0.92201		0.93201		0.83938		0.85792		0.81347		0.83511		0.67967
AUC improved at epoch  96 ;	best_auc: 0.9220113291631991
97		9897.48		0.92502		0.93521		0.84197		0.84021		0.84456		0.84238		0.68395
AUC improved at epoch  97 ;	best_auc: 0.9250181212918466
98		9898.77		0.92553		0.9355		0.84456		0.83417		0.8601		0.84694		0.68945
AUC improved at epoch  98 ;	best_auc: 0.9255282020993852
99		9900.13		0.92762		0.93742		0.85751		0.87097		0.83938		0.85488		0.7155
AUC improved at epoch  99 ;	best_auc: 0.9276222180461221
100		9901.43		0.9302		0.93925		0.8342		0.81463		0.86528		0.8392		0.66969
AUC improved at epoch  100 ;	best_auc: 0.9301994684421057
101		9902.88		0.93178		0.94164		0.83938		0.84656		0.82902		0.8377		0.6789
AUC improved at epoch  101 ;	best_auc: 0.9317834035813042
102		9904.75		0.93154		0.94226		0.8342		0.82741		0.84456		0.8359		0.66854
103		9906.65		0.9324		0.94262		0.84197		0.84021		0.84456		0.84238		0.68395
AUC improved at epoch  103 ;	best_auc: 0.9324008698220086
104		9908.22		0.93055		0.94064		0.84974		0.87293		0.81865		0.84492		0.70084
105		9909.76		0.93321		0.94343		0.84197		0.84021		0.84456		0.84238		0.68395
AUC improved at epoch  105 ;	best_auc: 0.9332062605707536
106		9911.26		0.93675		0.94763		0.85751		0.88333		0.82383		0.85255		0.71665
AUC improved at epoch  106 ;	best_auc: 0.9367499798652313
107		9912.63		0.9382		0.94849		0.86269		0.86842		0.85492		0.86162		0.72548
AUC improved at epoch  107 ;	best_auc: 0.9381996832129722
108		9913.95		0.93909		0.94776		0.85751		0.85938		0.85492		0.85714		0.71504
AUC improved at epoch  108 ;	best_auc: 0.9390856130365915
109		9915.83		0.93807		0.94716		0.87565		0.93413		0.80829		0.86667		0.75821
110		9917.4		0.94064		0.94935		0.8601		0.84577		0.88083		0.86294		0.72083
AUC improved at epoch  110 ;	best_auc: 0.9406427018174984
111		9918.8		0.9371		0.94691		0.87565		0.93939		0.80311		0.86592		0.75933
112		9920.15		0.94349		0.9518		0.83679		0.80093		0.89637		0.84597		0.67841
AUC improved at epoch  112 ;	best_auc: 0.9434884157963972
113		9921.51		0.94188		0.95128		0.87306		0.90909		0.82902		0.86721		0.74903
114		9923.06		0.94553		0.95463		0.88342		0.92529		0.8342		0.87738		0.77058
AUC improved at epoch  114 ;	best_auc: 0.945528739026551
115		9924.76		0.94668		0.95485		0.87306		0.86364		0.88601		0.87468		0.74636
AUC improved at epoch  115 ;	best_auc: 0.9466831324330856
116		9926.41		0.94652		0.95435		0.87824		0.88421		0.87047		0.87728		0.75657
117		9928.3		0.94445		0.95189		0.87565		0.9096		0.8342		0.87027		0.75389
118		9929.6		0.94695		0.95366		0.86528		0.86911		0.8601		0.86458		0.73061
AUC improved at epoch  118 ;	best_auc: 0.9469515960160004
119		9931.19		0.94977		0.95566		0.87306		0.86735		0.88083		0.87404		0.7462
AUC improved at epoch  119 ;	best_auc: 0.9497704636366077
120		9932.9		0.94819		0.95512		0.87306		0.90449		0.8342		0.86792		0.74838
121		9934.33		0.95023		0.95766		0.87306		0.87895		0.86528		0.87206		0.7462
AUC improved at epoch  121 ;	best_auc: 0.9502268517275632
122		9935.67		0.94647		0.95532		0.86528		0.86911		0.8601		0.86458		0.73061
123		9936.99		0.94599		0.95559		0.86528		0.88525		0.83938		0.8617		0.73155
124		9938.15		0.9477		0.95719		0.86788		0.86598		0.87047		0.86822		0.73576
125		9939.36		0.94956		0.95917		0.87047		0.88235		0.85492		0.86842		0.74129
126		9940.63		0.94937		0.9584		0.87565		0.89617		0.84974		0.87234		0.75231
127		9942.62		0.94792		0.9563		0.87047		0.88235		0.85492		0.86842		0.74129
128		9944.31		0.94856		0.95579		0.85233		0.84343		0.86528		0.85422		0.7049
129		9945.9		0.9516		0.95922		0.88083		0.91525		0.83938		0.87568		0.76429
AUC improved at epoch  129 ;	best_auc: 0.9515960160004294
130		9947.59		0.95165		0.96014		0.87565		0.87565		0.87565		0.87565		0.7513
AUC improved at epoch  130 ;	best_auc: 0.9516497087170126
131		9948.97		0.95028		0.95944		0.87047		0.86294		0.88083		0.87179		0.74109
132		9950.14		0.94816		0.95712		0.8886		0.91209		0.8601		0.88533		0.77847
133		9951.3		0.94942		0.95806		0.88342		0.90217		0.8601		0.88064		0.76767
134		9952.52		0.94942		0.95784		0.87306		0.8871		0.85492		0.87071		0.74661
135		9953.7		0.94929		0.95763		0.87565		0.89189		0.85492		0.87302		0.75194
136		9955.64		0.95041		0.95881		0.88601		0.9116		0.85492		0.88235		0.77352
137		9957.09		0.95036		0.95911		0.87565		0.8836		0.86528		0.87435		0.75146
138		9958.84		0.9509		0.96011		0.88083		0.8973		0.8601		0.87831		0.76231
139		9960.28		0.94851		0.95774		0.87824		0.89674		0.85492		0.87533		0.7573
140		9961.54		0.94623		0.95462		0.84974		0.83582		0.87047		0.85279		0.70008
141		9962.73		0.9495		0.95677		0.87824		0.91954		0.82902		0.87193		0.76017
142		9963.91		0.95374		0.96014		0.87565		0.87958		0.87047		0.875		0.75134
AUC improved at epoch  142 ;	best_auc: 0.9537437246637493
143		9965.25		0.95578		0.96247		0.89119		0.89947		0.88083		0.89005		0.78255
AUC improved at epoch  143 ;	best_auc: 0.9557840478939033
144		9966.66		0.95538		0.96233		0.89119		0.91713		0.8601		0.8877		0.7839
145		9968.04		0.95511		0.96225		0.8886		0.89062		0.88601		0.88831		0.77721
146		9970.02		0.95076		0.95831		0.88083		0.8973		0.8601		0.87831		0.76231
147		9971.42		0.94811		0.95619		0.88342		0.92529		0.8342		0.87738		0.77058
148		9973.01		0.95036		0.95832		0.87565		0.8836		0.86528		0.87435		0.75146
149		9974.52		0.95441		0.96215		0.88083		0.89305		0.86528		0.87895		0.76203
150		9975.83		0.95506		0.96253		0.89378		0.91758		0.86528		0.89067		0.78885
151		9977.04		0.95482		0.9621		0.8886		0.8866		0.89119		0.88889		0.77721
152		9978.17		0.95286		0.95979		0.87824		0.87629		0.88083		0.87855		0.75649
153		9979.33		0.95066		0.95759		0.87824		0.8883		0.86528		0.87664		0.75673
154		9980.64		0.95101		0.958		0.87824		0.89247		0.8601		0.87599		0.75697
155		9981.91		0.95353		0.95989		0.87824		0.88421		0.87047		0.87728		0.75657
156		9984.13		0.95348		0.95992		0.88601		0.89418		0.87565		0.88482		0.77219
157		9985.63		0.95384		0.96054		0.88601		0.9116		0.85492		0.88235		0.77352
158		9987.26		0.95509		0.96178		0.89896		0.92308		0.87047		0.896		0.79923
159		9988.48		0.9556		0.96248		0.89637		0.91803		0.87047		0.89362		0.79381
160		9990.24		0.95605		0.96303		0.8886		0.90323		0.87047		0.88654		0.77771
AUC improved at epoch  160 ;	best_auc: 0.9560525114768181
161		9991.97		0.95595		0.96314		0.89378		0.90426		0.88083		0.89239		0.78783
162		9993.12		0.95433		0.9618		0.88342		0.88947		0.87565		0.88251		0.76693
163		9994.35		0.95374		0.96129		0.88083		0.89305		0.86528		0.87895		0.76203
164		9995.57		0.95302		0.96064		0.88601		0.9071		0.8601		0.88298		0.77306
165		9997.35		0.95213		0.95917		0.89119		0.90811		0.87047		0.88889		0.78306
166		9999.16		0.95229		0.95892		0.8886		0.89894		0.87565		0.88714		0.77746
167		10001.11		0.95407		0.96048		0.88601		0.8984		0.87047		0.88421		0.77239
168		10002.23		0.9557		0.96198		0.89378		0.91758		0.86528		0.89067		0.78885
169		10003.36		0.95839		0.96418		0.89378		0.92222		0.8601		0.89008		0.78936
AUC improved at epoch  169 ;	best_auc: 0.9583881446481785
170		10004.6		0.96003		0.96555		0.89378		0.91304		0.87047		0.89125		0.78842
AUC improved at epoch  170 ;	best_auc: 0.9600257725039598
171		10005.88		0.95995		0.96562		0.89637		0.90476		0.88601		0.89529		0.79292
172		10007.14		0.95815		0.96519		0.89119		0.92179		0.85492		0.8871		0.78445
173		10008.35		0.95568		0.96402		0.89378		0.92697		0.85492		0.88949		0.78995
174		10009.5		0.95417		0.96261		0.89378		0.91304		0.87047		0.89125		0.78842
175		10010.83		0.95339		0.96212		0.88601		0.89418		0.87565		0.88482		0.77219
176		10012.54		0.95431		0.96244		0.89119		0.91257		0.86528		0.8883		0.78344
177		10014.55		0.95549		0.96302		0.89637		0.9422		0.84456		0.89071		0.79704
178		10016.2		0.95715		0.96388		0.89119		0.91257		0.86528		0.8883		0.78344
179		10017.47		0.95721		0.96354		0.89119		0.89947		0.88083		0.89005		0.78255
180		10018.72		0.95729		0.96398		0.89119		0.90811		0.87047		0.88889		0.78306
181		10019.92		0.95654		0.9636		0.8886		0.90761		0.86528		0.88594		0.77805
182		10021.04		0.9567		0.96383		0.89119		0.90374		0.87565		0.88947		0.78276
183		10022.2		0.95595		0.96344		0.89119		0.89119		0.89119		0.89119		0.78238
184		10023.33		0.95616		0.96357		0.89119		0.89529		0.88601		0.89062		0.78243
185		10024.76		0.95589		0.96361		0.88342		0.91573		0.84456		0.87871		0.76917
186		10026.28		0.95629		0.96387		0.87824		0.91954		0.82902		0.87193		0.76017
187		10027.9		0.95648		0.964		0.8886		0.90761		0.86528		0.88594		0.77805
188		10029.77		0.95608		0.96361		0.89378		0.89175		0.89637		0.89406		0.78758
189		10031.32		0.95562		0.96315		0.8886		0.89062		0.88601		0.88831		0.77721
190		10032.43		0.95592		0.9634		0.89896		0.92308		0.87047		0.896		0.79923
191		10033.63		0.95586		0.96339		0.89378		0.92697		0.85492		0.88949		0.78995
192		10034.8		0.95644		0.96373		0.8886		0.92135		0.84974		0.8841		0.77956
193		10036.02		0.95688		0.96392		0.8886		0.90761		0.86528		0.88594		0.77805
194		10037.14		0.95729		0.96427		0.89119		0.89947		0.88083		0.89005		0.78255
195		10038.3		0.9575		0.96441		0.89119		0.90374		0.87565		0.88947		0.78276
196		10039.86		0.95742		0.96484		0.88601		0.9027		0.86528		0.8836		0.77268
197		10041.78		0.95646		0.96433		0.88342		0.90217		0.8601		0.88064		0.76767
198		10043.49		0.95541		0.96357		0.8886		0.90761		0.86528		0.88594		0.77805
199		10044.72		0.95576		0.96363		0.88601		0.8984		0.87047		0.88421		0.77239
200		10045.89		0.95573		0.96321		0.89119		0.89529		0.88601		0.89062		0.78243
201		10047.15		0.95616		0.96327		0.8886		0.89894		0.87565		0.88714		0.77746
202		10048.28		0.95734		0.96424		0.89378		0.91304		0.87047		0.89125		0.78842
203		10049.47		0.95819		0.96493		0.89119		0.93143		0.84456		0.88587		0.78581
204		10051.14		0.95748		0.96443		0.88601		0.92571		0.83938		0.88043		0.7754
205		10052.53		0.95702		0.96422		0.89119		0.90811		0.87047		0.88889		0.78306
206		10054.46		0.95678		0.96375		0.88342		0.88947		0.87565		0.88251		0.76693
207		10056.29		0.95694		0.96401		0.8886		0.90323		0.87047		0.88654		0.77771
208		10057.77		0.95718		0.96449		0.89637		0.92737		0.8601		0.89247		0.79484
209		10059.39		0.95815		0.96515		0.89378		0.92222		0.8601		0.89008		0.78936
210		10061.11		0.95817		0.96534		0.89119		0.91257		0.86528		0.8883		0.78344
211		10062.31		0.95812		0.96535		0.89378		0.9		0.88601		0.89295		0.78766
212		10063.45		0.95713		0.96465		0.89637		0.91351		0.87565		0.89418		0.79343
213		10064.58		0.95662		0.96438		0.90155		0.92818		0.87047		0.8984		0.80467
214		10065.7		0.95621		0.96398		0.89896		0.92778		0.86528		0.89544		0.79974
215		10067.3		0.95611		0.96374		0.89637		0.91803		0.87047		0.89362		0.79381
216		10068.92		0.95608		0.96362		0.89378		0.9086		0.87565		0.89182		0.78808
217		10070.42		0.95635		0.96344		0.89637		0.90476		0.88601		0.89529		0.79292
218		10071.68		0.95574		0.9627		0.89378		0.90426		0.88083		0.89239		0.78783
219		10073.61		0.95581		0.96259		0.89378		0.9086		0.87565		0.89182		0.78808
220		10075.15		0.95664		0.96309		0.89119		0.91257		0.86528		0.8883		0.78344
221		10076.32		0.95753		0.96378		0.89378		0.91758		0.86528		0.89067		0.78885
222		10077.48		0.95839		0.9643		0.90155		0.9235		0.87565		0.89894		0.80419
223		10078.65		0.95891		0.96504		0.89637		0.91351		0.87565		0.89418		0.79343
224		10079.89		0.95879		0.96532		0.89896		0.91848		0.87565		0.89655		0.7988
225		10081.1		0.9586		0.96557		0.89637		0.90909		0.88083		0.89474		0.79313
226		10082.27		0.95785		0.9653		0.89378		0.91304		0.87047		0.89125		0.78842
227		10083.4		0.95635		0.96426		0.89119		0.92179		0.85492		0.8871		0.78445
228		10085.14		0.95517		0.96344		0.8886		0.92135		0.84974		0.8841		0.77956
229		10086.8		0.95584		0.96391		0.88083		0.90608		0.84974		0.87701		0.76313
230		10088.67		0.95535		0.96336		0.88083		0.8973		0.8601		0.87831		0.76231
231		10090.02		0.95586		0.96366		0.88601		0.9027		0.86528		0.8836		0.77268
232		10091.23		0.95557		0.96337		0.88342		0.89785		0.86528		0.88127		0.76734
233		10092.63		0.9557		0.96337		0.8886		0.90761		0.86528		0.88594		0.77805
234		10093.91		0.9557		0.96342		0.89378		0.91758		0.86528		0.89067		0.78885
235		10095.52		0.95616		0.96372		0.88601		0.9116		0.85492		0.88235		0.77352
236		10097.12		0.95627		0.96366		0.88342		0.90659		0.85492		0.88		0.76809
237		10098.74		0.95718		0.9644		0.88083		0.88889		0.87047		0.87958		0.76182
238		10099.89		0.95793		0.96499		0.88342		0.88542		0.88083		0.88312		0.76685
239		10101.15		0.95884		0.96548		0.8886		0.91209		0.8601		0.88533		0.77847
240		10103.11		0.95893		0.96571		0.8886		0.92614		0.84456		0.88347		0.78023
241		10104.28		0.95868		0.96553		0.89119		0.93143		0.84456		0.88587		0.78581
242		10105.58		0.95876		0.96575		0.8886		0.92614		0.84456		0.88347		0.78023
243		10106.71		0.95903		0.96597		0.89119		0.90374		0.87565		0.88947		0.78276
244		10107.83		0.95917		0.96617		0.89378		0.89583		0.89119		0.89351		0.78758
245		10109.01		0.95882		0.96598		0.89637		0.89231		0.90155		0.89691		0.79279
246		10110.31		0.9582		0.96536		0.89378		0.89583		0.89119		0.89351		0.78758
247		10111.52		0.95697		0.9643		0.8886		0.90323		0.87047		0.88654		0.77771
248		10112.68		0.95713		0.96436		0.89637		0.9322		0.85492		0.89189		0.79548
249		10114.45		0.95643		0.96339		0.89637		0.9322		0.85492		0.89189		0.79548
250		10116.15		0.95613		0.96295		0.89637		0.92737		0.8601		0.89247		0.79484
251		10117.55		0.9556		0.96224		0.89637		0.91803		0.87047		0.89362		0.79381
252		10119.14		0.95629		0.96289		0.89119		0.90374		0.87565		0.88947		0.78276
253		10120.66		0.95739		0.96422		0.89378		0.91758		0.86528		0.89067		0.78885
254		10122.93		0.95758		0.96433		0.90155		0.91892		0.88083		0.89947		0.8038
255		10125.47		0.95745		0.96403		0.90155		0.91444		0.88601		0.9		0.8035
256		10130.61		0.95777		0.9644		0.89637		0.90476		0.88601		0.89529		0.79292
257		10136.57		0.95901		0.96575		0.90415		0.91489		0.89119		0.90289		0.80856
258		10141.94		0.95823		0.96526		0.90155		0.91444		0.88601		0.9		0.8035
259		10145.18		0.95721		0.96421		0.90415		0.91935		0.88601		0.90237		0.80882
260		10147.2		0.95666		0.96367		0.90155		0.91892		0.88083		0.89947		0.8038
261		10148.63		0.95659		0.96347		0.90155		0.91444		0.88601		0.9		0.8035
262		10149.93		0.95721		0.96364		0.89896		0.91848		0.87565		0.89655		0.7988
263		10151.39		0.95817		0.96417		0.89378		0.91304		0.87047		0.89125		0.78842
264		10152.57		0.95879		0.96444		0.89119		0.90811		0.87047		0.88889		0.78306
265		10153.86		0.95968		0.96533		0.89119		0.91257		0.86528		0.8883		0.78344
266		10155.49		0.96005		0.9662		0.89896		0.91848		0.87565		0.89655		0.7988
AUC improved at epoch  266 ;	best_auc: 0.9600526188622514
267		10157.23		0.9608		0.9671		0.89637		0.91351		0.87565		0.89418		0.79343
AUC improved at epoch  267 ;	best_auc: 0.9608043168944133
268		10158.72		0.96126		0.96769		0.90674		0.92432		0.88601		0.90476		0.81417
AUC improved at epoch  268 ;	best_auc: 0.9612607049853688
269		10160.08		0.9608		0.96736		0.90674		0.91979		0.89119		0.90526		0.81386
270		10161.39		0.96008		0.9665		0.90155		0.91005		0.89119		0.90052		0.80328
271		10162.96		0.95944		0.96595		0.90155		0.91005		0.89119		0.90052		0.80328
272		10164.47		0.95893		0.9656		0.89896		0.90957		0.88601		0.89764		0.7982
273		10165.96		0.95831		0.96526		0.89378		0.91758		0.86528		0.89067		0.78885
274		10167.46		0.95683		0.96395		0.8886		0.92135		0.84974		0.8841		0.77956
275		10168.94		0.95632		0.96342		0.8886		0.92135		0.84974		0.8841		0.77956
276		10170.74		0.95619		0.96335		0.88601		0.9116		0.85492		0.88235		0.77352
277		10172.28		0.95625		0.96355		0.89119		0.90374		0.87565		0.88947		0.78276
278		10173.45		0.95629		0.96364		0.89637		0.90476		0.88601		0.89529		0.79292
279		10174.6		0.95608		0.96351		0.89896		0.91848		0.87565		0.89655		0.7988
280		10176.01		0.95554		0.96313		0.90155		0.9235		0.87565		0.89894		0.80419
281		10177.21		0.95557		0.96351		0.90155		0.92818		0.87047		0.8984		0.80467
282		10178.38		0.95584		0.9639		0.89896		0.93258		0.8601		0.89488		0.80035
283		10179.56		0.95487		0.96329		0.89119		0.91713		0.8601		0.8877		0.7839
284		10180.69		0.95495		0.96331		0.89119		0.91257		0.86528		0.8883		0.78344
285		10181.98		0.95513		0.96336		0.8886		0.90761		0.86528		0.88594		0.77805
286		10183.55		0.95517		0.96319		0.8886		0.90761		0.86528		0.88594		0.77805
287		10184.98		0.95643		0.96403		0.89119		0.91257		0.86528		0.8883		0.78344
288		10186.43		0.95707		0.96428		0.8886		0.91209		0.8601		0.88533		0.77847
289		10187.97		0.95777		0.96454		0.89378		0.91758		0.86528		0.89067		0.78885
290		10189.54		0.95782		0.96452		0.89637		0.91803		0.87047		0.89362		0.79381
291		10190.91		0.95761		0.96427		0.90155		0.91005		0.89119		0.90052		0.80328
292		10192.25		0.95729		0.96407		0.89896		0.91398		0.88083		0.8971		0.79845
293		10193.63		0.95675		0.96375		0.89119		0.91257		0.86528		0.8883		0.78344
294		10195.4		0.95625		0.96342		0.8886		0.91209		0.8601		0.88533		0.77847
295		10196.7		0.95612		0.96336		0.88601		0.9116		0.85492		0.88235		0.77352
296		10198.02		0.95627		0.96339		0.88342		0.90217		0.8601		0.88064		0.76767
297		10199.31		0.95646		0.96355		0.88601		0.9027		0.86528		0.8836		0.77268
298		10201.26		0.95683		0.96379		0.8886		0.90323		0.87047		0.88654		0.77771
299		10202.66		0.95684		0.96378		0.8886		0.90761		0.86528		0.88594		0.77805
300		10203.96		0.95648		0.96356		0.88342		0.90659		0.85492		0.88		0.76809
301		10205.58		0.95654		0.96382		0.88601		0.9116		0.85492		0.88235		0.77352
302		10206.9		0.9568		0.96401		0.8886		0.91209		0.8601		0.88533		0.77847
303		10208.39		0.95758		0.96474		0.88601		0.9071		0.8601		0.88298		0.77306
304		10210.01		0.95796		0.96515		0.8886		0.90761		0.86528		0.88594		0.77805
305		10211.42		0.95858		0.96546		0.89378		0.90426		0.88083		0.89239		0.78783
306		10213.23		0.9586		0.9656		0.89896		0.90526		0.89119		0.89817		0.79802
307		10214.98		0.95855		0.96587		0.89896		0.90526		0.89119		0.89817		0.79802
308		10216.74		0.95833		0.96587		0.90155		0.91444		0.88601		0.9		0.8035
309		10218.16		0.95801		0.96572		0.90155		0.91892		0.88083		0.89947		0.8038
310		10219.46		0.95774		0.96567		0.89896		0.91848		0.87565		0.89655		0.7988
311		10220.65		0.95804		0.96581		0.89896		0.91398		0.88083		0.8971		0.79845
312		10221.91		0.95804		0.96562		0.89896		0.91398		0.88083		0.8971		0.79845
313		10223.01		0.95815		0.96539		0.89637		0.89637		0.89637		0.89637		0.79275
314		10224.17		0.95801		0.96521		0.8886		0.89474		0.88083		0.88773		0.7773
315		10225.29		0.95875		0.96573		0.88601		0.89418		0.87565		0.88482		0.77219
316		10226.6		0.95944		0.96627		0.89119		0.90374		0.87565		0.88947		0.78276
317		10227.75		0.95922		0.96604		0.8886		0.90761		0.86528		0.88594		0.77805
318		10229.67		0.95903		0.96588		0.8886		0.90761		0.86528		0.88594		0.77805
319		10231.11		0.9586		0.96557		0.88601		0.8984		0.87047		0.88421		0.77239
320		10232.59		0.95852		0.96549		0.8886		0.90323		0.87047		0.88654		0.77771
321		10233.82		0.95858		0.96561		0.89119		0.90811		0.87047		0.88889		0.78306
322		10235.11		0.95858		0.96581		0.89637		0.90476		0.88601		0.89529		0.79292
323		10236.83		0.95817		0.96554		0.89896		0.90526		0.89119		0.89817		0.79802
324		10238.31		0.95796		0.96549		0.89378		0.90426		0.88083		0.89239		0.78783
325		10240.41		0.95761		0.9653		0.89119		0.90811		0.87047		0.88889		0.78306
326		10241.72		0.95731		0.96504		0.8886		0.90323		0.87047		0.88654		0.77771
327		10243.41		0.95734		0.96494		0.88342		0.90217		0.8601		0.88064		0.76767
328		10244.95		0.95734		0.96492		0.8886		0.91667		0.85492		0.88472		0.77897
329		10246.19		0.95718		0.96467		0.88601		0.9071		0.8601		0.88298		0.77306
330		10247.34		0.95688		0.96437		0.88601		0.89418		0.87565		0.88482		0.77219
331		10248.46		0.9568		0.96413		0.88342		0.88947		0.87565		0.88251		0.76693
332		10249.6		0.95702		0.96432		0.88601		0.89005		0.88083		0.88542		0.77206
333		10250.83		0.95731		0.96463		0.89119		0.90374		0.87565		0.88947		0.78276
334		10251.97		0.95734		0.9648		0.89119		0.90811		0.87047		0.88889		0.78306
335		10253.17		0.95721		0.96483		0.8886		0.92135		0.84974		0.8841		0.77956
336		10254.39		0.95734		0.96489		0.89119		0.92655		0.84974		0.88649		0.78509
337		10256.24		0.95748		0.96502		0.89378		0.92697		0.85492		0.88949		0.78995
338		10257.88		0.95742		0.96497		0.89637		0.92265		0.86528		0.89305		0.79428
339		10259.0		0.95782		0.96509		0.89378		0.91304		0.87047		0.89125		0.78842
340		10260.27		0.95804		0.96508		0.89637		0.91803		0.87047		0.89362		0.79381
341		10261.94		0.95777		0.9649		0.89896		0.92308		0.87047		0.896		0.79923
342		10263.76		0.95745		0.96474		0.89637		0.91803		0.87047		0.89362		0.79381
343		10265.6		0.9578		0.96493		0.89378		0.9086		0.87565		0.89182		0.78808
344		10267.09		0.95817		0.96523		0.88342		0.88947		0.87565		0.88251		0.76693
345		10268.74		0.95852		0.96558		0.88601		0.89005		0.88083		0.88542		0.77206
346		10270.54		0.95879		0.96595		0.89119		0.89947		0.88083		0.89005		0.78255
347		10271.82		0.95917		0.96628		0.89119		0.90811		0.87047		0.88889		0.78306
348		10273.3		0.95898		0.96622		0.89378		0.9086		0.87565		0.89182		0.78808
349		10274.85		0.95882		0.96606		0.89896		0.91398		0.88083		0.8971		0.79845
350		10276.36		0.95871		0.96588		0.89637		0.91351		0.87565		0.89418		0.79343
351		10278.04		0.95828		0.96542		0.89637		0.90909		0.88083		0.89474		0.79313
352		10279.16		0.95772		0.96504		0.89378		0.90426		0.88083		0.89239		0.78783
353		10280.29		0.95691		0.96454		0.89378		0.9086		0.87565		0.89182		0.78808
354		10281.37		0.95688		0.96429		0.90155		0.91892		0.88083		0.89947		0.8038
355		10282.58		0.95734		0.96456		0.89896		0.91848		0.87565		0.89655		0.7988
356		10283.74		0.95745		0.96467		0.89378		0.9086		0.87565		0.89182		0.78808
357		10284.86		0.95782		0.96494		0.89119		0.90374		0.87565		0.88947		0.78276
358		10286.0		0.9575		0.96482		0.8886		0.89474		0.88083		0.88773		0.7773
359		10287.59		0.95699		0.96443		0.88601		0.89418		0.87565		0.88482		0.77219
360		10289.15		0.9567		0.96422		0.88083		0.89305		0.86528		0.87895		0.76203
361		10290.69		0.95632		0.9638		0.88601		0.9071		0.8601		0.88298		0.77306
362		10292.28		0.95619		0.9636		0.88342		0.91573		0.84456		0.87871		0.76917
363		10294.4		0.95721		0.96447		0.88342		0.91573		0.84456		0.87871		0.76917
364		10295.7		0.95812		0.96507		0.88601		0.9162		0.84974		0.88172		0.77406
365		10296.92		0.95901		0.96568		0.88601		0.89418		0.87565		0.88482		0.77219
366		10298.18		0.95992		0.96629		0.89119		0.89529		0.88601		0.89062		0.78243
367		10299.36		0.96019		0.96671		0.88342		0.89362		0.87047		0.88189		0.7671
368		10300.94		0.95934		0.96624		0.89637		0.91803		0.87047		0.89362		0.79381
369		10302.68		0.95846		0.96559		0.89637		0.91803		0.87047		0.89362		0.79381
370		10303.87		0.95812		0.96529		0.89637		0.91803		0.87047		0.89362		0.79381
371		10305.08		0.95766		0.96506		0.88601		0.8984		0.87047		0.88421		0.77239
372		10306.56		0.95777		0.96491		0.8886		0.89474		0.88083		0.88773		0.7773
373		10308.35		0.95715		0.9644		0.8886		0.89474		0.88083		0.88773		0.7773
374		10309.51		0.95629		0.9639		0.88601		0.8984		0.87047		0.88421		0.77239
375		10310.86		0.95549		0.96325		0.8886		0.90323		0.87047		0.88654		0.77771
376		10312.25		0.95479		0.96259		0.8886		0.90761		0.86528		0.88594		0.77805
377		10313.7		0.95393		0.96143		0.88083		0.8973		0.8601		0.87831		0.76231
378		10314.98		0.95307		0.96063		0.88342		0.89362		0.87047		0.88189		0.7671
379		10316.33		0.95278		0.96029		0.8886		0.89474		0.88083		0.88773		0.7773
380		10317.67		0.9538		0.9612		0.88601		0.89418		0.87565		0.88482		0.77219
381		10319.25		0.95463		0.96213		0.89119		0.90374		0.87565		0.88947		0.78276
382		10320.86		0.95565		0.96318		0.89119		0.91257		0.86528		0.8883		0.78344
383		10322.18		0.95635		0.96408		0.88601		0.9116		0.85492		0.88235		0.77352
384		10323.81		0.95723		0.96506		0.89119		0.92179		0.85492		0.8871		0.78445
385		10325.13		0.95833		0.96604		0.8886		0.91209		0.8601		0.88533		0.77847
386		10326.64		0.95911		0.9666		0.89119		0.91257		0.86528		0.8883		0.78344
387		10327.94		0.96016		0.96737		0.89119		0.90811		0.87047		0.88889		0.78306
388		10329.48		0.96035		0.96739		0.89637		0.90909		0.88083		0.89474		0.79313
389		10331.02		0.95992		0.9669		0.90155		0.92818		0.87047		0.8984		0.80467
390		10332.45		0.95879		0.9659		0.89637		0.92737		0.8601		0.89247		0.79484
391		10333.77		0.95758		0.96484		0.89378		0.92222		0.8601		0.89008		0.78936
392		10335.23		0.95672		0.96405		0.88083		0.90164		0.85492		0.87766		0.76268
393		10336.69		0.95538		0.96301		0.88342		0.89785		0.86528		0.88127		0.76734
394		10338.07		0.95428		0.96217		0.8886		0.90761		0.86528		0.88594		0.77805
395		10339.73		0.95399		0.96188		0.88601		0.9027		0.86528		0.8836		0.77268
396		10341.44		0.95421		0.96193		0.89119		0.90811		0.87047		0.88889		0.78306
397		10343.28		0.95475		0.96246		0.89378		0.9086		0.87565		0.89182		0.78808
398		10344.9		0.95552		0.96318		0.89378		0.9086		0.87565		0.89182		0.78808
399		10347.01		0.95589		0.96365		0.89378		0.92222		0.8601		0.89008		0.78936
400		10349.06		0.95621		0.96407		0.90155		0.9235		0.87565		0.89894		0.80419
401		10350.4		0.95718		0.96502		0.89896		0.91398		0.88083		0.8971		0.79845
402		10351.78		0.95807		0.96568		0.89378		0.90426		0.88083		0.89239		0.78783
403		10353.15		0.95868		0.96612		0.8886		0.89062		0.88601		0.88831		0.77721
404		10354.31		0.95903		0.96635		0.8886		0.89062		0.88601		0.88831		0.77721
405		10355.62		0.95878		0.96625		0.89378		0.90426		0.88083		0.89239		0.78783
406		10357.24		0.95829		0.96591		0.89378		0.91758		0.86528		0.89067		0.78885
407		10359.02		0.95758		0.9654		0.89378		0.92697		0.85492		0.88949		0.78995
408		10360.19		0.95785		0.96575		0.89637		0.92265		0.86528		0.89305		0.79428
409		10361.59		0.9582		0.96583		0.89119		0.90374		0.87565		0.88947		0.78276
410		10362.99		0.9582		0.96571		0.89119		0.89947		0.88083		0.89005		0.78255
411		10364.57		0.95847		0.96592		0.89119		0.90374		0.87565		0.88947		0.78276
412		10366.11		0.95817		0.96563		0.89119		0.91257		0.86528		0.8883		0.78344
413		10367.7		0.95801		0.96546		0.89637		0.9322		0.85492		0.89189		0.79548
414		10369.35		0.95839		0.96569		0.89378		0.93182		0.84974		0.88889		0.79064
415		10370.9		0.95866		0.96576		0.89378		0.92697		0.85492		0.88949		0.78995
416		10373.08		0.95871		0.96572		0.88601		0.8984		0.87047		0.88421		0.77239
417		10374.29		0.95866		0.96575		0.8886		0.90323		0.87047		0.88654		0.77771
418		10375.86		0.95874		0.96589		0.88342		0.90217		0.8601		0.88064		0.76767
419		10377.47		0.95833		0.96541		0.88342		0.90659		0.85492		0.88		0.76809
420		10378.99		0.95823		0.96538		0.88601		0.9116		0.85492		0.88235		0.77352
421		10380.25		0.95788		0.96496		0.88601		0.9116		0.85492		0.88235		0.77352
422		10381.5		0.95702		0.96409		0.88601		0.9071		0.8601		0.88298		0.77306
423		10382.62		0.95688		0.96398		0.8886		0.90323		0.87047		0.88654		0.77771
424		10383.76		0.95608		0.96347		0.8886		0.89894		0.87565		0.88714		0.77746
425		10385.68		0.956		0.96355		0.8886		0.90323		0.87047		0.88654		0.77771
426		10387.1		0.9564		0.96427		0.89119		0.91257		0.86528		0.8883		0.78344
427		10388.29		0.95611		0.96414		0.89378		0.92222		0.8601		0.89008		0.78936
428		10389.45		0.95694		0.96471		0.8886		0.91667		0.85492		0.88472		0.77897
429		10390.77		0.95678		0.96453		0.89378		0.91758		0.86528		0.89067		0.78885
430		10391.88		0.95648		0.96401		0.8886		0.89894		0.87565		0.88714		0.77746
431		10393.19		0.95621		0.96377		0.8886		0.89474		0.88083		0.88773		0.7773
432		10394.34		0.95576		0.96346		0.8886		0.89474		0.88083		0.88773		0.7773
433		10395.63		0.95495		0.96292		0.8886		0.90323		0.87047		0.88654		0.77771
434		10397.1		0.95506		0.96316		0.88601		0.9071		0.8601		0.88298		0.77306
435		10398.66		0.95501		0.96297		0.89119		0.91713		0.8601		0.8877		0.7839
436		10400.06		0.95538		0.96324		0.8886		0.91209		0.8601		0.88533		0.77847
437		10401.76		0.9557		0.96359		0.88601		0.8984		0.87047		0.88421		0.77239
438		10403.48		0.95643		0.96407		0.89119		0.89947		0.88083		0.89005		0.78255
439		10405.11		0.95674		0.96437		0.89637		0.90909		0.88083		0.89474		0.79313
440		10406.44		0.95672		0.9646		0.89637		0.91803		0.87047		0.89362		0.79381
441		10408.65		0.95683		0.96473		0.89637		0.92265		0.86528		0.89305		0.79428
442		10410.22		0.95672		0.96461		0.89378		0.92222		0.8601		0.89008		0.78936
443		10412.05		0.95667		0.9644		0.89637		0.92265		0.86528		0.89305		0.79428
444		10413.27		0.95608		0.96372		0.89119		0.90374		0.87565		0.88947		0.78276
445		10414.56		0.9556		0.96317		0.88601		0.89418		0.87565		0.88482		0.77219
446		10415.75		0.95597		0.96352		0.88601		0.89418		0.87565		0.88482		0.77219
447		10417.57		0.95637		0.96412		0.8886		0.90761		0.86528		0.88594		0.77805
448		10418.97		0.9557		0.96364		0.8886		0.92135		0.84974		0.8841		0.77956
449		10420.14		0.95527		0.96337		0.8886		0.92135		0.84974		0.8841		0.77956
450		10421.39		0.95589		0.96375		0.88601		0.9027		0.86528		0.8836		0.77268
451		10422.9		0.95667		0.96424		0.88601		0.88205		0.89119		0.8866		0.77206
452		10424.21		0.95613		0.96365		0.88083		0.88083		0.88083		0.88083		0.76166
453		10425.35		0.9556		0.96311		0.87824		0.89247		0.8601		0.87599		0.75697
454		10426.48		0.95466		0.96217		0.88083		0.92		0.8342		0.875		0.76499
455		10427.64		0.95374		0.96134		0.88342		0.93023		0.82902		0.87671		0.77142
456		10429.12		0.95412		0.96172		0.89119		0.90811		0.87047		0.88889		0.78306
457		10430.84		0.95353		0.96127		0.88601		0.89005		0.88083		0.88542		0.77206
458		10432.49		0.95382		0.9618		0.88342		0.88947		0.87565		0.88251		0.76693
459		10434.05		0.95425		0.96233		0.88342		0.89362		0.87047		0.88189		0.7671
460		10435.56		0.95458		0.96225		0.88601		0.9162		0.84974		0.88172		0.77406
461		10437.35		0.95506		0.96247		0.88601		0.9162		0.84974		0.88172		0.77406
462		10439.09		0.95578		0.96331		0.88601		0.9116		0.85492		0.88235		0.77352
463		10440.72		0.95554		0.96367		0.89119		0.90374		0.87565		0.88947		0.78276
464		10442.12		0.95423		0.96294		0.89378		0.90426		0.88083		0.89239		0.78783
465		10443.38		0.95098		0.96011		0.89896		0.91848		0.87565		0.89655		0.7988
466		10444.58		0.94999		0.95921		0.89119		0.92179		0.85492		0.8871		0.78445
467		10445.72		0.9524		0.96066		0.89119		0.91257		0.86528		0.8883		0.78344
468		10446.84		0.9526		0.95992		0.87565		0.8836		0.86528		0.87435		0.75146
469		10448.56		0.95323		0.9597		0.87824		0.88421		0.87047		0.87728		0.75657
470		10449.98		0.95433		0.96107		0.87306		0.8871		0.85492		0.87071		0.74661
471		10451.14		0.95364		0.96106		0.88342		0.90659		0.85492		0.88		0.76809
472		10452.25		0.95353		0.9613		0.87824		0.89247		0.8601		0.87599		0.75697
473		10453.58		0.95498		0.96286		0.88342		0.89785		0.86528		0.88127		0.76734
474		10454.72		0.95659		0.9641		0.88342		0.89785		0.86528		0.88127		0.76734
475		10455.99		0.95723		0.96396		0.88342		0.88144		0.88601		0.88372		0.76685
476		10457.28		0.95672		0.96301		0.87565		0.87565		0.87565		0.87565		0.7513
477		10458.52		0.95546		0.96198		0.88083		0.90608		0.84974		0.87701		0.76313
478		10459.85		0.95356		0.9612		0.88342		0.93023		0.82902		0.87671		0.77142
479		10461.22		0.95404		0.96171		0.87824		0.9011		0.84974		0.87467		0.75771
480		10462.67		0.95439		0.96177		0.89378		0.89175		0.89637		0.89406		0.78758
481		10464.39		0.95458		0.96194		0.89119		0.89119		0.89119		0.89119		0.78238
482		10466.14		0.95415		0.9617		0.87824		0.89674		0.85492		0.87533		0.7573
483		10467.9		0.95348		0.96101		0.87824		0.92941		0.81865		0.87052		0.76191
484		10469.77		0.9528		0.96012		0.87306		0.90909		0.82902		0.86721		0.74903
485		10471.08		0.95259		0.95978		0.88083		0.90608		0.84974		0.87701		0.76313
486		10472.76		0.95262		0.95998		0.8886		0.89474		0.88083		0.88773		0.7773
487		10474.43		0.95251		0.96011		0.8886		0.89894		0.87565		0.88714		0.77746
488		10475.95		0.95246		0.96031		0.88601		0.8984		0.87047		0.88421		0.77239
489		10477.1		0.95248		0.96051		0.89119		0.91713		0.8601		0.8877		0.7839
490		10479.12		0.95284		0.96079		0.89119		0.92179		0.85492		0.8871		0.78445
491		10480.27		0.95278		0.96057		0.8886		0.90323		0.87047		0.88654		0.77771
492		10481.4		0.95348		0.96085		0.88083		0.88889		0.87047		0.87958		0.76182
493		10482.52		0.95348		0.96085		0.88601		0.89005		0.88083		0.88542		0.77206
494		10483.67		0.95401		0.96131		0.8886		0.89894		0.87565		0.88714		0.77746
495		10484.99		0.95439		0.96168		0.8886		0.90761		0.86528		0.88594		0.77805
496		10486.17		0.95484		0.96221		0.88601		0.9162		0.84974		0.88172		0.77406
497		10487.32		0.95503		0.9626		0.8886		0.90761		0.86528		0.88594		0.77805
498		10488.46		0.95557		0.96343		0.88601		0.8984		0.87047		0.88421		0.77239
499		10490.1		0.9557		0.96373		0.88601		0.89418		0.87565		0.88482		0.77219
500		10491.85		0.9557		0.96378		0.88601		0.89418		0.87565		0.88482		0.77219
501		10493.31		0.95605		0.96403		0.88601		0.89418		0.87565		0.88482		0.77219
502		10495.05		0.95613		0.96407		0.88601		0.8984		0.87047		0.88421		0.77239
503		10496.36		0.95624		0.96407		0.88601		0.9027		0.86528		0.8836		0.77268
504		10497.82		0.95616		0.96401		0.88601		0.9027		0.86528		0.8836		0.77268
505		10499.43		0.956		0.96374		0.88342		0.89362		0.87047		0.88189		0.7671
506		10501.0		0.95581		0.9635		0.88342		0.88947		0.87565		0.88251		0.76693
507		10502.11		0.95651		0.96398		0.88601		0.8984		0.87047		0.88421		0.77239
508		10504.02		0.95687		0.96437		0.88083		0.91061		0.84456		0.87634		0.76367
509		10505.22		0.95616		0.96375		0.8886		0.92614		0.84456		0.88347		0.78023
510		10506.44		0.95646		0.96396		0.88083		0.91061		0.84456		0.87634		0.76367
511		10507.63		0.95616		0.96364		0.8886		0.90761		0.86528		0.88594		0.77805
512		10508.71		0.95557		0.96317		0.87824		0.88421		0.87047		0.87728		0.75657
513		10509.96		0.95584		0.96356		0.88083		0.88889		0.87047		0.87958		0.76182
514		10511.08		0.95637		0.96402		0.87824		0.89247		0.8601		0.87599		0.75697
515		10512.18		0.95635		0.96406		0.87824		0.89247		0.8601		0.87599		0.75697
516		10513.36		0.95655		0.96432		0.88601		0.9071		0.8601		0.88298		0.77306
517		10515.27		0.9567		0.96453		0.88342		0.88947		0.87565		0.88251		0.76693
518		10516.67		0.9564		0.96412		0.88601		0.88601		0.88601		0.88601		0.77202
519		10517.82		0.95541		0.96317		0.88342		0.88144		0.88601		0.88372		0.76685
520		10519.12		0.95624		0.96401		0.8886		0.89474		0.88083		0.88773		0.7773
521		10520.56		0.95686		0.9647		0.88342		0.89362		0.87047		0.88189		0.7671
522		10521.87		0.95713		0.96486		0.88601		0.8984		0.87047		0.88421		0.77239
523		10523.43		0.95723		0.96493		0.89378		0.92222		0.8601		0.89008		0.78936
524		10525.11		0.95726		0.96506		0.88601		0.9027		0.86528		0.8836		0.77268
525		10526.51		0.95758		0.96536		0.88601		0.89418		0.87565		0.88482		0.77219
526		10528.42		0.95785		0.96567		0.88342		0.88542		0.88083		0.88312		0.76685
527		10529.99		0.9579		0.96577		0.88342		0.88542		0.88083		0.88312		0.76685
528		10531.73		0.95807		0.96611		0.88601		0.8984		0.87047		0.88421		0.77239
529		10533.28		0.95793		0.96601		0.90415		0.9382		0.86528		0.90027		0.81074
530		10535.32		0.95836		0.96638		0.89896		0.92308		0.87047		0.896		0.79923
531		10536.88		0.95812		0.966		0.89119		0.90811		0.87047		0.88889		0.78306
532		10538.24		0.95788		0.96567		0.89119		0.89529		0.88601		0.89062		0.78243
533		10539.59		0.95702		0.96481		0.89119		0.89119		0.89119		0.89119		0.78238
534		10540.93		0.95613		0.96397		0.88601		0.89005		0.88083		0.88542		0.77206
535		10542.38		0.95514		0.96306		0.88601		0.89418		0.87565		0.88482		0.77219
536		10544.39		0.95482		0.96281		0.8886		0.90323		0.87047		0.88654		0.77771
537		10545.64		0.95484		0.96284		0.8886		0.90323		0.87047		0.88654		0.77771
538		10546.9		0.95541		0.96329		0.88601		0.9027		0.86528		0.8836		0.77268
539		10548.33		0.95576		0.96374		0.8886		0.89894		0.87565		0.88714		0.77746
540		10549.67		0.95603		0.96406		0.89637		0.89231		0.90155		0.89691		0.79279
541		10551.1		0.95662		0.9649		0.89637		0.90052		0.89119		0.89583		0.79279
542		10552.39		0.95697		0.96511		0.89637		0.91351		0.87565		0.89418		0.79343
543		10554.23		0.95711		0.96533		0.89896		0.91848		0.87565		0.89655		0.7988
544		10555.81		0.95702		0.96524		0.90415		0.93333		0.87047		0.9008		0.81013
545		10557.62		0.95632		0.96474		0.89896		0.92308		0.87047		0.896		0.79923
546		10558.91		0.95589		0.96444		0.89378		0.91304		0.87047		0.89125		0.78842
547		10560.31		0.95506		0.96369		0.88342		0.89362		0.87047		0.88189		0.7671
548		10561.58		0.95503		0.96352		0.8886		0.89474		0.88083		0.88773		0.7773
549		10562.78		0.95576		0.96371		0.88601		0.89005		0.88083		0.88542		0.77206
550		10564.07		0.95651		0.96399		0.88601		0.89418		0.87565		0.88482		0.77219
551		10566.01		0.95729		0.96446		0.89637		0.91351		0.87565		0.89418		0.79343
552		10567.33		0.95742		0.96425		0.8886		0.91209		0.8601		0.88533		0.77847
553		10568.82		0.95718		0.96413		0.88083		0.91061		0.84456		0.87634		0.76367
554		10570.73		0.95654		0.96358		0.87824		0.89674		0.85492		0.87533		0.7573
555		10571.89		0.95455		0.96188		0.87824		0.88421		0.87047		0.87728		0.75657
556		10573.29		0.9528		0.96074		0.88342		0.89785		0.86528		0.88127		0.76734
557		10574.43		0.95254		0.96084		0.8886		0.90761		0.86528		0.88594		0.77805
558		10575.58		0.95262		0.96128		0.8886		0.91667		0.85492		0.88472		0.77897
559		10576.71		0.95334		0.96215		0.88083		0.90608		0.84974		0.87701		0.76313
560		10578.03		0.95431		0.96319		0.89119		0.90811		0.87047		0.88889		0.78306
561		10579.69		0.95535		0.96411		0.89896		0.90957		0.88601		0.89764		0.7982
562		10581.12		0.95613		0.96482		0.89378		0.9		0.88601		0.89295		0.78766
563		10582.73		0.9564		0.96494		0.89119		0.90374		0.87565		0.88947		0.78276
564		10584.56		0.95715		0.9653		0.89378		0.9086		0.87565		0.89182		0.78808
565		10585.96		0.95731		0.96533		0.89119		0.89947		0.88083		0.89005		0.78255
566		10587.3		0.95703		0.96522		0.89119		0.89947		0.88083		0.89005		0.78255
567		10588.39		0.95605		0.96419		0.89378		0.9		0.88601		0.89295		0.78766
568		10589.77		0.95629		0.96436		0.8886		0.90761		0.86528		0.88594		0.77805
569		10591.6		0.95688		0.96469		0.88601		0.9209		0.84456		0.88108		0.77469
570		10592.95		0.95675		0.96447		0.88601		0.9209		0.84456		0.88108		0.77469
571		10594.21		0.95648		0.96428		0.88601		0.9162		0.84974		0.88172		0.77406
572		10595.75		0.95624		0.96403		0.89119		0.90374		0.87565		0.88947		0.78276
573		10597.89		0.95619		0.96404		0.88601		0.89418		0.87565		0.88482		0.77219
574		10599.53		0.95592		0.96375		0.88601		0.89418		0.87565		0.88482		0.77219
575		10600.68		0.95608		0.96405		0.8886		0.90761		0.86528		0.88594		0.77805
576		10602.1		0.95586		0.96397		0.8886		0.91209		0.8601		0.88533		0.77847
577		10603.34		0.95589		0.96399		0.8886		0.91667		0.85492		0.88472		0.77897
578		10604.68		0.95619		0.96416		0.88083		0.90164		0.85492		0.87766		0.76268
579		10605.92		0.95675		0.96443		0.88342		0.88947		0.87565		0.88251		0.76693
580		10607.23		0.95608		0.96373		0.88601		0.88601		0.88601		0.88601		0.77202
581		10609.01		0.95586		0.96353		0.88601		0.89005		0.88083		0.88542		0.77206
582		10610.56		0.95511		0.96301		0.8886		0.90323		0.87047		0.88654		0.77771
583		10612.13		0.95501		0.96301		0.88342		0.91111		0.84974		0.87936		0.76858
584		10613.94		0.95474		0.96276		0.88342		0.91111		0.84974		0.87936		0.76858
585		10615.29		0.95466		0.96263		0.88601		0.9071		0.8601		0.88298		0.77306
586		10616.47		0.9546		0.96241		0.88601		0.9027		0.86528		0.8836		0.77268
587		10617.74		0.95495		0.96255		0.88342		0.89362		0.87047		0.88189		0.7671
588		10618.89		0.95533		0.96282		0.88342		0.89362		0.87047		0.88189		0.7671
589		10620.02		0.9553		0.96307		0.89119		0.90811		0.87047		0.88889		0.78306
590		10621.17		0.95538		0.96337		0.88342		0.91573		0.84456		0.87871		0.76917
591		10622.32		0.95608		0.96379		0.89119		0.93143		0.84456		0.88587		0.78581
592		10623.62		0.95664		0.96429		0.89378		0.93182		0.84974		0.88889		0.79064
593		10625.49		0.95723		0.96481		0.88601		0.9071		0.8601		0.88298		0.77306
594		10626.98		0.95734		0.96488		0.88342		0.89785		0.86528		0.88127		0.76734
595		10628.62		0.95702		0.96476		0.8886		0.89894		0.87565		0.88714		0.77746
596		10630.55		0.95651		0.96444		0.89378		0.91304		0.87047		0.89125		0.78842
597		10631.72		0.95517		0.96366		0.89119		0.91713		0.8601		0.8877		0.7839
598		10632.85		0.95404		0.96295		0.8886		0.91667		0.85492		0.88472		0.77897
599		10634.03		0.95374		0.96245		0.8886		0.89474		0.88083		0.88773		0.7773
600		10635.44		0.95433		0.96275		0.89119		0.89529		0.88601		0.89062		0.78243
601		10637.27		0.95475		0.96282		0.8886		0.8866		0.89119		0.88889		0.77721
602		10638.83		0.95509		0.96315		0.88342		0.89785		0.86528		0.88127		0.76734
603		10640.6		0.95484		0.96309		0.8886		0.92135		0.84974		0.8841		0.77956
604		10641.75		0.95436		0.96273		0.89378		0.93678		0.84456		0.88828		0.79141
605		10643.01		0.95407		0.96226		0.88601		0.9027		0.86528		0.8836		0.77268
606		10644.16		0.9539		0.9618		0.87824		0.88421		0.87047		0.87728		0.75657
607		10645.76		0.95377		0.96189		0.88342		0.88947		0.87565		0.88251		0.76693
608		10647.42		0.95431		0.96253		0.88342		0.89785		0.86528		0.88127		0.76734
609		10648.71		0.9546		0.96309		0.88083		0.90608		0.84974		0.87701		0.76313
610		10649.86		0.95619		0.96443		0.88083		0.90608		0.84974		0.87701		0.76313
611		10651.05		0.95648		0.96474		0.88601		0.89418		0.87565		0.88482		0.77219
612		10652.65		0.95646		0.96463		0.88083		0.88083		0.88083		0.88083		0.76166
613		10654.52		0.95621		0.96434		0.88601		0.88205		0.89119		0.8866		0.77206
614		10655.64		0.95527		0.96358		0.88342		0.88542		0.88083		0.88312		0.76685
615		10656.79		0.95407		0.9627		0.88083		0.8973		0.8601		0.87831		0.76231
616		10658.67		0.95197		0.96114		0.87824		0.9011		0.84974		0.87467		0.75771
617		10660.1		0.95095		0.96019		0.87824		0.89674		0.85492		0.87533		0.7573
618		10661.23		0.95039		0.95951		0.88083		0.8973		0.8601		0.87831		0.76231
619		10662.36		0.95125		0.95993		0.88342		0.88542		0.88083		0.88312		0.76685
620		10663.49		0.95286		0.96122		0.88601		0.89418		0.87565		0.88482		0.77219
621		10665.04		0.95399		0.96212		0.87824		0.89247		0.8601		0.87599		0.75697
622		10666.62		0.95509		0.96314		0.88083		0.90164		0.85492		0.87766		0.76268
623		10668.42		0.95538		0.96331		0.88601		0.9209		0.84456		0.88108		0.77469
624		10669.9		0.95584		0.9638		0.87824		0.89247		0.8601		0.87599		0.75697
625		10671.71		0.95603		0.96403		0.87824		0.8883		0.86528		0.87664		0.75673
626		10673.04		0.95595		0.96371		0.88601		0.88601		0.88601		0.88601		0.77202
627		10674.17		0.95595		0.96375		0.88342		0.88542		0.88083		0.88312		0.76685
628		10675.33		0.95611		0.96395		0.88342		0.89362		0.87047		0.88189		0.7671
629		10676.44		0.956		0.96368		0.88083		0.89305		0.86528		0.87895		0.76203
630		10677.67		0.95627		0.96403		0.8886		0.90323		0.87047		0.88654		0.77771
631		10678.82		0.95592		0.9635		0.88601		0.89418		0.87565		0.88482		0.77219
632		10679.95		0.95586		0.96329		0.88342		0.88947		0.87565		0.88251		0.76693
633		10681.32		0.95535		0.96301		0.88083		0.88482		0.87565		0.88021		0.7617
634		10683.15		0.95495		0.96299		0.88342		0.88947		0.87565		0.88251		0.76693
635		10684.99		0.95412		0.96252		0.88083		0.90608		0.84974		0.87701		0.76313
636		10686.66		0.95331		0.96211		0.87824		0.91011		0.83938		0.87332		0.75877
637		10687.83		0.95291		0.96158		0.88342		0.88947		0.87565		0.88251		0.76693
638		10689.04		0.95278		0.96117		0.88342		0.88144		0.88601		0.88372		0.76685
639		10690.55		0.95272		0.96106		0.88342		0.88144		0.88601		0.88372		0.76685
640		10691.81		0.95366		0.96196		0.88083		0.88889		0.87047		0.87958		0.76182
641		10693.19		0.95423		0.9623		0.87824		0.91477		0.8342		0.87263		0.75943
642		10694.48		0.95458		0.96245		0.88083		0.91525		0.83938		0.87568		0.76429
643		10695.96		0.9556		0.96314		0.8886		0.89894		0.87565		0.88714		0.77746
644		10698.24		0.95683		0.96408		0.8886		0.8866		0.89119		0.88889		0.77721
645		10699.75		0.95672		0.96435		0.88342		0.88542		0.88083		0.88312		0.76685
646		10700.98		0.95643		0.96424		0.87824		0.8883		0.86528		0.87664		0.75673
647		10702.14		0.95576		0.96392		0.88601		0.9071		0.8601		0.88298		0.77306
648		10703.78		0.95554		0.96386		0.8886		0.91667		0.85492		0.88472		0.77897
649		10705.33		0.95562		0.96377		0.8886		0.91667		0.85492		0.88472		0.77897
650		10706.45		0.9556		0.96351		0.87824		0.8883		0.86528		0.87664		0.75673
651		10707.62		0.95527		0.96314		0.8886		0.8866		0.89119		0.88889		0.77721
652		10708.76		0.95468		0.96253		0.89119		0.88718		0.89637		0.89175		0.78243
653		10710.57		0.95388		0.9618		0.88601		0.9071		0.8601		0.88298		0.77306
654		10712.14		0.9535		0.96165		0.87824		0.91011		0.83938		0.87332		0.75877
655		10713.48		0.95299		0.96131		0.87824		0.90556		0.84456		0.87399		0.7582
656		10714.75		0.95305		0.96126		0.88342		0.90217		0.8601		0.88064		0.76767
657		10716.5		0.95329		0.96139		0.88083		0.88889		0.87047		0.87958		0.76182
658		10718.05		0.95392		0.96186		0.88601		0.88601		0.88601		0.88601		0.77202
659		10719.35		0.95423		0.96207		0.88083		0.88482		0.87565		0.88021		0.7617
660		10720.46		0.95514		0.96283		0.8886		0.89894		0.87565		0.88714		0.77746
661		10721.66		0.95578		0.96336		0.88342		0.89785		0.86528		0.88127		0.76734
662		10723.31		0.95629		0.96396		0.88601		0.9027		0.86528		0.8836		0.77268
663		10725.09		0.95672		0.96444		0.88342		0.89785		0.86528		0.88127		0.76734
664		10726.46		0.95565		0.96356		0.88342		0.89362		0.87047		0.88189		0.7671
665		10727.92		0.95503		0.96317		0.88601		0.89418		0.87565		0.88482		0.77219
666		10729.54		0.95431		0.96269		0.88601		0.89418		0.87565		0.88482		0.77219
667		10730.96		0.95463		0.96288		0.88342		0.89785		0.86528		0.88127		0.76734
668		10732.3		0.95533		0.96334		0.88083		0.90608		0.84974		0.87701		0.76313
669		10733.78		0.95549		0.96331		0.89119		0.91257		0.86528		0.8883		0.78344
670		10735.2		0.9549		0.96275		0.87824		0.89247		0.8601		0.87599		0.75697
671		10736.51		0.95458		0.96252		0.88601		0.89418		0.87565		0.88482		0.77219
672		10737.69		0.95458		0.96283		0.87824		0.89674		0.85492		0.87533		0.7573
673		10738.89		0.95321		0.96207		0.89119		0.91257		0.86528		0.8883		0.78344
674		10740.16		0.95168		0.96102		0.89637		0.92265		0.86528		0.89305		0.79428
675		10742.08		0.95168		0.96087		0.88601		0.9027		0.86528		0.8836		0.77268
676		10743.39		0.95221		0.96099		0.88342		0.89785		0.86528		0.88127		0.76734
677		10744.57		0.95302		0.96152		0.88342		0.89785		0.86528		0.88127		0.76734
678		10745.79		0.95377		0.96156		0.88342		0.89362		0.87047		0.88189		0.7671
679		10747.15		0.95514		0.96276		0.88601		0.8984		0.87047		0.88421		0.77239
680		10749.03		0.9568		0.96425		0.89119		0.90374		0.87565		0.88947		0.78276
681		10750.45		0.95761		0.96501		0.89119		0.91713		0.8601		0.8877		0.7839
682		10751.66		0.95817		0.96565		0.8886		0.91667		0.85492		0.88472		0.77897
683		10753.8		0.95731		0.96506		0.88601		0.9027		0.86528		0.8836		0.77268
684		10755.05		0.95694		0.96463		0.88342		0.89362		0.87047		0.88189		0.7671
685		10756.36		0.95637		0.96392		0.88342		0.88144		0.88601		0.88372		0.76685
686		10757.82		0.95605		0.96374		0.88342		0.89362		0.87047		0.88189		0.7671
687		10759.33		0.95581		0.96356		0.88083		0.90608		0.84974		0.87701		0.76313
688		10761.01		0.95503		0.96282		0.87824		0.90556		0.84456		0.87399		0.7582
689		10762.31		0.95506		0.96262		0.88601		0.89418		0.87565		0.88482		0.77219
690		10763.63		0.95484		0.96241		0.88083		0.8731		0.89119		0.88205		0.76182
691		10765.62		0.95401		0.96222		0.87824		0.8883		0.86528		0.87664		0.75673
692		10767.61		0.9545		0.96313		0.88342		0.90217		0.8601		0.88064		0.76767
693		10769.1		0.95415		0.96303		0.88601		0.9116		0.85492		0.88235		0.77352
694		10770.32		0.95455		0.96295		0.88083		0.8973		0.8601		0.87831		0.76231
695		10771.52		0.95441		0.96256		0.88342		0.88947		0.87565		0.88251		0.76693
696		10772.91		0.95441		0.96204		0.88601		0.89005		0.88083		0.88542		0.77206
697		10774.15		0.95519		0.96255		0.88342		0.89362		0.87047		0.88189		0.7671
698		10775.36		0.95501		0.96307		0.89119		0.91257		0.86528		0.8883		0.78344
699		10776.75		0.95452		0.96325		0.89119		0.92655		0.84974		0.88649		0.78509
700		10778.09		0.95458		0.96354		0.8886		0.92135		0.84974		0.8841		0.77956
701		10779.96		0.95589		0.96447		0.89378		0.9086		0.87565		0.89182		0.78808
702		10781.62		0.95636		0.96456		0.8886		0.88265		0.89637		0.88946		0.7773
703		10783.33		0.95608		0.96391		0.88342		0.87755		0.89119		0.88432		0.76693
704		10784.53		0.95586		0.9634		0.88601		0.89418		0.87565		0.88482		0.77219
705		10785.85		0.95533		0.96254		0.88083		0.90164		0.85492		0.87766		0.76268
706		10787.37		0.95476		0.96197		0.88601		0.9116		0.85492		0.88235		0.77352
707		10789.03		0.95527		0.96282		0.88601		0.8984		0.87047		0.88421		0.77239
708		10790.37		0.95557		0.96318		0.88601		0.88601		0.88601		0.88601		0.77202
709		10791.67		0.95578		0.96356		0.8886		0.87879		0.90155		0.89003		0.77746
710		10792.92		0.95541		0.96327		0.89637		0.89637		0.89637		0.89637		0.79275
711		10794.45		0.95541		0.96341		0.88083		0.90164		0.85492		0.87766		0.76268
712		10796.05		0.95533		0.96337		0.88601		0.9162		0.84974		0.88172		0.77406
713		10797.27		0.95529		0.96327		0.88083		0.90164		0.85492		0.87766		0.76268
714		10798.62		0.956		0.96363		0.88601		0.8984		0.87047		0.88421		0.77239
715		10799.78		0.95662		0.96421		0.88342		0.88144		0.88601		0.88372		0.76685
716		10801.02		0.95675		0.96444		0.8886		0.89474		0.88083		0.88773		0.7773
717		10802.15		0.95737		0.96499		0.88342		0.90217		0.8601		0.88064		0.76767
718		10803.46		0.95739		0.96508		0.88601		0.9027		0.86528		0.8836		0.77268
719		10804.6		0.95616		0.96405		0.8886		0.89062		0.88601		0.88831		0.77721
720		10805.81		0.95519		0.96333		0.8886		0.89062		0.88601		0.88831		0.77721
721		10807.23		0.95297		0.96151		0.88342		0.89362		0.87047		0.88189		0.7671
722		10809.0		0.95135		0.96024		0.88601		0.9116		0.85492		0.88235		0.77352
723		10810.8		0.95358		0.96178		0.88083		0.90164		0.85492		0.87766		0.76268
724		10812.08		0.95484		0.96273		0.88601		0.9027		0.86528		0.8836		0.77268
725		10813.64		0.95522		0.96316		0.89119		0.89947		0.88083		0.89005		0.78255
726		10815.02		0.95511		0.96344		0.88601		0.8984		0.87047		0.88421		0.77239
727		10816.64		0.95436		0.96308		0.88601		0.9071		0.8601		0.88298		0.77306
728		10818.22		0.95329		0.96244		0.88601		0.9027		0.86528		0.8836		0.77268
729		10819.77		0.95302		0.96214		0.88083		0.88889		0.87047		0.87958		0.76182
730		10821.36		0.95326		0.96199		0.88342		0.88542		0.88083		0.88312		0.76685
731		10822.63		0.95361		0.96204		0.88083		0.8973		0.8601		0.87831		0.76231
732		10823.97		0.95458		0.96241		0.88083		0.90608		0.84974		0.87701		0.76313
733		10825.99		0.95455		0.96201		0.8886		0.91209		0.8601		0.88533		0.77847
734		10827.78		0.95458		0.96203		0.87306		0.87895		0.86528		0.87206		0.7462
735		10828.95		0.9549		0.96257		0.87047		0.87435		0.86528		0.86979		0.74097
736		10830.25		0.95433		0.9626		0.87824		0.8883		0.86528		0.87664		0.75673
737		10831.37		0.95377		0.96267		0.8886		0.91209		0.8601		0.88533		0.77847
738		10832.5		0.95407		0.96308		0.89637		0.92265		0.86528		0.89305		0.79428
739		10833.67		0.95503		0.96402		0.89119		0.91257		0.86528		0.8883		0.78344
740		10834.9		0.95506		0.96384		0.88342		0.88542		0.88083		0.88312		0.76685
741		10836.16		0.95492		0.96353		0.88342		0.87755		0.89119		0.88432		0.76693
742		10837.66		0.95428		0.96289		0.88601		0.89005		0.88083		0.88542		0.77206
743		10839.36		0.95319		0.96223		0.8886		0.91667		0.85492		0.88472		0.77897
744		10840.54		0.95219		0.96135		0.8886		0.92135		0.84974		0.8841		0.77956
745		10842.31		0.95246		0.96137		0.88083		0.8973		0.8601		0.87831		0.76231
746		10844.11		0.95135		0.96021		0.8886		0.8866		0.89119		0.88889		0.77721
747		10845.65		0.95305		0.96195		0.88083		0.89305		0.86528		0.87895		0.76203
748		10847.12		0.95404		0.96284		0.88342		0.90659		0.85492		0.88		0.76809
749		10848.98		0.95517		0.96405		0.89119		0.91713		0.8601		0.8877		0.7839
750		10850.35		0.95627		0.96507		0.89637		0.90909		0.88083		0.89474		0.79313
751		10852.39		0.95659		0.96528		0.89119		0.89119		0.89119		0.89119		0.78238
752		10853.53		0.95611		0.96479		0.89378		0.89175		0.89637		0.89406		0.78758
753		10854.83		0.9556		0.96439		0.89637		0.90909		0.88083		0.89474		0.79313
754		10856.06		0.95474		0.96353		0.88342		0.90659		0.85492		0.88		0.76809
755		10857.33		0.95374		0.96265		0.88601		0.9116		0.85492		0.88235		0.77352
756		10858.71		0.95264		0.96148		0.88601		0.9116		0.85492		0.88235		0.77352
757		10859.98		0.95213		0.96077		0.88083		0.89305		0.86528		0.87895		0.76203
758		10861.17		0.95186		0.96043		0.88083		0.88889		0.87047		0.87958		0.76182
759		10862.51		0.95278		0.96138		0.88601		0.9027		0.86528		0.8836		0.77268
760		10864.22		0.95329		0.96179		0.88601		0.9071		0.8601		0.88298		0.77306
761		10866.0		0.95399		0.96242		0.8886		0.91209		0.8601		0.88533		0.77847
762		10867.17		0.9542		0.96259		0.88601		0.9027		0.86528		0.8836		0.77268
763		10868.33		0.9545		0.96296		0.88601		0.89418		0.87565		0.88482		0.77219
764		10869.73		0.95374		0.96241		0.87565		0.87565		0.87565		0.87565		0.7513
765		10871.33		0.95315		0.96205		0.88342		0.89362		0.87047		0.88189		0.7671
766		10872.9		0.95267		0.96187		0.88601		0.8984		0.87047		0.88421		0.77239
767		10874.12		0.95248		0.96171		0.88601		0.8984		0.87047		0.88421		0.77239
768		10875.73		0.95283		0.96191		0.88601		0.9027		0.86528		0.8836		0.77268
769		10877.43		0.95329		0.96203		0.88601		0.8984		0.87047		0.88421		0.77239
770		10879.02		0.95353		0.96209		0.88083		0.88889		0.87047		0.87958		0.76182
771		10880.8		0.95313		0.96158		0.88083		0.88083		0.88083		0.88083		0.76166
772		10882.13		0.95339		0.96146		0.88083		0.88482		0.87565		0.88021		0.7617
773		10883.99		0.95372		0.96203		0.88601		0.9071		0.8601		0.88298		0.77306
774		10885.65		0.95385		0.9625		0.88083		0.91061		0.84456		0.87634		0.76367
775		10887.17		0.95399		0.96295		0.88601		0.9162		0.84974		0.88172		0.77406
776		10888.48		0.95439		0.96336		0.87824		0.8883		0.86528		0.87664		0.75673
777		10889.68		0.95458		0.96362		0.87824		0.87629		0.88083		0.87855		0.75649
778		10890.99		0.9539		0.96303		0.88083		0.87692		0.88601		0.88144		0.7617
779		10893.02		0.95348		0.96256		0.88342		0.88144		0.88601		0.88372		0.76685
780		10894.4		0.95356		0.96248		0.88083		0.88889		0.87047		0.87958		0.76182
781		10895.68		0.9531		0.96187		0.88342		0.90217		0.8601		0.88064		0.76767
782		10897.18		0.95299		0.96157		0.88342		0.90217		0.8601		0.88064		0.76767
783		10898.85		0.95339		0.9619		0.88601		0.8984		0.87047		0.88421		0.77239
784		10900.24		0.95361		0.96229		0.88342		0.88542		0.88083		0.88312		0.76685
785		10901.38		0.95388		0.96263		0.87824		0.88421		0.87047		0.87728		0.75657
786		10902.77		0.95439		0.96332		0.88342		0.89785		0.86528		0.88127		0.76734
787		10904.22		0.95471		0.96363		0.88342		0.90217		0.8601		0.88064		0.76767
788		10906.22		0.95492		0.96395		0.88083		0.8973		0.8601		0.87831		0.76231
789		10908.25		0.95479		0.96374		0.88083		0.8973		0.8601		0.87831		0.76231
790		10909.6		0.95471		0.96357		0.88342		0.89362		0.87047		0.88189		0.7671
791		10910.95		0.95431		0.96306		0.88342		0.88947		0.87565		0.88251		0.76693
792		10912.03		0.95444		0.96318		0.88601		0.89418		0.87565		0.88482		0.77219
793		10913.36		0.95423		0.96294		0.88342		0.89362		0.87047		0.88189		0.7671
794		10914.46		0.95409		0.96273		0.88342		0.88947		0.87565		0.88251		0.76693
795		10915.6		0.95425		0.96275		0.88342		0.88947		0.87565		0.88251		0.76693
796		10916.98		0.95423		0.96271		0.88601		0.89005		0.88083		0.88542		0.77206
797		10918.63		0.95364		0.96219		0.88083		0.8973		0.8601		0.87831		0.76231
798		10920.32		0.9531		0.96192		0.88083		0.8973		0.8601		0.87831		0.76231
799		10921.48		0.95264		0.96152		0.88083		0.8973		0.8601		0.87831		0.76231
800		10922.82		0.95246		0.96138		0.87565		0.89617		0.84974		0.87234		0.75231
801		10924.43		0.95348		0.96207		0.87824		0.89674		0.85492		0.87533		0.7573
802		10926.18		0.95401		0.96233		0.87565		0.89189		0.85492		0.87302		0.75194
803		10927.38		0.9535		0.96171		0.87565		0.87958		0.87047		0.875		0.75134
804		10928.56		0.95318		0.96145		0.88083		0.88083		0.88083		0.88083		0.76166
805		10929.87		0.95372		0.96208		0.87824		0.9011		0.84974		0.87467		0.75771
806		10931.4		0.95412		0.96264		0.88083		0.90608		0.84974		0.87701		0.76313
807		10933.21		0.95417		0.96252		0.88083		0.89305		0.86528		0.87895		0.76203
808		10934.96		0.95423		0.96268		0.87824		0.87629		0.88083		0.87855		0.75649
809		10936.58		0.9542		0.96282		0.88083		0.88083		0.88083		0.88083		0.76166
810		10938.2		0.9538		0.96259		0.88342		0.89362		0.87047		0.88189		0.7671
811		10939.89		0.95329		0.96226		0.88083		0.89305		0.86528		0.87895		0.76203
812		10941.42		0.95323		0.96219		0.87047		0.88235		0.85492		0.86842		0.74129
813		10942.76		0.95353		0.96235		0.87306		0.88298		0.8601		0.87139		0.74636
814		10944.17		0.95356		0.96233		0.87565		0.87958		0.87047		0.875		0.75134
815		10946.17		0.95361		0.96213		0.88083		0.88889		0.87047		0.87958		0.76182
816		10947.58		0.95409		0.96235		0.87824		0.8883		0.86528		0.87664		0.75673
817		10948.93		0.95364		0.96196		0.87047		0.88235		0.85492		0.86842		0.74129
818		10950.28		0.9535		0.96176		0.87306		0.8871		0.85492		0.87071		0.74661
819		10951.76		0.95291		0.96118		0.87565		0.8836		0.86528		0.87435		0.75146
820		10953.32		0.9524		0.96078		0.87565		0.8877		0.8601		0.87368		0.75166
821		10954.92		0.95141		0.96024		0.87824		0.89247		0.8601		0.87599		0.75697
822		10956.51		0.95138		0.96037		0.87824		0.89247		0.8601		0.87599		0.75697
823		10957.89		0.95197		0.96107		0.87565		0.89189		0.85492		0.87302		0.75194
824		10959.63		0.95286		0.96187		0.87824		0.89247		0.8601		0.87599		0.75697
825		10961.05		0.95388		0.96278		0.87824		0.89247		0.8601		0.87599		0.75697
826		10962.26		0.95476		0.96334		0.88083		0.8973		0.8601		0.87831		0.76231
827		10963.73		0.95533		0.96364		0.8886		0.91209		0.8601		0.88533		0.77847
828		10965.29		0.95519		0.96342		0.89119		0.91257		0.86528		0.8883		0.78344
829		10966.84		0.95517		0.96325		0.8886		0.90323		0.87047		0.88654		0.77771
830		10968.07		0.95522		0.96322		0.88342		0.88947		0.87565		0.88251		0.76693
831		10969.36		0.95487		0.963		0.8886		0.89894		0.87565		0.88714		0.77746
832		10970.63		0.95441		0.96269		0.88601		0.9027		0.86528		0.8836		0.77268
833		10972.34		0.95388		0.96221		0.88601		0.9027		0.86528		0.8836		0.77268
834		10973.92		0.9535		0.96197		0.88083		0.90164		0.85492		0.87766		0.76268
835		10975.07		0.95329		0.96167		0.87824		0.89674		0.85492		0.87533		0.7573
836		10976.39		0.95353		0.96193		0.88083		0.89305		0.86528		0.87895		0.76203
837		10977.53		0.95377		0.96216		0.88083		0.88889		0.87047		0.87958		0.76182
838		10978.71		0.95404		0.96247		0.87824		0.88421		0.87047		0.87728		0.75657
839		10979.83		0.9545		0.96279		0.87565		0.89617		0.84974		0.87234		0.75231
840		10981.4		0.95476		0.96314		0.87306		0.8913		0.84974		0.87003		0.74693
841		10982.92		0.95514		0.96336		0.88083		0.88482		0.87565		0.88021		0.7617
842		10984.63		0.95541		0.96352		0.88342		0.88542		0.88083		0.88312		0.76685
843		10986.42		0.95466		0.96273		0.8886		0.88265		0.89637		0.88946		0.7773
844		10987.57		0.95415		0.96229		0.88083		0.87692		0.88601		0.88144		0.7617
845		10988.82		0.95396		0.96235		0.87824		0.89247		0.8601		0.87599		0.75697
846		10989.98		0.95294		0.96161		0.88342		0.91111		0.84974		0.87936		0.76858
847		10991.22		0.9524		0.96118		0.88342		0.91111		0.84974		0.87936		0.76858
848		10992.38		0.95235		0.9611		0.87306		0.87895		0.86528		0.87206		0.7462
849		10993.72		0.95275		0.96139		0.87306		0.86364		0.88601		0.87468		0.74636
850		10995.4		0.9531		0.96161		0.87565		0.86802		0.88601		0.87692		0.75146
851		10997.47		0.9539		0.96232		0.87306		0.8871		0.85492		0.87071		0.74661
852		10999.22		0.95358		0.96218		0.88601		0.9162		0.84974		0.88172		0.77406
853		11001.16		0.95377		0.96226		0.87565		0.89617		0.84974		0.87234		0.75231
854		11002.44		0.95294		0.96125		0.88083		0.88083		0.88083		0.88083		0.76166
855		11003.62		0.95176		0.9602		0.87565		0.86802		0.88601		0.87692		0.75146
856		11004.77		0.95186		0.96095		0.87306		0.8871		0.85492		0.87071		0.74661
857		11005.89		0.95146		0.96104		0.88601		0.93064		0.8342		0.87978		0.7762
858		11007.21		0.95192		0.96151		0.87824		0.9011		0.84974		0.87467		0.75771
859		11008.33		0.95232		0.96184		0.87565		0.87958		0.87047		0.875		0.75134
860		11010.04		0.9524		0.9618		0.87824		0.87245		0.88601		0.87918		0.75657
861		11011.87		0.95318		0.96249		0.88083		0.88482		0.87565		0.88021		0.7617
862		11013.39		0.95307		0.96229		0.8886		0.90761		0.86528		0.88594		0.77805
863		11015.17		0.95313		0.96218		0.8886		0.91209		0.8601		0.88533		0.77847
864		11016.38		0.95323		0.96202		0.88601		0.9027		0.86528		0.8836		0.77268
865		11017.58		0.95302		0.96179		0.88342		0.87755		0.89119		0.88432		0.76693
866		11018.78		0.9531		0.96177		0.88083		0.87692		0.88601		0.88144		0.7617
867		11020.03		0.95329		0.96198		0.88083		0.88482		0.87565		0.88021		0.7617
868		11021.17		0.9531		0.96193		0.8886		0.89894		0.87565		0.88714		0.77746
869		11022.28		0.95288		0.96184		0.88083		0.8973		0.8601		0.87831		0.76231
870		11023.42		0.95283		0.9618		0.88083		0.89305		0.86528		0.87895		0.76203
871		11024.6		0.95235		0.96129		0.87824		0.8883		0.86528		0.87664		0.75673
872		11026.85		0.9517		0.96079		0.87565		0.87958		0.87047		0.875		0.75134
873		11028.56		0.95114		0.96013		0.87047		0.87435		0.86528		0.86979		0.74097
874		11029.85		0.95165		0.96054		0.86528		0.87302		0.85492		0.86387		0.73073
875		11030.96		0.95254		0.96132		0.88342		0.90659		0.85492		0.88		0.76809
876		11032.32		0.95353		0.96224		0.88342		0.92045		0.83938		0.87805		0.76983
877		11033.49		0.95321		0.96187		0.88342		0.88542		0.88083		0.88312		0.76685
878		11034.73		0.95213		0.96093		0.87824		0.87245		0.88601		0.87918		0.75657
879		11036.18		0.95243		0.96148		0.87824		0.89247		0.8601		0.87599		0.75697
880		11037.85		0.95211		0.9615		0.8886		0.93103		0.83938		0.88283		0.781
881		11039.36		0.95221		0.9613		0.88601		0.92571		0.83938		0.88043		0.7754
882		11041.1		0.95119		0.96018		0.88342		0.87374		0.89637		0.88491		0.7671
883		11042.47		0.95039		0.95909		0.87565		0.85024		0.91192		0.88		0.75328
884		11044.17		0.95092		0.96023		0.88083		0.91525		0.83938		0.87568		0.76429
885		11045.82		0.95095		0.96066		0.88083		0.91525		0.83938		0.87568		0.76429
886		11047.01		0.95106		0.96049		0.88342		0.87374		0.89637		0.88491		0.7671
887		11048.14		0.94883		0.95791		0.87047		0.84541		0.90674		0.875		0.74289
888		11049.29		0.95023		0.96043		0.88601		0.93567		0.82902		0.87912		0.77709
889		11050.53		0.94599		0.95488		0.87306		0.85644		0.89637		0.87595		0.74693
890		11051.64		0.94105		0.94932		0.86528		0.83732		0.90674		0.87065		0.73309
891		11052.78		0.94692		0.95673		0.87047		0.92814		0.80311		0.86111		0.74775
892		11053.89		0.95015		0.95959		0.8601		0.82028		0.92228		0.86829		0.72584
893		11055.25		0.94419		0.9554		0.88601		0.94611		0.81865		0.87778		0.77912
894		11057.0		0.94365		0.9525		0.86528		0.82488		0.92746		0.87317		0.73628
895		11058.95		0.94126		0.95219		0.86269		0.91176		0.80311		0.85399		0.7306
896		11060.76		0.94599		0.94986		0.85751		0.80804		0.93782		0.86811		0.72443
897		11062.83		0.92244		0.94169		0.84715		0.9589		0.72539		0.82596		0.71585
898		11063.99		0.84839		0.85017		0.62435		0.57407		0.96373		0.71954		0.33867
899		11065.14		0.91941		0.93173		0.79793		0.96748		0.61658		0.75316		0.63939
900		11066.35		0.92177		0.92688		0.82642		0.79717		0.87565		0.83457		0.65604
901		11067.68		0.92048		0.92838		0.79275		0.73251		0.92228		0.81651		0.60619
902		11069.1		0.92252		0.93471		0.85233		0.91975		0.77202		0.83944		0.71393
903		11070.98		0.92413		0.9346		0.81606		0.97656		0.64767		0.77882		0.67134
904		11072.57		0.93347		0.94241		0.84197		0.95833		0.71503		0.81899		0.70711
905		11074.11		0.9335		0.94312		0.84456		0.80365		0.91192		0.85437		0.69546
906		11075.58		0.93251		0.94062		0.79275		0.72157		0.95337		0.82143		0.61826
907		11076.74		0.93739		0.94518		0.8601		0.83254		0.90155		0.86567		0.72269
908		11078.04		0.93742		0.9456		0.83679		0.90625		0.7513		0.82153		0.68364
909		11079.24		0.9353		0.94421		0.83938		0.95804		0.70984		0.81548		0.70275
910		11080.48		0.93581		0.94524		0.84974		0.94702		0.74093		0.8314		0.71666
911		11081.62		0.94056		0.94936		0.8601		0.90173		0.80829		0.85246		0.72411
912		11082.73		0.94499		0.95242		0.85751		0.84848		0.87047		0.85934		0.71527
913		11083.94		0.94679		0.95321		0.86269		0.83981		0.89637		0.86717		0.72704
914		11085.07		0.94633		0.95225		0.85751		0.85567		0.8601		0.85788		0.71504
915		11086.84		0.94394		0.95055		0.86269		0.88889		0.82902		0.85791		0.72704
916		11088.37		0.94161		0.94828		0.86269		0.92169		0.79275		0.85237		0.73259
917		11089.48		0.94338		0.94915		0.8601		0.91617		0.79275		0.85		0.72683
918		11090.69		0.94483		0.94932		0.86269		0.89326		0.82383		0.85714		0.72759
919		11092.55		0.94695		0.95001		0.85492		0.85128		0.8601		0.85567		0.70988
920		11094.2		0.94709		0.9506		0.8601		0.88398		0.82902		0.85561		0.7216
921		11095.5		0.94564		0.95049		0.87306		0.92857		0.80829		0.86427		0.75245
922		11096.63		0.94615		0.9514		0.87306		0.93902		0.79793		0.86275		0.75468
923		11097.99		0.9455		0.95048		0.86788		0.90341		0.82383		0.86179		0.73862
924		11099.59		0.94582		0.94998		0.86528		0.86911		0.8601		0.86458		0.73061
925		11100.9		0.94679		0.95119		0.86528		0.88108		0.84456		0.86243		0.7312
926		11102.46		0.94942		0.9539		0.86528		0.90286		0.81865		0.8587		0.73377
927		11103.75		0.94974		0.95368		0.87047		0.89944		0.8342		0.86559		0.74289
928		11105.42		0.95111		0.95416		0.87047		0.88235		0.85492		0.86842		0.74129
929		11106.99		0.95133		0.95451		0.8601		0.86387		0.85492		0.85938		0.72025
930		11108.36		0.95125		0.95528		0.86269		0.88889		0.82902		0.85791		0.72704
931		11109.92		0.9513		0.95567		0.85751		0.87912		0.82902		0.85333		0.71619
932		11111.04		0.95106		0.95546		0.86528		0.87701		0.84974		0.86316		0.73092
933		11112.32		0.95149		0.95562		0.86528		0.87701		0.84974		0.86316		0.73092
934		11113.46		0.95098		0.9551		0.87824		0.8883		0.86528		0.87664		0.75673
935		11114.56		0.95152		0.956		0.87306		0.8871		0.85492		0.87071		0.74661
936		11115.79		0.95286		0.95713		0.87306		0.88298		0.8601		0.87139		0.74636
937		11117.18		0.95425		0.95843		0.87565		0.86802		0.88601		0.87692		0.75146
938		11118.57		0.95412		0.95854		0.86788		0.855		0.88601		0.87023		0.73624
939		11119.9		0.95581		0.96023		0.86528		0.86528		0.86528		0.86528		0.73057
940		11121.68		0.95734		0.96157		0.86788		0.87766		0.85492		0.86614		0.736
941		11123.35		0.95737		0.96156		0.87306		0.88298		0.8601		0.87139		0.74636
942		11125.37		0.95675		0.96091		0.86788		0.86979		0.86528		0.86753		0.73576
943		11127.33		0.95616		0.96061		0.86269		0.85714		0.87047		0.86375		0.72548
944		11128.56		0.95492		0.95943		0.86528		0.85427		0.88083		0.86735		0.73092
945		11129.89		0.95541		0.95988		0.87047		0.86667		0.87565		0.87113		0.74097
946		11131.22		0.95544		0.96001		0.86788		0.86979		0.86528		0.86753		0.73576
947		11133.35		0.95519		0.95957		0.87306		0.87113		0.87565		0.87339		0.74612
948		11135.16		0.95554		0.95964		0.87306		0.86735		0.88083		0.87404		0.7462
949		11136.53		0.95597		0.95994		0.87306		0.86735		0.88083		0.87404		0.7462
950		11137.96		0.95592		0.95983		0.87565		0.87565		0.87565		0.87565		0.7513
951		11139.28		0.95525		0.95914		0.87565		0.87565		0.87565		0.87565		0.7513
952		11140.58		0.95458		0.95854		0.86788		0.86598		0.87047		0.86822		0.73576
953		11141.9		0.95436		0.95874		0.87306		0.86735		0.88083		0.87404		0.7462
954		11143.22		0.95393		0.9585		0.87306		0.86364		0.88601		0.87468		0.74636
955		11144.84		0.95484		0.95959		0.87824		0.86869		0.89119		0.8798		0.75673
956		11146.28		0.95549		0.96051		0.88083		0.87692		0.88601		0.88144		0.7617
957		11147.89		0.95613		0.96133		0.87824		0.87629		0.88083		0.87855		0.75649
958		11149.36		0.95664		0.96183		0.87306		0.86364		0.88601		0.87468		0.74636
959		11150.75		0.95675		0.96184		0.87565		0.86802		0.88601		0.87692		0.75146
960		11152.06		0.95691		0.96187		0.87824		0.87245		0.88601		0.87918		0.75657
961		11153.56		0.9571		0.96191		0.87824		0.87245		0.88601		0.87918		0.75657
962		11155.16		0.95672		0.96135		0.87565		0.87179		0.88083		0.87629		0.75134
963		11156.84		0.95651		0.96106		0.87565		0.86802		0.88601		0.87692		0.75146
964		11158.08		0.95627		0.96078		0.87565		0.86802		0.88601		0.87692		0.75146
965		11159.55		0.95557		0.95984		0.88083		0.8731		0.89119		0.88205		0.76182
966		11161.28		0.95552		0.95975		0.87565		0.87179		0.88083		0.87629		0.75134
967		11163.04		0.95544		0.95957		0.87824		0.88021		0.87565		0.87792		0.75649
968		11164.58		0.95552		0.95959		0.87565		0.87565		0.87565		0.87565		0.7513
969		11165.91		0.95554		0.95968		0.87565		0.87958		0.87047		0.875		0.75134
970		11167.24		0.95584		0.96004		0.87565		0.87958		0.87047		0.875		0.75134
971		11168.65		0.95578		0.96007		0.87565		0.87958		0.87047		0.875		0.75134
972		11169.8		0.95629		0.96065		0.87306		0.87895		0.86528		0.87206		0.7462
973		11171.07		0.95624		0.96069		0.87565		0.87958		0.87047		0.875		0.75134
974		11172.94		0.95662		0.9611		0.87565		0.87565		0.87565		0.87565		0.7513
975		11174.19		0.95699		0.9615		0.87565		0.87565		0.87565		0.87565		0.7513
976		11175.5		0.95731		0.96194		0.87824		0.87629		0.88083		0.87855		0.75649
977		11176.64		0.9571		0.96178		0.87565		0.87179		0.88083		0.87629		0.75134
978		11177.91		0.95707		0.96176		0.87824		0.87245		0.88601		0.87918		0.75657
979		11179.18		0.95715		0.96197		0.87824		0.87629		0.88083		0.87855		0.75649
980		11180.58		0.95731		0.9621		0.87824		0.87629		0.88083		0.87855		0.75649
981		11182.18		0.95737		0.9621		0.87824		0.87629		0.88083		0.87855		0.75649
982		11183.88		0.95721		0.96195		0.88083		0.88083		0.88083		0.88083		0.76166
983		11185.32		0.95718		0.96187		0.88342		0.87755		0.89119		0.88432		0.76693
984		11186.79		0.95702		0.96171		0.88342		0.87755		0.89119		0.88432		0.76693
985		11188.54		0.95675		0.96136		0.88342		0.87755		0.89119		0.88432		0.76693
986		11189.97		0.95675		0.96146		0.88083		0.87692		0.88601		0.88144		0.7617
987		11191.28		0.95745		0.96203		0.87565		0.87565		0.87565		0.87565		0.7513
988		11192.58		0.9575		0.96206		0.87565		0.87565		0.87565		0.87565		0.7513
989		11193.98		0.95753		0.96208		0.87565		0.87958		0.87047		0.875		0.75134
990		11195.44		0.95726		0.96188		0.87565		0.87958		0.87047		0.875		0.75134
991		11197.1		0.95726		0.96189		0.87824		0.88021		0.87565		0.87792		0.75649
992		11198.48		0.95697		0.96153		0.87565		0.87565		0.87565		0.87565		0.7513
993		11199.74		0.95683		0.96144		0.87824		0.87629		0.88083		0.87855		0.75649
994		11201.27		0.95702		0.96167		0.87824		0.87629		0.88083		0.87855		0.75649
995		11202.79		0.95705		0.9618		0.87824		0.87629		0.88083		0.87855		0.75649
996		11204.2		0.95691		0.96166		0.87565		0.87179		0.88083		0.87629		0.75134
997		11205.56		0.95694		0.96169		0.88083		0.87692		0.88601		0.88144		0.7617
998		11207.18		0.95672		0.96152		0.88083		0.87692		0.88601		0.88144		0.7617
999		11208.47		0.9567		0.9615		0.87824		0.87629		0.88083		0.87855		0.75649
1000		11209.92		0.9564		0.96122		0.87565		0.87565		0.87565		0.87565		0.7513
fold: 8
Epoch		Time		AUC		AUPR		Accuracy		Precision		Recall		F1-score		Mcc
1		11212.41		0.79926		0.77117		0.5		0.5		1.0		0.66667		0.0
AUC improved at epoch  1 ;	best_auc: 0.7992563558753254
2		11214.25		0.80912		0.78511		0.73575		0.66667		0.94301		0.78112		0.51811
AUC improved at epoch  2 ;	best_auc: 0.809122392547451
3		11215.62		0.81044		0.79454		0.68394		0.76692		0.5285		0.62577		0.38705
AUC improved at epoch  3 ;	best_auc: 0.8104378641037343
4		11217.27		0.80711		0.79518		0.66321		0.79439		0.44041		0.56667		0.36463
5		11218.54		0.80177		0.79326		0.67617		0.76984		0.50259		0.60815		0.3757
6		11219.75		0.79769		0.79191		0.6943		0.7551		0.57513		0.65294		0.40013
7		11220.85		0.79296		0.78677		0.68394		0.70286		0.63731		0.66848		0.36949
8		11221.96		0.78993		0.78684		0.68394		0.68984		0.66839		0.67895		0.36805
9		11223.22		0.78607		0.7805		0.68135		0.68617		0.66839		0.67717		0.36282
10		11224.34		0.7808		0.76201		0.68135		0.67857		0.68912		0.6838		0.36274
11		11225.48		0.77403		0.7405		0.69689		0.68269		0.73575		0.70823		0.39498
12		11226.92		0.76045		0.70602		0.69171		0.66228		0.78238		0.71734		0.38988
13		11228.49		0.75973		0.70156		0.6943		0.6652		0.78238		0.71905		0.39478
14		11229.78		0.76716		0.70979		0.69948		0.67111		0.78238		0.72249		0.40456
15		11230.92		0.77538		0.7181		0.70466		0.67556		0.78756		0.72727		0.41507
16		11232.07		0.78705		0.72974		0.73057		0.68465		0.85492		0.76037		0.4761
17		11233.31		0.81096		0.77406		0.7487		0.70168		0.86528		0.77494		0.51151
AUC improved at epoch  17 ;	best_auc: 0.8109613680904186
18		11234.62		0.83371		0.81494		0.76425		0.72368		0.85492		0.78385		0.53741
AUC improved at epoch  18 ;	best_auc: 0.8337136567424629
19		11235.84		0.84029		0.82075		0.77461		0.71721		0.90674		0.80092		0.56946
AUC improved at epoch  19 ;	best_auc: 0.8402910145238799
20		11237.04		0.84179		0.82025		0.76943		0.71311		0.90155		0.79634		0.55872
AUC improved at epoch  20 ;	best_auc: 0.8417944105882037
21		11238.32		0.84112		0.81684		0.77461		0.72269		0.89119		0.79814		0.56479
22		11240.29		0.83954		0.81422		0.77202		0.70916		0.92228		0.8018		0.57041
23		11242.37		0.83914		0.81284		0.77202		0.71605		0.90155		0.79817		0.56327
24		11244.06		0.83793		0.81043		0.76684		0.71548		0.88601		0.79167		0.54952
25		11245.63		0.83634		0.8085		0.75907		0.70492		0.89119		0.78719		0.53723
26		11246.79		0.83648		0.80768		0.76684		0.71915		0.87565		0.78972		0.54678
27		11247.91		0.83771		0.80778		0.76684		0.72687		0.85492		0.78571		0.54216
28		11249.12		0.83787		0.80649		0.76943		0.71849		0.88601		0.7935		0.55413
29		11250.28		0.83855		0.80452		0.76425		0.71074		0.89119		0.7908		0.5464
30		11251.78		0.84112		0.80561		0.78238		0.74009		0.87047		0.8		0.57374
31		11253.4		0.84139		0.80486		0.76684		0.71915		0.87565		0.78972		0.54678
32		11254.66		0.84147		0.80396		0.76425		0.70565		0.90674		0.79365		0.55136
33		11255.82		0.84314		0.80498		0.78238		0.73391		0.88601		0.80282		0.5773
AUC improved at epoch  33 ;	best_auc: 0.8431367285027785
34		11256.99		0.84386		0.80528		0.77461		0.72083		0.89637		0.79908		0.56627
AUC improved at epoch  34 ;	best_auc: 0.843861580176649
35		11258.17		0.84351		0.80452		0.77461		0.71032		0.92746		0.80449		0.57684
36		11259.33		0.84561		0.80647		0.78238		0.73593		0.88083		0.80189		0.57604
AUC improved at epoch  36 ;	best_auc: 0.8456065934655964
37		11260.6		0.84545		0.80705		0.7772		0.72199		0.90155		0.80184		0.57239
38		11261.73		0.84518		0.80955		0.77202		0.71605		0.90155		0.79817		0.56327
39		11262.88		0.8466		0.81293		0.7772		0.73362		0.87047		0.79621		0.56431
AUC improved at epoch  39 ;	best_auc: 0.8465999087223818
40		11264.84		0.84628		0.81478		0.7772		0.72766		0.88601		0.79907		0.56802
41		11266.39		0.84593		0.81535		0.76943		0.71488		0.89637		0.7954		0.55711
42		11268.08		0.84692		0.8169		0.77979		0.73077		0.88601		0.80094		0.57266
AUC improved at epoch  42 ;	best_auc: 0.8469220650218797
43		11270.27		0.8495		0.82012		0.77979		0.73276		0.88083		0.8		0.57137
AUC improved at epoch  43 ;	best_auc: 0.8494993154178636
44		11271.55		0.85192		0.82492		0.7772		0.72199		0.90155		0.80184		0.57239
AUC improved at epoch  44 ;	best_auc: 0.8519154876640983
45		11273.39		0.85393		0.82673		0.77979		0.72881		0.89119		0.80186		0.57401
AUC improved at epoch  45 ;	best_auc: 0.8539289645359607
46		11275.06		0.85412		0.82681		0.78238		0.72996		0.89637		0.80465		0.58004
AUC improved at epoch  46 ;	best_auc: 0.8541168890440012
47		11276.98		0.85433		0.82697		0.78238		0.72996		0.89637		0.80465		0.58004
AUC improved at epoch  47 ;	best_auc: 0.8543316599103332
48		11278.32		0.8561		0.82956		0.78238		0.73391		0.88601		0.80282		0.5773
AUC improved at epoch  48 ;	best_auc: 0.856103519557572
49		11279.63		0.85707		0.83165		0.76684		0.7102		0.90155		0.79452		0.55417
AUC improved at epoch  49 ;	best_auc: 0.857069988456066
50		11280.77		0.85833		0.83231		0.78497		0.74554		0.86528		0.80096		0.57745
AUC improved at epoch  50 ;	best_auc: 0.8583317672957663
51		11281.97		0.85573		0.82911		0.7772		0.72385		0.89637		0.80093		0.57086
52		11283.1		0.8572		0.83031		0.78497		0.73707		0.88601		0.80471		0.58195
53		11284.3		0.86158		0.83647		0.78756		0.74449		0.87565		0.80476		0.58427
AUC improved at epoch  53 ;	best_auc: 0.8615801766490376
54		11285.62		0.86142		0.83629		0.7772		0.72199		0.90155		0.80184		0.57239
55		11286.77		0.85994		0.83366		0.78756		0.74236		0.88083		0.80569		0.5854
56		11288.63		0.86298		0.83776		0.77202		0.71605		0.90155		0.79817		0.56327
AUC improved at epoch  56 ;	best_auc: 0.8629761872801955
57		11289.9		0.86539		0.84098		0.79275		0.74672		0.88601		0.81043		0.59595
AUC improved at epoch  57 ;	best_auc: 0.8653923595264302
58		11291.19		0.86679		0.8435		0.77979		0.72689		0.89637		0.80278		0.57545
AUC improved at epoch  58 ;	best_auc: 0.8667883701575881
59		11292.35		0.86716		0.84347		0.78238		0.73391		0.88601		0.80282		0.5773
AUC improved at epoch  59 ;	best_auc: 0.867164219173669
60		11293.7		0.86894		0.84661		0.78238		0.73391		0.88601		0.80282		0.5773
AUC improved at epoch  60 ;	best_auc: 0.868936078820908
61		11295.36		0.87406		0.85388		0.78756		0.74236		0.88083		0.80569		0.5854
AUC improved at epoch  61 ;	best_auc: 0.874063733254584
62		11296.8		0.87543		0.85637		0.7772		0.72766		0.88601		0.79907		0.56802
AUC improved at epoch  62 ;	best_auc: 0.8754328975274505
63		11298.07		0.87551		0.85528		0.79275		0.7489		0.88083		0.80952		0.59479
AUC improved at epoch  63 ;	best_auc: 0.875513436602325
64		11299.44		0.88083		0.86231		0.76425		0.70732		0.90155		0.79271		0.54963
AUC improved at epoch  64 ;	best_auc: 0.8808290155440415
65		11301.23		0.8812		0.86124		0.8057		0.77315		0.86528		0.81663		0.61579
AUC improved at epoch  65 ;	best_auc: 0.8812048645601225
66		11303.19		0.88384		0.86757		0.76684		0.70683		0.91192		0.79638		0.55767
AUC improved at epoch  66 ;	best_auc: 0.8838358076726892
67		11304.85		0.88496		0.86548		0.79275		0.75566		0.86528		0.80676		0.59175
AUC improved at epoch  67 ;	best_auc: 0.8849633547209321
68		11305.98		0.88692		0.86771		0.79275		0.75566		0.86528		0.80676		0.59175
AUC improved at epoch  68 ;	best_auc: 0.8869231388762114
69		11307.15		0.88904		0.87115		0.77979		0.72314		0.90674		0.8046		0.57854
AUC improved at epoch  69 ;	best_auc: 0.8890440011812397
70		11308.3		0.88912		0.87082		0.80311		0.76233		0.88083		0.81731		0.61368
AUC improved at epoch  70 ;	best_auc: 0.8891245402561142
71		11309.59		0.88864		0.86961		0.8057		0.77315		0.86528		0.81663		0.61579
72		11310.71		0.8927		0.87318		0.78756		0.73029		0.91192		0.81106		0.59379
AUC improved at epoch  72 ;	best_auc: 0.8926951059088835
73		11311.92		0.89374		0.87475		0.79793		0.75109		0.89119		0.81517		0.6065
AUC improved at epoch  73 ;	best_auc: 0.8937421138822518
74		11313.28		0.89401		0.87633		0.81347		0.79512		0.84456		0.8191		0.62816
AUC improved at epoch  74 ;	best_auc: 0.8940105774651669
75		11314.8		0.89535		0.87914		0.79534		0.75		0.88601		0.81235		0.60063
AUC improved at epoch  75 ;	best_auc: 0.8953528953797418
76		11316.66		0.89546		0.88155		0.78497		0.73109		0.90155		0.80742		0.5861
AUC improved at epoch  76 ;	best_auc: 0.8954602808129077
77		11317.83		0.89761		0.88291		0.80052		0.76364		0.87047		0.81356		0.60701
AUC improved at epoch  77 ;	best_auc: 0.8976079894762276
78		11319.09		0.90016		0.88701		0.81606		0.78241		0.87565		0.82641		0.63666
AUC improved at epoch  78 ;	best_auc: 0.9001583935139199
79		11320.5		0.9019		0.89068		0.80052		0.75893		0.88083		0.81535		0.60894
AUC improved at epoch  79 ;	best_auc: 0.9019034068028672
80		11322.27		0.90118		0.89131		0.80052		0.75664		0.88601		0.81623		0.61002
81		11324.21		0.90287		0.89304		0.80311		0.76233		0.88083		0.81731		0.61368
AUC improved at epoch  81 ;	best_auc: 0.902869875701361
82		11326.27		0.90427		0.89543		0.8057		0.76818		0.87565		0.8184		0.61747
AUC improved at epoch  82 ;	best_auc: 0.904265886332519
83		11327.48		0.90378		0.8962		0.8057		0.76818		0.87565		0.8184		0.61747
84		11329.04		0.90486		0.89662		0.8057		0.76577		0.88083		0.81928		0.61842
AUC improved at epoch  84 ;	best_auc: 0.9048565062149319
85		11330.78		0.90776		0.90044		0.8057		0.76577		0.88083		0.81928		0.61842
AUC improved at epoch  85 ;	best_auc: 0.9077559129104138
86		11331.95		0.90972		0.90427		0.79793		0.76256		0.86528		0.81068		0.60134
AUC improved at epoch  86 ;	best_auc: 0.909715697065693
87		11333.47		0.91205		0.90664		0.80829		0.77674		0.86528		0.81863		0.62063
AUC improved at epoch  87 ;	best_auc: 0.9120513302370534
88		11335.28		0.91213		0.90725		0.80311		0.75325		0.90155		0.82075		0.61832
AUC improved at epoch  88 ;	best_auc: 0.9121318693119278
89		11336.45		0.91334		0.90803		0.82383		0.80788		0.84974		0.82828		0.64854
AUC improved at epoch  89 ;	best_auc: 0.9133399554350453
90		11337.6		0.91135		0.9075		0.80052		0.7377		0.93264		0.8238		0.62319
91		11338.77		0.91812		0.91295		0.82383		0.83069		0.81347		0.82199		0.64781
AUC improved at epoch  91 ;	best_auc: 0.9181186072109319
92		11340.07		0.91874		0.91448		0.82383		0.7907		0.88083		0.83333		0.65192
AUC improved at epoch  92 ;	best_auc: 0.9187360734516363
93		11341.25		0.91976		0.91716		0.81606		0.75417		0.93782		0.83603		0.65175
AUC improved at epoch  93 ;	best_auc: 0.9197562350667132
94		11342.68		0.92215		0.92069		0.82124		0.78972		0.87565		0.83047		0.64632
AUC improved at epoch  94 ;	best_auc: 0.9221455609546565
95		11344.27		0.92343		0.92189		0.82383		0.81726		0.8342		0.82564		0.64781
AUC improved at epoch  95 ;	best_auc: 0.9234341861526484
96		11346.05		0.92279		0.92124		0.80829		0.76682		0.88601		0.82212		0.62417
97		11347.35		0.9226		0.9209		0.81606		0.76754		0.90674		0.83135		0.64278
98		11348.7		0.92518		0.92285		0.82383		0.7907		0.88083		0.83333		0.65192
AUC improved at epoch  98 ;	best_auc: 0.9251791994415958
99		11350.35		0.92883		0.92688		0.82902		0.79812		0.88083		0.83744		0.66159
AUC improved at epoch  99 ;	best_auc: 0.9288303041692394
100		11351.97		0.92972		0.92895		0.83161		0.78319		0.9171		0.84487		0.67313
AUC improved at epoch  100 ;	best_auc: 0.9297162339928589
101		11353.42		0.9287		0.92854		0.84197		0.80841		0.89637		0.85012		0.68802
102		11354.61		0.92789		0.9278		0.84197		0.83		0.8601		0.84478		0.68439
103		11355.74		0.93082		0.93037		0.84715		0.81308		0.90155		0.85504		0.69845
AUC improved at epoch  103 ;	best_auc: 0.9308169346828103
104		11356.9		0.93302		0.93166		0.82642		0.77391		0.92228		0.84161		0.66519
AUC improved at epoch  104 ;	best_auc: 0.933018336062713
105		11358.25		0.93412		0.92962		0.84456		0.82439		0.87565		0.84925		0.69046
AUC improved at epoch  105 ;	best_auc: 0.9341190367526646
106		11360.26		0.93356		0.93044		0.83938		0.8134		0.88083		0.84577		0.6811
107		11361.5		0.93449		0.93387		0.84456		0.79295		0.93264		0.85714		0.70007
AUC improved at epoch  107 ;	best_auc: 0.9344948857687454
108		11362.95		0.93385		0.93445		0.84456		0.83085		0.86528		0.84772		0.68971
109		11364.54		0.93417		0.93391		0.84197		0.82673		0.86528		0.84557		0.68468
110		11366.39		0.93506		0.93303		0.84456		0.80365		0.91192		0.85437		0.69546
AUC improved at epoch  110 ;	best_auc: 0.9350586592928669
111		11367.61		0.9393		0.9366		0.85492		0.82464		0.90155		0.86139		0.71295
AUC improved at epoch  111 ;	best_auc: 0.9393003839029235
112		11368.86		0.94107		0.93961		0.85233		0.82075		0.90155		0.85926		0.7081
AUC improved at epoch  112 ;	best_auc: 0.9410722435501624
113		11370.03		0.93825		0.93803		0.84715		0.835		0.86528		0.84987		0.69476
114		11371.31		0.93962		0.93927		0.85751		0.85204		0.86528		0.85861		0.71511
115		11372.97		0.94301		0.94164		0.87047		0.84878		0.90155		0.87437		0.74237
AUC improved at epoch  115 ;	best_auc: 0.9430051813471503
116		11374.5		0.94529		0.94396		0.86528		0.83099		0.9171		0.87192		0.73452
AUC improved at epoch  116 ;	best_auc: 0.9452871218019276
117		11375.93		0.94507		0.94455		0.86269		0.83333		0.90674		0.86849		0.72822
118		11377.66		0.94443		0.94395		0.87047		0.8593		0.88601		0.87245		0.74129
119		11379.18		0.94521		0.94383		0.86269		0.83333		0.90674		0.86849		0.72822
120		11380.44		0.9502		0.94832		0.87306		0.86		0.89119		0.87532		0.74661
AUC improved at epoch  120 ;	best_auc: 0.9502000053692716
121		11381.79		0.95		0.94864		0.85751		0.82243		0.91192		0.86486		0.7193
122		11383.06		0.94969		0.94871		0.87047		0.86294		0.88083		0.87179		0.74109
123		11384.57		0.94743		0.94646		0.87306		0.84951		0.90674		0.87719		0.74781
124		11386.19		0.94929		0.94822		0.87047		0.84541		0.90674		0.875		0.74289
125		11388.3		0.9517		0.95048		0.86269		0.82407		0.92228		0.87042		0.7306
AUC improved at epoch  125 ;	best_auc: 0.9517034014335957
126		11390.05		0.95568		0.95376		0.87824		0.87245		0.88601		0.87918		0.75657
AUC improved at epoch  126 ;	best_auc: 0.9556766624607371
127		11391.36		0.94985		0.94814		0.87047		0.82949		0.93264		0.87805		0.74673
128		11393.05		0.94974		0.94915		0.87565		0.86802		0.88601		0.87692		0.75146
129		11394.74		0.95329		0.95239		0.86528		0.8439		0.89637		0.86935		0.73199
130		11395.92		0.95527		0.95346		0.87565		0.83721		0.93264		0.88235		0.75622
131		11397.09		0.95568		0.95325		0.88601		0.867		0.91192		0.88889		0.77306
AUC improved at epoch  131 ;	best_auc: 0.9556766624607372
132		11398.37		0.95101		0.94952		0.87565		0.84689		0.9171		0.8806		0.75389
133		11400.11		0.95436		0.95226		0.87824		0.865		0.89637		0.88041		0.75697
134		11401.51		0.95538		0.9533		0.87306		0.82432		0.94819		0.88193		0.75468
135		11403.12		0.95707		0.9551		0.89378		0.86893		0.92746		0.89724		0.78936
AUC improved at epoch  135 ;	best_auc: 0.957072673091895
136		11404.6		0.95573		0.95408		0.88342		0.85238		0.92746		0.88834		0.76983
137		11406.29		0.95428		0.95359		0.87306		0.83333		0.93264		0.8802		0.75147
138		11407.47		0.9618		0.96127		0.89378		0.88776		0.90155		0.8946		0.78766
AUC improved at epoch  138 ;	best_auc: 0.9617976321511987
139		11408.62		0.9609		0.95991		0.87565		0.81659		0.96891		0.88626		0.76472
140		11409.83		0.96024		0.95904		0.87824		0.83796		0.93782		0.88509		0.76191
141		11411.11		0.95921		0.959		0.8886		0.875		0.90674		0.89059		0.77771
142		11413.02		0.95413		0.95395		0.88342		0.85922		0.9171		0.88722		0.76858
143		11414.14		0.95941		0.95846		0.87824		0.84762		0.92228		0.88337		0.75943
144		11415.31		0.96056		0.95908		0.88601		0.84332		0.94819		0.89268		0.77806
145		11416.52		0.96306		0.96144		0.88083		0.8296		0.95855		0.88942		0.77103
AUC improved at epoch  145 ;	best_auc: 0.963059410990899
146		11417.67		0.9636		0.96233		0.89637		0.86256		0.94301		0.90099		0.79622
AUC improved at epoch  146 ;	best_auc: 0.9635963381567291
147		11418.81		0.96228		0.96208		0.89896		0.87379		0.93264		0.90226		0.79974
148		11419.92		0.95995		0.95928		0.88342		0.84906		0.93264		0.88889		0.77058
149		11421.06		0.96266		0.96113		0.89378		0.85849		0.94301		0.89877		0.79141
150		11422.3		0.96244		0.96013		0.89637		0.85915		0.94819		0.90148		0.79704
151		11424.02		0.96011		0.95747		0.88601		0.84018		0.95337		0.8932		0.77912
152		11425.75		0.95844		0.95658		0.89896		0.87019		0.93782		0.90274		0.80035
153		11427.46		0.95981		0.95845		0.88601		0.8599		0.92228		0.89		0.77406
154		11429.12		0.96072		0.95959		0.88601		0.85308		0.93264		0.89109		0.7754
155		11430.25		0.96154		0.96052		0.88083		0.83562		0.94819		0.88835		0.76866
156		11431.79		0.96315		0.96221		0.88601		0.84332		0.94819		0.89268		0.77806
157		11433.41		0.96467		0.9639		0.90155		0.8673		0.94819		0.90594		0.80662
AUC improved at epoch  157 ;	best_auc: 0.9646701924883889
158		11434.74		0.96464		0.96334		0.90415		0.875		0.94301		0.90773		0.81074
159		11435.91		0.96348		0.96133		0.89637		0.86256		0.94301		0.90099		0.79622
160		11437.1		0.96248		0.96013		0.89378		0.8619		0.93782		0.89826		0.79064
161		11438.28		0.9622		0.95969		0.88601		0.84977		0.93782		0.89163		0.7762
162		11439.8		0.96182		0.95886		0.88601		0.84977		0.93782		0.89163		0.7762
163		11441.68		0.96274		0.95999		0.89119		0.85782		0.93782		0.89604		0.78581
164		11442.82		0.96264		0.96038		0.89896		0.86321		0.94819		0.9037		0.80182
165		11443.96		0.96378		0.9622		0.90155		0.8673		0.94819		0.90594		0.80662
166		11445.23		0.96317		0.96139		0.89896		0.86321		0.94819		0.9037		0.80182
167		11446.34		0.96313		0.96085		0.89637		0.85915		0.94819		0.90148		0.79704
168		11447.77		0.96282		0.96014		0.89378		0.85849		0.94301		0.89877		0.79141
169		11449.5		0.96225		0.95971		0.8886		0.85377		0.93782		0.89383		0.781
170		11451.04		0.96174		0.95954		0.8886		0.86058		0.92746		0.89277		0.77956
171		11452.43		0.96315		0.96092		0.88601		0.85646		0.92746		0.89055		0.77469
172		11454.26		0.96487		0.96266		0.89637		0.86256		0.94301		0.90099		0.79622
AUC improved at epoch  172 ;	best_auc: 0.9648715401755752
173		11455.41		0.96561		0.96352		0.89896		0.86667		0.94301		0.90323		0.80104
AUC improved at epoch  173 ;	best_auc: 0.9656098150285913
174		11456.66		0.96452		0.96209		0.89896		0.86667		0.94301		0.90323		0.80104
175		11458.8		0.96301		0.96037		0.89637		0.86256		0.94301		0.90099		0.79622
176		11460.7		0.96264		0.95998		0.89378		0.85849		0.94301		0.89877		0.79141
177		11461.82		0.9626		0.9599		0.89637		0.85915		0.94819		0.90148		0.79704
178		11462.97		0.96306		0.96029		0.89378		0.85514		0.94819		0.89926		0.79227
179		11464.1		0.96326		0.96074		0.88601		0.84332		0.94819		0.89268		0.77806
180		11465.65		0.96338		0.96108		0.88601		0.84332		0.94819		0.89268		0.77806
181		11467.21		0.9636		0.96172		0.89119		0.85446		0.94301		0.89655		0.78662
182		11468.34		0.96361		0.96249		0.89896		0.87019		0.93782		0.90274		0.80035
183		11469.53		0.96331		0.96229		0.90415		0.87864		0.93782		0.90727		0.81013
184		11470.8		0.96348		0.96238		0.89896		0.87019		0.93782		0.90274		0.80035
185		11472.4		0.96302		0.96142		0.89378		0.85849		0.94301		0.89877		0.79141
186		11478.42		0.96321		0.96112		0.89119		0.85446		0.94301		0.89655		0.78662
187		11483.76		0.96376		0.96161		0.8886		0.85714		0.93264		0.8933		0.78023
188		11488.09		0.96399		0.96175		0.90155		0.87805		0.93264		0.90452		0.80467
189		11489.97		0.9636		0.96155		0.89378		0.86893		0.92746		0.89724		0.78936
190		11491.27		0.96235		0.96021		0.88342		0.85238		0.92746		0.88834		0.76983
191		11492.48		0.96165		0.9591		0.88083		0.84507		0.93264		0.8867		0.76578
192		11493.74		0.9622		0.95975		0.87824		0.84112		0.93264		0.88452		0.76099
193		11494.99		0.96334		0.961		0.87824		0.84112		0.93264		0.88452		0.76099
194		11496.12		0.96377		0.96174		0.89119		0.86124		0.93264		0.89552		0.78509
195		11497.2		0.96392		0.96211		0.88601		0.85308		0.93264		0.89109		0.7754
196		11498.33		0.96369		0.96201		0.88601		0.85308		0.93264		0.89109		0.7754
197		11499.45		0.9633		0.96181		0.88342		0.84906		0.93264		0.88889		0.77058
198		11501.2		0.9633		0.96199		0.89119		0.85446		0.94301		0.89655		0.78662
199		11502.61		0.96373		0.96266		0.89119		0.85446		0.94301		0.89655		0.78662
200		11503.73		0.9647		0.96325		0.89637		0.86256		0.94301		0.90099		0.79622
201		11505.12		0.96448		0.96288		0.89637		0.86256		0.94301		0.90099		0.79622
202		11506.98		0.96442		0.96258		0.89896		0.86667		0.94301		0.90323		0.80104
203		11508.22		0.96521		0.96349		0.89637		0.86256		0.94301		0.90099		0.79622
204		11509.39		0.96451		0.9628		0.88601		0.84977		0.93782		0.89163		0.7762
205		11511.04		0.96335		0.96157		0.88342		0.84259		0.94301		0.88998		0.77234
206		11512.61		0.96286		0.96102		0.88601		0.84651		0.94301		0.89216		0.77709
207		11514.73		0.96335		0.96149		0.8886		0.85047		0.94301		0.89435		0.78184
208		11516.03		0.96353		0.96174		0.89896		0.87019		0.93782		0.90274		0.80035
209		11517.39		0.96344		0.96172		0.90415		0.87864		0.93782		0.90727		0.81013
210		11519.07		0.96399		0.96162		0.90155		0.87805		0.93264		0.90452		0.80467
211		11520.49		0.96403		0.96111		0.89119		0.86124		0.93264		0.89552		0.78509
212		11521.59		0.96322		0.95979		0.8886		0.85714		0.93264		0.8933		0.78023
213		11522.72		0.96368		0.96003		0.89637		0.86256		0.94301		0.90099		0.79622
214		11523.83		0.96361		0.95984		0.89378		0.85849		0.94301		0.89877		0.79141
215		11525.46		0.96421		0.96142		0.89896		0.86667		0.94301		0.90323		0.80104
216		11527.02		0.96459		0.96253		0.90674		0.87923		0.94301		0.91		0.81562
217		11528.16		0.96476		0.96362		0.90933		0.8835		0.94301		0.91228		0.82052
218		11529.29		0.96401		0.96286		0.90155		0.8744		0.93782		0.905		0.80523
219		11530.41		0.96275		0.96156		0.89119		0.86124		0.93264		0.89552		0.78509
220		11531.67		0.96232		0.96106		0.89119		0.86124		0.93264		0.89552		0.78509
221		11532.9		0.96246		0.96067		0.89896		0.87019		0.93782		0.90274		0.80035
222		11534.09		0.96344		0.96176		0.89896		0.87379		0.93264		0.90226		0.79974
223		11535.34		0.96327		0.96129		0.89637		0.86957		0.93264		0.9		0.79484
224		11536.61		0.96254		0.9599		0.8886		0.85377		0.93782		0.89383		0.781
225		11538.16		0.96158		0.95787		0.89119		0.85116		0.94819		0.89706		0.78752
226		11540.14		0.96095		0.95667		0.89637		0.85581		0.95337		0.90196		0.79795
227		11541.63		0.96229		0.95886		0.89896		0.86667		0.94301		0.90323		0.80104
228		11543.36		0.96384		0.96086		0.90415		0.875		0.94301		0.90773		0.81074
229		11544.62		0.96451		0.96217		0.90674		0.88293		0.93782		0.90955		0.81505
230		11545.77		0.96373		0.96176		0.90155		0.87081		0.94301		0.90547		0.80588
231		11546.99		0.96314		0.96131		0.89896		0.86667		0.94301		0.90323		0.80104
232		11548.24		0.9624		0.96009		0.89896		0.86667		0.94301		0.90323		0.80104
233		11549.52		0.96028		0.95699		0.89378		0.85849		0.94301		0.89877		0.79141
234		11551.17		0.95999		0.95553		0.8886		0.85047		0.94301		0.89435		0.78184
235		11552.65		0.96125		0.95686		0.88601		0.84977		0.93782		0.89163		0.7762
236		11554.49		0.96131		0.95789		0.88601		0.85308		0.93264		0.89109		0.7754
237		11556.16		0.96115		0.95832		0.88083		0.85167		0.92228		0.88557		0.76429
238		11557.35		0.96109		0.95829		0.87824		0.84762		0.92228		0.88337		0.75943
239		11558.58		0.96165		0.9585		0.87824		0.85096		0.9171		0.88279		0.75877
240		11559.69		0.96288		0.9596		0.89378		0.86893		0.92746		0.89724		0.78936
241		11560.94		0.96368		0.96083		0.89896		0.87379		0.93264		0.90226		0.79974
242		11562.06		0.96431		0.96182		0.90674		0.87923		0.94301		0.91		0.81562
243		11563.19		0.96342		0.96134		0.90674		0.8756		0.94819		0.91045		0.81628
244		11564.31		0.96196		0.95935		0.90155		0.8673		0.94819		0.90594		0.80662
245		11565.55		0.96135		0.95872		0.89378		0.85514		0.94819		0.89926		0.79227
246		11567.26		0.96149		0.95921		0.89637		0.85915		0.94819		0.90148		0.79704
247		11569.02		0.9616		0.95928		0.89896		0.86667		0.94301		0.90323		0.80104
248		11570.71		0.96164		0.95916		0.89637		0.86957		0.93264		0.9		0.79484
249		11571.97		0.96118		0.95824		0.89119		0.87192		0.9171		0.89394		0.78344
250		11573.33		0.96056		0.95648		0.90155		0.8744		0.93782		0.905		0.80523
251		11575.1		0.95946		0.95413		0.89119		0.85782		0.93782		0.89604		0.78581
252		11576.63		0.95935		0.95355		0.89119		0.85782		0.93782		0.89604		0.78581
253		11577.92		0.96062		0.95435		0.89896		0.86667		0.94301		0.90323		0.80104
254		11579.35		0.96141		0.95517		0.90415		0.87143		0.94819		0.90819		0.81144
255		11581.28		0.96228		0.95655		0.90155		0.87081		0.94301		0.90547		0.80588
256		11583.2		0.96251		0.95744		0.90933		0.8835		0.94301		0.91228		0.82052
257		11584.56		0.96221		0.9577		0.90674		0.87923		0.94301		0.91		0.81562
258		11585.69		0.96154		0.95797		0.89637		0.86256		0.94301		0.90099		0.79622
259		11586.9		0.96047		0.95793		0.88342		0.84579		0.93782		0.88943		0.77142
260		11588.16		0.96097		0.95872		0.88083		0.84186		0.93782		0.88725		0.76666
261		11589.45		0.96209		0.96002		0.88342		0.84579		0.93782		0.88943		0.77142
262		11590.68		0.96404		0.96231		0.89896		0.87379		0.93264		0.90226		0.79974
263		11591.94		0.96439		0.96233		0.90674		0.8867		0.93264		0.90909		0.81457
264		11593.43		0.96344		0.96021		0.89896		0.87379		0.93264		0.90226		0.79974
265		11595.09		0.9613		0.9569		0.90155		0.8744		0.93782		0.905		0.80523
266		11596.3		0.9591		0.95277		0.89637		0.85915		0.94819		0.90148		0.79704
267		11597.46		0.96027		0.95584		0.89378		0.86538		0.93264		0.89776		0.78995
268		11598.79		0.96186		0.95817		0.90155		0.87805		0.93264		0.90452		0.80467
269		11600.02		0.96275		0.95968		0.90415		0.88614		0.92746		0.90633		0.80917
270		11601.4		0.96364		0.96054		0.90674		0.89055		0.92746		0.90863		0.81417
271		11603.07		0.96376		0.96029		0.90674		0.8867		0.93264		0.90909		0.81457
272		11604.64		0.96207		0.95816		0.90415		0.875		0.94301		0.90773		0.81074
273		11605.81		0.96106		0.95657		0.89378		0.85849		0.94301		0.89877		0.79141
274		11607.68		0.96117		0.95708		0.89637		0.86256		0.94301		0.90099		0.79622
275		11609.02		0.96313		0.95978		0.89637		0.86256		0.94301		0.90099		0.79622
276		11610.44		0.96424		0.96165		0.89637		0.86256		0.94301		0.90099		0.79622
277		11612.36		0.96428		0.96229		0.89119		0.85782		0.93782		0.89604		0.78581
278		11613.65		0.96403		0.96211		0.90155		0.87081		0.94301		0.90547		0.80588
279		11614.77		0.96346		0.96143		0.90933		0.8835		0.94301		0.91228		0.82052
280		11615.93		0.96191		0.95935		0.90155		0.87081		0.94301		0.90547		0.80588
281		11617.25		0.96007		0.95617		0.89119		0.85782		0.93782		0.89604		0.78581
282		11618.59		0.9591		0.95434		0.89119		0.85782		0.93782		0.89604		0.78581
283		11620.45		0.96127		0.95693		0.90155		0.8744		0.93782		0.905		0.80523
284		11621.83		0.96299		0.9589		0.89637		0.87317		0.92746		0.8995		0.79428
285		11623.19		0.96295		0.95887		0.89119		0.86124		0.93264		0.89552		0.78509
286		11624.35		0.96263		0.95842		0.88601		0.85308		0.93264		0.89109		0.7754
287		11625.96		0.96219		0.95755		0.88601		0.85308		0.93264		0.89109		0.7754
288		11627.66		0.96201		0.95725		0.87824		0.84762		0.92228		0.88337		0.75943
289		11628.79		0.96192		0.95704		0.8886		0.86058		0.92746		0.89277		0.77956
290		11630.31		0.96172		0.95729		0.89378		0.86538		0.93264		0.89776		0.78995
291		11631.71		0.96165		0.95784		0.89896		0.87019		0.93782		0.90274		0.80035
292		11633.82		0.9618		0.95833		0.90155		0.8744		0.93782		0.905		0.80523
293		11635.3		0.96254		0.95927		0.90155		0.8744		0.93782		0.905		0.80523
294		11636.61		0.9629		0.95978		0.90155		0.8744		0.93782		0.905		0.80523
295		11637.76		0.96287		0.95962		0.90415		0.875		0.94301		0.90773		0.81074
296		11639.0		0.96148		0.95731		0.89637		0.86603		0.93782		0.9005		0.79548
297		11640.17		0.9608		0.95593		0.89378		0.86538		0.93264		0.89776		0.78995
298		11641.96		0.96027		0.95506		0.8886		0.85714		0.93264		0.8933		0.78023
299		11643.46		0.96029		0.95522		0.8886		0.86058		0.92746		0.89277		0.77956
300		11644.69		0.95945		0.95398		0.89119		0.86473		0.92746		0.895		0.78445
301		11646.4		0.9586		0.95264		0.89378		0.86893		0.92746		0.89724		0.78936
302		11647.89		0.95833		0.95196		0.89637		0.87317		0.92746		0.8995		0.79428
303		11649.15		0.95875		0.95211		0.89378		0.86538		0.93264		0.89776		0.78995
304		11650.34		0.9591		0.95269		0.89637		0.86957		0.93264		0.9		0.79484
305		11651.44		0.96004		0.95429		0.89637		0.86603		0.93782		0.9005		0.79548
306		11652.76		0.96122		0.95659		0.90155		0.87081		0.94301		0.90547		0.80588
307		11653.94		0.96157		0.95758		0.90415		0.875		0.94301		0.90773		0.81074
308		11655.15		0.96156		0.95788		0.89896		0.87379		0.93264		0.90226		0.79974
309		11656.3		0.96191		0.95811		0.89637		0.87317		0.92746		0.8995		0.79428
310		11657.75		0.96169		0.95808		0.89378		0.87255		0.92228		0.89673		0.78885
311		11659.85		0.96138		0.95752		0.89637		0.87317		0.92746		0.8995		0.79428
312		11661.49		0.9611		0.95665		0.89637		0.87317		0.92746		0.8995		0.79428
313		11663.08		0.96142		0.95656		0.89896		0.87379		0.93264		0.90226		0.79974
314		11664.24		0.9616		0.95632		0.89637		0.87317		0.92746		0.8995		0.79428
315		11665.47		0.96192		0.9566		0.89637		0.87317		0.92746		0.8995		0.79428
316		11666.63		0.96149		0.95569		0.89637		0.87317		0.92746		0.8995		0.79428
317		11667.74		0.96133		0.95544		0.89896		0.87379		0.93264		0.90226		0.79974
318		11668.84		0.96098		0.95524		0.89637		0.86957		0.93264		0.9		0.79484
319		11670.32		0.96088		0.95608		0.89119		0.86473		0.92746		0.895		0.78445
320		11672.43		0.95999		0.95558		0.88601		0.85646		0.92746		0.89055		0.77469
321		11674.2		0.96003		0.95568		0.8886		0.85714		0.93264		0.8933		0.78023
322		11675.31		0.96093		0.9566		0.89119		0.86124		0.93264		0.89552		0.78509
323		11676.41		0.96153		0.95731		0.89637		0.86957		0.93264		0.9		0.79484
324		11677.64		0.96168		0.95744		0.90155		0.8744		0.93782		0.905		0.80523
325		11678.75		0.96071		0.95547		0.89378		0.87255		0.92228		0.89673		0.78885
326		11679.98		0.95922		0.95358		0.89119		0.86473		0.92746		0.895		0.78445
327		11681.11		0.95795		0.95246		0.8886		0.86058		0.92746		0.89277		0.77956
328		11682.42		0.95866		0.95357		0.8886		0.86058		0.92746		0.89277		0.77956
329		11684.5		0.95864		0.95371		0.89378		0.86538		0.93264		0.89776		0.78995
330		11685.7		0.95931		0.95499		0.89378		0.86893		0.92746		0.89724		0.78936
331		11687.52		0.95982		0.95524		0.8886		0.86408		0.92228		0.89223		0.77897
332		11689.27		0.95993		0.95462		0.8886		0.86058		0.92746		0.89277		0.77956
333		11690.93		0.96015		0.95438		0.89119		0.85782		0.93782		0.89604		0.78581
334		11692.06		0.9593		0.95293		0.8886		0.85047		0.94301		0.89435		0.78184
335		11693.25		0.95766		0.95139		0.89119		0.85782		0.93782		0.89604		0.78581
336		11694.4		0.95699		0.95095		0.89119		0.86124		0.93264		0.89552		0.78509
337		11695.91		0.95833		0.95267		0.90415		0.88235		0.93264		0.9068		0.80961
338		11697.55		0.95899		0.95333		0.89896		0.885		0.9171		0.90076		0.79845
339		11699.01		0.95926		0.95327		0.90415		0.88614		0.92746		0.90633		0.80917
340		11700.11		0.95972		0.9533		0.90415		0.88235		0.93264		0.9068		0.80961
341		11701.29		0.96023		0.95375		0.89119		0.85782		0.93782		0.89604		0.78581
342		11702.51		0.96056		0.95431		0.89378		0.85514		0.94819		0.89926		0.79227
343		11704.29		0.96144		0.95577		0.89896		0.86321		0.94819		0.9037		0.80182
344		11705.8		0.962		0.95713		0.89378		0.8619		0.93782		0.89826		0.79064
345		11707.07		0.96225		0.95747		0.90415		0.88235		0.93264		0.9068		0.80961
346		11708.25		0.96067		0.95546		0.90155		0.88177		0.92746		0.90404		0.80419
347		11709.51		0.95821		0.95208		0.90155		0.87805		0.93264		0.90452		0.80467
348		11711.45		0.95629		0.94994		0.89119		0.86473		0.92746		0.895		0.78445
349		11712.62		0.95597		0.9495		0.89119		0.86829		0.92228		0.89447		0.7839
350		11714.17		0.958		0.95253		0.89119		0.86829		0.92228		0.89447		0.7839
351		11715.96		0.95953		0.95472		0.89119		0.86473		0.92746		0.895		0.78445
352		11717.12		0.96098		0.95645		0.89119		0.86473		0.92746		0.895		0.78445
353		11718.3		0.96148		0.95696		0.89119		0.86473		0.92746		0.895		0.78445
354		11719.41		0.96129		0.95686		0.8886		0.86058		0.92746		0.89277		0.77956
355		11720.64		0.96141		0.95701		0.88601		0.85646		0.92746		0.89055		0.77469
356		11721.81		0.96127		0.95655		0.8886		0.85714		0.93264		0.8933		0.78023
357		11723.65		0.96056		0.9552		0.89378		0.8619		0.93782		0.89826		0.79064
358		11724.78		0.96087		0.95555		0.89637		0.87317		0.92746		0.8995		0.79428
359		11725.97		0.96135		0.95591		0.90155		0.88177		0.92746		0.90404		0.80419
360		11727.19		0.96157		0.95619		0.89896		0.88119		0.92228		0.90127		0.7988
361		11728.36		0.9622		0.9566		0.89637		0.87685		0.92228		0.89899		0.79381
362		11729.5		0.9617		0.95595		0.89637		0.87685		0.92228		0.89899		0.79381
363		11730.61		0.96148		0.95567		0.89378		0.87255		0.92228		0.89673		0.78885
364		11731.85		0.96139		0.95561		0.89119		0.86829		0.92228		0.89447		0.7839
365		11733.49		0.96211		0.95693		0.89637		0.86957		0.93264		0.9		0.79484
366		11735.71		0.9617		0.95656		0.89637		0.86957		0.93264		0.9		0.79484
367		11736.97		0.96173		0.95651		0.89896		0.87379		0.93264		0.90226		0.79974
368		11738.28		0.96189		0.95719		0.89637		0.87317		0.92746		0.8995		0.79428
369		11739.67		0.96227		0.95838		0.89637		0.87317		0.92746		0.8995		0.79428
370		11741.16		0.96182		0.95806		0.89637		0.87317		0.92746		0.8995		0.79428
371		11742.8		0.96091		0.95702		0.89637		0.87317		0.92746		0.8995		0.79428
372		11744.32		0.96011		0.95599		0.89637		0.87317		0.92746		0.8995		0.79428
373		11745.55		0.95901		0.95415		0.89378		0.86893		0.92746		0.89724		0.78936
374		11747.15		0.95844		0.95347		0.89378		0.87255		0.92228		0.89673		0.78885
375		11748.69		0.95773		0.95253		0.89378		0.86893		0.92746		0.89724		0.78936
376		11750.5		0.95801		0.95264		0.89896		0.87379		0.93264		0.90226		0.79974
377		11752.02		0.95851		0.953		0.89637		0.86957		0.93264		0.9		0.79484
378		11753.83		0.95925		0.9532		0.89896		0.87019		0.93782		0.90274		0.80035
379		11754.98		0.95953		0.95302		0.89637		0.86957		0.93264		0.9		0.79484
380		11756.11		0.96		0.95329		0.89378		0.86538		0.93264		0.89776		0.78995
381		11757.41		0.95984		0.95316		0.89119		0.86124		0.93264		0.89552		0.78509
382		11758.6		0.95993		0.95331		0.89119		0.86124		0.93264		0.89552		0.78509
383		11759.83		0.96028		0.95437		0.89378		0.86538		0.93264		0.89776		0.78995
384		11761.03		0.96059		0.95498		0.89896		0.87019		0.93782		0.90274		0.80035
385		11762.33		0.96051		0.95545		0.90674		0.88293		0.93782		0.90955		0.81505
386		11763.7		0.95996		0.95494		0.90415		0.88614		0.92746		0.90633		0.80917
387		11765.17		0.95895		0.95392		0.89637		0.87317		0.92746		0.8995		0.79428
388		11767.1		0.95764		0.95201		0.89378		0.86893		0.92746		0.89724		0.78936
389		11768.94		0.95758		0.95214		0.89378		0.86893		0.92746		0.89724		0.78936
390		11770.59		0.95773		0.95236		0.88601		0.8599		0.92228		0.89		0.77406
391		11772.05		0.95844		0.95292		0.88601		0.8599		0.92228		0.89		0.77406
392		11773.62		0.95909		0.9535		0.89119		0.86829		0.92228		0.89447		0.7839
393		11775.09		0.95935		0.95385		0.89378		0.86893		0.92746		0.89724		0.78936
394		11776.45		0.95876		0.95299		0.89896		0.87019		0.93782		0.90274		0.80035
395		11777.61		0.95781		0.95088		0.89378		0.85849		0.94301		0.89877		0.79141
396		11778.79		0.95758		0.9501		0.89637		0.86256		0.94301		0.90099		0.79622
397		11780.39		0.95781		0.9504		0.89637		0.86603		0.93782		0.9005		0.79548
398		11781.86		0.95805		0.95087		0.89378		0.86538		0.93264		0.89776		0.78995
399		11783.1		0.95784		0.95153		0.89119		0.86829		0.92228		0.89447		0.7839
400		11784.22		0.95748		0.95166		0.88601		0.8599		0.92228		0.89		0.77406
401		11785.39		0.9577		0.95184		0.88601		0.85646		0.92746		0.89055		0.77469
402		11786.52		0.95753		0.95088		0.88342		0.85238		0.92746		0.88834		0.76983
403		11787.83		0.95753		0.95071		0.8886		0.86058		0.92746		0.89277		0.77956
404		11789.07		0.95797		0.95042		0.89378		0.86893		0.92746		0.89724		0.78936
405		11790.28		0.95883		0.95124		0.89637		0.86957		0.93264		0.9		0.79484
406		11791.63		0.9593		0.95135		0.89637		0.86957		0.93264		0.9		0.79484
407		11793.52		0.9598		0.95181		0.89637		0.86957		0.93264		0.9		0.79484
408		11794.99		0.95965		0.95185		0.89896		0.87019		0.93782		0.90274		0.80035
409		11796.16		0.96004		0.95268		0.89896		0.87019		0.93782		0.90274		0.80035
410		11797.55		0.95981		0.95265		0.89896		0.87019		0.93782		0.90274		0.80035
411		11799.83		0.95899		0.95279		0.89637		0.86957		0.93264		0.9		0.79484
412		11801.63		0.95915		0.95399		0.89378		0.86893		0.92746		0.89724		0.78936
413		11802.82		0.95884		0.95403		0.89119		0.86829		0.92228		0.89447		0.7839
414		11804.13		0.95786		0.95293		0.89378		0.86893		0.92746		0.89724		0.78936
415		11805.48		0.95713		0.95121		0.89378		0.86893		0.92746		0.89724		0.78936
416		11807.19		0.95748		0.95056		0.89378		0.86893		0.92746		0.89724		0.78936
417		11808.44		0.95804		0.95049		0.89896		0.87379		0.93264		0.90226		0.79974
418		11809.53		0.95891		0.95098		0.89896		0.87379		0.93264		0.90226		0.79974
419		11810.96		0.95969		0.95262		0.89637		0.86957		0.93264		0.9		0.79484
420		11812.58		0.95962		0.95292		0.90155		0.8744		0.93782		0.905		0.80523
421		11814.3		0.95949		0.95346		0.89896		0.87019		0.93782		0.90274		0.80035
422		11815.56		0.95895		0.95281		0.89896		0.87379		0.93264		0.90226		0.79974
423		11816.7		0.95815		0.95081		0.89896		0.87379		0.93264		0.90226		0.79974
424		11818.47		0.9579		0.95039		0.90155		0.87805		0.93264		0.90452		0.80467
425		11819.96		0.95752		0.94963		0.90155		0.87805		0.93264		0.90452		0.80467
426		11821.14		0.95815		0.95035		0.89896		0.87745		0.92746		0.90176		0.79923
427		11822.29		0.95856		0.95056		0.89896		0.87379		0.93264		0.90226		0.79974
428		11823.41		0.95898		0.95103		0.90155		0.8744		0.93782		0.905		0.80523
429		11824.89		0.95949		0.95186		0.89896		0.87019		0.93782		0.90274		0.80035
430		11826.52		0.95984		0.95238		0.89637		0.86603		0.93782		0.9005		0.79548
431		11827.81		0.96093		0.95457		0.89637		0.86603		0.93782		0.9005		0.79548
432		11829.19		0.96119		0.95498		0.89637		0.86603		0.93782		0.9005		0.79548
433		11831.06		0.96084		0.95486		0.89637		0.86603		0.93782		0.9005		0.79548
434		11833.02		0.95982		0.95332		0.89896		0.87379		0.93264		0.90226		0.79974
435		11834.3		0.9585		0.95098		0.89896		0.86667		0.94301		0.90323		0.80104
436		11835.66		0.95686		0.94907		0.89119		0.85782		0.93782		0.89604		0.78581
437		11836.94		0.95597		0.94845		0.89378		0.8619		0.93782		0.89826		0.79064
438		11838.14		0.95742		0.95001		0.89637		0.86603		0.93782		0.9005		0.79548
439		11839.24		0.95878		0.95203		0.89896		0.87379		0.93264		0.90226		0.79974
440		11840.34		0.95957		0.95288		0.90415		0.87864		0.93782		0.90727		0.81013
441		11841.47		0.9608		0.95432		0.89896		0.87019		0.93782		0.90274		0.80035
442		11842.76		0.96084		0.95395		0.89896		0.86321		0.94819		0.9037		0.80182
443		11844.32		0.96103		0.95465		0.89637		0.86256		0.94301		0.90099		0.79622
444		11845.71		0.9611		0.95515		0.90155		0.87081		0.94301		0.90547		0.80588
445		11847.31		0.96142		0.95647		0.90415		0.87864		0.93782		0.90727		0.81013
446		11848.63		0.96154		0.95625		0.89896		0.87745		0.92746		0.90176		0.79923
447		11849.77		0.96135		0.9556		0.89637		0.87685		0.92228		0.89899		0.79381
448		11851.24		0.95954		0.95171		0.90674		0.87923		0.94301		0.91		0.81562
449		11852.94		0.95749		0.94799		0.89637		0.86256		0.94301		0.90099		0.79622
450		11854.31		0.95558		0.94566		0.8886		0.85714		0.93264		0.8933		0.78023
451		11855.8		0.95807		0.94999		0.8886		0.86765		0.9171		0.89169		0.77847
452		11857.13		0.95811		0.95224		0.8886		0.86408		0.92228		0.89223		0.77897
453		11859.04		0.95748		0.95257		0.8886		0.86058		0.92746		0.89277		0.77956
454		11860.94		0.95656		0.95255		0.88342		0.85238		0.92746		0.88834		0.76983
455		11862.68		0.95761		0.95377		0.88601		0.85646		0.92746		0.89055		0.77469
456		11863.92		0.95933		0.95571		0.88601		0.8599		0.92228		0.89		0.77406
457		11865.04		0.96083		0.95755		0.89378		0.87255		0.92228		0.89673		0.78885
458		11866.16		0.9618		0.95824		0.89896		0.87745		0.92746		0.90176		0.79923
459		11867.27		0.96164		0.95798		0.89637		0.87685		0.92228		0.89899		0.79381
460		11868.86		0.96028		0.95599		0.89378		0.87255		0.92228		0.89673		0.78885
461		11871.14		0.95883		0.95394		0.89378		0.87255		0.92228		0.89673		0.78885
462		11872.62		0.95683		0.95052		0.89119		0.86473		0.92746		0.895		0.78445
463		11873.76		0.95472		0.94729		0.88601		0.8599		0.92228		0.89		0.77406
464		11875.07		0.95443		0.94529		0.88083		0.85507		0.9171		0.885		0.76367
465		11876.26		0.95509		0.9454		0.89119		0.86124		0.93264		0.89552		0.78509
466		11877.51		0.95641		0.94762		0.8886		0.86058		0.92746		0.89277		0.77956
467		11878.96		0.95809		0.95046		0.88601		0.8599		0.92228		0.89		0.77406
468		11880.45		0.96075		0.95486		0.89119		0.87192		0.9171		0.89394		0.78344
469		11882.06		0.96209		0.95796		0.8886		0.86765		0.9171		0.89169		0.77847
470		11883.6		0.96256		0.95916		0.89119		0.86473		0.92746		0.895		0.78445
471		11885.32		0.96191		0.9586		0.89119		0.86124		0.93264		0.89552		0.78509
472		11886.92		0.9616		0.95777		0.8886		0.85714		0.93264		0.8933		0.78023
473		11888.25		0.96072		0.95608		0.89119		0.86124		0.93264		0.89552		0.78509
474		11889.57		0.95948		0.95399		0.89896		0.87379		0.93264		0.90226		0.79974
475		11891.38		0.95922		0.95394		0.89896		0.87745		0.92746		0.90176		0.79923
476		11892.82		0.95867		0.95312		0.89119		0.86829		0.92228		0.89447		0.7839
477		11893.97		0.95895		0.95359		0.89119		0.86829		0.92228		0.89447		0.7839
478		11895.21		0.95982		0.95403		0.8886		0.86765		0.9171		0.89169		0.77847
479		11896.54		0.95948		0.95332		0.88601		0.8599		0.92228		0.89		0.77406
480		11898.2		0.95836		0.95158		0.88601		0.85646		0.92746		0.89055		0.77469
481		11899.42		0.95774		0.95074		0.88342		0.85238		0.92746		0.88834		0.76983
482		11900.75		0.95762		0.95027		0.88342		0.85238		0.92746		0.88834		0.76983
483		11901.94		0.95788		0.95026		0.8886		0.85714		0.93264		0.8933		0.78023
484		11903.06		0.95774		0.94969		0.88601		0.85308		0.93264		0.89109		0.7754
485		11904.2		0.95776		0.94966		0.8886		0.85714		0.93264		0.8933		0.78023
486		11905.38		0.95731		0.94941		0.8886		0.85714		0.93264		0.8933		0.78023
487		11906.66		0.95687		0.94937		0.89119		0.86473		0.92746		0.895		0.78445
488		11908.01		0.95682		0.94978		0.89378		0.86893		0.92746		0.89724		0.78936
489		11909.35		0.95654		0.94924		0.89637		0.87317		0.92746		0.8995		0.79428
490		11911.55		0.9559		0.9482		0.8886		0.86408		0.92228		0.89223		0.77897
491		11913.21		0.95483		0.94597		0.89119		0.86829		0.92228		0.89447		0.7839
492		11914.31		0.95474		0.94566		0.89378		0.86893		0.92746		0.89724		0.78936
493		11915.43		0.95495		0.94498		0.8886		0.85714		0.93264		0.8933		0.78023
494		11916.51		0.95545		0.94512		0.88601		0.84651		0.94301		0.89216		0.77709
495		11917.76		0.95713		0.9473		0.90155		0.8673		0.94819		0.90594		0.80662
496		11919.15		0.95792		0.94926		0.89896		0.87019		0.93782		0.90274		0.80035
497		11920.74		0.95829		0.95006		0.89637		0.86957		0.93264		0.9		0.79484
498		11922.33		0.95777		0.95015		0.89378		0.86893		0.92746		0.89724		0.78936
499		11924.24		0.95648		0.94957		0.89119		0.86473		0.92746		0.895		0.78445
500		11925.48		0.95535		0.94887		0.89119		0.86473		0.92746		0.895		0.78445
501		11926.64		0.95549		0.94934		0.89119		0.86473		0.92746		0.895		0.78445
502		11927.77		0.95573		0.94987		0.89637		0.87317		0.92746		0.8995		0.79428
503		11929.68		0.95655		0.95015		0.89637		0.87317		0.92746		0.8995		0.79428
504		11931.22		0.95613		0.94847		0.89637		0.87317		0.92746		0.8995		0.79428
505		11932.33		0.95603		0.94713		0.89119		0.86473		0.92746		0.895		0.78445
506		11933.51		0.95576		0.94601		0.8886		0.86058		0.92746		0.89277		0.77956
507		11935.27		0.95662		0.94636		0.89119		0.86124		0.93264		0.89552		0.78509
508		11936.8		0.95785		0.948		0.89378		0.86538		0.93264		0.89776		0.78995
509		11938.11		0.95868		0.94916		0.89637		0.86603		0.93782		0.9005		0.79548
510		11939.55		0.95901		0.94977		0.89637		0.86957		0.93264		0.9		0.79484
511		11941.29		0.95839		0.94907		0.89637		0.86957		0.93264		0.9		0.79484
512		11942.97		0.95636		0.94704		0.89637		0.86957		0.93264		0.9		0.79484
513		11944.3		0.9555		0.94659		0.89637		0.86957		0.93264		0.9		0.79484
514		11945.53		0.95646		0.9487		0.89378		0.86538		0.93264		0.89776		0.78995
515		11946.75		0.95749		0.95065		0.90155		0.8744		0.93782		0.905		0.80523
516		11948.71		0.95841		0.95278		0.90415		0.87864		0.93782		0.90727		0.81013
517		11950.16		0.95914		0.95375		0.90415		0.87864		0.93782		0.90727		0.81013
518		11951.98		0.95886		0.95245		0.90155		0.87081		0.94301		0.90547		0.80588
519		11953.13		0.95746		0.94948		0.89378		0.86538		0.93264		0.89776		0.78995
520		11954.29		0.95699		0.94902		0.89119		0.86124		0.93264		0.89552		0.78509
521		11955.57		0.95858		0.95121		0.89637		0.86603		0.93782		0.9005		0.79548
522		11956.81		0.95899		0.95105		0.89896		0.87019		0.93782		0.90274		0.80035
523		11957.99		0.95717		0.94733		0.89637		0.86957		0.93264		0.9		0.79484
524		11959.17		0.95503		0.9443		0.8886		0.86058		0.92746		0.89277		0.77956
525		11960.48		0.95423		0.94254		0.88601		0.85646		0.92746		0.89055		0.77469
526		11961.8		0.95399		0.94212		0.8886		0.86058		0.92746		0.89277		0.77956
527		11963.39		0.95648		0.94631		0.90155		0.88177		0.92746		0.90404		0.80419
528		11964.98		0.95788		0.94851		0.90155		0.88177		0.92746		0.90404		0.80419
529		11966.27		0.95895		0.95028		0.89637		0.87685		0.92228		0.89899		0.79381
530		11967.51		0.95919		0.95089		0.8886		0.86058		0.92746		0.89277		0.77956
531		11968.87		0.95866		0.95034		0.89119		0.86124		0.93264		0.89552		0.78509
532		11970.56		0.95883		0.95047		0.88601		0.85308		0.93264		0.89109		0.7754
533		11972.0		0.95803		0.94929		0.8886		0.85714		0.93264		0.8933		0.78023
534		11973.54		0.95698		0.94835		0.89378		0.8619		0.93782		0.89826		0.79064
535		11974.69		0.95687		0.9482		0.89378		0.8619		0.93782		0.89826		0.79064
536		11976.36		0.95682		0.94855		0.89378		0.87255		0.92228		0.89673		0.78885
537		11977.72		0.95729		0.94963		0.89119		0.86829		0.92228		0.89447		0.7839
538		11978.84		0.9576		0.95025		0.89119		0.86829		0.92228		0.89447		0.7839
539		11980.64		0.95713		0.94923		0.8886		0.86058		0.92746		0.89277		0.77956
540		11982.25		0.95707		0.94878		0.8886		0.86058		0.92746		0.89277		0.77956
541		11983.45		0.95805		0.94963		0.88342		0.85577		0.92228		0.88778		0.76917
542		11984.65		0.95808		0.94991		0.89378		0.87255		0.92228		0.89673		0.78885
543		11986.09		0.95866		0.95071		0.89378		0.87255		0.92228		0.89673		0.78885
544		11987.34		0.95937		0.95182		0.89119		0.87192		0.9171		0.89394		0.78344
545		11989.27		0.95825		0.94985		0.89637		0.86957		0.93264		0.9		0.79484
546		11991.03		0.95688		0.94847		0.89378		0.86538		0.93264		0.89776		0.78995
547		11992.67		0.95589		0.94755		0.88601		0.85308		0.93264		0.89109		0.7754
548		11993.93		0.95573		0.94766		0.8886		0.85714		0.93264		0.8933		0.78023
549		11995.12		0.95656		0.94874		0.89378		0.86538		0.93264		0.89776		0.78995
550		11996.24		0.95902		0.95236		0.89119		0.86829		0.92228		0.89447		0.7839
551		11997.45		0.95913		0.95219		0.89119		0.86829		0.92228		0.89447		0.7839
552		11999.19		0.95894		0.95133		0.89119		0.86473		0.92746		0.895		0.78445
553		12001.35		0.95805		0.9489		0.88601		0.8599		0.92228		0.89		0.77406
554		12002.55		0.95761		0.94829		0.88342		0.85577		0.92228		0.88778		0.76917
555		12003.68		0.95721		0.94856		0.88601		0.8599		0.92228		0.89		0.77406
556		12004.9		0.95816		0.95126		0.89119		0.87192		0.9171		0.89394		0.78344
557		12006.23		0.95744		0.95065		0.89378		0.88		0.91192		0.89567		0.78808
558		12007.4		0.95624		0.94738		0.89637		0.87685		0.92228		0.89899		0.79381
559		12009.09		0.95506		0.94489		0.89378		0.86893		0.92746		0.89724		0.78936
560		12010.69		0.95517		0.94467		0.8886		0.85714		0.93264		0.8933		0.78023
561		12012.33		0.95557		0.94533		0.89378		0.8619		0.93782		0.89826		0.79064
562		12013.96		0.95609		0.94615		0.89637		0.86603		0.93782		0.9005		0.79548
563		12015.11		0.95651		0.94697		0.90415		0.875		0.94301		0.90773		0.81074
564		12016.23		0.95715		0.94818		0.90155		0.8744		0.93782		0.905		0.80523
565		12017.5		0.95682		0.94811		0.89378		0.86893		0.92746		0.89724		0.78936
566		12018.68		0.95557		0.94641		0.89119		0.86473		0.92746		0.895		0.78445
567		12019.85		0.95463		0.94478		0.8886		0.86408		0.92228		0.89223		0.77897
568		12021.03		0.95452		0.94446		0.8886		0.86408		0.92228		0.89223		0.77897
569		12022.14		0.95501		0.94465		0.89119		0.86829		0.92228		0.89447		0.7839
570		12023.58		0.95623		0.94604		0.89637		0.87685		0.92228		0.89899		0.79381
571		12025.6		0.95605		0.94525		0.89896		0.87745		0.92746		0.90176		0.79923
572		12026.91		0.95529		0.94378		0.89637		0.87317		0.92746		0.8995		0.79428
573		12028.38		0.9548		0.94251		0.89119		0.85782		0.93782		0.89604		0.78581
574		12030.1		0.95486		0.94239		0.8886		0.85377		0.93782		0.89383		0.781
575		12031.26		0.95573		0.94428		0.89637		0.86603		0.93782		0.9005		0.79548
576		12032.42		0.9567		0.94631		0.89896		0.87379		0.93264		0.90226		0.79974
577		12033.59		0.95735		0.94758		0.89378		0.87255		0.92228		0.89673		0.78885
578		12034.86		0.95656		0.94682		0.89378		0.87255		0.92228		0.89673		0.78885
579		12036.01		0.95588		0.94587		0.89119		0.86829		0.92228		0.89447		0.7839
580		12037.18		0.95474		0.9447		0.89119		0.86473		0.92746		0.895		0.78445
581		12038.32		0.95474		0.9449		0.89378		0.86538		0.93264		0.89776		0.78995
582		12039.94		0.95458		0.94447		0.8886		0.86058		0.92746		0.89277		0.77956
583		12041.77		0.95456		0.94509		0.89378		0.86893		0.92746		0.89724		0.78936
584		12043.51		0.95454		0.94491		0.89119		0.86473		0.92746		0.895		0.78445
585		12044.9		0.9539		0.94342		0.89119		0.86829		0.92228		0.89447		0.7839
586		12046.9		0.95352		0.94343		0.89378		0.87255		0.92228		0.89673		0.78885
587		12048.06		0.95319		0.94324		0.89119		0.87192		0.9171		0.89394		0.78344
588		12049.19		0.95354		0.9433		0.8886		0.86765		0.9171		0.89169		0.77847
589		12050.42		0.95443		0.94299		0.8886		0.86765		0.9171		0.89169		0.77847
590		12051.53		0.95491		0.94264		0.88601		0.86341		0.9171		0.88945		0.77352
591		12052.8		0.95519		0.94205		0.88601		0.8599		0.92228		0.89		0.77406
592		12054.43		0.95464		0.94128		0.88601		0.84977		0.93782		0.89163		0.7762
593		12055.73		0.9553		0.94339		0.89119		0.85782		0.93782		0.89604		0.78581
594		12057.08		0.95585		0.9453		0.88601		0.85646		0.92746		0.89055		0.77469
595		12058.58		0.95615		0.94604		0.89378		0.86893		0.92746		0.89724		0.78936
596		12059.98		0.95588		0.94597		0.89637		0.87317		0.92746		0.8995		0.79428
597		12061.34		0.95506		0.94446		0.89119		0.86473		0.92746		0.895		0.78445
598		12062.79		0.95415		0.94257		0.88342		0.85238		0.92746		0.88834		0.76983
599		12064.39		0.95467		0.94352		0.88342		0.85238		0.92746		0.88834		0.76983
600		12065.77		0.95498		0.9438		0.88601		0.85646		0.92746		0.89055		0.77469
601		12066.96		0.95623		0.9451		0.89378		0.86538		0.93264		0.89776		0.78995
602		12068.08		0.95666		0.94532		0.89378		0.86893		0.92746		0.89724		0.78936
603		12069.3		0.95439		0.94172		0.88601		0.85308		0.93264		0.89109		0.7754
604		12070.69		0.95264		0.9389		0.8886		0.85714		0.93264		0.8933		0.78023
605		12071.89		0.95381		0.94266		0.8886		0.86765		0.9171		0.89169		0.77847
606		12073.05		0.95586		0.94637		0.89896		0.885		0.9171		0.90076		0.79845
607		12074.36		0.95636		0.94686		0.89896		0.885		0.9171		0.90076		0.79845
608		12075.92		0.95586		0.94596		0.89378		0.86893		0.92746		0.89724		0.78936
609		12077.8		0.95488		0.94375		0.88342		0.85238		0.92746		0.88834		0.76983
610		12079.61		0.95556		0.94462		0.88342		0.85238		0.92746		0.88834		0.76983
611		12080.8		0.95801		0.94923		0.89119		0.86473		0.92746		0.895		0.78445
612		12082.41		0.95893		0.952		0.89378		0.86893		0.92746		0.89724		0.78936
613		12084.06		0.95637		0.94838		0.89637		0.87317		0.92746		0.8995		0.79428
614		12085.66		0.95361		0.94474		0.8886		0.86058		0.92746		0.89277		0.77956
615		12086.86		0.95475		0.94546		0.89119		0.86124		0.93264		0.89552		0.78509
616		12088.03		0.95615		0.94567		0.89896		0.87019		0.93782		0.90274		0.80035
617		12089.46		0.95711		0.94584		0.90155		0.87805		0.93264		0.90452		0.80467
618		12090.89		0.95686		0.94502		0.90415		0.87864		0.93782		0.90727		0.81013
619		12092.72		0.95663		0.94417		0.90155		0.8744		0.93782		0.905		0.80523
620		12094.02		0.95593		0.94328		0.90415		0.87864		0.93782		0.90727		0.81013
621		12095.2		0.9548		0.94228		0.89896		0.87379		0.93264		0.90226		0.79974
622		12096.72		0.95522		0.94365		0.89896		0.87745		0.92746		0.90176		0.79923
623		12097.94		0.95494		0.94289		0.89637		0.87685		0.92228		0.89899		0.79381
624		12099.16		0.95458		0.94341		0.89378		0.87255		0.92228		0.89673		0.78885
625		12100.4		0.95506		0.94425		0.88342		0.85577		0.92228		0.88778		0.76917
626		12101.67		0.95691		0.94733		0.88601		0.85646		0.92746		0.89055		0.77469
627		12102.88		0.95715		0.94803		0.88601		0.85646		0.92746		0.89055		0.77469
628		12104.58		0.95698		0.94781		0.89119		0.86124		0.93264		0.89552		0.78509
629		12106.07		0.95637		0.94706		0.89378		0.86893		0.92746		0.89724		0.78936
630		12107.74		0.95548		0.9462		0.89637		0.86957		0.93264		0.9		0.79484
631		12109.75		0.95492		0.94556		0.89896		0.87379		0.93264		0.90226		0.79974
632		12111.71		0.9546		0.9454		0.89896		0.87379		0.93264		0.90226		0.79974
633		12113.01		0.95586		0.94658		0.90155		0.87805		0.93264		0.90452		0.80467
634		12114.11		0.95682		0.94715		0.89896		0.87379		0.93264		0.90226		0.79974
635		12115.34		0.9569		0.94732		0.89896		0.87379		0.93264		0.90226		0.79974
636		12116.64		0.95688		0.94707		0.89896		0.87019		0.93782		0.90274		0.80035
637		12118.19		0.95651		0.94611		0.89119		0.85782		0.93782		0.89604		0.78581
638		12119.74		0.95589		0.94478		0.89119		0.85782		0.93782		0.89604		0.78581
639		12120.84		0.95535		0.94336		0.89119		0.86124		0.93264		0.89552		0.78509
640		12122.06		0.95537		0.94338		0.89378		0.86538		0.93264		0.89776		0.78995
641		12123.19		0.95471		0.94248		0.89637		0.86957		0.93264		0.9		0.79484
642		12124.27		0.95403		0.94154		0.89637		0.86957		0.93264		0.9		0.79484
643		12125.37		0.954		0.94241		0.89378		0.86893		0.92746		0.89724		0.78936
644		12126.59		0.95385		0.94328		0.89119		0.86124		0.93264		0.89552		0.78509
645		12127.7		0.95377		0.9433		0.8886		0.85714		0.93264		0.8933		0.78023
646		12128.95		0.95423		0.94353		0.88601		0.85308		0.93264		0.89109		0.7754
647		12130.67		0.95475		0.94364		0.88342		0.84579		0.93782		0.88943		0.77142
648		12132.0		0.95572		0.94409		0.88601		0.84977		0.93782		0.89163		0.7762
649		12133.08		0.95648		0.94512		0.88601		0.85308		0.93264		0.89109		0.7754
650		12134.21		0.95664		0.94544		0.89119		0.86124		0.93264		0.89552		0.78509
651		12135.33		0.95597		0.94443		0.89119		0.86124		0.93264		0.89552		0.78509
652		12136.66		0.95488		0.94396		0.89378		0.86893		0.92746		0.89724		0.78936
653		12138.09		0.95433		0.94469		0.8886		0.86408		0.92228		0.89223		0.77897
654		12139.83		0.95349		0.94496		0.89119		0.86829		0.92228		0.89447		0.7839
655		12141.11		0.95502		0.94618		0.89378		0.87255		0.92228		0.89673		0.78885
656		12142.71		0.95632		0.94611		0.89637		0.87317		0.92746		0.8995		0.79428
657		12144.27		0.95595		0.94366		0.8886		0.86058		0.92746		0.89277		0.77956
658		12145.39		0.95576		0.94165		0.88601		0.84977		0.93782		0.89163		0.7762
659		12146.59		0.9546		0.93939		0.88342		0.84906		0.93264		0.88889		0.77058
660		12147.71		0.95519		0.94252		0.88601		0.8599		0.92228		0.89		0.77406
661		12149.03		0.95459		0.94349		0.88601		0.86341		0.9171		0.88945		0.77352
662		12150.31		0.9537		0.94315		0.8886		0.86765		0.9171		0.89169		0.77847
663		12151.52		0.95232		0.9412		0.88342		0.85922		0.9171		0.88722		0.76858
664		12152.8		0.95152		0.93919		0.89119		0.86473		0.92746		0.895		0.78445
665		12154.19		0.95305		0.94043		0.89378		0.86893		0.92746		0.89724		0.78936
666		12156.08		0.9551		0.94211		0.90155		0.8744		0.93782		0.905		0.80523
667		12157.44		0.95514		0.94175		0.90155		0.8744		0.93782		0.905		0.80523
668		12158.67		0.95492		0.94117		0.89896		0.87019		0.93782		0.90274		0.80035
669		12159.87		0.95456		0.94198		0.90155		0.8744		0.93782		0.905		0.80523
670		12161.19		0.95468		0.94282		0.89119		0.86473		0.92746		0.895		0.78445
671		12162.48		0.95534		0.94441		0.8886		0.86058		0.92746		0.89277		0.77956
672		12163.63		0.95574		0.94532		0.8886		0.86058		0.92746		0.89277		0.77956
673		12164.83		0.95613		0.94512		0.89378		0.86538		0.93264		0.89776		0.78995
674		12166.13		0.95655		0.94471		0.89637		0.86256		0.94301		0.90099		0.79622
675		12167.35		0.95586		0.94341		0.89119		0.85446		0.94301		0.89655		0.78662
676		12169.13		0.95494		0.94242		0.89637		0.86256		0.94301		0.90099		0.79622
677		12170.65		0.95392		0.94165		0.89378		0.86538		0.93264		0.89776		0.78995
678		12172.12		0.95343		0.94179		0.89637		0.86957		0.93264		0.9		0.79484
679		12173.57		0.95322		0.94215		0.89378		0.86893		0.92746		0.89724		0.78936
680		12174.99		0.9533		0.9421		0.8886		0.86765		0.9171		0.89169		0.77847
681		12176.47		0.95331		0.9417		0.8886		0.86408		0.92228		0.89223		0.77897
682		12178.35		0.95417		0.94208		0.89637		0.86603		0.93782		0.9005		0.79548
683		12180.3		0.95468		0.94184		0.89378		0.8619		0.93782		0.89826		0.79064
684		12182.03		0.95483		0.94209		0.89637		0.86603		0.93782		0.9005		0.79548
685		12183.23		0.95491		0.94197		0.89119		0.85782		0.93782		0.89604		0.78581
686		12184.51		0.95506		0.94238		0.89378		0.8619		0.93782		0.89826		0.79064
687		12185.68		0.95521		0.94324		0.89119		0.85782		0.93782		0.89604		0.78581
688		12187.03		0.95421		0.94245		0.8886		0.85714		0.93264		0.8933		0.78023
689		12188.62		0.95315		0.94214		0.88601		0.85646		0.92746		0.89055		0.77469
690		12190.23		0.95284		0.94186		0.88601		0.85646		0.92746		0.89055		0.77469
691		12191.64		0.95376		0.9426		0.89378		0.86893		0.92746		0.89724		0.78936
692		12193.4		0.95348		0.94149		0.89637		0.86957		0.93264		0.9		0.79484
693		12194.76		0.95326		0.94009		0.90155		0.87081		0.94301		0.90547		0.80588
694		12196.31		0.95248		0.93835		0.89637		0.86256		0.94301		0.90099		0.79622
695		12197.65		0.95314		0.939		0.89119		0.86124		0.93264		0.89552		0.78509
696		12198.84		0.95462		0.94173		0.8886		0.86408		0.92228		0.89223		0.77897
697		12200.1		0.95561		0.94509		0.89119		0.87192		0.9171		0.89394		0.78344
698		12201.23		0.95427		0.94442		0.89637		0.87317		0.92746		0.8995		0.79428
699		12202.87		0.95203		0.94202		0.8886		0.85714		0.93264		0.8933		0.78023
700		12204.42		0.95169		0.94118		0.89119		0.85782		0.93782		0.89604		0.78581
701		12205.87		0.95301		0.9418		0.89119		0.86124		0.93264		0.89552		0.78509
702		12207.04		0.95483		0.94296		0.89896		0.87379		0.93264		0.90226		0.79974
703		12208.16		0.95542		0.9429		0.90155		0.88177		0.92746		0.90404		0.80419
704		12209.34		0.95392		0.94018		0.89119		0.86124		0.93264		0.89552		0.78509
705		12210.88		0.95204		0.93744		0.88601		0.85308		0.93264		0.89109		0.7754
706		12212.29		0.95331		0.94155		0.89119		0.86473		0.92746		0.895		0.78445
707		12213.83		0.95472		0.9455		0.89119		0.87192		0.9171		0.89394		0.78344
708		12215.57		0.95429		0.94609		0.8886		0.87129		0.91192		0.89114		0.77805
709		12217.35		0.9533		0.9451		0.89119		0.86829		0.92228		0.89447		0.7839
710		12218.9		0.95143		0.94227		0.89119		0.86473		0.92746		0.895		0.78445
711		12220.24		0.95004		0.93995		0.8886		0.86058		0.92746		0.89277		0.77956
712		12221.41		0.95148		0.94072		0.89378		0.8619		0.93782		0.89826		0.79064
713		12222.58		0.95327		0.94191		0.89378		0.8619		0.93782		0.89826		0.79064
714		12223.85		0.95323		0.94215		0.89378		0.8619		0.93782		0.89826		0.79064
715		12225.01		0.95382		0.94318		0.89119		0.85782		0.93782		0.89604		0.78581
716		12226.35		0.95356		0.94358		0.8886		0.85377		0.93782		0.89383		0.781
717		12227.77		0.95252		0.9425		0.88601		0.84977		0.93782		0.89163		0.7762
718		12229.56		0.95254		0.94267		0.88601		0.86341		0.9171		0.88945		0.77352
719		12230.95		0.95282		0.94302		0.88601		0.86341		0.9171		0.88945		0.77352
720		12232.27		0.95236		0.94133		0.88601		0.86341		0.9171		0.88945		0.77352
721		12233.59		0.95185		0.93968		0.88601		0.86341		0.9171		0.88945		0.77352
722		12235.35		0.95186		0.93907		0.8886		0.86058		0.92746		0.89277		0.77956
723		12236.92		0.95286		0.9398		0.89378		0.86538		0.93264		0.89776		0.78995
724		12238.38		0.95302		0.93979		0.89378		0.86538		0.93264		0.89776		0.78995
725		12239.7		0.95305		0.94001		0.89378		0.86538		0.93264		0.89776		0.78995
726		12241.26		0.95288		0.93953		0.8886		0.85714		0.93264		0.8933		0.78023
727		12242.67		0.95229		0.93881		0.88601		0.85646		0.92746		0.89055		0.77469
728		12244.72		0.95219		0.93892		0.88601		0.85646		0.92746		0.89055		0.77469
729		12246.38		0.95211		0.93924		0.88342		0.85577		0.92228		0.88778		0.76917
730		12247.66		0.95227		0.93979		0.88601		0.8599		0.92228		0.89		0.77406
731		12249.45		0.95287		0.94122		0.8886		0.86058		0.92746		0.89277		0.77956
732		12250.94		0.95334		0.942		0.89119		0.86124		0.93264		0.89552		0.78509
733		12252.41		0.95307		0.94133		0.89378		0.8619		0.93782		0.89826		0.79064
734		12253.58		0.95292		0.94197		0.89637		0.86603		0.93782		0.9005		0.79548
735		12254.84		0.95318		0.9434		0.89378		0.86538		0.93264		0.89776		0.78995
736		12256.06		0.95407		0.94593		0.89378		0.86538		0.93264		0.89776		0.78995
737		12257.34		0.95478		0.94711		0.89378		0.86893		0.92746		0.89724		0.78936
738		12258.63		0.95459		0.94549		0.89378		0.86538		0.93264		0.89776		0.78995
739		12259.77		0.95498		0.94559		0.8886		0.85714		0.93264		0.8933		0.78023
740		12261.23		0.95533		0.94555		0.88342		0.84906		0.93264		0.88889		0.77058
741		12263.03		0.95617		0.94621		0.88342		0.84906		0.93264		0.88889		0.77058
742		12264.33		0.95613		0.946		0.89378		0.86538		0.93264		0.89776		0.78995
743		12265.47		0.95421		0.94258		0.89378		0.86538		0.93264		0.89776		0.78995
744		12266.8		0.95209		0.93963		0.89119		0.86124		0.93264		0.89552		0.78509
745		12268.57		0.95146		0.93878		0.89119		0.86124		0.93264		0.89552		0.78509
746		12270.06		0.95241		0.9405		0.8886		0.86058		0.92746		0.89277		0.77956
747		12271.42		0.95381		0.9422		0.89119		0.86473		0.92746		0.895		0.78445
748		12272.77		0.95405		0.94237		0.8886		0.86408		0.92228		0.89223		0.77897
749		12274.46		0.95186		0.93946		0.8886		0.86058		0.92746		0.89277		0.77956
750		12276.35		0.9525		0.94038		0.88342		0.85238		0.92746		0.88834		0.76983
751		12278.1		0.9536		0.94257		0.88342		0.85922		0.9171		0.88722		0.76858
752		12279.68		0.95412		0.94291		0.89119		0.87192		0.9171		0.89394		0.78344
753		12281.25		0.95382		0.94241		0.89119		0.86829		0.92228		0.89447		0.7839
754		12282.42		0.95204		0.93932		0.88342		0.85238		0.92746		0.88834		0.76983
755		12283.56		0.94965		0.93724		0.88342		0.84906		0.93264		0.88889		0.77058
756		12284.82		0.95158		0.9391		0.89378		0.86538		0.93264		0.89776		0.78995
757		12285.96		0.95334		0.94083		0.89378		0.86893		0.92746		0.89724		0.78936
758		12288.06		0.9538		0.94153		0.90155		0.87805		0.93264		0.90452		0.80467
759		12289.24		0.95357		0.94077		0.89119		0.86124		0.93264		0.89552		0.78509
760		12290.54		0.95157		0.93744		0.88601		0.85308		0.93264		0.89109		0.7754
761		12292.12		0.95161		0.9373		0.88083		0.84507		0.93264		0.8867		0.76578
762		12293.95		0.95413		0.94082		0.88601		0.8599		0.92228		0.89		0.77406
763		12295.3		0.95446		0.94168		0.89119		0.87192		0.9171		0.89394		0.78344
764		12296.62		0.95356		0.94049		0.88342		0.85922		0.9171		0.88722		0.76858
765		12297.81		0.94864		0.93387		0.88601		0.85308		0.93264		0.89109		0.7754
766		12299.19		0.94617		0.93146		0.8886		0.85714		0.93264		0.8933		0.78023
767		12301.04		0.95215		0.94135		0.8886		0.86765		0.9171		0.89169		0.77847
768		12302.46		0.95533		0.94587		0.89896		0.88119		0.92228		0.90127		0.7988
769		12303.64		0.95149		0.93948		0.8886		0.85714		0.93264		0.8933		0.78023
770		12305.13		0.94827		0.93466		0.87565		0.83721		0.93264		0.88235		0.75622
771		12306.99		0.96188		0.9571		0.89637		0.89637		0.89637		0.89637		0.79275
772		12308.28		0.90962		0.88831		0.76943		0.69697		0.95337		0.80525		0.5795
773		12309.44		0.93715		0.94328		0.84197		0.92308		0.74611		0.82521		0.69686
774		12310.66		0.93262		0.93343		0.59585		0.55301		1.0		0.71218		0.3256
775		12312.22		0.92864		0.9279		0.79793		0.93233		0.64249		0.76074		0.62692
776		12313.99		0.93288		0.93435		0.86528		0.87302		0.85492		0.86387		0.73073
777		12315.51		0.93611		0.9369		0.79275		0.71984		0.95855		0.82222		0.62061
778		12317.25		0.94013		0.93923		0.76684		0.68864		0.97409		0.80687		0.58643
779		12318.45		0.93382		0.93319		0.8601		0.83902		0.89119		0.86432		0.7216
780		12319.94		0.9247		0.926		0.77979		0.95		0.59067		0.72843		0.60449
781		12321.19		0.9298		0.9316		0.81088		0.92254		0.67876		0.78209		0.64468
782		12322.42		0.93444		0.93513		0.86269		0.85		0.88083		0.86514		0.72587
783		12323.79		0.93495		0.93319		0.82124		0.7541		0.95337		0.84211		0.66617
784		12325.76		0.931		0.92577		0.81865		0.74502		0.96891		0.84234		0.66819
785		12326.89		0.92692		0.9224		0.8342		0.77682		0.93782		0.84977		0.68323
786		12328.09		0.92147		0.91792		0.83161		0.80769		0.87047		0.83791		0.66522
787		12329.24		0.91734		0.91382		0.82902		0.82234		0.83938		0.83077		0.65817
788		12330.5		0.91815		0.91521		0.82902		0.82564		0.8342		0.8299		0.65807
789		12331.9		0.923		0.92103		0.82642		0.80882		0.85492		0.83123		0.65391
790		12333.56		0.92939		0.92683		0.83938		0.79638		0.91192		0.85024		0.68601
791		12334.94		0.93428		0.93143		0.82383		0.75934		0.94819		0.84332		0.66868
792		12336.83		0.93753		0.93473		0.82642		0.7561		0.96373		0.84738		0.67895
793		12338.26		0.93925		0.93848		0.84197		0.77966		0.95337		0.85781		0.70157
794		12339.52		0.93965		0.94019		0.85233		0.80631		0.92746		0.86265		0.71276
795		12340.67		0.93989		0.94172		0.86269		0.85354		0.87565		0.86445		0.72563
796		12342.14		0.94027		0.94225		0.85233		0.8617		0.83938		0.85039		0.7049
797		12343.32		0.9407		0.94274		0.85751		0.87097		0.83938		0.85488		0.7155
798		12344.65		0.93984		0.94136		0.85233		0.85417		0.84974		0.85195		0.70467
799		12345.83		0.93919		0.9409		0.85751		0.82547		0.90674		0.8642		0.71852
800		12347.01		0.93868		0.94041		0.84456		0.79821		0.92228		0.85577		0.6976
801		12349.22		0.93898		0.94023		0.85751		0.81651		0.92228		0.86618		0.7211
802		12351.01		0.94105		0.94108		0.87047		0.84541		0.90674		0.875		0.74289
803		12352.19		0.94282		0.94214		0.86269		0.85714		0.87047		0.86375		0.72548
804		12353.35		0.94472		0.94368		0.86528		0.86528		0.86528		0.86528		0.73057
805		12354.62		0.94499		0.94383		0.87047		0.8593		0.88601		0.87245		0.74129
806		12355.83		0.94483		0.94344		0.86269		0.83019		0.91192		0.86914		0.72893
807		12356.98		0.9447		0.94327		0.8601		0.81735		0.92746		0.86893		0.72683
808		12358.14		0.94507		0.94319		0.88601		0.85646		0.92746		0.89055		0.77469
809		12359.78		0.94612		0.94389		0.88083		0.88083		0.88083		0.88083		0.76166
810		12361.43		0.94652		0.94414		0.87306		0.87895		0.86528		0.87206		0.7462
811		12362.82		0.94599		0.94397		0.87565		0.86802		0.88601		0.87692		0.75146
812		12364.77		0.94566		0.944		0.87824		0.85096		0.9171		0.88279		0.75877
813		12366.29		0.94741		0.94558		0.87824		0.85096		0.9171		0.88279		0.75877
814		12367.84		0.95117		0.94869		0.89119		0.88325		0.90155		0.89231		0.78255
815		12369.11		0.95302		0.94986		0.8886		0.89062		0.88601		0.88831		0.77721
816		12370.68		0.95267		0.9487		0.89378		0.87624		0.9171		0.8962		0.78842
817		12372.49		0.95101		0.94707		0.87047		0.83568		0.92228		0.87685		0.74494
818		12374.35		0.95219		0.94763		0.88083		0.85507		0.9171		0.885		0.76367
819		12375.67		0.95374		0.94905		0.88601		0.87817		0.89637		0.88718		0.77219
820		12376.82		0.95484		0.95012		0.89119		0.88325		0.90155		0.89231		0.78255
821		12378.05		0.95399		0.94899		0.88342		0.85922		0.9171		0.88722		0.76858
822		12379.27		0.95377		0.94924		0.88083		0.85167		0.92228		0.88557		0.76429
823		12380.54		0.95646		0.95261		0.89378		0.87255		0.92228		0.89673		0.78885
824		12381.7		0.95836		0.95441		0.89378		0.88776		0.90155		0.8946		0.78766
825		12383.08		0.95946		0.95536		0.89896		0.89691		0.90155		0.89922		0.79794
826		12384.82		0.95713		0.95278		0.8886		0.86408		0.92228		0.89223		0.77897
827		12386.0		0.95573		0.95135		0.88601		0.8599		0.92228		0.89		0.77406
828		12387.29		0.95769		0.95322		0.89378		0.87624		0.9171		0.8962		0.78842
829		12388.52		0.95911		0.95493		0.89637		0.88442		0.91192		0.89796		0.79313
830		12389.73		0.95909		0.95527		0.89896		0.88889		0.91192		0.90026		0.7982
831		12391.05		0.95793		0.95423		0.89378		0.88		0.91192		0.89567		0.78808
832		12392.34		0.95641		0.95244		0.8886		0.86765		0.9171		0.89169		0.77847
833		12393.54		0.95558		0.95171		0.8886		0.87129		0.91192		0.89114		0.77805
834		12394.88		0.95611		0.95213		0.89378		0.88		0.91192		0.89567		0.78808
835		12396.83		0.9571		0.95284		0.89637		0.88442		0.91192		0.89796		0.79313
836		12398.23		0.95754		0.95286		0.89637		0.88442		0.91192		0.89796		0.79313
837		12400.27		0.9575		0.95249		0.89637		0.88442		0.91192		0.89796		0.79313
838		12401.53		0.95717		0.95216		0.88601		0.867		0.91192		0.88889		0.77306
839		12402.72		0.95733		0.95217		0.88601		0.86341		0.9171		0.88945		0.77352
840		12403.87		0.95754		0.95232		0.8886		0.86408		0.92228		0.89223		0.77897
841		12405.23		0.95847		0.95277		0.89378		0.87624		0.9171		0.8962		0.78842
842		12406.41		0.95893		0.95329		0.8886		0.875		0.90674		0.89059		0.77771
843		12407.56		0.95862		0.953		0.89378		0.88		0.91192		0.89567		0.78808
844		12408.73		0.95727		0.95165		0.89637		0.88442		0.91192		0.89796		0.79313
845		12410.73		0.95636		0.95093		0.89119		0.87562		0.91192		0.8934		0.78306
846		12411.97		0.9557		0.95026		0.8886		0.87129		0.91192		0.89114		0.77805
847		12413.41		0.95604		0.95066		0.8886		0.87129		0.91192		0.89114		0.77805
848		12415.0		0.95698		0.95156		0.89378		0.88		0.91192		0.89567		0.78808
849		12416.73		0.95824		0.95308		0.8886		0.87879		0.90155		0.89003		0.77746
850		12418.54		0.95941		0.95392		0.89378		0.88384		0.90674		0.89514		0.78783
851		12420.0		0.95988		0.9544		0.89378		0.87624		0.9171		0.8962		0.78842
852		12421.22		0.95972		0.95411		0.89637		0.87317		0.92746		0.8995		0.79428
853		12423.08		0.95946		0.95342		0.89896		0.87019		0.93782		0.90274		0.80035
854		12424.55		0.95923		0.9533		0.89637		0.86603		0.93782		0.9005		0.79548
855		12426.02		0.95886		0.95317		0.89378		0.8619		0.93782		0.89826		0.79064
856		12427.64		0.95864		0.95311		0.89378		0.8619		0.93782		0.89826		0.79064
857		12428.91		0.95827		0.95296		0.89378		0.86893		0.92746		0.89724		0.78936
858		12430.55		0.95801		0.95225		0.89378		0.87255		0.92228		0.89673		0.78885
859		12431.73		0.95808		0.95277		0.89119		0.87562		0.91192		0.8934		0.78306
860		12432.93		0.95819		0.95305		0.89378		0.88		0.91192		0.89567		0.78808
861		12434.1		0.95809		0.95239		0.89119		0.87562		0.91192		0.8934		0.78306
862		12435.36		0.95832		0.95282		0.89378		0.87624		0.9171		0.8962		0.78842
863		12436.92		0.95858		0.95246		0.89637		0.87685		0.92228		0.89899		0.79381
864		12438.58		0.95875		0.95246		0.8886		0.86408		0.92228		0.89223		0.77897
865		12439.71		0.95926		0.95293		0.89378		0.86538		0.93264		0.89776		0.78995
866		12441.05		0.95972		0.95329		0.89378		0.8619		0.93782		0.89826		0.79064
867		12442.14		0.96019		0.95374		0.89378		0.86538		0.93264		0.89776		0.78995
868		12443.24		0.96058		0.95416		0.89378		0.86893		0.92746		0.89724		0.78936
869		12444.37		0.96117		0.95518		0.89637		0.87317		0.92746		0.8995		0.79428
870		12445.5		0.96105		0.95504		0.89896		0.88119		0.92228		0.90127		0.7988
871		12446.78		0.9608		0.95488		0.89896		0.88119		0.92228		0.90127		0.7988
872		12447.92		0.96062		0.95474		0.89896		0.88119		0.92228		0.90127		0.7988
873		12449.67		0.96039		0.95445		0.89896		0.88119		0.92228		0.90127		0.7988
874		12451.1		0.96009		0.95378		0.89896		0.88119		0.92228		0.90127		0.7988
875		12452.41		0.96012		0.95389		0.89896		0.88119		0.92228		0.90127		0.7988
876		12454.26		0.96003		0.9541		0.89896		0.88119		0.92228		0.90127		0.7988
877		12455.8		0.95981		0.95401		0.90155		0.88177		0.92746		0.90404		0.80419
878		12457.32		0.95988		0.95387		0.90155		0.88177		0.92746		0.90404		0.80419
879		12458.74		0.95989		0.95405		0.89896		0.88119		0.92228		0.90127		0.7988
880		12460.39		0.95993		0.95425		0.89637		0.87685		0.92228		0.89899		0.79381
881		12461.91		0.96032		0.95477		0.89896		0.88119		0.92228		0.90127		0.7988
882		12463.22		0.96067		0.95556		0.89896		0.88119		0.92228		0.90127		0.7988
883		12465.2		0.96067		0.95547		0.89637		0.87685		0.92228		0.89899		0.79381
884		12466.7		0.96078		0.95558		0.89637		0.87685		0.92228		0.89899		0.79381
885		12468.05		0.96067		0.95548		0.89896		0.87745		0.92746		0.90176		0.79923
886		12469.4		0.96071		0.95551		0.89896		0.87745		0.92746		0.90176		0.79923
887		12470.69		0.96068		0.95566		0.89896		0.87745		0.92746		0.90176		0.79923
888		12471.83		0.96059		0.95509		0.89637		0.87317		0.92746		0.8995		0.79428
889		12473.29		0.96064		0.95507		0.89637		0.87317		0.92746		0.8995		0.79428
890		12474.58		0.96074		0.95504		0.89637		0.87317		0.92746		0.8995		0.79428
891		12476.03		0.96044		0.95476		0.89637		0.87317		0.92746		0.8995		0.79428
892		12477.64		0.96036		0.95468		0.89637		0.87317		0.92746		0.8995		0.79428
893		12480.04		0.96046		0.9548		0.89637		0.87317		0.92746		0.8995		0.79428
894		12481.25		0.96027		0.95474		0.89896		0.87745		0.92746		0.90176		0.79923
895		12482.69		0.96031		0.95484		0.89637		0.87317		0.92746		0.8995		0.79428
896		12484.3		0.96021		0.95478		0.89637		0.87317		0.92746		0.8995		0.79428
897		12485.78		0.96		0.95458		0.89896		0.87379		0.93264		0.90226		0.79974
898		12487.11		0.96003		0.95464		0.89896		0.87379		0.93264		0.90226		0.79974
899		12488.28		0.96016		0.9547		0.89896		0.87745		0.92746		0.90176		0.79923
900		12489.45		0.96033		0.95492		0.89896		0.87745		0.92746		0.90176		0.79923
901		12491.35		0.96052		0.95502		0.89896		0.87745		0.92746		0.90176		0.79923
902		12492.76		0.96079		0.95505		0.89896		0.87745		0.92746		0.90176		0.79923
903		12493.88		0.96074		0.95492		0.90155		0.88177		0.92746		0.90404		0.80419
904		12495.07		0.96052		0.95471		0.90155		0.88177		0.92746		0.90404		0.80419
905		12496.47		0.96029		0.95454		0.90155		0.88177		0.92746		0.90404		0.80419
906		12497.71		0.96007		0.95436		0.90155		0.88177		0.92746		0.90404		0.80419
907		12499.88		0.96005		0.95434		0.90155		0.88177		0.92746		0.90404		0.80419
908		12501.32		0.95974		0.95364		0.90674		0.88293		0.93782		0.90955		0.81505
909		12502.5		0.95933		0.95333		0.90415		0.87864		0.93782		0.90727		0.81013
910		12504.62		0.95909		0.95311		0.90415		0.87864		0.93782		0.90727		0.81013
911		12505.92		0.95909		0.95303		0.90415		0.87864		0.93782		0.90727		0.81013
912		12507.12		0.95899		0.95296		0.90415		0.87864		0.93782		0.90727		0.81013
913		12508.43		0.95933		0.95313		0.89637		0.87685		0.92228		0.89899		0.79381
914		12509.75		0.95956		0.95338		0.89896		0.88119		0.92228		0.90127		0.7988
915		12511.54		0.9596		0.95375		0.89896		0.88119		0.92228		0.90127		0.7988
916		12513.0		0.95981		0.95382		0.89896		0.88119		0.92228		0.90127		0.7988
917		12514.16		0.96007		0.95399		0.90155		0.88557		0.92228		0.90355		0.8038
918		12515.57		0.96028		0.95418		0.90674		0.8867		0.93264		0.90909		0.81457
919		12517.21		0.95992		0.95342		0.90415		0.88614		0.92746		0.90633		0.80917
920		12518.78		0.96005		0.95355		0.90415		0.88614		0.92746		0.90633		0.80917
921		12519.97		0.96005		0.95352		0.90415		0.88235		0.93264		0.9068		0.80961
922		12521.21		0.96007		0.9537		0.90415		0.88235		0.93264		0.9068		0.80961
923		12522.4		0.96019		0.95392		0.90155		0.87805		0.93264		0.90452		0.80467
924		12523.7		0.96021		0.9544		0.90155		0.87805		0.93264		0.90452		0.80467
925		12524.88		0.96027		0.95454		0.90155		0.87805		0.93264		0.90452		0.80467
926		12526.14		0.96035		0.95459		0.89896		0.87745		0.92746		0.90176		0.79923
927		12527.43		0.96037		0.95465		0.89896		0.87745		0.92746		0.90176		0.79923
928		12529.02		0.96037		0.95452		0.89637		0.87685		0.92228		0.89899		0.79381
929		12530.72		0.96033		0.95491		0.89637		0.87685		0.92228		0.89899		0.79381
930		12531.87		0.96046		0.95502		0.89637		0.87685		0.92228		0.89899		0.79381
931		12533.25		0.96044		0.95498		0.89896		0.88119		0.92228		0.90127		0.7988
932		12535.08		0.96033		0.95485		0.89896		0.885		0.9171		0.90076		0.79845
933		12536.49		0.96019		0.95477		0.89896		0.885		0.9171		0.90076		0.79845
934		12537.93		0.95985		0.95445		0.89896		0.88119		0.92228		0.90127		0.7988
935		12539.26		0.95957		0.95377		0.89637		0.87685		0.92228		0.89899		0.79381
936		12540.78		0.95953		0.9537		0.90415		0.87864		0.93782		0.90727		0.81013
937		12542.12		0.95942		0.95362		0.90415		0.87864		0.93782		0.90727		0.81013
938		12543.75		0.95933		0.95297		0.90415		0.87864		0.93782		0.90727		0.81013
939		12545.05		0.95931		0.95289		0.90415		0.87864		0.93782		0.90727		0.81013
940		12546.4		0.95954		0.95351		0.90155		0.87805		0.93264		0.90452		0.80467
941		12547.93		0.9599		0.95391		0.89896		0.87745		0.92746		0.90176		0.79923
942		12549.2		0.95995		0.95395		0.89896		0.87745		0.92746		0.90176		0.79923
943		12550.47		0.96		0.9541		0.89896		0.87745		0.92746		0.90176		0.79923
944		12551.94		0.96008		0.95419		0.89896		0.87745		0.92746		0.90176		0.79923
945		12553.51		0.96009		0.9542		0.89896		0.87745		0.92746		0.90176		0.79923
946		12554.82		0.96008		0.95415		0.89896		0.87745		0.92746		0.90176		0.79923
947		12556.09		0.95997		0.95403		0.89896		0.87745		0.92746		0.90176		0.79923
948		12557.48		0.95995		0.95404		0.89896		0.88119		0.92228		0.90127		0.7988
949		12558.74		0.95978		0.95387		0.90155		0.88557		0.92228		0.90355		0.8038
950		12560.22		0.9598		0.95389		0.90155		0.88557		0.92228		0.90355		0.8038
951		12561.73		0.95969		0.9538		0.90155		0.88557		0.92228		0.90355		0.8038
952		12563.15		0.95965		0.95365		0.90155		0.88177		0.92746		0.90404		0.80419
953		12564.5		0.95972		0.95368		0.90155		0.88177		0.92746		0.90404		0.80419
954		12565.95		0.95973		0.95369		0.90155		0.88177		0.92746		0.90404		0.80419
955		12567.33		0.95972		0.95373		0.90155		0.88177		0.92746		0.90404		0.80419
956		12568.87		0.95982		0.95382		0.90155		0.88177		0.92746		0.90404		0.80419
957		12570.37		0.96008		0.95396		0.90155		0.88177		0.92746		0.90404		0.80419
958		12571.72		0.96028		0.95414		0.90155		0.88177		0.92746		0.90404		0.80419
959		12573.35		0.96009		0.95396		0.90155		0.88177		0.92746		0.90404		0.80419
960		12574.98		0.95978		0.95378		0.90155		0.88177		0.92746		0.90404		0.80419
961		12576.19		0.95986		0.9543		0.89896		0.88119		0.92228		0.90127		0.7988
962		12577.33		0.95964		0.95415		0.89896		0.88119		0.92228		0.90127		0.7988
963		12578.54		0.95945		0.95408		0.89896		0.88119		0.92228		0.90127		0.7988
964		12579.67		0.95913		0.9535		0.89896		0.88119		0.92228		0.90127		0.7988
965		12580.81		0.95886		0.95321		0.89896		0.88119		0.92228		0.90127		0.7988
966		12581.96		0.95837		0.95294		0.90155		0.88177		0.92746		0.90404		0.80419
967		12583.14		0.95837		0.95294		0.90155		0.88177		0.92746		0.90404		0.80419
968		12584.43		0.95839		0.95293		0.90155		0.88177		0.92746		0.90404		0.80419
969		12586.01		0.95859		0.95305		0.90155		0.88177		0.92746		0.90404		0.80419
970		12587.66		0.95878		0.953		0.89896		0.88119		0.92228		0.90127		0.7988
971		12589.21		0.9589		0.95292		0.89896		0.88119		0.92228		0.90127		0.7988
972		12590.77		0.95946		0.95387		0.89637		0.87685		0.92228		0.89899		0.79381
973		12591.97		0.95957		0.95393		0.89637		0.87685		0.92228		0.89899		0.79381
974		12593.31		0.95995		0.95434		0.89637		0.87685		0.92228		0.89899		0.79381
975		12594.53		0.95997		0.95433		0.89637		0.87685		0.92228		0.89899		0.79381
976		12595.78		0.95977		0.9542		0.90155		0.87805		0.93264		0.90452		0.80467
977		12597.1		0.95954		0.95402		0.89637		0.87685		0.92228		0.89899		0.79381
978		12598.28		0.95941		0.95387		0.89378		0.87624		0.9171		0.8962		0.78842
979		12599.84		0.95911		0.95317		0.89378		0.87624		0.9171		0.8962		0.78842
980		12601.29		0.95906		0.95313		0.89378		0.87624		0.9171		0.8962		0.78842
981		12603.14		0.95894		0.95297		0.89378		0.87624		0.9171		0.8962		0.78842
982		12604.5		0.95915		0.95317		0.90155		0.88177		0.92746		0.90404		0.80419
983		12605.95		0.95944		0.95317		0.90155		0.88177		0.92746		0.90404		0.80419
984		12607.41		0.95984		0.95336		0.90155		0.88177		0.92746		0.90404		0.80419
985		12608.71		0.96011		0.95372		0.90155		0.88177		0.92746		0.90404		0.80419
986		12609.99		0.9602		0.95376		0.90415		0.88614		0.92746		0.90633		0.80917
987		12611.49		0.96023		0.95378		0.90155		0.88557		0.92228		0.90355		0.8038
988		12612.95		0.96007		0.95375		0.90155		0.88557		0.92228		0.90355		0.8038
989		12614.5		0.95956		0.95309		0.89896		0.88119		0.92228		0.90127		0.7988
990		12615.91		0.95911		0.95303		0.89637		0.87685		0.92228		0.89899		0.79381
991		12617.09		0.95868		0.95273		0.89637		0.87685		0.92228		0.89899		0.79381
992		12618.56		0.95866		0.95273		0.89637		0.87685		0.92228		0.89899		0.79381
993		12620.18		0.95858		0.95207		0.89637		0.87685		0.92228		0.89899		0.79381
994		12621.45		0.95876		0.95218		0.89896		0.87745		0.92746		0.90176		0.79923
995		12622.64		0.9591		0.95285		0.90155		0.88177		0.92746		0.90404		0.80419
996		12623.91		0.95925		0.95291		0.90155		0.88177		0.92746		0.90404		0.80419
997		12625.15		0.95952		0.95302		0.90415		0.88614		0.92746		0.90633		0.80917
998		12626.51		0.9599		0.95339		0.90415		0.88614		0.92746		0.90633		0.80917
999		12627.64		0.96012		0.95352		0.90415		0.88614		0.92746		0.90633		0.80917
1000		12628.88		0.96011		0.95346		0.90415		0.88614		0.92746		0.90633		0.80917
fold: 9
Epoch		Time		AUC		AUPR		Accuracy		Precision		Recall		F1-score		Mcc
1		12631.48		0.77547		0.78017		0.5		0.5		1.0		0.66667		0.0
AUC improved at epoch  1 ;	best_auc: 0.7754704824290586
2		12632.83		0.79621		0.79225		0.64508		0.59655		0.89637		0.71636		0.33562
AUC improved at epoch  2 ;	best_auc: 0.7962092942092405
3		12634.17		0.80708		0.79774		0.69948		0.808		0.52332		0.63522		0.4263
AUC improved at epoch  3 ;	best_auc: 0.8070820693172971
4		12635.6		0.81191		0.80074		0.65544		0.84091		0.38342		0.52669		0.37051
AUC improved at epoch  4 ;	best_auc: 0.8119144138097666
5		12637.15		0.81344		0.8046		0.6943		0.82609		0.49223		0.61688		0.42484
AUC improved at epoch  5 ;	best_auc: 0.813444656232382
6		12638.51		0.81369		0.80625		0.7228		0.80282		0.59067		0.6806		0.46202
AUC improved at epoch  6 ;	best_auc: 0.8136862734570056
7		12640.01		0.81277		0.8069		0.73834		0.78049		0.66321		0.71709		0.48216
8		12641.4		0.81044		0.80487		0.73834		0.77381		0.67358		0.72022		0.48073
9		12642.8		0.80931		0.80561		0.73575		0.77246		0.66839		0.71667		0.47584
10		12644.37		0.80706		0.80312		0.73057		0.76331		0.66839		0.71271		0.46475
11		12645.77		0.80711		0.80308		0.72539		0.74302		0.68912		0.71505		0.45197
12		12647.03		0.80826		0.8039		0.72021		0.71795		0.72539		0.72165		0.44044
13		12648.31		0.81006		0.80227		0.71503		0.71066		0.72539		0.71795		0.43014
14		12649.97		0.81363		0.80668		0.72798		0.72917		0.72539		0.72727		0.45596
15		12651.24		0.8179		0.8084		0.7513		0.71749		0.82902		0.76923		0.50877
AUC improved at epoch  15 ;	best_auc: 0.8179011517087706
16		12652.6		0.82204		0.81059		0.73057		0.69604		0.81865		0.75238		0.46847
AUC improved at epoch  16 ;	best_auc: 0.8220354908856615
17		12654.35		0.82163		0.80786		0.75907		0.75		0.7772		0.76336		0.51848
18		12655.85		0.8194		0.80304		0.71762		0.675		0.83938		0.74827		0.44874
19		12657.5		0.81597		0.79949		0.71762		0.67355		0.84456		0.74943		0.44998
20		12659.23		0.81479		0.79923		0.7513		0.73659		0.78238		0.75879		0.50356
21		12660.83		0.8244		0.81063		0.7513		0.72146		0.81865		0.76699		0.50721
AUC improved at epoch  21 ;	best_auc: 0.8243979704153132
22		12662.01		0.83232		0.8187		0.74611		0.70563		0.84456		0.76887		0.50206
AUC improved at epoch  22 ;	best_auc: 0.832317646111305
23		12663.34		0.83328		0.81939		0.73575		0.70044		0.82383		0.75714		0.47899
AUC improved at epoch  23 ;	best_auc: 0.8332841150097987
24		12664.51		0.83484		0.82094		0.75907		0.7451		0.78756		0.76574		0.51898
AUC improved at epoch  24 ;	best_auc: 0.8348412037907059
25		12665.64		0.83707		0.82326		0.7513		0.72986		0.79793		0.76238		0.50479
AUC improved at epoch  25 ;	best_auc: 0.8370694515289
26		12666.82		0.83887		0.82371		0.74352		0.70982		0.82383		0.76259		0.49345
AUC improved at epoch  26 ;	best_auc: 0.8388681575344304
27		12668.35		0.84013		0.82515		0.74352		0.70614		0.8342		0.76485		0.49526
AUC improved at epoch  27 ;	best_auc: 0.8401299363741309
28		12669.95		0.8412		0.82649		0.75389		0.72273		0.82383		0.76998		0.51281
AUC improved at epoch  28 ;	best_auc: 0.8412037907057908
29		12671.14		0.8422		0.82777		0.7487		0.7243		0.80311		0.76167		0.50038
AUC improved at epoch  29 ;	best_auc: 0.8421971059625761
30		12672.33		0.84276		0.82906		0.7487		0.71622		0.82383		0.76627		0.50312
AUC improved at epoch  30 ;	best_auc: 0.8427608794866976
31		12673.62		0.84281		0.82868		0.7513		0.71179		0.84456		0.77251		0.51157
AUC improved at epoch  31 ;	best_auc: 0.8428145722032806
32		12674.94		0.84196		0.82809		0.75389		0.71681		0.83938		0.77327		0.51536
33		12676.13		0.84096		0.82781		0.76425		0.73182		0.8342		0.77966		0.53375
34		12677.3		0.84059		0.82711		0.76943		0.73853		0.8342		0.78345		0.54344
35		12678.68		0.84241		0.82866		0.76943		0.73423		0.84456		0.78554		0.54505
36		12680.27		0.84652		0.83353		0.75648		0.71429		0.85492		0.7783		0.52319
AUC improved at epoch  36 ;	best_auc: 0.8465193696475073
37		12681.85		0.8488		0.83679		0.76425		0.73394		0.82902		0.77859		0.53299
AUC improved at epoch  37 ;	best_auc: 0.8488013101022847
38		12683.45		0.8509		0.83927		0.76943		0.74528		0.81865		0.78025		0.54149
AUC improved at epoch  38 ;	best_auc: 0.8508953260490214
39		12685.04		0.85111		0.83952		0.76425		0.73394		0.82902		0.77859		0.53299
AUC improved at epoch  39 ;	best_auc: 0.8511100969153536
40		12686.54		0.85127		0.83911		0.76943		0.73214		0.84974		0.78657		0.54595
AUC improved at epoch  40 ;	best_auc: 0.8512711750651024
41		12687.89		0.85165		0.84056		0.76943		0.73636		0.83938		0.7845		0.54421
AUC improved at epoch  41 ;	best_auc: 0.8516470240811834
42		12689.1		0.85216		0.84211		0.77202		0.74648		0.82383		0.78325		0.54699
AUC improved at epoch  42 ;	best_auc: 0.852157104888722
43		12690.22		0.85079		0.84034		0.76943		0.73636		0.83938		0.7845		0.54421
44		12691.34		0.84985		0.83817		0.77461		0.73043		0.87047		0.79433		0.5596
45		12692.54		0.85119		0.84054		0.77461		0.74766		0.82902		0.78624		0.5525
46		12693.71		0.85167		0.83915		0.77202		0.73973		0.83938		0.78641		0.54905
47		12694.8		0.85224		0.83645		0.77979		0.73478		0.87565		0.79905		0.57016
AUC improved at epoch  47 ;	best_auc: 0.8522376439635964
48		12695.95		0.85382		0.83912		0.7772		0.73991		0.85492		0.79327		0.56123
AUC improved at epoch  48 ;	best_auc: 0.8538215791027947
49		12697.52		0.85745		0.84278		0.77461		0.75		0.82383		0.78519		0.5519
AUC improved at epoch  49 ;	best_auc: 0.857445837472147
50		12699.07		0.85616		0.84115		0.77979		0.74107		0.8601		0.79616		0.56695
51		12700.83		0.85766		0.8421		0.78756		0.74449		0.87565		0.80476		0.58427
AUC improved at epoch  51 ;	best_auc: 0.8576606083384789
52		12702.67		0.8648		0.84972		0.78497		0.75701		0.83938		0.79607		0.57335
AUC improved at epoch  52 ;	best_auc: 0.8648017396440174
53		12704.3		0.86555		0.85099		0.78756		0.75342		0.85492		0.80097		0.58042
AUC improved at epoch  53 ;	best_auc: 0.8655534376761793
54		12705.49		0.85911		0.84739		0.78238		0.73593		0.88083		0.80189		0.57604
55		12706.65		0.86644		0.85514		0.79534		0.77143		0.83938		0.80397		0.59298
AUC improved at epoch  55 ;	best_auc: 0.8664393674997987
56		12707.85		0.86684		0.85163		0.78756		0.74026		0.88601		0.8066		0.58661
AUC improved at epoch  56 ;	best_auc: 0.8668420628741712
57		12709.11		0.86571		0.85579		0.79534		0.76147		0.8601		0.80779		0.59569
58		12710.58		0.87022		0.86208		0.79534		0.77404		0.8342		0.80299		0.59247
AUC improved at epoch  58 ;	best_auc: 0.8702247040189
59		12712.25		0.8764		0.86722		0.79275		0.74043		0.90155		0.81308		0.59987
AUC improved at epoch  59 ;	best_auc: 0.8763993664259443
60		12713.62		0.88115		0.87433		0.8057		0.78922		0.8342		0.81108		0.61239
AUC improved at epoch  60 ;	best_auc: 0.8811511718435394
61		12715.73		0.87605		0.8719		0.81606		0.77982		0.88083		0.82725		0.6375
62		12717.13		0.88378		0.87896		0.81347		0.79803		0.83938		0.81818		0.62779
AUC improved at epoch  62 ;	best_auc: 0.8837821149561061
63		12718.31		0.88539		0.88092		0.79534		0.75		0.88601		0.81235		0.60063
AUC improved at epoch  63 ;	best_auc: 0.8853928964535962
64		12720.18		0.88265		0.88111		0.81865		0.79426		0.8601		0.82587		0.63951
65		12721.77		0.88478		0.88451		0.80829		0.79899		0.82383		0.81122		0.61688
66		12723.1		0.88808		0.88632		0.80052		0.74786		0.90674		0.81967		0.61508
AUC improved at epoch  66 ;	best_auc: 0.8880775322827458
67		12724.24		0.89087		0.89132		0.81088		0.8		0.82902		0.81425		0.62217
AUC improved at epoch  67 ;	best_auc: 0.8908695535450616
68		12725.38		0.88958		0.89069		0.8057		0.75877		0.89637		0.82185		0.62171
69		12726.67		0.89414		0.89645		0.81088		0.78846		0.84974		0.81796		0.62365
AUC improved at epoch  69 ;	best_auc: 0.8941448092566243
70		12728.75		0.89809		0.90047		0.81347		0.78947		0.85492		0.8209		0.62911
AUC improved at epoch  70 ;	best_auc: 0.8980912239254745
71		12729.96		0.89763		0.89972		0.80829		0.75105		0.92228		0.82791		0.63326
72		12731.09		0.89938		0.90383		0.81088		0.81915		0.79793		0.8084		0.62197
AUC improved at epoch  72 ;	best_auc: 0.8993798491234665
73		12732.29		0.90145		0.90489		0.82902		0.79263		0.89119		0.83902		0.66318
AUC improved at epoch  73 ;	best_auc: 0.9014470187119117
74		12733.42		0.90005		0.90301		0.79793		0.73859		0.92228		0.82028		0.61518
75		12734.67		0.9062		0.91134		0.82124		0.82292		0.81865		0.82078		0.6425
AUC improved at epoch  75 ;	best_auc: 0.9061988241295068
76		12736.6		0.90845		0.91432		0.81865		0.82199		0.81347		0.81771		0.63734
AUC improved at epoch  76 ;	best_auc: 0.9084539182259926
77		12738.68		0.90808		0.91188		0.80311		0.74894		0.91192		0.82243		0.6211
78		12740.21		0.90926		0.91343		0.80829		0.76923		0.88083		0.82126		0.62317
AUC improved at epoch  78 ;	best_auc: 0.9092593089747376
79		12742.01		0.91117		0.91757		0.81865		0.8254		0.80829		0.81675		0.63744
AUC improved at epoch  79 ;	best_auc: 0.911165400413434
80		12743.62		0.916		0.92226		0.82642		0.80882		0.85492		0.83123		0.65391
AUC improved at epoch  80 ;	best_auc: 0.9159977449059036
81		12744.91		0.91713		0.92254		0.82124		0.77434		0.90674		0.83532		0.65209
AUC improved at epoch  81 ;	best_auc: 0.9171252919541464
82		12746.26		0.9226		0.92849		0.82383		0.78281		0.89637		0.83575		0.65459
AUC improved at epoch  82 ;	best_auc: 0.9226019490456119
83		12747.4		0.92131		0.92811		0.82642		0.83511		0.81347		0.82415		0.65307
84		12748.65		0.91911		0.92527		0.82124		0.81313		0.8342		0.82353		0.6427
85		12750.0		0.91831		0.92307		0.81347		0.76889		0.89637		0.82775		0.63574
86		12751.23		0.91686		0.92168		0.82642		0.79167		0.88601		0.83619		0.65754
87		12752.56		0.92462		0.93124		0.83161		0.82653		0.83938		0.8329		0.66329
AUC improved at epoch  87 ;	best_auc: 0.9246154259174743
88		12754.57		0.92682		0.93317		0.82124		0.79524		0.86528		0.82878		0.64499
AUC improved at epoch  88 ;	best_auc: 0.926816827297377
89		12755.84		0.92244		0.92746		0.82642		0.79167		0.88601		0.83619		0.65754
90		12757.03		0.92298		0.92843		0.82383		0.79343		0.87565		0.83251		0.65117
91		12758.31		0.9244		0.9304		0.82383		0.79343		0.87565		0.83251		0.65117
92		12759.65		0.92539		0.93087		0.8342		0.8		0.89119		0.84314		0.67278
93		12761.16		0.92907		0.93576		0.83679		0.80952		0.88083		0.84367		0.6762
AUC improved at epoch  93 ;	best_auc: 0.9290719213938629
94		12762.33		0.92972		0.93632		0.83938		0.81643		0.87565		0.845		0.68055
AUC improved at epoch  94 ;	best_auc: 0.9297162339928589
95		12763.9		0.9276		0.93296		0.82642		0.79439		0.88083		0.83538		0.65675
96		12765.35		0.92531		0.93108		0.83938		0.83938		0.83938		0.83938		0.67876
97		12766.95		0.92625		0.93249		0.81347		0.7814		0.87047		0.82353		0.63106
98		12768.44		0.9255		0.93058		0.82124		0.77679		0.90155		0.83453		0.65094
99		12770.02		0.92153		0.92634		0.82642		0.82474		0.82902		0.82687		0.65286
100		12771.77		0.93028		0.93615		0.83679		0.8066		0.88601		0.84444		0.67686
AUC improved at epoch  100 ;	best_auc: 0.9302800075169804
101		12773.22		0.92896		0.93495		0.82383		0.78802		0.88601		0.83415		0.65273
102		12774.66		0.92354		0.92871		0.82642		0.80288		0.86528		0.83292		0.65483
103		12776.07		0.91806		0.92389		0.81088		0.78846		0.84974		0.81796		0.62365
104		12777.79		0.92462		0.93257		0.82642		0.815		0.84456		0.82952		0.65328
105		12779.26		0.92926		0.93514		0.81865		0.77093		0.90674		0.83333		0.64743
106		12780.76		0.92727		0.93328		0.8342		0.81773		0.8601		0.83838		0.66929
107		12782.27		0.928		0.93518		0.84456		0.82439		0.87565		0.84925		0.69046
108		12784.14		0.92639		0.93512		0.82383		0.78802		0.88601		0.83415		0.65273
109		12786.16		0.92776		0.93702		0.84197		0.83333		0.85492		0.84399		0.68417
110		12787.44		0.92768		0.93561		0.83161		0.7963		0.89119		0.84108		0.66797
111		12788.7		0.9288		0.9369		0.82642		0.79439		0.88083		0.83538		0.65675
112		12790.48		0.93149		0.94029		0.84197		0.83		0.8601		0.84478		0.68439
AUC improved at epoch  112 ;	best_auc: 0.9314880936400977
113		12791.78		0.93186		0.94036		0.83161		0.79907		0.88601		0.84029		0.66717
AUC improved at epoch  113 ;	best_auc: 0.9318639426561787
114		12792.92		0.92899		0.93654		0.83679		0.79817		0.90155		0.84672		0.6793
115		12794.25		0.92666		0.93417		0.83161		0.80769		0.87047		0.83791		0.66522
116		12795.45		0.93114		0.93895		0.82902		0.79535		0.88601		0.83824		0.66235
117		12796.57		0.93154		0.93971		0.82124		0.77928		0.89637		0.83373		0.64987
118		12797.69		0.9302		0.93829		0.84456		0.82439		0.87565		0.84925		0.69046
119		12798.92		0.92899		0.93828		0.83679		0.81553		0.87047		0.84211		0.67511
120		12800.09		0.93028		0.94092		0.82642		0.78378		0.90155		0.83855		0.66035
121		12801.98		0.93023		0.94016		0.8342		0.82412		0.84974		0.83673		0.66872
122		12803.28		0.93117		0.93931		0.82642		0.78636		0.89637		0.83777		0.65933
123		12804.65		0.93066		0.93866		0.83161		0.79358		0.89637		0.84185		0.66885
124		12806.0		0.93044		0.93983		0.85233		0.84		0.87047		0.85496		0.70513
125		12807.51		0.93087		0.94099		0.82642		0.78125		0.90674		0.83933		0.66144
126		12809.15		0.92872		0.93856		0.83938		0.79372		0.9171		0.85096		0.68711
127		12810.93		0.93111		0.94106		0.84456		0.82759		0.87047		0.84848		0.69005
128		12812.52		0.93538		0.94527		0.82902		0.78733		0.90155		0.84058		0.66507
AUC improved at epoch  128 ;	best_auc: 0.935380815592365
129		12813.82		0.93696		0.94625		0.82902		0.79263		0.89119		0.83902		0.66318
AUC improved at epoch  129 ;	best_auc: 0.9369647507315634
130		12815.66		0.93449		0.94368		0.84197		0.81731		0.88083		0.84788		0.68601
131		12817.27		0.9338		0.94308		0.85492		0.83415		0.88601		0.8593		0.71122
132		12819.24		0.93565		0.9457		0.83679		0.79545		0.90674		0.84746		0.68026
133		12820.56		0.9335		0.94484		0.84974		0.83582		0.87047		0.85279		0.70008
134		12821.78		0.93345		0.94429		0.85233		0.83663		0.87565		0.8557		0.70543
135		12822.91		0.93299		0.9425		0.82902		0.78222		0.91192		0.84211		0.66727
136		12824.27		0.92966		0.93893		0.82124		0.7844		0.88601		0.83212		0.64795
137		12825.42		0.93119		0.9412		0.83679		0.80952		0.88083		0.84367		0.6762
138		12826.58		0.93594		0.94641		0.84456		0.81818		0.88601		0.85075		0.6915
139		12827.73		0.93785		0.94834		0.83938		0.79638		0.91192		0.85024		0.68601
AUC improved at epoch  139 ;	best_auc: 0.9378506805551827
140		12829.07		0.9364		0.94714		0.85492		0.8186		0.91192		0.86275		0.7145
141		12830.81		0.93447		0.9453		0.85233		0.81776		0.90674		0.85995		0.70887
142		12832.37		0.93345		0.94453		0.84456		0.81818		0.88601		0.85075		0.6915
143		12833.61		0.93514		0.94603		0.84715		0.82212		0.88601		0.85287		0.69641
144		12834.8		0.93785		0.94803		0.8601		0.83575		0.89637		0.865		0.72211
145		12836.07		0.9408		0.95047		0.84974		0.81395		0.90674		0.85784		0.70407
AUC improved at epoch  145 ;	best_auc: 0.9408037799672474
146		12837.73		0.94137		0.95064		0.84974		0.81395		0.90674		0.85784		0.70407
AUC improved at epoch  146 ;	best_auc: 0.9413675534913689
147		12839.35		0.94045		0.94931		0.85492		0.82464		0.90155		0.86139		0.71295
148		12840.55		0.93914		0.94859		0.84197		0.80556		0.90155		0.85086		0.68885
149		12841.78		0.93713		0.9472		0.83938		0.80184		0.90155		0.84878		0.68407
150		12842.91		0.935		0.94575		0.82902		0.78995		0.89637		0.83981		0.66408
151		12844.64		0.93364		0.94458		0.82902		0.78733		0.90155		0.84058		0.66507
152		12846.41		0.93382		0.94489		0.83938		0.80465		0.89637		0.84804		0.68321
153		12848.39		0.93505		0.94599		0.85233		0.82381		0.89637		0.85856		0.70741
154		12851.09		0.93683		0.94753		0.85751		0.83173		0.89637		0.86284		0.7172
155		12856.95		0.93809		0.94832		0.85233		0.82692		0.89119		0.85786		0.7068
156		12863.05		0.93798		0.94784		0.84974		0.82609		0.88601		0.855		0.70133
157		12865.06		0.93903		0.94831		0.84974		0.81991		0.89637		0.85644		0.70254
158		12866.64		0.93946		0.94844		0.83938		0.80184		0.90155		0.84878		0.68407
159		12868.06		0.93978		0.94869		0.84197		0.80275		0.90674		0.85158		0.68975
160		12869.61		0.93996		0.94895		0.83938		0.80184		0.90155		0.84878		0.68407
161		12871.51		0.93922		0.94862		0.85233		0.81776		0.90674		0.85995		0.70887
162		12872.74		0.93733		0.94702		0.8601		0.82938		0.90674		0.86634		0.72336
163		12874.0		0.9368		0.94722		0.85492		0.82464		0.90155		0.86139		0.71295
164		12875.11		0.93723		0.94785		0.8601		0.83254		0.90155		0.86567		0.72269
165		12876.24		0.93836		0.94923		0.85751		0.82857		0.90155		0.86352		0.71782
166		12877.4		0.93961		0.9499		0.84456		0.80645		0.90674		0.85366		0.69451
167		12878.64		0.94044		0.9503		0.84715		0.80734		0.91192		0.85645		0.7002
168		12879.74		0.94044		0.9499		0.84456		0.80365		0.91192		0.85437		0.69546
169		12880.82		0.93966		0.94943		0.84974		0.81106		0.91192		0.85854		0.70495
170		12881.89		0.93994		0.94993		0.85233		0.82075		0.90155		0.85926		0.7081
171		12883.0		0.93926		0.9492		0.85233		0.82381		0.89637		0.85856		0.70741
172		12884.26		0.9391		0.94863		0.84715		0.81604		0.89637		0.85432		0.69769
173		12886.1		0.93935		0.94899		0.85233		0.82075		0.90155		0.85926		0.7081
174		12887.18		0.93941		0.94917		0.85492		0.82464		0.90155		0.86139		0.71295
175		12888.25		0.93946		0.94914		0.85492		0.8216		0.90674		0.86207		0.71369
176		12889.77		0.93974		0.94954		0.85751		0.82243		0.91192		0.86486		0.7193
177		12891.65		0.94008		0.9501		0.8601		0.82938		0.90674		0.86634		0.72336
178		12893.67		0.93989		0.95014		0.85492		0.8216		0.90674		0.86207		0.71369
179		12894.86		0.93946		0.94969		0.85233		0.81481		0.91192		0.86064		0.70972
180		12896.35		0.93856		0.94897		0.84715		0.81308		0.90155		0.85504		0.69845
181		12897.51		0.93713		0.94776		0.84456		0.81517		0.89119		0.85149		0.69214
182		12899.5		0.93658		0.947		0.84715		0.82524		0.88083		0.85213		0.69588
183		12900.61		0.93747		0.94767		0.84197		0.82039		0.87565		0.84712		0.68549
184		12901.71		0.93898		0.94927		0.84974		0.82297		0.89119		0.85572		0.7019
185		12902.97		0.93976		0.94994		0.84456		0.81221		0.89637		0.85222		0.69285
186		12904.16		0.94044		0.95053		0.8342		0.79724		0.89637		0.8439		0.67362
187		12905.44		0.94036		0.95043		0.8342		0.79186		0.90674		0.84541		0.67554
188		12907.22		0.9408		0.95076		0.84456		0.80645		0.90674		0.85366		0.69451
189		12908.72		0.94056		0.95049		0.84197		0.80275		0.90674		0.85158		0.68975
190		12909.84		0.94		0.94999		0.84456		0.8093		0.90155		0.85294		0.69364
191		12910.99		0.9398		0.95009		0.84456		0.8093		0.90155		0.85294		0.69364
192		12912.47		0.94031		0.95067		0.85233		0.82075		0.90155		0.85926		0.7081
193		12914.32		0.94044		0.95074		0.85492		0.82464		0.90155		0.86139		0.71295
194		12915.5		0.94029		0.95048		0.84974		0.82297		0.89119		0.85572		0.7019
195		12916.75		0.93957		0.94975		0.84715		0.81905		0.89119		0.8536		0.69701
196		12918.46		0.9391		0.9492		0.84974		0.8169		0.90155		0.85714		0.70327
197		12920.1		0.9388		0.94899		0.84974		0.8169		0.90155		0.85714		0.70327
198		12921.23		0.93919		0.94936		0.84456		0.80645		0.90674		0.85366		0.69451
199		12922.33		0.93929		0.94944		0.83938		0.79909		0.90674		0.84951		0.685
200		12923.43		0.93917		0.94936		0.84456		0.80645		0.90674		0.85366		0.69451
201		12925.31		0.93943		0.94962		0.8601		0.83254		0.90155		0.86567		0.72269
202		12926.55		0.93978		0.95001		0.85751		0.83173		0.89637		0.86284		0.7172
203		12928.47		0.94011		0.95031		0.85751		0.83173		0.89637		0.86284		0.7172
204		12929.58		0.9405		0.95052		0.85751		0.82857		0.90155		0.86352		0.71782
205		12930.7		0.94091		0.95097		0.85492		0.82464		0.90155		0.86139		0.71295
206		12932.04		0.94091		0.95093		0.85233		0.82075		0.90155		0.85926		0.7081
207		12933.14		0.94067		0.9506		0.84974		0.8169		0.90155		0.85714		0.70327
208		12934.31		0.94007		0.95008		0.83679		0.79817		0.90155		0.84672		0.6793
209		12935.46		0.93978		0.94983		0.84197		0.80841		0.89637		0.85012		0.68802
210		12936.81		0.93949		0.94979		0.84456		0.81221		0.89637		0.85222		0.69285
211		12938.04		0.93917		0.94984		0.8342		0.80569		0.88083		0.84158		0.67132
212		12939.21		0.93879		0.94969		0.83161		0.79907		0.88601		0.84029		0.66717
213		12940.68		0.93886		0.94965		0.83679		0.80952		0.88083		0.84367		0.6762
214		12942.33		0.93898		0.94965		0.83938		0.81043		0.88601		0.84653		0.68173
215		12943.75		0.93841		0.94917		0.84197		0.81132		0.89119		0.84938		0.68728
216		12945.25		0.9379		0.94845		0.85233		0.81481		0.91192		0.86064		0.70972
217		12946.79		0.9377		0.94817		0.84974		0.81106		0.91192		0.85854		0.70495
218		12948.26		0.93887		0.94943		0.84197		0.80841		0.89637		0.85012		0.68802
219		12949.77		0.94032		0.9509		0.84197		0.80841		0.89637		0.85012		0.68802
220		12950.97		0.94086		0.9513		0.83679		0.80093		0.89637		0.84597		0.67841
221		12952.14		0.94145		0.95189		0.85233		0.82075		0.90155		0.85926		0.7081
AUC improved at epoch  221 ;	best_auc: 0.9414480925662434
222		12953.3		0.94142		0.95169		0.85492		0.82464		0.90155		0.86139		0.71295
223		12954.57		0.94094		0.95098		0.85492		0.8186		0.91192		0.86275		0.7145
224		12955.82		0.94005		0.95014		0.84715		0.80734		0.91192		0.85645		0.7002
225		12957.72		0.93927		0.94921		0.84456		0.80645		0.90674		0.85366		0.69451
226		12959.52		0.93866		0.94891		0.84197		0.81132		0.89119		0.84938		0.68728
227		12961.25		0.93825		0.9487		0.84974		0.82297		0.89119		0.85572		0.7019
228		12962.48		0.93656		0.94724		0.83679		0.8066		0.88601		0.84444		0.67686
229		12963.58		0.93616		0.94711		0.83938		0.80751		0.89119		0.84729		0.68243
230		12964.74		0.93552		0.94666		0.83679		0.80374		0.89119		0.84521		0.6776
231		12966.19		0.93476		0.9462		0.83938		0.80465		0.89637		0.84804		0.68321
232		12967.94		0.93506		0.94666		0.84197		0.80841		0.89637		0.85012		0.68802
233		12969.2		0.935		0.9469		0.84456		0.81221		0.89637		0.85222		0.69285
234		12971.15		0.93538		0.94745		0.84197		0.80841		0.89637		0.85012		0.68802
235		12972.36		0.93603		0.94794		0.84456		0.81221		0.89637		0.85222		0.69285
236		12973.86		0.93766		0.94943		0.85492		0.82464		0.90155		0.86139		0.71295
237		12975.8		0.93774		0.94928		0.85751		0.82857		0.90155		0.86352		0.71782
238		12977.08		0.93781		0.94911		0.84715		0.81905		0.89119		0.8536		0.69701
239		12978.39		0.93782		0.94916		0.84197		0.81731		0.88083		0.84788		0.68601
240		12979.63		0.93753		0.949		0.84197		0.81132		0.89119		0.84938		0.68728
241		12980.86		0.93782		0.94929		0.83938		0.80465		0.89637		0.84804		0.68321
242		12982.12		0.93821		0.94978		0.83679		0.80093		0.89637		0.84597		0.67841
243		12983.26		0.93833		0.94973		0.84197		0.80841		0.89637		0.85012		0.68802
244		12985.22		0.9386		0.94987		0.83938		0.80751		0.89119		0.84729		0.68243
245		12986.38		0.93855		0.94952		0.84974		0.81991		0.89637		0.85644		0.70254
246		12987.68		0.9382		0.94912		0.85492		0.82775		0.89637		0.8607		0.7123
247		12988.86		0.93841		0.94928		0.85492		0.82775		0.89637		0.8607		0.7123
248		12990.37		0.93863		0.94925		0.85233		0.82381		0.89637		0.85856		0.70741
249		12992.06		0.93968		0.95025		0.84456		0.8093		0.90155		0.85294		0.69364
250		12993.38		0.94029		0.95069		0.84456		0.8093		0.90155		0.85294		0.69364
251		12994.58		0.94083		0.95137		0.84715		0.81604		0.89637		0.85432		0.69769
252		12995.78		0.94118		0.95165		0.84974		0.81991		0.89637		0.85644		0.70254
253		12997.79		0.94139		0.95174		0.85751		0.82857		0.90155		0.86352		0.71782
254		12999.25		0.94064		0.95096		0.8601		0.83254		0.90155		0.86567		0.72269
255		13000.93		0.94045		0.95065		0.86528		0.8439		0.89637		0.86935		0.73199
256		13002.4		0.93986		0.94995		0.85492		0.82775		0.89637		0.8607		0.7123
257		13003.91		0.93901		0.94902		0.85233		0.82075		0.90155		0.85926		0.7081
258		13005.22		0.9371		0.94729		0.84197		0.80556		0.90155		0.85086		0.68885
259		13006.54		0.93584		0.9459		0.83679		0.80374		0.89119		0.84521		0.6776
260		13007.75		0.93423		0.94422		0.83679		0.80374		0.89119		0.84521		0.6776
261		13008.97		0.93358		0.94356		0.84715		0.82212		0.88601		0.85287		0.69641
262		13010.52		0.93492		0.94493		0.85233		0.82692		0.89119		0.85786		0.7068
263		13012.21		0.93718		0.94703		0.85233		0.82381		0.89637		0.85856		0.70741
264		13013.43		0.9393		0.94923		0.84197		0.80841		0.89637		0.85012		0.68802
265		13014.64		0.94074		0.95088		0.84197		0.80841		0.89637		0.85012		0.68802
266		13015.83		0.94118		0.95148		0.84456		0.8093		0.90155		0.85294		0.69364
267		13017.1		0.94139		0.95179		0.84715		0.81604		0.89637		0.85432		0.69769
268		13018.28		0.94059		0.95081		0.85233		0.82381		0.89637		0.85856		0.70741
269		13019.5		0.94019		0.95043		0.85492		0.82775		0.89637		0.8607		0.7123
270		13020.72		0.94056		0.95075		0.84715		0.81308		0.90155		0.85504		0.69845
271		13022.43		0.94118		0.95145		0.84715		0.81308		0.90155		0.85504		0.69845
272		13023.76		0.94129		0.95168		0.84974		0.81106		0.91192		0.85854		0.70495
273		13025.41		0.94162		0.95201		0.85233		0.81776		0.90674		0.85995		0.70887
AUC improved at epoch  273 ;	best_auc: 0.941622593895138
274		13026.78		0.94013		0.95071		0.84715		0.81905		0.89119		0.8536		0.69701
275		13028.2		0.93898		0.94959		0.84974		0.82297		0.89119		0.85572		0.7019
276		13029.7		0.93943		0.9498		0.84197		0.81132		0.89119		0.84938		0.68728
277		13030.96		0.93914		0.94916		0.84197		0.80841		0.89637		0.85012		0.68802
278		13032.33		0.93847		0.94832		0.83938		0.80465		0.89637		0.84804		0.68321
279		13033.8		0.93817		0.94793		0.84715		0.81308		0.90155		0.85504		0.69845
280		13035.36		0.93997		0.94989		0.84974		0.81991		0.89637		0.85644		0.70254
281		13036.68		0.94152		0.95166		0.85751		0.83173		0.89637		0.86284		0.7172
282		13037.95		0.94161		0.95191		0.85492		0.83092		0.89119		0.86		0.71172
283		13039.22		0.94153		0.95192		0.85233		0.82381		0.89637		0.85856		0.70741
284		13040.6		0.94088		0.95097		0.84974		0.8169		0.90155		0.85714		0.70327
285		13042.31		0.93871		0.94874		0.85751		0.82857		0.90155		0.86352		0.71782
286		13043.64		0.93613		0.94585		0.85492		0.82775		0.89637		0.8607		0.7123
287		13045.04		0.93388		0.94355		0.85492		0.82775		0.89637		0.8607		0.7123
288		13046.34		0.9338		0.94343		0.85233		0.82692		0.89119		0.85786		0.7068
289		13047.79		0.93441		0.94395		0.85492		0.83092		0.89119		0.86		0.71172
290		13049.33		0.93552		0.94504		0.85492		0.83092		0.89119		0.86		0.71172
291		13050.69		0.93804		0.94761		0.84974		0.82297		0.89119		0.85572		0.7019
292		13052.06		0.93901		0.94884		0.84974		0.81991		0.89637		0.85644		0.70254
293		13053.49		0.94013		0.94992		0.84456		0.8093		0.90155		0.85294		0.69364
294		13055.32		0.94067		0.95002		0.84974		0.82297		0.89119		0.85572		0.7019
295		13056.6		0.94029		0.94972		0.85751		0.83495		0.89119		0.86216		0.71665
296		13057.92		0.94037		0.94968		0.85751		0.83824		0.88601		0.86146		0.71619
297		13059.19		0.94056		0.94981		0.85233		0.82692		0.89119		0.85786		0.7068
298		13060.84		0.94126		0.95049		0.84456		0.80645		0.90674		0.85366		0.69451
299		13062.78		0.94212		0.95152		0.84197		0.8		0.91192		0.8523		0.69073
AUC improved at epoch  299 ;	best_auc: 0.9421192515235309
300		13063.94		0.9422		0.95185		0.84456		0.80365		0.91192		0.85437		0.69546
AUC improved at epoch  300 ;	best_auc: 0.9421997905984053
301		13065.17		0.94252		0.95232		0.8601		0.82629		0.91192		0.867		0.72411
AUC improved at epoch  301 ;	best_auc: 0.9425219468979033
302		13066.33		0.94231		0.95223		0.86528		0.83732		0.90674		0.87065		0.73309
303		13067.58		0.94158		0.95184		0.86269		0.84653		0.88601		0.86582		0.72618
304		13068.74		0.94099		0.95157		0.85492		0.83744		0.88083		0.85859		0.7108
305		13069.97		0.94188		0.95223		0.84715		0.82212		0.88601		0.85287		0.69641
306		13071.11		0.9418		0.95213		0.84197		0.80556		0.90155		0.85086		0.68885
307		13072.34		0.94134		0.95167		0.84456		0.8093		0.90155		0.85294		0.69364
308		13073.86		0.94169		0.95157		0.84456		0.8093		0.90155		0.85294		0.69364
309		13075.42		0.94139		0.95136		0.84715		0.82212		0.88601		0.85287		0.69641
310		13076.53		0.94177		0.95172		0.84974		0.82609		0.88601		0.855		0.70133
311		13077.7		0.94158		0.95138		0.85492		0.83415		0.88601		0.8593		0.71122
312		13078.92		0.94142		0.95124		0.85751		0.82857		0.90155		0.86352		0.71782
313		13080.07		0.94114		0.95101		0.85751		0.82857		0.90155		0.86352		0.71782
314		13081.28		0.94086		0.95068		0.85751		0.82857		0.90155		0.86352		0.71782
315		13082.45		0.94067		0.95031		0.86528		0.83732		0.90674		0.87065		0.73309
316		13083.75		0.94087		0.95031		0.85751		0.82547		0.90674		0.8642		0.71852
317		13085.19		0.94059		0.9502		0.85751		0.82547		0.90674		0.8642		0.71852
318		13086.47		0.94045		0.95021		0.85492		0.82464		0.90155		0.86139		0.71295
319		13087.74		0.94029		0.95018		0.85751		0.82857		0.90155		0.86352		0.71782
320		13089.16		0.94029		0.95009		0.85751		0.82547		0.90674		0.8642		0.71852
321		13090.69		0.9404		0.9502		0.8601		0.83254		0.90155		0.86567		0.72269
322		13092.09		0.94078		0.95035		0.8601		0.83254		0.90155		0.86567		0.72269
323		13093.5		0.94088		0.95035		0.85492		0.82464		0.90155		0.86139		0.71295
324		13094.89		0.94027		0.94972		0.84974		0.81395		0.90674		0.85784		0.70407
325		13096.3		0.93965		0.94911		0.84974		0.81395		0.90674		0.85784		0.70407
326		13097.61		0.93976		0.949		0.84715		0.81308		0.90155		0.85504		0.69845
327		13099.14		0.94088		0.95007		0.85492		0.82775		0.89637		0.8607		0.7123
328		13100.65		0.94169		0.95058		0.86528		0.84729		0.89119		0.86869		0.73155
329		13102.03		0.94115		0.95013		0.85492		0.83092		0.89119		0.86		0.71172
330		13103.5		0.94145		0.95058		0.85492		0.8216		0.90674		0.86207		0.71369
331		13104.82		0.94212		0.95133		0.85233		0.82075		0.90155		0.85926		0.7081
332		13106.47		0.9426		0.95201		0.85492		0.82464		0.90155		0.86139		0.71295
AUC improved at epoch  332 ;	best_auc: 0.9426024859727777
333		13108.22		0.94209		0.95194		0.86269		0.84314		0.89119		0.8665		0.72657
334		13109.83		0.94137		0.9516		0.86269		0.85		0.88083		0.86514		0.72587
335		13111.06		0.94188		0.95194		0.85751		0.83824		0.88601		0.86146		0.71619
336		13112.3		0.94156		0.95135		0.85751		0.82547		0.90674		0.8642		0.71852
337		13113.57		0.94099		0.95087		0.85233		0.81776		0.90674		0.85995		0.70887
338		13114.78		0.94088		0.95089		0.85233		0.81776		0.90674		0.85995		0.70887
339		13116.03		0.9411		0.95127		0.8601		0.83902		0.89119		0.86432		0.7216
340		13117.15		0.94059		0.95096		0.85492		0.8408		0.87565		0.85787		0.71046
341		13118.42		0.94045		0.95073		0.85233		0.83663		0.87565		0.8557		0.70543
342		13119.77		0.94088		0.95097		0.85233		0.82692		0.89119		0.85786		0.7068
343		13121.57		0.94164		0.95134		0.84715		0.81308		0.90155		0.85504		0.69845
344		13122.8		0.94121		0.9504		0.84197		0.80275		0.90674		0.85158		0.68975
345		13123.93		0.94064		0.9495		0.84456		0.80645		0.90674		0.85366		0.69451
346		13125.27		0.94037		0.94899		0.85492		0.82464		0.90155		0.86139		0.71295
347		13126.47		0.94059		0.9492		0.85492		0.83092		0.89119		0.86		0.71172
348		13127.89		0.94027		0.94876		0.85751		0.83495		0.89119		0.86216		0.71665
349		13129.53		0.94139		0.95016		0.85751		0.82857		0.90155		0.86352		0.71782
350		13131.22		0.94188		0.95078		0.85233		0.81481		0.91192		0.86064		0.70972
351		13132.77		0.94237		0.95122		0.85492		0.81567		0.9171		0.86341		0.7154
352		13134.05		0.94062		0.94963		0.85233		0.82692		0.89119		0.85786		0.7068
353		13135.6		0.93801		0.94708		0.85751		0.83824		0.88601		0.86146		0.71619
354		13137.39		0.9379		0.94737		0.85492		0.8408		0.87565		0.85787		0.71046
355		13139.07		0.93922		0.94883		0.85492		0.83744		0.88083		0.85859		0.7108
356		13140.31		0.94056		0.95063		0.85233		0.8301		0.88601		0.85714		0.70627
357		13141.81		0.94156		0.95168		0.85492		0.83092		0.89119		0.86		0.71172
358		13143.57		0.94147		0.95187		0.85233		0.82075		0.90155		0.85926		0.7081
359		13144.84		0.9419		0.95232		0.84715		0.81308		0.90155		0.85504		0.69845
360		13145.94		0.9425		0.95276		0.85492		0.82464		0.90155		0.86139		0.71295
361		13147.07		0.94263		0.95274		0.8601		0.82938		0.90674		0.86634		0.72336
AUC improved at epoch  361 ;	best_auc: 0.9426293323310693
362		13148.24		0.94255		0.9526		0.85751		0.82857		0.90155		0.86352		0.71782
363		13149.99		0.94274		0.95274		0.85751		0.83173		0.89637		0.86284		0.7172
AUC improved at epoch  363 ;	best_auc: 0.9427367177642354
364		13151.47		0.94268		0.95246		0.86269		0.83654		0.90155		0.86783		0.72759
365		13152.58		0.94225		0.95183		0.85751		0.82857		0.90155		0.86352		0.71782
366		13153.75		0.9415		0.95103		0.84715		0.81308		0.90155		0.85504		0.69845
367		13155.0		0.94099		0.9505		0.84974		0.81991		0.89637		0.85644		0.70254
368		13156.26		0.9404		0.95027		0.85492		0.83092		0.89119		0.86		0.71172
369		13157.49		0.94013		0.95		0.85492		0.83415		0.88601		0.8593		0.71122
370		13158.73		0.94027		0.95009		0.85751		0.84158		0.88083		0.86076		0.7158
371		13159.98		0.94062		0.95032		0.8601		0.83902		0.89119		0.86432		0.7216
372		13161.41		0.94105		0.95072		0.85492		0.83092		0.89119		0.86		0.71172
373		13163.25		0.94204		0.95152		0.84715		0.81308		0.90155		0.85504		0.69845
374		13164.81		0.9426		0.95208		0.84715		0.81019		0.90674		0.85575		0.69928
375		13166.14		0.94258		0.95193		0.85492		0.8186		0.91192		0.86275		0.7145
376		13168.01		0.94212		0.9517		0.85751		0.82547		0.90674		0.8642		0.71852
377		13169.27		0.94212		0.95184		0.85751		0.82547		0.90674		0.8642		0.71852
378		13170.42		0.94126		0.95123		0.85751		0.83173		0.89637		0.86284		0.7172
379		13171.52		0.94137		0.95142		0.8601		0.83575		0.89637		0.865		0.72211
380		13172.64		0.94174		0.95187		0.86269		0.83654		0.90155		0.86783		0.72759
381		13173.78		0.94204		0.95205		0.8601		0.83254		0.90155		0.86567		0.72269
382		13174.98		0.94227		0.952		0.8601		0.82938		0.90674		0.86634		0.72336
383		13176.63		0.94247		0.95208		0.85492		0.8216		0.90674		0.86207		0.71369
384		13178.36		0.9425		0.95206		0.84456		0.8093		0.90155		0.85294		0.69364
385		13180.17		0.94274		0.95211		0.84974		0.8169		0.90155		0.85714		0.70327
386		13181.62		0.94259		0.95188		0.85233		0.82075		0.90155		0.85926		0.7081
387		13182.74		0.94201		0.9513		0.85492		0.82775		0.89637		0.8607		0.7123
388		13183.89		0.9419		0.95111		0.84456		0.81221		0.89637		0.85222		0.69285
389		13185.01		0.94156		0.95112		0.84456		0.81221		0.89637		0.85222		0.69285
390		13186.25		0.94215		0.95162		0.84456		0.81517		0.89119		0.85149		0.69214
391		13187.53		0.94212		0.95182		0.85751		0.83173		0.89637		0.86284		0.7172
392		13188.67		0.94207		0.95161		0.85492		0.82775		0.89637		0.8607		0.7123
393		13190.03		0.94142		0.95072		0.85492		0.82775		0.89637		0.8607		0.7123
394		13191.39		0.94086		0.95012		0.85751		0.83173		0.89637		0.86284		0.7172
395		13192.88		0.94062		0.95002		0.85492		0.82775		0.89637		0.8607		0.7123
396		13194.29		0.94209		0.95177		0.84715		0.81604		0.89637		0.85432		0.69769
397		13195.55		0.94346		0.95336		0.84456		0.8093		0.90155		0.85294		0.69364
AUC improved at epoch  397 ;	best_auc: 0.9434615694381058
398		13196.89		0.94376		0.95363		0.84715		0.81308		0.90155		0.85504		0.69845
AUC improved at epoch  398 ;	best_auc: 0.9437568793793122
399		13198.75		0.94322		0.95324		0.85492		0.8216		0.90674		0.86207		0.71369
400		13200.12		0.94279		0.95263		0.85751		0.83173		0.89637		0.86284		0.7172
401		13201.49		0.94207		0.9514		0.85492		0.82775		0.89637		0.8607		0.7123
402		13202.83		0.94091		0.94992		0.85233		0.82381		0.89637		0.85856		0.70741
403		13204.36		0.93965		0.94834		0.84715		0.81905		0.89119		0.8536		0.69701
404		13205.82		0.93954		0.94838		0.84974		0.81991		0.89637		0.85644		0.70254
405		13207.11		0.93976		0.94891		0.83938		0.80751		0.89119		0.84729		0.68243
406		13208.58		0.94067		0.95025		0.83938		0.80751		0.89119		0.84729		0.68243
407		13210.0		0.94161		0.95137		0.85233		0.82692		0.89119		0.85786		0.7068
408		13211.37		0.94169		0.95155		0.85492		0.83415		0.88601		0.8593		0.71122
409		13213.0		0.94199		0.95183		0.85751		0.83495		0.89119		0.86216		0.71665
410		13214.79		0.94201		0.95172		0.85751		0.83495		0.89119		0.86216		0.71665
411		13217.06		0.94303		0.95274		0.8601		0.83254		0.90155		0.86567		0.72269
412		13218.5		0.94239		0.95201		0.85492		0.8186		0.91192		0.86275		0.7145
413		13219.67		0.94185		0.95149		0.84715		0.81019		0.90674		0.85575		0.69928
414		13220.91		0.94142		0.95101		0.85492		0.82464		0.90155		0.86139		0.71295
415		13222.03		0.94113		0.9511		0.86269		0.83981		0.89637		0.86717		0.72704
416		13223.39		0.94083		0.95116		0.85751		0.84158		0.88083		0.86076		0.7158
417		13224.73		0.94048		0.9512		0.8601		0.84577		0.88083		0.86294		0.72083
418		13226.06		0.93997		0.95083		0.8601		0.83902		0.89119		0.86432		0.7216
419		13227.58		0.93949		0.95056		0.85492		0.82775		0.89637		0.8607		0.7123
420		13229.26		0.93935		0.95002		0.84715		0.81604		0.89637		0.85432		0.69769
421		13230.69		0.93922		0.94956		0.84456		0.8093		0.90155		0.85294		0.69364
422		13231.99		0.93935		0.94934		0.84974		0.82297		0.89119		0.85572		0.7019
423		13233.19		0.94086		0.95045		0.84974		0.82609		0.88601		0.855		0.70133
424		13234.36		0.94185		0.95141		0.85492		0.83415		0.88601		0.8593		0.71122
425		13235.77		0.94303		0.95234		0.85492		0.83415		0.88601		0.8593		0.71122
426		13237.17		0.94408		0.95326		0.85492		0.82775		0.89637		0.8607		0.7123
AUC improved at epoch  426 ;	best_auc: 0.9440790356788101
427		13238.87		0.94505		0.95408		0.84974		0.8169		0.90155		0.85714		0.70327
AUC improved at epoch  427 ;	best_auc: 0.945045504577304
428		13240.47		0.94464		0.95362		0.84456		0.8093		0.90155		0.85294		0.69364
429		13242.39		0.94333		0.95242		0.85233		0.8301		0.88601		0.85714		0.70627
430		13243.8		0.94182		0.95102		0.85751		0.83824		0.88601		0.86146		0.71619
431		13245.1		0.9411		0.95036		0.86269		0.84653		0.88601		0.86582		0.72618
432		13246.32		0.94075		0.94967		0.85233		0.8301		0.88601		0.85714		0.70627
433		13247.9		0.94169		0.95042		0.83938		0.80465		0.89637		0.84804		0.68321
434		13249.67		0.94228		0.95108		0.84456		0.81221		0.89637		0.85222		0.69285
435		13250.82		0.94182		0.95065		0.85492		0.83092		0.89119		0.86		0.71172
436		13251.95		0.94036		0.94925		0.8601		0.84236		0.88601		0.86364		0.72118
437		13253.12		0.94059		0.94931		0.84974		0.82609		0.88601		0.855		0.70133
438		13254.4		0.9411		0.94971		0.85233		0.82692		0.89119		0.85786		0.7068
439		13255.53		0.94123		0.95013		0.84974		0.81991		0.89637		0.85644		0.70254
440		13256.83		0.94143		0.95067		0.85233		0.82381		0.89637		0.85856		0.70741
441		13258.73		0.9411		0.95058		0.85492		0.83092		0.89119		0.86		0.71172
442		13259.93		0.94043		0.95035		0.85751		0.83495		0.89119		0.86216		0.71665
443		13261.19		0.93981		0.9498		0.85492		0.83415		0.88601		0.8593		0.71122
444		13262.42		0.93935		0.94922		0.84974		0.82297		0.89119		0.85572		0.7019
445		13263.6		0.9397		0.94923		0.84715		0.81604		0.89637		0.85432		0.69769
446		13265.37		0.93965		0.94935		0.84456		0.81221		0.89637		0.85222		0.69285
447		13266.85		0.93909		0.94884		0.84974		0.82609		0.88601		0.855		0.70133
448		13267.99		0.93866		0.94817		0.85492		0.83744		0.88083		0.85859		0.7108
449		13269.14		0.93858		0.94781		0.85492		0.83744		0.88083		0.85859		0.7108
450		13270.28		0.93906		0.94756		0.84974		0.82297		0.89119		0.85572		0.7019
451		13271.42		0.93909		0.94762		0.84974		0.8169		0.90155		0.85714		0.70327
452		13273.01		0.93943		0.94789		0.85492		0.82464		0.90155		0.86139		0.71295
453		13274.58		0.94043		0.949		0.84974		0.81991		0.89637		0.85644		0.70254
454		13275.76		0.94075		0.94953		0.85233		0.82692		0.89119		0.85786		0.7068
455		13276.85		0.94153		0.95039		0.85233		0.8301		0.88601		0.85714		0.70627
456		13278.69		0.94122		0.95016		0.85492		0.83092		0.89119		0.86		0.71172
457		13280.23		0.93981		0.94849		0.85233		0.82381		0.89637		0.85856		0.70741
458		13281.66		0.93901		0.9473		0.84715		0.81308		0.90155		0.85504		0.69845
459		13283.42		0.93805		0.94641		0.85492		0.82775		0.89637		0.8607		0.7123
460		13284.84		0.93866		0.94728		0.8601		0.83902		0.89119		0.86432		0.7216
461		13286.02		0.93984		0.94883		0.86528		0.84729		0.89119		0.86869		0.73155
462		13287.78		0.94083		0.94994		0.86528		0.8439		0.89637		0.86935		0.73199
463		13289.34		0.94121		0.95064		0.86788		0.84135		0.90674		0.87282		0.73798
464		13290.97		0.94201		0.95135		0.85751		0.82547		0.90674		0.8642		0.71852
465		13292.58		0.94276		0.952		0.84715		0.81019		0.90674		0.85575		0.69928
466		13293.8		0.94292		0.95178		0.85233		0.81481		0.91192		0.86064		0.70972
467		13294.95		0.94271		0.95154		0.84974		0.81395		0.90674		0.85784		0.70407
468		13296.07		0.9425		0.95171		0.86269		0.83654		0.90155		0.86783		0.72759
469		13297.32		0.94362		0.95334		0.85751		0.83824		0.88601		0.86146		0.71619
470		13298.46		0.94341		0.95331		0.8601		0.84577		0.88083		0.86294		0.72083
471		13299.66		0.94381		0.95353		0.85492		0.82464		0.90155		0.86139		0.71295
472		13301.59		0.94274		0.95217		0.84715		0.81604		0.89637		0.85432		0.69769
473		13302.87		0.94164		0.95097		0.84197		0.8		0.91192		0.8523		0.69073
474		13303.98		0.94078		0.95011		0.84456		0.80645		0.90674		0.85366		0.69451
475		13305.11		0.93981		0.94923		0.8601		0.83902		0.89119		0.86432		0.7216
476		13306.4		0.93933		0.94915		0.8601		0.84577		0.88083		0.86294		0.72083
477		13307.64		0.93946		0.94979		0.86269		0.85		0.88083		0.86514		0.72587
478		13308.8		0.94156		0.95222		0.85751		0.83495		0.89119		0.86216		0.71665
479		13310.04		0.94255		0.95328		0.84197		0.80556		0.90155		0.85086		0.68885
480		13311.26		0.94182		0.95263		0.83938		0.79909		0.90674		0.84951		0.685
481		13312.91		0.94107		0.95174		0.84456		0.81517		0.89119		0.85149		0.69214
482		13314.49		0.93925		0.94959		0.83938		0.8134		0.88083		0.84577		0.6811
483		13315.76		0.93774		0.9479		0.84715		0.83168		0.87047		0.85063		0.69506
484		13317.13		0.93901		0.94876		0.83938		0.81043		0.88601		0.84653		0.68173
485		13318.46		0.9419		0.95108		0.84197		0.80275		0.90674		0.85158		0.68975
486		13320.65		0.94427		0.95295		0.84197		0.8		0.91192		0.8523		0.69073
487		13322.67		0.94478		0.95356		0.85492		0.8216		0.90674		0.86207		0.71369
488		13323.86		0.94403		0.95307		0.8601		0.84577		0.88083		0.86294		0.72083
489		13325.0		0.94354		0.95287		0.86269		0.85		0.88083		0.86514		0.72587
490		13326.28		0.94301		0.95164		0.85751		0.83495		0.89119		0.86216		0.71665
491		13327.44		0.94145		0.94992		0.84197		0.80556		0.90155		0.85086		0.68885
492		13328.58		0.93962		0.94837		0.8342		0.79186		0.90674		0.84541		0.67554
493		13330.01		0.93973		0.94891		0.85233		0.81776		0.90674		0.85995		0.70887
494		13331.52		0.93962		0.94931		0.85233		0.8301		0.88601		0.85714		0.70627
495		13333.27		0.94016		0.95034		0.85751		0.84158		0.88083		0.86076		0.7158
496		13334.44		0.94054		0.95056		0.85751		0.84158		0.88083		0.86076		0.7158
497		13335.57		0.94211		0.9517		0.85492		0.82775		0.89637		0.8607		0.7123
498		13336.74		0.94274		0.95205		0.84974		0.81106		0.91192		0.85854		0.70495
499		13337.97		0.9426		0.95157		0.84456		0.80645		0.90674		0.85366		0.69451
500		13339.1		0.94241		0.95129		0.86269		0.83654		0.90155		0.86783		0.72759
501		13340.36		0.94129		0.95007		0.86269		0.84653		0.88601		0.86582		0.72618
502		13341.92		0.9411		0.95002		0.8601		0.84925		0.87565		0.86224		0.72056
503		13343.93		0.94223		0.95129		0.85233		0.82692		0.89119		0.85786		0.7068
504		13345.99		0.94236		0.95126		0.84715		0.81604		0.89637		0.85432		0.69769
505		13347.64		0.94199		0.9509		0.83938		0.79372		0.9171		0.85096		0.68711
506		13348.84		0.94212		0.95123		0.84456		0.80365		0.91192		0.85437		0.69546
507		13349.97		0.94105		0.95053		0.85233		0.82381		0.89637		0.85856		0.70741
508		13351.8		0.93914		0.94908		0.84974		0.82927		0.88083		0.85427		0.70084
509		13353.46		0.93874		0.94913		0.8601		0.84577		0.88083		0.86294		0.72083
510		13354.71		0.94054		0.95092		0.8601		0.84236		0.88601		0.86364		0.72118
511		13355.88		0.94059		0.95053		0.86528		0.84729		0.89119		0.86869		0.73155
512		13357.33		0.94123		0.95099		0.85492		0.82464		0.90155		0.86139		0.71295
513		13359.07		0.94227		0.95188		0.85492		0.8216		0.90674		0.86207		0.71369
514		13360.19		0.94276		0.95219		0.86528		0.83732		0.90674		0.87065		0.73309
515		13361.31		0.94161		0.95077		0.85751		0.83173		0.89637		0.86284		0.7172
516		13362.45		0.94064		0.94962		0.85492		0.82775		0.89637		0.8607		0.7123
517		13363.72		0.93935		0.94829		0.85492		0.82775		0.89637		0.8607		0.7123
518		13364.89		0.93927		0.9479		0.85233		0.82381		0.89637		0.85856		0.70741
519		13366.06		0.94013		0.9484		0.85233		0.82692		0.89119		0.85786		0.7068
520		13367.19		0.94032		0.94846		0.84715		0.81905		0.89119		0.8536		0.69701
521		13368.78		0.9404		0.94843		0.84715		0.82212		0.88601		0.85287		0.69641
522		13370.66		0.94056		0.94848		0.85233		0.82692		0.89119		0.85786		0.7068
523		13372.24		0.94182		0.95017		0.84715		0.82212		0.88601		0.85287		0.69641
524		13373.87		0.9418		0.95035		0.84974		0.81991		0.89637		0.85644		0.70254
525		13375.09		0.94143		0.95027		0.85233		0.82381		0.89637		0.85856		0.70741
526		13376.45		0.94106		0.95004		0.85233		0.82381		0.89637		0.85856		0.70741
527		13377.58		0.94045		0.94979		0.85751		0.83495		0.89119		0.86216		0.71665
528		13378.73		0.94062		0.95004		0.85751		0.83495		0.89119		0.86216		0.71665
529		13379.84		0.94078		0.95036		0.85492		0.83415		0.88601		0.8593		0.71122
530		13381.36		0.94062		0.95029		0.85751		0.83824		0.88601		0.86146		0.71619
531		13383.0		0.94102		0.9505		0.85233		0.82692		0.89119		0.85786		0.7068
532		13384.23		0.94083		0.95018		0.85233		0.82381		0.89637		0.85856		0.70741
533		13386.08		0.94142		0.9508		0.84974		0.81991		0.89637		0.85644		0.70254
534		13387.18		0.94192		0.95116		0.85233		0.82381		0.89637		0.85856		0.70741
535		13388.46		0.94209		0.95146		0.85233		0.82381		0.89637		0.85856		0.70741
536		13389.6		0.94201		0.95153		0.85233		0.82692		0.89119		0.85786		0.7068
537		13390.72		0.94147		0.95081		0.84974		0.82609		0.88601		0.855		0.70133
538		13391.83		0.94161		0.95102		0.85492		0.83415		0.88601		0.8593		0.71122
539		13393.16		0.94204		0.95146		0.85233		0.82692		0.89119		0.85786		0.7068
540		13394.69		0.9429		0.9522		0.85492		0.82775		0.89637		0.8607		0.7123
541		13396.25		0.94325		0.95244		0.85233		0.82381		0.89637		0.85856		0.70741
542		13397.53		0.94319		0.95236		0.85492		0.82775		0.89637		0.8607		0.7123
543		13399.29		0.94274		0.9519		0.85492		0.83092		0.89119		0.86		0.71172
544		13400.99		0.94231		0.9514		0.85751		0.83495		0.89119		0.86216		0.71665
545		13402.45		0.94217		0.9513		0.8601		0.83902		0.89119		0.86432		0.7216
546		13403.77		0.9422		0.95129		0.86269		0.83981		0.89637		0.86717		0.72704
547		13405.51		0.94196		0.95106		0.85751		0.83173		0.89637		0.86284		0.7172
548		13406.96		0.94161		0.95057		0.84974		0.81991		0.89637		0.85644		0.70254
549		13408.06		0.94177		0.95068		0.84974		0.81991		0.89637		0.85644		0.70254
550		13409.21		0.942		0.95098		0.85233		0.82381		0.89637		0.85856		0.70741
551		13410.51		0.94196		0.95093		0.85751		0.82857		0.90155		0.86352		0.71782
552		13412.37		0.942		0.95087		0.85751		0.82857		0.90155		0.86352		0.71782
553		13413.62		0.94174		0.9507		0.85492		0.82775		0.89637		0.8607		0.7123
554		13414.73		0.94169		0.95053		0.85233		0.82692		0.89119		0.85786		0.7068
555		13415.9		0.94185		0.95078		0.84974		0.82927		0.88083		0.85427		0.70084
556		13418.04		0.94153		0.95034		0.85233		0.8301		0.88601		0.85714		0.70627
557		13419.32		0.94182		0.95047		0.85492		0.82775		0.89637		0.8607		0.7123
558		13420.55		0.94215		0.95096		0.85492		0.82464		0.90155		0.86139		0.71295
559		13421.8		0.94247		0.95132		0.8601		0.83254		0.90155		0.86567		0.72269
560		13423.14		0.94263		0.95161		0.85751		0.83173		0.89637		0.86284		0.7172
561		13424.65		0.94298		0.95183		0.86528		0.8439		0.89637		0.86935		0.73199
562		13426.24		0.94268		0.95171		0.86269		0.84653		0.88601		0.86582		0.72618
563		13427.74		0.9422		0.95102		0.85492		0.83415		0.88601		0.8593		0.71122
564		13429.23		0.94244		0.95084		0.85492		0.82775		0.89637		0.8607		0.7123
565		13430.72		0.94182		0.95033		0.85492		0.82464		0.90155		0.86139		0.71295
566		13432.46		0.94215		0.95082		0.85751		0.82857		0.90155		0.86352		0.71782
567		13433.84		0.94268		0.95159		0.8601		0.83902		0.89119		0.86432		0.7216
568		13435.06		0.94386		0.9528		0.8601		0.83902		0.89119		0.86432		0.7216
569		13436.37		0.9436		0.95257		0.86269		0.83981		0.89637		0.86717		0.72704
570		13437.66		0.94416		0.95275		0.8601		0.83575		0.89637		0.865		0.72211
571		13438.94		0.9436		0.95186		0.84715		0.81308		0.90155		0.85504		0.69845
572		13440.18		0.94393		0.95219		0.85233		0.81776		0.90674		0.85995		0.70887
573		13441.4		0.94376		0.952		0.8601		0.83254		0.90155		0.86567		0.72269
574		13443.33		0.94346		0.95174		0.8601		0.83902		0.89119		0.86432		0.7216
575		13444.48		0.94301		0.95155		0.86269		0.84314		0.89119		0.8665		0.72657
576		13445.75		0.94282		0.9514		0.86269		0.84314		0.89119		0.8665		0.72657
577		13446.95		0.94295		0.95171		0.85492		0.83092		0.89119		0.86		0.71172
578		13448.25		0.94286		0.95175		0.85233		0.82692		0.89119		0.85786		0.7068
579		13449.89		0.94317		0.95241		0.85233		0.82381		0.89637		0.85856		0.70741
580		13451.57		0.94276		0.95227		0.84974		0.82297		0.89119		0.85572		0.7019
581		13452.81		0.94209		0.95185		0.85233		0.82692		0.89119		0.85786		0.7068
582		13454.11		0.94193		0.95179		0.85751		0.83824		0.88601		0.86146		0.71619
583		13456.0		0.94306		0.95258		0.8601		0.83902		0.89119		0.86432		0.7216
584		13457.31		0.94325		0.95244		0.84715		0.81604		0.89637		0.85432		0.69769
585		13458.46		0.94274		0.95195		0.83938		0.80751		0.89119		0.84729		0.68243
586		13459.81		0.94368		0.95292		0.85233		0.82692		0.89119		0.85786		0.7068
587		13461.39		0.94467		0.95347		0.8601		0.83575		0.89637		0.865		0.72211
588		13462.84		0.94523		0.95399		0.85751		0.82857		0.90155		0.86352		0.71782
AUC improved at epoch  588 ;	best_auc: 0.9452334290853446
589		13464.55		0.94368		0.9527		0.85492		0.82464		0.90155		0.86139		0.71295
590		13466.3		0.94233		0.95146		0.85233		0.8301		0.88601		0.85714		0.70627
591		13468.12		0.94086		0.94958		0.84974		0.82927		0.88083		0.85427		0.70084
592		13470.12		0.94029		0.94895		0.83938		0.80751		0.89119		0.84729		0.68243
593		13471.31		0.94051		0.94902		0.83938		0.81043		0.88601		0.84653		0.68173
594		13472.47		0.94153		0.95005		0.83938		0.8134		0.88083		0.84577		0.6811
595		13473.56		0.94333		0.95212		0.84974		0.82927		0.88083		0.85427		0.70084
596		13474.81		0.94445		0.95332		0.85492		0.83744		0.88083		0.85859		0.7108
597		13475.91		0.9444		0.95323		0.84715		0.81308		0.90155		0.85504		0.69845
598		13477.06		0.9448		0.95354		0.84715		0.80734		0.91192		0.85645		0.7002
599		13478.2		0.94365		0.95238		0.84974		0.81395		0.90674		0.85784		0.70407
600		13479.46		0.94341		0.952		0.8601		0.83254		0.90155		0.86567		0.72269
601		13480.99		0.94349		0.95203		0.86528		0.85075		0.88601		0.86802		0.7312
602		13482.6		0.94343		0.95192		0.85751		0.83495		0.89119		0.86216		0.71665
603		13484.24		0.94352		0.95193		0.85233		0.82381		0.89637		0.85856		0.70741
604		13486.22		0.94394		0.95234		0.84456		0.81221		0.89637		0.85222		0.69285
605		13487.48		0.94394		0.95237		0.84974		0.8169		0.90155		0.85714		0.70327
606		13488.88		0.94365		0.95215		0.85233		0.82692		0.89119		0.85786		0.7068
607		13490.49		0.94341		0.95191		0.84974		0.82927		0.88083		0.85427		0.70084
608		13492.06		0.94258		0.95114		0.84974		0.82609		0.88601		0.855		0.70133
609		13493.34		0.94255		0.95127		0.83938		0.81043		0.88601		0.84653		0.68173
610		13494.53		0.94223		0.95108		0.83938		0.80751		0.89119		0.84729		0.68243
611		13495.72		0.94107		0.95005		0.83938		0.81043		0.88601		0.84653		0.68173
612		13496.95		0.94043		0.94962		0.83938		0.81643		0.87565		0.845		0.68055
613		13498.81		0.94043		0.94966		0.84456		0.82126		0.88083		0.85		0.69094
614		13500.01		0.94131		0.95062		0.84715		0.82524		0.88083		0.85213		0.69588
615		13501.14		0.94225		0.9516		0.85233		0.82692		0.89119		0.85786		0.7068
616		13502.4		0.94341		0.95252		0.84974		0.82297		0.89119		0.85572		0.7019
617		13503.77		0.94343		0.95219		0.84715		0.81905		0.89119		0.8536		0.69701
618		13505.05		0.94346		0.95193		0.84974		0.82297		0.89119		0.85572		0.7019
619		13506.22		0.94365		0.952		0.84974		0.82297		0.89119		0.85572		0.7019
620		13507.35		0.94429		0.95274		0.85233		0.8301		0.88601		0.85714		0.70627
621		13509.49		0.94494		0.95365		0.8601		0.83575		0.89637		0.865		0.72211
622		13510.63		0.94475		0.95359		0.8601		0.83254		0.90155		0.86567		0.72269
623		13511.76		0.94456		0.95336		0.85492		0.82775		0.89637		0.8607		0.7123
624		13513.13		0.94416		0.95312		0.84974		0.82297		0.89119		0.85572		0.7019
625		13514.74		0.94306		0.95204		0.85233		0.8301		0.88601		0.85714		0.70627
626		13516.96		0.94231		0.95112		0.84974		0.82927		0.88083		0.85427		0.70084
627		13518.17		0.94227		0.95101		0.85492		0.83415		0.88601		0.8593		0.71122
628		13519.32		0.94239		0.951		0.85492		0.83415		0.88601		0.8593		0.71122
629		13520.92		0.94296		0.95141		0.84974		0.82609		0.88601		0.855		0.70133
630		13522.72		0.94392		0.95226		0.84974		0.81991		0.89637		0.85644		0.70254
631		13523.97		0.94437		0.95253		0.84974		0.81991		0.89637		0.85644		0.70254
632		13525.12		0.94456		0.95264		0.85492		0.83092		0.89119		0.86		0.71172
633		13526.29		0.94346		0.95157		0.85492		0.83092		0.89119		0.86		0.71172
634		13527.66		0.94177		0.94989		0.84974		0.82297		0.89119		0.85572		0.7019
635		13529.45		0.93962		0.94787		0.85233		0.82381		0.89637		0.85856		0.70741
636		13530.84		0.93895		0.94712		0.85233		0.82381		0.89637		0.85856		0.70741
637		13532.17		0.9393		0.9476		0.85233		0.82692		0.89119		0.85786		0.7068
638		13533.87		0.93978		0.94818		0.84974		0.82927		0.88083		0.85427		0.70084
639		13535.16		0.94094		0.94957		0.85492		0.83415		0.88601		0.8593		0.71122
640		13536.27		0.94236		0.95102		0.85751		0.83495		0.89119		0.86216		0.71665
641		13537.51		0.94319		0.95191		0.8601		0.82938		0.90674		0.86634		0.72336
642		13539.14		0.94373		0.95266		0.86269		0.83333		0.90674		0.86849		0.72822
643		13540.84		0.94317		0.95222		0.85751		0.82547		0.90674		0.8642		0.71852
644		13542.1		0.94223		0.95099		0.85492		0.8216		0.90674		0.86207		0.71369
645		13543.31		0.94172		0.95044		0.85233		0.82075		0.90155		0.85926		0.7081
646		13544.86		0.94169		0.95069		0.85233		0.82692		0.89119		0.85786		0.7068
647		13546.35		0.94255		0.95128		0.85492		0.82775		0.89637		0.8607		0.7123
648		13548.17		0.94303		0.95195		0.85233		0.82381		0.89637		0.85856		0.70741
649		13550.16		0.94303		0.95198		0.84974		0.81991		0.89637		0.85644		0.70254
650		13551.29		0.9429		0.9517		0.84974		0.82609		0.88601		0.855		0.70133
651		13552.45		0.94228		0.95089		0.85233		0.83333		0.88083		0.85642		0.70581
652		13553.58		0.94172		0.95021		0.84974		0.82927		0.88083		0.85427		0.70084
653		13554.84		0.94209		0.95055		0.84715		0.82524		0.88083		0.85213		0.69588
654		13556.07		0.94295		0.95132		0.85233		0.8301		0.88601		0.85714		0.70627
655		13557.18		0.94329		0.95164		0.85751		0.83495		0.89119		0.86216		0.71665
656		13558.39		0.94368		0.95208		0.86528		0.84729		0.89119		0.86869		0.73155
657		13559.81		0.94386		0.95258		0.86788		0.85149		0.89119		0.87089		0.73655
658		13561.34		0.94404		0.95272		0.85751		0.83173		0.89637		0.86284		0.7172
659		13562.9		0.9429		0.95168		0.84974		0.8169		0.90155		0.85714		0.70327
660		13564.05		0.94236		0.95118		0.85492		0.82775		0.89637		0.8607		0.7123
661		13565.48		0.94252		0.95144		0.86788		0.855		0.88601		0.87023		0.73624
662		13567.19		0.94236		0.95166		0.87047		0.86294		0.88083		0.87179		0.74109
663		13568.73		0.94346		0.95235		0.8601		0.83902		0.89119		0.86432		0.7216
664		13570.24		0.94437		0.95299		0.84715		0.80455		0.9171		0.85714		0.7012
665		13571.5		0.94437		0.95304		0.83938		0.79638		0.91192		0.85024		0.68601
666		13572.8		0.94403		0.95305		0.85233		0.82692		0.89119		0.85786		0.7068
667		13573.93		0.94287		0.95241		0.86269		0.84653		0.88601		0.86582		0.72618
668		13575.84		0.94161		0.95099		0.85492		0.83415		0.88601		0.8593		0.71122
669		13577.24		0.93962		0.94858		0.84715		0.81905		0.89119		0.8536		0.69701
670		13579.13		0.93812		0.9467		0.82642		0.78636		0.89637		0.83777		0.65933
671		13580.46		0.93919		0.94797		0.84456		0.81221		0.89637		0.85222		0.69285
672		13581.76		0.94		0.94934		0.84974		0.83251		0.87565		0.85354		0.70042
673		13582.91		0.94032		0.94973		0.85492		0.83744		0.88083		0.85859		0.7108
674		13584.06		0.94161		0.9503		0.84456		0.81221		0.89637		0.85222		0.69285
675		13585.36		0.94096		0.9493		0.83679		0.79545		0.90674		0.84746		0.68026
676		13586.68		0.94204		0.95034		0.85233		0.82075		0.90155		0.85926		0.7081
677		13588.23		0.94177		0.95022		0.86528		0.85075		0.88601		0.86802		0.7312
678		13590.01		0.94145		0.95007		0.86528		0.85075		0.88601		0.86802		0.7312
679		13591.76		0.9411		0.94974		0.8601		0.83575		0.89637		0.865		0.72211
680		13593.56		0.94129		0.94992		0.85233		0.82075		0.90155		0.85926		0.7081
681		13594.96		0.94062		0.94953		0.84456		0.8093		0.90155		0.85294		0.69364
682		13596.16		0.9397		0.94849		0.84456		0.81221		0.89637		0.85222		0.69285
683		13597.99		0.93962		0.94843		0.85492		0.82775		0.89637		0.8607		0.7123
684		13599.45		0.93938		0.94815		0.85233		0.83663		0.87565		0.8557		0.70543
685		13600.69		0.9397		0.94839		0.85492		0.8408		0.87565		0.85787		0.71046
686		13601.85		0.94027		0.94879		0.85492		0.83092		0.89119		0.86		0.71172
687		13603.08		0.94158		0.94986		0.84974		0.8169		0.90155		0.85714		0.70327
688		13604.22		0.94306		0.9513		0.84715		0.81019		0.90674		0.85575		0.69928
689		13606.08		0.94423		0.95268		0.84715		0.81019		0.90674		0.85575		0.69928
690		13607.2		0.94501		0.95381		0.85751		0.82547		0.90674		0.8642		0.71852
691		13608.7		0.94478		0.95419		0.85751		0.83495		0.89119		0.86216		0.71665
692		13610.46		0.94472		0.95421		0.8601		0.84236		0.88601		0.86364		0.72118
693		13612.05		0.94513		0.95432		0.8601		0.83902		0.89119		0.86432		0.7216
694		13613.23		0.94472		0.95371		0.84197		0.80841		0.89637		0.85012		0.68802
695		13614.48		0.94314		0.95189		0.84197		0.80841		0.89637		0.85012		0.68802
696		13615.81		0.94306		0.95182		0.84197		0.80841		0.89637		0.85012		0.68802
697		13617.2		0.94357		0.95229		0.84974		0.82297		0.89119		0.85572		0.7019
698		13619.12		0.94376		0.95237		0.85492		0.83744		0.88083		0.85859		0.7108
699		13620.41		0.94419		0.95266		0.85751		0.84158		0.88083		0.86076		0.7158
700		13621.74		0.94531		0.95349		0.85751		0.83824		0.88601		0.86146		0.71619
AUC improved at epoch  700 ;	best_auc: 0.9453139681602191
701		13623.15		0.9462		0.95415		0.8601		0.83254		0.90155		0.86567		0.72269
AUC improved at epoch  701 ;	best_auc: 0.9461998979838384
702		13625.08		0.94643		0.95426		0.85492		0.8216		0.90674		0.86207		0.71369
AUC improved at epoch  702 ;	best_auc: 0.9464280920293162
703		13626.38		0.94607		0.95392		0.85233		0.81776		0.90674		0.85995		0.70887
704		13627.56		0.9455		0.9534		0.85233		0.82381		0.89637		0.85856		0.70741
705		13628.86		0.94491		0.95283		0.8601		0.83575		0.89637		0.865		0.72211
706		13630.11		0.94451		0.95269		0.85751		0.83495		0.89119		0.86216		0.71665
707		13632.03		0.94335		0.95193		0.84715		0.82212		0.88601		0.85287		0.69641
708		13633.44		0.94228		0.95107		0.84974		0.81991		0.89637		0.85644		0.70254
709		13634.77		0.94196		0.95093		0.84974		0.81991		0.89637		0.85644		0.70254
710		13635.91		0.94153		0.95078		0.85751		0.83824		0.88601		0.86146		0.71619
711		13637.09		0.94099		0.95067		0.8601		0.84577		0.88083		0.86294		0.72083
712		13638.75		0.94088		0.95073		0.8601		0.84925		0.87565		0.86224		0.72056
713		13640.25		0.94094		0.95057		0.8601		0.84577		0.88083		0.86294		0.72083
714		13641.63		0.94174		0.95122		0.85233		0.8301		0.88601		0.85714		0.70627
715		13642.81		0.94274		0.95206		0.84456		0.81221		0.89637		0.85222		0.69285
716		13644.28		0.94298		0.95229		0.84715		0.81308		0.90155		0.85504		0.69845
717		13645.95		0.94268		0.95176		0.84456		0.81818		0.88601		0.85075		0.6915
718		13647.21		0.94182		0.95067		0.85233		0.83333		0.88083		0.85642		0.70581
719		13648.67		0.94059		0.94924		0.85233		0.83663		0.87565		0.8557		0.70543
720		13650.16		0.94094		0.94946		0.85751		0.83824		0.88601		0.86146		0.71619
721		13651.71		0.94153		0.94973		0.84974		0.82297		0.89119		0.85572		0.7019
722		13653.36		0.9425		0.95046		0.85233		0.82381		0.89637		0.85856		0.70741
723		13654.79		0.94325		0.95123		0.85233		0.82381		0.89637		0.85856		0.70741
724		13656.51		0.94378		0.95172		0.85492		0.82775		0.89637		0.8607		0.7123
725		13657.87		0.94338		0.95113		0.86269		0.84314		0.89119		0.8665		0.72657
726		13660.03		0.94309		0.95071		0.8601		0.83902		0.89119		0.86432		0.7216
727		13661.32		0.94212		0.94982		0.85233		0.82692		0.89119		0.85786		0.7068
728		13662.46		0.94204		0.94997		0.85492		0.83092		0.89119		0.86		0.71172
729		13663.59		0.94188		0.95053		0.84974		0.82927		0.88083		0.85427		0.70084
730		13664.85		0.94212		0.95109		0.84715		0.82524		0.88083		0.85213		0.69588
731		13666.2		0.94201		0.9513		0.84715		0.82524		0.88083		0.85213		0.69588
732		13667.43		0.94252		0.95196		0.84715		0.82212		0.88601		0.85287		0.69641
733		13668.54		0.94286		0.95254		0.85233		0.82381		0.89637		0.85856		0.70741
734		13670.21		0.94255		0.95214		0.85492		0.82775		0.89637		0.8607		0.7123
735		13672.08		0.94199		0.95155		0.85492		0.82775		0.89637		0.8607		0.7123
736		13673.83		0.94228		0.95171		0.85233		0.82692		0.89119		0.85786		0.7068
737		13675.1		0.94271		0.95202		0.85233		0.82692		0.89119		0.85786		0.7068
738		13676.26		0.94274		0.95196		0.85233		0.8301		0.88601		0.85714		0.70627
739		13677.52		0.94327		0.9525		0.85492		0.83744		0.88083		0.85859		0.7108
740		13678.82		0.94333		0.95268		0.85751		0.84158		0.88083		0.86076		0.7158
741		13679.99		0.94424		0.95341		0.8601		0.84236		0.88601		0.86364		0.72118
742		13681.69		0.94475		0.95376		0.86269		0.84314		0.89119		0.8665		0.72657
743		13683.23		0.94502		0.95379		0.85492		0.82775		0.89637		0.8607		0.7123
744		13685.02		0.94491		0.95356		0.84456		0.81517		0.89119		0.85149		0.69214
745		13686.68		0.94486		0.95343		0.85492		0.83092		0.89119		0.86		0.71172
746		13687.83		0.94451		0.9531		0.85751		0.83824		0.88601		0.86146		0.71619
747		13688.96		0.94445		0.95301		0.8601		0.84577		0.88083		0.86294		0.72083
748		13690.06		0.94483		0.95342		0.85492		0.83744		0.88083		0.85859		0.7108
749		13691.29		0.9451		0.95359		0.8601		0.83902		0.89119		0.86432		0.7216
750		13692.4		0.94577		0.95409		0.84974		0.81991		0.89637		0.85644		0.70254
751		13693.58		0.94633		0.95459		0.85233		0.81776		0.90674		0.85995		0.70887
752		13694.71		0.94607		0.95425		0.84974		0.81991		0.89637		0.85644		0.70254
753		13696.04		0.94574		0.95382		0.85492		0.83092		0.89119		0.86		0.71172
754		13697.59		0.94437		0.95234		0.85233		0.82692		0.89119		0.85786		0.7068
755		13699.13		0.94306		0.95111		0.85492		0.83092		0.89119		0.86		0.71172
756		13701.2		0.94282		0.9508		0.85492		0.83092		0.89119		0.86		0.71172
757		13702.95		0.94272		0.95099		0.85492		0.83415		0.88601		0.8593		0.71122
758		13704.07		0.9425		0.95104		0.85492		0.83415		0.88601		0.8593		0.71122
759		13705.2		0.94252		0.95137		0.85233		0.8301		0.88601		0.85714		0.70627
760		13706.35		0.94317		0.95178		0.85492		0.83415		0.88601		0.8593		0.71122
761		13708.16		0.94368		0.95206		0.85492		0.83092		0.89119		0.86		0.71172
762		13709.63		0.94352		0.95206		0.85751		0.83495		0.89119		0.86216		0.71665
763		13711.04		0.94341		0.95204		0.86269		0.84653		0.88601		0.86582		0.72618
764		13712.19		0.94343		0.95213		0.8601		0.84236		0.88601		0.86364		0.72118
765		13713.57		0.94365		0.9523		0.85233		0.8301		0.88601		0.85714		0.70627
766		13715.58		0.94333		0.95192		0.85233		0.82692		0.89119		0.85786		0.7068
767		13717.53		0.94343		0.95211		0.84456		0.81221		0.89637		0.85222		0.69285
768		13718.79		0.94317		0.95194		0.84456		0.8093		0.90155		0.85294		0.69364
769		13720.03		0.9426		0.95158		0.84456		0.81517		0.89119		0.85149		0.69214
770		13721.3		0.94233		0.95135		0.84715		0.82843		0.87565		0.85139		0.69543
771		13722.48		0.94247		0.95131		0.84715		0.82843		0.87565		0.85139		0.69543
772		13723.63		0.9429		0.95151		0.84456		0.82439		0.87565		0.84925		0.69046
773		13724.81		0.94284		0.95109		0.84456		0.81818		0.88601		0.85075		0.6915
774		13725.96		0.94341		0.95136		0.84197		0.81731		0.88083		0.84788		0.68601
775		13727.57		0.94354		0.95162		0.84715		0.82524		0.88083		0.85213		0.69588
776		13729.17		0.94295		0.95131		0.84974		0.82927		0.88083		0.85427		0.70084
777		13730.39		0.94357		0.95194		0.84974		0.82927		0.88083		0.85427		0.70084
778		13731.96		0.94405		0.95235		0.84715		0.82524		0.88083		0.85213		0.69588
779		13733.78		0.94421		0.95238		0.85233		0.8301		0.88601		0.85714		0.70627
780		13735.23		0.94411		0.95229		0.85233		0.8301		0.88601		0.85714		0.70627
781		13736.67		0.94365		0.95176		0.85492		0.83092		0.89119		0.86		0.71172
782		13738.21		0.94394		0.95204		0.85751		0.83824		0.88601		0.86146		0.71619
783		13739.59		0.94373		0.95198		0.85492		0.83744		0.88083		0.85859		0.7108
784		13741.35		0.94386		0.95209		0.85751		0.84158		0.88083		0.86076		0.7158
785		13742.94		0.94416		0.95234		0.86269		0.84314		0.89119		0.8665		0.72657
786		13744.09		0.9444		0.9523		0.84715		0.81905		0.89119		0.8536		0.69701
787		13745.22		0.94451		0.95251		0.84456		0.81221		0.89637		0.85222		0.69285
788		13746.44		0.94454		0.95248		0.84456		0.81221		0.89637		0.85222		0.69285
789		13747.57		0.94486		0.95296		0.85751		0.83495		0.89119		0.86216		0.71665
790		13748.69		0.94448		0.95298		0.8601		0.84236		0.88601		0.86364		0.72118
791		13749.84		0.94397		0.95278		0.8601		0.84236		0.88601		0.86364		0.72118
792		13750.96		0.94376		0.95248		0.85233		0.82381		0.89637		0.85856		0.70741
793		13752.2		0.94306		0.95161		0.84456		0.80645		0.90674		0.85366		0.69451
794		13753.99		0.94212		0.95058		0.84197		0.80841		0.89637		0.85012		0.68802
795		13755.31		0.94147		0.94977		0.85233		0.8301		0.88601		0.85714		0.70627
796		13756.44		0.94096		0.94934		0.85233		0.84		0.87047		0.85496		0.70513
797		13757.65		0.94185		0.95011		0.8601		0.84577		0.88083		0.86294		0.72083
798		13758.75		0.94322		0.95116		0.84197		0.81132		0.89119		0.84938		0.68728
799		13759.92		0.94448		0.95223		0.84197		0.80556		0.90155		0.85086		0.68885
800		13761.59		0.9444		0.95227		0.84715		0.81604		0.89637		0.85432		0.69769
801		13763.28		0.94368		0.95187		0.84974		0.82927		0.88083		0.85427		0.70084
802		13765.22		0.94295		0.95129		0.84974		0.82927		0.88083		0.85427		0.70084
803		13766.7		0.94284		0.95129		0.84974		0.83251		0.87565		0.85354		0.70042
804		13768.56		0.94303		0.95138		0.84715		0.82524		0.88083		0.85213		0.69588
805		13769.95		0.94303		0.95119		0.84974		0.81991		0.89637		0.85644		0.70254
806		13771.28		0.94228		0.95035		0.84715		0.81308		0.90155		0.85504		0.69845
807		13772.41		0.94233		0.95043		0.84974		0.8169		0.90155		0.85714		0.70327
808		13773.56		0.94258		0.95095		0.83938		0.81643		0.87565		0.845		0.68055
809		13774.68		0.94228		0.95103		0.85492		0.8408		0.87565		0.85787		0.71046
810		13776.18		0.94276		0.95165		0.85492		0.8408		0.87565		0.85787		0.71046
811		13777.98		0.94309		0.95155		0.84974		0.82609		0.88601		0.855		0.70133
812		13779.18		0.94271		0.95135		0.84715		0.81308		0.90155		0.85504		0.69845
813		13780.94		0.94255		0.95105		0.84197		0.80841		0.89637		0.85012		0.68802
814		13782.35		0.94239		0.95102		0.84715		0.81905		0.89119		0.8536		0.69701
815		13784.1		0.94271		0.95139		0.85751		0.83495		0.89119		0.86216		0.71665
816		13785.33		0.94276		0.95136		0.84974		0.82609		0.88601		0.855		0.70133
817		13786.47		0.9433		0.95182		0.84715		0.82524		0.88083		0.85213		0.69588
818		13787.58		0.94381		0.95226		0.84974		0.82609		0.88601		0.855		0.70133
819		13788.81		0.9447		0.95278		0.84974		0.82609		0.88601		0.855		0.70133
820		13789.95		0.94529		0.95315		0.85751		0.82547		0.90674		0.8642		0.71852
821		13791.41		0.9459		0.95358		0.8601		0.82938		0.90674		0.86634		0.72336
822		13793.16		0.94585		0.95356		0.85492		0.82775		0.89637		0.8607		0.7123
823		13794.79		0.94531		0.95293		0.84974		0.82609		0.88601		0.855		0.70133
824		13796.52		0.94472		0.95223		0.84974		0.82609		0.88601		0.855		0.70133
825		13798.25		0.94496		0.95223		0.85751		0.82857		0.90155		0.86352		0.71782
826		13800.2		0.94467		0.95202		0.85492		0.82464		0.90155		0.86139		0.71295
827		13801.43		0.94454		0.95187		0.84456		0.8093		0.90155		0.85294		0.69364
828		13802.54		0.94486		0.95224		0.84456		0.8093		0.90155		0.85294		0.69364
829		13803.71		0.94505		0.95279		0.84974		0.81991		0.89637		0.85644		0.70254
830		13804.87		0.94531		0.95346		0.85751		0.83173		0.89637		0.86284		0.7172
831		13806.17		0.9451		0.95301		0.8601		0.83254		0.90155		0.86567		0.72269
832		13807.35		0.94424		0.95195		0.84715		0.81308		0.90155		0.85504		0.69845
833		13808.47		0.94292		0.95053		0.84974		0.82609		0.88601		0.855		0.70133
834		13809.61		0.94317		0.95091		0.84456		0.82126		0.88083		0.85		0.69094
835		13810.88		0.94341		0.9513		0.85492		0.83744		0.88083		0.85859		0.7108
836		13813.0		0.94405		0.95215		0.85492		0.83744		0.88083		0.85859		0.7108
837		13814.31		0.94515		0.95328		0.84974		0.82609		0.88601		0.855		0.70133
838		13815.5		0.94589		0.95412		0.85492		0.83092		0.89119		0.86		0.71172
839		13816.68		0.94631		0.95449		0.85233		0.82692		0.89119		0.85786		0.7068
840		13818.12		0.94566		0.95384		0.84974		0.82297		0.89119		0.85572		0.7019
841		13819.74		0.94486		0.95311		0.84974		0.82609		0.88601		0.855		0.70133
842		13821.49		0.94333		0.9518		0.85492		0.83744		0.88083		0.85859		0.7108
843		13822.77		0.94244		0.951		0.84715		0.82843		0.87565		0.85139		0.69543
844		13824.03		0.94212		0.95094		0.85233		0.8301		0.88601		0.85714		0.70627
845		13825.98		0.94266		0.95155		0.85751		0.83495		0.89119		0.86216		0.71665
846		13827.78		0.94325		0.95208		0.85233		0.82381		0.89637		0.85856		0.70741
847		13829.5		0.94389		0.9524		0.84974		0.81991		0.89637		0.85644		0.70254
848		13830.85		0.94448		0.95286		0.8601		0.83254		0.90155		0.86567		0.72269
849		13832.21		0.94483		0.95309		0.85492		0.83092		0.89119		0.86		0.71172
850		13833.44		0.94472		0.95284		0.85233		0.8301		0.88601		0.85714		0.70627
851		13834.92		0.94448		0.95246		0.85233		0.82381		0.89637		0.85856		0.70741
852		13836.34		0.94476		0.95268		0.85233		0.82692		0.89119		0.85786		0.7068
853		13837.9		0.94526		0.95311		0.85492		0.82775		0.89637		0.8607		0.7123
854		13839.38		0.94488		0.95286		0.85492		0.8216		0.90674		0.86207		0.71369
855		13841.0		0.94491		0.95292		0.85233		0.82381		0.89637		0.85856		0.70741
856		13842.55		0.94505		0.95318		0.85233		0.82692		0.89119		0.85786		0.7068
857		13844.31		0.94486		0.95291		0.85233		0.82692		0.89119		0.85786		0.7068
858		13845.73		0.94483		0.95273		0.85233		0.82075		0.90155		0.85926		0.7081
859		13847.0		0.94521		0.95284		0.85233		0.82075		0.90155		0.85926		0.7081
860		13848.37		0.94502		0.95257		0.85492		0.82775		0.89637		0.8607		0.7123
861		13849.99		0.94515		0.95264		0.85751		0.83173		0.89637		0.86284		0.7172
862		13851.54		0.94537		0.95272		0.8601		0.83575		0.89637		0.865		0.72211
863		13853.09		0.94553		0.95282		0.86269		0.83981		0.89637		0.86717		0.72704
864		13854.25		0.9462		0.95329		0.8601		0.83254		0.90155		0.86567		0.72269
865		13855.91		0.94644		0.95361		0.8601		0.83254		0.90155		0.86567		0.72269
AUC improved at epoch  865 ;	best_auc: 0.946441515208462
866		13857.41		0.94633		0.95371		0.8601		0.83575		0.89637		0.865		0.72211
867		13858.83		0.94625		0.95389		0.8601		0.84236		0.88601		0.86364		0.72118
868		13860.79		0.94617		0.95391		0.85751		0.83495		0.89119		0.86216		0.71665
869		13861.97		0.94612		0.95399		0.84974		0.82297		0.89119		0.85572		0.7019
870		13863.1		0.94628		0.95409		0.85233		0.82381		0.89637		0.85856		0.70741
871		13864.26		0.94644		0.95436		0.85751		0.82857		0.90155		0.86352		0.71782
872		13865.51		0.94534		0.95324		0.85233		0.83333		0.88083		0.85642		0.70581
873		13866.68		0.94411		0.95188		0.85751		0.84158		0.88083		0.86076		0.7158
874		13868.14		0.94365		0.95128		0.86269		0.85		0.88083		0.86514		0.72587
875		13869.97		0.94394		0.95124		0.85492		0.82775		0.89637		0.8607		0.7123
876		13871.49		0.94405		0.95127		0.85751		0.82857		0.90155		0.86352		0.71782
877		13872.69		0.94425		0.9516		0.85233		0.82075		0.90155		0.85926		0.7081
878		13873.8		0.94518		0.9526		0.86528		0.8439		0.89637		0.86935		0.73199
879		13874.95		0.94569		0.95313		0.85492		0.82775		0.89637		0.8607		0.7123
880		13876.68		0.94607		0.95338		0.84456		0.81221		0.89637		0.85222		0.69285
881		13878.39		0.9458		0.95314		0.84715		0.81905		0.89119		0.8536		0.69701
882		13879.81		0.94539		0.9532		0.86788		0.85149		0.89119		0.87089		0.73655
883		13880.96		0.94491		0.95307		0.87047		0.85572		0.89119		0.8731		0.74157
884		13882.83		0.94566		0.95375		0.8601		0.83902		0.89119		0.86432		0.7216
885		13884.24		0.94562		0.9536		0.84197		0.81132		0.89119		0.84938		0.68728
886		13885.41		0.94518		0.95313		0.84197		0.80841		0.89637		0.85012		0.68802
887		13886.58		0.94424		0.95248		0.84715		0.81905		0.89119		0.8536		0.69701
888		13887.68		0.94411		0.95262		0.85492		0.83744		0.88083		0.85859		0.7108
889		13889.02		0.94416		0.95256		0.8601		0.84577		0.88083		0.86294		0.72083
890		13890.78		0.9447		0.95247		0.84197		0.80841		0.89637		0.85012		0.68802
891		13892.32		0.94478		0.95218		0.84456		0.8093		0.90155		0.85294		0.69364
892		13893.48		0.94612		0.9539		0.84715		0.82212		0.88601		0.85287		0.69641
893		13895.08		0.94655		0.95475		0.85492		0.83744		0.88083		0.85859		0.7108
AUC improved at epoch  893 ;	best_auc: 0.9465489006416279
894		13896.81		0.94703		0.95519		0.85492		0.83744		0.88083		0.85859		0.7108
AUC improved at epoch  894 ;	best_auc: 0.9470321350908749
895		13898.63		0.94701		0.95516		0.85751		0.83495		0.89119		0.86216		0.71665
896		13900.15		0.94698		0.95516		0.86269		0.84653		0.88601		0.86582		0.72618
897		13901.7		0.94577		0.95365		0.84974		0.82927		0.88083		0.85427		0.70084
898		13902.85		0.94523		0.95273		0.84974		0.82927		0.88083		0.85427		0.70084
899		13904.61		0.94448		0.9518		0.84197		0.81429		0.88601		0.84864		0.68661
900		13906.06		0.94539		0.95288		0.84974		0.81991		0.89637		0.85644		0.70254
901		13907.43		0.94647		0.95409		0.84715		0.81905		0.89119		0.8536		0.69701
902		13908.66		0.94668		0.95448		0.85492		0.83415		0.88601		0.8593		0.71122
903		13909.91		0.94641		0.95421		0.85492		0.83092		0.89119		0.86		0.71172
904		13911.74		0.94709		0.95462		0.85492		0.82775		0.89637		0.8607		0.7123
AUC improved at epoch  904 ;	best_auc: 0.9470858278074579
905		13913.33		0.94722		0.95436		0.85233		0.82381		0.89637		0.85856		0.70741
AUC improved at epoch  905 ;	best_auc: 0.9472200595989154
906		13914.68		0.94692		0.95386		0.85492		0.82775		0.89637		0.8607		0.7123
907		13915.95		0.94655		0.95356		0.8601		0.83254		0.90155		0.86567		0.72269
908		13917.05		0.9465		0.95361		0.86528		0.84058		0.90155		0.87		0.7325
909		13918.22		0.94615		0.95362		0.84974		0.82297		0.89119		0.85572		0.7019
910		13919.73		0.9459		0.95332		0.84974		0.82297		0.89119		0.85572		0.7019
911		13921.49		0.94499		0.95282		0.84974		0.82927		0.88083		0.85427		0.70084
912		13922.81		0.94408		0.95208		0.85751		0.84158		0.88083		0.86076		0.7158
913		13924.4		0.94368		0.95162		0.85233		0.83333		0.88083		0.85642		0.70581
914		13926.08		0.94416		0.95178		0.85233		0.82692		0.89119		0.85786		0.7068
915		13927.39		0.94478		0.95225		0.85233		0.82692		0.89119		0.85786		0.7068
916		13928.73		0.94566		0.95303		0.85492		0.82775		0.89637		0.8607		0.7123
917		13930.22		0.94593		0.95329		0.8601		0.83575		0.89637		0.865		0.72211
918		13931.87		0.94698		0.95425		0.8601		0.83575		0.89637		0.865		0.72211
919		13933.47		0.94748		0.95485		0.85751		0.83173		0.89637		0.86284		0.7172
AUC improved at epoch  919 ;	best_auc: 0.9474751000026846
920		13934.95		0.94719		0.95482		0.8601		0.83575		0.89637		0.865		0.72211
921		13936.24		0.94684		0.95453		0.85492		0.83092		0.89119		0.86		0.71172
922		13938.13		0.94625		0.95394		0.85492		0.82775		0.89637		0.8607		0.7123
923		13939.42		0.94577		0.95352		0.85492		0.82775		0.89637		0.8607		0.7123
924		13940.75		0.94507		0.9528		0.84974		0.82297		0.89119		0.85572		0.7019
925		13941.86		0.94505		0.95284		0.85233		0.8301		0.88601		0.85714		0.70627
926		13943.01		0.94429		0.95196		0.85492		0.83092		0.89119		0.86		0.71172
927		13944.21		0.94411		0.95158		0.85751		0.82857		0.90155		0.86352		0.71782
928		13945.47		0.9444		0.95186		0.85233		0.82692		0.89119		0.85786		0.7068
929		13946.67		0.9447		0.95208		0.85233		0.82692		0.89119		0.85786		0.7068
930		13948.58		0.94553		0.95288		0.85751		0.83495		0.89119		0.86216		0.71665
931		13950.67		0.94577		0.95315		0.85751		0.83173		0.89637		0.86284		0.7172
932		13951.79		0.94658		0.9537		0.85233		0.82381		0.89637		0.85856		0.70741
933		13953.16		0.94604		0.95327		0.85233		0.82075		0.90155		0.85926		0.7081
934		13954.74		0.94574		0.95309		0.84974		0.81991		0.89637		0.85644		0.70254
935		13956.24		0.9458		0.95325		0.86269		0.84653		0.88601		0.86582		0.72618
936		13957.67		0.94569		0.95325		0.8601		0.84577		0.88083		0.86294		0.72083
937		13959.39		0.94553		0.95303		0.8601		0.84577		0.88083		0.86294		0.72083
938		13960.98		0.94523		0.95278		0.84974		0.82927		0.88083		0.85427		0.70084
939		13962.54		0.94548		0.95268		0.84715		0.81905		0.89119		0.8536		0.69701
940		13963.94		0.94568		0.95275		0.85233		0.82381		0.89637		0.85856		0.70741
941		13965.55		0.94459		0.9517		0.85492		0.83092		0.89119		0.86		0.71172
942		13967.17		0.94338		0.95065		0.85492		0.83415		0.88601		0.8593		0.71122
943		13968.26		0.94416		0.95155		0.85492		0.83415		0.88601		0.8593		0.71122
944		13969.42		0.9457		0.95296		0.84715		0.81604		0.89637		0.85432		0.69769
945		13970.52		0.94612		0.95359		0.83938		0.80751		0.89119		0.84729		0.68243
946		13971.76		0.94612		0.95386		0.8342		0.8		0.89119		0.84314		0.67278
947		13972.9		0.94609		0.95372		0.85492		0.83415		0.88601		0.8593		0.71122
948		13974.0		0.94545		0.95288		0.85492		0.83415		0.88601		0.8593		0.71122
949		13975.18		0.94427		0.95138		0.85233		0.8301		0.88601		0.85714		0.70627
950		13976.52		0.94309		0.95011		0.84197		0.81731		0.88083		0.84788		0.68601
951		13977.97		0.94319		0.95055		0.84456		0.82439		0.87565		0.84925		0.69046
952		13980.02		0.94421		0.95191		0.84974		0.82927		0.88083		0.85427		0.70084
953		13981.77		0.94529		0.95274		0.85233		0.82075		0.90155		0.85926		0.7081
954		13982.99		0.94617		0.95361		0.84456		0.8093		0.90155		0.85294		0.69364
955		13984.31		0.94722		0.95474		0.84456		0.8093		0.90155		0.85294		0.69364
956		13985.49		0.94753		0.95506		0.84197		0.80841		0.89637		0.85012		0.68802
AUC improved at epoch  956 ;	best_auc: 0.9475287927192676
957		13986.94		0.94733		0.9547		0.85751		0.83173		0.89637		0.86284		0.7172
958		13988.38		0.94687		0.95405		0.85751		0.83173		0.89637		0.86284		0.7172
959		13990.1		0.94636		0.95336		0.85492		0.82775		0.89637		0.8607		0.7123
960		13991.29		0.94521		0.95188		0.84715		0.81604		0.89637		0.85432		0.69769
961		13993.13		0.9448		0.95165		0.85233		0.82381		0.89637		0.85856		0.70741
962		13994.64		0.94513		0.95219		0.8601		0.83902		0.89119		0.86432		0.7216
963		13995.98		0.94502		0.95225		0.86528		0.85075		0.88601		0.86802		0.7312
964		13997.25		0.94556		0.95279		0.86269		0.85		0.88083		0.86514		0.72587
965		13998.41		0.94628		0.95347		0.86788		0.84804		0.89637		0.87154		0.73695
966		13999.63		0.94698		0.95395		0.86528		0.83732		0.90674		0.87065		0.73309
967		14000.86		0.94762		0.9546		0.8601		0.82938		0.90674		0.86634		0.72336
AUC improved at epoch  967 ;	best_auc: 0.9476227549732879
968		14002.15		0.9476		0.95461		0.8601		0.83902		0.89119		0.86432		0.7216
969		14003.33		0.94692		0.95425		0.8601		0.83902		0.89119		0.86432		0.7216
970		14005.29		0.94636		0.95397		0.8601		0.84236		0.88601		0.86364		0.72118
971		14006.58		0.94577		0.95338		0.85233		0.82692		0.89119		0.85786		0.7068
972		14008.13		0.94531		0.95278		0.85233		0.82075		0.90155		0.85926		0.7081
973		14009.73		0.94456		0.9523		0.84715		0.81604		0.89637		0.85432		0.69769
974		14011.01		0.94403		0.95222		0.85492		0.83092		0.89119		0.86		0.71172
975		14012.57		0.94338		0.95182		0.85492		0.83415		0.88601		0.8593		0.71122
976		14014.61		0.94335		0.95154		0.85233		0.8301		0.88601		0.85714		0.70627
977		14016.95		0.94298		0.95064		0.84715		0.81905		0.89119		0.8536		0.69701
978		14018.47		0.94274		0.95002		0.84197		0.81132		0.89119		0.84938		0.68728
979		14019.92		0.94352		0.9508		0.85233		0.8301		0.88601		0.85714		0.70627
980		14021.32		0.94394		0.95161		0.8601		0.84577		0.88083		0.86294		0.72083
981		14022.82		0.94499		0.95267		0.85751		0.83824		0.88601		0.86146		0.71619
982		14024.36		0.94553		0.9533		0.84974		0.82297		0.89119		0.85572		0.7019
983		14025.49		0.9465		0.95427		0.84974		0.8169		0.90155		0.85714		0.70327
984		14026.67		0.9462		0.95417		0.85233		0.82692		0.89119		0.85786		0.7068
985		14028.01		0.94523		0.95338		0.85751		0.83824		0.88601		0.86146		0.71619
986		14029.19		0.94577		0.95361		0.8601		0.83575		0.89637		0.865		0.72211
987		14030.42		0.94427		0.95151		0.84974		0.81991		0.89637		0.85644		0.70254
988		14031.53		0.94258		0.94958		0.84456		0.8093		0.90155		0.85294		0.69364
989		14032.77		0.94412		0.95168		0.85492		0.83092		0.89119		0.86		0.71172
990		14033.92		0.94526		0.9538		0.85751		0.83824		0.88601		0.86146		0.71619
991		14035.14		0.9455		0.9542		0.8601		0.83902		0.89119		0.86432		0.7216
992		14036.26		0.94553		0.95424		0.85492		0.82775		0.89637		0.8607		0.7123
993		14037.38		0.94566		0.95376		0.85233		0.81776		0.90674		0.85995		0.70887
994		14038.63		0.94599		0.95393		0.85233		0.82381		0.89637		0.85856		0.70741
995		14039.78		0.94607		0.95386		0.86528		0.85075		0.88601		0.86802		0.7312
996		14041.05		0.94607		0.9536		0.86269		0.85		0.88083		0.86514		0.72587
997		14042.25		0.9466		0.95368		0.84974		0.81991		0.89637		0.85644		0.70254
998		14044.29		0.9465		0.95353		0.84974		0.81395		0.90674		0.85784		0.70407
999		14045.6		0.94639		0.95367		0.85233		0.82381		0.89637		0.85856		0.70741
1000		14046.8		0.94623		0.9535		0.8601		0.83254		0.90155		0.86567		0.72269
AUC: [0.965079322685754, 0.9381176219219058, 0.9525666363976284, 0.9607392767480369, 0.9466641739223333, 0.9445943058597298, 0.9532739133936482, 0.9612607049853688, 0.9656098150285913, 0.9476227549732879]
Mean AUC: 0.9535528525916284 ( 0.008896391533206547 )
AUPR: [0.9621141204077636, 0.9462138278283589, 0.958083861017597, 0.9612382691954595, 0.9518213012573842, 0.9472928091338808, 0.9532475957471096, 0.9676932291645233, 0.9635179272697924, 0.9545994245869518]
Mean AUPR: 0.9565822365608823 ( 0.006764676313450577 )
Accuracy: [0.9043927648578811, 0.8501291989664083, 0.8837209302325582, 0.9250645994832042, 0.875968992248062, 0.8604651162790697, 0.8989637305699482, 0.9067357512953368, 0.8989637305699482, 0.8601036269430051]
Mean Accuracy: 0.8864508441445421 ( 0.023116172252993304 )
Precision: [0.8905472636815921, 0.8269230769230769, 0.882051282051282, 0.9226804123711341, 0.868020304568528, 0.8638743455497382, 0.9052631578947369, 0.9243243243243243, 0.8666666666666667, 0.8293838862559242]
Mean Precision: 0.8779734720287002 ( 0.03234092329009081 )
Recall: [0.9226804123711341, 0.8865979381443299, 0.8865979381443299, 0.927461139896373, 0.8860103626943006, 0.8549222797927462, 0.8911917098445595, 0.8860103626943006, 0.9430051813471503, 0.9067357512953368]
Mean Recall: 0.8991213076224561 ( 0.024527224745995176 )
F1: [0.9063291139240506, 0.8557213930348259, 0.884318766066838, 0.9250645994832042, 0.8769230769230769, 0.859375, 0.8981723237597912, 0.9047619047619048, 0.9032258064516129, 0.8663366336633663]
Mean F1: 0.8880228618068668 ( 0.021892575844934974 )
MCC: [0.8092962120941384, 0.7020409687645436, 0.7674474509294291, 0.8501415522675071, 0.7521102778510023, 0.720959429649726, 0.7980238751210129, 0.8141712443421353, 0.8010409893798611, 0.7233600975572142]
Mean MCC: 0.7738592097956569 ( 0.04587281410538929 )
